{
  "type": "FeatureCollection",
  "features": [
    {
      "type": "Feature",
      "properties": {
        "name": "Udaipur, Rajasthan, India",
        "admin_level": "5",
        "source": "OpenStreetMap/Nominatim"
      },
      "bbox": [
        73.0002021,
        23.8025405,
        74.3665076,
        25.1049079
      ],
      "geometry": {
        "type": "Polygon",
        "coordinates": [
          [
            [
              73.0002021,
              24.4682445
            ],
            [
              73.0028628,
              24.4666039
            ],
            [
              73.0068111,
              24.4663695
            ],
            [
              73.0122184,
              24.4667601
            ],
            [
              73.0211448,
              24.4659008
            ],
            [
              73.0252647,
              24.4661351
            ],
            [
              73.0290412,
              24.4661351
            ],
            [
              73.0332469,
              24.4655883
            ],
            [
              73.0355643,
              24.4649633
            ],
            [
              73.0379676,
              24.4669164
            ],
            [
              73.0401134,
              24.4684788
            ],
            [
              73.0450915,
              24.4694163
            ],
            [
              73.0480098,
              24.469885
            ],
            [
              73.047924,
              24.4755877
            ],
            [
              73.0520438,
              24.4769157
            ],
            [
              73.0562495,
              24.4789468
            ],
            [
              73.061571,
              24.4806653
            ],
            [
              73.0624293,
              24.4844929
            ],
            [
              73.0650901,
              24.4847272
            ],
            [
              73.0684375,
              24.4863675
            ],
            [
              73.0716991,
              24.4871486
            ],
            [
              73.0734157,
              24.4894138
            ],
            [
              73.0738878,
              24.4920304
            ],
            [
              73.0772781,
              24.4930849
            ],
            [
              73.0800246,
              24.4954281
            ],
            [
              73.084402,
              24.4983961
            ],
            [
              73.0883502,
              24.4980055
            ],
            [
              73.0920409,
              24.4958186
            ],
            [
              73.0943584,
              24.4903511
            ],
            [
              73.095045,
              24.4877735
            ],
            [
              73.0951308,
              24.4850396
            ],
            [
              73.0922126,
              24.477072
            ],
            [
              73.0927276,
              24.4741035
            ],
            [
              73.0949592,
              24.4731661
            ],
            [
              73.0972766,
              24.4726974
            ],
            [
              73.1027698,
              24.4715256
            ],
            [
              73.1034564,
              24.4659789
            ],
            [
              73.1036281,
              24.45676
            ],
            [
              73.1018256,
              24.4545723
            ],
            [
              73.1002807,
              24.4528534
            ],
            [
              73.0983924,
              24.449103
            ],
            [
              73.0987357,
              24.4452744
            ],
            [
              73.1003665,
              24.4413675
            ],
            [
              73.1020831,
              24.4358977
            ],
            [
              73.1034564,
              24.4326156
            ],
            [
              73.1020831,
              24.4288647
            ],
            [
              73.099079,
              24.4244102
            ],
            [
              73.0892085,
              24.4144067
            ],
            [
              73.0870627,
              24.4110459
            ],
            [
              73.084402,
              24.4076851
            ],
            [
              73.0821704,
              24.4038552
            ],
            [
              73.0807971,
              24.4011977
            ],
            [
              73.0782222,
              24.3978366
            ],
            [
              73.0795955,
              24.3949444
            ],
            [
              73.0825137,
              24.3925212
            ],
            [
              73.0846595,
              24.3903324
            ],
            [
              73.0874061,
              24.3874401
            ],
            [
              73.0913543,
              24.3864238
            ],
            [
              73.09453,
              24.3872056
            ],
            [
              73.0973624,
              24.3898634
            ],
            [
              73.0997657,
              24.3913487
            ],
            [
              73.1031989,
              24.3897071
            ],
            [
              73.1025123,
              24.3845477
            ],
            [
              73.1032847,
              24.3838441
            ],
            [
              73.1058597,
              24.3817334
            ],
            [
              73.1080054,
              24.3787627
            ],
            [
              73.1093787,
              24.3764173
            ],
            [
              73.1118678,
              24.3739155
            ],
            [
              73.1150436,
              24.3718828
            ],
            [
              73.1202792,
              24.3701628
            ],
            [
              73.1245708,
              24.3674264
            ],
            [
              73.1291198,
              24.3659409
            ],
            [
              73.1336688,
              24.3650808
            ],
            [
              73.139162,
              24.3623443
            ],
            [
              73.1480884,
              24.3567146
            ],
            [
              73.1531524,
              24.3553072
            ],
            [
              73.1557273,
              24.355229
            ],
            [
              73.1583022,
              24.3546034
            ],
            [
              73.1611346,
              24.3549944
            ],
            [
              73.1637954,
              24.3556199
            ],
            [
              73.1685161,
              24.3556199
            ],
            [
              73.1740092,
              24.3562455
            ],
            [
              73.1758975,
              24.3588258
            ],
            [
              73.1788158,
              24.361406
            ],
            [
              73.180189,
              24.363048
            ],
            [
              73.182249,
              24.3654717
            ],
            [
              73.1855964,
              24.3689119
            ],
            [
              73.1885146,
              24.3707101
            ],
            [
              73.1926345,
              24.3726647
            ],
            [
              73.1945228,
              24.3746192
            ],
            [
              73.1990718,
              24.3765737
            ],
            [
              73.20199,
              24.3762609
            ],
            [
              73.2067966,
              24.3741501
            ],
            [
              73.212633,
              24.3710228
            ],
            [
              73.2163238,
              24.3678173
            ],
            [
              73.2186412,
              24.3646117
            ],
            [
              73.2155513,
              24.3604677
            ],
            [
              73.2132339,
              24.3564019
            ],
            [
              73.2098006,
              24.3534305
            ],
            [
              73.2050799,
              24.3484261
            ],
            [
              73.2032775,
              24.3417792
            ],
            [
              73.1999301,
              24.3338806
            ],
            [
              73.1983852,
              24.3327467
            ],
            [
              73.1974411,
              24.3320037
            ],
            [
              73.1961536,
              24.3318864
            ],
            [
              73.1944799,
              24.3322774
            ],
            [
              73.1925487,
              24.3328249
            ],
            [
              73.1900167,
              24.3335287
            ],
            [
              73.1872272,
              24.3354056
            ],
            [
              73.1865835,
              24.3370479
            ],
            [
              73.1865406,
              24.3391985
            ],
            [
              73.1860685,
              24.3410753
            ],
            [
              73.1836652,
              24.3424829
            ],
            [
              73.1815624,
              24.342522
            ],
            [
              73.1796312,
              24.3415836
            ],
            [
              73.1785583,
              24.339785
            ],
            [
              73.1773138,
              24.3375171
            ],
            [
              73.1764984,
              24.3334896
            ],
            [
              73.1759405,
              24.3307133
            ],
            [
              73.1757259,
              24.3286017
            ],
            [
              73.1763267,
              24.3259816
            ],
            [
              73.1763696,
              24.3230878
            ],
            [
              73.1742239,
              24.3196073
            ],
            [
              73.1737518,
              24.3097128
            ],
            [
              73.1725931,
              24.3053324
            ],
            [
              73.1705761,
              24.3019688
            ],
            [
              73.1698465,
              24.3009519
            ],
            [
              73.1679582,
              24.2996611
            ],
            [
              73.1668853,
              24.2993873
            ],
            [
              73.1640529,
              24.3003652
            ],
            [
              73.161478,
              24.3019297
            ],
            [
              73.1582164,
              24.3031422
            ],
            [
              73.1532383,
              24.3057235
            ],
            [
              73.1478738,
              24.3088524
            ],
            [
              73.1453418,
              24.309752
            ],
            [
              73.1424665,
              24.3101039
            ],
            [
              73.1400203,
              24.3097128
            ],
            [
              73.1378746,
              24.3090089
            ],
            [
              73.1360721,
              24.3071315
            ],
            [
              73.1352567,
              24.3041591
            ],
            [
              73.1341409,
              24.2989962
            ],
            [
              73.1319522,
              24.2929726
            ],
            [
              73.1284332,
              24.2792815
            ],
            [
              73.1256437,
              24.275213
            ],
            [
              73.1243562,
              24.2734916
            ],
            [
              73.1233692,
              24.2711835
            ],
            [
              73.1226396,
              24.2709096
            ],
            [
              73.1200647,
              24.2718094
            ],
            [
              73.1192493,
              24.2705184
            ],
            [
              73.1180048,
              24.2687187
            ],
            [
              73.1165885,
              24.2680145
            ],
            [
              73.1135416,
              24.2669973
            ],
            [
              73.1095933,
              24.2653933
            ],
            [
              73.1068039,
              24.2639065
            ],
            [
              73.1051731,
              24.2612461
            ],
            [
              73.1045723,
              24.2599549
            ],
            [
              73.103199,
              24.2567857
            ],
            [
              73.1024265,
              24.2551424
            ],
            [
              73.1003236,
              24.2534599
            ],
            [
              73.0962467,
              24.2504079
            ],
            [
              73.0952167,
              24.2479428
            ],
            [
              73.0942726,
              24.2441472
            ],
            [
              73.0933284,
              24.2397646
            ],
            [
              73.0926847,
              24.2381993
            ],
            [
              73.0907535,
              24.2368296
            ],
            [
              73.0895519,
              24.2362035
            ],
            [
              73.088994,
              24.2345208
            ],
            [
              73.0898523,
              24.2331903
            ],
            [
              73.092556,
              24.2330729
            ],
            [
              73.0952596,
              24.2322902
            ],
            [
              73.0964613,
              24.2311162
            ],
            [
              73.0958605,
              24.2268504
            ],
            [
              73.0943799,
              24.2238956
            ],
            [
              73.0919337,
              24.2224084
            ],
            [
              73.0813121,
              24.2206277
            ],
            [
              73.0804109,
              24.2186317
            ],
            [
              73.0801534,
              24.2171835
            ],
            [
              73.079853,
              24.2148352
            ],
            [
              73.0794239,
              24.2093556
            ],
            [
              73.0786943,
              24.2052457
            ],
            [
              73.0759048,
              24.20094
            ],
            [
              73.0731153,
              24.197691
            ],
            [
              73.0698967,
              24.1954597
            ],
            [
              73.0683946,
              24.1942462
            ],
            [
              73.0693388,
              24.19178
            ],
            [
              73.0717849,
              24.1881002
            ],
            [
              73.0761623,
              24.1799572
            ],
            [
              73.0798101,
              24.1760422
            ],
            [
              73.0884361,
              24.169308
            ],
            [
              73.0963325,
              24.1625734
            ],
            [
              73.0994224,
              24.1589319
            ],
            [
              73.1011819,
              24.1547812
            ],
            [
              73.1038427,
              24.1502389
            ],
            [
              73.1037139,
              24.1445215
            ],
            [
              73.1050872,
              24.1429942
            ],
            [
              73.1059885,
              24.1425634
            ],
            [
              73.1073188,
              24.1424459
            ],
            [
              73.1106662,
              24.1421326
            ],
            [
              73.1126833,
              24.1402137
            ],
            [
              73.1153869,
              24.1365324
            ],
            [
              73.116846,
              24.1352008
            ],
            [
              73.1211805,
              24.131676
            ],
            [
              73.1226825,
              24.1297178
            ],
            [
              73.1234979,
              24.1265453
            ],
            [
              73.1249141,
              24.1249787
            ],
            [
              73.1279611,
              24.1228636
            ],
            [
              73.1304073,
              24.1223936
            ],
            [
              73.1362009,
              24.1223936
            ],
            [
              73.1378316,
              24.1223545
            ],
            [
              73.1405782,
              24.1208661
            ],
            [
              73.1449985,
              24.1190251
            ],
            [
              73.1494188,
              24.1159308
            ],
            [
              73.1520366,
              24.1135806
            ],
            [
              73.1555557,
              24.1109953
            ],
            [
              73.1566715,
              24.1084491
            ],
            [
              73.157401,
              24.1052762
            ],
            [
              73.1577444,
              24.0997135
            ],
            [
              73.1589782,
              24.0983815
            ],
            [
              73.1603837,
              24.0978526
            ],
            [
              73.1627655,
              24.0968537
            ],
            [
              73.1664991,
              24.0955609
            ],
            [
              73.1837689,
              24.0898448
            ],
            [
              73.1855106,
              24.0895668
            ],
            [
              73.1920337,
              24.0874708
            ],
            [
              73.1958532,
              24.0867656
            ],
            [
              73.1981492,
              24.0857078
            ],
            [
              73.2014751,
              24.0835725
            ],
            [
              73.2138347,
              24.0780089
            ],
            [
              73.2131684,
              24.0764016
            ],
            [
              73.2070541,
              24.0640596
            ],
            [
              73.2042217,
              24.0576722
            ],
            [
              73.2022905,
              24.0512844
            ],
            [
              73.1986427,
              24.0468559
            ],
            [
              73.1963253,
              24.0442301
            ],
            [
              73.1938791,
              24.0410556
            ],
            [
              73.1970119,
              24.0377634
            ],
            [
              73.1995868,
              24.03647
            ],
            [
              73.2021617,
              24.0355293
            ],
            [
              73.2048654,
              24.0350198
            ],
            [
              73.2081699,
              24.0342359
            ],
            [
              73.2097148,
              24.0330208
            ],
            [
              73.2106161,
              24.0312571
            ],
            [
              73.2110452,
              24.0295324
            ],
            [
              73.2136631,
              24.0284741
            ],
            [
              73.2173538,
              24.0268671
            ],
            [
              73.2223749,
              24.0247112
            ],
            [
              73.2282972,
              24.0224769
            ],
            [
              73.2297992,
              24.0201642
            ],
            [
              73.2297563,
              24.0167147
            ],
            [
              73.232975,
              24.013069
            ],
            [
              73.2346916,
              24.0126378
            ],
            [
              73.237009,
              24.011697
            ],
            [
              73.2378244,
              24.0095801
            ],
            [
              73.2376098,
              24.0076591
            ],
            [
              73.2383823,
              24.0050325
            ],
            [
              73.2404422,
              24.0036604
            ],
            [
              73.2418584,
              24.0026411
            ],
            [
              73.2441759,
              24.0021314
            ],
            [
              73.246622,
              24.0026411
            ],
            [
              73.2497549,
              24.0035036
            ],
            [
              73.2508277,
              24.0049541
            ],
            [
              73.2516002,
              24.0076983
            ],
            [
              73.2523298,
              24.0096193
            ],
            [
              73.254776,
              24.0106777
            ],
            [
              73.2585954,
              24.0118538
            ],
            [
              73.261299,
              24.0169107
            ],
            [
              73.2623821,
              24.0184728
            ],
            [
              73.2630585,
              24.019052
            ],
            [
              73.2664489,
              24.0208306
            ],
            [
              73.2709121,
              24.0214578
            ],
            [
              73.2742595,
              24.0206738
            ],
            [
              73.2751629,
              24.019315
            ],
            [
              73.2778644,
              24.0202035
            ],
            [
              73.2800101,
              24.0202035
            ],
            [
              73.2824857,
              24.0188586
            ],
            [
              73.2857608,
              24.0223986
            ],
            [
              73.2867043,
              24.0249874
            ],
            [
              73.2894315,
              24.026682
            ],
            [
              73.2906672,
              24.0332493
            ],
            [
              73.2932057,
              24.036338
            ],
            [
              73.2965215,
              24.0408923
            ],
            [
              73.2970352,
              24.0433801
            ],
            [
              73.2992551,
              24.0443913
            ],
            [
              73.3006953,
              24.0462289
            ],
            [
              73.3060144,
              24.0454091
            ],
            [
              73.3074741,
              24.045831
            ],
            [
              73.308386,
              24.0479314
            ],
            [
              73.3099708,
              24.0479814
            ],
            [
              73.3118533,
              24.0492074
            ],
            [
              73.3171395,
              24.0530515
            ],
            [
              73.3160394,
              24.0550159
            ],
            [
              73.3162424,
              24.0571783
            ],
            [
              73.3185722,
              24.0599433
            ],
            [
              73.3202647,
              24.0646474
            ],
            [
              73.3229098,
              24.0678456
            ],
            [
              73.324347,
              24.0706234
            ],
            [
              73.3240653,
              24.0740206
            ],
            [
              73.3258621,
              24.0768118
            ],
            [
              73.3255486,
              24.0813958
            ],
            [
              73.3242988,
              24.0832983
            ],
            [
              73.3239304,
              24.0840285
            ],
            [
              73.3242949,
              24.0858509
            ],
            [
              73.3235598,
              24.0871124
            ],
            [
              73.3232196,
              24.0880013
            ],
            [
              73.3233423,
              24.09097
            ],
            [
              73.323329,
              24.0921199
            ],
            [
              73.3227332,
              24.0947821
            ],
            [
              73.3220533,
              24.0968764
            ],
            [
              73.3228397,
              24.098029
            ],
            [
              73.3236956,
              24.0982873
            ],
            [
              73.3244407,
              24.1016511
            ],
            [
              73.3259465,
              24.1045612
            ],
            [
              73.3257579,
              24.1071173
            ],
            [
              73.3262266,
              24.1086856
            ],
            [
              73.3274745,
              24.1093893
            ],
            [
              73.3332252,
              24.1084492
            ],
            [
              73.3359289,
              24.1082782
            ],
            [
              73.3385208,
              24.1077342
            ],
            [
              73.3418998,
              24.10723
            ],
            [
              73.3437828,
              24.1070133
            ],
            [
              73.3446442,
              24.1067544
            ],
            [
              73.3457164,
              24.1068906
            ],
            [
              73.3468149,
              24.1068679
            ],
            [
              73.3482671,
              24.1069606
            ],
            [
              73.3502652,
              24.1063189
            ],
            [
              73.3526541,
              24.1058699
            ],
            [
              73.3551262,
              24.1054955
            ],
            [
              73.3586592,
              24.1053866
            ],
            [
              73.361721,
              24.1050411
            ],
            [
              73.3623004,
              24.1029453
            ],
            [
              73.3623647,
              24.1014371
            ],
            [
              73.3622575,
              24.0987733
            ],
            [
              73.3610987,
              24.096266
            ],
            [
              73.3613992,
              24.0914865
            ],
            [
              73.3611417,
              24.0874316
            ],
            [
              73.3611417,
              24.0849438
            ],
            [
              73.3610129,
              24.0826518
            ],
            [
              73.3620214,
              24.0804577
            ],
            [
              73.363266,
              24.0797132
            ],
            [
              73.3643818,
              24.0793018
            ],
            [
              73.3654332,
              24.0782048
            ],
            [
              73.3662271,
              24.0770489
            ],
            [
              73.3673644,
              24.0763828
            ],
            [
              73.3686733,
              24.0756188
            ],
            [
              73.3702612,
              24.0763045
            ],
            [
              73.3714199,
              24.0754425
            ],
            [
              73.3733082,
              24.0739927
            ],
            [
              73.3750033,
              24.0722883
            ],
            [
              73.378458,
              24.0699568
            ],
            [
              73.381226,
              24.0680564
            ],
            [
              73.3838224,
              24.0662735
            ],
            [
              73.3863759,
              24.0642555
            ],
            [
              73.3889293,
              24.0614929
            ],
            [
              73.3925342,
              24.0567904
            ],
            [
              73.3948087,
              24.0529304
            ],
            [
              73.3970833,
              24.0504222
            ],
            [
              73.3996796,
              24.0460525
            ],
            [
              73.4019971,
              24.0444849
            ],
            [
              73.4032631,
              24.0435639
            ],
            [
              73.4037137,
              24.0416042
            ],
            [
              73.4031343,
              24.0394486
            ],
            [
              73.4016752,
              24.0365483
            ],
            [
              73.401761,
              24.0331384
            ],
            [
              73.4021258,
              24.0299636
            ],
            [
              73.4029841,
              24.0274158
            ],
            [
              73.4048939,
              24.0241428
            ],
            [
              73.4060311,
              24.020125
            ],
            [
              73.4064817,
              24.0170282
            ],
            [
              73.4072542,
              24.0107561
            ],
            [
              73.4075761,
              24.0071495
            ],
            [
              73.406868,
              24.0039936
            ],
            [
              73.4057736,
              23.9994655
            ],
            [
              73.4047007,
              23.9968191
            ],
            [
              73.4034776,
              23.9934865
            ],
            [
              73.4024906,
              23.9921731
            ],
            [
              73.4005379,
              23.9911145
            ],
            [
              73.397963,
              23.9898206
            ],
            [
              73.3993792,
              23.9898206
            ],
            [
              73.4022331,
              23.9902911
            ],
            [
              73.404336,
              23.9906048
            ],
            [
              73.4066963,
              23.9904087
            ],
            [
              73.4081125,
              23.9892913
            ],
            [
              73.4119105,
              23.9878602
            ],
            [
              73.4140992,
              23.9864683
            ],
            [
              73.4151721,
              23.98539
            ],
            [
              73.4152794,
              23.9835471
            ],
            [
              73.4147215,
              23.980626
            ],
            [
              73.4149146,
              23.9775871
            ],
            [
              73.4153437,
              23.9741952
            ],
            [
              73.4156871,
              23.9710189
            ],
            [
              73.4151506,
              23.9677053
            ],
            [
              73.4147644,
              23.9654896
            ],
            [
              73.4142923,
              23.9609601
            ],
            [
              73.4139919,
              23.9572149
            ],
            [
              73.413949,
              23.9547049
            ],
            [
              73.4130478,
              23.9501358
            ],
            [
              73.4129834,
              23.9466451
            ],
            [
              73.4132409,
              23.9455077
            ],
            [
              73.414936,
              23.9436054
            ],
            [
              73.4139061,
              23.940801
            ],
            [
              73.4130263,
              23.939036
            ],
            [
              73.4150219,
              23.9384084
            ],
            [
              73.4165668,
              23.9374474
            ],
            [
              73.4170174,
              23.9358196
            ],
            [
              73.4178114,
              23.9341133
            ],
            [
              73.4204078,
              23.9322501
            ],
            [
              73.4214377,
              23.9303476
            ],
            [
              73.4209013,
              23.9275625
            ],
            [
              73.4204078,
              23.9252873
            ],
            [
              73.4188843,
              23.923934
            ],
            [
              73.415966,
              23.922306
            ],
            [
              73.4144854,
              23.9215803
            ],
            [
              73.4127903,
              23.921443
            ],
            [
              73.411138,
              23.9213841
            ],
            [
              73.4091854,
              23.9212664
            ],
            [
              73.4079838,
              23.9197561
            ],
            [
              73.4076404,
              23.9189127
            ],
            [
              73.4072971,
              23.9177161
            ],
            [
              73.4063315,
              23.9163627
            ],
            [
              73.4053874,
              23.9160685
            ],
            [
              73.4019971,
              23.9163627
            ],
            [
              73.3996582,
              23.9169708
            ],
            [
              73.3975124,
              23.9181084
            ],
            [
              73.3951306,
              23.9185988
            ],
            [
              73.3938217,
              23.9185988
            ],
            [
              73.3910537,
              23.9179908
            ],
            [
              73.3890795,
              23.9170296
            ],
            [
              73.3871698,
              23.9151858
            ],
            [
              73.3851957,
              23.9118119
            ],
            [
              73.3834791,
              23.9085948
            ],
            [
              73.3786329,
              23.9045219
            ],
            [
              73.3781791,
              23.9018858
            ],
            [
              73.3779216,
              23.8969617
            ],
            [
              73.375647,
              23.895765
            ],
            [
              73.3732867,
              23.8921748
            ],
            [
              73.3703899,
              23.8906445
            ],
            [
              73.3691025,
              23.88572
            ],
            [
              73.3691025,
              23.8807364
            ],
            [
              73.3680081,
              23.8786566
            ],
            [
              73.367064,
              23.8780876
            ],
            [
              73.3658623,
              23.8771458
            ],
            [
              73.365047,
              23.8751837
            ],
            [
              73.3618068,
              23.8729272
            ],
            [
              73.3608198,
              23.8719853
            ],
            [
              73.3593392,
              23.8689046
            ],
            [
              73.3586311,
              23.8630962
            ],
            [
              73.3583092,
              23.862017
            ],
            [
              73.356936,
              23.8600153
            ],
            [
              73.3559704,
              23.8573072
            ],
            [
              73.3560991,
              23.8547757
            ],
            [
              73.3549404,
              23.8541281
            ],
            [
              73.3542108,
              23.8534608
            ],
            [
              73.3541465,
              23.8524992
            ],
            [
              73.3548331,
              23.8503797
            ],
            [
              73.3554983,
              23.8492807
            ],
            [
              73.3570218,
              23.8473181
            ],
            [
              73.3599615,
              23.8451985
            ],
            [
              73.3615708,
              23.8436873
            ],
            [
              73.3642316,
              23.841862
            ],
            [
              73.3663773,
              23.8405863
            ],
            [
              73.3675575,
              23.8392713
            ],
            [
              73.3675146,
              23.8376226
            ],
            [
              73.3676648,
              23.8351888
            ],
            [
              73.3684587,
              23.8323821
            ],
            [
              73.367536,
              23.8306155
            ],
            [
              73.3668065,
              23.8298304
            ],
            [
              73.3660769,
              23.8288686
            ],
            [
              73.3654332,
              23.827102
            ],
            [
              73.3648538,
              23.8254532
            ],
            [
              73.3648538,
              23.8236866
            ],
            [
              73.3657551,
              23.8223518
            ],
            [
              73.3671498,
              23.821331
            ],
            [
              73.3672571,
              23.8197018
            ],
            [
              73.368337,
              23.8141549
            ],
            [
              73.3733725,
              23.8138715
            ],
            [
              73.3743927,
              23.8136024
            ],
            [
              73.3762151,
              23.8114155
            ],
            [
              73.3791673,
              23.8068595
            ],
            [
              73.3814818,
              23.8120716
            ],
            [
              73.3899377,
              23.8089189
            ],
            [
              73.3919788,
              23.8089918
            ],
            [
              73.3939835,
              23.8086455
            ],
            [
              73.3959699,
              23.8074063
            ],
            [
              73.3973731,
              23.8064039
            ],
            [
              73.4003436,
              23.8057479
            ],
            [
              73.4008904,
              23.8050189
            ],
            [
              73.4014371,
              23.8032147
            ],
            [
              73.4019656,
              23.8025405
            ],
            [
              73.4031866,
              23.8035975
            ],
            [
              73.4051548,
              23.8056568
            ],
            [
              73.4067038,
              23.807224
            ],
            [
              73.4092916,
              23.807625
            ],
            [
              73.411843,
              23.8080624
            ],
            [
              73.4134467,
              23.8112333
            ],
            [
              73.4139205,
              23.8136389
            ],
            [
              73.4141028,
              23.8154248
            ],
            [
              73.4141756,
              23.8169557
            ],
            [
              73.4143579,
              23.8180491
            ],
            [
              73.413556,
              23.8189603
            ],
            [
              73.4140663,
              23.819908
            ],
            [
              73.4147953,
              23.8208556
            ],
            [
              73.4146495,
              23.8214752
            ],
            [
              73.414613,
              23.8227873
            ],
            [
              73.41567,
              23.8241359
            ],
            [
              73.4151962,
              23.8255938
            ],
            [
              73.4151233,
              23.8265779
            ],
            [
              73.4222671,
              23.8278901
            ],
            [
              73.4227774,
              23.8299312
            ],
            [
              73.4235792,
              23.8307695
            ],
            [
              73.4256203,
              23.8312797
            ],
            [
              73.4268596,
              23.8324461
            ],
            [
              73.4281352,
              23.8344143
            ],
            [
              73.4297025,
              23.8364554
            ],
            [
              73.4309782,
              23.8373666
            ],
            [
              73.4349146,
              23.8382778
            ],
            [
              73.4375388,
              23.8373301
            ],
            [
              73.440892,
              23.8369656
            ],
            [
              73.4434799,
              23.8369656
            ],
            [
              73.4459219,
              23.8367105
            ],
            [
              73.4504414,
              23.8373301
            ],
            [
              73.4628337,
              23.8397721
            ],
            [
              73.4646926,
              23.8417403
            ],
            [
              73.4661141,
              23.8432347
            ],
            [
              73.4687383,
              23.8449477
            ],
            [
              73.4694308,
              23.8468795
            ],
            [
              73.4694308,
              23.8492486
            ],
            [
              73.4693944,
              23.8524196
            ],
            [
              73.4696495,
              23.859126
            ],
            [
              73.4688477,
              23.86124
            ],
            [
              73.4703785,
              23.8667072
            ],
            [
              73.4714719,
              23.8695137
            ],
            [
              73.4738046,
              23.8699511
            ],
            [
              73.4746429,
              23.8691857
            ],
            [
              73.4768662,
              23.8694773
            ],
            [
              73.4803288,
              23.8693679
            ],
            [
              73.4817867,
              23.8694044
            ],
            [
              73.4828073,
              23.8728669
            ],
            [
              73.4834269,
              23.8754183
            ],
            [
              73.4851035,
              23.8788808
            ],
            [
              73.4864156,
              23.8818696
            ],
            [
              73.4867801,
              23.8832911
            ],
            [
              73.4867436,
              23.8847125
            ],
            [
              73.4879829,
              23.8856966
            ],
            [
              73.4891857,
              23.8875919
            ],
            [
              73.4913725,
              23.891747
            ],
            [
              73.4918464,
              23.8932414
            ],
            [
              73.4920651,
              23.8949544
            ],
            [
              73.4934137,
              23.8965946
            ],
            [
              73.4941973,
              23.8974693
            ],
            [
              73.4960197,
              23.8981254
            ],
            [
              73.4963113,
              23.9000571
            ],
            [
              73.4968033,
              23.9009865
            ],
            [
              73.4975323,
              23.9018431
            ],
            [
              73.4979332,
              23.9027361
            ],
            [
              73.4979332,
              23.9037201
            ],
            [
              73.4985528,
              23.9043398
            ],
            [
              73.4993182,
              23.9050687
            ],
            [
              73.4990266,
              23.9065813
            ],
            [
              73.4978056,
              23.9079846
            ],
            [
              73.4980425,
              23.908914
            ],
            [
              73.4991542,
              23.9097341
            ],
            [
              73.5010242,
              23.9115765
            ],
            [
              73.5020327,
              23.9134988
            ],
            [
              73.502934,
              23.915735
            ],
            [
              73.5049724,
              23.9166569
            ],
            [
              73.5073757,
              23.9181869
            ],
            [
              73.5101867,
              23.922561
            ],
            [
              73.5129118,
              23.9265819
            ],
            [
              73.5135984,
              23.9277391
            ],
            [
              73.5144567,
              23.9291708
            ],
            [
              73.5154223,
              23.9303672
            ],
            [
              73.5176539,
              23.9300142
            ],
            [
              73.5191774,
              23.9296416
            ],
            [
              73.5213017,
              23.9294062
            ],
            [
              73.5244345,
              23.9296219
            ],
            [
              73.5280823,
              23.9308772
            ],
            [
              73.5295844,
              23.9313871
            ],
            [
              73.5338115,
              23.9323089
            ],
            [
              73.5402274,
              23.9337995
            ],
            [
              73.5441112,
              23.9349763
            ],
            [
              73.5455704,
              23.9357411
            ],
            [
              73.5472441,
              23.9374866
            ],
            [
              73.549819,
              23.9413305
            ],
            [
              73.5522382,
              23.9438651
            ],
            [
              73.5726499,
              23.9622151
            ],
            [
              73.575866,
              23.958958
            ],
            [
              73.5884428,
              23.9639014
            ],
            [
              73.5926914,
              23.9646857
            ],
            [
              73.6023044,
              23.9636661
            ],
            [
              73.6119175,
              23.9626465
            ],
            [
              73.6130474,
              23.959904
            ],
            [
              73.6320877,
              23.9506065
            ],
            [
              73.63698,
              23.9463314
            ],
            [
              73.6501339,
              23.9429303
            ],
            [
              73.6506486,
              23.9454685
            ],
            [
              73.6512756,
              23.9472784
            ],
            [
              73.661828,
              23.9500377
            ],
            [
              73.6659479,
              23.9481748
            ],
            [
              73.6674285,
              23.946096
            ],
            [
              73.6694026,
              23.9405657
            ],
            [
              73.6711406,
              23.9396832
            ],
            [
              73.6739732,
              23.9403439
            ],
            [
              73.6809254,
              23.9468805
            ],
            [
              73.6846161,
              23.9518027
            ],
            [
              73.6888325,
              23.9551657
            ],
            [
              73.6925125,
              23.9575678
            ],
            [
              73.697739,
              23.9563654
            ],
            [
              73.7038421,
              23.9541166
            ],
            [
              73.7046146,
              23.9504496
            ],
            [
              73.7078118,
              23.9493906
            ],
            [
              73.7108159,
              23.9496063
            ],
            [
              73.7157726,
              23.9473315
            ],
            [
              73.7223601,
              23.9473511
            ],
            [
              73.7292909,
              23.9458803
            ],
            [
              73.7317677,
              23.9416023
            ],
            [
              73.7361789,
              23.9389575
            ],
            [
              73.7402344,
              23.9406441
            ],
            [
              73.7455344,
              23.9455273
            ],
            [
              73.7499761,
              23.9478022
            ],
            [
              73.7532806,
              23.9486454
            ],
            [
              73.7554002,
              23.9468666
            ],
            [
              73.7578511,
              23.9436054
            ],
            [
              73.7634301,
              23.9391144
            ],
            [
              73.7705111,
              23.9356431
            ],
            [
              73.7747886,
              23.9358236
            ],
            [
              73.779695,
              23.9390164
            ],
            [
              73.7830639,
              23.9434878
            ],
            [
              73.7854761,
              23.9483721
            ],
            [
              73.7886214,
              23.947959
            ],
            [
              73.7935138,
              23.9454685
            ],
            [
              73.799994,
              23.9450763
            ],
            [
              73.8062501,
              23.9450925
            ],
            [
              73.8084268,
              23.9425268
            ],
            [
              73.8109585,
              23.9387515
            ],
            [
              73.8150573,
              23.9386437
            ],
            [
              73.8190269,
              23.9405265
            ],
            [
              73.8228678,
              23.9408402
            ],
            [
              73.8274169,
              23.9391144
            ],
            [
              73.8305282,
              23.9359569
            ],
            [
              73.8373089,
              23.9342702
            ],
            [
              73.8379954,
              23.9397421
            ],
            [
              73.8399695,
              23.9544108
            ],
            [
              73.8394546,
              23.9606072
            ],
            [
              73.8388538,
              23.9666465
            ],
            [
              73.8350772,
              23.9682151
            ],
            [
              73.8287257,
              23.9633524
            ],
            [
              73.8258075,
              23.9612347
            ],
            [
              73.8183402,
              23.9619406
            ],
            [
              73.8155936,
              23.9653916
            ],
            [
              73.8125896,
              23.9696269
            ],
            [
              73.7993716,
              23.9690779
            ],
            [
              73.7903594,
              23.9708033
            ],
            [
              73.785982,
              23.9758226
            ],
            [
              73.7855529,
              23.9840569
            ],
            [
              73.7867545,
              23.9907225
            ],
            [
              73.7928485,
              23.9955842
            ],
            [
              73.7985133,
              23.9989559
            ],
            [
              73.8017749,
              24.0033468
            ],
            [
              73.804264,
              24.0208306
            ],
            [
              73.8034057,
              24.0290621
            ],
            [
              73.8028049,
              24.0340791
            ],
            [
              73.7985133,
              24.0385473
            ],
            [
              73.7911319,
              24.0423882
            ],
            [
              73.7853812,
              24.0478749
            ],
            [
              73.7825488,
              24.0516372
            ],
            [
              73.7822913,
              24.0585343
            ],
            [
              73.7830638,
              24.062453
            ],
            [
              73.7798881,
              24.0648041
            ],
            [
              73.7744808,
              24.0660188
            ],
            [
              73.7727427,
              24.0708973
            ],
            [
              73.7718583,
              24.0721282
            ],
            [
              73.7704368,
              24.0749347
            ],
            [
              73.7706373,
              24.075609
            ],
            [
              73.7695438,
              24.0774861
            ],
            [
              73.7705826,
              24.0781239
            ],
            [
              73.7685415,
              24.0817505
            ],
            [
              73.7666826,
              24.0839556
            ],
            [
              73.7630561,
              24.0876186
            ],
            [
              73.7621084,
              24.091227
            ],
            [
              73.7601402,
              24.0956007
            ],
            [
              73.7555296,
              24.1005759
            ],
            [
              73.7516114,
              24.0993002
            ],
            [
              73.7505362,
              24.1066809
            ],
            [
              73.7495521,
              24.1115103
            ],
            [
              73.7554931,
              24.1156836
            ],
            [
              73.7543268,
              24.1193831
            ],
            [
              73.7553109,
              24.1200391
            ],
            [
              73.7549099,
              24.1214059
            ],
            [
              73.7544726,
              24.1219162
            ],
            [
              73.7511558,
              24.1239391
            ],
            [
              73.7482764,
              24.1270007
            ],
            [
              73.7451601,
              24.1241577
            ],
            [
              73.7430461,
              24.1253423
            ],
            [
              73.7416429,
              24.1278937
            ],
            [
              73.7386906,
              24.1294427
            ],
            [
              73.7337701,
              24.1347094
            ],
            [
              73.7318019,
              24.1395024
            ],
            [
              73.7278108,
              24.1395024
            ],
            [
              73.7258791,
              24.1433658
            ],
            [
              73.7244394,
              24.1459172
            ],
            [
              73.7232184,
              24.1465915
            ],
            [
              73.7190815,
              24.1454798
            ],
            [
              73.7169493,
              24.14517
            ],
            [
              73.7152363,
              24.1459172
            ],
            [
              73.7131587,
              24.1473205
            ],
            [
              73.7090037,
              24.1473022
            ],
            [
              73.7058509,
              24.1499994
            ],
            [
              73.7053589,
              24.1511111
            ],
            [
              73.7041743,
              24.1510017
            ],
            [
              73.7041925,
              24.152168
            ],
            [
              73.7005659,
              24.1609156
            ],
            [
              73.6972127,
              24.1610614
            ],
            [
              73.6966296,
              24.1643052
            ],
            [
              73.6931488,
              24.1670024
            ],
            [
              73.6909163,
              24.1693988
            ],
            [
              73.6886383,
              24.1718226
            ],
            [
              73.6864029,
              24.1743751
            ],
            [
              73.6811828,
              24.1736735
            ],
            [
              73.6768269,
              24.1728317
            ],
            [
              73.6718702,
              24.1721661
            ],
            [
              73.6639232,
              24.1723087
            ],
            [
              73.6626782,
              24.175021
            ],
            [
              73.661439,
              24.1784835
            ],
            [
              73.6597897,
              24.1820736
            ],
            [
              73.6611839,
              24.1843335
            ],
            [
              73.6630427,
              24.1882151
            ],
            [
              73.6630062,
              24.1922244
            ],
            [
              73.6639174,
              24.1947393
            ],
            [
              73.6645553,
              24.1976552
            ],
            [
              73.6666146,
              24.2025757
            ],
            [
              73.6685828,
              24.2039242
            ],
            [
              73.6720089,
              24.2061111
            ],
            [
              73.6717173,
              24.2068765
            ],
            [
              73.6724098,
              24.2096466
            ],
            [
              73.6738313,
              24.2183941
            ],
            [
              73.6753621,
              24.218467
            ],
            [
              73.6762733,
              24.2190137
            ],
            [
              73.6779864,
              24.2194875
            ],
            [
              73.6790434,
              24.2196333
            ],
            [
              73.6811574,
              24.2193053
            ],
            [
              73.6833442,
              24.218795
            ],
            [
              73.6859321,
              24.2187586
            ],
            [
              73.6872806,
              24.2189773
            ],
            [
              73.6894311,
              24.2200343
            ],
            [
              73.6914721,
              24.2206903
            ],
            [
              73.6946431,
              24.2208726
            ],
            [
              73.6972309,
              24.2211277
            ],
            [
              73.6997823,
              24.2219296
            ],
            [
              73.6994178,
              24.2253192
            ],
            [
              73.6989804,
              24.2316612
            ],
            [
              73.6986524,
              24.2431059
            ],
            [
              73.6996001,
              24.2480263
            ],
            [
              73.7007664,
              24.2501039
            ],
            [
              73.7027346,
              24.2517076
            ],
            [
              73.7068897,
              24.2498123
            ],
            [
              73.7197194,
              24.2501039
            ],
            [
              73.7246763,
              24.2498487
            ],
            [
              73.7316379,
              24.2488282
            ],
            [
              73.7342621,
              24.2485002
            ],
            [
              73.7386359,
              24.2502132
            ],
            [
              73.7373966,
              24.251744
            ],
            [
              73.7353556,
              24.2507599
            ],
            [
              73.7351369,
              24.2513067
            ],
            [
              73.7339705,
              24.2528739
            ],
            [
              73.7356836,
              24.2571383
            ],
            [
              73.7344079,
              24.2571383
            ],
            [
              73.7316743,
              24.2571383
            ],
            [
              73.7295968,
              24.2575028
            ],
            [
              73.7280295,
              24.2571383
            ],
            [
              73.7296332,
              24.2593617
            ],
            [
              73.7294874,
              24.2641364
            ],
            [
              73.7273734,
              24.2649382
            ],
            [
              73.7263893,
              24.2657401
            ],
            [
              73.7239109,
              24.267198
            ],
            [
              73.7252959,
              24.2681092
            ],
            [
              73.723838,
              24.2718633
            ],
            [
              73.7248221,
              24.2740502
            ],
            [
              73.7248221,
              24.2775857
            ],
            [
              73.7279566,
              24.280538
            ],
            [
              73.7273005,
              24.2847295
            ],
            [
              73.7283575,
              24.2876089
            ],
            [
              73.728722,
              24.2908528
            ],
            [
              73.7281389,
              24.2961013
            ],
            [
              73.7317837,
              24.3002563
            ],
            [
              73.727337,
              24.3074002
            ],
            [
              73.7267903,
              24.3157832
            ],
            [
              73.7265716,
              24.3189177
            ],
            [
              73.7230726,
              24.3255148
            ],
            [
              73.7246763,
              24.3278839
            ],
            [
              73.725952,
              24.334481
            ],
            [
              73.7278473,
              24.3412604
            ],
            [
              73.7309453,
              24.3435566
            ],
            [
              73.7291229,
              24.344322
            ],
            [
              73.7267174,
              24.3445407
            ],
            [
              73.7230361,
              24.346436
            ],
            [
              73.7022608,
              24.3372511
            ],
            [
              73.7028075,
              24.3416613
            ],
            [
              73.7060878,
              24.347493
            ],
            [
              73.7082747,
              24.3484406
            ],
            [
              73.7113363,
              24.3509555
            ],
            [
              73.7177876,
              24.3578807
            ],
            [
              73.717168,
              24.3667375
            ],
            [
              73.7053224,
              24.3685964
            ],
            [
              73.6994543,
              24.365389
            ],
            [
              73.6904881,
              24.373772
            ],
            [
              73.689103,
              24.3761047
            ],
            [
              73.6868433,
              24.3758495
            ],
            [
              73.6871713,
              24.3767607
            ],
            [
              73.6878638,
              24.378
            ],
            [
              73.6870984,
              24.3785467
            ],
            [
              73.6857134,
              24.3782916
            ],
            [
              73.6845835,
              24.3782916
            ],
            [
              73.6840003,
              24.3785831
            ],
            [
              73.6834536,
              24.3792028
            ],
            [
              73.6835629,
              24.3800775
            ],
            [
              73.6848386,
              24.3805878
            ],
            [
              73.6857134,
              24.3810252
            ],
            [
              73.6882647,
              24.3851802
            ],
            [
              73.6870619,
              24.3867475
            ],
            [
              73.6885928,
              24.3921782
            ],
            [
              73.6933674,
              24.3937091
            ],
            [
              73.6935497,
              24.3950576
            ],
            [
              73.6938777,
              24.3964791
            ],
            [
              73.6944609,
              24.3998688
            ],
            [
              73.6955179,
              24.4013631
            ],
            [
              73.697559,
              24.4051173
            ],
            [
              73.6982515,
              24.4067939
            ],
            [
              73.697887,
              24.4078144
            ],
            [
              73.6969394,
              24.4100378
            ],
            [
              73.6963197,
              24.4122611
            ],
            [
              73.6959188,
              24.4184573
            ],
            [
              73.6946431,
              24.4238151
            ],
            [
              73.691946,
              24.4319066
            ],
            [
              73.6915815,
              24.4343122
            ],
            [
              73.6913993,
              24.4353327
            ],
            [
              73.6904881,
              24.4382485
            ],
            [
              73.6896862,
              24.4409821
            ],
            [
              73.6896497,
              24.4430232
            ],
            [
              73.6942422,
              24.4390868
            ],
            [
              73.6956272,
              24.4370458
            ],
            [
              73.6984337,
              24.4383214
            ],
            [
              73.7010215,
              24.4356972
            ],
            [
              73.7051037,
              24.4313963
            ],
            [
              73.7112999,
              24.4272412
            ],
            [
              73.7117737,
              24.4285898
            ],
            [
              73.71294,
              24.432344
            ],
            [
              73.7131587,
              24.436499
            ],
            [
              73.7156007,
              24.4387953
            ],
            [
              73.7142886,
              24.4416746
            ],
            [
              73.712284,
              24.4465587
            ],
            [
              73.7130858,
              24.4519165
            ],
            [
              73.7135232,
              24.4569464
            ],
            [
              73.7125755,
              24.4621949
            ],
            [
              73.7108625,
              24.468391
            ],
            [
              73.7192455,
              24.4653659
            ],
            [
              73.7264987,
              24.4629238
            ],
            [
              73.7357565,
              24.4597893
            ],
            [
              73.7399845,
              24.4583678
            ],
            [
              73.7480759,
              24.458623
            ],
            [
              73.7493516,
              24.4581856
            ],
            [
              73.7497161,
              24.4570922
            ],
            [
              73.7501535,
              24.4541034
            ],
            [
              73.7516114,
              24.4513334
            ],
            [
              73.754017,
              24.4470872
            ],
            [
              73.7552744,
              24.4452101
            ],
            [
              73.7563132,
              24.4439891
            ],
            [
              73.7583907,
              24.4414013
            ],
            [
              73.7590468,
              24.4391962
            ],
            [
              73.761015,
              24.4364808
            ],
            [
              73.7656257,
              24.430558
            ],
            [
              73.7668467,
              24.4291912
            ],
            [
              73.767685,
              24.4274052
            ],
            [
              73.7687602,
              24.4250726
            ],
            [
              73.7790567,
              24.4223754
            ],
            [
              73.7819361,
              24.4196418
            ],
            [
              73.7874398,
              24.4144662
            ],
            [
              73.790957,
              24.4137372
            ],
            [
              73.7918864,
              24.4127896
            ],
            [
              73.7942009,
              24.410712
            ],
            [
              73.7956588,
              24.4096915
            ],
            [
              73.7961873,
              24.4082882
            ],
            [
              73.797299,
              24.4069943
            ],
            [
              73.8001055,
              24.4040238
            ],
            [
              73.8028755,
              24.4000874
            ],
            [
              73.8142109,
              24.4020192
            ],
            [
              73.8194229,
              24.4029486
            ],
            [
              73.8210995,
              24.4006159
            ],
            [
              73.8236873,
              24.3977001
            ],
            [
              73.8248719,
              24.3966978
            ],
            [
              73.8258742,
              24.3958413
            ],
            [
              73.8271135,
              24.3937819
            ],
            [
              73.8339292,
              24.38549
            ],
            [
              73.8363713,
              24.3814443
            ],
            [
              73.8388133,
              24.3781093
            ],
            [
              73.839874,
              24.3763976
            ],
            [
              73.8398304,
              24.3757572
            ],
            [
              73.840745,
              24.3747379
            ],
            [
              73.8428954,
              24.3719496
            ],
            [
              73.8433693,
              24.3712753
            ],
            [
              73.8444445,
              24.3712571
            ],
            [
              73.8453557,
              24.3709837
            ],
            [
              73.8455197,
              24.3705281
            ],
            [
              73.8457748,
              24.3697445
            ],
            [
              73.8461211,
              24.3692342
            ],
            [
              73.8476701,
              24.3691066
            ],
            [
              73.8481622,
              24.3695622
            ],
            [
              73.8481565,
              24.3701411
            ],
            [
              73.8492738,
              24.3708197
            ],
            [
              73.8506406,
              24.3700543
            ],
            [
              73.8520439,
              24.3694711
            ],
            [
              73.8513878,
              24.3682866
            ],
            [
              73.8515701,
              24.3670109
            ],
            [
              73.8528458,
              24.3660814
            ],
            [
              73.8528822,
              24.3628558
            ],
            [
              73.8529733,
              24.3621997
            ],
            [
              73.8539756,
              24.3606689
            ],
            [
              73.8551784,
              24.3601404
            ],
            [
              73.8565817,
              24.3602133
            ],
            [
              73.8590784,
              24.3572428
            ],
            [
              73.8550509,
              24.3543816
            ],
            [
              73.8567639,
              24.3515569
            ],
            [
              73.8584041,
              24.3491878
            ],
            [
              73.8597344,
              24.3494065
            ],
            [
              73.8606456,
              24.3495523
            ],
            [
              73.8620853,
              24.3494247
            ],
            [
              73.8648007,
              24.3489509
            ],
            [
              73.8664773,
              24.3476205
            ],
            [
              73.8686277,
              24.3434837
            ],
            [
              73.8701039,
              24.3428823
            ],
            [
              73.8710698,
              24.3424631
            ],
            [
              73.8722179,
              24.3423173
            ],
            [
              73.8736576,
              24.3421715
            ],
            [
              73.8764641,
              24.3419893
            ],
            [
              73.8766463,
              24.3407136
            ],
            [
              73.8773388,
              24.3398935
            ],
            [
              73.8772295,
              24.3454154
            ],
            [
              73.8781407,
              24.3467822
            ],
            [
              73.8791248,
              24.3473472
            ],
            [
              73.8804369,
              24.3485864
            ],
            [
              73.882314,
              24.3514476
            ],
            [
              73.8830247,
              24.3525775
            ],
            [
              73.8842418,
              24.3525515
            ],
            [
              73.8848653,
              24.3516116
            ],
            [
              73.8854303,
              24.351484
            ],
            [
              73.8865966,
              24.3512289
            ],
            [
              73.8886742,
              24.350992
            ],
            [
              73.8910615,
              24.3507551
            ],
            [
              73.8926105,
              24.3517209
            ],
            [
              73.8942507,
              24.3511013
            ],
            [
              73.8964011,
              24.3519761
            ],
            [
              73.8990618,
              24.3533064
            ],
            [
              73.9016861,
              24.355147
            ],
            [
              73.9039459,
              24.3564409
            ],
            [
              73.9057754,
              24.3569704
            ],
            [
              73.9074333,
              24.3579238
            ],
            [
              73.9102514,
              24.3598488
            ],
            [
              73.9135317,
              24.3595573
            ],
            [
              73.9170307,
              24.3589741
            ],
            [
              73.9196367,
              24.3582816
            ],
            [
              73.9221881,
              24.3582451
            ],
            [
              73.9230629,
              24.3575891
            ],
            [
              73.9280562,
              24.3543816
            ],
            [
              73.931209,
              24.3532517
            ],
            [
              73.9336875,
              24.351648
            ],
            [
              73.9369678,
              24.3459621
            ],
            [
              73.9409042,
              24.3420075
            ],
            [
              73.9437289,
              24.3394926
            ],
            [
              73.9463714,
              24.3362487
            ],
            [
              73.9461162,
              24.3353558
            ],
            [
              73.944877,
              24.333825
            ],
            [
              73.9455877,
              24.3328773
            ],
            [
              73.9473919,
              24.3327497
            ],
            [
              73.9488105,
              24.3322487
            ],
            [
              73.9511461,
              24.3316381
            ],
            [
              73.9528227,
              24.3336792
            ],
            [
              73.9555016,
              24.3379436
            ],
            [
              73.9570689,
              24.3406954
            ],
            [
              73.9585632,
              24.3434837
            ],
            [
              73.9601669,
              24.3452879
            ],
            [
              73.9610052,
              24.3464542
            ],
            [
              73.9607319,
              24.3482766
            ],
            [
              73.9609141,
              24.3511924
            ],
            [
              73.9622445,
              24.3567143
            ],
            [
              73.962773,
              24.3572064
            ],
            [
              73.9631739,
              24.3576255
            ],
            [
              73.9634108,
              24.3586461
            ],
            [
              73.9636295,
              24.3593203
            ],
            [
              73.964158,
              24.3599582
            ],
            [
              73.9647776,
              24.3611792
            ],
            [
              73.9647958,
              24.363038
            ],
            [
              73.9672743,
              24.3616166
            ],
            [
              73.9693518,
              24.3610516
            ],
            [
              73.9698439,
              24.3594479
            ],
            [
              73.9715387,
              24.3580082
            ],
            [
              73.9739443,
              24.3566232
            ],
            [
              73.97604,
              24.3559125
            ],
            [
              73.9762223,
              24.3550013
            ],
            [
              73.9782087,
              24.3541812
            ],
            [
              73.9800311,
              24.3549101
            ],
            [
              73.9813615,
              24.3547279
            ],
            [
              73.9820175,
              24.353598
            ],
            [
              73.9836212,
              24.3533611
            ],
            [
              73.984332,
              24.3541629
            ],
            [
              73.9850792,
              24.355147
            ],
            [
              73.985881,
              24.3554751
            ],
            [
              73.987102,
              24.3558942
            ],
            [
              73.9886328,
              24.3561129
            ],
            [
              73.9904006,
              24.3560582
            ],
            [
              73.9910202,
              24.3578077
            ],
            [
              73.9921865,
              24.3572064
            ],
            [
              73.9924417,
              24.3581722
            ],
            [
              73.9938085,
              24.358482
            ],
            [
              73.9973986,
              24.3582087
            ],
            [
              73.9986743,
              24.3580264
            ],
            [
              73.9998953,
              24.3575344
            ],
            [
              74.0006789,
              24.3571335
            ],
            [
              74.0018635,
              24.3569148
            ],
            [
              74.0026653,
              24.3567508
            ],
            [
              74.0031391,
              24.3569877
            ],
            [
              74.0037952,
              24.3574979
            ],
            [
              74.0045424,
              24.3580082
            ],
            [
              74.0052349,
              24.3582269
            ],
            [
              74.0061461,
              24.3580082
            ],
            [
              74.0070755,
              24.3572793
            ],
            [
              74.0105199,
              24.3563498
            ],
            [
              74.0127432,
              24.3554022
            ],
            [
              74.0150576,
              24.3557484
            ],
            [
              74.0176819,
              24.3558213
            ],
            [
              74.0176272,
              24.3509008
            ],
            [
              74.0177184,
              24.3492425
            ],
            [
              74.0190305,
              24.3487686
            ],
            [
              74.0200692,
              24.3482219
            ],
            [
              74.0217459,
              24.3466
            ],
            [
              74.0232402,
              24.3439028
            ],
            [
              74.0245524,
              24.3415155
            ],
            [
              74.025664,
              24.3391828
            ],
            [
              74.026393,
              24.3396931
            ],
            [
              74.0268121,
              24.3404403
            ],
            [
              74.0271766,
              24.3409688
            ],
            [
              74.0281243,
              24.34188
            ],
            [
              74.028835,
              24.3432832
            ],
            [
              74.0287621,
              24.3451785
            ],
            [
              74.0294182,
              24.3458164
            ],
            [
              74.0302565,
              24.3464177
            ],
            [
              74.0302018,
              24.3471285
            ],
            [
              74.0295093,
              24.3477116
            ],
            [
              74.0283247,
              24.3485682
            ],
            [
              74.0284158,
              24.3489873
            ],
            [
              74.0303294,
              24.3494247
            ],
            [
              74.0334821,
              24.3492789
            ],
            [
              74.0356326,
              24.3530513
            ],
            [
              74.0364526,
              24.3512836
            ],
            [
              74.0367807,
              24.3503359
            ],
            [
              74.0374003,
              24.3507186
            ],
            [
              74.0384208,
              24.3507186
            ],
            [
              74.0396418,
              24.3505364
            ],
            [
              74.040553,
              24.3513382
            ],
            [
              74.041118,
              24.3503177
            ],
            [
              74.0441249,
              24.3488415
            ],
            [
              74.0489543,
              24.3557667
            ],
            [
              74.0494463,
              24.3568237
            ],
            [
              74.0494646,
              24.3576255
            ],
            [
              74.0491365,
              24.3587007
            ],
            [
              74.0493735,
              24.3589923
            ],
            [
              74.0504487,
              24.3597213
            ],
            [
              74.0505398,
              24.3603591
            ],
            [
              74.0501024,
              24.3609423
            ],
            [
              74.0506674,
              24.3622726
            ],
            [
              74.052672,
              24.3583545
            ],
            [
              74.0552051,
              24.3590288
            ],
            [
              74.0572462,
              24.3589923
            ],
            [
              74.0586677,
              24.3591199
            ],
            [
              74.0607817,
              24.359703
            ],
            [
              74.0632419,
              24.3602133
            ],
            [
              74.0672694,
              24.3609423
            ],
            [
              74.0715703,
              24.3606142
            ],
            [
              74.0759258,
              24.3601222
            ],
            [
              74.0808098,
              24.3586832
            ],
            [
              74.0842255,
              24.3577646
            ],
            [
              74.0834706,
              24.3593386
            ],
            [
              74.0825047,
              24.3626189
            ],
            [
              74.0866962,
              24.3677763
            ],
            [
              74.0865322,
              24.3705281
            ],
            [
              74.0917078,
              24.3786378
            ],
            [
              74.0955166,
              24.3807335
            ],
            [
              74.095298,
              24.3780182
            ],
            [
              74.1024418,
              24.3774168
            ],
            [
              74.1018221,
              24.3796948
            ],
            [
              74.1032618,
              24.3797677
            ],
            [
              74.1049931,
              24.3784191
            ],
            [
              74.1068702,
              24.3804055
            ],
            [
              74.1094261,
              24.3774326
            ],
            [
              74.1120094,
              24.3746103
            ],
            [
              74.1123738,
              24.3738084
            ],
            [
              74.1131028,
              24.3717674
            ],
            [
              74.1132121,
              24.3685964
            ],
            [
              74.1125925,
              24.3660086
            ],
            [
              74.1131757,
              24.36466
            ],
            [
              74.1123009,
              24.3624002
            ],
            [
              74.112064,
              24.3534887
            ],
            [
              74.1121734,
              24.3526686
            ],
            [
              74.1125743,
              24.3514476
            ],
            [
              74.112957,
              24.3505546
            ],
            [
              74.1130846,
              24.3495158
            ],
            [
              74.1128294,
              24.348878
            ],
            [
              74.1138318,
              24.3483859
            ],
            [
              74.1145061,
              24.3480579
            ],
            [
              74.114907,
              24.3475841
            ],
            [
              74.115235,
              24.3465635
            ],
            [
              74.1153808,
              24.3454336
            ],
            [
              74.1154902,
              24.3439028
            ],
            [
              74.114743,
              24.3406772
            ],
            [
              74.1225246,
              24.3400393
            ],
            [
              74.1222148,
              24.3425907
            ],
            [
              74.122634,
              24.3459257
            ],
            [
              74.1230349,
              24.3472743
            ],
            [
              74.1242741,
              24.3485317
            ],
            [
              74.1246933,
              24.3496069
            ],
            [
              74.1262241,
              24.3496252
            ],
            [
              74.1283381,
              24.3508097
            ],
            [
              74.1304521,
              24.3512653
            ],
            [
              74.1318553,
              24.351484
            ],
            [
              74.1324932,
              24.3501901
            ],
            [
              74.1338053,
              24.3515205
            ],
            [
              74.1341333,
              24.3521765
            ],
            [
              74.1351356,
              24.3546368
            ],
            [
              74.1384342,
              24.3536709
            ],
            [
              74.1398192,
              24.354491
            ],
            [
              74.1435005,
              24.3547279
            ],
            [
              74.1465074,
              24.3562952
            ],
            [
              74.1404935,
              24.3600857
            ],
            [
              74.1379239,
              24.3614708
            ],
            [
              74.1369216,
              24.3608694
            ],
            [
              74.1392543,
              24.3666646
            ],
            [
              74.1457967,
              24.380442
            ],
            [
              74.1478195,
              24.384597
            ],
            [
              74.1524849,
              24.3855447
            ],
            [
              74.153961,
              24.3834489
            ],
            [
              74.1550909,
              24.3815901
            ],
            [
              74.1559839,
              24.3803508
            ],
            [
              74.1570227,
              24.3779088
            ],
            [
              74.1578063,
              24.3764691
            ],
            [
              74.1577881,
              24.3748472
            ],
            [
              74.15941,
              24.3747014
            ],
            [
              74.1603941,
              24.3755397
            ],
            [
              74.1614329,
              24.3768701
            ],
            [
              74.1637655,
              24.3789658
            ],
            [
              74.1669001,
              24.3815901
            ],
            [
              74.1696701,
              24.3822279
            ],
            [
              74.1739163,
              24.3829569
            ],
            [
              74.1785634,
              24.383048
            ],
            [
              74.1831194,
              24.3824284
            ],
            [
              74.1854703,
              24.3824102
            ],
            [
              74.1862722,
              24.3826653
            ],
            [
              74.1872927,
              24.383048
            ],
            [
              74.1879306,
              24.3835583
            ],
            [
              74.1885138,
              24.3848704
            ],
            [
              74.1894432,
              24.3851984
            ],
            [
              74.1901904,
              24.3853078
            ],
            [
              74.1915572,
              24.3857452
            ],
            [
              74.1926688,
              24.3867475
            ],
            [
              74.1934889,
              24.3878956
            ],
            [
              74.1944912,
              24.3879867
            ],
            [
              74.1974071,
              24.3888432
            ],
            [
              74.2000313,
              24.3905381
            ],
            [
              74.2021271,
              24.3908843
            ],
            [
              74.2041135,
              24.3910301
            ],
            [
              74.2058266,
              24.3898091
            ],
            [
              74.2062093,
              24.3874035
            ],
            [
              74.2081775,
              24.3835583
            ],
            [
              74.2093256,
              24.38077
            ],
            [
              74.2112755,
              24.3817723
            ],
            [
              74.2120409,
              24.3817541
            ],
            [
              74.213754,
              24.3809158
            ],
            [
              74.2146288,
              24.3795672
            ],
            [
              74.2160138,
              24.3794396
            ],
            [
              74.2167792,
              24.3784009
            ],
            [
              74.2183282,
              24.3779635
            ],
            [
              74.2202235,
              24.3773621
            ],
            [
              74.2226109,
              24.377599
            ],
            [
              74.2255814,
              24.3760682
            ],
            [
              74.2277136,
              24.3763051
            ],
            [
              74.2296089,
              24.3755944
            ],
            [
              74.2303925,
              24.376214
            ],
            [
              74.2316864,
              24.3759224
            ],
            [
              74.2318869,
              24.3752663
            ],
            [
              74.2321967,
              24.3743916
            ],
            [
              74.2326887,
              24.3732982
            ],
            [
              74.2352948,
              24.3729701
            ],
            [
              74.2368985,
              24.3724234
            ],
            [
              74.2381013,
              24.3712935
            ],
            [
              74.2443521,
              24.3743369
            ],
            [
              74.2444979,
              24.3753757
            ],
            [
              74.2453544,
              24.3773894
            ],
            [
              74.2472862,
              24.3812438
            ],
            [
              74.2480607,
              24.3816903
            ],
            [
              74.2498375,
              24.3823919
            ],
            [
              74.2508399,
              24.3826653
            ],
            [
              74.2515688,
              24.3831027
            ],
            [
              74.2521884,
              24.3839774
            ],
            [
              74.2528263,
              24.3846517
            ],
            [
              74.2534823,
              24.3851802
            ],
            [
              74.2542477,
              24.3855994
            ],
            [
              74.2550496,
              24.3859638
            ],
            [
              74.2559426,
              24.3862008
            ],
            [
              74.2569267,
              24.3865652
            ],
            [
              74.2575281,
              24.3868386
            ],
            [
              74.2579472,
              24.38744
            ],
            [
              74.2581295,
              24.3880414
            ],
            [
              74.2582388,
              24.3888797
            ],
            [
              74.258257,
              24.3896633
            ],
            [
              74.2587309,
              24.3902829
            ],
            [
              74.259314,
              24.3901918
            ],
            [
              74.2610271,
              24.3889526
            ],
            [
              74.2634691,
              24.3880778
            ],
            [
              74.2653097,
              24.3868021
            ],
            [
              74.2693555,
              24.3851073
            ],
            [
              74.2699751,
              24.3846153
            ],
            [
              74.27054,
              24.3839956
            ],
            [
              74.2713783,
              24.3830844
            ],
            [
              74.2722895,
              24.3827382
            ],
            [
              74.2728545,
              24.3826106
            ],
            [
              74.2736563,
              24.3825195
            ],
            [
              74.2746404,
              24.3825013
            ],
            [
              74.2756427,
              24.3826106
            ],
            [
              74.2771371,
              24.3824466
            ],
            [
              74.2783581,
              24.3821004
            ],
            [
              74.279324,
              24.3814807
            ],
            [
              74.2796338,
              24.3807882
            ],
            [
              74.2795791,
              24.3802415
            ],
            [
              74.2791417,
              24.3796219
            ],
            [
              74.2789413,
              24.3785284
            ],
            [
              74.2804539,
              24.3776537
            ],
            [
              74.2810735,
              24.376542
            ],
            [
              74.2815291,
              24.3734075
            ],
            [
              74.2803992,
              24.3708744
            ],
            [
              74.277939,
              24.3704734
            ],
            [
              74.2782123,
              24.368651
            ],
            [
              74.2801076,
              24.3684506
            ],
            [
              74.2819847,
              24.369544
            ],
            [
              74.2893654,
              24.368651
            ],
            [
              74.2932471,
              24.3684323
            ],
            [
              74.2959625,
              24.3669198
            ],
            [
              74.2972929,
              24.3666099
            ],
            [
              74.29722,
              24.3624366
            ],
            [
              74.29804,
              24.3617077
            ],
            [
              74.2989877,
              24.3590288
            ],
            [
              74.2994251,
              24.3579171
            ],
            [
              74.2996438,
              24.3571699
            ],
            [
              74.2995891,
              24.3556938
            ],
            [
              74.2995162,
              24.351648
            ],
            [
              74.2974022,
              24.3498803
            ],
            [
              74.2965639,
              24.3484953
            ],
            [
              74.2953611,
              24.3478939
            ],
            [
              74.2945775,
              24.3468733
            ],
            [
              74.2938303,
              24.3452514
            ],
            [
              74.2964545,
              24.3425907
            ],
            [
              74.297548,
              24.3421533
            ],
            [
              74.299261,
              24.342044
            ],
            [
              74.3030699,
              24.3433743
            ],
            [
              74.304874,
              24.3439757
            ],
            [
              74.3061133,
              24.3444678
            ],
            [
              74.3080086,
              24.3454154
            ],
            [
              74.3098127,
              24.3466911
            ],
            [
              74.3118356,
              24.3462173
            ],
            [
              74.3131295,
              24.3443402
            ],
            [
              74.314223,
              24.3434655
            ],
            [
              74.3152435,
              24.3435019
            ],
            [
              74.3174122,
              24.3424267
            ],
            [
              74.319836,
              24.3388183
            ],
            [
              74.3188519,
              24.3383263
            ],
            [
              74.318943,
              24.3379983
            ],
            [
              74.3193986,
              24.3371417
            ],
            [
              74.320164,
              24.3363399
            ],
            [
              74.3205649,
              24.3352282
            ],
            [
              74.321221,
              24.3326768
            ],
            [
              74.3222597,
              24.332932
            ],
            [
              74.3227153,
              24.3332053
            ],
            [
              74.3231345,
              24.3335151
            ],
            [
              74.3239181,
              24.3335698
            ],
            [
              74.324392,
              24.3336792
            ],
            [
              74.3247382,
              24.3338432
            ],
            [
              74.3252485,
              24.3341348
            ],
            [
              74.3261232,
              24.333989
            ],
            [
              74.3265606,
              24.3340254
            ],
            [
              74.3270344,
              24.3342077
            ],
            [
              74.3277087,
              24.3343352
            ],
            [
              74.3283283,
              24.3340254
            ],
            [
              74.3289844,
              24.3341165
            ],
            [
              74.3294947,
              24.3346633
            ],
            [
              74.3295129,
              24.3353193
            ],
            [
              74.3299321,
              24.3361576
            ],
            [
              74.3314811,
              24.3390552
            ],
            [
              74.3322101,
              24.3392739
            ],
            [
              74.3328479,
              24.3394015
            ],
            [
              74.333504,
              24.3401305
            ],
            [
              74.3339778,
              24.3412603
            ],
            [
              74.3337118,
              24.3420452
            ],
            [
              74.3334961,
              24.3436559
            ],
            [
              74.3356633,
              24.3460212
            ],
            [
              74.3377502,
              24.3478848
            ],
            [
              74.3385429,
              24.3490055
            ],
            [
              74.3426069,
              24.3500808
            ],
            [
              74.3435089,
              24.3523952
            ],
            [
              74.3435636,
              24.3549466
            ],
            [
              74.3416865,
              24.3548008
            ],
            [
              74.3423244,
              24.3591928
            ],
            [
              74.3425248,
              24.364496
            ],
            [
              74.3448575,
              24.3654983
            ],
            [
              74.3440739,
              24.3686693
            ],
            [
              74.3462608,
              24.369216
            ],
            [
              74.3473907,
              24.3696534
            ],
            [
              74.3479009,
              24.3697809
            ],
            [
              74.3486481,
              24.3703094
            ],
            [
              74.3507985,
              24.3697991
            ],
            [
              74.352384,
              24.3695622
            ],
            [
              74.3525298,
              24.3681043
            ],
            [
              74.3534228,
              24.3680861
            ],
            [
              74.3536779,
              24.369216
            ],
            [
              74.3561382,
              24.3705281
            ],
            [
              74.3574321,
              24.3710384
            ],
            [
              74.3589811,
              24.3729337
            ],
            [
              74.3611316,
              24.3730066
            ],
            [
              74.3634096,
              24.372879
            ],
            [
              74.3664894,
              24.3718767
            ],
            [
              74.3663254,
              24.3755579
            ],
            [
              74.3655053,
              24.3762504
            ],
            [
              74.3665076,
              24.3789111
            ],
            [
              74.365724,
              24.3829204
            ],
            [
              74.3653777,
              24.3872395
            ],
            [
              74.3633367,
              24.3930348
            ],
            [
              74.3611872,
              24.4011576
            ],
            [
              74.3528943,
              24.4060649
            ],
            [
              74.3507256,
              24.4080149
            ],
            [
              74.3431809,
              24.4162886
            ],
            [
              74.335053,
              24.4185301
            ],
            [
              74.3325199,
              24.4150494
            ],
            [
              74.3309344,
              24.409892
            ],
            [
              74.3240092,
              24.4065023
            ],
            [
              74.319435,
              24.4063201
            ],
            [
              74.3093207,
              24.4063201
            ],
            [
              74.3096852,
              24.4104387
            ],
            [
              74.3101955,
              24.4127531
            ],
            [
              74.3092296,
              24.4168718
            ],
            [
              74.3079357,
              24.4170722
            ],
            [
              74.3079721,
              24.4200063
            ],
            [
              74.3076805,
              24.4205895
            ],
            [
              74.3083184,
              24.4238698
            ],
            [
              74.3089927,
              24.4266034
            ],
            [
              74.3096852,
              24.4280066
            ],
            [
              74.3102319,
              24.4282253
            ],
            [
              74.3102683,
              24.4306673
            ],
            [
              74.3120361,
              24.4311958
            ],
            [
              74.3117992,
              24.4318519
            ],
            [
              74.3137127,
              24.4323622
            ],
            [
              74.3123641,
              24.433328
            ],
            [
              74.312273,
              24.434786
            ],
            [
              74.3114529,
              24.4349317
            ],
            [
              74.3113982,
              24.4366813
            ],
            [
              74.3101955,
              24.4368453
            ],
            [
              74.3092478,
              24.44162
            ],
            [
              74.3100497,
              24.4427863
            ],
            [
              74.3134758,
              24.4453741
            ],
            [
              74.3197995,
              24.446504
            ],
            [
              74.3224238,
              24.4539029
            ],
            [
              74.3297498,
              24.456509
            ],
            [
              74.3294582,
              24.4590057
            ],
            [
              74.3294582,
              24.4614112
            ],
            [
              74.3288386,
              24.464728
            ],
            [
              74.3294765,
              24.4655481
            ],
            [
              74.3302783,
              24.4661312
            ],
            [
              74.3311713,
              24.4673523
            ],
            [
              74.3319731,
              24.4691564
            ],
            [
              74.3349983,
              24.4723092
            ],
            [
              74.337823,
              24.4746783
            ],
            [
              74.339937,
              24.476282
            ],
            [
              74.342616,
              24.477904
            ],
            [
              74.3426342,
              24.4786511
            ],
            [
              74.3411398,
              24.4834805
            ],
            [
              74.3344516,
              24.4837903
            ],
            [
              74.3276176,
              24.4842641
            ],
            [
              74.3210752,
              24.4844646
            ],
            [
              74.3197266,
              24.4812754
            ],
            [
              74.3180682,
              24.4761362
            ],
            [
              74.3160818,
              24.4697761
            ],
            [
              74.315608,
              24.4668784
            ],
            [
              74.3156444,
              24.4642906
            ],
            [
              74.3127104,
              24.4649285
            ],
            [
              74.3116716,
              24.4639626
            ],
            [
              74.3109791,
              24.4634705
            ],
            [
              74.3098856,
              24.4627234
            ],
            [
              74.3086464,
              24.4619215
            ],
            [
              74.3076076,
              24.4617757
            ],
            [
              74.3070427,
              24.4617757
            ],
            [
              74.3061315,
              24.4620491
            ],
            [
              74.3055119,
              24.4624864
            ],
            [
              74.3046918,
              24.4625047
            ],
            [
              74.3034343,
              24.4621949
            ],
            [
              74.3025049,
              24.4617393
            ],
            [
              74.3016484,
              24.4613019
            ],
            [
              74.3007554,
              24.4611196
            ],
            [
              74.3000082,
              24.4611014
            ],
            [
              74.2995344,
              24.4613566
            ],
            [
              74.2989512,
              24.4622678
            ],
            [
              74.2986597,
              24.4629056
            ],
            [
              74.2980036,
              24.4633794
            ],
            [
              74.2970377,
              24.4633612
            ],
            [
              74.2965274,
              24.4634523
            ],
            [
              74.2962176,
              24.4638532
            ],
            [
              74.2949602,
              24.4643271
            ],
            [
              74.2937574,
              24.4643817
            ],
            [
              74.2918439,
              24.4637986
            ],
            [
              74.2873972,
              24.4741863
            ],
            [
              74.2838618,
              24.4775577
            ],
            [
              74.282659,
              24.476847
            ],
            [
              74.2752783,
              24.4644729
            ],
            [
              74.2733465,
              24.4591697
            ],
            [
              74.2725629,
              24.4565272
            ],
            [
              74.2685171,
              24.4541399
            ],
            [
              74.2656195,
              24.4578029
            ],
            [
              74.264034,
              24.4601902
            ],
            [
              74.2646537,
              24.4611743
            ],
            [
              74.2636878,
              24.4616299
            ],
            [
              74.2643438,
              24.4627051
            ],
            [
              74.2654191,
              24.4621037
            ],
            [
              74.2659293,
              24.4640537
            ],
            [
              74.267205,
              24.4644182
            ],
            [
              74.2673508,
              24.4653476
            ],
            [
              74.2640887,
              24.4651654
            ],
            [
              74.2639611,
              24.4672976
            ],
            [
              74.266148,
              24.4674252
            ],
            [
              74.2682073,
              24.4689195
            ],
            [
              74.2677153,
              24.4722181
            ],
            [
              74.2680798,
              24.4758629
            ],
            [
              74.2682985,
              24.4781044
            ],
            [
              74.2673508,
              24.4778675
            ],
            [
              74.2672232,
              24.4787605
            ],
            [
              74.2662756,
              24.4783778
            ],
            [
              74.2658018,
              24.4802913
            ],
            [
              74.2646172,
              24.4801273
            ],
            [
              74.2638882,
              24.4814212
            ],
            [
              74.261592,
              24.4800544
            ],
            [
              74.2599154,
              24.482059
            ],
            [
              74.2583117,
              24.481895
            ],
            [
              74.2583846,
              24.4845193
            ],
            [
              74.2563982,
              24.4846833
            ],
            [
              74.25638,
              24.4837721
            ],
            [
              74.2553776,
              24.4837539
            ],
            [
              74.2552136,
              24.4812754
            ],
            [
              74.2523707,
              24.4816034
            ],
            [
              74.2528081,
              24.4778128
            ],
            [
              74.2539744,
              24.4780862
            ],
            [
              74.2544847,
              24.4765189
            ],
            [
              74.2542113,
              24.4742227
            ],
            [
              74.2523707,
              24.474004
            ],
            [
              74.2530632,
              24.4719447
            ],
            [
              74.2522978,
              24.4718536
            ],
            [
              74.2522978,
              24.4713069
            ],
            [
              74.2521884,
              24.4699583
            ],
            [
              74.2522613,
              24.4668238
            ],
            [
              74.2520426,
              24.4653112
            ],
            [
              74.253537,
              24.4649649
            ],
            [
              74.2557057,
              24.4655845
            ],
            [
              74.2564893,
              24.4639261
            ],
            [
              74.2576921,
              24.4640355
            ],
            [
              74.2569996,
              24.4662406
            ],
            [
              74.2596603,
              24.4665868
            ],
            [
              74.2598425,
              24.4656574
            ],
            [
              74.2611729,
              24.4660948
            ],
            [
              74.2609177,
              24.4651472
            ],
            [
              74.2602799,
              24.4647827
            ],
            [
              74.2600248,
              24.4628692
            ],
            [
              74.2595692,
              24.458787
            ],
            [
              74.2610818,
              24.4569463
            ],
            [
              74.2607173,
              24.4553609
            ],
            [
              74.261428,
              24.4550511
            ],
            [
              74.2614645,
              24.4543403
            ],
            [
              74.2611729,
              24.4529553
            ],
            [
              74.2597332,
              24.4515885
            ],
            [
              74.2572547,
              24.4506044
            ],
            [
              74.2553594,
              24.4539758
            ],
            [
              74.2530085,
              24.4528459
            ],
            [
              74.251988,
              24.4551968
            ],
            [
              74.2505483,
              24.4551422
            ],
            [
              74.2507305,
              24.4514791
            ],
            [
              74.2494913,
              24.4512969
            ],
            [
              74.2485254,
              24.4511329
            ],
            [
              74.2472133,
              24.4494381
            ],
            [
              74.2453362,
              24.4437157
            ],
            [
              74.2449535,
              24.4427681
            ],
            [
              74.244589,
              24.4416929
            ],
            [
              74.2451175,
              24.4407999
            ],
            [
              74.2456096,
              24.4396518
            ],
            [
              74.2458647,
              24.4384308
            ],
            [
              74.2450082,
              24.43772
            ],
            [
              74.2439876,
              24.4373009
            ],
            [
              74.2425297,
              24.4368999
            ],
            [
              74.2403793,
              24.4365719
            ],
            [
              74.2336546,
              24.4313963
            ],
            [
              74.2307388,
              24.4287903
            ],
            [
              74.2282239,
              24.4284804
            ],
            [
              74.2244333,
              24.4283347
            ],
            [
              74.2222828,
              24.4285169
            ],
            [
              74.2226473,
              24.4313598
            ],
            [
              74.2157404,
              24.4339659
            ],
            [
              74.2091798,
              24.4380845
            ],
            [
              74.204806,
              24.4405812
            ],
            [
              74.2026191,
              24.442677
            ],
            [
              74.2002682,
              24.445447
            ],
            [
              74.1983183,
              24.4471054
            ],
            [
              74.1989561,
              24.4473423
            ],
            [
              74.1997033,
              24.4476157
            ],
            [
              74.2010701,
              24.4481259
            ],
            [
              74.2017444,
              24.4488002
            ],
            [
              74.2020177,
              24.449675
            ],
            [
              74.202036,
              24.4504222
            ],
            [
              74.2016897,
              24.4507866
            ],
            [
              74.201143,
              24.4511511
            ],
            [
              74.2008696,
              24.4516978
            ],
            [
              74.2015075,
              24.4523721
            ],
            [
              74.2030201,
              24.4524268
            ],
            [
              74.2036397,
              24.4531011
            ],
            [
              74.2043686,
              24.4546319
            ],
            [
              74.2048971,
              24.4575113
            ],
            [
              74.2054985,
              24.4579487
            ],
            [
              74.2057719,
              24.4585501
            ],
            [
              74.2056625,
              24.4595342
            ],
            [
              74.2064826,
              24.4599351
            ],
            [
              74.2069018,
              24.4603542
            ],
            [
              74.2073209,
              24.4612654
            ],
            [
              74.2056079,
              24.4615752
            ],
            [
              74.2057172,
              24.4620308
            ],
            [
              74.2062275,
              24.4627051
            ],
            [
              74.2065373,
              24.4631061
            ],
            [
              74.2063733,
              24.4635799
            ],
            [
              74.206428,
              24.4640355
            ],
            [
              74.2068471,
              24.4644729
            ],
            [
              74.2074667,
              24.4644364
            ],
            [
              74.208141,
              24.4640719
            ],
            [
              74.2083597,
              24.4637986
            ],
            [
              74.2093256,
              24.4637075
            ],
            [
              74.2106377,
              24.4646004
            ],
            [
              74.2120409,
              24.4657121
            ],
            [
              74.2129521,
              24.4674434
            ],
            [
              74.2136993,
              24.4675527
            ],
            [
              74.2150115,
              24.4676438
            ],
            [
              74.2151208,
              24.4681177
            ],
            [
              74.2147928,
              24.4700494
            ],
            [
              74.2139727,
              24.4724732
            ],
            [
              74.2147381,
              24.4734026
            ],
            [
              74.2158315,
              24.474569
            ],
            [
              74.2171619,
              24.4756624
            ],
            [
              74.2171801,
              24.4760269
            ],
            [
              74.2167974,
              24.4767741
            ],
            [
              74.2173077,
              24.4777217
            ],
            [
              74.2183465,
              24.4810749
            ],
            [
              74.2188567,
              24.4811843
            ],
            [
              74.2196768,
              24.4787787
            ],
            [
              74.2215903,
              24.4784325
            ],
            [
              74.2221917,
              24.4786511
            ],
            [
              74.2233216,
              24.4793254
            ],
            [
              74.2243786,
              24.4796717
            ],
            [
              74.2288982,
              24.4804189
            ],
            [
              74.2313219,
              24.4810749
            ],
            [
              74.2325612,
              24.4814759
            ],
            [
              74.2330897,
              24.4826786
            ],
            [
              74.2347298,
              24.4842641
            ],
            [
              74.2365887,
              24.4853576
            ],
            [
              74.2378461,
              24.4858861
            ],
            [
              74.2389031,
              24.4861777
            ],
            [
              74.2400148,
              24.4855034
            ],
            [
              74.2398508,
              24.4845193
            ],
            [
              74.2403064,
              24.4835898
            ],
            [
              74.2429489,
              24.4836992
            ],
            [
              74.241655,
              24.484902
            ],
            [
              74.2417279,
              24.4857403
            ],
            [
              74.2416185,
              24.4865421
            ],
            [
              74.2409989,
              24.4875445
            ],
            [
              74.2404157,
              24.4889113
            ],
            [
              74.2393405,
              24.4936859
            ],
            [
              74.2385751,
              24.4964924
            ],
            [
              74.2385387,
              24.4977681
            ],
            [
              74.2386844,
              24.5001372
            ],
            [
              74.2391947,
              24.503454
            ],
            [
              74.2403246,
              24.504183
            ],
            [
              74.2425662,
              24.5030895
            ],
            [
              74.2418919,
              24.5019596
            ],
            [
              74.2469035,
              24.4993901
            ],
            [
              74.248981,
              24.5007569
            ],
            [
              74.2500198,
              24.5010849
            ],
            [
              74.2518969,
              24.5038003
            ],
            [
              74.2525529,
              24.5038367
            ],
            [
              74.2541566,
              24.5061147
            ],
            [
              74.2543024,
              24.5068072
            ],
            [
              74.2527169,
              24.5067708
            ],
            [
              74.2525711,
              24.5058778
            ],
            [
              74.250767,
              24.5058778
            ],
            [
              74.2506576,
              24.5116913
            ],
            [
              74.2507123,
              24.5150809
            ],
            [
              74.2528445,
              24.5150445
            ],
            [
              74.2529721,
              24.5141333
            ],
            [
              74.2563617,
              24.5142973
            ],
            [
              74.25638,
              24.5150627
            ],
            [
              74.2585668,
              24.5156823
            ],
            [
              74.2604804,
              24.515737
            ],
            [
              74.2615009,
              24.5156277
            ],
            [
              74.263378,
              24.5153725
            ],
            [
              74.2649817,
              24.5152996
            ],
            [
              74.2681527,
              24.5152632
            ],
            [
              74.2691003,
              24.5154819
            ],
            [
              74.2700662,
              24.5180332
            ],
            [
              74.2715788,
              24.520621
            ],
            [
              74.2699933,
              24.521186
            ],
            [
              74.2700297,
              24.5220061
            ],
            [
              74.2692279,
              24.5224981
            ],
            [
              74.270212,
              24.5263616
            ],
            [
              74.2713965,
              24.526963
            ],
            [
              74.2713783,
              24.5295508
            ],
            [
              74.2743124,
              24.5294961
            ],
            [
              74.2742759,
              24.5323755
            ],
            [
              74.273383,
              24.5326307
            ],
            [
              74.2734923,
              24.5336147
            ],
            [
              74.2744764,
              24.5336876
            ],
            [
              74.2727451,
              24.5396651
            ],
            [
              74.2708498,
              24.5398109
            ],
            [
              74.2695012,
              24.5402665
            ],
            [
              74.2670228,
              24.54218
            ],
            [
              74.2639429,
              24.5457155
            ],
            [
              74.2627401,
              24.5458795
            ],
            [
              74.2626672,
              24.5471552
            ],
            [
              74.263214,
              24.5495243
            ],
            [
              74.2652915,
              24.55357
            ],
            [
              74.2659658,
              24.5559756
            ],
            [
              74.2667494,
              24.5586545
            ],
            [
              74.266877,
              24.5611877
            ],
            [
              74.2653279,
              24.5677301
            ],
            [
              74.2674602,
              24.5745641
            ],
            [
              74.2717063,
              24.5764776
            ],
            [
              74.2658564,
              24.5772795
            ],
            [
              74.2631593,
              24.5780449
            ],
            [
              74.2616467,
              24.5788103
            ],
            [
              74.2587855,
              24.5790472
            ],
            [
              74.2574005,
              24.5798308
            ],
            [
              74.2529903,
              24.5810518
            ],
            [
              74.2472315,
              24.5824915
            ],
            [
              74.2438236,
              24.5849336
            ],
            [
              74.2428031,
              24.587084
            ],
            [
              74.2393587,
              24.5941185
            ],
            [
              74.2365705,
              24.6000959
            ],
            [
              74.2330715,
              24.5977633
            ],
            [
              74.2306659,
              24.5960502
            ],
            [
              74.2282603,
              24.5951208
            ],
            [
              74.2251076,
              24.5940273
            ],
            [
              74.2186927,
              24.5925876
            ],
            [
              74.2182918,
              24.5917493
            ],
            [
              74.2151573,
              24.5919134
            ],
            [
              74.2131253,
              24.5972894
            ],
            [
              74.2116856,
              24.6012714
            ],
            [
              74.2121959,
              24.6033398
            ],
            [
              74.212697,
              24.6049344
            ],
            [
              74.2134513,
              24.6081002
            ],
            [
              74.21459,
              24.6132937
            ],
            [
              74.2146247,
              24.6147807
            ],
            [
              74.218537,
              24.6143199
            ],
            [
              74.2240449,
              24.6139323
            ],
            [
              74.2298461,
              24.613354
            ],
            [
              74.2353675,
              24.6130137
            ],
            [
              74.2397913,
              24.6126838
            ],
            [
              74.2471133,
              24.6147614
            ],
            [
              74.2522573,
              24.6155358
            ],
            [
              74.2502403,
              24.6199054
            ],
            [
              74.2475366,
              24.6230655
            ],
            [
              74.2457771,
              24.6258354
            ],
            [
              74.2446613,
              24.6285272
            ],
            [
              74.2431593,
              24.6326624
            ],
            [
              74.2420435,
              24.6379676
            ],
            [
              74.2420005,
              24.6409322
            ],
            [
              74.2396402,
              24.6424145
            ],
            [
              74.2361641,
              24.6441308
            ],
            [
              74.2320013,
              24.6463151
            ],
            [
              74.2271518,
              24.6481874
            ],
            [
              74.2256702,
              24.6489989
            ],
            [
              74.222374,
              24.6444167
            ],
            [
              74.2196281,
              24.6418636
            ],
            [
              74.2171801,
              24.6390953
            ],
            [
              74.2149668,
              24.6343557
            ],
            [
              74.2122867,
              24.6291278
            ],
            [
              74.2113302,
              24.6245708
            ],
            [
              74.2128064,
              24.6245343
            ],
            [
              74.2133278,
              24.623665
            ],
            [
              74.2122232,
              24.6227666
            ],
            [
              74.2128664,
              24.6214298
            ],
            [
              74.2128105,
              24.6160868
            ],
            [
              74.2075789,
              24.6154104
            ],
            [
              74.1964758,
              24.6139654
            ],
            [
              74.1964412,
              24.617919
            ],
            [
              74.196259,
              24.6225115
            ],
            [
              74.1959856,
              24.6253909
            ],
            [
              74.196259,
              24.6293455
            ],
            [
              74.1961496,
              24.6320973
            ],
            [
              74.1971337,
              24.6341566
            ],
            [
              74.1989561,
              24.6342842
            ],
            [
              74.198865,
              24.6352683
            ],
            [
              74.1992659,
              24.635487
            ],
            [
              74.1990472,
              24.6369084
            ],
            [
              74.1999038,
              24.6371636
            ],
            [
              74.2003594,
              24.6402434
            ],
            [
              74.2003229,
              24.6420111
            ],
            [
              74.2026009,
              24.6432504
            ],
            [
              74.2048607,
              24.6430864
            ],
            [
              74.2058266,
              24.6439064
            ],
            [
              74.2053527,
              24.6455466
            ],
            [
              74.2050429,
              24.6474783
            ],
            [
              74.2046602,
              24.6526175
            ],
            [
              74.2022364,
              24.6597431
            ],
            [
              74.2007967,
              24.6622033
            ],
            [
              74.1996486,
              24.6635337
            ],
            [
              74.1988285,
              24.663643
            ],
            [
              74.1955847,
              24.6630052
            ],
            [
              74.1949104,
              24.6630599
            ],
            [
              74.1939263,
              24.6638617
            ],
            [
              74.1921039,
              24.6645542
            ],
            [
              74.1911927,
              24.6650827
            ],
            [
              74.1894978,
              24.6649005
            ],
            [
              74.1881128,
              24.6637706
            ],
            [
              74.1868554,
              24.6620393
            ],
            [
              74.1841947,
              24.6596884
            ],
            [
              74.1845774,
              24.6569366
            ],
            [
              74.1833381,
              24.6564263
            ],
            [
              74.1816797,
              24.6576291
            ],
            [
              74.1807868,
              24.6607819
            ],
            [
              74.1798209,
              24.6632786
            ],
            [
              74.1780167,
              24.6656295
            ],
            [
              74.1764312,
              24.6676159
            ],
            [
              74.1722215,
              24.668764
            ],
            [
              74.1699362,
              24.6697415
            ],
            [
              74.167354,
              24.6698466
            ],
            [
              74.1625081,
              24.6690556
            ],
            [
              74.1584077,
              24.6680533
            ],
            [
              74.1565853,
              24.668764
            ],
            [
              74.1542526,
              24.6665042
            ],
            [
              74.1524849,
              24.6667411
            ],
            [
              74.1538335,
              24.6694747
            ],
            [
              74.153799,
              24.6711274
            ],
            [
              74.153797,
              24.6712242
            ],
            [
              74.1523938,
              24.6762358
            ],
            [
              74.152904,
              24.6769283
            ],
            [
              74.1538335,
              24.6781494
            ],
            [
              74.1556923,
              24.6850927
            ],
            [
              74.1597016,
              24.6853661
            ],
            [
              74.1645127,
              24.6845824
            ],
            [
              74.169907,
              24.6833979
            ],
            [
              74.1707089,
              24.6846371
            ],
            [
              74.1719664,
              24.6870427
            ],
            [
              74.1728958,
              24.6923094
            ],
            [
              74.1737159,
              24.6962458
            ],
            [
              74.1739163,
              24.6987425
            ],
            [
              74.1712738,
              24.7019317
            ],
            [
              74.1719299,
              24.7040639
            ],
            [
              74.1719846,
              24.7062326
            ],
            [
              74.1704902,
              24.7101507
            ],
            [
              74.1695243,
              24.7116269
            ],
            [
              74.1642758,
              24.7146156
            ],
            [
              74.1597563,
              24.7174585
            ],
            [
              74.1543437,
              24.7218323
            ],
            [
              74.1521022,
              24.7233813
            ],
            [
              74.1491681,
              24.7246935
            ],
            [
              74.1471817,
              24.7228346
            ],
            [
              74.1452682,
              24.721486
            ],
            [
              74.142079,
              24.7205748
            ],
            [
              74.1373225,
              24.7203744
            ],
            [
              74.135245,
              24.7207753
            ],
            [
              74.1342609,
              24.7213585
            ],
            [
              74.1335866,
              24.7221968
            ],
            [
              74.1324203,
              24.7241285
            ],
            [
              74.1306525,
              24.7274817
            ],
            [
              74.1284656,
              24.7295046
            ],
            [
              74.1283563,
              24.7314546
            ],
            [
              74.1270442,
              24.7302882
            ],
            [
              74.1252947,
              24.7305434
            ],
            [
              74.1239825,
              24.7307803
            ],
            [
              74.1237274,
              24.7304158
            ],
            [
              74.1227433,
              24.7305616
            ],
            [
              74.1219232,
              24.7306163
            ],
            [
              74.1191896,
              24.7320377
            ],
            [
              74.1184789,
              24.7312177
            ],
            [
              74.117677,
              24.7313999
            ],
            [
              74.1156906,
              24.7323476
            ],
            [
              74.1132304,
              24.732876
            ],
            [
              74.1110617,
              24.7295957
            ],
            [
              74.1065057,
              24.7319648
            ],
            [
              74.1050296,
              24.7345527
            ],
            [
              74.107344,
              24.7369036
            ],
            [
              74.1101687,
              24.7392909
            ],
            [
              74.1126472,
              24.7412226
            ],
            [
              74.113522,
              24.7459791
            ],
            [
              74.1154719,
              24.7474553
            ],
            [
              74.1160551,
              24.7503893
            ],
            [
              74.1174401,
              24.7508631
            ],
            [
              74.1183513,
              24.751665
            ],
            [
              74.1181873,
              24.7551276
            ],
            [
              74.113686,
              24.7571504
            ],
            [
              74.1105514,
              24.7592826
            ],
            [
              74.1095856,
              24.760613
            ],
            [
              74.1091664,
              24.7631826
            ],
            [
              74.1074898,
              24.7635106
            ],
            [
              74.1067973,
              24.7698343
            ],
            [
              74.1060501,
              24.7738254
            ],
            [
              74.1055763,
              24.7762127
            ],
            [
              74.1055216,
              24.7825547
            ],
            [
              74.1072893,
              24.782664
            ],
            [
              74.108966,
              24.789006
            ],
            [
              74.1139229,
              24.7901906
            ],
            [
              74.1139411,
              24.790555
            ],
            [
              74.1132668,
              24.7926143
            ],
            [
              74.1127019,
              24.7927237
            ],
            [
              74.1120094,
              24.7931246
            ],
            [
              74.1111164,
              24.7954573
            ],
            [
              74.1102963,
              24.7964961
            ],
            [
              74.1096949,
              24.7978811
            ],
            [
              74.1090753,
              24.799667
            ],
            [
              74.1080365,
              24.8080865
            ],
            [
              74.1108977,
              24.811622
            ],
            [
              74.1112257,
              24.8128977
            ],
            [
              74.1120458,
              24.815449
            ],
            [
              74.1131575,
              24.8172897
            ],
            [
              74.1160551,
              24.8199504
            ],
            [
              74.1194448,
              24.8242694
            ],
            [
              74.1201555,
              24.8257274
            ],
            [
              74.1224153,
              24.8321604
            ],
            [
              74.1231989,
              24.834074
            ],
            [
              74.124183,
              24.8348029
            ],
            [
              74.1251124,
              24.8372085
            ],
            [
              74.1279736,
              24.8380286
            ],
            [
              74.1291399,
              24.8410173
            ],
            [
              74.1300694,
              24.8433318
            ],
            [
              74.1293768,
              24.8438967
            ],
            [
              74.1297596,
              24.8448079
            ],
            [
              74.129796,
              24.845956
            ],
            [
              74.1293768,
              24.8471952
            ],
            [
              74.1292311,
              24.8487625
            ],
            [
              74.1279918,
              24.848398
            ],
            [
              74.1263699,
              24.8483434
            ],
            [
              74.1247479,
              24.8487261
            ],
            [
              74.1227251,
              24.8492181
            ],
            [
              74.1196999,
              24.8502387
            ],
            [
              74.1171485,
              24.8508765
            ],
            [
              74.1141598,
              24.8511863
            ],
            [
              74.1116813,
              24.8507307
            ],
            [
              74.1110435,
              24.8518059
            ],
            [
              74.1082917,
              24.8550133
            ],
            [
              74.1066151,
              24.8569269
            ],
            [
              74.1053212,
              24.8583848
            ],
            [
              74.1055581,
              24.8597334
            ],
            [
              74.1053941,
              24.8619749
            ],
            [
              74.1078361,
              24.8630866
            ],
            [
              74.1134491,
              24.8645992
            ],
            [
              74.1148888,
              24.8644352
            ],
            [
              74.1188069,
              24.8633235
            ],
            [
              74.1256956,
              24.8617562
            ],
            [
              74.1269348,
              24.8617745
            ],
            [
              74.131181,
              24.8605352
            ],
            [
              74.1363749,
              24.8596058
            ],
            [
              74.1369216,
              24.8599338
            ],
            [
              74.1368305,
              24.8627039
            ],
            [
              74.1369216,
              24.8689365
            ],
            [
              74.1369763,
              24.8705402
            ],
            [
              74.1387622,
              24.8740574
            ],
            [
              74.1402982,
              24.8761311
            ],
            [
              74.1430266,
              24.8807639
            ],
            [
              74.1376528,
              24.8820249
            ],
            [
              74.1330399,
              24.8827503
            ],
            [
              74.1311628,
              24.8831694
            ],
            [
              74.1280465,
              24.8844269
            ],
            [
              74.1256045,
              24.885411
            ],
            [
              74.1214676,
              24.883133
            ],
            [
              74.1186611,
              24.8824587
            ],
            [
              74.1166747,
              24.8816568
            ],
            [
              74.1153626,
              24.8800531
            ],
            [
              74.1129206,
              24.8780849
            ],
            [
              74.1099318,
              24.8764812
            ],
            [
              74.1078361,
              24.8747864
            ],
            [
              74.1058497,
              24.8727635
            ],
            [
              74.1027698,
              24.8694468
            ],
            [
              74.0995077,
              24.8662576
            ],
            [
              74.0973026,
              24.865966
            ],
            [
              74.0947148,
              24.8663122
            ],
            [
              74.0921634,
              24.8663669
            ],
            [
              74.0884093,
              24.8665491
            ],
            [
              74.0849285,
              24.8671688
            ],
            [
              74.0811743,
              24.867515
            ],
            [
              74.0789875,
              24.8691552
            ],
            [
              74.0777665,
              24.8705038
            ],
            [
              74.0774202,
              24.8713967
            ],
            [
              74.0781856,
              24.8720528
            ],
            [
              74.076017,
              24.8738023
            ],
            [
              74.0749417,
              24.874185
            ],
            [
              74.0708413,
              24.8732191
            ],
            [
              74.0690736,
              24.8730916
            ],
            [
              74.0701306,
              24.8754425
            ],
            [
              74.0701853,
              24.8779756
            ],
            [
              74.0677615,
              24.8795611
            ],
            [
              74.0644994,
              24.8815111
            ],
            [
              74.0641896,
              24.885739
            ],
            [
              74.0632237,
              24.8902404
            ],
            [
              74.061784,
              24.8965641
            ],
            [
              74.0595607,
              24.9032705
            ],
            [
              74.0558065,
              24.9076807
            ],
            [
              74.0513416,
              24.9054756
            ],
            [
              74.046567,
              24.9041088
            ],
            [
              74.043396,
              24.9037443
            ],
            [
              74.0370358,
              24.903471
            ],
            [
              74.0337919,
              24.9030883
            ],
            [
              74.0316779,
              24.9015939
            ],
            [
              74.0299102,
              24.8996804
            ],
            [
              74.0263201,
              24.8974935
            ],
            [
              74.0246435,
              24.8959445
            ],
            [
              74.0222744,
              24.8945412
            ],
            [
              74.0215089,
              24.8937029
            ],
            [
              74.0206889,
              24.893302
            ],
            [
              74.0199781,
              24.8937394
            ],
            [
              74.019887,
              24.8942861
            ],
            [
              74.0202515,
              24.8949786
            ],
            [
              74.0205431,
              24.8954524
            ],
            [
              74.0201968,
              24.8960174
            ],
            [
              74.0194314,
              24.8957987
            ],
            [
              74.0187389,
              24.8954889
            ],
            [
              74.0175361,
              24.8956529
            ],
            [
              74.0168254,
              24.896072
            ],
            [
              74.0162604,
              24.8967099
            ],
            [
              74.015167,
              24.8984594
            ],
            [
              74.0146385,
              24.8993159
            ],
            [
              74.0139095,
              24.900136
            ],
            [
              74.0135815,
              24.9012659
            ],
            [
              74.0139278,
              24.9020495
            ],
            [
              74.0138002,
              24.9026327
            ],
            [
              74.0129254,
              24.9027238
            ],
            [
              74.0129619,
              24.903307
            ],
            [
              74.0132899,
              24.903635
            ],
            [
              74.0135451,
              24.903963
            ],
            [
              74.0130166,
              24.9044369
            ],
            [
              74.0118684,
              24.904856
            ],
            [
              74.0112124,
              24.9051658
            ],
            [
              74.0110301,
              24.9059859
            ],
            [
              74.0110119,
              24.9067149
            ],
            [
              74.0113217,
              24.9072616
            ],
            [
              74.0117409,
              24.9077172
            ],
            [
              74.0117044,
              24.908191
            ],
            [
              74.0107386,
              24.9088288
            ],
            [
              74.0100096,
              24.9094667
            ],
            [
              74.0085881,
              24.9101774
            ],
            [
              74.0059274,
              24.9103961
            ],
            [
              74.0045059,
              24.9111433
            ],
            [
              74.0007882,
              24.9140591
            ],
            [
              73.9984556,
              24.9169568
            ],
            [
              73.9970341,
              24.9189796
            ],
            [
              73.9951944,
              24.9206127
            ],
            [
              73.9938449,
              24.9182142
            ],
            [
              73.9918585,
              24.9154806
            ],
            [
              73.9890338,
              24.9116353
            ],
            [
              73.9865917,
              24.9101045
            ],
            [
              73.9833479,
              24.9087924
            ],
            [
              73.9823638,
              24.9084826
            ],
            [
              73.9814526,
              24.9084826
            ],
            [
              73.9803591,
              24.9087559
            ],
            [
              73.9793568,
              24.9098494
            ],
            [
              73.9772975,
              24.9104872
            ],
            [
              73.9757849,
              24.9102321
            ],
            [
              73.9729602,
              24.9112709
            ],
            [
              73.9729602,
              24.9089017
            ],
            [
              73.9724135,
              24.9074803
            ],
            [
              73.9657253,
              24.9022135
            ],
            [
              73.9626272,
              24.9008285
            ],
            [
              73.9596931,
              24.9002089
            ],
            [
              73.9572146,
              24.899972
            ],
            [
              73.9516017,
              24.9011201
            ],
            [
              73.9537521,
              24.8996622
            ],
            [
              73.956996,
              24.8979856
            ],
            [
              73.9577796,
              24.8967646
            ],
            [
              73.958873,
              24.8947052
            ],
            [
              73.9595109,
              24.8925001
            ],
            [
              73.9594562,
              24.8867596
            ],
            [
              73.9591828,
              24.8829872
            ],
            [
              73.9585814,
              24.881584
            ],
            [
              73.9597478,
              24.87752
            ],
            [
              73.9600758,
              24.874349
            ],
            [
              73.9597842,
              24.8709411
            ],
            [
              73.9589642,
              24.8688271
            ],
            [
              73.9584174,
              24.8664763
            ],
            [
              73.9583445,
              24.8628497
            ],
            [
              73.9587637,
              24.8613735
            ],
            [
              73.959037,
              24.8592778
            ],
            [
              73.9604221,
              24.8561979
            ],
            [
              73.960331,
              24.8548858
            ],
            [
              73.957324,
              24.8511499
            ],
            [
              73.9527315,
              24.8456462
            ],
            [
              73.9470821,
              24.8479607
            ],
            [
              73.9417607,
              24.8466485
            ],
            [
              73.9377879,
              24.8481065
            ],
            [
              73.9373687,
              24.8514779
            ],
            [
              73.9358743,
              24.8543755
            ],
            [
              73.9341613,
              24.8569815
            ],
            [
              73.9327763,
              24.8595329
            ],
            [
              73.9317922,
              24.8621025
            ],
            [
              73.9316099,
              24.8652552
            ],
            [
              73.9304071,
              24.8686267
            ],
            [
              73.9293501,
              24.8702486
            ],
            [
              73.9289128,
              24.8713785
            ],
            [
              73.9279651,
              24.8780485
            ],
            [
              73.9279104,
              24.8792877
            ],
            [
              73.9279469,
              24.8805999
            ],
            [
              73.9288945,
              24.8823494
            ],
            [
              73.9293501,
              24.883862
            ],
            [
              73.9289674,
              24.8845909
            ],
            [
              73.9221152,
              24.8879624
            ],
            [
              73.9139144,
              24.8919352
            ],
            [
              73.9100509,
              24.8851741
            ],
            [
              73.9077729,
              24.8799438
            ],
            [
              73.9056225,
              24.8780485
            ],
            [
              73.9012123,
              24.8754971
            ],
            [
              73.8967656,
              24.8755518
            ],
            [
              73.887526,
              24.8854474
            ],
            [
              73.8847195,
              24.885411
            ],
            [
              73.8840999,
              24.8865409
            ],
            [
              73.8831341,
              24.8862857
            ],
            [
              73.8818584,
              24.8864133
            ],
            [
              73.8804005,
              24.8862857
            ],
            [
              73.8785781,
              24.887361
            ],
            [
              73.8784323,
              24.8878166
            ],
            [
              73.8784323,
              24.8885273
            ],
            [
              73.8786509,
              24.8893292
            ],
            [
              73.8783958,
              24.8900217
            ],
            [
              73.8781042,
              24.8903497
            ],
            [
              73.8773024,
              24.8906413
            ],
            [
              73.8767192,
              24.8906231
            ],
            [
              73.8763729,
              24.8900946
            ],
            [
              73.8763183,
              24.8890558
            ],
            [
              73.8761907,
              24.888582
            ],
            [
              73.8759356,
              24.888181
            ],
            [
              73.8756622,
              24.8886366
            ],
            [
              73.8747692,
              24.8885273
            ],
            [
              73.8732384,
              24.8887278
            ],
            [
              73.8727281,
              24.8890922
            ],
            [
              73.8723637,
              24.8894749
            ],
            [
              73.8721814,
              24.8900217
            ],
            [
              73.8721814,
              24.8906777
            ],
            [
              73.8724912,
              24.8913338
            ],
            [
              73.8730562,
              24.8916983
            ],
            [
              73.8744959,
              24.8922268
            ],
            [
              73.8753889,
              24.892573
            ],
            [
              73.8743865,
              24.8933749
            ],
            [
              73.8730744,
              24.8936482
            ],
            [
              73.8717805,
              24.8939398
            ],
            [
              73.8715618,
              24.8948875
            ],
            [
              73.870359,
              24.8945777
            ],
            [
              73.8695572,
              24.8948693
            ],
            [
              73.8693749,
              24.8956893
            ],
            [
              73.8682086,
              24.8954524
            ],
            [
              73.867753,
              24.89558
            ],
            [
              73.867188,
              24.8962361
            ],
            [
              73.8666596,
              24.8969832
            ],
            [
              73.8661311,
              24.8973659
            ],
            [
              73.8649465,
              24.8974935
            ],
            [
              73.8641082,
              24.8981496
            ],
            [
              73.8631605,
              24.8984776
            ],
            [
              73.8612288,
              24.8982225
            ],
            [
              73.8598802,
              24.8986416
            ],
            [
              73.8596615,
              24.8978398
            ],
            [
              73.8575475,
              24.8973842
            ],
            [
              73.8544677,
              24.9000631
            ],
            [
              73.8527364,
              24.9025233
            ],
            [
              73.8515154,
              24.9024687
            ],
            [
              73.8506042,
              24.9025233
            ],
            [
              73.8488365,
              24.9029789
            ],
            [
              73.8477977,
              24.9038355
            ],
            [
              73.8471052,
              24.90502
            ],
            [
              73.8457384,
              24.9048925
            ],
            [
              73.8437338,
              24.9046373
            ],
            [
              73.840909,
              24.9052569
            ],
            [
              73.8393235,
              24.9067149
            ],
            [
              73.8376469,
              24.905184
            ],
            [
              73.8370455,
              24.9041817
            ],
            [
              73.8368633,
              24.902086
            ],
            [
              73.8369362,
              24.8976575
            ],
            [
              73.8373736,
              24.8960538
            ],
            [
              73.8345489,
              24.8941038
            ],
            [
              73.832198,
              24.8939763
            ],
            [
              73.829355,
              24.8937029
            ],
            [
              73.8278242,
              24.8935571
            ],
            [
              73.8277513,
              24.8922268
            ],
            [
              73.8254186,
              24.8905502
            ],
            [
              73.8239425,
              24.8900034
            ],
            [
              73.8216645,
              24.8885273
            ],
            [
              73.8182566,
              24.8847914
            ],
            [
              73.8156506,
              24.8818755
            ],
            [
              73.8119875,
              24.8775929
            ],
            [
              73.8078142,
              24.8734743
            ],
            [
              73.8030942,
              24.8691916
            ],
            [
              73.8030395,
              24.8679888
            ],
            [
              73.8029849,
              24.8671323
            ],
            [
              73.8028937,
              24.8662211
            ],
            [
              73.8024199,
              24.8656926
            ],
            [
              73.8012354,
              24.8652917
            ],
            [
              73.7998686,
              24.8650912
            ],
            [
              73.7992672,
              24.8648908
            ],
            [
              73.7978457,
              24.8638702
            ],
            [
              73.7970256,
              24.8627768
            ],
            [
              73.7995405,
              24.8623394
            ],
            [
              73.8028209,
              24.8617745
            ],
            [
              73.8062287,
              24.8594236
            ],
            [
              73.80991,
              24.8559245
            ],
            [
              73.8098553,
              24.8489083
            ],
            [
              73.8119693,
              24.8458467
            ],
            [
              73.8174183,
              24.8464663
            ],
            [
              73.8192589,
              24.8435322
            ],
            [
              73.8196052,
              24.8420379
            ],
            [
              73.8202795,
              24.8409991
            ],
            [
              73.8210449,
              24.8404888
            ],
            [
              73.8224117,
              24.8399603
            ],
            [
              73.8227579,
              24.8393772
            ],
            [
              73.822193,
              24.8387029
            ],
            [
              73.8215187,
              24.8377917
            ],
            [
              73.8213547,
              24.8366253
            ],
            [
              73.8224117,
              24.8351492
            ],
            [
              73.8245621,
              24.8326343
            ],
            [
              73.8235962,
              24.8301011
            ],
            [
              73.822849,
              24.8265839
            ],
            [
              73.822193,
              24.8231031
            ],
            [
              73.8201883,
              24.8217728
            ],
            [
              73.8168169,
              24.8194583
            ],
            [
              73.8120604,
              24.8171985
            ],
            [
              73.8030578,
              24.8180551
            ],
            [
              73.8023653,
              24.8155948
            ],
            [
              73.8004335,
              24.8125696
            ],
            [
              73.803404,
              24.8133168
            ],
            [
              73.8046979,
              24.8101458
            ],
            [
              73.8073769,
              24.8066468
            ],
            [
              73.8113132,
              24.8017446
            ],
            [
              73.8074315,
              24.7981544
            ],
            [
              73.7997774,
              24.7998675
            ],
            [
              73.7958046,
              24.8024371
            ],
            [
              73.7950939,
              24.803731
            ],
            [
              73.7889524,
              24.8036399
            ],
            [
              73.787786,
              24.8025464
            ],
            [
              73.7854716,
              24.8007787
            ],
            [
              73.7844146,
              24.7988105
            ],
            [
              73.7839772,
              24.7939811
            ],
            [
              73.7822824,
              24.7934527
            ],
            [
              73.7817903,
              24.7894251
            ],
            [
              73.7825011,
              24.7890971
            ],
            [
              73.7833941,
              24.7884593
            ],
            [
              73.7844328,
              24.7836481
            ],
            [
              73.7838679,
              24.7830285
            ],
            [
              73.782738,
              24.7822267
            ],
            [
              73.7821366,
              24.7812426
            ],
            [
              73.7816263,
              24.7814795
            ],
            [
              73.7809885,
              24.7821538
            ],
            [
              73.7802413,
              24.7824089
            ],
            [
              73.7787469,
              24.7818804
            ],
            [
              73.7785647,
              24.7796935
            ],
            [
              73.7773255,
              24.7801673
            ],
            [
              73.7765418,
              24.7800762
            ],
            [
              73.7757582,
              24.7794566
            ],
            [
              73.7760498,
              24.7771786
            ],
            [
              73.7794941,
              24.7747913
            ],
            [
              73.7830296,
              24.7739712
            ],
            [
              73.7840683,
              24.7714198
            ],
            [
              73.7805147,
              24.7677386
            ],
            [
              73.7804964,
              24.765497
            ],
            [
              73.7808245,
              24.7623443
            ],
            [
              73.7817539,
              24.7594102
            ],
            [
              73.779075,
              24.7544168
            ],
            [
              73.7853076,
              24.7524669
            ],
            [
              73.7871118,
              24.7517197
            ],
            [
              73.790064,
              24.746052
            ],
            [
              73.7957317,
              24.7472366
            ],
            [
              73.7969527,
              24.7478926
            ],
            [
              73.797955,
              24.7489496
            ],
            [
              73.7991578,
              24.7505716
            ],
            [
              73.800634,
              24.7511547
            ],
            [
              73.8017274,
              24.7519748
            ],
            [
              73.8103474,
              24.7505533
            ],
            [
              73.810803,
              24.7496239
            ],
            [
              73.8111857,
              24.7489132
            ],
            [
              73.8108212,
              24.748166
            ],
            [
              73.8099282,
              24.7473095
            ],
            [
              73.803568,
              24.7449039
            ],
            [
              73.7987751,
              24.7433731
            ],
            [
              73.793636,
              24.742717
            ],
            [
              73.7909024,
              24.7421521
            ],
            [
              73.7905014,
              24.7410222
            ],
            [
              73.7897542,
              24.7399287
            ],
            [
              73.7887884,
              24.738726
            ],
            [
              73.7874398,
              24.7366484
            ],
            [
              73.7865833,
              24.7348807
            ],
            [
              73.7861277,
              24.7334957
            ],
            [
              73.7854352,
              24.7310354
            ],
            [
              73.7855263,
              24.7299602
            ],
            [
              73.7856721,
              24.7288303
            ],
            [
              73.7852529,
              24.7274817
            ],
            [
              73.7843599,
              24.7257505
            ],
            [
              73.7837039,
              24.7244383
            ],
            [
              73.7806058,
              24.7232173
            ],
            [
              73.778911,
              24.7242014
            ],
            [
              73.7766876,
              24.7236547
            ],
            [
              73.773954,
              24.722543
            ],
            [
              73.7734984,
              24.7192445
            ],
            [
              73.7712751,
              24.7172034
            ],
            [
              73.7684686,
              24.7161282
            ],
            [
              73.7667009,
              24.7154903
            ],
            [
              73.7643682,
              24.7168389
            ],
            [
              73.7626551,
              24.7173127
            ],
            [
              73.7616528,
              24.7170212
            ],
            [
              73.7605776,
              24.7168936
            ],
            [
              73.7599398,
              24.7169118
            ],
            [
              73.7595024,
              24.7194267
            ],
            [
              73.7592837,
              24.7232355
            ],
            [
              73.7594295,
              24.7263701
            ],
            [
              73.7592837,
              24.7277004
            ],
            [
              73.7577164,
              24.7303611
            ],
            [
              73.7548188,
              24.7288121
            ],
            [
              73.7519197,
              24.7297548
            ],
            [
              73.7489032,
              24.7308898
            ],
            [
              73.7440967,
              24.7323321
            ],
            [
              73.7416505,
              24.7365417
            ],
            [
              73.738861,
              24.7395429
            ],
            [
              73.7359857,
              24.7464026
            ],
            [
              73.7343549,
              24.7515471
            ],
            [
              73.7329387,
              24.7550936
            ],
            [
              73.7334537,
              24.7589128
            ],
            [
              73.7327318,
              24.7595862
            ],
            [
              73.7311339,
              24.7612198
            ],
            [
              73.7295278,
              24.7626911
            ],
            [
              73.7280464,
              24.7652648
            ],
            [
              73.7260247,
              24.7676988
            ],
            [
              73.7245996,
              24.7687917
            ],
            [
              73.7235391,
              24.7694163
            ],
            [
              73.7214926,
              24.7693699
            ],
            [
              73.7196515,
              24.7692514
            ],
            [
              73.7183957,
              24.7726418
            ],
            [
              73.7175739,
              24.7757809
            ],
            [
              73.7165745,
              24.7763881
            ],
            [
              73.7131118,
              24.778981
            ],
            [
              73.7120853,
              24.7792041
            ],
            [
              73.7096709,
              24.7805711
            ],
            [
              73.7077474,
              24.7847475
            ],
            [
              73.7062025,
              24.7869684
            ],
            [
              73.70537,
              24.7886908
            ],
            [
              73.7038868,
              24.788075
            ],
            [
              73.7010955,
              24.7862281
            ],
            [
              73.7002366,
              24.7844389
            ],
            [
              73.7013048,
              24.7812132
            ],
            [
              73.700252,
              24.7794189
            ],
            [
              73.6997823,
              24.7773791
            ],
            [
              73.7008211,
              24.7759394
            ],
            [
              73.7030149,
              24.7739601
            ],
            [
              73.7037551,
              24.7709096
            ],
            [
              73.70626,
              24.7709534
            ],
            [
              73.7073817,
              24.7691717
            ],
            [
              73.7096051,
              24.7674105
            ],
            [
              73.7129455,
              24.7686544
            ],
            [
              73.7157614,
              24.7687089
            ],
            [
              73.7150001,
              24.7654986
            ],
            [
              73.7146167,
              24.7634924
            ],
            [
              73.7119102,
              24.7629656
            ],
            [
              73.7103653,
              24.7622642
            ],
            [
              73.7077474,
              24.7621473
            ],
            [
              73.7055587,
              24.7620693
            ],
            [
              73.7036817,
              24.7607163
            ],
            [
              73.7006952,
              24.7580798
            ],
            [
              73.7012342,
              24.7573323
            ],
            [
              73.7017822,
              24.7571201
            ],
            [
              73.7028551,
              24.7556392
            ],
            [
              73.7042713,
              24.7538075
            ],
            [
              73.70543,
              24.7519758
            ],
            [
              73.7052154,
              24.7505728
            ],
            [
              73.7033271,
              24.7497154
            ],
            [
              73.7011385,
              24.7494426
            ],
            [
              73.6980915,
              24.7490918
            ],
            [
              73.6954307,
              24.7489359
            ],
            [
              73.6929845,
              24.7481175
            ],
            [
              73.695774,
              24.7455062
            ],
            [
              73.6971473,
              24.7441031
            ],
            [
              73.6981344,
              24.7428559
            ],
            [
              73.6979627,
              24.7396599
            ],
            [
              73.6976194,
              24.7379839
            ],
            [
              73.6961603,
              24.7369315
            ],
            [
              73.6938428,
              24.7370874
            ],
            [
              73.6923408,
              24.7374772
            ],
            [
              73.6901521,
              24.7396599
            ],
            [
              73.6893367,
              24.7414528
            ],
            [
              73.6889934,
              24.7433236
            ],
            [
              73.6882639,
              24.7447267
            ],
            [
              73.6872339,
              24.7441031
            ],
            [
              73.6826419,
              24.7412189
            ],
            [
              73.6802816,
              24.7402835
            ],
            [
              73.6759901,
              24.739387
            ],
            [
              73.6707115,
              24.7386854
            ],
            [
              73.6668062,
              24.737789
            ],
            [
              73.6676216,
              24.7364248
            ],
            [
              73.6686086,
              24.7344369
            ],
            [
              73.669424,
              24.7325659
            ],
            [
              73.6698532,
              24.7304611
            ],
            [
              73.6697673,
              24.7278104
            ],
            [
              73.6685657,
              24.726641
            ],
            [
              73.6668062,
              24.7267969
            ],
            [
              73.6642742,
              24.7277715
            ],
            [
              73.6627292,
              24.7285511
            ],
            [
              73.6577081,
              24.7299933
            ],
            [
              73.6549186,
              24.7308898
            ],
            [
              73.6535883,
              24.7333845
            ],
            [
              73.6528587,
              24.7359181
            ],
            [
              73.6516141,
              24.7378669
            ],
            [
              73.6509275,
              24.7393481
            ],
            [
              73.6479663,
              24.7404394
            ],
            [
              73.6458206,
              24.741024
            ],
            [
              73.6462926,
              24.7430118
            ],
            [
              73.646636,
              24.7465585
            ],
            [
              73.6492538,
              24.7522876
            ],
            [
              73.6513784,
              24.7563502
            ],
            [
              73.6613114,
              24.7568771
            ],
            [
              73.667052,
              24.7598658
            ],
            [
              73.669494,
              24.7616335
            ],
            [
              73.6715533,
              24.7649321
            ],
            [
              73.6722458,
              24.7693787
            ],
            [
              73.6716444,
              24.7750829
            ],
            [
              73.6709884,
              24.7755749
            ],
            [
              73.666323,
              24.7772333
            ],
            [
              73.6616395,
              24.7777436
            ],
            [
              73.6587783,
              24.7780169
            ],
            [
              73.6531835,
              24.778108
            ],
            [
              73.6546961,
              24.782336
            ],
            [
              73.6552064,
              24.7846322
            ],
            [
              73.6549877,
              24.7886962
            ],
            [
              73.6538578,
              24.7907919
            ],
            [
              73.6520354,
              24.7931428
            ],
            [
              73.6506322,
              24.7943456
            ],
            [
              73.6484453,
              24.7952933
            ],
            [
              73.6512518,
              24.799503
            ],
            [
              73.6539489,
              24.80528
            ],
            [
              73.6574297,
              24.8123874
            ],
            [
              73.6588694,
              24.8128977
            ],
            [
              73.6593068,
              24.8141187
            ],
            [
              73.6613297,
              24.8143556
            ],
            [
              73.6635712,
              24.8197317
            ],
            [
              73.6649745,
              24.8231213
            ],
            [
              73.6644642,
              24.8258185
            ],
            [
              73.662988,
              24.8263105
            ],
            [
              73.6651749,
              24.8346025
            ],
            [
              73.6749977,
              24.8327983
            ],
            [
              73.6778771,
              24.8337095
            ],
            [
              73.6790616,
              24.8339282
            ],
            [
              73.6803191,
              24.8343655
            ],
            [
              73.6815036,
              24.8352767
            ],
            [
              73.684055,
              24.8381197
            ],
            [
              73.6841826,
              24.8398692
            ],
            [
              73.684055,
              24.843186
            ],
            [
              73.6872989,
              24.8451724
            ],
            [
              73.6855676,
              24.84612
            ],
            [
              73.6878091,
              24.851241
            ],
            [
              73.6869162,
              24.8519335
            ],
            [
              73.6871531,
              24.8550133
            ],
            [
              73.6883012,
              24.8553596
            ],
            [
              73.6883376,
              24.855797
            ],
            [
              73.6874811,
              24.8575829
            ],
            [
              73.6887203,
              24.8595876
            ],
            [
              73.6889755,
              24.861738
            ],
            [
              73.6870275,
              24.8637642
            ],
            [
              73.6844377,
              24.866458
            ],
            [
              73.6820321,
              24.8665491
            ],
            [
              73.6803555,
              24.8664763
            ],
            [
              73.6780775,
              24.8672052
            ],
            [
              73.6770023,
              24.8673875
            ],
            [
              73.6767472,
              24.8669319
            ],
            [
              73.6736673,
              24.8683351
            ],
            [
              73.6713529,
              24.8715425
            ],
            [
              73.6689655,
              24.8716701
            ],
            [
              73.6677627,
              24.8750051
            ],
            [
              73.6654483,
              24.8747864
            ],
            [
              73.6652296,
              24.8725813
            ],
            [
              73.6597259,
              24.8764083
            ],
            [
              73.6534933,
              24.8810919
            ],
            [
              73.6506686,
              24.8812012
            ],
            [
              73.6471696,
              24.8803994
            ],
            [
              73.646222,
              24.8818391
            ],
            [
              73.6404267,
              24.881748
            ],
            [
              73.636545,
              24.8802718
            ],
            [
              73.6304946,
              24.8775018
            ],
            [
              73.6297657,
              24.8783583
            ],
            [
              73.6244443,
              24.8758069
            ],
            [
              73.6232415,
              24.8790508
            ],
            [
              73.6189406,
              24.8748228
            ],
            [
              73.6188313,
              24.8732191
            ],
            [
              73.6160248,
              24.8723079
            ],
            [
              73.6150407,
              24.8731645
            ],
            [
              73.6121248,
              24.8733831
            ],
            [
              73.6088263,
              24.869957
            ],
            [
              73.6076964,
              24.8718523
            ],
            [
              73.6056189,
              24.8781032
            ],
            [
              73.6060562,
              24.8816022
            ],
            [
              73.6004432,
              24.883625
            ],
            [
              73.596598,
              24.8849372
            ],
            [
              73.5964886,
              24.8876525
            ],
            [
              73.5942289,
              24.8892563
            ],
            [
              73.5919144,
              24.8889647
            ],
            [
              73.5921695,
              24.8923179
            ],
            [
              73.5917322,
              24.8926641
            ],
            [
              73.590821,
              24.8923179
            ],
            [
              73.5879598,
              24.8934842
            ],
            [
              73.5880874,
              24.8953066
            ],
            [
              73.5836407,
              24.8976029
            ],
            [
              73.5834949,
              24.8990061
            ],
            [
              73.5816725,
              24.8990061
            ],
            [
              73.5816543,
              24.8971108
            ],
            [
              73.5806702,
              24.8953978
            ],
            [
              73.5806338,
              24.8918076
            ],
            [
              73.5783011,
              24.8914796
            ],
            [
              73.5773534,
              24.8912062
            ],
            [
              73.5760595,
              24.8904773
            ],
            [
              73.5728703,
              24.890459
            ],
            [
              73.5710844,
              24.8913702
            ],
            [
              73.5690652,
              24.8927655
            ],
            [
              73.5661639,
              24.8959445
            ],
            [
              73.5665377,
              24.8984567
            ],
            [
              73.5675489,
              24.9042364
            ],
            [
              73.5681868,
              24.9131297
            ],
            [
              73.565198,
              24.9123279
            ],
            [
              73.5606785,
              24.911854
            ],
            [
              73.5594392,
              24.9125283
            ],
            [
              73.5576351,
              24.9124736
            ],
            [
              73.5540814,
              24.9123643
            ],
            [
              73.5539174,
              24.9115624
            ],
            [
              73.5499081,
              24.9127835
            ],
            [
              73.5483044,
              24.9123643
            ],
            [
              73.5480128,
              24.9099587
            ],
            [
              73.5465184,
              24.9110704
            ],
            [
              73.5443862,
              24.912255
            ],
            [
              73.5437484,
              24.9105237
            ],
            [
              73.540705,
              24.9120909
            ],
            [
              73.5399942,
              24.9146788
            ],
            [
              73.537862,
              24.9149703
            ],
            [
              73.5358938,
              24.9220048
            ],
            [
              73.5354382,
              24.9251211
            ],
            [
              73.5359485,
              24.9277089
            ],
            [
              73.5364405,
              24.9335042
            ],
            [
              73.5361489,
              24.9345976
            ],
            [
              73.5359485,
              24.9355999
            ],
            [
              73.5355658,
              24.9363653
            ],
            [
              73.5337798,
              24.9382788
            ],
            [
              73.5322308,
              24.9400283
            ],
            [
              73.5323766,
              24.9439647
            ],
            [
              73.5328686,
              24.9473544
            ],
            [
              73.5333425,
              24.9489581
            ],
            [
              73.5339985,
              24.9504525
            ],
            [
              73.5342537,
              24.9516553
            ],
            [
              73.5342537,
              24.9531132
            ],
            [
              73.5334882,
              24.9530038
            ],
            [
              73.5330144,
              24.9535141
            ],
            [
              73.5319757,
              24.9542613
            ],
            [
              73.5307546,
              24.9551178
            ],
            [
              73.5298434,
              24.9548627
            ],
            [
              73.5293149,
              24.9556099
            ],
            [
              73.5282215,
              24.9557192
            ],
            [
              73.527857,
              24.956193
            ],
            [
              73.5278024,
              24.9571225
            ],
            [
              73.5279664,
              24.9595827
            ],
            [
              73.5277477,
              24.9612229
            ],
            [
              73.5270187,
              24.9621705
            ],
            [
              73.5263991,
              24.962863
            ],
            [
              73.5264356,
              24.963756
            ],
            [
              73.5265267,
              24.9656149
            ],
            [
              73.5253057,
              24.9672732
            ],
            [
              73.5231735,
              24.9688769
            ],
            [
              73.5202758,
              24.9693508
            ],
            [
              73.5139703,
              24.9705536
            ],
            [
              73.5080658,
              24.9740161
            ],
            [
              73.5102709,
              24.9769137
            ],
            [
              73.5127493,
              24.9807772
            ],
            [
              73.5153736,
              24.9854426
            ],
            [
              73.5171049,
              24.9885042
            ],
            [
              73.5186539,
              24.9905453
            ],
            [
              73.5190366,
              24.9936616
            ],
            [
              73.5208226,
              24.994099
            ],
            [
              73.5224263,
              24.9946092
            ],
            [
              73.5236291,
              24.9955933
            ],
            [
              73.5242487,
              24.996541
            ],
            [
              73.5254879,
              24.9988919
            ],
            [
              73.5265813,
              25.0011152
            ],
            [
              73.5284766,
              25.0029376
            ],
            [
              73.5286771,
              25.0037395
            ],
            [
              73.5292603,
              25.0057806
            ],
            [
              73.5320485,
              25.0108468
            ],
            [
              73.5288229,
              25.0123959
            ],
            [
              73.5247954,
              25.0143458
            ],
            [
              73.5196927,
              25.0166785
            ],
            [
              73.5161572,
              25.0178266
            ],
            [
              73.5107629,
              25.0200135
            ],
            [
              73.506134,
              25.0218906
            ],
            [
              73.5037831,
              25.0225831
            ],
            [
              73.5023252,
              25.022492
            ],
            [
              73.5016509,
              25.0219453
            ],
            [
              73.5002112,
              25.0193757
            ],
            [
              73.4992003,
              25.0178149
            ],
            [
              73.4963679,
              25.0143926
            ],
            [
              73.4938574,
              25.0104647
            ],
            [
              73.4913468,
              25.0064199
            ],
            [
              73.4872484,
              25.0071589
            ],
            [
              73.4838152,
              25.0081506
            ],
            [
              73.4818196,
              25.0089674
            ],
            [
              73.4803176,
              25.0100369
            ],
            [
              73.4801459,
              25.0115536
            ],
            [
              73.4807896,
              25.0133232
            ],
            [
              73.4820342,
              25.0167843
            ],
            [
              73.4814977,
              25.0182427
            ],
            [
              73.4802317,
              25.019876
            ],
            [
              73.4792018,
              25.0209065
            ],
            [
              73.4776354,
              25.0222287
            ],
            [
              73.4751034,
              25.0237064
            ],
            [
              73.4742021,
              25.0245814
            ],
            [
              73.4740734,
              25.0259619
            ],
            [
              73.4754681,
              25.0278284
            ],
            [
              73.4784078,
              25.0316391
            ],
            [
              73.4825277,
              25.037355
            ],
            [
              73.4848881,
              25.0407183
            ],
            [
              73.4884071,
              25.0453451
            ],
            [
              73.4909391,
              25.0482417
            ],
            [
              73.4936213,
              25.0510021
            ],
            [
              73.4955954,
              25.0536069
            ],
            [
              73.4961962,
              25.0559978
            ],
            [
              73.4965825,
              25.0592829
            ],
            [
              73.4983206,
              25.061907
            ],
            [
              73.4996509,
              25.0650169
            ],
            [
              73.500359,
              25.0657555
            ],
            [
              73.5007453,
              25.0682628
            ],
            [
              73.5007453,
              25.0725777
            ],
            [
              73.5009384,
              25.0749682
            ],
            [
              73.5020542,
              25.0759011
            ],
            [
              73.5043072,
              25.0770089
            ],
            [
              73.5048866,
              25.078486
            ],
            [
              73.5052085,
              25.0798853
            ],
            [
              73.504436,
              25.0815178
            ],
            [
              73.5024404,
              25.0828782
            ],
            [
              73.5005951,
              25.0846661
            ],
            [
              73.5008955,
              25.0865317
            ],
            [
              73.5032558,
              25.0890581
            ],
            [
              73.504039,
              25.0920628
            ],
            [
              73.5036099,
              25.0948684
            ],
            [
              73.5013668,
              25.0964055
            ],
            [
              73.4920006,
              25.1017576
            ],
            [
              73.4880604,
              25.1049079
            ],
            [
              73.4852725,
              25.1038722
            ],
            [
              73.4810549,
              25.103678
            ],
            [
              73.4771233,
              25.1032896
            ],
            [
              73.4749788,
              25.1035485
            ],
            [
              73.4712616,
              25.1030954
            ],
            [
              73.46926,
              25.0991466
            ],
            [
              73.4683307,
              25.0976577
            ],
            [
              73.4637557,
              25.0950036
            ],
            [
              73.4609678,
              25.0939678
            ],
            [
              73.4543198,
              25.0911841
            ],
            [
              73.4457277,
              25.0891255
            ],
            [
              73.4327316,
              25.0888534
            ],
            [
              73.4305871,
              25.0888535
            ],
            [
              73.4247968,
              25.0885945
            ],
            [
              73.4162187,
              25.0880118
            ],
            [
              73.4101426,
              25.0876234
            ],
            [
              73.4089988,
              25.0835447
            ],
            [
              73.4075691,
              25.0810844
            ],
            [
              73.4049242,
              25.079919
            ],
            [
              73.3996344,
              25.0784299
            ],
            [
              73.3917711,
              25.0695595
            ],
            [
              73.3900555,
              25.067358
            ],
            [
              73.3886258,
              25.0641204
            ],
            [
              73.387911,
              25.0606237
            ],
            [
              73.3864813,
              25.0562203
            ],
            [
              73.3846942,
              25.0530471
            ],
            [
              73.3791184,
              25.0452111
            ],
            [
              73.3768309,
              25.0421672
            ],
            [
              73.3737571,
              25.039188
            ],
            [
              73.3714696,
              25.034719
            ],
            [
              73.367395,
              25.0315454
            ],
            [
              73.3601036,
              25.0278534
            ],
            [
              73.353956,
              25.0229954
            ],
            [
              73.3537415,
              25.0207283
            ],
            [
              73.3533126,
              25.0180077
            ],
            [
              73.3541704,
              25.0154165
            ],
            [
              73.3548138,
              25.0126958
            ],
            [
              73.3507392,
              25.0108172
            ],
            [
              73.3463072,
              25.0115298
            ],
            [
              73.3443056,
              25.0112707
            ],
            [
              73.344663,
              25.0083555
            ],
            [
              73.3458068,
              25.0036263
            ],
            [
              73.3440912,
              25.0010997
            ],
            [
              73.3433048,
              24.9990913
            ],
            [
              73.3423755,
              24.9961758
            ],
            [
              73.3435193,
              24.993649
            ],
            [
              73.3460927,
              24.9919645
            ],
            [
              73.3472365,
              24.988984
            ],
            [
              73.3457353,
              24.9863275
            ],
            [
              73.3437337,
              24.9863923
            ],
            [
              73.3389443,
              24.9856148
            ],
            [
              73.3330111,
              24.9790056
            ],
            [
              73.3306521,
              24.9751177
            ],
            [
              73.3309381,
              24.9725905
            ],
            [
              73.3320818,
              24.9693504
            ],
            [
              73.3345123,
              24.9670822
            ],
            [
              73.3372287,
              24.9653325
            ],
            [
              73.3405169,
              24.9628699
            ],
            [
              73.344806,
              24.9610553
            ],
            [
              73.3488091,
              24.960148
            ],
            [
              73.349524,
              24.9580741
            ],
            [
              73.3470935,
              24.955417
            ],
            [
              73.3461642,
              24.9534726
            ],
            [
              73.3436623,
              24.9497783
            ],
            [
              73.3453064,
              24.9476395
            ],
            [
              73.3443056,
              24.9432968
            ],
            [
              73.3435908,
              24.9394078
            ],
            [
              73.342733,
              24.9367502
            ],
            [
              73.3412318,
              24.9340926
            ],
            [
              73.3385154,
              24.9326665
            ],
            [
              73.3369427,
              24.9294253
            ],
            [
              73.3370142,
              24.9250172
            ],
            [
              73.3367998,
              24.9200255
            ],
            [
              73.3347982,
              24.912959
            ],
            [
              73.3318674,
              24.9065404
            ],
            [
              73.3280072,
              24.905503
            ],
            [
              73.3239326,
              24.905503
            ],
            [
              73.3210732,
              24.9053085
            ],
            [
              73.3187143,
              24.9038821
            ],
            [
              73.3167842,
              24.8999269
            ],
            [
              73.3165697,
              24.8970091
            ],
            [
              73.3132815,
              24.8938967
            ],
            [
              73.3088494,
              24.8923405
            ],
            [
              73.3078487,
              24.8865045
            ],
            [
              73.3054897,
              24.8834566
            ],
            [
              73.3009147,
              24.8785929
            ],
            [
              73.2981983,
              24.8751558
            ],
            [
              73.2957678,
              24.8722374
            ],
            [
              73.2934803,
              24.868865
            ],
            [
              73.2902635,
              24.8699675
            ],
            [
              73.2874757,
              24.8717186
            ],
            [
              73.2856171,
              24.8734696
            ],
            [
              73.2834011,
              24.8769717
            ],
            [
              73.2812565,
              24.8761934
            ],
            [
              73.2791835,
              24.8737291
            ],
            [
              73.2762526,
              24.8745073
            ],
            [
              73.272178,
              24.8734048
            ],
            [
              73.2732503,
              24.8697081
            ],
            [
              73.2736792,
              24.8649736
            ],
            [
              73.2730359,
              24.8625414
            ],
            [
              73.2695498,
              24.8524844
            ],
            [
              73.2685323,
              24.851677
            ],
            [
              73.2640288,
              24.8471364
            ],
            [
              73.2600972,
              24.8422713
            ],
            [
              73.254164,
              24.8348759
            ],
            [
              73.2496605,
              24.830724
            ],
            [
              73.2434414,
              24.8265718
            ],
            [
              73.2405105,
              24.8200839
            ],
            [
              73.2397242,
              24.8112597
            ],
            [
              73.2397957,
              24.7984117
            ],
            [
              73.2391523,
              24.7947127
            ],
            [
              73.2366504,
              24.7902349
            ],
            [
              73.2346488,
              24.7856921
            ],
            [
              73.2329332,
              24.7846537
            ],
            [
              73.2304313,
              24.7849133
            ],
            [
              73.2215672,
              24.78699
            ],
            [
              73.2154196,
              24.7845239
            ],
            [
              73.2127747,
              24.7845239
            ],
            [
              73.2087715,
              24.7840047
            ],
            [
              73.2059837,
              24.7823173
            ],
            [
              73.2034817,
              24.7793967
            ],
            [
              73.199836,
              24.77719
            ],
            [
              73.1970481,
              24.7768005
            ],
            [
              73.1933309,
              24.7743991
            ],
            [
              73.1888274,
              24.7701153
            ],
            [
              73.1803923,
              24.7662208
            ],
            [
              73.1736013,
              24.764598
            ],
            [
              73.1631646,
              24.7576524
            ],
            [
              73.1592641,
              24.7517043
            ],
            [
              73.1474875,
              24.7487022
            ],
            [
              73.1462001,
              24.7435575
            ],
            [
              73.1492471,
              24.7395624
            ],
            [
              73.149805,
              24.7346903
            ],
            [
              73.1487321,
              24.7312991
            ],
            [
              73.1475305,
              24.7281028
            ],
            [
              73.1464576,
              24.725608
            ],
            [
              73.1462001,
              24.7232692
            ],
            [
              73.1475734,
              24.7206574
            ],
            [
              73.148818,
              24.7154531
            ],
            [
              73.1492471,
              24.7042642
            ],
            [
              73.1477451,
              24.6989617
            ],
            [
              73.146801,
              24.693854
            ],
            [
              73.1462431,
              24.6907737
            ],
            [
              73.1453418,
              24.689214
            ],
            [
              73.1441402,
              24.6878883
            ],
            [
              73.1423378,
              24.6864455
            ],
            [
              73.1385183,
              24.683521
            ],
            [
              73.1395912,
              24.6822732
            ],
            [
              73.1408786,
              24.6809474
            ],
            [
              73.1422948,
              24.6799335
            ],
            [
              73.1420803,
              24.6791146
            ],
            [
              73.1410503,
              24.6788416
            ],
            [
              73.1389904,
              24.6782957
            ],
            [
              73.1384754,
              24.6770088
            ],
            [
              73.1382179,
              24.675176
            ],
            [
              73.1369733,
              24.6726802
            ],
            [
              73.136115,
              24.6693654
            ],
            [
              73.1341409,
              24.6682344
            ],
            [
              73.1301498,
              24.6688194
            ],
            [
              73.1258583,
              24.6685074
            ],
            [
              73.1238412,
              24.6677274
            ],
            [
              73.1190776,
              24.6622284
            ],
            [
              73.1162023,
              24.6586403
            ],
            [
              73.1146574,
              24.6572752
            ],
            [
              73.1126833,
              24.6572752
            ],
            [
              73.1089067,
              24.6570022
            ],
            [
              73.1080913,
              24.65357
            ],
            [
              73.106246,
              24.6475243
            ],
            [
              73.1048297,
              24.6440527
            ],
            [
              73.1030273,
              24.6422194
            ],
            [
              73.1007099,
              24.639723
            ],
            [
              73.0980062,
              24.6373825
            ],
            [
              73.0965471,
              24.6355881
            ],
            [
              73.0948305,
              24.6346909
            ],
            [
              73.0927276,
              24.6338717
            ],
            [
              73.0908393,
              24.6332085
            ],
            [
              73.0875778,
              24.6321552
            ],
            [
              73.0875778,
              24.6298926
            ],
            [
              73.0883073,
              24.6289563
            ],
            [
              73.0892086,
              24.627747
            ],
            [
              73.0899381,
              24.6259915
            ],
            [
              73.089981,
              24.6250942
            ],
            [
              73.0898094,
              24.6225584
            ],
            [
              73.0891227,
              24.6193982
            ],
            [
              73.0887365,
              24.6178767
            ],
            [
              73.0885219,
              24.6150676
            ],
            [
              73.0882644,
              24.6121024
            ],
            [
              73.0887794,
              24.6081227
            ],
            [
              73.0882644,
              24.6060937
            ],
            [
              73.0856466,
              24.6030893
            ],
            [
              73.0780935,
              24.5910708
            ],
            [
              73.074789,
              24.5904854
            ],
            [
              73.0728149,
              24.5899001
            ],
            [
              73.0703687,
              24.5830318
            ],
            [
              73.0710125,
              24.5801439
            ],
            [
              73.0658197,
              24.5736653
            ],
            [
              73.0595111,
              24.5624247
            ],
            [
              73.0557346,
              24.553486
            ],
            [
              73.0530309,
              24.5541106
            ],
            [
              73.0512714,
              24.5540325
            ],
            [
              73.0493402,
              24.5527444
            ],
            [
              73.0484819,
              24.551183
            ],
            [
              73.0483102,
              24.5492312
            ],
            [
              73.0482673,
              24.5469671
            ],
            [
              73.0487394,
              24.5447029
            ],
            [
              73.0492544,
              24.541697
            ],
            [
              73.0429029,
              24.5355288
            ],
            [
              73.0383968,
              24.5302973
            ],
            [
              73.0344486,
              24.5270958
            ],
            [
              73.0314016,
              24.5252217
            ],
            [
              73.0285692,
              24.5235038
            ],
            [
              73.0252647,
              24.5217468
            ],
            [
              73.0219173,
              24.5195213
            ],
            [
              73.0220031,
              24.5164757
            ],
            [
              73.0212736,
              24.5122196
            ],
            [
              73.0202865,
              24.5094862
            ],
            [
              73.0192565,
              24.50769
            ],
            [
              73.0181407,
              24.5060109
            ],
            [
              73.0162525,
              24.5035117
            ],
            [
              73.0152225,
              24.5020278
            ],
            [
              73.0135059,
              24.4979665
            ],
            [
              73.0140746,
              24.4962774
            ],
            [
              73.015008,
              24.4954964
            ],
            [
              73.0153298,
              24.4945298
            ],
            [
              73.0153513,
              24.4933094
            ],
            [
              73.0148148,
              24.4924502
            ],
            [
              73.01386,
              24.4915129
            ],
            [
              73.0131519,
              24.4908685
            ],
            [
              73.0127656,
              24.4898043
            ],
            [
              73.011682,
              24.4887303
            ],
            [
              73.0096864,
              24.4881054
            ],
            [
              73.0079913,
              24.4878711
            ],
            [
              73.0066824,
              24.487461
            ],
            [
              73.0044078,
              24.4863675
            ],
            [
              73.0019617,
              24.4850787
            ],
            [
              73.0014038,
              24.4844928
            ],
            [
              73.0006313,
              24.4837507
            ],
            [
              73.0017471,
              24.4829696
            ],
            [
              73.0043649,
              24.481505
            ],
            [
              73.0056524,
              24.4798646
            ],
            [
              73.0061244,
              24.4767595
            ],
            [
              73.0063819,
              24.475119
            ],
            [
              73.0057811,
              24.4731661
            ],
            [
              73.003807,
              24.4713693
            ],
            [
              73.0014896,
              24.4696507
            ],
            [
              73.0002021,
              24.4682445
            ]
          ]
        ]
      }
    }
  ]
}