{
  "type": "FeatureCollection",
  "features": [
    {
      "type": "Feature",
      "properties": {
        "name": "Bhilwara District",
        "admin_level": "5",
        "source": "OpenStreetMap/Nominatim"
      },
      "bbox": [
        74.0125427,
        25.0140255,
        75.460841,
        25.9280247
      ],
      "geometry": {
        "type": "Polygon",
        "coordinates": [
          [
            [
              74.0125427,
              25.3881385
            ],
            [
              74.0148299,
              25.3880565
            ],
            [
              74.0141191,
              25.3864527
            ],
            [
              74.0129801,
              25.3856782
            ],
            [
              74.0131806,
              25.3849219
            ],
            [
              74.0127888,
              25.3839105
            ],
            [
              74.0133537,
              25.3833547
            ],
            [
              74.0133993,
              25.3827624
            ],
            [
              74.0133355,
              25.3818056
            ],
            [
              74.0131624,
              25.3809309
            ],
            [
              74.013299,
              25.3800652
            ],
            [
              74.0139916,
              25.3780879
            ],
            [
              74.0149392,
              25.3772132
            ],
            [
              74.0166978,
              25.3763384
            ],
            [
              74.0197412,
              25.3756003
            ],
            [
              74.0209896,
              25.3755183
            ],
            [
              74.0212994,
              25.3748532
            ],
            [
              74.0215181,
              25.3727938
            ],
            [
              74.0219372,
              25.368411
            ],
            [
              74.0237687,
              25.3664883
            ],
            [
              74.0243975,
              25.3659963
            ],
            [
              74.0259374,
              25.3647206
            ],
            [
              74.0256276,
              25.3627251
            ],
            [
              74.0247437,
              25.3600006
            ],
            [
              74.0242061,
              25.3580324
            ],
            [
              74.0241059,
              25.3569025
            ],
            [
              74.0238599,
              25.3553352
            ],
            [
              74.0236412,
              25.3545425
            ],
            [
              74.02314,
              25.3534035
            ],
            [
              74.0227846,
              25.3527474
            ],
            [
              74.0214087,
              25.3521916
            ],
            [
              74.0218005,
              25.3499045
            ],
            [
              74.0220557,
              25.3477814
            ],
            [
              74.0240421,
              25.3462415
            ],
            [
              74.026721,
              25.344173
            ],
            [
              74.0277689,
              25.342214
            ],
            [
              74.0291084,
              25.3401911
            ],
            [
              74.0302109,
              25.3400818
            ],
            [
              74.0316324,
              25.3393163
            ],
            [
              74.0325983,
              25.3371568
            ],
            [
              74.0341746,
              25.3341043
            ],
            [
              74.0358604,
              25.3328195
            ],
            [
              74.0373638,
              25.3305962
            ],
            [
              74.0405348,
              25.330587
            ],
            [
              74.0422114,
              25.3296576
            ],
            [
              74.04592,
              25.3290927
            ],
            [
              74.0482436,
              25.3282999
            ],
            [
              74.0483256,
              25.3275983
            ],
            [
              74.0491001,
              25.3254205
            ],
            [
              74.0496742,
              25.324072
            ],
            [
              74.0507403,
              25.3233703
            ],
            [
              74.0514783,
              25.3232883
            ],
            [
              74.052508,
              25.3233612
            ],
            [
              74.0547222,
              25.3237166
            ],
            [
              74.0577292,
              25.3239079
            ],
            [
              74.0600436,
              25.3237439
            ],
            [
              74.0614104,
              25.323507
            ],
            [
              74.0632966,
              25.3225776
            ],
            [
              74.0652101,
              25.3214933
            ],
            [
              74.067725,
              25.3195342
            ],
            [
              74.0688292,
              25.3205726
            ],
            [
              74.0713516,
              25.323589
            ],
            [
              74.075124,
              25.3261039
            ],
            [
              74.0781127,
              25.3233157
            ],
            [
              74.0789692,
              25.3223498
            ],
            [
              74.0814295,
              25.3209101
            ],
            [
              74.0819215,
              25.320254
            ],
            [
              74.0829785,
              25.3147868
            ],
            [
              74.081229,
              25.3131649
            ],
            [
              74.0802814,
              25.3124906
            ],
            [
              74.0788781,
              25.3102673
            ],
            [
              74.0795342,
              25.3087729
            ],
            [
              74.0797347,
              25.3085907
            ],
            [
              74.0806823,
              25.3088823
            ],
            [
              74.0810103,
              25.3082991
            ],
            [
              74.0816299,
              25.3087182
            ],
            [
              74.0813748,
              25.3096477
            ],
            [
              74.082614,
              25.3104313
            ],
            [
              74.0833612,
              25.3098299
            ],
            [
              74.0838715,
              25.3091921
            ],
            [
              74.0834523,
              25.3080804
            ],
            [
              74.08245,
              25.307151
            ],
            [
              74.0816846,
              25.3073879
            ],
            [
              74.0801903,
              25.3075337
            ],
            [
              74.0794248,
              25.3063127
            ],
            [
              74.0809921,
              25.3051099
            ],
            [
              74.0792062,
              25.3035426
            ],
            [
              74.0770739,
              25.3006268
            ],
            [
              74.0760352,
              25.3004992
            ],
            [
              74.0738118,
              25.3004628
            ],
            [
              74.0724997,
              25.3006268
            ],
            [
              74.0709142,
              25.3011553
            ],
            [
              74.0690007,
              25.3017931
            ],
            [
              74.0677979,
              25.3019207
            ],
            [
              74.0669414,
              25.3018296
            ],
            [
              74.0626952,
              25.3012828
            ],
            [
              74.0621667,
              25.3007361
            ],
            [
              74.0609457,
              25.3011917
            ],
            [
              74.0591962,
              25.3013922
            ],
            [
              74.0582668,
              25.301702
            ],
            [
              74.0555544,
              25.3028238
            ],
            [
              74.0540476,
              25.3033602
            ],
            [
              74.0527996,
              25.3031964
            ],
            [
              74.0515057,
              25.3021758
            ],
            [
              74.0499384,
              25.301866
            ],
            [
              74.0478244,
              25.3017384
            ],
            [
              74.0462754,
              25.3016838
            ],
            [
              74.0450361,
              25.3007179
            ],
            [
              74.0455829,
              25.3020665
            ],
            [
              74.0457469,
              25.3031599
            ],
            [
              74.0456193,
              25.3041805
            ],
            [
              74.0454006,
              25.3056202
            ],
            [
              74.0439245,
              25.3062762
            ],
            [
              74.0429586,
              25.3068229
            ],
            [
              74.0418834,
              25.3074243
            ],
            [
              74.0414642,
              25.3082444
            ],
            [
              74.0412091,
              25.3091921
            ],
            [
              74.0411544,
              25.3099939
            ],
            [
              74.0384755,
              25.3119803
            ],
            [
              74.0375096,
              25.3124177
            ],
            [
              74.0319513,
              25.3143495
            ],
            [
              74.0277416,
              25.3140214
            ],
            [
              74.0255729,
              25.3133654
            ],
            [
              74.0243154,
              25.3163177
            ],
            [
              74.0226206,
              25.3158074
            ],
            [
              74.0225826,
              25.3127851
            ],
            [
              74.0224978,
              25.3109462
            ],
            [
              74.0224832,
              25.3085678
            ],
            [
              74.0237586,
              25.3087491
            ],
            [
              74.0252813,
              25.3082626
            ],
            [
              74.0276687,
              25.3064949
            ],
            [
              74.0298738,
              25.3044174
            ],
            [
              74.031277,
              25.302923
            ],
            [
              74.0325891,
              25.302759
            ],
            [
              74.0337737,
              25.3023581
            ],
            [
              74.0355232,
              25.3020847
            ],
            [
              74.0363797,
              25.3019025
            ],
            [
              74.0367989,
              25.3013011
            ],
            [
              74.0365255,
              25.3000983
            ],
            [
              74.0369082,
              25.2996427
            ],
            [
              74.0373456,
              25.2988226
            ],
            [
              74.0374367,
              25.2958521
            ],
            [
              74.0367624,
              25.2943577
            ],
            [
              74.0361975,
              25.2913143
            ],
            [
              74.035505,
              25.2899111
            ],
            [
              74.0343204,
              25.2885807
            ],
            [
              74.0329901,
              25.2878153
            ],
            [
              74.031605,
              25.2873962
            ],
            [
              74.0317691,
              25.2865943
            ],
            [
              74.030056,
              25.2857013
            ],
            [
              74.028835,
              25.2843345
            ],
            [
              74.0287621,
              25.2837878
            ],
            [
              74.0288714,
              25.2830042
            ],
            [
              74.0288532,
              25.2824757
            ],
            [
              74.0282518,
              25.2817103
            ],
            [
              74.0276869,
              25.2780837
            ],
            [
              74.0280878,
              25.2765529
            ],
            [
              74.0278873,
              25.2752954
            ],
            [
              74.0275958,
              25.2745847
            ],
            [
              74.0283247,
              25.2725983
            ],
            [
              74.0279602,
              25.2716688
            ],
            [
              74.0308396,
              25.2681152
            ],
            [
              74.0299831,
              25.2663474
            ],
            [
              74.0298373,
              25.2622835
            ],
            [
              74.0346667,
              25.2616456
            ],
            [
              74.0388946,
              25.2630853
            ],
            [
              74.0409904,
              25.2600966
            ],
            [
              74.0425941,
              25.2566523
            ],
            [
              74.0435053,
              25.2540827
            ],
            [
              74.0444894,
              25.2494355
            ],
            [
              74.0460202,
              25.2465015
            ],
            [
              74.0472595,
              25.244588
            ],
            [
              74.0477151,
              25.2433487
            ],
            [
              74.0474235,
              25.2407609
            ],
            [
              74.0471319,
              25.2383189
            ],
            [
              74.0474964,
              25.2374077
            ],
            [
              74.0506856,
              25.2359862
            ],
            [
              74.0528542,
              25.2378086
            ],
            [
              74.0563532,
              25.2400502
            ],
            [
              74.05772,
              25.2412894
            ],
            [
              74.0590686,
              25.2419455
            ],
            [
              74.0627863,
              25.2434581
            ],
            [
              74.0692741,
              25.2429478
            ],
            [
              74.0728095,
              25.241909
            ],
            [
              74.0755431,
              25.241089
            ],
            [
              74.0757983,
              25.2415628
            ],
            [
              74.0771651,
              25.2409978
            ],
            [
              74.0773291,
              25.2415446
            ],
            [
              74.0798258,
              25.2406516
            ],
            [
              74.0803907,
              25.2414899
            ],
            [
              74.0848009,
              25.2399591
            ],
            [
              74.0890107,
              25.2381184
            ],
            [
              74.0891929,
              25.2376628
            ],
            [
              74.091963,
              25.2354942
            ],
            [
              74.0934027,
              25.2343825
            ],
            [
              74.0972661,
              25.2337082
            ],
            [
              74.0980498,
              25.2359862
            ],
            [
              74.0994895,
              25.236296
            ],
            [
              74.1017675,
              25.2374624
            ],
            [
              74.1053758,
              25.2402871
            ],
            [
              74.1081277,
              25.2426198
            ],
            [
              74.1097678,
              25.2438408
            ],
            [
              74.112793,
              25.2472304
            ],
            [
              74.115563,
              25.2456996
            ],
            [
              74.1203377,
              25.2439319
            ],
            [
              74.1236171,
              25.2428598
            ],
            [
              74.1233063,
              25.2409176
            ],
            [
              74.1220531,
              25.2371357
            ],
            [
              74.1206658,
              25.2347288
            ],
            [
              74.1184607,
              25.2305737
            ],
            [
              74.1151074,
              25.2243593
            ],
            [
              74.1139958,
              25.2218808
            ],
            [
              74.1127019,
              25.2200584
            ],
            [
              74.1124832,
              25.2184183
            ],
            [
              74.1099136,
              25.2133885
            ],
            [
              74.1078725,
              25.2098166
            ],
            [
              74.1044464,
              25.2043494
            ],
            [
              74.1038815,
              25.2020531
            ],
            [
              74.1032254,
              25.1915561
            ],
            [
              74.1029885,
              25.1894421
            ],
            [
              74.1022777,
              25.1880935
            ],
            [
              74.1008927,
              25.1864352
            ],
            [
              74.1005647,
              25.1855057
            ],
            [
              74.1004189,
              25.1849226
            ],
            [
              74.0988334,
              25.1851412
            ],
            [
              74.0977946,
              25.1852688
            ],
            [
              74.0966465,
              25.1857426
            ],
            [
              74.0953162,
              25.1857426
            ],
            [
              74.0937489,
              25.1855786
            ],
            [
              74.0923274,
              25.1848497
            ],
            [
              74.0907784,
              25.1853782
            ],
            [
              74.0901041,
              25.1842665
            ],
            [
              74.0893752,
              25.1832642
            ],
            [
              74.0879719,
              25.1828268
            ],
            [
              74.085949,
              25.1824076
            ],
            [
              74.0846734,
              25.1815693
            ],
            [
              74.0841449,
              25.1794554
            ],
            [
              74.0839262,
              25.1785077
            ],
            [
              74.083507,
              25.1775783
            ],
            [
              74.0818851,
              25.1775236
            ],
            [
              74.0806094,
              25.1778516
            ],
            [
              74.075124,
              25.1798016
            ],
            [
              74.0733541,
              25.1766274
            ],
            [
              74.0705852,
              25.1698257
            ],
            [
              74.0697941,
              25.1673198
            ],
            [
              74.0690031,
              25.1640722
            ],
            [
              74.0657539,
              25.158574
            ],
            [
              74.0622789,
              25.1513585
            ],
            [
              74.0591555,
              25.1485191
            ],
            [
              74.057479,
              25.1474248
            ],
            [
              74.0598068,
              25.1430204
            ],
            [
              74.0606541,
              25.1414401
            ],
            [
              74.0636198,
              25.1407849
            ],
            [
              74.0660728,
              25.1408242
            ],
            [
              74.0687273,
              25.1410027
            ],
            [
              74.0716979,
              25.1430802
            ],
            [
              74.0748142,
              25.1444653
            ],
            [
              74.0765454,
              25.1461419
            ],
            [
              74.0773838,
              25.1473811
            ],
            [
              74.0793337,
              25.148511
            ],
            [
              74.0796618,
              25.1503334
            ],
            [
              74.080901,
              25.1501329
            ],
            [
              74.083671,
              25.150224
            ],
            [
              74.0868602,
              25.1503152
            ],
            [
              74.0894116,
              25.1505156
            ],
            [
              74.0934573,
              25.1509712
            ],
            [
              74.0943503,
              25.1508072
            ],
            [
              74.0929288,
              25.1420415
            ],
            [
              74.0976124,
              25.141349
            ],
            [
              74.0972844,
              25.1397817
            ],
            [
              74.0996353,
              25.1390345
            ],
            [
              74.0990885,
              25.1371028
            ],
            [
              74.1096585,
              25.134114
            ],
            [
              74.1100594,
              25.135007
            ],
            [
              74.1095674,
              25.135335
            ],
            [
              74.1115538,
              25.1386154
            ],
            [
              74.1118271,
              25.1385789
            ],
            [
              74.1130117,
              25.1404378
            ],
            [
              74.1203377,
              25.1380322
            ],
            [
              74.1200826,
              25.1371574
            ],
            [
              74.1254587,
              25.1349341
            ],
            [
              74.1287208,
              25.1331664
            ],
            [
              74.1322198,
              25.1322552
            ],
            [
              74.1322198,
              25.1291389
            ],
            [
              74.1408944,
              25.1288473
            ],
            [
              74.1452864,
              25.1288291
            ],
            [
              74.1469083,
              25.129066
            ],
            [
              74.1501704,
              25.1274623
            ],
            [
              74.150462,
              25.1254394
            ],
            [
              74.1518106,
              25.1241819
            ],
            [
              74.1529769,
              25.123125
            ],
            [
              74.15469,
              25.1231432
            ],
            [
              74.1564031,
              25.1234712
            ],
            [
              74.1591731,
              25.1246375
            ],
            [
              74.1608497,
              25.1249109
            ],
            [
              74.1661529,
              25.1256763
            ],
            [
              74.1663351,
              25.1239997
            ],
            [
              74.1684673,
              25.1218675
            ],
            [
              74.1700893,
              25.1197353
            ],
            [
              74.1754289,
              25.1160358
            ],
            [
              74.1760485,
              25.115398
            ],
            [
              74.1757934,
              25.1142499
            ],
            [
              74.1787275,
              25.1131746
            ],
            [
              74.1784541,
              25.1108966
            ],
            [
              74.1783265,
              25.1098943
            ],
            [
              74.1766681,
              25.1063771
            ],
            [
              74.1775247,
              25.1059397
            ],
            [
              74.1778709,
              25.1050832
            ],
            [
              74.177634,
              25.1037528
            ],
            [
              74.1787639,
              25.103115
            ],
            [
              74.1792377,
              25.1022767
            ],
            [
              74.1804041,
              25.1012379
            ],
            [
              74.1830101,
              25.1002538
            ],
            [
              74.1843405,
              25.1000716
            ],
            [
              74.1862722,
              25.0998893
            ],
            [
              74.1883315,
              25.099616
            ],
            [
              74.1883315,
              25.0979029
            ],
            [
              74.1890422,
              25.0976296
            ],
            [
              74.1888965,
              25.0959894
            ],
            [
              74.1882222,
              25.0958983
            ],
            [
              74.1879853,
              25.0940394
            ],
            [
              74.1837391,
              25.0951693
            ],
            [
              74.1828825,
              25.0927273
            ],
            [
              74.1821536,
              25.0908502
            ],
            [
              74.180969,
              25.0901942
            ],
            [
              74.1809143,
              25.0895017
            ],
            [
              74.1815704,
              25.0895017
            ],
            [
              74.1831012,
              25.0895928
            ],
            [
              74.1862722,
              25.0889732
            ],
            [
              74.1879124,
              25.0885176
            ],
            [
              74.1876026,
              25.0877704
            ],
            [
              74.1872198,
              25.0871143
            ],
            [
              74.186582,
              25.0863125
            ],
            [
              74.1875479,
              25.0850914
            ],
            [
              74.1880035,
              25.0828681
            ],
            [
              74.1886778,
              25.0812097
            ],
            [
              74.1889694,
              25.0774191
            ],
            [
              74.1887871,
              25.0754509
            ],
            [
              74.187967,
              25.0738108
            ],
            [
              74.1869647,
              25.072116
            ],
            [
              74.1878577,
              25.0685258
            ],
            [
              74.1883315,
              25.067724
            ],
            [
              74.1878577,
              25.0627488
            ],
            [
              74.1876026,
              25.0603432
            ],
            [
              74.1891151,
              25.0571358
            ],
            [
              74.1907371,
              25.0576461
            ],
            [
              74.191138,
              25.0557508
            ],
            [
              74.1922861,
              25.0558784
            ],
            [
              74.192924,
              25.0545116
            ],
            [
              74.1975346,
              25.0562975
            ],
            [
              74.1996486,
              25.055933
            ],
            [
              74.2023275,
              25.0555686
            ],
            [
              74.204314,
              25.0539466
            ],
            [
              74.2052434,
              25.0533999
            ],
            [
              74.2092891,
              25.0523976
            ],
            [
              74.2092709,
              25.0516686
            ],
            [
              74.2108382,
              25.0514864
            ],
            [
              74.2110386,
              25.0493542
            ],
            [
              74.2126241,
              25.0487528
            ],
            [
              74.2157769,
              25.0492995
            ],
            [
              74.2191848,
              25.0498827
            ],
            [
              74.2210801,
              25.0500102
            ],
            [
              74.2228478,
              25.0500102
            ],
            [
              74.2259276,
              25.0500102
            ],
            [
              74.2256361,
              25.0504294
            ],
            [
              74.2246337,
              25.0510854
            ],
            [
              74.2231576,
              25.0521789
            ],
            [
              74.2220277,
              25.0531265
            ],
            [
              74.2212623,
              25.0543475
            ],
            [
              74.2195857,
              25.0564069
            ],
            [
              74.2185105,
              25.0575003
            ],
            [
              74.2192394,
              25.0593956
            ],
            [
              74.220752,
              25.0623114
            ],
            [
              74.2219913,
              25.0650997
            ],
            [
              74.2251987,
              25.0672501
            ],
            [
              74.2268935,
              25.0684529
            ],
            [
              74.2323789,
              25.0693641
            ],
            [
              74.2382653,
              25.0700931
            ],
            [
              74.2399783,
              25.0698744
            ],
            [
              74.2406709,
              25.07033
            ],
            [
              74.2422017,
              25.0696739
            ],
            [
              74.2434045,
              25.0694552
            ],
            [
              74.243933,
              25.0695464
            ],
            [
              74.2448806,
              25.0704029
            ],
            [
              74.2504025,
              25.0681067
            ],
            [
              74.2540655,
              25.0664301
            ],
            [
              74.2538468,
              25.0659016
            ],
            [
              74.2603529,
              25.0637416
            ],
            [
              74.262626,
              25.0679074
            ],
            [
              74.2739479,
              25.0663754
            ],
            [
              74.274203,
              25.0691637
            ],
            [
              74.2774651,
              25.0744122
            ],
            [
              74.2788502,
              25.0786037
            ],
            [
              74.2799254,
              25.0821209
            ],
            [
              74.2783946,
              25.0835424
            ],
            [
              74.282258,
              25.0884264
            ],
            [
              74.2834973,
              25.0919801
            ],
            [
              74.2825861,
              25.0924904
            ],
            [
              74.2831875,
              25.0935656
            ],
            [
              74.2817478,
              25.0948413
            ],
            [
              74.2838071,
              25.1005819
            ],
            [
              74.2848459,
              25.1003267
            ],
            [
              74.2852103,
              25.1008552
            ],
            [
              74.2959078,
              25.09783
            ],
            [
              74.29722,
              25.0997071
            ],
            [
              74.2993157,
              25.1016753
            ],
            [
              74.3007554,
              25.1023678
            ],
            [
              74.3012292,
              25.1029327
            ],
            [
              74.3008283,
              25.103443
            ],
            [
              74.3009012,
              25.104008
            ],
            [
              74.3018489,
              25.1039897
            ],
            [
              74.3028876,
              25.1057757
            ],
            [
              74.3046371,
              25.1050103
            ],
            [
              74.3059493,
              25.1063042
            ],
            [
              74.3068058,
              25.1060673
            ],
            [
              74.3114894,
              25.1124275
            ],
            [
              74.3124188,
              25.115726
            ],
            [
              74.3178131,
              25.1192979
            ],
            [
              74.3192163,
              25.1203185
            ],
            [
              74.320328,
              25.1221955
            ],
            [
              74.3249387,
              25.1240908
            ],
            [
              74.3324834,
              25.1214666
            ],
            [
              74.3367478,
              25.1214848
            ],
            [
              74.3370576,
              25.1219222
            ],
            [
              74.3404473,
              25.1214483
            ],
            [
              74.3453496,
              25.1205007
            ],
            [
              74.3454042,
              25.1254758
            ],
            [
              74.3461696,
              25.1259132
            ],
            [
              74.346607,
              25.1326926
            ],
            [
              74.3474453,
              25.136064
            ],
            [
              74.3470808,
              25.1371939
            ],
            [
              74.3472813,
              25.1388523
            ],
            [
              74.3472813,
              25.1401462
            ],
            [
              74.3476458,
              25.1412578
            ],
            [
              74.3490308,
              25.1424788
            ],
            [
              74.3500878,
              25.1434812
            ],
            [
              74.3508714,
              25.1449755
            ],
            [
              74.3521836,
              25.14729
            ],
            [
              74.3553181,
              25.1525385
            ],
            [
              74.3593092,
              25.1573132
            ],
            [
              74.3616418,
              25.1576959
            ],
            [
              74.3641385,
              25.1588076
            ],
            [
              74.3654871,
              25.159573
            ],
            [
              74.372722,
              25.1565113
            ],
            [
              74.3738884,
              25.1566025
            ],
            [
              74.3781892,
              25.1538324
            ],
            [
              74.379556,
              25.1548712
            ],
            [
              74.3816153,
              25.1577688
            ],
            [
              74.3833466,
              25.1614683
            ],
            [
              74.3857886,
              25.1674093
            ],
            [
              74.3871008,
              25.1741886
            ],
            [
              74.3874652,
              25.176011
            ],
            [
              74.3869732,
              25.1767764
            ],
            [
              74.3878844,
              25.1809315
            ],
            [
              74.3872101,
              25.1818974
            ],
            [
              74.3812873,
              25.1851412
            ],
            [
              74.3725945,
              25.189515
            ],
            [
              74.3730318,
              25.1912645
            ],
            [
              74.3739066,
              25.1927589
            ],
            [
              74.3771687,
              25.1934514
            ],
            [
              74.3813966,
              25.1938705
            ],
            [
              74.3838569,
              25.1938705
            ],
            [
              74.3862442,
              25.1934878
            ],
            [
              74.388832,
              25.1965495
            ],
            [
              74.3909825,
              25.1991373
            ],
            [
              74.3920759,
              25.2002307
            ],
            [
              74.3965955,
              25.2032559
            ],
            [
              74.3980488,
              25.2045452
            ],
            [
              74.3998758,
              25.2032195
            ],
            [
              74.4014431,
              25.20147
            ],
            [
              74.4022996,
              25.2010508
            ],
            [
              74.4014431,
              25.1985177
            ],
            [
              74.4008599,
              25.1963126
            ],
            [
              74.4006594,
              25.1946542
            ],
            [
              74.400459,
              25.1940163
            ],
            [
              74.4006048,
              25.1915014
            ],
            [
              74.3985454,
              25.1906813
            ],
            [
              74.3978347,
              25.1885309
            ],
            [
              74.3991651,
              25.1878202
            ],
            [
              74.4000945,
              25.1873464
            ],
            [
              74.401516,
              25.186909
            ],
            [
              74.4024272,
              25.1866721
            ],
            [
              74.4037393,
              25.1869454
            ],
            [
              74.4043953,
              25.1866538
            ],
            [
              74.4068009,
              25.1852688
            ],
            [
              74.4081677,
              25.1846856
            ],
            [
              74.4100448,
              25.1868361
            ],
            [
              74.4065458,
              25.1885309
            ],
            [
              74.4075663,
              25.1911916
            ],
            [
              74.4083135,
              25.1937065
            ],
            [
              74.4084229,
              25.1946724
            ],
            [
              74.4084046,
              25.1961485
            ],
            [
              74.4109013,
              25.1978981
            ],
            [
              74.4136714,
              25.200741
            ],
            [
              74.4157489,
              25.203748
            ],
            [
              74.4185007,
              25.2025816
            ],
            [
              74.4189746,
              25.201962
            ],
            [
              74.4185554,
              25.2008321
            ],
            [
              74.4182638,
              25.1999027
            ],
            [
              74.4183732,
              25.199356
            ],
            [
              74.4187194,
              25.1985541
            ],
            [
              74.419011,
              25.1978252
            ],
            [
              74.4194302,
              25.1968411
            ],
            [
              74.41974,
              25.1962579
            ],
            [
              74.4207058,
              25.1953467
            ],
            [
              74.4211068,
              25.1951098
            ],
            [
              74.4222731,
              25.195128
            ],
            [
              74.4237675,
              25.1947635
            ],
            [
              74.4233483,
              25.1938705
            ],
            [
              74.4233301,
              25.1934878
            ],
            [
              74.4237492,
              25.1929047
            ],
            [
              74.4237675,
              25.1922668
            ],
            [
              74.4246422,
              25.191465
            ],
            [
              74.4251343,
              25.1908818
            ],
            [
              74.425517,
              25.1904627
            ],
            [
              74.4257174,
              25.1900071
            ],
            [
              74.4258268,
              25.189351
            ],
            [
              74.426173,
              25.1887496
            ],
            [
              74.4263188,
              25.1881664
            ],
            [
              74.4263735,
              25.1873464
            ],
            [
              74.4263006,
              25.1863987
            ],
            [
              74.426574,
              25.1859431
            ],
            [
              74.4272665,
              25.1856333
            ],
            [
              74.4276674,
              25.1853964
            ],
            [
              74.4271754,
              25.1845581
            ],
            [
              74.4277585,
              25.1838656
            ],
            [
              74.4287791,
              25.1836104
            ],
            [
              74.4292347,
              25.1830273
            ],
            [
              74.4291982,
              25.1820614
            ],
            [
              74.4297632,
              25.1815147
            ],
            [
              74.4309477,
              25.1808222
            ],
            [
              74.4328248,
              25.1800568
            ],
            [
              74.434228,
              25.1791638
            ],
            [
              74.4351575,
              25.1785077
            ],
            [
              74.4354491,
              25.1785624
            ],
            [
              74.4390939,
              25.1796376
            ],
            [
              74.4411896,
              25.1801296
            ],
            [
              74.4419186,
              25.1801479
            ],
            [
              74.442684,
              25.1792002
            ],
            [
              74.4444882,
              25.1787082
            ],
            [
              74.4459461,
              25.1786171
            ],
            [
              74.4468391,
              25.1784348
            ],
            [
              74.4490806,
              25.178289
            ],
            [
              74.4501376,
              25.1776694
            ],
            [
              74.449518,
              25.1766306
            ],
            [
              74.4487161,
              25.1753732
            ],
            [
              74.4487344,
              25.1747353
            ],
            [
              74.4488437,
              25.1740611
            ],
            [
              74.4491171,
              25.173241
            ],
            [
              74.4494815,
              25.172348
            ],
            [
              74.4495362,
              25.1716919
            ],
            [
              74.44919,
              25.1702158
            ],
            [
              74.45196,
              25.1701247
            ],
            [
              74.4556413,
              25.1691041
            ],
            [
              74.4591949,
              25.1676462
            ],
            [
              74.4637692,
              25.165186
            ],
            [
              74.4660654,
              25.1680289
            ],
            [
              74.4698195,
              25.1719288
            ],
            [
              74.4730452,
              25.1751727
            ],
            [
              74.4774189,
              25.179182
            ],
            [
              74.4784759,
              25.1811684
            ],
            [
              74.4789315,
              25.1834464
            ],
            [
              74.4797698,
              25.1853782
            ],
            [
              74.4806811,
              25.186581
            ],
            [
              74.4845263,
              25.19008
            ],
            [
              74.4877702,
              25.1941804
            ],
            [
              74.4893739,
              25.1956929
            ],
            [
              74.4915426,
              25.1971691
            ],
            [
              74.494021,
              25.1999574
            ],
            [
              74.4962261,
              25.2022536
            ],
            [
              74.4981579,
              25.2028914
            ],
            [
              74.5007821,
              25.2032741
            ],
            [
              74.5025499,
              25.2033288
            ],
            [
              74.5040442,
              25.2025452
            ],
            [
              74.5055204,
              25.2019802
            ],
            [
              74.5068872,
              25.2020531
            ],
            [
              74.5082175,
              25.2024723
            ],
            [
              74.5103862,
              25.2020349
            ],
            [
              74.5114249,
              25.201962
            ],
            [
              74.5104773,
              25.1987546
            ],
            [
              74.5095843,
              25.1950551
            ],
            [
              74.5086549,
              25.1898248
            ],
            [
              74.5079988,
              25.1858702
            ],
            [
              74.5090376,
              25.1847403
            ],
            [
              74.5091469,
              25.1828086
            ],
            [
              74.510368,
              25.1824623
            ],
            [
              74.5120263,
              25.1822801
            ],
            [
              74.5137941,
              25.182353
            ],
            [
              74.5196622,
              25.1825717
            ],
            [
              74.5235986,
              25.1826081
            ],
            [
              74.5256579,
              25.182517
            ],
            [
              74.5288289,
              25.181788
            ],
            [
              74.5309246,
              25.1816058
            ],
            [
              74.5360274,
              25.1815876
            ],
            [
              74.5401824,
              25.181624
            ],
            [
              74.541859,
              25.1811502
            ],
            [
              74.5431529,
              25.1818609
            ],
            [
              74.5448113,
              25.1800932
            ],
            [
              74.547636,
              25.1784348
            ],
            [
              74.5500598,
              25.1779792
            ],
            [
              74.5538504,
              25.177633
            ],
            [
              74.5533766,
              25.1757559
            ],
            [
              74.5531579,
              25.1747536
            ],
            [
              74.5531032,
              25.1740793
            ],
            [
              74.5523561,
              25.1735508
            ],
            [
              74.5511897,
              25.1732592
            ],
            [
              74.5504243,
              25.1721475
            ],
            [
              74.5497865,
              25.1706349
            ],
            [
              74.5483468,
              25.1693957
            ],
            [
              74.5470893,
              25.1682658
            ],
            [
              74.5439548,
              25.1687579
            ],
            [
              74.5435721,
              25.1669172
            ],
            [
              74.5443375,
              25.1666621
            ],
            [
              74.5442646,
              25.1648033
            ],
            [
              74.5450482,
              25.1655504
            ],
            [
              74.5458319,
              25.1662612
            ],
            [
              74.5468706,
              25.1663341
            ],
            [
              74.5463421,
              25.1649673
            ],
            [
              74.5477818,
              25.1645846
            ],
            [
              74.5469253,
              25.1625253
            ],
            [
              74.5465426,
              25.1615229
            ],
            [
              74.5461964,
              25.1604659
            ],
            [
              74.5479641,
              25.1594272
            ],
            [
              74.5491851,
              25.1573861
            ],
            [
              74.5498594,
              25.1564384
            ],
            [
              74.5496042,
              25.1555455
            ],
            [
              74.549094,
              25.1549258
            ],
            [
              74.5482192,
              25.1540146
            ],
            [
              74.5471622,
              25.153559
            ],
            [
              74.545358,
              25.1525932
            ],
            [
              74.5446655,
              25.1520647
            ],
            [
              74.5445197,
              25.1515544
            ],
            [
              74.5444833,
              25.1510806
            ],
            [
              74.544137,
              25.1507343
            ],
            [
              74.5435174,
              25.1505885
            ],
            [
              74.5429525,
              25.1504427
            ],
            [
              74.5420231,
              25.1501147
            ],
            [
              74.5413852,
              25.1498413
            ],
            [
              74.5411301,
              25.1488755
            ],
            [
              74.5403829,
              25.1488937
            ],
            [
              74.5391619,
              25.149003
            ],
            [
              74.5384329,
              25.1488208
            ],
            [
              74.5382142,
              25.148511
            ],
            [
              74.5378498,
              25.1481465
            ],
            [
              74.5372119,
              25.1478732
            ],
            [
              74.5370843,
              25.1475223
            ],
            [
              74.5370479,
              25.1471989
            ],
            [
              74.5370764,
              25.1470015
            ],
            [
              74.540146,
              25.1457409
            ],
            [
              74.5434719,
              25.1444288
            ],
            [
              74.5445198,
              25.1438821
            ],
            [
              74.5450027,
              25.1433263
            ],
            [
              74.5456405,
              25.1422693
            ],
            [
              74.5463239,
              25.1406838
            ],
            [
              74.546734,
              25.1405562
            ],
            [
              74.5473262,
              25.1406655
            ],
            [
              74.5486839,
              25.140055
            ],
            [
              74.5497227,
              25.1391621
            ],
            [
              74.5502785,
              25.1387703
            ],
            [
              74.550807,
              25.1385789
            ],
            [
              74.5514631,
              25.1386427
            ],
            [
              74.5522467,
              25.1386336
            ],
            [
              74.5526021,
              25.138506
            ],
            [
              74.5536955,
              25.1382235
            ],
            [
              74.5548983,
              25.1371483
            ],
            [
              74.5555635,
              25.1362371
            ],
            [
              74.5566934,
              25.1349614
            ],
            [
              74.5581969,
              25.1342325
            ],
            [
              74.5600102,
              25.1334397
            ],
            [
              74.5615136,
              25.1328748
            ],
            [
              74.5621333,
              25.1325559
            ],
            [
              74.5628349,
              25.1322278
            ],
            [
              74.5640559,
              25.1319362
            ],
            [
              74.5657416,
              25.1323007
            ],
            [
              74.5668168,
              25.1330024
            ],
            [
              74.5672178,
              25.1337769
            ],
            [
              74.5683659,
              25.136638
            ],
            [
              74.5689308,
              25.1377224
            ],
            [
              74.5700789,
              25.1397088
            ],
            [
              74.5709628,
              25.1414492
            ],
            [
              74.5719195,
              25.1426337
            ],
            [
              74.5736782,
              25.1445108
            ],
            [
              74.5769676,
              25.1479096
            ],
            [
              74.5779608,
              25.1487206
            ],
            [
              74.5797741,
              25.1486477
            ],
            [
              74.5823437,
              25.1486386
            ],
            [
              74.5847492,
              25.1486386
            ],
            [
              74.5885398,
              25.1483014
            ],
            [
              74.5903714,
              25.1481192
            ],
            [
              74.5911094,
              25.1481283
            ],
            [
              74.5922302,
              25.1482923
            ],
            [
              74.5929956,
              25.1482832
            ],
            [
              74.5935423,
              25.1480189
            ],
            [
              74.594244,
              25.1478094
            ],
            [
              74.5947816,
              25.1477091
            ],
            [
              74.5953374,
              25.1477091
            ],
            [
              74.5965311,
              25.1478276
            ],
            [
              74.6002305,
              25.1464334
            ],
            [
              74.6033195,
              25.1450029
            ],
            [
              74.6068367,
              25.1435541
            ],
            [
              74.6117846,
              25.1417681
            ],
            [
              74.6144817,
              25.140784
            ],
            [
              74.6161765,
              25.1431896
            ],
            [
              74.6177711,
              25.1453582
            ],
            [
              74.620933,
              25.1480736
            ],
            [
              74.6237486,
              25.1503334
            ],
            [
              74.625243,
              25.1514997
            ],
            [
              74.6258444,
              25.1526934
            ],
            [
              74.6273114,
              25.1557824
            ],
            [
              74.6283775,
              25.1562562
            ],
            [
              74.6295985,
              25.1568485
            ],
            [
              74.6306829,
              25.1576503
            ],
            [
              74.6314027,
              25.1582791
            ],
            [
              74.6320314,
              25.159336
            ],
            [
              74.6328515,
              25.1606664
            ],
            [
              74.633216,
              25.1600194
            ],
            [
              74.6343914,
              25.1597643
            ],
            [
              74.6353209,
              25.1596459
            ],
            [
              74.6363779,
              25.161286
            ],
            [
              74.6368972,
              25.1617234
            ],
            [
              74.6377447,
              25.1620788
            ],
            [
              74.639722,
              25.1629991
            ],
            [
              74.6411617,
              25.1640014
            ],
            [
              74.6428292,
              25.1655322
            ],
            [
              74.6437221,
              25.1671906
            ],
            [
              74.6440411,
              25.1681747
            ],
            [
              74.644852,
              25.1703616
            ],
            [
              74.6469842,
              25.1731043
            ],
            [
              74.6487884,
              25.1749176
            ],
            [
              74.6500459,
              25.1764028
            ],
            [
              74.6519321,
              25.1778607
            ],
            [
              74.6545107,
              25.1795829
            ],
            [
              74.658356,
              25.1819429
            ],
            [
              74.661199,
              25.1813871
            ],
            [
              74.6674316,
              25.1802208
            ],
            [
              74.6708212,
              25.1795556
            ],
            [
              74.6735275,
              25.1809406
            ],
            [
              74.6783204,
              25.1784075
            ],
            [
              74.6804891,
              25.1771956
            ],
            [
              74.6813729,
              25.1767217
            ],
            [
              74.6822568,
              25.1759655
            ],
            [
              74.6827762,
              25.176093
            ],
            [
              74.6832682,
              25.1772502
            ],
            [
              74.6842979,
              25.1792093
            ],
            [
              74.6848537,
              25.1807584
            ],
            [
              74.6852455,
              25.1809133
            ],
            [
              74.6890999,
              25.1790271
            ],
            [
              74.691788,
              25.1774507
            ],
            [
              74.6924805,
              25.1772138
            ],
            [
              74.6931274,
              25.1776694
            ],
            [
              74.6936195,
              25.178207
            ],
            [
              74.6939475,
              25.1784257
            ],
            [
              74.6941206,
              25.1785441
            ],
            [
              74.695123,
              25.1790818
            ],
            [
              74.6963622,
              25.1811684
            ],
            [
              74.6968725,
              25.1834555
            ],
            [
              74.6973463,
              25.1853599
            ],
            [
              74.6982484,
              25.1881026
            ],
            [
              74.6998703,
              25.1913192
            ],
            [
              74.7014193,
              25.1945266
            ],
            [
              74.7036427,
              25.1981623
            ],
            [
              74.7049366,
              25.2000849
            ],
            [
              74.7069686,
              25.2020987
            ],
            [
              74.7091008,
              25.2030828
            ],
            [
              74.7108412,
              25.2038391
            ],
            [
              74.7147411,
              25.2045225
            ],
            [
              74.7186501,
              25.205297
            ],
            [
              74.720755,
              25.2057161
            ],
            [
              74.7217664,
              25.2058255
            ],
            [
              74.7225865,
              25.2059895
            ],
            [
              74.723598,
              25.2051876
            ],
            [
              74.7242814,
              25.2025907
            ],
            [
              74.7258031,
              25.1959845
            ],
            [
              74.7267689,
              25.1919752
            ],
            [
              74.7274068,
              25.1889136
            ],
            [
              74.7283544,
              25.1878748
            ],
            [
              74.7288009,
              25.1871094
            ],
            [
              74.7292201,
              25.1855331
            ],
            [
              74.7269694,
              25.185451
            ],
            [
              74.7262313,
              25.1848679
            ],
            [
              74.7248919,
              25.1842938
            ],
            [
              74.7236526,
              25.1836286
            ],
            [
              74.7232153,
              25.1834464
            ],
            [
              74.7224043,
              25.1832551
            ],
            [
              74.72173,
              25.1829726
            ],
            [
              74.7216844,
              25.1824076
            ],
            [
              74.7215295,
              25.1819156
            ],
            [
              74.7190146,
              25.1784621
            ],
            [
              74.715707,
              25.1742159
            ],
            [
              74.7193882,
              25.1729949
            ],
            [
              74.7241082,
              25.1713457
            ],
            [
              74.7255024,
              25.1709265
            ],
            [
              74.7284364,
              25.1727307
            ],
            [
              74.7318443,
              25.1752912
            ],
            [
              74.7327373,
              25.175847
            ],
            [
              74.7339401,
              25.1772411
            ],
            [
              74.7365279,
              25.1766124
            ],
            [
              74.7375849,
              25.1758379
            ],
            [
              74.7389152,
              25.1761386
            ],
            [
              74.7397262,
              25.1758288
            ],
            [
              74.7405007,
              25.1754552
            ],
            [
              74.7410292,
              25.1751727
            ],
            [
              74.7413937,
              25.1752092
            ],
            [
              74.7417582,
              25.1755007
            ],
            [
              74.7423414,
              25.1763573
            ],
            [
              74.7429154,
              25.1772958
            ],
            [
              74.744428,
              25.1793916
            ],
            [
              74.7472618,
              25.1819703
            ],
            [
              74.7477903,
              25.1825534
            ],
            [
              74.7486651,
              25.1828632
            ],
            [
              74.7488929,
              25.1832368
            ],
            [
              74.7489749,
              25.1844305
            ],
            [
              74.7489384,
              25.1858338
            ],
            [
              74.7490387,
              25.1923033
            ],
            [
              74.748902,
              25.1968957
            ],
            [
              74.7478541,
              25.1980985
            ],
            [
              74.7470249,
              25.1994744
            ],
            [
              74.7481548,
              25.202609
            ],
            [
              74.749148,
              25.2054154
            ],
            [
              74.7489202,
              25.2076843
            ],
            [
              74.7490569,
              25.2097345
            ],
            [
              74.7524192,
              25.2138805
            ],
            [
              74.7541148,
              25.215647
            ],
            [
              74.7608752,
              25.2103451
            ],
            [
              74.7653036,
              25.2087413
            ],
            [
              74.7715909,
              25.2068096
            ],
            [
              74.7778782,
              25.2052606
            ],
            [
              74.7772585,
              25.2040031
            ],
            [
              74.7801379,
              25.2027092
            ],
            [
              74.7792814,
              25.2009779
            ],
            [
              74.7819786,
              25.19952
            ],
            [
              74.7823066,
              25.1989186
            ],
            [
              74.7817416,
              25.1971144
            ],
            [
              74.7812678,
              25.1953467
            ],
            [
              74.7831631,
              25.1936154
            ],
            [
              74.7839832,
              25.1926131
            ],
            [
              74.7851131,
              25.192121
            ],
            [
              74.786571,
              25.1922486
            ],
            [
              74.7871906,
              25.1862347
            ],
            [
              74.7874093,
              25.1857973
            ],
            [
              74.7889584,
              25.1854511
            ],
            [
              74.7888126,
              25.1838109
            ],
            [
              74.7885939,
              25.1819703
            ],
            [
              74.7890495,
              25.1808586
            ],
            [
              74.7884299,
              25.1801843
            ],
            [
              74.7874275,
              25.1804395
            ],
            [
              74.7866439,
              25.1793096
            ],
            [
              74.7870813,
              25.1782708
            ],
            [
              74.7849309,
              25.1757012
            ],
            [
              74.7882658,
              25.1731316
            ],
            [
              74.791692,
              25.1711088
            ],
            [
              74.7936966,
              25.1701611
            ],
            [
              74.7946442,
              25.169742
            ],
            [
              74.7958288,
              25.1691223
            ],
            [
              74.7970498,
              25.1686485
            ],
            [
              74.7981797,
              25.1683205
            ],
            [
              74.7996376,
              25.1687214
            ],
            [
              74.7990271,
              25.1653454
            ],
            [
              74.7986214,
              25.1621287
            ],
            [
              74.7974912,
              25.1596225
            ],
            [
              74.7967001,
              25.1576278
            ],
            [
              74.7960221,
              25.1556331
            ],
            [
              74.7957395,
              25.1543032
            ],
            [
              74.7957113,
              25.1529222
            ],
            [
              74.795847,
              25.1526023
            ],
            [
              74.7967218,
              25.1522925
            ],
            [
              74.7984804,
              25.1515271
            ],
            [
              74.8006126,
              25.1506067
            ],
            [
              74.8029088,
              25.1500327
            ],
            [
              74.8052142,
              25.1494769
            ],
            [
              74.8066812,
              25.148921
            ],
            [
              74.8079569,
              25.1487935
            ],
            [
              74.8102076,
              25.1488026
            ],
            [
              74.81203,
              25.149003
            ],
            [
              74.8174789,
              25.1500236
            ],
            [
              74.8187911,
              25.1504063
            ],
            [
              74.8205497,
              25.1507343
            ],
            [
              74.8243403,
              25.1504518
            ],
            [
              74.8255066,
              25.1503243
            ],
            [
              74.8270465,
              25.1495771
            ],
            [
              74.8287778,
              25.1487935
            ],
            [
              74.8329602,
              25.1468344
            ],
            [
              74.8356665,
              25.14575
            ],
            [
              74.8382543,
              25.1444835
            ],
            [
              74.8398489,
              25.1462603
            ],
            [
              74.8409879,
              25.1473446
            ],
            [
              74.8427556,
              25.1485292
            ],
            [
              74.8446509,
              25.1492035
            ],
            [
              74.845553,
              25.1498322
            ],
            [
              74.8462091,
              25.1504701
            ],
            [
              74.8473572,
              25.1523927
            ],
            [
              74.8491978,
              25.154698
            ],
            [
              74.8507924,
              25.1572585
            ],
            [
              74.8517492,
              25.1586982
            ],
            [
              74.8529155,
              25.1618418
            ],
            [
              74.8536992,
              25.164129
            ],
            [
              74.854583,
              25.1660789
            ],
            [
              74.8562232,
              25.1687487
            ],
            [
              74.8559225,
              25.1690494
            ],
            [
              74.8540819,
              25.1692317
            ],
            [
              74.8530978,
              25.1692955
            ],
            [
              74.8519588,
              25.1699606
            ],
            [
              74.8502093,
              25.1706805
            ],
            [
              74.8481591,
              25.1709903
            ],
            [
              74.846446,
              25.1710632
            ],
            [
              74.845553,
              25.1721475
            ],
            [
              74.8448514,
              25.1738697
            ],
            [
              74.8443685,
              25.1752092
            ],
            [
              74.843922,
              25.1763117
            ],
            [
              74.8438673,
              25.1773505
            ],
            [
              74.8439949,
              25.1790089
            ],
            [
              74.8444049,
              25.1800932
            ],
            [
              74.8464369,
              25.1843941
            ],
            [
              74.8471932,
              25.1859795
            ],
            [
              74.847175,
              25.1868361
            ],
            [
              74.8469107,
              25.1879295
            ],
            [
              74.8484871,
              25.1877564
            ],
            [
              74.8492343,
              25.1876653
            ],
            [
              74.8511296,
              25.1872097
            ],
            [
              74.8518221,
              25.1872006
            ],
            [
              74.8521957,
              25.1870001
            ],
            [
              74.8525146,
              25.1865445
            ],
            [
              74.8531342,
              25.1864534
            ],
            [
              74.8538176,
              25.1862529
            ],
            [
              74.8545466,
              25.1856606
            ],
            [
              74.855476,
              25.1849134
            ],
            [
              74.8557129,
              25.1840478
            ],
            [
              74.8561776,
              25.1836378
            ],
            [
              74.8572164,
              25.1833735
            ],
            [
              74.8582552,
              25.1826354
            ],
            [
              74.8589203,
              25.1820432
            ],
            [
              74.8590023,
              25.1818245
            ],
            [
              74.8583007,
              25.1814782
            ],
            [
              74.8582096,
              25.1814327
            ],
            [
              74.8578998,
              25.1813324
            ],
            [
              74.8573348,
              25.1809862
            ],
            [
              74.8569248,
              25.1801023
            ],
            [
              74.8566332,
              25.1797743
            ],
            [
              74.8566606,
              25.17951
            ],
            [
              74.8568884,
              25.1791547
            ],
            [
              74.8569886,
              25.1788631
            ],
            [
              74.856943,
              25.1783801
            ],
            [
              74.8569704,
              25.1778334
            ],
            [
              74.8574077,
              25.1776329
            ],
            [
              74.857754,
              25.1774872
            ],
            [
              74.8580182,
              25.1772958
            ],
            [
              74.8584283,
              25.1769404
            ],
            [
              74.8588019,
              25.1769131
            ],
            [
              74.859385,
              25.1768584
            ],
            [
              74.8601505,
              25.1767491
            ],
            [
              74.860524,
              25.1770042
            ],
            [
              74.8611437,
              25.1773687
            ],
            [
              74.8618453,
              25.1780612
            ],
            [
              74.8620002,
              25.1768584
            ],
            [
              74.8624193,
              25.1751818
            ],
            [
              74.8624102,
              25.1738059
            ],
            [
              74.865317,
              25.174708
            ],
            [
              74.8672943,
              25.1753549
            ],
            [
              74.8677863,
              25.175601
            ],
            [
              74.8685062,
              25.1761933
            ],
            [
              74.8690073,
              25.1768767
            ],
            [
              74.8696452,
              25.177396
            ],
            [
              74.8711942,
              25.1780612
            ],
            [
              74.8742923,
              25.1790453
            ],
            [
              74.8766614,
              25.1804212
            ],
            [
              74.8786114,
              25.1809406
            ],
            [
              74.8799144,
              25.180895
            ],
            [
              74.8813723,
              25.1807219
            ],
            [
              74.8824931,
              25.1809133
            ],
            [
              74.8834134,
              25.1813598
            ],
            [
              74.8848622,
              25.1818427
            ],
            [
              74.8879603,
              25.1832095
            ],
            [
              74.8895059,
              25.1845285
            ],
            [
              74.8915231,
              25.1863121
            ],
            [
              74.8951132,
              25.1841207
            ],
            [
              74.8996328,
              25.1821525
            ],
            [
              74.9061023,
              25.1794918
            ],
            [
              74.9101298,
              25.1768858
            ],
            [
              74.9095466,
              25.175847
            ],
            [
              74.9088541,
              25.1746078
            ],
            [
              74.908763,
              25.1734597
            ],
            [
              74.9087265,
              25.1716737
            ],
            [
              74.9075966,
              25.1705803
            ],
            [
              74.9055738,
              25.1693593
            ],
            [
              74.9050635,
              25.1683752
            ],
            [
              74.9047173,
              25.1668079
            ],
            [
              74.9043892,
              25.1659696
            ],
            [
              74.9030953,
              25.1631995
            ],
            [
              74.9027126,
              25.1603748
            ],
            [
              74.9022206,
              25.1566936
            ],
            [
              74.9021112,
              25.1546889
            ],
            [
              74.9012911,
              25.1527572
            ],
            [
              74.8997603,
              25.1495498
            ],
            [
              74.897701,
              25.1476727
            ],
            [
              74.8956781,
              25.1460143
            ],
            [
              74.8925254,
              25.1425517
            ],
            [
              74.896316,
              25.1423331
            ],
            [
              74.9013823,
              25.1425153
            ],
            [
              74.903314,
              25.1416223
            ],
            [
              74.9060476,
              25.1398546
            ],
            [
              74.90982,
              25.1423331
            ],
            [
              74.9135741,
              25.1439368
            ],
            [
              74.9168362,
              25.1423877
            ],
            [
              74.9202441,
              25.1402555
            ],
            [
              74.9215745,
              25.1390345
            ],
            [
              74.9229595,
              25.1369752
            ],
            [
              74.9256566,
              25.1324374
            ],
            [
              74.9286272,
              25.1273894
            ],
            [
              74.9301944,
              25.1239997
            ],
            [
              74.9310327,
              25.1258586
            ],
            [
              74.931543,
              25.128337
            ],
            [
              74.9328733,
              25.1342963
            ],
            [
              74.9334565,
              25.1375766
            ],
            [
              74.935206,
              25.1421873
            ],
            [
              74.936263,
              25.1453036
            ],
            [
              74.9369373,
              25.1475998
            ],
            [
              74.9379761,
              25.1499142
            ],
            [
              74.9395433,
              25.1508983
            ],
            [
              74.9412199,
              25.1482012
            ],
            [
              74.9425685,
              25.1447204
            ],
            [
              74.9436073,
              25.1421508
            ],
            [
              74.945703,
              25.1414947
            ],
            [
              74.9466142,
              25.1418046
            ],
            [
              74.9502044,
              25.1451396
            ],
            [
              74.95343,
              25.1439914
            ],
            [
              74.9572935,
              25.1421326
            ],
            [
              74.9599178,
              25.1400186
            ],
            [
              74.9614121,
              25.1377224
            ],
            [
              74.9632163,
              25.1318907
            ],
            [
              74.9637448,
              25.1296856
            ],
            [
              74.9640364,
              25.1276627
            ],
            [
              74.9637266,
              25.1256581
            ],
            [
              74.9642733,
              25.1209016
            ],
            [
              74.9651481,
              25.1177671
            ],
            [
              74.9665878,
              25.1156531
            ],
            [
              74.9673896,
              25.1117714
            ],
            [
              74.9687746,
              25.1091471
            ],
            [
              74.970105,
              25.1063771
            ],
            [
              74.9724559,
              25.1057575
            ],
            [
              74.9735493,
              25.1041355
            ],
            [
              74.9746428,
              25.1049192
            ],
            [
              74.9765927,
              25.1069603
            ],
            [
              74.977996,
              25.1076345
            ],
            [
              74.9821146,
              25.108163
            ],
            [
              74.9839552,
              25.1109878
            ],
            [
              74.9890033,
              25.1121176
            ],
            [
              74.992156,
              25.1140494
            ],
            [
              74.9939967,
              25.1143045
            ],
            [
              74.9964387,
              25.1156531
            ],
            [
              74.9976597,
              25.1176942
            ],
            [
              74.9985344,
              25.1186236
            ],
            [
              75.0001928,
              25.1203549
            ],
            [
              75.0004115,
              25.1215212
            ],
            [
              75.0020335,
              25.123125
            ],
            [
              75.0028171,
              25.1276445
            ],
            [
              75.003783,
              25.1287015
            ],
            [
              75.005168,
              25.1298496
            ],
            [
              75.0077558,
              25.1299772
            ],
            [
              75.0127856,
              25.1292664
            ],
            [
              75.0140249,
              25.1307426
            ],
            [
              75.0154645,
              25.1328383
            ],
            [
              75.0181617,
              25.1356084
            ],
            [
              75.0205126,
              25.1370116
            ],
            [
              75.0272373,
              25.137121
            ],
            [
              75.028112,
              25.1355902
            ],
            [
              75.0268546,
              25.1306879
            ],
            [
              75.0296611,
              25.1249109
            ],
            [
              75.0306816,
              25.1232343
            ],
            [
              75.0325951,
              25.1239997
            ],
            [
              75.0375885,
              25.1212479
            ],
            [
              75.0427823,
              25.1194255
            ],
            [
              75.0528238,
              25.117111
            ],
            [
              75.0630839,
              25.1148877
            ],
            [
              75.0753304,
              25.1229427
            ],
            [
              75.077408,
              25.1244735
            ],
            [
              75.079686,
              25.1249291
            ],
            [
              75.0811621,
              25.1247287
            ],
            [
              75.083841,
              25.1242184
            ],
            [
              75.0900372,
              25.1225236
            ],
            [
              75.0912764,
              25.1222137
            ],
            [
              75.1038145,
              25.1252207
            ],
            [
              75.110357,
              25.1264782
            ],
            [
              75.1128901,
              25.1273529
            ],
            [
              75.1158788,
              25.1272982
            ],
            [
              75.120289,
              25.1264235
            ],
            [
              75.1244806,
              25.1237446
            ],
            [
              75.1260295,
              25.1217952
            ],
            [
              75.128581,
              25.1181862
            ],
            [
              75.126343,
              25.1150206
            ],
            [
              75.1258565,
              25.1128102
            ],
            [
              75.1256469,
              25.112309
            ],
            [
              75.1220112,
              25.1089193
            ],
            [
              75.1253371,
              25.1040262
            ],
            [
              75.1507596,
              25.1053201
            ],
            [
              75.1686191,
              25.0985225
            ],
            [
              75.1724097,
              25.0994702
            ],
            [
              75.1796264,
              25.096445
            ],
            [
              75.1837997,
              25.0918161
            ],
            [
              75.1857315,
              25.0912876
            ],
            [
              75.1889024,
              25.0921988
            ],
            [
              75.1991261,
              25.0904858
            ],
            [
              75.2038097,
              25.0896657
            ],
            [
              75.1976682,
              25.0820845
            ],
            [
              75.1954995,
              25.0695099
            ],
            [
              75.1942056,
              25.0647717
            ],
            [
              75.191472,
              25.0573363
            ],
            [
              75.1898865,
              25.0537826
            ],
            [
              75.1898501,
              25.0509032
            ],
            [
              75.1908706,
              25.0497733
            ],
            [
              75.1917089,
              25.0492266
            ],
            [
              75.1922921,
              25.0483154
            ],
            [
              75.192857,
              25.046493
            ],
            [
              75.1921281,
              25.0422286
            ],
            [
              75.1917818,
              25.0390576
            ],
            [
              75.1910529,
              25.0369436
            ],
            [
              75.1906702,
              25.0365427
            ],
            [
              75.1927356,
              25.0335749
            ],
            [
              75.1954615,
              25.0341277
            ],
            [
              75.1966789,
              25.0338461
            ],
            [
              75.1976455,
              25.0335082
            ],
            [
              75.1986372,
              25.0332917
            ],
            [
              75.1988322,
              25.0351465
            ],
            [
              75.2012337,
              25.0371176
            ],
            [
              75.203268,
              25.038116
            ],
            [
              75.2058108,
              25.0385511
            ],
            [
              75.2080993,
              25.0379112
            ],
            [
              75.2120799,
              25.0360677
            ],
            [
              75.2152192,
              25.0345833
            ],
            [
              75.2168862,
              25.0341738
            ],
            [
              75.2184119,
              25.0345321
            ],
            [
              75.2202623,
              25.0355762
            ],
            [
              75.2223552,
              25.0353215
            ],
            [
              75.225099,
              25.0337444
            ],
            [
              75.2269094,
              25.0338714
            ],
            [
              75.2278768,
              25.0346345
            ],
            [
              75.2287244,
              25.0358889
            ],
            [
              75.2299393,
              25.0368105
            ],
            [
              75.2317475,
              25.036964
            ],
            [
              75.2347424,
              25.0364521
            ],
            [
              75.2362963,
              25.0359913
            ],
            [
              75.2385566,
              25.0350953
            ],
            [
              75.2410994,
              25.0348649
            ],
            [
              75.2442073,
              25.0345321
            ],
            [
              75.2477955,
              25.0350441
            ],
            [
              75.2495755,
              25.0361193
            ],
            [
              75.251525,
              25.0373736
            ],
            [
              75.2533332,
              25.0385511
            ],
            [
              75.2553392,
              25.0392423
            ],
            [
              75.2580515,
              25.0399079
            ],
            [
              75.2603346,
              25.0397886
            ],
            [
              75.2643027,
              25.0410219
            ],
            [
              75.2670533,
              25.0419557
            ],
            [
              75.2694595,
              25.0410798
            ],
            [
              75.2707184,
              25.0404172
            ],
            [
              75.2735823,
              25.0394282
            ],
            [
              75.2751449,
              25.0387047
            ],
            [
              75.2809014,
              25.0382964
            ],
            [
              75.2897044,
              25.0382132
            ],
            [
              75.2931706,
              25.0382952
            ],
            [
              75.2948376,
              25.0387815
            ],
            [
              75.296674,
              25.0400614
            ],
            [
              75.2996407,
              25.0413925
            ],
            [
              75.3015336,
              25.0416997
            ],
            [
              75.30402,
              25.0417253
            ],
            [
              75.3089926,
              25.0415205
            ],
            [
              75.3142294,
              25.0408015
            ],
            [
              75.3168871,
              25.0407439
            ],
            [
              75.3194707,
              25.0398812
            ],
            [
              75.3209832,
              25.0394679
            ],
            [
              75.3224745,
              25.0394489
            ],
            [
              75.3249218,
              25.0389594
            ],
            [
              75.3287026,
              25.040315
            ],
            [
              75.3318427,
              25.0416007
            ],
            [
              75.3335156,
              25.0408394
            ],
            [
              75.3350407,
              25.0403606
            ],
            [
              75.3378449,
              25.0377796
            ],
            [
              75.3396059,
              25.0362875
            ],
            [
              75.3416834,
              25.0348843
            ],
            [
              75.3443034,
              25.0342887
            ],
            [
              75.3472309,
              25.0321436
            ],
            [
              75.3464481,
              25.0307532
            ],
            [
              75.3449587,
              25.0310803
            ],
            [
              75.3426422,
              25.0306959
            ],
            [
              75.3442812,
              25.0293738
            ],
            [
              75.3456352,
              25.0285802
            ],
            [
              75.3465489,
              25.0273873
            ],
            [
              75.3471722,
              25.0262455
            ],
            [
              75.3476918,
              25.0255929
            ],
            [
              75.347827,
              25.0251369
            ],
            [
              75.3488017,
              25.0236008
            ],
            [
              75.3501849,
              25.0223371
            ],
            [
              75.3502618,
              25.0175397
            ],
            [
              75.3496776,
              25.0168162
            ],
            [
              75.3494516,
              25.0153057
            ],
            [
              75.3506947,
              25.0145376
            ],
            [
              75.3523334,
              25.0143327
            ],
            [
              75.3556391,
              25.0146912
            ],
            [
              75.3601314,
              25.0140255
            ],
            [
              75.3637196,
              25.0150496
            ],
            [
              75.371009,
              25.0160226
            ],
            [
              75.379146,
              25.0178404
            ],
            [
              75.3856161,
              25.0182244
            ],
            [
              75.3875938,
              25.0183524
            ],
            [
              75.3885544,
              25.0191461
            ],
            [
              75.389176,
              25.0207334
            ],
            [
              75.3899388,
              25.0222439
            ],
            [
              75.3913233,
              25.0234216
            ],
            [
              75.3929055,
              25.0235752
            ],
            [
              75.3941486,
              25.0227816
            ],
            [
              75.39542,
              25.0220391
            ],
            [
              75.3962676,
              25.0215015
            ],
            [
              75.3986974,
              25.0206054
            ],
            [
              75.4007882,
              25.0203494
            ],
            [
              75.4041221,
              25.0202726
            ],
            [
              75.4086427,
              25.0193509
            ],
            [
              75.4114115,
              25.0195557
            ],
            [
              75.4134458,
              25.0202726
            ],
            [
              75.4170905,
              25.0205542
            ],
            [
              75.4192942,
              25.020503
            ],
            [
              75.4236453,
              25.0206054
            ],
            [
              75.4285049,
              25.0198629
            ],
            [
              75.4311042,
              25.0201958
            ],
            [
              75.4371222,
              25.0217575
            ],
            [
              75.4462692,
              25.0231133
            ],
            [
              75.4471184,
              25.0249522
            ],
            [
              75.4477198,
              25.0263555
            ],
            [
              75.4489043,
              25.030219
            ],
            [
              75.4497244,
              25.0327885
            ],
            [
              75.4503076,
              25.0372534
            ],
            [
              75.4499978,
              25.0390941
            ],
            [
              75.4487403,
              25.0418641
            ],
            [
              75.4501071,
              25.0451809
            ],
            [
              75.4514922,
              25.0484976
            ],
            [
              75.4488315,
              25.0489168
            ],
            [
              75.4468997,
              25.0484612
            ],
            [
              75.444968,
              25.0482425
            ],
            [
              75.4425806,
              25.0485159
            ],
            [
              75.4430909,
              25.0507574
            ],
            [
              75.4432549,
              25.0515228
            ],
            [
              75.4438381,
              25.0527985
            ],
            [
              75.4443483,
              25.0540013
            ],
            [
              75.4440385,
              25.0557326
            ],
            [
              75.4441114,
              25.0572452
            ],
            [
              75.4446035,
              25.0595596
            ],
            [
              75.4420157,
              25.060325
            ],
            [
              75.4399381,
              25.0603432
            ],
            [
              75.4388629,
              25.0596143
            ],
            [
              75.4376419,
              25.0599788
            ],
            [
              75.4364209,
              25.0612909
            ],
            [
              75.4363116,
              25.0627124
            ],
            [
              75.4362387,
              25.0647352
            ],
            [
              75.4362933,
              25.068216
            ],
            [
              75.4363116,
              25.0721524
            ],
            [
              75.435619,
              25.0730454
            ],
            [
              75.434234,
              25.0742482
            ],
            [
              75.4320836,
              25.0747402
            ],
            [
              75.4307715,
              25.0751776
            ],
            [
              75.4272724,
              25.0777289
            ],
            [
              75.4234819,
              25.0803168
            ],
            [
              75.4202015,
              25.082613
            ],
            [
              75.4195637,
              25.0854742
            ],
            [
              75.4195819,
              25.0876246
            ],
            [
              75.419181,
              25.0910507
            ],
            [
              75.4182516,
              25.0930918
            ],
            [
              75.4173586,
              25.0946955
            ],
            [
              75.4158095,
              25.0951693
            ],
            [
              75.413896,
              25.0953333
            ],
            [
              75.4127661,
              25.0958801
            ],
            [
              75.4090302,
              25.0983585
            ],
            [
              75.4048205,
              25.1012744
            ],
            [
              75.4035083,
              25.1022402
            ],
            [
              75.4035266,
              25.1032243
            ],
            [
              75.4054219,
              25.1054477
            ],
            [
              75.407627,
              25.1071243
            ],
            [
              75.4084653,
              25.1093658
            ],
            [
              75.4095223,
              25.1137396
            ],
            [
              75.4107433,
              25.1168559
            ],
            [
              75.411782,
              25.1182774
            ],
            [
              75.4130759,
              25.1198264
            ],
            [
              75.4140418,
              25.1231614
            ],
            [
              75.4149712,
              25.1259679
            ],
            [
              75.4156091,
              25.126387
            ],
            [
              75.4220239,
              25.1282823
            ],
            [
              75.4246482,
              25.1295034
            ],
            [
              75.4264524,
              25.1309066
            ],
            [
              75.4300972,
              25.1329295
            ],
            [
              75.4339789,
              25.1350617
            ],
            [
              75.4390816,
              25.1388705
            ],
            [
              75.4415965,
              25.1408022
            ],
            [
              75.4425259,
              25.1421326
            ],
            [
              75.4426353,
              25.1441372
            ],
            [
              75.44269,
              25.14534
            ],
            [
              75.4438381,
              25.1485839
            ],
            [
              75.4446764,
              25.1504974
            ],
            [
              75.4455147,
              25.1514451
            ],
            [
              75.446845,
              25.1535408
            ],
            [
              75.4472277,
              25.1557824
            ],
            [
              75.4464087,
              25.1577404
            ],
            [
              75.4460614,
              25.1585706
            ],
            [
              75.4442572,
              25.1613225
            ],
            [
              75.4505445,
              25.1720746
            ],
            [
              75.4506356,
              25.1738241
            ],
            [
              75.4501071,
              25.1776147
            ],
            [
              75.4500342,
              25.1801114
            ],
            [
              75.4499613,
              25.1826081
            ],
            [
              75.4502894,
              25.1843576
            ],
            [
              75.4508908,
              25.1867632
            ],
            [
              75.451401,
              25.1889136
            ],
            [
              75.4514739,
              25.1915379
            ],
            [
              75.4515286,
              25.1935425
            ],
            [
              75.4521847,
              25.1960028
            ],
            [
              75.451966,
              25.1987181
            ],
            [
              75.4525127,
              25.2017615
            ],
            [
              75.4520753,
              25.2047321
            ],
            [
              75.45213,
              25.2080124
            ],
            [
              75.450909,
              25.2095979
            ],
            [
              75.4493964,
              25.2120581
            ],
            [
              75.4490137,
              25.2143361
            ],
            [
              75.4488497,
              25.2165594
            ],
            [
              75.4481754,
              25.2184365
            ],
            [
              75.4463165,
              25.2215528
            ],
            [
              75.4452231,
              25.2239037
            ],
            [
              75.4449133,
              25.2255439
            ],
            [
              75.4450773,
              25.2273298
            ],
            [
              75.446353,
              25.2289882
            ],
            [
              75.4476469,
              25.231084
            ],
            [
              75.4491959,
              25.2343825
            ],
            [
              75.4506539,
              25.2374259
            ],
            [
              75.4510366,
              25.2393394
            ],
            [
              75.4510366,
              25.2413623
            ],
            [
              75.4509454,
              25.2430207
            ],
            [
              75.4472642,
              25.2457725
            ],
            [
              75.4444759,
              25.2478683
            ],
            [
              75.4443301,
              25.2491622
            ],
            [
              75.4438198,
              25.2516771
            ],
            [
              75.4429633,
              25.2541373
            ],
            [
              75.4454782,
              25.2582924
            ],
            [
              75.4458792,
              25.261354
            ],
            [
              75.4455876,
              25.2621741
            ],
            [
              75.4443301,
              25.2648348
            ],
            [
              75.4427629,
              25.2672404
            ],
            [
              75.4414507,
              25.2697735
            ],
            [
              75.4395008,
              25.272981
            ],
            [
              75.4378606,
              25.2743478
            ],
            [
              75.435291,
              25.2766804
            ],
            [
              75.4321565,
              25.2775916
            ],
            [
              75.429678,
              25.2786304
            ],
            [
              75.427728,
              25.2799972
            ],
            [
              75.4255594,
              25.2808902
            ],
            [
              75.4202927,
              25.2826944
            ],
            [
              75.41991,
              25.2833686
            ],
            [
              75.419017,
              25.2838971
            ],
            [
              75.4181422,
              25.2832046
            ],
            [
              75.4156638,
              25.2828584
            ],
            [
              75.4119643,
              25.2826032
            ],
            [
              75.4101419,
              25.2830224
            ],
            [
              75.4089573,
              25.2840065
            ],
            [
              75.4079003,
              25.286084
            ],
            [
              75.4060962,
              25.2867401
            ],
            [
              75.4003009,
              25.2914966
            ],
            [
              75.3993897,
              25.2924807
            ],
            [
              75.3969477,
              25.2947769
            ],
            [
              75.3894029,
              25.3011553
            ],
            [
              75.3823138,
              25.305766
            ],
            [
              75.3793317,
              25.3073983
            ],
            [
              75.3767191,
              25.3083538
            ],
            [
              75.3746962,
              25.3095019
            ],
            [
              75.371999,
              25.3102673
            ],
            [
              75.371341,
              25.3105917
            ],
            [
              75.3707051,
              25.311461
            ],
            [
              75.3698304,
              25.3138392
            ],
            [
              75.3687552,
              25.3155887
            ],
            [
              75.3676799,
              25.3169373
            ],
            [
              75.364673,
              25.3182312
            ],
            [
              75.3622856,
              25.318541
            ],
            [
              75.3607913,
              25.318541
            ],
            [
              75.3560348,
              25.3196891
            ],
            [
              75.3535381,
              25.3201994
            ],
            [
              75.34767,
              25.3216755
            ],
            [
              75.3415467,
              25.3229694
            ],
            [
              75.3393416,
              25.326268
            ],
            [
              75.3347674,
              25.3292749
            ],
            [
              75.3338926,
              25.3343776
            ],
            [
              75.3331819,
              25.3391888
            ],
            [
              75.332617,
              25.3403733
            ],
            [
              75.3307034,
              25.3440364
            ],
            [
              75.3278605,
              25.3478634
            ],
            [
              75.3267488,
              25.3500321
            ],
            [
              75.3251451,
              25.3521278
            ],
            [
              75.3240699,
              25.3544241
            ],
            [
              75.3234503,
              25.3555904
            ],
            [
              75.3233045,
              25.3575586
            ],
            [
              75.323268,
              25.3583604
            ],
            [
              75.3228489,
              25.3599459
            ],
            [
              75.3223933,
              25.3614767
            ],
            [
              75.3206073,
              25.3637183
            ],
            [
              75.3185116,
              25.3635725
            ],
            [
              75.3156322,
              25.3653402
            ],
            [
              75.3142289,
              25.3664337
            ],
            [
              75.3116958,
              25.3698598
            ],
            [
              75.3097823,
              25.3726298
            ],
            [
              75.3083061,
              25.3733224
            ],
            [
              75.3072491,
              25.3737597
            ],
            [
              75.3063926,
              25.3747074
            ],
            [
              75.3059188,
              25.375655
            ],
            [
              75.3054085,
              25.3763293
            ],
            [
              75.3046796,
              25.3767485
            ],
            [
              75.3033127,
              25.3773681
            ],
            [
              75.3016088,
              25.3781335
            ],
            [
              75.3014175,
              25.3797099
            ],
            [
              75.2998775,
              25.3805846
            ],
            [
              75.2969344,
              25.3819605
            ],
            [
              75.2960596,
              25.3827077
            ],
            [
              75.2921597,
              25.3866805
            ],
            [
              75.2901003,
              25.389724
            ],
            [
              75.2878588,
              25.3909085
            ],
            [
              75.2852163,
              25.3926762
            ],
            [
              75.2838495,
              25.3948814
            ],
            [
              75.2842687,
              25.3977607
            ],
            [
              75.2852345,
              25.403556
            ],
            [
              75.2843051,
              25.402827
            ],
            [
              75.2833028,
              25.4027541
            ],
            [
              75.2825009,
              25.4028999
            ],
            [
              75.2815351,
              25.402171
            ],
            [
              75.280551,
              25.4015513
            ],
            [
              75.2800954,
              25.4013691
            ],
            [
              75.2794029,
              25.4012051
            ],
            [
              75.2785645,
              25.4012962
            ],
            [
              75.2773982,
              25.4015513
            ],
            [
              75.2765781,
              25.4000387
            ],
            [
              75.2759403,
              25.3990729
            ],
            [
              75.2753024,
              25.3983621
            ],
            [
              75.2739356,
              25.3983075
            ],
            [
              75.2722955,
              25.3985079
            ],
            [
              75.2675026,
              25.3992004
            ],
            [
              75.2664091,
              25.4001299
            ],
            [
              75.2634022,
              25.4032279
            ],
            [
              75.2625274,
              25.4059251
            ],
            [
              75.26127,
              25.4100255
            ],
            [
              75.2604863,
              25.4140895
            ],
            [
              75.2599943,
              25.4168413
            ],
            [
              75.2606868,
              25.4215795
            ],
            [
              75.2660082,
              25.4262631
            ],
            [
              75.2683044,
              25.4279215
            ],
            [
              75.2747922,
              25.4306369
            ],
            [
              75.2788197,
              25.4324046
            ],
            [
              75.2843051,
              25.4355027
            ],
            [
              75.2859635,
              25.4342999
            ],
            [
              75.2876037,
              25.4318214
            ],
            [
              75.2904466,
              25.4298714
            ],
            [
              75.2932166,
              25.4276117
            ],
            [
              75.2949115,
              25.4263178
            ],
            [
              75.2970984,
              25.4253883
            ],
            [
              75.2991577,
              25.4236935
            ],
            [
              75.3003422,
              25.4225272
            ],
            [
              75.3016726,
              25.4209052
            ],
            [
              75.3025291,
              25.421215
            ],
            [
              75.3033127,
              25.4235659
            ],
            [
              75.3041146,
              25.4246958
            ],
            [
              75.305773,
              25.4252061
            ],
            [
              75.3081603,
              25.4262813
            ],
            [
              75.3086342,
              25.4272107
            ],
            [
              75.3087253,
              25.4293976
            ],
            [
              75.3080692,
              25.4311836
            ],
            [
              75.3080692,
              25.4325504
            ],
            [
              75.3086706,
              25.4336803
            ],
            [
              75.3098187,
              25.4345732
            ],
            [
              75.3149032,
              25.4377624
            ],
            [
              75.3170354,
              25.4392568
            ],
            [
              75.3177462,
              25.4404414
            ],
            [
              75.3186756,
              25.4427376
            ],
            [
              75.3202246,
              25.4456899
            ],
            [
              75.3207531,
              25.4470385
            ],
            [
              75.3206256,
              25.4482777
            ],
            [
              75.3202611,
              25.4493711
            ],
            [
              75.3200424,
              25.4512118
            ],
            [
              75.3206256,
              25.452943
            ],
            [
              75.3216097,
              25.4540183
            ],
            [
              75.3234685,
              25.4568248
            ],
            [
              75.3254002,
              25.4575902
            ],
            [
              75.3270586,
              25.4583373
            ],
            [
              75.3293913,
              25.4588476
            ],
            [
              75.3335464,
              25.4604149
            ],
            [
              75.3361524,
              25.4615812
            ],
            [
              75.3396696,
              25.4634583
            ],
            [
              75.3421117,
              25.4650802
            ],
            [
              75.3440252,
              25.4677592
            ],
            [
              75.3460663,
              25.4701647
            ],
            [
              75.3487088,
              25.4718778
            ],
            [
              75.3504218,
              25.4736273
            ],
            [
              75.3512419,
              25.4747754
            ],
            [
              75.3520437,
              25.4755408
            ],
            [
              75.3527363,
              25.4758142
            ],
            [
              75.3539026,
              25.4759053
            ],
            [
              75.3562353,
              25.4771445
            ],
            [
              75.3574198,
              25.4775819
            ],
            [
              75.3586591,
              25.4780739
            ],
            [
              75.3595156,
              25.4785295
            ],
            [
              75.3596614,
              25.4795136
            ],
            [
              75.3604268,
              25.4802973
            ],
            [
              75.3609553,
              25.480844
            ],
            [
              75.3624132,
              25.4831584
            ],
            [
              75.3625043,
              25.4876051
            ],
            [
              75.3634884,
              25.4893546
            ],
            [
              75.3640169,
              25.4915233
            ],
            [
              75.3614656,
              25.4970998
            ],
            [
              75.3624861,
              25.498904
            ],
            [
              75.3635066,
              25.5002526
            ],
            [
              75.3652015,
              25.501674
            ],
            [
              75.3679898,
              25.5024577
            ],
            [
              75.3681173,
              25.503296
            ],
            [
              75.367844,
              25.5041525
            ],
            [
              75.366951,
              25.5047721
            ],
            [
              75.3662585,
              25.5047721
            ],
            [
              75.3653108,
              25.5053188
            ],
            [
              75.3651468,
              25.50623
            ],
            [
              75.3649463,
              25.5090548
            ],
            [
              75.3641445,
              25.5102211
            ],
            [
              75.3635978,
              25.5110047
            ],
            [
              75.3633062,
              25.5117519
            ],
            [
              75.3623768,
              25.5141028
            ],
            [
              75.3613927,
              25.5147953
            ],
            [
              75.3608095,
              25.5157065
            ],
            [
              75.3607001,
              25.5164719
            ],
            [
              75.3611557,
              25.5172191
            ],
            [
              75.3618847,
              25.5177476
            ],
            [
              75.362395,
              25.5188593
            ],
            [
              75.3618118,
              25.5195518
            ],
            [
              75.36183,
              25.5203901
            ],
            [
              75.362231,
              25.5209186
            ],
            [
              75.3626866,
              25.521684
            ],
            [
              75.3626137,
              25.5225405
            ],
            [
              75.3625226,
              25.5232877
            ],
            [
              75.3630693,
              25.5239802
            ],
            [
              75.3622127,
              25.5242718
            ],
            [
              75.3619394,
              25.5246727
            ],
            [
              75.3621398,
              25.525347
            ],
            [
              75.3623403,
              25.5257297
            ],
            [
              75.3625226,
              25.5265134
            ],
            [
              75.3614473,
              25.5269325
            ],
            [
              75.3611193,
              25.5279166
            ],
            [
              75.3612104,
              25.529247
            ],
            [
              75.3602445,
              25.5295568
            ],
            [
              75.3595156,
              25.5296661
            ],
            [
              75.3588777,
              25.5303951
            ],
            [
              75.3586044,
              25.5311969
            ],
            [
              75.3588595,
              25.5319441
            ],
            [
              75.3586591,
              25.5326366
            ],
            [
              75.3584586,
              25.5330193
            ],
            [
              75.3583675,
              25.5335478
            ],
            [
              75.3584768,
              25.5343861
            ],
            [
              75.3585679,
              25.5349146
            ],
            [
              75.3584586,
              25.5362632
            ],
            [
              75.357839,
              25.5369193
            ],
            [
              75.3575109,
              25.5379398
            ],
            [
              75.360445,
              25.5408374
            ],
            [
              75.3667141,
              25.54707
            ],
            [
              75.372564,
              25.5529017
            ],
            [
              75.3750789,
              25.5547423
            ],
            [
              75.377448,
              25.5559451
            ],
            [
              75.3796531,
              25.5571844
            ],
            [
              75.3806008,
              25.5581867
            ],
            [
              75.3813115,
              25.5590068
            ],
            [
              75.3817671,
              25.5598815
            ],
            [
              75.3822592,
              25.5614306
            ],
            [
              75.3826783,
              25.5677725
            ],
            [
              75.3835348,
              25.5728388
            ],
            [
              75.3867423,
              25.5736589
            ],
            [
              75.3900773,
              25.5744061
            ],
            [
              75.3952529,
              25.574971
            ],
            [
              75.3965832,
              25.5755542
            ],
            [
              75.3978589,
              25.5764289
            ],
            [
              75.3984967,
              25.5776681
            ],
            [
              75.399572,
              25.5809485
            ],
            [
              75.40185,
              25.5829167
            ],
            [
              75.4048205,
              25.5857778
            ],
            [
              75.4092125,
              25.5892404
            ],
            [
              75.4102512,
              25.5904067
            ],
            [
              75.4126568,
              25.5953637
            ],
            [
              75.4137138,
              25.59848
            ],
            [
              75.4152811,
              25.6010131
            ],
            [
              75.4168119,
              25.6029813
            ],
            [
              75.4188712,
              25.6054051
            ],
            [
              75.4204931,
              25.6079018
            ],
            [
              75.4212768,
              25.6102891
            ],
            [
              75.4223155,
              25.6133872
            ],
            [
              75.4238828,
              25.6155194
            ],
            [
              75.4263612,
              25.6181254
            ],
            [
              75.4287668,
              25.6210231
            ],
            [
              75.4300425,
              25.6227543
            ],
            [
              75.4306621,
              25.6246314
            ],
            [
              75.4297145,
              25.6304449
            ],
            [
              75.4293318,
              25.6343813
            ],
            [
              75.4290584,
              25.6351467
            ],
            [
              75.42935,
              25.636477
            ],
            [
              75.4299149,
              25.6382812
            ],
            [
              75.4311906,
              25.6399578
            ],
            [
              75.4323569,
              25.640705
            ],
            [
              75.434398,
              25.6448418
            ],
            [
              75.4346896,
              25.6459535
            ],
            [
              75.4348536,
              25.6478124
            ],
            [
              75.4353092,
              25.6494161
            ],
            [
              75.4353275,
              25.6516212
            ],
            [
              75.435455,
              25.6547739
            ],
            [
              75.4352546,
              25.655922
            ],
            [
              75.4346714,
              25.656815
            ],
            [
              75.4341429,
              25.6574529
            ],
            [
              75.433742,
              25.6582183
            ],
            [
              75.4338513,
              25.6598949
            ],
            [
              75.4336509,
              25.6616262
            ],
            [
              75.4325027,
              25.6635214
            ],
            [
              75.4315551,
              25.665271
            ],
            [
              75.4313,
              25.6668929
            ],
            [
              75.430735,
              25.6698452
            ],
            [
              75.4289855,
              25.6693714
            ],
            [
              75.4281472,
              25.6727246
            ],
            [
              75.4272542,
              25.676424
            ],
            [
              75.4255958,
              25.6808707
            ],
            [
              75.4232085,
              25.6846977
            ],
            [
              75.4218781,
              25.6885066
            ],
            [
              75.4240104,
              25.6892537
            ],
            [
              75.4263066,
              25.690493
            ],
            [
              75.4273453,
              25.691714
            ],
            [
              75.4283477,
              25.6929897
            ],
            [
              75.4309537,
              25.6949214
            ],
            [
              75.4348536,
              25.6970536
            ],
            [
              75.4419063,
              25.7013545
            ],
            [
              75.4450226,
              25.7035596
            ],
            [
              75.4488315,
              25.7069128
            ],
            [
              75.4503076,
              25.7079334
            ],
            [
              75.4524216,
              25.7087899
            ],
            [
              75.456358,
              25.7125076
            ],
            [
              75.4589458,
              25.7150407
            ],
            [
              75.4594014,
              25.7158608
            ],
            [
              75.4601486,
              25.7180477
            ],
            [
              75.4606224,
              25.7193598
            ],
            [
              75.460841,
              25.7207587
            ],
            [
              75.4579733,
              25.7253785
            ],
            [
              75.4539613,
              25.7298582
            ],
            [
              75.4486779,
              25.7354321
            ],
            [
              75.4454852,
              25.7383589
            ],
            [
              75.4442138,
              25.7395296
            ],
            [
              75.44201,
              25.7411584
            ],
            [
              75.4400605,
              25.7433725
            ],
            [
              75.4389022,
              25.745154
            ],
            [
              75.437998,
              25.7463501
            ],
            [
              75.4365854,
              25.747139
            ],
            [
              75.4352292,
              25.7475461
            ],
            [
              75.4343816,
              25.7470372
            ],
            [
              75.4338165,
              25.7458411
            ],
            [
              75.4328277,
              25.744874
            ],
            [
              75.431641,
              25.744645
            ],
            [
              75.4282788,
              25.7455612
            ],
            [
              75.4271204,
              25.7462737
            ],
            [
              75.4248037,
              25.7480806
            ],
            [
              75.4234475,
              25.7498365
            ],
            [
              75.4227129,
              25.7518977
            ],
            [
              75.4225151,
              25.7551041
            ],
            [
              75.4212155,
              25.7578014
            ],
            [
              75.4188987,
              25.7622544
            ],
            [
              75.4156495,
              25.7660711
            ],
            [
              75.4125416,
              25.7678522
            ],
            [
              75.4089252,
              25.7695315
            ],
            [
              75.4059303,
              25.7704729
            ],
            [
              75.4021444,
              25.7728392
            ],
            [
              75.3997993,
              25.7746456
            ],
            [
              75.3981324,
              25.7748491
            ],
            [
              75.3968327,
              25.7742894
            ],
            [
              75.3934705,
              25.7705238
            ],
            [
              75.391182,
              25.7681321
            ],
            [
              75.3899953,
              25.7657913
            ],
            [
              75.3904192,
              25.7649516
            ],
            [
              75.3923686,
              25.7634758
            ],
            [
              75.3912668,
              25.7607277
            ],
            [
              75.3889217,
              25.7572161
            ],
            [
              75.3879046,
              25.7543152
            ],
            [
              75.3875373,
              25.752763
            ],
            [
              75.3867462,
              25.7508544
            ],
            [
              75.3851923,
              25.7495311
            ],
            [
              75.3832428,
              25.7496838
            ],
            [
              75.3815758,
              25.7502182
            ],
            [
              75.379372,
              25.7514651
            ],
            [
              75.379146,
              25.7528902
            ],
            [
              75.3777333,
              25.7542389
            ],
            [
              75.3751623,
              25.7557148
            ],
            [
              75.3727042,
              25.7566563
            ],
            [
              75.371235,
              25.7575215
            ],
            [
              75.371009,
              25.7587938
            ],
            [
              75.3702462,
              25.7596844
            ],
            [
              75.3683249,
              25.7597099
            ],
            [
              75.3649062,
              25.759888
            ],
            [
              75.3616571,
              25.760117
            ],
            [
              75.3597924,
              25.7595317
            ],
            [
              75.3579841,
              25.7587938
            ],
            [
              75.3559781,
              25.7581322
            ],
            [
              75.3535766,
              25.7581577
            ],
            [
              75.350723,
              25.7587938
            ],
            [
              75.3479824,
              25.7593791
            ],
            [
              75.344931,
              25.760575
            ],
            [
              75.3419644,
              25.7616692
            ],
            [
              75.3389978,
              25.7620763
            ],
            [
              75.3368223,
              25.7617201
            ],
            [
              75.3355226,
              25.7606005
            ],
            [
              75.3340393,
              25.7593409
            ],
            [
              75.3331776,
              25.7589974
            ],
            [
              75.332217,
              25.7588447
            ],
            [
              75.3303098,
              25.7592773
            ],
            [
              75.3273432,
              25.760117
            ],
            [
              75.3256198,
              25.761033
            ],
            [
              75.3244049,
              25.7620127
            ],
            [
              75.3224836,
              25.7637302
            ],
            [
              75.3205765,
              25.7643918
            ],
            [
              75.3177279,
              25.7664689
            ],
            [
              75.3167803,
              25.7657217
            ],
            [
              75.3158873,
              25.7649016
            ],
            [
              75.3141014,
              25.7640997
            ],
            [
              75.3123336,
              25.763553
            ],
            [
              75.3103654,
              25.7625507
            ],
            [
              75.3052627,
              25.7582316
            ],
            [
              75.3034403,
              25.7553158
            ],
            [
              75.3013081,
              25.7517621
            ],
            [
              75.3003969,
              25.7500308
            ],
            [
              75.2989208,
              25.7487916
            ],
            [
              75.2978638,
              25.7480079
            ],
            [
              75.2972077,
              25.7473519
            ],
            [
              75.2969161,
              25.7464589
            ],
            [
              75.2967157,
              25.745493
            ],
            [
              75.2962601,
              25.7443814
            ],
            [
              75.2956404,
              25.7435431
            ],
            [
              75.2942554,
              25.7427412
            ],
            [
              75.2931255,
              25.7418118
            ],
            [
              75.2910662,
              25.7393698
            ],
            [
              75.2898999,
              25.7378025
            ],
            [
              75.2893714,
              25.7365815
            ],
            [
              75.288934,
              25.7357614
            ],
            [
              75.2881504,
              25.7350871
            ],
            [
              75.2866013,
              25.7343764
            ],
            [
              75.2852345,
              25.7333558
            ],
            [
              75.2845238,
              25.7322806
            ],
            [
              75.2839771,
              25.7314423
            ],
            [
              75.2827196,
              25.7306222
            ],
            [
              75.2823187,
              25.7296199
            ],
            [
              75.2809883,
              25.7281256
            ],
            [
              75.2782912,
              25.7262485
            ],
            [
              75.2760861,
              25.724827
            ],
            [
              75.275266,
              25.7238976
            ],
            [
              75.2748833,
              25.7227859
            ],
            [
              75.2748104,
              25.7216378
            ],
            [
              75.2745188,
              25.7201434
            ],
            [
              75.2736987,
              25.7186491
            ],
            [
              75.2737716,
              25.7180841
            ],
            [
              75.2743093,
              25.7168358
            ],
            [
              75.2741999,
              25.716207
            ],
            [
              75.2741088,
              25.7149587
            ],
            [
              75.2740541,
              25.7137468
            ],
            [
              75.2734983,
              25.71238
            ],
            [
              75.2729607,
              25.7111043
            ],
            [
              75.2728331,
              25.7102022
            ],
            [
              75.2731247,
              25.7089357
            ],
            [
              75.2734801,
              25.7079242
            ],
            [
              75.2740177,
              25.707095
            ],
            [
              75.2748286,
              25.705956
            ],
            [
              75.2749835,
              25.7051997
            ],
            [
              75.2750747,
              25.703514
            ],
            [
              75.2751111,
              25.7018556
            ],
            [
              75.2746464,
              25.7006073
            ],
            [
              75.2715939,
              25.7020834
            ],
            [
              75.2676119,
              25.7036416
            ],
            [
              75.2643225,
              25.7046348
            ],
            [
              75.2624545,
              25.7049811
            ],
            [
              75.2602039,
              25.7039058
            ],
            [
              75.2587004,
              25.7027486
            ],
            [
              75.2580717,
              25.7011085
            ],
            [
              75.2576525,
              25.6988031
            ],
            [
              75.2570238,
              25.6970627
            ],
            [
              75.2560944,
              25.6953406
            ],
            [
              75.2548278,
              25.6940375
            ],
            [
              75.2541079,
              25.6932539
            ],
            [
              75.253625,
              25.6922243
            ],
            [
              75.2531238,
              25.6907663
            ],
            [
              75.2531603,
              25.6886068
            ],
            [
              75.2516841,
              25.6856636
            ],
            [
              75.2509492,
              25.6854239
            ],
            [
              75.2493315,
              25.6851335
            ],
            [
              75.2478457,
              25.6847987
            ],
            [
              75.2458895,
              25.6843971
            ],
            [
              75.2431656,
              25.6844194
            ],
            [
              75.2407141,
              25.6846425
            ],
            [
              75.2379903,
              25.6850665
            ],
            [
              75.2321463,
              25.6862046
            ],
            [
              75.2266738,
              25.6876328
            ],
            [
              75.2226871,
              25.6884585
            ],
            [
              75.2198642,
              25.6891725
            ],
            [
              75.2155803,
              25.6905784
            ],
            [
              75.2107021,
              25.6919396
            ],
            [
              75.2080773,
              25.6931892
            ],
            [
              75.2051058,
              25.6948627
            ],
            [
              75.2016886,
              25.6978304
            ],
            [
              75.1989895,
              25.6993254
            ],
            [
              75.1973551,
              25.7003741
            ],
            [
              75.198098,
              25.7024938
            ],
            [
              75.1978752,
              25.7035201
            ],
            [
              75.1967608,
              25.704011
            ],
            [
              75.1952256,
              25.7044573
            ],
            [
              75.1942598,
              25.7049258
            ],
            [
              75.1937398,
              25.7062645
            ],
            [
              75.1930465,
              25.7073132
            ],
            [
              75.1920312,
              25.7083395
            ],
            [
              75.1894807,
              25.7094774
            ],
            [
              75.186113,
              25.7102359
            ],
            [
              75.183711,
              25.7106821
            ],
            [
              75.182151,
              25.710816
            ],
            [
              75.1796252,
              25.7112622
            ],
            [
              75.1778671,
              25.71153
            ],
            [
              75.1756633,
              25.7121323
            ],
            [
              75.1739299,
              25.7135602
            ],
            [
              75.1703641,
              25.7155458
            ],
            [
              75.1684574,
              25.7166613
            ],
            [
              75.1660554,
              25.718803
            ],
            [
              75.1655602,
              25.7205431
            ],
            [
              75.1645202,
              25.7217255
            ],
            [
              75.1630592,
              25.7223948
            ],
            [
              75.1615734,
              25.7229748
            ],
            [
              75.1595677,
              25.7236663
            ],
            [
              75.1580819,
              25.7238002
            ],
            [
              75.1570667,
              25.7237556
            ],
            [
              75.1550114,
              25.7234879
            ],
            [
              75.152238,
              25.7222609
            ],
            [
              75.1492665,
              25.7217255
            ],
            [
              75.1472608,
              25.7215247
            ],
            [
              75.1458741,
              25.7212124
            ],
            [
              75.144834,
              25.7206324
            ],
            [
              75.1440664,
              25.7185353
            ],
            [
              75.1438931,
              25.7169513
            ],
            [
              75.1436455,
              25.7145865
            ],
            [
              75.143175,
              25.7127347
            ],
            [
              75.1410454,
              25.708875
            ],
            [
              75.1399559,
              25.7072908
            ],
            [
              75.1391635,
              25.7059298
            ],
            [
              75.1382472,
              25.7051712
            ],
            [
              75.1356967,
              25.7049035
            ],
            [
              75.1341367,
              25.7048142
            ],
            [
              75.1306452,
              25.7048589
            ],
            [
              75.125247,
              25.7063091
            ],
            [
              75.122325,
              25.707157
            ],
            [
              75.1196507,
              25.7075586
            ],
            [
              75.1180411,
              25.7077594
            ],
            [
              75.1159363,
              25.7077371
            ],
            [
              75.1146487,
              25.7070008
            ],
            [
              75.1138315,
              25.705439
            ],
            [
              75.1131877,
              25.7037433
            ],
            [
              75.1129153,
              25.7026277
            ],
            [
              75.1120734,
              25.7013558
            ],
            [
              75.1104289,
              25.6983237
            ],
            [
              75.1080619,
              25.6974957
            ],
            [
              75.105598,
              25.6991357
            ],
            [
              75.1033199,
              25.70101
            ],
            [
              75.1012893,
              25.7021256
            ],
            [
              75.0994445,
              25.702438
            ],
            [
              75.0956063,
              25.7031855
            ],
            [
              75.0927339,
              25.704435
            ],
            [
              75.0896633,
              25.704435
            ],
            [
              75.0871871,
              25.7042118
            ],
            [
              75.0851566,
              25.7042118
            ],
            [
              75.084067,
              25.7054613
            ],
            [
              75.0833737,
              25.7079602
            ],
            [
              75.0832746,
              25.7097451
            ],
            [
              75.0834232,
              25.7119762
            ],
            [
              75.0841661,
              25.7149658
            ],
            [
              75.0880786,
              25.721614
            ],
            [
              75.0884748,
              25.7233541
            ],
            [
              75.0874843,
              25.7247818
            ],
            [
              75.0846613,
              25.7267895
            ],
            [
              75.0814422,
              25.7284849
            ],
            [
              75.0792136,
              25.7293772
            ],
            [
              75.0764897,
              25.7313402
            ],
            [
              75.0687639,
              25.7355339
            ],
            [
              75.0667333,
              25.7370953
            ],
            [
              75.0657429,
              25.7385228
            ],
            [
              75.0651486,
              25.7407534
            ],
            [
              75.0652971,
              25.7445006
            ],
            [
              75.0673276,
              25.7477124
            ],
            [
              75.0697356,
              25.7504864
            ],
            [
              75.0707197,
              25.7525093
            ],
            [
              75.0712118,
              25.7538943
            ],
            [
              75.0719407,
              25.755006
            ],
            [
              75.071795,
              25.7554798
            ],
            [
              75.0712665,
              25.7558989
            ],
            [
              75.0680773,
              25.7569742
            ],
            [
              75.0670203,
              25.7565732
            ],
            [
              75.067239,
              25.757448
            ],
            [
              75.0662913,
              25.7578489
            ],
            [
              75.0694441,
              25.7615484
            ],
            [
              75.0711389,
              25.7640269
            ],
            [
              75.0720136,
              25.7650109
            ],
            [
              75.0735445,
              25.7663777
            ],
            [
              75.0758042,
              25.7691478
            ],
            [
              75.0771346,
              25.7723552
            ],
            [
              75.0764239,
              25.7728655
            ],
            [
              75.0771164,
              25.7742505
            ],
            [
              75.0777542,
              25.7755809
            ],
            [
              75.0759683,
              25.7778953
            ],
            [
              75.0757313,
              25.7794626
            ],
            [
              75.0757131,
              25.7824695
            ],
            [
              75.0734169,
              25.7817588
            ],
            [
              75.0699361,
              25.7808476
            ],
            [
              75.0660908,
              25.7802644
            ],
            [
              75.0627194,
              25.7806289
            ],
            [
              75.0564321,
              25.782506
            ],
            [
              75.0530789,
              25.7824331
            ],
            [
              75.0504364,
              25.7826882
            ],
            [
              75.0447323,
              25.7839092
            ],
            [
              75.0388277,
              25.7857499
            ],
            [
              75.0341806,
              25.7879185
            ],
            [
              75.030226,
              25.7908708
            ],
            [
              75.0278386,
              25.7925656
            ],
            [
              75.0257611,
              25.7947343
            ],
            [
              75.0250868,
              25.7967572
            ],
            [
              75.024121,
              25.7982698
            ],
            [
              75.0218794,
              25.8008029
            ],
            [
              75.0206219,
              25.799837
            ],
            [
              75.0153552,
              25.8046299
            ],
            [
              75.0141524,
              25.8062883
            ],
            [
              75.0124576,
              25.8079103
            ],
            [
              75.0108903,
              25.8087121
            ],
            [
              75.0095053,
              25.8090402
            ],
            [
              75.0114188,
              25.8116644
            ],
            [
              75.0127856,
              25.8129583
            ],
            [
              75.0144076,
              25.8147807
            ],
            [
              75.0183622,
              25.8177695
            ],
            [
              75.0196014,
              25.8187171
            ],
            [
              75.020221,
              25.8192456
            ],
            [
              75.0208042,
              25.8203755
            ],
            [
              75.0238294,
              25.822453
            ],
            [
              75.0260162,
              25.8244577
            ],
            [
              75.0272737,
              25.8242207
            ],
            [
              75.0282942,
              25.8262072
            ],
            [
              75.0299891,
              25.8297062
            ],
            [
              75.033725,
              25.830508
            ],
            [
              75.0373151,
              25.8316926
            ],
            [
              75.0375703,
              25.8343351
            ],
            [
              75.0368595,
              25.8345173
            ],
            [
              75.0372422,
              25.8362121
            ],
            [
              75.0363128,
              25.8366313
            ],
            [
              75.0375156,
              25.8399298
            ],
            [
              75.0391011,
              25.8411144
            ],
            [
              75.0413791,
              25.8468367
            ],
            [
              75.0390646,
              25.8474199
            ],
            [
              75.0369507,
              25.8479666
            ],
            [
              75.0351647,
              25.8490601
            ],
            [
              75.0311736,
              25.8510465
            ],
            [
              75.0297157,
              25.8516843
            ],
            [
              75.0258705,
              25.8529782
            ],
            [
              75.0234831,
              25.8544726
            ],
            [
              75.0207495,
              25.8563679
            ],
            [
              75.0175239,
              25.8591562
            ],
            [
              75.0150454,
              25.8579534
            ],
            [
              75.0120136,
              25.8559687
            ],
            [
              75.0100779,
              25.85401
            ],
            [
              75.0026536,
              25.8497231
            ],
            [
              75.0012159,
              25.8476376
            ],
            [
              74.9996924,
              25.8459382
            ],
            [
              74.9949503,
              25.8429642
            ],
            [
              74.9916029,
              25.8449919
            ],
            [
              74.9872041,
              25.8471741
            ],
            [
              74.9866032,
              25.8479465
            ],
            [
              74.9870538,
              25.8542803
            ],
            [
              74.9845004,
              25.8548403
            ],
            [
              74.982934,
              25.8568485
            ],
            [
              74.9828051,
              25.8583491
            ],
            [
              74.9829835,
              25.863431
            ],
            [
              74.9766839,
              25.8640949
            ],
            [
              74.9682279,
              25.8640402
            ],
            [
              74.9621775,
              25.8641678
            ],
            [
              74.9584599,
              25.8636757
            ],
            [
              74.9559814,
              25.8627463
            ],
            [
              74.9477259,
              25.8622725
            ],
            [
              74.944318,
              25.8619809
            ],
            [
              74.9419489,
              25.8623636
            ],
            [
              74.9420218,
              25.8629285
            ],
            [
              74.9401812,
              25.8640038
            ],
            [
              74.9385775,
              25.8650425
            ],
            [
              74.9356798,
              25.8703457
            ],
            [
              74.9317617,
              25.8729882
            ],
            [
              74.9249641,
              25.8779633
            ],
            [
              74.9234515,
              25.8779269
            ],
            [
              74.9197703,
              25.8778905
            ],
            [
              74.9159432,
              25.8782185
            ],
            [
              74.9123713,
              25.8791479
            ],
            [
              74.9073597,
              25.8805694
            ],
            [
              74.902093,
              25.8817539
            ],
            [
              74.8991772,
              25.8801502
            ],
            [
              74.8957328,
              25.87769
            ],
            [
              74.8919787,
              25.8746648
            ],
            [
              74.891195,
              25.8738447
            ],
            [
              74.8897736,
              25.8712205
            ],
            [
              74.8887712,
              25.8718948
            ],
            [
              74.8882974,
              25.8731704
            ],
            [
              74.8874227,
              25.874191
            ],
            [
              74.8861652,
              25.8747195
            ],
            [
              74.8841059,
              25.8745372
            ],
            [
              74.8804793,
              25.8742092
            ],
            [
              74.8769621,
              25.8742639
            ],
            [
              74.8747934,
              25.8752662
            ],
            [
              74.8735178,
              25.8757947
            ],
            [
              74.8720052,
              25.8764872
            ],
            [
              74.8701099,
              25.877125
            ],
            [
              74.8629843,
              25.8776535
            ],
            [
              74.8617815,
              25.8775806
            ],
            [
              74.8606152,
              25.8779269
            ],
            [
              74.8588657,
              25.8788199
            ],
            [
              74.8562049,
              25.8797857
            ],
            [
              74.8538905,
              25.8798769
            ],
            [
              74.8505737,
              25.8791297
            ],
            [
              74.8459266,
              25.87769
            ],
            [
              74.8423183,
              25.8765783
            ],
            [
              74.8380903,
              25.8755396
            ],
            [
              74.8351015,
              25.8752662
            ],
            [
              74.8299988,
              25.8755213
            ],
            [
              74.827976,
              25.8753209
            ],
            [
              74.8268643,
              25.8741545
            ],
            [
              74.8259531,
              25.8744826
            ],
            [
              74.8253153,
              25.8744643
            ],
            [
              74.8229644,
              25.8728606
            ],
            [
              74.8198845,
              25.8722228
            ],
            [
              74.8142897,
              25.8729335
            ],
            [
              74.8117384,
              25.8735531
            ],
            [
              74.8099524,
              25.8736443
            ],
            [
              74.8074011,
              25.873626
            ],
            [
              74.8051777,
              25.8729517
            ],
            [
              74.8033189,
              25.8729517
            ],
            [
              74.8000203,
              25.8732616
            ],
            [
              74.7945349,
              25.8745372
            ],
            [
              74.7922205,
              25.8756307
            ],
            [
              74.7893411,
              25.8763414
            ],
            [
              74.7864981,
              25.8777264
            ],
            [
              74.7830356,
              25.8802231
            ],
            [
              74.7776777,
              25.8838133
            ],
            [
              74.7760922,
              25.8840137
            ],
            [
              74.7747254,
              25.8838315
            ],
            [
              74.7710259,
              25.8852165
            ],
            [
              74.7696774,
              25.8862553
            ],
            [
              74.7691489,
              25.8870025
            ],
            [
              74.7689302,
              25.8883146
            ],
            [
              74.7693493,
              25.889809
            ],
            [
              74.769404,
              25.890629
            ],
            [
              74.7689405,
              25.891619
            ],
            [
              74.7675538,
              25.894114
            ],
            [
              74.7655233,
              25.8960743
            ],
            [
              74.7624527,
              25.8964307
            ],
            [
              74.7597475,
              25.8961796
            ],
            [
              74.7585793,
              25.8968676
            ],
            [
              74.7568081,
              25.897814
            ],
            [
              74.7498982,
              25.903336
            ],
            [
              74.7473229,
              25.9054743
            ],
            [
              74.7421723,
              25.9093945
            ],
            [
              74.7402409,
              25.9108868
            ],
            [
              74.7386561,
              25.9118446
            ],
            [
              74.7365017,
              25.9122232
            ],
            [
              74.7354865,
              25.9121787
            ],
            [
              74.7329112,
              25.9116887
            ],
            [
              74.7313511,
              25.9118446
            ],
            [
              74.7301378,
              25.9127355
            ],
            [
              74.7283797,
              25.9141832
            ],
            [
              74.7268691,
              25.9157423
            ],
            [
              74.7237738,
              25.916945
            ],
            [
              74.7188461,
              25.9187935
            ],
            [
              74.713547,
              25.9200185
            ],
            [
              74.7099812,
              25.9204194
            ],
            [
              74.7062668,
              25.9204862
            ],
            [
              74.7038518,
              25.9202599
            ],
            [
              74.6953218,
              25.9186154
            ],
            [
              74.6876207,
              25.918749
            ],
            [
              74.6828168,
              25.9187045
            ],
            [
              74.6769233,
              25.9181254
            ],
            [
              74.6714756,
              25.9175018
            ],
            [
              74.668405,
              25.9174127
            ],
            [
              74.6648393,
              25.9172345
            ],
            [
              74.6597382,
              25.9167891
            ],
            [
              74.656321,
              25.9161655
            ],
            [
              74.6507247,
              25.9141164
            ],
            [
              74.6442369,
              25.9117555
            ],
            [
              74.6371549,
              25.9092609
            ],
            [
              74.6330443,
              25.9080136
            ],
            [
              74.6279433,
              25.9062762
            ],
            [
              74.6239813,
              25.9053853
            ],
            [
              74.6196231,
              25.9052071
            ],
            [
              74.6164535,
              25.9055634
            ],
            [
              74.6137296,
              25.9056525
            ],
            [
              74.6155355,
              25.9131324
            ],
            [
              74.6064495,
              25.9149648
            ],
            [
              74.598422,
              25.916046
            ],
            [
              74.5934296,
              25.9161695
            ],
            [
              74.592632,
              25.9094836
            ],
            [
              74.5859462,
              25.9111319
            ],
            [
              74.5806966,
              25.9128692
            ],
            [
              74.5759917,
              25.9138937
            ],
            [
              74.5724259,
              25.9143391
            ],
            [
              74.5680677,
              25.9143837
            ],
            [
              74.5625705,
              25.9140719
            ],
            [
              74.5587075,
              25.9131364
            ],
            [
              74.5566069,
              25.9027832
            ],
            [
              74.5625251,
              25.8996317
            ],
            [
              74.5680469,
              25.8967887
            ],
            [
              74.571473,
              25.8899365
            ],
            [
              74.5756463,
              25.8884968
            ],
            [
              74.5721838,
              25.8837404
            ],
            [
              74.5714184,
              25.8803871
            ],
            [
              74.5694137,
              25.8764143
            ],
            [
              74.5667348,
              25.8771068
            ],
            [
              74.5617414,
              25.8808792
            ],
            [
              74.5562378,
              25.8812983
            ],
            [
              74.5519734,
              25.8791844
            ],
            [
              74.5424422,
              25.8775442
            ],
            [
              74.5406927,
              25.8756671
            ],
            [
              74.5378133,
              25.8731887
            ],
            [
              74.5359909,
              25.8712569
            ],
            [
              74.5311251,
              25.8654252
            ],
            [
              74.5251841,
              25.8673205
            ],
            [
              74.5250201,
              25.868414
            ],
            [
              74.5266602,
              25.8706008
            ],
            [
              74.5268971,
              25.8718765
            ],
            [
              74.5268789,
              25.8743368
            ],
            [
              74.5273892,
              25.8768881
            ],
            [
              74.5295396,
              25.8812437
            ],
            [
              74.5312162,
              25.8826105
            ],
            [
              74.5331115,
              25.884196
            ],
            [
              74.5330568,
              25.8851072
            ],
            [
              74.5319634,
              25.888187
            ],
            [
              74.5318723,
              25.8890435
            ],
            [
              74.5323461,
              25.892579
            ],
            [
              74.5317083,
              25.8929435
            ],
            [
              74.5320545,
              25.894693
            ],
            [
              74.5292116,
              25.8957135
            ],
            [
              74.5297583,
              25.8972079
            ],
            [
              74.5314714,
              25.8966612
            ],
            [
              74.5322914,
              25.8984836
            ],
            [
              74.5315078,
              25.8985565
            ],
            [
              74.5310886,
              25.8997775
            ],
            [
              74.531362,
              25.9032765
            ],
            [
              74.5273527,
              25.9031125
            ],
            [
              74.5246556,
              25.9118782
            ],
            [
              74.5150151,
              25.9159604
            ],
            [
              74.5076344,
              25.9192772
            ],
            [
              74.4973013,
              25.9217374
            ],
            [
              74.4909047,
              25.923815
            ],
            [
              74.4842529,
              25.9280247
            ],
            [
              74.4762343,
              25.9261284
            ],
            [
              74.4738416,
              25.9184141
            ],
            [
              74.4720677,
              25.9145982
            ],
            [
              74.4694532,
              25.9094606
            ],
            [
              74.4678058,
              25.9070306
            ],
            [
              74.4663023,
              25.9069395
            ],
            [
              74.4682739,
              25.9031314
            ],
            [
              74.4681794,
              25.8998043
            ],
            [
              74.4685501,
              25.8970205
            ],
            [
              74.4692728,
              25.8942465
            ],
            [
              74.4769857,
              25.883943
            ],
            [
              74.4641095,
              25.8817805
            ],
            [
              74.457929,
              25.87761
            ],
            [
              74.4558688,
              25.8786912
            ],
            [
              74.4517484,
              25.8822439
            ],
            [
              74.447113,
              25.881935
            ],
            [
              74.4419625,
              25.8791546
            ],
            [
              74.4376705,
              25.8756019
            ],
            [
              74.4393873,
              25.8705042
            ],
            [
              74.4419625,
              25.8664878
            ],
            [
              74.447113,
              25.8650974
            ],
            [
              74.4515767,
              25.8627802
            ],
            [
              74.4568989,
              25.8593814
            ],
            [
              74.4562122,
              25.8541286
            ],
            [
              74.4488298,
              25.8397594
            ],
            [
              74.4459112,
              25.8303335
            ],
            [
              74.4376705,
              25.8216795
            ],
            [
              74.4278846,
              25.8260066
            ],
            [
              74.4134633,
              25.8120976
            ],
            [
              74.4052225,
              25.8068427
            ],
            [
              74.4026473,
              25.8097793
            ],
            [
              74.3985269,
              25.8137977
            ],
            [
              74.3940632,
              25.8137977
            ],
            [
              74.3839339,
              25.8150341
            ],
            [
              74.3837622,
              25.8113249
            ],
            [
              74.3846206,
              25.8046788
            ],
            [
              74.3877109,
              25.801433
            ],
            [
              74.3932048,
              25.7997327
            ],
            [
              74.4009305,
              25.7974142
            ],
            [
              74.4045358,
              25.7903036
            ],
            [
              74.4126049,
              25.7836565
            ],
            [
              74.4119181,
              25.7799462
            ],
            [
              74.4088278,
              25.7737623
            ],
            [
              74.4072827,
              25.7666503
            ],
            [
              74.4069393,
              25.7620119
            ],
            [
              74.4062526,
              25.7566001
            ],
            [
              74.4045358,
              25.7473222
            ],
            [
              74.3933764,
              25.7446933
            ],
            [
              74.381702,
              25.7420644
            ],
            [
              74.3866808,
              25.7518066
            ],
            [
              74.3823888,
              25.7550538
            ],
            [
              74.3708861,
              25.7564455
            ],
            [
              74.369856,
              25.7658773
            ],
            [
              74.3834189,
              25.7677326
            ],
            [
              74.3959517,
              25.7680418
            ],
            [
              74.3986986,
              25.7717524
            ],
            [
              74.3985269,
              25.7776273
            ],
            [
              74.3918313,
              25.7876757
            ],
            [
              74.3835905,
              25.7816468
            ],
            [
              74.381187,
              25.7839656
            ],
            [
              74.37741,
              25.7875211
            ],
            [
              74.3717445,
              25.7957139
            ],
            [
              74.3580099,
              25.7881395
            ],
            [
              74.3513143,
              25.7818014
            ],
            [
              74.3392965,
              25.779637
            ],
            [
              74.330369,
              25.7807192
            ],
            [
              74.3250469,
              25.7794824
            ],
            [
              74.3138875,
              25.7779365
            ],
            [
              74.3207548,
              25.760311
            ],
            [
              74.3145743,
              25.7576825
            ],
            [
              74.3095955,
              25.7566001
            ],
            [
              74.3027282,
              25.7533529
            ],
            [
              74.3030715,
              25.7493325
            ],
            [
              74.3008397,
              25.7442294
            ],
            [
              74.2939724,
              25.7440748
            ],
            [
              74.2938007,
              25.7511881
            ],
            [
              74.2879635,
              25.751652
            ],
            [
              74.2774909,
              25.7531983
            ],
            [
              74.2711386,
              25.7502603
            ],
            [
              74.2673616,
              25.737889
            ],
            [
              74.2583055,
              25.7289575
            ],
            [
              74.2453453,
              25.721246
            ],
            [
              74.2433779,
              25.723914
            ],
            [
              74.2434227,
              25.7296381
            ],
            [
              74.2449353,
              25.7345951
            ],
            [
              74.2463385,
              25.738003
            ],
            [
              74.247924,
              25.7404268
            ],
            [
              74.2500198,
              25.741502
            ],
            [
              74.2499287,
              25.7428688
            ],
            [
              74.2491997,
              25.7441991
            ],
            [
              74.2441699,
              25.7427777
            ],
            [
              74.2388302,
              25.7411193
            ],
            [
              74.2368256,
              25.740773
            ],
            [
              74.2323972,
              25.7392422
            ],
            [
              74.2251987,
              25.7356156
            ],
            [
              74.2227202,
              25.7344128
            ],
            [
              74.2228113,
              25.7336474
            ],
            [
              74.2220095,
              25.7331007
            ],
            [
              74.2211712,
              25.733283
            ],
            [
              74.2207702,
              25.7334287
            ],
            [
              74.2171437,
              25.7329002
            ],
            [
              74.2155035,
              25.7326998
            ],
            [
              74.2111297,
              25.7314606
            ],
            [
              74.2068289,
              25.7277246
            ],
            [
              74.2030201,
              25.7229317
            ],
            [
              74.200979,
              25.7215285
            ],
            [
              74.1992841,
              25.720435
            ],
            [
              74.1989926,
              25.718722
            ],
            [
              74.1985734,
              25.7169725
            ],
            [
              74.1963865,
              25.7122342
            ],
            [
              74.1920128,
              25.7093913
            ],
            [
              74.1902997,
              25.7099015
            ],
            [
              74.1872927,
              25.7083707
            ],
            [
              74.1872563,
              25.7124347
            ],
            [
              74.1850147,
              25.7136192
            ],
            [
              74.182354,
              25.7158061
            ],
            [
              74.1799849,
              25.7182664
            ],
            [
              74.1790737,
              25.7198336
            ],
            [
              74.1781261,
              25.7228406
            ],
            [
              74.1772513,
              25.7276882
            ],
            [
              74.1760485,
              25.7318068
            ],
            [
              74.1744022,
              25.7356508
            ],
            [
              74.1726922,
              25.7339519
            ],
            [
              74.1712374,
              25.7322988
            ],
            [
              74.1695699,
              25.7310778
            ],
            [
              74.1682851,
              25.7308409
            ],
            [
              74.1643123,
              25.7294012
            ],
            [
              74.1638384,
              25.7298751
            ],
            [
              74.1623623,
              25.7305493
            ],
            [
              74.1612324,
              25.7312236
            ],
            [
              74.1597198,
              25.73239
            ],
            [
              74.1572049,
              25.7333194
            ],
            [
              74.1534325,
              25.732554
            ],
            [
              74.1513732,
              25.7316063
            ],
            [
              74.1498606,
              25.731169
            ],
            [
              74.1484756,
              25.7312236
            ],
            [
              74.1470177,
              25.7308774
            ],
            [
              74.1459242,
              25.7289639
            ],
            [
              74.1452864,
              25.7279798
            ],
            [
              74.1444299,
              25.7267952
            ],
            [
              74.1439378,
              25.7266312
            ],
            [
              74.1432453,
              25.7267405
            ],
            [
              74.1420972,
              25.7267952
            ],
            [
              74.1394183,
              25.7258658
            ],
            [
              74.137523,
              25.7244808
            ],
            [
              74.1364842,
              25.7241163
            ],
            [
              74.134352,
              25.7238794
            ],
            [
              74.1285932,
              25.7225672
            ],
            [
              74.1228891,
              25.7223485
            ],
            [
              74.1194812,
              25.7218565
            ],
            [
              74.1167294,
              25.7206719
            ],
            [
              74.1152897,
              25.7198701
            ],
            [
              74.1138318,
              25.7197607
            ],
            [
              74.1123374,
              25.7205079
            ],
            [
              74.1093851,
              25.7221845
            ],
            [
              74.107745,
              25.7220934
            ],
            [
              74.1049931,
              25.720836
            ],
            [
              74.1023142,
              25.7191047
            ],
            [
              74.1010932,
              25.7187402
            ],
            [
              74.1007105,
              25.7172458
            ],
            [
              74.1000909,
              25.7158244
            ],
            [
              74.0989428,
              25.7147309
            ],
            [
              74.0969381,
              25.7135099
            ],
            [
              74.0954255,
              25.7129996
            ],
            [
              74.0946237,
              25.7126898
            ],
            [
              74.0940223,
              25.7116875
            ],
            [
              74.0934027,
              25.7109221
            ],
            [
              74.0925826,
              25.7103936
            ],
            [
              74.091963,
              25.7097375
            ],
            [
              74.0913433,
              25.709045
            ],
            [
              74.0910153,
              25.7086988
            ],
            [
              74.0903775,
              25.708389
            ],
            [
              74.0896485,
              25.7080427
            ],
            [
              74.0889742,
              25.7076418
            ],
            [
              74.0882635,
              25.707332
            ],
            [
              74.08717,
              25.7074778
            ],
            [
              74.0866598,
              25.7071315
            ],
            [
              74.0866233,
              25.7060927
            ],
            [
              74.0856575,
              25.7058923
            ],
            [
              74.0850925,
              25.7050722
            ],
            [
              74.0843453,
              25.7043068
            ],
            [
              74.0837439,
              25.7027395
            ],
            [
              74.0838351,
              25.7016278
            ],
            [
              74.0840902,
              25.701318
            ],
            [
              74.0844729,
              25.7009171
            ],
            [
              74.0846369,
              25.6999877
            ],
            [
              74.0848374,
              25.6993498
            ],
            [
              74.0851107,
              25.698712
            ],
            [
              74.0857121,
              25.6974728
            ],
            [
              74.0856575,
              25.6967985
            ],
            [
              74.0846005,
              25.6949396
            ],
            [
              74.0826687,
              25.6916229
            ],
            [
              74.0818486,
              25.6891809
            ],
            [
              74.0814295,
              25.6863926
            ],
            [
              74.0807187,
              25.6841146
            ],
            [
              74.0802267,
              25.6830394
            ],
            [
              74.0797893,
              25.6825655
            ],
            [
              74.0793337,
              25.682037
            ],
            [
              74.0797529,
              25.677882
            ],
            [
              74.0818669,
              25.6758409
            ],
            [
              74.0830514,
              25.6760231
            ],
            [
              74.0848556,
              25.676096
            ],
            [
              74.0858944,
              25.6760413
            ],
            [
              74.0886826,
              25.6744559
            ],
            [
              74.0916714,
              25.6732895
            ],
            [
              74.0946419,
              25.669827
            ],
            [
              74.097011,
              25.6668929
            ],
            [
              74.098068,
              25.6655808
            ],
            [
              74.0988334,
              25.6634668
            ],
            [
              74.10051,
              25.6619177
            ],
            [
              74.1033347,
              25.6601865
            ],
            [
              74.1063964,
              25.6581089
            ],
            [
              74.1076356,
              25.6578538
            ],
            [
              74.1089113,
              25.6579449
            ],
            [
              74.1099865,
              25.6586374
            ],
            [
              74.1121187,
              25.6586921
            ],
            [
              74.1157635,
              25.6585281
            ],
            [
              74.1170392,
              25.6578902
            ],
            [
              74.1187887,
              25.6562683
            ],
            [
              74.1198457,
              25.6546464
            ],
            [
              74.119955,
              25.6528786
            ],
            [
              74.1198821,
              25.6515847
            ],
            [
              74.1213947,
              25.6511656
            ],
            [
              74.1226522,
              25.6506917
            ],
            [
              74.1255498,
              25.6489422
            ],
            [
              74.1275362,
              25.6469923
            ],
            [
              74.1260965,
              25.6464638
            ],
            [
              74.1254222,
              25.6459535
            ],
            [
              74.1238185,
              25.6448054
            ],
            [
              74.1219779,
              25.6430559
            ],
            [
              74.1187158,
              25.639812
            ],
            [
              74.1167841,
              25.6377709
            ],
            [
              74.1164378,
              25.634928
            ],
            [
              74.1160733,
              25.6320668
            ],
            [
              74.1149434,
              25.629315
            ],
            [
              74.1134855,
              25.6273103
            ],
            [
              74.114178,
              25.6240482
            ],
            [
              74.1150163,
              25.6207679
            ],
            [
              74.115563,
              25.6151549
            ],
            [
              74.115964,
              25.6137335
            ],
            [
              74.1176588,
              25.6115101
            ],
            [
              74.1183695,
              25.6093415
            ],
            [
              74.1190256,
              25.6064985
            ],
            [
              74.1175859,
              25.6062252
            ],
            [
              74.114579,
              25.6058789
            ],
            [
              74.1110799,
              25.6048948
            ],
            [
              74.1099501,
              25.6040383
            ],
            [
              74.1090206,
              25.6029631
            ],
            [
              74.1082734,
              25.6010678
            ],
            [
              74.1073258,
              25.5978421
            ],
            [
              74.1060501,
              25.5946711
            ],
            [
              74.1051936,
              25.5932132
            ],
            [
              74.1041548,
              25.5919193
            ],
            [
              74.1014212,
              25.5911357
            ],
            [
              74.0993437,
              25.5908077
            ],
            [
              74.0974302,
              25.5911539
            ],
            [
              74.0953891,
              25.5921927
            ],
            [
              74.093184,
              25.5937964
            ],
            [
              74.0903592,
              25.5957828
            ],
            [
              74.0890836,
              25.5950539
            ],
            [
              74.0882453,
              25.5935413
            ],
            [
              74.0843635,
              25.5860694
            ],
            [
              74.0831972,
              25.5834634
            ],
            [
              74.0816117,
              25.5837003
            ],
            [
              74.0797347,
              25.5837003
            ],
            [
              74.0766183,
              25.5834816
            ],
            [
              74.0739759,
              25.5833358
            ],
            [
              74.0709142,
              25.5828255
            ],
            [
              74.0663765,
              25.5820419
            ],
            [
              74.0655564,
              25.581641
            ],
            [
              74.0629321,
              25.5797092
            ],
            [
              74.0617293,
              25.5781055
            ],
            [
              74.0598887,
              25.5758457
            ],
            [
              74.0582303,
              25.5744789
            ],
            [
              74.0556061,
              25.5731304
            ],
            [
              74.0546037,
              25.572365
            ],
            [
              74.0545308,
              25.5691758
            ],
            [
              74.0550047,
              25.5660777
            ],
            [
              74.058777,
              25.5645286
            ],
            [
              74.0602714,
              25.5634899
            ],
            [
              74.0627499,
              25.5618497
            ],
            [
              74.0643536,
              25.5618133
            ],
            [
              74.0663947,
              25.5619408
            ],
            [
              74.0665405,
              25.5637268
            ],
            [
              74.0709507,
              25.5619044
            ],
            [
              74.0725544,
              25.5604282
            ],
            [
              74.075288,
              25.5606469
            ],
            [
              74.0793702,
              25.5596446
            ],
            [
              74.0841266,
              25.558296
            ],
            [
              74.0838168,
              25.5560727
            ],
            [
              74.0826869,
              25.5513345
            ],
            [
              74.0820309,
              25.5481088
            ],
            [
              74.080336,
              25.5445187
            ],
            [
              74.0788234,
              25.5416028
            ],
            [
              74.0778758,
              25.5385412
            ],
            [
              74.0799351,
              25.5339305
            ],
            [
              74.0810286,
              25.5296479
            ],
            [
              74.0817575,
              25.5273699
            ],
            [
              74.0840355,
              25.5244358
            ],
            [
              74.0857303,
              25.5238527
            ],
            [
              74.0941134,
              25.5207181
            ],
            [
              74.0938036,
              25.5195336
            ],
            [
              74.095298,
              25.5189504
            ],
            [
              74.0960451,
              25.5188957
            ],
            [
              74.0998904,
              25.5159799
            ],
            [
              74.1015123,
              25.5148135
            ],
            [
              74.1038268,
              25.5142304
            ],
            [
              74.104173,
              25.5130094
            ],
            [
              74.1026969,
              25.5125902
            ],
            [
              74.1019133,
              25.5122622
            ],
            [
              74.1004736,
              25.5116426
            ],
            [
              74.0984325,
              25.5123351
            ],
            [
              74.0979769,
              25.5118795
            ],
            [
              74.098068,
              25.5107678
            ],
            [
              74.0992161,
              25.509073
            ],
            [
              74.0978493,
              25.5085627
            ],
            [
              74.0977946,
              25.5075239
            ],
            [
              74.0969017,
              25.5068132
            ],
            [
              74.0953344,
              25.5054646
            ],
            [
              74.0921634,
              25.5053371
            ],
            [
              74.0912158,
              25.505738
            ],
            [
              74.0898308,
              25.5056833
            ],
            [
              74.0894298,
              25.5053553
            ],
            [
              74.0885733,
              25.5049544
            ],
            [
              74.0873158,
              25.5044988
            ],
            [
              74.0874981,
              25.5031684
            ],
            [
              74.0866233,
              25.5008357
            ],
            [
              74.0856028,
              25.5010726
            ],
            [
              74.0835617,
              25.4999245
            ],
            [
              74.0846369,
              25.4991227
            ],
            [
              74.086514,
              25.4977559
            ],
            [
              74.090341,
              25.4951134
            ],
            [
              74.092455,
              25.4955325
            ],
            [
              74.0930928,
              25.4980839
            ],
            [
              74.0952068,
              25.4973732
            ],
            [
              74.0934391,
              25.492234
            ],
            [
              74.0924915,
              25.4917966
            ],
            [
              74.0888649,
              25.492963
            ],
            [
              74.0868238,
              25.4932728
            ],
            [
              74.0852019,
              25.4929447
            ],
            [
              74.0840537,
              25.492398
            ],
            [
              74.0830332,
              25.4918695
            ],
            [
              74.078459,
              25.492562
            ],
            [
              74.076837,
              25.4929083
            ],
            [
              74.0766183,
              25.4923251
            ],
            [
              74.0761627,
              25.4917602
            ],
            [
              74.0757436,
              25.4918877
            ],
            [
              74.0755431,
              25.492726
            ],
            [
              74.074723,
              25.4929447
            ],
            [
              74.0748688,
              25.4938559
            ],
            [
              74.073502,
              25.4934732
            ],
            [
              74.0721535,
              25.4923251
            ],
            [
              74.070896,
              25.4909401
            ],
            [
              74.0691647,
              25.4884252
            ],
            [
              74.0679073,
              25.488571
            ],
            [
              74.064791,
              25.4895368
            ],
            [
              74.0623854,
              25.4906303
            ],
            [
              74.0607452,
              25.491341
            ],
            [
              74.0593238,
              25.4924709
            ],
            [
              74.0589228,
              25.492726
            ],
            [
              74.0565173,
              25.4933821
            ],
            [
              74.0551687,
              25.4950041
            ],
            [
              74.0545126,
              25.4949858
            ],
            [
              74.0514874,
              25.4947307
            ],
            [
              74.0503211,
              25.4957512
            ],
            [
              74.0485898,
              25.4966989
            ],
            [
              74.0461843,
              25.4982844
            ],
            [
              74.0424119,
              25.4987582
            ],
            [
              74.0422479,
              25.495241
            ],
            [
              74.0392591,
              25.4939835
            ],
            [
              74.0354321,
              25.488006
            ],
            [
              74.0373456,
              25.4869855
            ],
            [
              74.0406806,
              25.486293
            ],
            [
              74.0386942,
              25.4818645
            ],
            [
              74.0375278,
              25.4792038
            ],
            [
              74.0369811,
              25.4773632
            ],
            [
              74.0376554,
              25.473281
            ],
            [
              74.0398423,
              25.4721147
            ],
            [
              74.040954,
              25.471732
            ],
            [
              74.044289,
              25.4712582
            ],
            [
              74.0455464,
              25.4707297
            ],
            [
              74.0479155,
              25.4688526
            ],
            [
              74.0441432,
              25.4664653
            ],
            [
              74.0449086,
              25.4656452
            ],
            [
              74.0470955,
              25.4665382
            ],
            [
              74.0485169,
              25.4663377
            ],
            [
              74.0504304,
              25.4656634
            ],
            [
              74.0522893,
              25.4640961
            ],
            [
              74.0532916,
              25.4625653
            ],
            [
              74.0500842,
              25.4604331
            ],
            [
              74.0468768,
              25.4602873
            ],
            [
              74.0427581,
              25.4600686
            ],
            [
              74.0395872,
              25.4602144
            ],
            [
              74.0384755,
              25.4620368
            ],
            [
              74.0367624,
              25.4637134
            ],
            [
              74.0354321,
              25.463513
            ],
            [
              74.0338284,
              25.4634218
            ],
            [
              74.0324069,
              25.4636588
            ],
            [
              74.0303476,
              25.4636588
            ],
            [
              74.0275593,
              25.4635859
            ],
            [
              74.0280149,
              25.4627293
            ],
            [
              74.0290537,
              25.462055
            ],
            [
              74.0282154,
              25.4605425
            ],
            [
              74.028999,
              25.4597041
            ],
            [
              74.029728,
              25.4591757
            ],
            [
              74.029728,
              25.4584102
            ],
            [
              74.029728,
              25.4576631
            ],
            [
              74.0293088,
              25.4574626
            ],
            [
              74.0286345,
              25.4576084
            ],
            [
              74.0276504,
              25.4579729
            ],
            [
              74.0268668,
              25.4582645
            ],
            [
              74.0262654,
              25.4572439
            ],
            [
              74.0254818,
              25.4567336
            ],
            [
              74.0242425,
              25.4557678
            ],
            [
              74.0236229,
              25.4545832
            ],
            [
              74.0235318,
              25.4535627
            ],
            [
              74.0231673,
              25.4528155
            ],
            [
              74.0224019,
              25.4530706
            ],
            [
              74.0220192,
              25.4535262
            ],
            [
              74.0213085,
              25.4540912
            ],
            [
              74.0210351,
              25.4525968
            ],
            [
              74.0194314,
              25.4526697
            ],
            [
              74.0188118,
              25.4526697
            ],
            [
              74.0179006,
              25.4526515
            ],
            [
              74.0169529,
              25.4526332
            ],
            [
              74.0152763,
              25.4525239
            ],
            [
              74.0147843,
              25.4521412
            ],
            [
              74.0155315,
              25.4517585
            ],
            [
              74.0161146,
              25.4514669
            ],
            [
              74.0167343,
              25.4511753
            ],
            [
              74.0180828,
              25.4512118
            ],
            [
              74.0194314,
              25.4514851
            ],
            [
              74.0202515,
              25.4516309
            ],
            [
              74.0207982,
              25.4514851
            ],
            [
              74.0203608,
              25.4498267
            ],
            [
              74.0198688,
              25.4477128
            ],
            [
              74.0198141,
              25.4459632
            ],
            [
              74.019158,
              25.445453
            ],
            [
              74.0184109,
              25.4453072
            ],
            [
              74.0177001,
              25.445781
            ],
            [
              74.0170076,
              25.4385096
            ],
            [
              74.017281,
              25.4371793
            ],
            [
              74.019065,
              25.4366966
            ],
            [
              74.0262107,
              25.4351017
            ],
            [
              74.0277247,
              25.4359567
            ],
            [
              74.030211,
              25.4367732
            ],
            [
              74.0319062,
              25.4376662
            ],
            [
              74.03411,
              25.4385847
            ],
            [
              74.0393665,
              25.439321
            ],
            [
              74.0427035,
              25.438619
            ],
            [
              74.0485898,
              25.4381998
            ],
            [
              74.0525991,
              25.4378171
            ],
            [
              74.0567906,
              25.4369424
            ],
            [
              74.0578112,
              25.437398
            ],
            [
              74.0582485,
              25.4379994
            ],
            [
              74.0590322,
              25.4393479
            ],
            [
              74.0597976,
              25.438947
            ],
            [
              74.061292,
              25.4372613
            ],
            [
              74.0624482,
              25.4363394
            ],
            [
              74.0634562,
              25.4350382
            ],
            [
              74.0651008,
              25.433334
            ],
            [
              74.0652283,
              25.4320766
            ],
            [
              74.0650643,
              25.4304182
            ],
            [
              74.0644994,
              25.4291789
            ],
            [
              74.0624218,
              25.4267916
            ],
            [
              74.0606359,
              25.4253701
            ],
            [
              74.0594513,
              25.4244771
            ],
            [
              74.0579934,
              25.4234019
            ],
            [
              74.0563897,
              25.417716
            ],
            [
              74.061055,
              25.4150189
            ],
            [
              74.0623125,
              25.4155656
            ],
            [
              74.0683811,
              25.4146726
            ],
            [
              74.0736661,
              25.4128867
            ],
            [
              74.0767641,
              25.4117568
            ],
            [
              74.0765819,
              25.4086587
            ],
            [
              74.0750329,
              25.406162
            ],
            [
              74.0728824,
              25.4043214
            ],
            [
              74.071461,
              25.4032462
            ],
            [
              74.0701124,
              25.4024261
            ],
            [
              74.0669596,
              25.4051232
            ],
            [
              74.0610186,
              25.4023714
            ],
            [
              74.0599434,
              25.4021527
            ],
            [
              74.0586859,
              25.4025172
            ],
            [
              74.0566084,
              25.4022985
            ],
            [
              74.0552598,
              25.4016971
            ],
            [
              74.0543668,
              25.4002939
            ],
            [
              74.0533463,
              25.3985262
            ],
            [
              74.0522346,
              25.3969589
            ],
            [
              74.0513963,
              25.395665
            ],
            [
              74.0502482,
              25.3953187
            ],
            [
              74.0483165,
              25.3952823
            ],
            [
              74.0461478,
              25.3957743
            ],
            [
              74.0418834,
              25.3969224
            ],
            [
              74.0395143,
              25.3983621
            ],
            [
              74.0380928,
              25.3959383
            ],
            [
              74.0353551,
              25.391356
            ],
            [
              74.0353,
              25.3913094
            ],
            [
              74.0340534,
              25.3900103
            ],
            [
              74.0308653,
              25.3860661
            ],
            [
              74.0287894,
              25.3886214
            ],
            [
              74.026475,
              25.3908265
            ],
            [
              74.0234225,
              25.3927309
            ],
            [
              74.0222744,
              25.3920384
            ],
            [
              74.0209531,
              25.3914643
            ],
            [
              74.0201604,
              25.3916101
            ],
            [
              74.0194679,
              25.391765
            ],
            [
              74.0181922,
              25.3926762
            ],
            [
              74.0172992,
              25.3921113
            ],
            [
              74.0174997,
              25.3912821
            ],
            [
              74.0126248,
              25.3886852
            ],
            [
              74.0125427,
              25.3881385
            ]
          ],
          [
            [
              74.1277002,
              25.6698087
            ],
            [
              74.1283016,
              25.6706653
            ],
            [
              74.1292128,
              25.6712484
            ],
            [
              74.1307983,
              25.675768
            ],
            [
              74.1356824,
              25.6766063
            ],
            [
              74.1397827,
              25.6777726
            ],
            [
              74.1419332,
              25.6789754
            ],
            [
              74.1444116,
              25.6810894
            ],
            [
              74.1468901,
              25.6829483
            ],
            [
              74.1490041,
              25.6846978
            ],
            [
              74.1504985,
              25.684151
            ],
            [
              74.1538152,
              25.6820371
            ],
            [
              74.1579338,
              25.6790119
            ],
            [
              74.1575694,
              25.6697541
            ],
            [
              74.1565488,
              25.6686242
            ],
            [
              74.1519564,
              25.6681139
            ],
            [
              74.1484209,
              25.6673485
            ],
            [
              74.1478377,
              25.6661822
            ],
            [
              74.1456144,
              25.6664555
            ],
            [
              74.1428626,
              25.6666378
            ],
            [
              74.1370674,
              25.6670387
            ],
            [
              74.1346983,
              25.6668018
            ],
            [
              74.1322745,
              25.6665284
            ],
            [
              74.1294315,
              25.6668382
            ],
            [
              74.1283199,
              25.667713
            ],
            [
              74.1278096,
              25.6688611
            ],
            [
              74.1277002,
              25.6698087
            ]
          ]
        ]
      }
    }
  ]
}