{
  "type": "FeatureCollection",
  "features": [
    {
      "type": "Feature",
      "properties": {
        "name": "Dausa District",
        "admin_level": "5",
        "source": "OpenStreetMap/Nominatim"
      },
      "bbox": [
        76.1448347,
        26.3786817,
        77.0755079,
        27.2309735
      ],
      "geometry": {
        "type": "Polygon",
        "coordinates": [
          [
            [
              76.1448347,
              26.6936983
            ],
            [
              76.1460256,
              26.6932957
            ],
            [
              76.1470878,
              26.6929602
            ],
            [
              76.1479676,
              26.6928164
            ],
            [
              76.1488151,
              26.6927877
            ],
            [
              76.1503494,
              26.6929794
            ],
            [
              76.1506605,
              26.6924905
            ],
            [
              76.1511004,
              26.6917716
            ],
            [
              76.1519694,
              26.6905734
            ],
            [
              76.1522913,
              26.6901133
            ],
            [
              76.1523878,
              26.6893944
            ],
            [
              76.1523342,
              26.6884358
            ],
            [
              76.1523878,
              26.6877552
            ],
            [
              76.1529994,
              26.6867008
            ],
            [
              76.1537504,
              26.6862502
            ],
            [
              76.1541045,
              26.6861544
            ],
            [
              76.1545122,
              26.6861544
            ],
            [
              76.154834,
              26.6861064
            ],
            [
              76.154952,
              26.6859435
            ],
            [
              76.1551881,
              26.6855792
            ],
            [
              76.1553812,
              26.6848507
            ],
            [
              76.1558425,
              26.6830293
            ],
            [
              76.1561322,
              26.6821665
            ],
            [
              76.156379,
              26.6812271
            ],
            [
              76.1561322,
              26.680441
            ],
            [
              76.155349,
              26.6795398
            ],
            [
              76.1530745,
              26.6770665
            ],
            [
              76.152581,
              26.6766734
            ],
            [
              76.1524093,
              26.6762133
            ],
            [
              76.1525595,
              26.6757052
            ],
            [
              76.1529994,
              26.6751012
            ],
            [
              76.1537719,
              26.6745643
            ],
            [
              76.154201,
              26.6741329
            ],
            [
              76.1546731,
              26.6735001
            ],
            [
              76.1549091,
              26.6729824
            ],
            [
              76.1548448,
              26.6722251
            ],
            [
              76.1550808,
              26.6718607
            ],
            [
              76.1556816,
              26.6710554
            ],
            [
              76.1557352,
              26.6697899
            ],
            [
              76.1557352,
              26.6693585
            ],
            [
              76.1556387,
              26.6689558
            ],
            [
              76.1551344,
              26.6686682
            ],
            [
              76.1543941,
              26.6683038
            ],
            [
              76.153332,
              26.6679491
            ],
            [
              76.1531281,
              26.6677286
            ],
            [
              76.1531818,
              26.6671821
            ],
            [
              76.1538148,
              26.6665973
            ],
            [
              76.1558318,
              26.6654947
            ],
            [
              76.1581278,
              26.6640853
            ],
            [
              76.1585355,
              26.6634812
            ],
            [
              76.1587071,
              26.6625224
            ],
            [
              76.1584175,
              26.6618129
            ],
            [
              76.1565184,
              26.6609021
            ],
            [
              76.1551237,
              26.6603268
            ],
            [
              76.1545336,
              26.659972
            ],
            [
              76.1541796,
              26.6596556
            ],
            [
              76.1541045,
              26.6592529
            ],
            [
              76.1547911,
              26.6577955
            ],
            [
              76.1558962,
              26.6560599
            ],
            [
              76.1588144,
              26.6520806
            ],
            [
              76.1613464,
              26.6490505
            ],
            [
              76.1634707,
              26.6465477
            ],
            [
              76.1642754,
              26.6453203
            ],
            [
              76.1644149,
              26.6449463
            ],
            [
              76.1643934,
              26.644323
            ],
            [
              76.1634064,
              26.6431722
            ],
            [
              76.163224,
              26.6427791
            ],
            [
              76.1631703,
              26.6423955
            ],
            [
              76.1633849,
              26.6414845
            ],
            [
              76.1637604,
              26.6404583
            ],
            [
              76.164329,
              26.6393076
            ],
            [
              76.1651873,
              26.6383965
            ],
            [
              76.1660349,
              26.6381088
            ],
            [
              76.1666572,
              26.6378882
            ],
            [
              76.1675906,
              26.6377636
            ],
            [
              76.1684596,
              26.6376964
            ],
            [
              76.1695862,
              26.6376868
            ],
            [
              76.1709702,
              26.6378786
            ],
            [
              76.1719251,
              26.6381663
            ],
            [
              76.1725259,
              26.6381951
            ],
            [
              76.1733413,
              26.6380513
            ],
            [
              76.1738241,
              26.6377156
            ],
            [
              76.1740601,
              26.6371786
            ],
            [
              76.1739206,
              26.6361908
            ],
            [
              76.1741674,
              26.6355387
            ],
            [
              76.1744571,
              26.6352126
            ],
            [
              76.1749077,
              26.6350495
            ],
            [
              76.1763239,
              26.6348481
            ],
            [
              76.1772358,
              26.6340617
            ],
            [
              76.1785984,
              26.6325273
            ],
            [
              76.179564,
              26.6315299
            ],
            [
              76.1799395,
              26.6305516
            ],
            [
              76.1801219,
              26.6296309
            ],
            [
              76.1801219,
              26.6287965
            ],
            [
              76.1803365,
              26.6282594
            ],
            [
              76.1809587,
              26.627262
            ],
            [
              76.180948,
              26.6256794
            ],
            [
              76.1807227,
              26.6249026
            ],
            [
              76.1797356,
              26.6230323
            ],
            [
              76.179328,
              26.6217758
            ],
            [
              76.1785233,
              26.621114
            ],
            [
              76.1768925,
              26.620222
            ],
            [
              76.1763024,
              26.6197808
            ],
            [
              76.1759484,
              26.6192245
            ],
            [
              76.1759484,
              26.6185147
            ],
            [
              76.1765277,
              26.6172869
            ],
            [
              76.1772787,
              26.6158865
            ],
            [
              76.1782229,
              26.6151959
            ],
            [
              76.1795854,
              26.6143614
            ],
            [
              76.1818707,
              26.6135173
            ],
            [
              76.183083,
              26.6129514
            ],
            [
              76.1834478,
              26.6124526
            ],
            [
              76.1834478,
              26.6120689
            ],
            [
              76.1833942,
              26.6116756
            ],
            [
              76.1829436,
              26.6111097
            ],
            [
              76.1817741,
              26.6100833
            ],
            [
              76.1803285,
              26.6087763
            ],
            [
              76.1786306,
              26.6060448
            ],
            [
              76.1780083,
              26.6046155
            ],
            [
              76.1773324,
              26.6028696
            ],
            [
              76.1769032,
              26.6024379
            ],
            [
              76.1760342,
              26.6018911
            ],
            [
              76.1751974,
              26.6017952
            ],
            [
              76.174103,
              26.6029847
            ],
            [
              76.1734915,
              26.6037521
            ],
            [
              76.1721611,
              26.6049992
            ],
            [
              76.1713457,
              26.605287
            ],
            [
              76.1703801,
              26.6052486
            ],
            [
              76.169908,
              26.6047594
            ],
            [
              76.1683524,
              26.6031861
            ],
            [
              76.167655,
              26.602342
            ],
            [
              76.1670649,
              26.6013347
            ],
            [
              76.1667859,
              26.6002603
            ],
            [
              76.1666894,
              26.5971424
            ],
            [
              76.1665177,
              26.5948496
            ],
            [
              76.1659598,
              26.592336
            ],
            [
              76.1659384,
              26.5903021
            ],
            [
              76.1657882,
              26.5869729
            ],
            [
              76.1640715,
              26.5827321
            ],
            [
              76.1632883,
              26.5801031
            ],
            [
              76.1623442,
              26.5779635
            ],
            [
              76.1601233,
              26.5766777
            ],
            [
              76.1576664,
              26.5756222
            ],
            [
              76.1569798,
              26.5751713
            ],
            [
              76.1567008,
              26.5748162
            ],
            [
              76.1563039,
              26.5733577
            ],
            [
              76.1559927,
              26.570978
            ],
            [
              76.1576986,
              26.5698553
            ],
            [
              76.1620223,
              26.5668518
            ],
            [
              76.1605739,
              26.5642129
            ],
            [
              76.1596835,
              26.5638098
            ],
            [
              76.1579776,
              26.5630133
            ],
            [
              76.1569476,
              26.5626679
            ],
            [
              76.156733,
              26.5622552
            ],
            [
              76.1567223,
              26.5608542
            ],
            [
              76.157012,
              26.5585126
            ],
            [
              76.1565614,
              26.5572266
            ],
            [
              76.1555743,
              26.554789
            ],
            [
              76.1552954,
              26.5526393
            ],
            [
              76.1541581,
              26.5486084
            ],
            [
              76.1533212,
              26.5474375
            ],
            [
              76.153686,
              26.545134
            ],
            [
              76.1540723,
              26.5431568
            ],
            [
              76.1538791,
              26.5387225
            ],
            [
              76.1534714,
              26.5356317
            ],
            [
              76.153686,
              26.5343263
            ],
            [
              76.1540723,
              26.5322914
            ],
            [
              76.1537075,
              26.5302372
            ],
            [
              76.1535144,
              26.5286821
            ],
            [
              76.1541581,
              26.5276646
            ],
            [
              76.1545443,
              26.5265703
            ],
            [
              76.1548662,
              26.525476
            ],
            [
              76.1550164,
              26.523748
            ],
            [
              76.1549306,
              26.5223849
            ],
            [
              76.154437,
              26.5211561
            ],
            [
              76.1531067,
              26.5198505
            ],
            [
              76.1515647,
              26.5189519
            ],
            [
              76.1494077,
              26.5167355
            ],
            [
              76.148531,
              26.5137284
            ],
            [
              76.1492324,
              26.5077052
            ],
            [
              76.1504792,
              26.5046892
            ],
            [
              76.152291,
              26.502754
            ],
            [
              76.1581355,
              26.5008013
            ],
            [
              76.1629864,
              26.4989184
            ],
            [
              76.1656554,
              26.4972097
            ],
            [
              76.1687919,
              26.4942283
            ],
            [
              76.1716947,
              26.4898344
            ],
            [
              76.1756587,
              26.4864379
            ],
            [
              76.1782551,
              26.4835762
            ],
            [
              76.1809373,
              26.4822702
            ],
            [
              76.183759,
              26.4814827
            ],
            [
              76.1867845,
              26.4810506
            ],
            [
              76.1909151,
              26.480484
            ],
            [
              76.1927819,
              26.4802151
            ],
            [
              76.1956143,
              26.4795621
            ],
            [
              76.2002921,
              26.4774686
            ],
            [
              76.2048411,
              26.4759704
            ],
            [
              76.2113642,
              26.4728588
            ],
            [
              76.2142396,
              26.4708035
            ],
            [
              76.217308,
              26.4679607
            ],
            [
              76.2205696,
              26.4655212
            ],
            [
              76.2223291,
              26.4643687
            ],
            [
              76.224432,
              26.4633698
            ],
            [
              76.2259125,
              26.4630048
            ],
            [
              76.2279725,
              26.4634466
            ],
            [
              76.2316417,
              26.4640997
            ],
            [
              76.2346244,
              26.4639653
            ],
            [
              76.2375641,
              26.46312
            ],
            [
              76.2411904,
              26.4619099
            ],
            [
              76.2443232,
              26.4600849
            ],
            [
              76.244967,
              26.4591821
            ],
            [
              76.2449884,
              26.4582408
            ],
            [
              76.2447095,
              26.4574724
            ],
            [
              76.2442374,
              26.4566079
            ],
            [
              76.2432718,
              26.4554168
            ],
            [
              76.2423277,
              26.4525544
            ],
            [
              76.2413621,
              26.448251
            ],
            [
              76.2417912,
              26.4472328
            ],
            [
              76.2423491,
              26.4465027
            ],
            [
              76.2438297,
              26.4452924
            ],
            [
              76.2476063,
              26.4432943
            ],
            [
              76.2499881,
              26.442641
            ],
            [
              76.251769,
              26.4427755
            ],
            [
              76.2561464,
              26.4438899
            ],
            [
              76.259923,
              26.4451579
            ],
            [
              76.2630987,
              26.4468294
            ],
            [
              76.2652015,
              26.4484432
            ],
            [
              76.2689996,
              26.4498264
            ],
            [
              76.2714028,
              26.4500954
            ],
            [
              76.2740207,
              26.4494037
            ],
            [
              76.2758875,
              26.4485392
            ],
            [
              76.2783336,
              26.4478092
            ],
            [
              76.2805009,
              26.4487698
            ],
            [
              76.2839556,
              26.4509599
            ],
            [
              76.2876463,
              26.4536687
            ],
            [
              76.2894916,
              26.4548597
            ],
            [
              76.2907791,
              26.4558203
            ],
            [
              76.2923884,
              26.4558971
            ],
            [
              76.2952423,
              26.4547829
            ],
            [
              76.2969804,
              26.4541105
            ],
            [
              76.2980747,
              26.4539568
            ],
            [
              76.2992978,
              26.45388
            ],
            [
              76.3004994,
              26.4542834
            ],
            [
              76.3027096,
              26.4558395
            ],
            [
              76.3048124,
              26.4569921
            ],
            [
              76.3078165,
              26.4579526
            ],
            [
              76.3127732,
              26.4581063
            ],
            [
              76.3178372,
              26.4582984
            ],
            [
              76.3217211,
              26.4568
            ],
            [
              76.3250899,
              26.4553208
            ],
            [
              76.3291669,
              26.4519589
            ],
            [
              76.3323426,
              26.4488658
            ],
            [
              76.3351106,
              26.4450618
            ],
            [
              76.3372564,
              26.4409119
            ],
            [
              76.3395953,
              26.4367041
            ],
            [
              76.340239,
              26.4349365
            ],
            [
              76.3411832,
              26.4304595
            ],
            [
              76.3416981,
              26.425329
            ],
            [
              76.3413548,
              26.423542
            ],
            [
              76.3403678,
              26.4217549
            ],
            [
              76.3401747,
              26.4201407
            ],
            [
              76.3398099,
              26.4164126
            ],
            [
              76.3398313,
              26.4135492
            ],
            [
              76.3400888,
              26.4119349
            ],
            [
              76.3405394,
              26.4106473
            ],
            [
              76.3410544,
              26.4098402
            ],
            [
              76.3416767,
              26.4092828
            ],
            [
              76.3431787,
              26.4086294
            ],
            [
              76.3473415,
              26.4074571
            ],
            [
              76.3533067,
              26.4060157
            ],
            [
              76.3559031,
              26.4051316
            ],
            [
              76.3601303,
              26.4037478
            ],
            [
              76.3635635,
              26.4028445
            ],
            [
              76.3675976,
              26.4005766
            ],
            [
              76.3726401,
              26.3964635
            ],
            [
              76.3774466,
              26.3931191
            ],
            [
              76.379292,
              26.3923694
            ],
            [
              76.3819098,
              26.3924655
            ],
            [
              76.3834977,
              26.391812
            ],
            [
              76.385386,
              26.3905819
            ],
            [
              76.3873815,
              26.3894478
            ],
            [
              76.3922095,
              26.3880254
            ],
            [
              76.394763,
              26.3871027
            ],
            [
              76.396029,
              26.386084
            ],
            [
              76.3983249,
              26.3834889
            ],
            [
              76.4017582,
              26.379702
            ],
            [
              76.4035109,
              26.3786817
            ],
            [
              76.4048266,
              26.3807208
            ],
            [
              76.4056635,
              26.3824125
            ],
            [
              76.4060497,
              26.3833351
            ],
            [
              76.4050841,
              26.3837773
            ],
            [
              76.4048695,
              26.3844693
            ],
            [
              76.4052772,
              26.3850459
            ],
            [
              76.4060068,
              26.3859494
            ],
            [
              76.4062643,
              26.3867759
            ],
            [
              76.4060497,
              26.388083
            ],
            [
              76.4058351,
              26.3890441
            ],
            [
              76.4061141,
              26.38964
            ],
            [
              76.4068222,
              26.389813
            ],
            [
              76.4071655,
              26.3893132
            ],
            [
              76.4075732,
              26.388775
            ],
            [
              76.4081096,
              26.3881984
            ],
            [
              76.4090752,
              26.3880446
            ],
            [
              76.4099979,
              26.3890634
            ],
            [
              76.4102983,
              26.3897361
            ],
            [
              76.4104271,
              26.3906203
            ],
            [
              76.4102983,
              26.3911585
            ],
            [
              76.4098906,
              26.3920235
            ],
            [
              76.4090752,
              26.3928307
            ],
            [
              76.4093756,
              26.3934458
            ],
            [
              76.4096331,
              26.3935996
            ],
            [
              76.409955,
              26.3940032
            ],
            [
              76.4101481,
              26.3947721
            ],
            [
              76.4110708,
              26.3950796
            ],
            [
              76.4117574,
              26.3947144
            ],
            [
              76.4120793,
              26.3947336
            ],
            [
              76.4125943,
              26.3959253
            ],
            [
              76.4135384,
              26.398693
            ],
            [
              76.4136243,
              26.3995003
            ],
            [
              76.4136886,
              26.3999423
            ],
            [
              76.4134741,
              26.4006727
            ],
            [
              76.412766,
              26.4013646
            ],
            [
              76.4127874,
              26.4025562
            ],
            [
              76.4129162,
              26.4035748
            ],
            [
              76.4136028,
              26.4041514
            ],
            [
              76.4136028,
              26.4054775
            ],
            [
              76.413989,
              26.4069766
            ],
            [
              76.4132809,
              26.40763
            ],
            [
              76.4134097,
              26.4087255
            ],
            [
              76.4140534,
              26.4089945
            ],
            [
              76.4139676,
              26.4097441
            ],
            [
              76.414032,
              26.4107434
            ],
            [
              76.4136672,
              26.4114545
            ],
            [
              76.4134526,
              26.4125115
            ],
            [
              76.4133024,
              26.4136453
            ],
            [
              76.4125943,
              26.4143948
            ],
            [
              76.4117789,
              26.4149713
            ],
            [
              76.4118004,
              26.4156247
            ],
            [
              76.4125085,
              26.4162973
            ],
            [
              76.4140534,
              26.4170083
            ],
            [
              76.4159417,
              26.4183343
            ],
            [
              76.4174652,
              26.419545
            ],
            [
              76.4214992,
              26.420083
            ],
            [
              76.424396,
              26.4245988
            ],
            [
              76.4249968,
              26.4283458
            ],
            [
              76.4267778,
              26.4349941
            ],
            [
              76.4283013,
              26.4351862
            ],
            [
              76.4303398,
              26.4347059
            ],
            [
              76.4320349,
              26.4350902
            ],
            [
              76.4346742,
              26.4368771
            ],
            [
              76.4382791,
              26.4401818
            ],
            [
              76.4393306,
              26.4422184
            ],
            [
              76.4422703,
              26.4434096
            ],
            [
              76.4424419,
              26.445984
            ],
            [
              76.4433217,
              26.4507486
            ],
            [
              76.4446091,
              26.4547829
            ],
            [
              76.4457893,
              26.4574724
            ],
            [
              76.4468193,
              26.4640037
            ],
            [
              76.4484286,
              26.4716103
            ],
            [
              76.4498448,
              26.4730509
            ],
            [
              76.4515614,
              26.4746643
            ],
            [
              76.4540505,
              26.4776222
            ],
            [
              76.4546942,
              26.4783905
            ],
            [
              76.4558959,
              26.4781984
            ],
            [
              76.4650583,
              26.4759704
            ],
            [
              76.4665389,
              26.4800999
            ],
            [
              76.4675259,
              26.4832689
            ],
            [
              76.4676332,
              26.484114
            ],
            [
              76.4674401,
              26.4849974
            ],
            [
              76.4687919,
              26.4867067
            ],
            [
              76.4705515,
              26.4901252
            ],
            [
              76.4707875,
              26.4909703
            ],
            [
              76.472311,
              26.4910663
            ],
            [
              76.4742207,
              26.4904517
            ],
            [
              76.4770961,
              26.4927947
            ],
            [
              76.4778256,
              26.4943502
            ],
            [
              76.4788341,
              26.5004762
            ],
            [
              76.4779226,
              26.5065121
            ],
            [
              76.4763293,
              26.5128861
            ],
            [
              76.4755326,
              26.516702
            ],
            [
              76.4738456,
              26.5167859
            ],
            [
              76.4725803,
              26.5164923
            ],
            [
              76.4702841,
              26.5171213
            ],
            [
              76.4671912,
              26.5181696
            ],
            [
              76.4655511,
              26.5204339
            ],
            [
              76.4632548,
              26.5216079
            ],
            [
              76.4612398,
              26.5242076
            ],
            [
              76.4594122,
              26.5289036
            ],
            [
              76.4581469,
              26.5345636
            ],
            [
              76.4581938,
              26.5385465
            ],
            [
              76.4585687,
              26.5429484
            ],
            [
              76.4558038,
              26.5461764
            ],
            [
              76.4528047,
              26.5491947
            ],
            [
              76.4498524,
              26.5510392
            ],
            [
              76.4480717,
              26.5527159
            ],
            [
              76.4476499,
              26.555273
            ],
            [
              76.4469001,
              26.5566982
            ],
            [
              76.4443696,
              26.5585425
            ],
            [
              76.4419796,
              26.5590455
            ],
            [
              76.4403395,
              26.5584168
            ],
            [
              76.4390274,
              26.5568658
            ],
            [
              76.4388399,
              26.554225
            ],
            [
              76.4383244,
              26.5523806
            ],
            [
              76.4369186,
              26.5499493
            ],
            [
              76.4351378,
              26.5493205
            ],
            [
              76.4324667,
              26.5481886
            ],
            [
              76.4277337,
              26.5461764
            ],
            [
              76.4251563,
              26.5444157
            ],
            [
              76.4225321,
              26.5436192
            ],
            [
              76.4200952,
              26.5433677
            ],
            [
              76.4158777,
              26.5439126
            ],
            [
              76.4137221,
              26.544248
            ],
            [
              76.4118007,
              26.5443319
            ],
            [
              76.4115196,
              26.5468472
            ],
            [
              76.4128785,
              26.5476437
            ],
            [
              76.4147062,
              26.5488593
            ],
            [
              76.4150342,
              26.5504523
            ],
            [
              76.4137689,
              26.5520033
            ],
            [
              76.4120819,
              26.5524644
            ],
            [
              76.409692,
              26.5533447
            ],
            [
              76.4083798,
              26.5541412
            ],
            [
              76.4062711,
              26.5573688
            ],
            [
              76.4067865,
              26.5606803
            ],
            [
              76.4059899,
              26.562776
            ],
            [
              76.4045372,
              26.5645365
            ],
            [
              76.4037405,
              26.5663807
            ],
            [
              76.4047715,
              26.5690631
            ],
            [
              76.4079581,
              26.5756014
            ],
            [
              76.4102543,
              26.5820135
            ],
            [
              76.4135815,
              26.5866233
            ],
            [
              76.4167681,
              26.5979375
            ],
            [
              76.4173304,
              26.603678
            ],
            [
              76.4188768,
              26.6074908
            ],
            [
              76.4219229,
              26.6087478
            ],
            [
              76.4246408,
              26.6111778
            ],
            [
              76.4270776,
              26.6156608
            ],
            [
              76.4342006,
              26.6254221
            ],
            [
              76.4386525,
              26.6328368
            ],
            [
              76.4431043,
              26.6428061
            ],
            [
              76.4451194,
              26.6470365
            ],
            [
              76.4470876,
              26.6491725
            ],
            [
              76.4494307,
              26.6510573
            ],
            [
              76.4523361,
              26.6567113
            ],
            [
              76.454726,
              26.6624488
            ],
            [
              76.4558507,
              26.665129
            ],
            [
              76.4589436,
              26.666511
            ],
            [
              76.4612867,
              26.667181
            ],
            [
              76.4627394,
              26.668563
            ],
            [
              76.4633486,
              26.6726249
            ],
            [
              76.4633017,
              26.6770217
            ],
            [
              76.4608649,
              26.6807484
            ],
            [
              76.4558507,
              26.6833026
            ],
            [
              76.4526641,
              26.6863172
            ],
            [
              76.4572565,
              26.6897505
            ],
            [
              76.4601619,
              26.694356
            ],
            [
              76.4623176,
              26.6983751
            ],
            [
              76.4671912,
              26.7069154
            ],
            [
              76.4689719,
              26.7113527
            ],
            [
              76.4726974,
              26.7165224
            ],
            [
              76.4738589,
              26.7174221
            ],
            [
              76.479371,
              26.7219591
            ],
            [
              76.4802646,
              26.7244173
            ],
            [
              76.4812117,
              26.7286312
            ],
            [
              76.4848931,
              26.7333557
            ],
            [
              76.4949367,
              26.7477515
            ],
            [
              76.5001729,
              26.7530975
            ],
            [
              76.5071248,
              26.7607252
            ],
            [
              76.5141302,
              26.7676663
            ],
            [
              76.526068,
              26.7732827
            ],
            [
              76.5311434,
              26.777431
            ],
            [
              76.535075,
              26.7799199
            ],
            [
              76.5370766,
              26.7811962
            ],
            [
              76.5402219,
              26.7804942
            ],
            [
              76.5415801,
              26.7777501
            ],
            [
              76.5422234,
              26.7751335
            ],
            [
              76.5433672,
              26.7720063
            ],
            [
              76.5492289,
              26.7746229
            ],
            [
              76.5534465,
              26.7769842
            ],
            [
              76.5561629,
              26.7753887
            ],
            [
              76.5595226,
              26.7741762
            ],
            [
              76.5668855,
              26.7721339
            ],
            [
              76.5698164,
              26.7713042
            ],
            [
              76.5722468,
              26.7746229
            ],
            [
              76.5744628,
              26.7780053
            ],
            [
              76.5748202,
              26.78126
            ],
            [
              76.5746058,
              26.7834936
            ],
            [
              76.5747488,
              26.787131
            ],
            [
              76.57818,
              26.7866843
            ],
            [
              76.5822546,
              26.7841955
            ],
            [
              76.5848995,
              26.7826001
            ],
            [
              76.5910472,
              26.7797284
            ],
            [
              76.5956936,
              26.7775586
            ],
            [
              76.5976237,
              26.7778139
            ],
            [
              76.6015553,
              26.7781968
            ],
            [
              76.6047007,
              26.7799837
            ],
            [
              76.6127069,
              26.7808133
            ],
            [
              76.6152803,
              26.7830468
            ],
            [
              76.6164955,
              26.7856632
            ],
            [
              76.616567,
              26.7882796
            ],
            [
              76.616853,
              26.7908959
            ],
            [
              76.6204272,
              26.7914702
            ],
            [
              76.6222143,
              26.792874
            ],
            [
              76.6300061,
              26.8014242
            ],
            [
              76.6344739,
              26.8043591
            ],
            [
              76.6451965,
              26.8101013
            ],
            [
              76.6524521,
              26.815588
            ],
            [
              76.6561336,
              26.8221908
            ],
            [
              76.6631748,
              26.8267519
            ],
            [
              76.6688578,
              26.8331627
            ],
            [
              76.6788298,
              26.8397964
            ],
            [
              76.6889806,
              26.8468123
            ],
            [
              76.6965222,
              26.8510536
            ],
            [
              76.7037421,
              26.8555498
            ],
            [
              76.7113551,
              26.8587384
            ],
            [
              76.7138571,
              26.8618633
            ],
            [
              76.7147864,
              26.8635532
            ],
            [
              76.7235432,
              26.8660083
            ],
            [
              76.7311563,
              26.8686547
            ],
            [
              76.7397701,
              26.8722893
            ],
            [
              76.7493133,
              26.8759876
            ],
            [
              76.7555681,
              26.8788569
            ],
            [
              76.7629015,
              26.8844594
            ],
            [
              76.7650795,
              26.8862201
            ],
            [
              76.7670536,
              26.8877225
            ],
            [
              76.7686951,
              26.8882296
            ],
            [
              76.770122,
              26.8893588
            ],
            [
              76.772064,
              26.8907749
            ],
            [
              76.7752719,
              26.8936168
            ],
            [
              76.7756688,
              26.8940857
            ],
            [
              76.7703903,
              26.9003241
            ],
            [
              76.7681909,
              26.9029074
            ],
            [
              76.7685342,
              26.9033284
            ],
            [
              76.7682874,
              26.903912
            ],
            [
              76.7677832,
              26.9046775
            ],
            [
              76.7673969,
              26.9056055
            ],
            [
              76.7668605,
              26.9074042
            ],
            [
              76.766721,
              26.9078634
            ],
            [
              76.7669892,
              26.9082174
            ],
            [
              76.76759,
              26.9087053
            ],
            [
              76.7690384,
              26.9097099
            ],
            [
              76.7703044,
              26.9103891
            ],
            [
              76.7708409,
              26.9109058
            ],
            [
              76.7714953,
              26.9115754
            ],
            [
              76.7728364,
              26.9122451
            ],
            [
              76.7747033,
              26.9128574
            ],
            [
              76.7760014,
              26.9133262
            ],
            [
              76.7767632,
              26.913728
            ],
            [
              76.7776215,
              26.9144168
            ],
            [
              76.778115,
              26.9150769
            ],
            [
              76.7788982,
              26.9154213
            ],
            [
              76.7800355,
              26.9154022
            ],
            [
              76.7809904,
              26.9153926
            ],
            [
              76.7817414,
              26.91545
            ],
            [
              76.7825568,
              26.9161388
            ],
            [
              76.7842305,
              26.9186644
            ],
            [
              76.7847669,
              26.9197549
            ],
            [
              76.7850566,
              26.9205489
            ],
            [
              76.7854643,
              26.9217447
            ],
            [
              76.7864835,
              26.9234474
            ],
            [
              76.7871058,
              26.9241266
            ],
            [
              76.7874062,
              26.925351
            ],
            [
              76.7882752,
              26.9270729
            ],
            [
              76.7915153,
              26.9311478
            ],
            [
              76.7928564,
              26.9327643
            ],
            [
              76.7934358,
              26.9342851
            ],
            [
              76.7933929,
              26.9356912
            ],
            [
              76.7936718,
              26.9386754
            ],
            [
              76.7947233,
              26.9418413
            ],
            [
              76.7959785,
              26.9452079
            ],
            [
              76.7962789,
              26.9478571
            ],
            [
              76.7963326,
              26.9523425
            ],
            [
              76.7964399,
              26.9548959
            ],
            [
              76.7972016,
              26.9583482
            ],
            [
              76.7978883,
              26.9624029
            ],
            [
              76.7980921,
              26.9637608
            ],
            [
              76.7976093,
              26.9653673
            ],
            [
              76.796397,
              26.96902
            ],
            [
              76.7960751,
              26.9710759
            ],
            [
              76.796236,
              26.9734089
            ],
            [
              76.7961717,
              26.9764687
            ],
            [
              76.7960966,
              26.9781323
            ],
            [
              76.7965042,
              26.9789164
            ],
            [
              76.796869,
              26.9796239
            ],
            [
              76.7964721,
              26.9802932
            ],
            [
              76.7966276,
              26.9816222
            ],
            [
              76.7969763,
              26.9833909
            ],
            [
              76.7972177,
              26.9847056
            ],
            [
              76.7982101,
              26.9857477
            ],
            [
              76.7994386,
              26.9858146
            ],
            [
              76.8001896,
              26.9859006
            ],
            [
              76.8008387,
              26.9863213
            ],
            [
              76.8012679,
              26.9866942
            ],
            [
              76.8022013,
              26.9877841
            ],
            [
              76.8037409,
              26.9891751
            ],
            [
              76.8041003,
              26.990069
            ],
            [
              76.8055218,
              26.9918329
            ],
            [
              76.8055755,
              26.9923061
            ],
            [
              76.806348,
              26.9931904
            ],
            [
              76.8078715,
              26.9948299
            ],
            [
              76.809403,
              26.9962137
            ],
            [
              76.8107107,
              26.9971968
            ],
            [
              76.8118036,
              26.9972723
            ],
            [
              76.8153119,
              26.9993182
            ],
            [
              76.8159342,
              26.9991079
            ],
            [
              76.8167925,
              26.9977122
            ],
            [
              76.8170929,
              26.9978269
            ],
            [
              76.8227362,
              26.9995094
            ],
            [
              76.8250108,
              26.9997962
            ],
            [
              76.8273282,
              26.9996433
            ],
            [
              76.8301606,
              26.9990888
            ],
            [
              76.8337655,
              26.9982093
            ],
            [
              76.8360185,
              26.997349
            ],
            [
              76.8386364,
              26.9954179
            ],
            [
              76.840074,
              26.9952841
            ],
            [
              76.842606,
              26.9956856
            ],
            [
              76.8435287,
              26.9954752
            ],
            [
              76.844666,
              26.9951693
            ],
            [
              76.8455887,
              26.9955135
            ],
            [
              76.8470478,
              26.9951693
            ],
            [
              76.8476486,
              26.9954752
            ],
            [
              76.8480992,
              26.9953032
            ],
            [
              76.8496871,
              26.9950929
            ],
            [
              76.8503523,
              26.9955708
            ],
            [
              76.8510389,
              26.9950929
            ],
            [
              76.8517899,
              26.9948825
            ],
            [
              76.8535924,
              26.9951885
            ],
            [
              76.8551588,
              26.9951885
            ],
            [
              76.8591285,
              26.9943281
            ],
            [
              76.8629908,
              26.9926073
            ],
            [
              76.8711233,
              26.9882095
            ],
            [
              76.8800068,
              26.983238
            ],
            [
              76.8800926,
              26.9792032
            ],
            [
              76.8815946,
              26.9788973
            ],
            [
              76.8816161,
              26.9769085
            ],
            [
              76.8820882,
              26.9767555
            ],
            [
              76.8822384,
              26.9761627
            ],
            [
              76.8820452,
              26.9751109
            ],
            [
              76.8870878,
              26.9736384
            ],
            [
              76.8925595,
              26.9726823
            ],
            [
              76.897881,
              26.9716496
            ],
            [
              76.900177,
              26.9716687
            ],
            [
              76.9013786,
              26.9717452
            ],
            [
              76.9022155,
              26.9713054
            ],
            [
              76.9022369,
              26.9703683
            ],
            [
              76.9022584,
              26.9687619
            ],
            [
              76.9063568,
              26.9662757
            ],
            [
              76.9118285,
              26.9619343
            ],
            [
              76.9141674,
              26.9587021
            ],
            [
              76.915605,
              26.9549533
            ],
            [
              76.915648,
              26.9531172
            ],
            [
              76.9176435,
              26.9507454
            ],
            [
              76.9197464,
              26.9493682
            ],
            [
              76.9234586,
              26.9469773
            ],
            [
              76.9274711,
              26.9427882
            ],
            [
              76.9322777,
              26.9387328
            ],
            [
              76.9328356,
              26.9389815
            ],
            [
              76.9343161,
              26.9372025
            ],
            [
              76.9382858,
              26.9331852
            ],
            [
              76.9427919,
              26.9288425
            ],
            [
              76.9443798,
              26.9256285
            ],
            [
              76.9464183,
              26.9228544
            ],
            [
              76.9512677,
              26.9172868
            ],
            [
              76.9528127,
              26.914876
            ],
            [
              76.9534349,
              26.9079878
            ],
            [
              76.9551515,
              26.9038355
            ],
            [
              76.9557524,
              26.9024769
            ],
            [
              76.9562888,
              26.9017115
            ],
            [
              76.95719,
              26.9007738
            ],
            [
              76.95719,
              26.8992812
            ],
            [
              76.9578552,
              26.8943632
            ],
            [
              76.9563961,
              26.8918179
            ],
            [
              76.9570398,
              26.8908802
            ],
            [
              76.9573402,
              26.8902104
            ],
            [
              76.9576406,
              26.8888899
            ],
            [
              76.9579196,
              26.8875885
            ],
            [
              76.9573831,
              26.886268
            ],
            [
              76.9564819,
              26.8854642
            ],
            [
              76.9551301,
              26.8816747
            ],
            [
              76.9531989,
              26.8744974
            ],
            [
              76.9527054,
              26.8721622
            ],
            [
              76.953671,
              26.8713775
            ],
            [
              76.9540787,
              26.8705736
            ],
            [
              76.9542074,
              26.8698462
            ],
            [
              76.9534349,
              26.8680278
            ],
            [
              76.955173,
              26.8665539
            ],
            [
              76.9598079,
              26.8633764
            ],
            [
              76.9604516,
              26.8625532
            ],
            [
              76.9638848,
              26.8609453
            ],
            [
              76.9670605,
              26.8601604
            ],
            [
              76.9720816,
              26.8600647
            ],
            [
              76.975429,
              26.860103
            ],
            [
              76.9775748,
              26.8599307
            ],
            [
              76.9806647,
              26.8592607
            ],
            [
              76.9837975,
              26.8589544
            ],
            [
              76.9861633,
              26.8577101
            ],
            [
              76.9866299,
              26.8610027
            ],
            [
              76.9909429,
              26.8645249
            ],
            [
              76.9942689,
              26.8669942
            ],
            [
              76.9965005,
              26.8687934
            ],
            [
              76.9986892,
              26.8709372
            ],
            [
              76.999805,
              26.8710521
            ],
            [
              77.0108771,
              26.8650034
            ],
            [
              77.0184731,
              26.8663625
            ],
            [
              77.0277428,
              26.8661902
            ],
            [
              77.0445167,
              26.8685052
            ],
            [
              77.0601654,
              26.8657691
            ],
            [
              77.0755079,
              26.8582737
            ],
            [
              77.0717354,
              26.8697363
            ],
            [
              77.0707655,
              26.8699993
            ],
            [
              77.069757,
              26.8708415
            ],
            [
              77.068963,
              26.8716646
            ],
            [
              77.067461,
              26.8724302
            ],
            [
              77.0670962,
              26.8727556
            ],
            [
              77.0670318,
              26.8739232
            ],
            [
              77.0671606,
              26.8749567
            ],
            [
              77.0670104,
              26.8754735
            ],
            [
              77.0663667,
              26.8762391
            ],
            [
              77.0644998,
              26.8771482
            ],
            [
              77.0645749,
              26.878555
            ],
            [
              77.0645535,
              26.8791866
            ],
            [
              77.0641994,
              26.8798278
            ],
            [
              77.0634699,
              26.8802201
            ],
            [
              77.0629012,
              26.880402
            ],
            [
              77.0620537,
              26.8805455
            ],
            [
              77.0619142,
              26.8809187
            ],
            [
              77.0620215,
              26.8813111
            ],
            [
              77.0632124,
              26.8821532
            ],
            [
              77.0633089,
              26.8825838
            ],
            [
              77.0628905,
              26.8826986
            ],
            [
              77.0622575,
              26.8826795
            ],
            [
              77.0621824,
              26.8831006
            ],
            [
              77.0622468,
              26.8839809
            ],
            [
              77.0620751,
              26.8843637
            ],
            [
              77.0616567,
              26.8846604
            ],
            [
              77.0614207,
              26.8851005
            ],
            [
              77.0613456,
              26.8859713
            ],
            [
              77.0612919,
              26.8861914
            ],
            [
              77.0607555,
              26.8862201
            ],
            [
              77.060219,
              26.8863732
            ],
            [
              77.0602727,
              26.8869282
            ],
            [
              77.0604336,
              26.8873493
            ],
            [
              77.0603478,
              26.887933
            ],
            [
              77.0599294,
              26.8882009
            ],
            [
              77.0596611,
              26.8886985
            ],
            [
              77.0595646,
              26.8889664
            ],
            [
              77.05935,
              26.8911098
            ],
            [
              77.0593285,
              26.8922677
            ],
            [
              77.0597577,
              26.8935594
            ],
            [
              77.0606804,
              26.8950712
            ],
            [
              77.0608628,
              26.8959611
            ],
            [
              77.0611846,
              26.8977695
            ],
            [
              77.0598864,
              26.8981809
            ],
            [
              77.0594144,
              26.8984488
            ],
            [
              77.0585024,
              26.9006877
            ],
            [
              77.06038,
              26.9006207
            ],
            [
              77.0608413,
              26.9012235
            ],
            [
              77.0626223,
              26.9013957
            ],
            [
              77.0613885,
              26.9024386
            ],
            [
              77.0602834,
              26.903979
            ],
            [
              77.059629,
              26.905462
            ],
            [
              77.060262,
              26.906237
            ],
            [
              77.0600474,
              26.9071267
            ],
            [
              77.0607018,
              26.9105709
            ],
            [
              77.0593715,
              26.9111354
            ],
            [
              77.0595109,
              26.9144838
            ],
            [
              77.0582127,
              26.9147612
            ],
            [
              77.0570755,
              26.9147612
            ],
            [
              77.0557451,
              26.9143977
            ],
            [
              77.0538461,
              26.9134888
            ],
            [
              77.0524192,
              26.9131157
            ],
            [
              77.050885,
              26.9130009
            ],
            [
              77.048589,
              26.9128
            ],
            [
              77.047795,
              26.9128287
            ],
            [
              77.0441794,
              26.9105805
            ],
            [
              77.0411861,
              26.9084183
            ],
            [
              77.0401347,
              26.9109536
            ],
            [
              77.0390725,
              26.9109823
            ],
            [
              77.0392978,
              26.9120921
            ],
            [
              77.0376348,
              26.9125417
            ],
            [
              77.0381069,
              26.9139193
            ],
            [
              77.0367765,
              26.9141681
            ],
            [
              77.0369267,
              26.916024
            ],
            [
              77.0322168,
              26.9190948
            ],
            [
              77.0314765,
              26.9196114
            ],
            [
              77.0311224,
              26.9207307
            ],
            [
              77.0303607,
              26.9210464
            ],
            [
              77.0294809,
              26.9211324
            ],
            [
              77.0289874,
              26.9216012
            ],
            [
              77.0292234,
              26.9229691
            ],
            [
              77.0293951,
              26.9238301
            ],
            [
              77.0292127,
              26.9241075
            ],
            [
              77.0287084,
              26.924184
            ],
            [
              77.0281505,
              26.9239544
            ],
            [
              77.0274532,
              26.9239257
            ],
            [
              77.0256936,
              26.9248154
            ],
            [
              77.0239985,
              26.925265
            ],
            [
              77.0219922,
              26.9253989
            ],
            [
              77.0208979,
              26.9255711
            ],
            [
              77.0183551,
              26.9265181
            ],
            [
              77.016896,
              26.9269868
            ],
            [
              77.0152438,
              26.9290338
            ],
            [
              77.0127654,
              26.9323817
            ],
            [
              77.019664,
              26.9377763
            ],
            [
              77.0227647,
              26.9405979
            ],
            [
              77.0245457,
              26.9415448
            ],
            [
              77.0232046,
              26.9424534
            ],
            [
              77.0235693,
              26.9433524
            ],
            [
              77.0232475,
              26.9439454
            ],
            [
              77.0227647,
              26.9445384
            ],
            [
              77.0221424,
              26.9449497
            ],
            [
              77.0223892,
              26.9456765
            ],
            [
              77.02196,
              26.9460974
            ],
            [
              77.0214128,
              26.9461165
            ],
            [
              77.0210159,
              26.9462886
            ],
            [
              77.0207584,
              26.9465851
            ],
            [
              77.0212841,
              26.9466521
            ],
            [
              77.0210051,
              26.948431
            ],
            [
              77.0206189,
              26.9504489
            ],
            [
              77.0204043,
              26.9524764
            ],
            [
              77.0200503,
              26.9549151
            ],
            [
              77.0196855,
              26.9600696
            ],
            [
              77.0195031,
              26.9626897
            ],
            [
              77.0191812,
              26.9655107
            ],
            [
              77.0188486,
              26.9679969
            ],
            [
              77.0183658,
              26.9709133
            ],
            [
              77.0172715,
              26.9749866
            ],
            [
              77.0163274,
              26.9767746
            ],
            [
              77.0154798,
              26.9776734
            ],
            [
              77.014364,
              26.9780654
            ],
            [
              77.0136666,
              26.9779411
            ],
            [
              77.0125937,
              26.9774152
            ],
            [
              77.0115209,
              26.9766599
            ],
            [
              77.0100725,
              26.9757229
            ],
            [
              77.0078623,
              26.9749484
            ],
            [
              77.0064354,
              26.9743747
            ],
            [
              77.0068538,
              26.9775395
            ],
            [
              77.0068002,
              26.9807426
            ],
            [
              77.0068216,
              26.9815744
            ],
            [
              77.0073151,
              26.9826739
            ],
            [
              77.0074654,
              26.984108
            ],
            [
              77.0080125,
              26.9861062
            ],
            [
              77.0079374,
              26.9876359
            ],
            [
              77.0077872,
              26.9891178
            ],
            [
              77.0073151,
              26.9920528
            ],
            [
              77.0065856,
              26.9977218
            ],
            [
              77.0062745,
              27.0007999
            ],
            [
              77.0059097,
              27.0045281
            ],
            [
              77.0028734,
              27.0074626
            ],
            [
              77.0012641,
              27.0097663
            ],
            [
              77.0005667,
              27.0116398
            ],
            [
              77.0000624,
              27.0120126
            ],
            [
              76.9990076,
              27.0150009
            ],
            [
              76.9943254,
              27.0169433
            ],
            [
              76.9893215,
              27.0207642
            ],
            [
              76.9861405,
              27.0252218
            ],
            [
              76.9809579,
              27.0292017
            ],
            [
              76.9813868,
              27.0322263
            ],
            [
              76.9831381,
              27.0354099
            ],
            [
              76.9841389,
              27.0372246
            ],
            [
              76.986891,
              27.0374474
            ],
            [
              76.9902508,
              27.0370654
            ],
            [
              76.9941824,
              27.0369699
            ],
            [
              76.9973635,
              27.0369381
            ],
            [
              77.0028678,
              27.0355373
            ],
            [
              77.0064062,
              27.0340728
            ],
            [
              77.0078717,
              27.0338818
            ],
            [
              77.009909,
              27.0341046
            ],
            [
              77.0105523,
              27.0353781
            ],
            [
              77.0116603,
              27.0380205
            ],
            [
              77.0120535,
              27.041395
            ],
            [
              77.0120892,
              27.0426366
            ],
            [
              77.0078717,
              27.0444193
            ],
            [
              77.0024389,
              27.0465521
            ],
            [
              76.9986859,
              27.0482074
            ],
            [
              76.9963627,
              27.0488123
            ],
            [
              76.9938965,
              27.0491943
            ],
            [
              76.9931459,
              27.0515498
            ],
            [
              76.9938608,
              27.0533961
            ],
            [
              76.9947186,
              27.0600486
            ],
            [
              76.9930387,
              27.0616719
            ],
            [
              76.9881063,
              27.0636135
            ],
            [
              76.9851754,
              27.0646638
            ],
            [
              76.9828164,
              27.0653004
            ],
            [
              76.9768118,
              27.0677511
            ],
            [
              76.9720223,
              27.0695016
            ],
            [
              76.969985,
              27.0708383
            ],
            [
              76.9694132,
              27.075644
            ],
            [
              76.9702352,
              27.081245
            ],
            [
              76.9753106,
              27.0819769
            ],
            [
              76.9783844,
              27.0830271
            ],
            [
              76.9814582,
              27.0836317
            ],
            [
              76.9832096,
              27.0846501
            ],
            [
              76.9856758,
              27.0865594
            ],
            [
              76.9878561,
              27.0900279
            ],
            [
              76.9865336,
              27.0927327
            ],
            [
              76.9842819,
              27.0941009
            ],
            [
              76.9834598,
              27.0950873
            ],
            [
              76.9827807,
              27.0974738
            ],
            [
              76.9822803,
              27.098842
            ],
            [
              76.9799571,
              27.1015147
            ],
            [
              76.9806004,
              27.1035828
            ],
            [
              76.9826377,
              27.1050782
            ],
            [
              76.9846035,
              27.1050464
            ],
            [
              76.9866051,
              27.1045373
            ],
            [
              76.9888926,
              27.1042192
            ],
            [
              76.990501,
              27.1044737
            ],
            [
              76.9921094,
              27.10616
            ],
            [
              76.9929672,
              27.1079735
            ],
            [
              76.9922524,
              27.1109641
            ],
            [
              76.9881778,
              27.1141138
            ],
            [
              76.9846393,
              27.1164998
            ],
            [
              76.981637,
              27.1182177
            ],
            [
              76.9760254,
              27.1223851
            ],
            [
              76.9739881,
              27.1248346
            ],
            [
              76.9714862,
              27.1263615
            ],
            [
              76.9658747,
              27.1257253
            ],
            [
              76.9628009,
              27.12528
            ],
            [
              76.9595841,
              27.1255663
            ],
            [
              76.9618358,
              27.1342185
            ],
            [
              76.9611925,
              27.1392759
            ],
            [
              76.9609065,
              27.1421703
            ],
            [
              76.9602989,
              27.1433789
            ],
            [
              76.9544014,
              27.1455099
            ],
            [
              76.9466811,
              27.1467185
            ],
            [
              76.9434643,
              27.1386398
            ],
            [
              76.938047,
              27.1396402
            ],
            [
              76.9352307,
              27.1397237
            ],
            [
              76.933476,
              27.1390115
            ],
            [
              76.9327899,
              27.1387331
            ],
            [
              76.929142,
              27.1367759
            ],
            [
              76.9258161,
              27.1374919
            ],
            [
              76.9232143,
              27.1381842
            ],
            [
              76.9201834,
              27.1390912
            ],
            [
              76.9177694,
              27.1401653
            ],
            [
              76.9165088,
              27.140762
            ],
            [
              76.9159991,
              27.1414542
            ],
            [
              76.9159187,
              27.142767
            ],
            [
              76.9160796,
              27.1440559
            ],
            [
              76.9169379,
              27.1456311
            ],
            [
              76.9177158,
              27.1467529
            ],
            [
              76.9184132,
              27.150333
            ],
            [
              76.9161064,
              27.1514786
            ],
            [
              76.9136656,
              27.1531492
            ],
            [
              76.9076574,
              27.1556313
            ],
            [
              76.9001204,
              27.1583758
            ],
            [
              76.8957484,
              27.1600941
            ],
            [
              76.8944341,
              27.1619316
            ],
            [
              76.8946218,
              27.1665612
            ],
            [
              76.8948096,
              27.1705463
            ],
            [
              76.8955874,
              27.174412
            ],
            [
              76.8962848,
              27.1755573
            ],
            [
              76.8981892,
              27.1758198
            ],
            [
              76.9007105,
              27.1755335
            ],
            [
              76.9032049,
              27.1751278
            ],
            [
              76.9056189,
              27.1750324
            ],
            [
              76.9070405,
              27.1750085
            ],
            [
              76.9085694,
              27.1754141
            ],
            [
              76.909535,
              27.176464
            ],
            [
              76.9099641,
              27.1781343
            ],
            [
              76.9100714,
              27.1810453
            ],
            [
              76.9080598,
              27.1823576
            ],
            [
              76.9062627,
              27.1832404
            ],
            [
              76.9059408,
              27.1847913
            ],
            [
              76.9058335,
              27.1858172
            ],
            [
              76.9041169,
              27.188895
            ],
            [
              76.9047875,
              27.1914717
            ],
            [
              76.905753,
              27.1953367
            ],
            [
              76.9056457,
              27.1973406
            ],
            [
              76.9063968,
              27.1993923
            ],
            [
              76.9061285,
              27.200776
            ],
            [
              76.9053239,
              27.2023027
            ],
            [
              76.9050556,
              27.204402
            ],
            [
              76.9052166,
              27.2069783
            ],
            [
              76.9048411,
              27.2093638
            ],
            [
              76.9035536,
              27.2108904
            ],
            [
              76.9014615,
              27.2115583
            ],
            [
              76.8997448,
              27.2125602
            ],
            [
              76.8996376,
              27.2149932
            ],
            [
              76.9021052,
              27.2174262
            ],
            [
              76.9029635,
              27.2191435
            ],
            [
              76.9002276,
              27.2207178
            ],
            [
              76.8986183,
              27.2222443
            ],
            [
              76.8995839,
              27.2252972
            ],
            [
              76.9010323,
              27.2276345
            ],
            [
              76.9014078,
              27.2285886
            ],
            [
              76.9003886,
              27.2296856
            ],
            [
              76.894434,
              27.2309735
            ],
            [
              76.8918055,
              27.2273006
            ],
            [
              76.8897133,
              27.2235322
            ],
            [
              76.888104,
              27.2213856
            ],
            [
              76.8862801,
              27.2221012
            ],
            [
              76.8837588,
              27.2234368
            ],
            [
              76.880862,
              27.2246294
            ],
            [
              76.8786089,
              27.2258219
            ],
            [
              76.8771605,
              27.2266328
            ],
            [
              76.8763022,
              27.2271575
            ],
            [
              76.8679337,
              27.2296856
            ],
            [
              76.8651442,
              27.2231983
            ],
            [
              76.8639908,
              27.2196683
            ],
            [
              76.8615232,
              27.2151363
            ],
            [
              76.8593506,
              27.2118684
            ],
            [
              76.8584386,
              27.2097693
            ],
            [
              76.8575535,
              27.2087913
            ],
            [
              76.8560246,
              27.2083619
            ],
            [
              76.8543348,
              27.2086243
            ],
            [
              76.8525109,
              27.2090775
            ],
            [
              76.8508211,
              27.2095069
            ],
            [
              76.8479779,
              27.2106042
            ],
            [
              76.8446289,
              27.2064454
            ],
            [
              76.8433981,
              27.2065191
            ],
            [
              76.8422782,
              27.2061792
            ],
            [
              76.8413931,
              27.2045451
            ],
            [
              76.8412456,
              27.2033523
            ],
            [
              76.8415138,
              27.2028156
            ],
            [
              76.8421575,
              27.2023504
            ],
            [
              76.8428817,
              27.2018852
            ],
            [
              76.8434718,
              27.1994638
            ],
            [
              76.8434182,
              27.1963863
            ],
            [
              76.8434182,
              27.1945732
            ],
            [
              76.8437668,
              27.1932133
            ],
            [
              76.8450007,
              27.1924976
            ],
            [
              76.8467441,
              27.1919727
            ],
            [
              76.8483803,
              27.1914001
            ],
            [
              76.8504724,
              27.1907321
            ],
            [
              76.8490777,
              27.1877498
            ],
            [
              76.848273,
              27.1853162
            ],
            [
              76.8471196,
              27.1772038
            ],
            [
              76.8462076,
              27.1737677
            ],
            [
              76.8451884,
              27.1708088
            ],
            [
              76.8440082,
              27.1684226
            ],
            [
              76.8429353,
              27.1662749
            ],
            [
              76.8413796,
              27.1636976
            ],
            [
              76.8390729,
              27.1625521
            ],
            [
              76.8361225,
              27.1624567
            ],
            [
              76.8325283,
              27.1630771
            ],
            [
              76.8303825,
              27.1634112
            ],
            [
              76.8278612,
              27.1632203
            ],
            [
              76.8272711,
              27.1553449
            ],
            [
              76.8279685,
              27.1529583
            ],
            [
              76.8292023,
              27.151049
            ],
            [
              76.8284513,
              27.1482327
            ],
            [
              76.8277003,
              27.145655
            ],
            [
              76.8274857,
              27.1440798
            ],
            [
              76.8277003,
              27.1417884
            ],
            [
              76.8263055,
              27.1375397
            ],
            [
              76.825179,
              27.1352482
            ],
            [
              76.8243207,
              27.1334818
            ],
            [
              76.8235697,
              27.1317154
            ],
            [
              76.8239988,
              27.1288986
            ],
            [
              76.8252327,
              27.126416
            ],
            [
              76.8263592,
              27.1242675
            ],
            [
              76.8272711,
              27.1214983
            ],
            [
              76.8286659,
              27.1179173
            ],
            [
              76.8298997,
              27.1182515
            ],
            [
              76.8327429,
              27.11892
            ],
            [
              76.8346204,
              27.1192064
            ],
            [
              76.8390729,
              27.1194929
            ],
            [
              76.8380537,
              27.1154344
            ],
            [
              76.837249,
              27.1124739
            ],
            [
              76.836498,
              27.1094179
            ],
            [
              76.8347277,
              27.0969064
            ],
            [
              76.8334403,
              27.0909845
            ],
            [
              76.8323137,
              27.0875458
            ],
            [
              76.8320991,
              27.0818144
            ],
            [
              76.8315627,
              27.0781844
            ],
            [
              76.830919,
              27.0763693
            ],
            [
              76.8289878,
              27.0747931
            ],
            [
              76.8230869,
              27.0750319
            ],
            [
              76.8202437,
              27.0760827
            ],
            [
              76.8163277,
              27.0773724
            ],
            [
              76.8142892,
              27.0786381
            ],
            [
              76.8125458,
              27.0800711
            ],
            [
              76.8119825,
              27.0810502
            ],
            [
              76.8113924,
              27.0828413
            ],
            [
              76.8112851,
              27.0843458
            ],
            [
              76.8115802,
              27.0879995
            ],
            [
              76.8095148,
              27.091271
            ],
            [
              76.806618,
              27.0945902
            ],
            [
              76.8047405,
              27.0970258
            ],
            [
              76.8035067,
              27.0997956
            ],
            [
              76.8027288,
              27.1019207
            ],
            [
              76.8020583,
              27.1041652
            ],
            [
              76.8035067,
              27.105741
            ],
            [
              76.8049551,
              27.1077705
            ],
            [
              76.8058134,
              27.1092985
            ],
            [
              76.8074227,
              27.1119248
            ],
            [
              76.8093539,
              27.1163654
            ],
            [
              76.8109096,
              27.1195406
            ],
            [
              76.8115533,
              27.1213072
            ],
            [
              76.8117143,
              27.1239094
            ],
            [
              76.8098904,
              27.1251507
            ],
            [
              76.8071545,
              27.1255566
            ],
            [
              76.8049282,
              27.1256759
            ],
            [
              76.8028629,
              27.1255566
            ],
            [
              76.801039,
              27.125652
            ],
            [
              76.8003953,
              27.1262966
            ],
            [
              76.7995101,
              27.1282063
            ],
            [
              76.7973644,
              27.1321928
            ],
            [
              76.7960769,
              27.1344366
            ],
            [
              76.7959964,
              27.1362746
            ],
            [
              76.7957819,
              27.1376829
            ],
            [
              76.7947626,
              27.1380648
            ],
            [
              76.793797,
              27.1381364
            ],
            [
              76.7927241,
              27.1379932
            ],
            [
              76.7917853,
              27.1367997
            ],
            [
              76.7914098,
              27.1351527
            ],
            [
              76.7908197,
              27.1332908
            ],
            [
              76.789881,
              27.1309992
            ],
            [
              76.7893445,
              27.1290657
            ],
            [
              76.7887544,
              27.1240765
            ],
            [
              76.7866891,
              27.1197077
            ],
            [
              76.7859649,
              27.1163416
            ],
            [
              76.7849188,
              27.113214
            ],
            [
              76.7803859,
              27.1128082
            ],
            [
              76.774324,
              27.1135722
            ],
            [
              76.7701934,
              27.1140019
            ],
            [
              76.7678331,
              27.1141452
            ],
            [
              76.7643998,
              27.1138109
            ],
            [
              76.7635951,
              27.1115189
            ],
            [
              76.7631123,
              27.1090836
            ],
            [
              76.7623077,
              27.1073646
            ],
            [
              76.7589817,
              27.1069826
            ],
            [
              76.7552802,
              27.1072213
            ],
            [
              76.74939,
              27.1070208
            ],
            [
              76.7434609,
              27.1076709
            ],
            [
              76.7371416,
              27.1085304
            ],
            [
              76.7315626,
              27.1095714
            ],
            [
              76.7314339,
              27.109027
            ],
            [
              76.7282689,
              27.1094472
            ],
            [
              76.727947,
              27.1083585
            ],
            [
              76.7252648,
              27.108263
            ],
            [
              76.7239237,
              27.1080816
            ],
            [
              76.7234731,
              27.1067923
            ],
            [
              76.7225611,
              27.1066013
            ],
            [
              76.722486,
              27.1073175
            ],
            [
              76.7214775,
              27.1073366
            ],
            [
              76.7212307,
              27.1065631
            ],
            [
              76.7181408,
              27.1075945
            ],
            [
              76.7138386,
              27.1088742
            ],
            [
              76.7081201,
              27.1106601
            ],
            [
              76.708163,
              27.1126274
            ],
            [
              76.7031205,
              27.113611
            ],
            [
              76.7026162,
              27.1132577
            ],
            [
              76.700803,
              27.1139071
            ],
            [
              76.7004812,
              27.1145946
            ],
            [
              76.6995478,
              27.1147092
            ],
            [
              76.6989791,
              27.113888
            ],
            [
              76.6979599,
              27.1145946
            ],
            [
              76.6973913,
              27.1139835
            ],
            [
              76.6956746,
              27.1144705
            ],
            [
              76.6945803,
              27.1130571
            ],
            [
              76.691705,
              27.1138975
            ],
            [
              76.6909969,
              27.1134487
            ],
            [
              76.6903746,
              27.1130571
            ],
            [
              76.689409,
              27.1131049
            ],
            [
              76.687789,
              27.1135155
            ],
            [
              76.6860831,
              27.1139548
            ],
            [
              76.6856539,
              27.1125319
            ],
            [
              76.6819203,
              27.1140599
            ],
            [
              76.6795599,
              27.112274
            ],
            [
              76.676985,
              27.1127229
            ],
            [
              76.6753971,
              27.1106506
            ],
            [
              76.6720819,
              27.1107461
            ],
            [
              76.6714704,
              27.1092085
            ],
            [
              76.6720605,
              27.1088742
            ],
            [
              76.6716099,
              27.1072125
            ],
            [
              76.6712451,
              27.1051782
            ],
            [
              76.6706228,
              27.103144
            ],
            [
              76.6699684,
              27.1006799
            ],
            [
              76.669153,
              27.0976808
            ],
            [
              76.6682625,
              27.0956942
            ],
            [
              76.6659021,
              27.0920551
            ],
            [
              76.6614711,
              27.0931917
            ],
            [
              76.6595292,
              27.0939463
            ],
            [
              76.6574478,
              27.0950447
            ],
            [
              76.6532421,
              27.0968785
            ],
            [
              76.6514504,
              27.0949014
            ],
            [
              76.6476524,
              27.093889
            ],
            [
              76.6429102,
              27.0928479
            ],
            [
              76.6405284,
              27.0923989
            ],
            [
              76.6385221,
              27.092036
            ],
            [
              76.6376638,
              27.0920742
            ],
            [
              76.6362584,
              27.0929052
            ],
            [
              76.6336512,
              27.0942519
            ],
            [
              76.6320205,
              27.0947868
            ],
            [
              76.6315377,
              27.0949969
            ],
            [
              76.6293704,
              27.0990562
            ],
            [
              76.6326749,
              27.1030771
            ],
            [
              76.6275358,
              27.1064676
            ],
            [
              76.6258085,
              27.1077473
            ],
            [
              76.6234267,
              27.1075276
            ],
            [
              76.6223001,
              27.1075658
            ],
            [
              76.6235125,
              27.1087405
            ],
            [
              76.6247785,
              27.1100489
            ],
            [
              76.6261196,
              27.1114528
            ],
            [
              76.6267633,
              27.1122263
            ],
            [
              76.6261411,
              27.1135442
            ],
            [
              76.6262376,
              27.1148047
            ],
            [
              76.6279113,
              27.1173545
            ],
            [
              76.6284907,
              27.1184336
            ],
            [
              76.6287053,
              27.1199901
            ],
            [
              76.6286731,
              27.1211551
            ],
            [
              76.6282117,
              27.1234182
            ],
            [
              76.6257334,
              27.1236665
            ],
            [
              76.6232228,
              27.1240771
            ],
            [
              76.6208625,
              27.1250511
            ],
            [
              76.6198754,
              27.1258627
            ],
            [
              76.6179442,
              27.1271327
            ],
            [
              76.6183841,
              27.1277247
            ],
            [
              76.619811,
              27.1284313
            ],
            [
              76.6199827,
              27.1291188
            ],
            [
              76.6194892,
              27.1308948
            ],
            [
              76.6197896,
              27.1319069
            ],
            [
              76.6205192,
              27.1327663
            ],
            [
              76.6207659,
              27.1336351
            ],
            [
              76.6208196,
              27.1345517
            ],
            [
              76.621474,
              27.135602
            ],
            [
              76.6231584,
              27.136891
            ],
            [
              76.6224503,
              27.1395357
            ],
            [
              76.6230726,
              27.1401563
            ],
            [
              76.6256368,
              27.1420276
            ],
            [
              76.6279435,
              27.1440516
            ],
            [
              76.6286838,
              27.144949
            ],
            [
              76.6295206,
              27.1471735
            ],
            [
              76.6319668,
              27.1493883
            ],
            [
              76.6350675,
              27.1520996
            ],
            [
              76.6365695,
              27.1530351
            ],
            [
              76.6389406,
              27.155899
            ],
            [
              76.6413116,
              27.1581519
            ],
            [
              76.6441977,
              27.1606052
            ],
            [
              76.6457534,
              27.1620657
            ],
            [
              76.6467297,
              27.1638889
            ],
            [
              76.6448307,
              27.1643375
            ],
            [
              76.6431355,
              27.1649675
            ],
            [
              76.6418052,
              27.1650725
            ],
            [
              76.6411292,
              27.1655116
            ],
            [
              76.6400885,
              27.1664089
            ],
            [
              76.6388976,
              27.1666666
            ],
            [
              76.6355073,
              27.1666189
            ],
            [
              76.6315377,
              27.1664757
            ],
            [
              76.6304004,
              27.1668957
            ],
            [
              76.6300249,
              27.1672775
            ],
            [
              76.6306579,
              27.1685756
            ],
            [
              76.6302502,
              27.1690624
            ],
            [
              76.629467,
              27.169511
            ],
            [
              76.6267097,
              27.170141
            ],
            [
              76.6231799,
              27.1701506
            ],
            [
              76.621753,
              27.170351
            ],
            [
              76.619339,
              27.1707519
            ],
            [
              76.6184056,
              27.1709428
            ],
            [
              76.617912,
              27.1716682
            ],
            [
              76.6164207,
              27.1727754
            ],
            [
              76.6155732,
              27.1733481
            ],
            [
              76.6131163,
              27.1747893
            ],
            [
              76.6097903,
              27.1762687
            ],
            [
              76.6082346,
              27.17687
            ],
            [
              76.6058636,
              27.1744743
            ],
            [
              76.6035354,
              27.1750852
            ],
            [
              76.6039002,
              27.1757056
            ],
            [
              76.6031814,
              27.1759156
            ],
            [
              76.6018402,
              27.1745125
            ],
            [
              76.5991044,
              27.1760492
            ],
            [
              76.5968513,
              27.1744362
            ],
            [
              76.5959823,
              27.1741498
            ],
            [
              76.5956712,
              27.1741021
            ],
            [
              76.5946412,
              27.1742644
            ],
            [
              76.5939116,
              27.1732335
            ],
            [
              76.5909505,
              27.1744171
            ],
            [
              76.5869164,
              27.1759824
            ],
            [
              76.5850282,
              27.1765073
            ],
            [
              76.5847063,
              27.1757533
            ],
            [
              76.5828287,
              27.175906
            ],
            [
              76.5828502,
              27.1752474
            ],
            [
              76.5814769,
              27.1752952
            ],
            [
              76.5813267,
              27.1732049
            ],
            [
              76.5783226,
              27.1732526
            ],
            [
              76.5783012,
              27.1753047
            ],
            [
              76.5743422,
              27.1759442
            ],
            [
              76.5731084,
              27.1751997
            ],
            [
              76.5714669,
              27.1750947
            ],
            [
              76.5704799,
              27.1752665
            ],
            [
              76.569128,
              27.1755529
            ],
            [
              76.5683126,
              27.1755529
            ],
            [
              76.5687847,
              27.1730236
            ],
            [
              76.5694177,
              27.1704083
            ],
            [
              76.5693748,
              27.168022
            ],
            [
              76.5662205,
              27.168127
            ],
            [
              76.5662742,
              27.1688524
            ],
            [
              76.5648043,
              27.1689193
            ],
            [
              76.5644932,
              27.1678788
            ],
            [
              76.5619933,
              27.1681652
            ],
            [
              76.5619719,
              27.169826
            ],
            [
              76.5596223,
              27.1698738
            ],
            [
              76.5593755,
              27.1695015
            ],
            [
              76.557498,
              27.1700169
            ],
            [
              76.5567148,
              27.1705037
            ],
            [
              76.5551269,
              27.1716109
            ],
            [
              76.5545475,
              27.1720691
            ],
            [
              76.5542471,
              27.1720882
            ],
            [
              76.553657,
              27.1706374
            ],
            [
              76.5527558,
              27.1685756
            ],
            [
              76.5519726,
              27.1663993
            ],
            [
              76.5514898,
              27.1643662
            ],
            [
              76.5521979,
              27.1637266
            ],
            [
              76.5516615,
              27.1622852
            ],
            [
              76.5531957,
              27.160882
            ],
            [
              76.5522408,
              27.158276
            ],
            [
              76.5512323,
              27.1565864
            ],
            [
              76.5501916,
              27.1567582
            ],
            [
              76.5489149,
              27.1567295
            ],
            [
              76.5485394,
              27.1547917
            ],
            [
              76.5474987,
              27.1548871
            ],
            [
              76.546855,
              27.1530065
            ],
            [
              76.5475631,
              27.1525196
            ],
            [
              76.5463078,
              27.1505626
            ],
            [
              76.5452135,
              27.1482141
            ],
            [
              76.5458894,
              27.1476126
            ],
            [
              76.5455782,
              27.1467439
            ],
            [
              76.5479708,
              27.1449013
            ],
            [
              76.5483892,
              27.1464575
            ],
            [
              76.549505,
              27.1459324
            ],
            [
              76.5499663,
              27.1447199
            ],
            [
              76.5499771,
              27.1442903
            ],
            [
              76.5498912,
              27.1434024
            ],
            [
              76.5496552,
              27.1423999
            ],
            [
              76.5510607,
              27.1416648
            ],
            [
              76.5520799,
              27.1398985
            ],
            [
              76.553185,
              27.1388292
            ],
            [
              76.5536249,
              27.1383804
            ],
            [
              76.5521765,
              27.1366809
            ],
            [
              76.5513611,
              27.1359744
            ],
            [
              76.5496766,
              27.1344945
            ],
            [
              76.5486681,
              27.1330241
            ],
            [
              76.548475,
              27.1319738
            ],
            [
              76.5486574,
              27.1310953
            ],
            [
              76.5489042,
              27.1303792
            ],
            [
              76.5493548,
              27.1298636
            ],
            [
              76.5495372,
              27.1294912
            ],
            [
              76.5485072,
              27.1270181
            ],
            [
              76.5478313,
              27.1256431
            ],
            [
              76.5475631,
              27.124736
            ],
            [
              76.5465438,
              27.1248506
            ],
            [
              76.5449667,
              27.1266266
            ],
            [
              76.5417266,
              27.129052
            ],
            [
              76.5407073,
              27.1297585
            ],
            [
              76.5393448,
              27.1306847
            ],
            [
              76.537832,
              27.1267603
            ],
            [
              76.5368342,
              27.1269608
            ],
            [
              76.5349996,
              27.1280398
            ],
            [
              76.5311587,
              27.1273237
            ],
            [
              76.5295386,
              27.1270563
            ],
            [
              76.5265989,
              27.1267794
            ],
            [
              76.5268671,
              27.1250702
            ],
            [
              76.5243781,
              27.1250511
            ],
            [
              76.5226722,
              27.1248697
            ],
            [
              76.5214383,
              27.1248315
            ],
            [
              76.5206015,
              27.1234182
            ],
            [
              76.5196466,
              27.1203912
            ],
            [
              76.5171039,
              27.1173545
            ],
            [
              76.5157628,
              27.1164473
            ],
            [
              76.512351,
              27.1142318
            ],
            [
              76.5105486,
              27.1148429
            ],
            [
              76.5093255,
              27.1153204
            ],
            [
              76.5068257,
              27.115626
            ],
            [
              76.5055597,
              27.115922
            ],
            [
              76.5039396,
              27.1165523
            ],
            [
              76.5026629,
              27.1165428
            ],
            [
              76.4993584,
              27.1159411
            ],
            [
              76.4963221,
              27.1151581
            ],
            [
              76.4923632,
              27.114566
            ],
            [
              76.490196,
              27.1138498
            ],
            [
              76.4879858,
              27.1130476
            ],
            [
              76.485132,
              27.1114146
            ],
            [
              76.4835977,
              27.1103068
            ],
            [
              76.4810872,
              27.1092944
            ],
            [
              76.4805615,
              27.1086259
            ],
            [
              76.4799178,
              27.1065822
            ],
            [
              76.4791882,
              27.1056653
            ],
            [
              76.4770424,
              27.1035642
            ],
            [
              76.4764631,
              27.1026378
            ],
            [
              76.4754331,
              27.1001164
            ],
            [
              76.4742744,
              27.0970409
            ],
            [
              76.4704442,
              27.0957133
            ],
            [
              76.4686096,
              27.0890176
            ],
            [
              76.4658522,
              27.0886547
            ],
            [
              76.4640927,
              27.0871168
            ],
            [
              76.4640605,
              27.0826941
            ],
            [
              76.4602303,
              27.0793316
            ],
            [
              76.4554131,
              27.0753767
            ],
            [
              76.4506817,
              27.0765517
            ],
            [
              76.4488149,
              27.077144
            ],
            [
              76.4474952,
              27.0777936
            ],
            [
              76.4448023,
              27.0799239
            ],
            [
              76.4419806,
              27.0830189
            ],
            [
              76.4405107,
              27.0842989
            ],
            [
              76.4385474,
              27.082866
            ],
            [
              76.4353824,
              27.0865055
            ],
            [
              76.4330006,
              27.089734
            ],
            [
              76.4313483,
              27.0920073
            ],
            [
              76.4301681,
              27.0955318
            ],
            [
              76.4298034,
              27.0975376
            ],
            [
              76.4282477,
              27.1007467
            ],
            [
              76.4275503,
              27.102867
            ],
            [
              76.427207,
              27.1050445
            ],
            [
              76.4273357,
              27.1067254
            ],
            [
              76.4277327,
              27.1094186
            ],
            [
              76.4275396,
              27.110727
            ],
            [
              76.426177,
              27.1136779
            ],
            [
              76.4257908,
              27.1161799
            ],
            [
              76.4259839,
              27.1262447
            ],
            [
              76.4261126,
              27.1280303
            ],
            [
              76.4211666,
              27.1294434
            ],
            [
              76.4167893,
              27.1295294
            ],
            [
              76.4149225,
              27.1279921
            ],
            [
              76.4143646,
              27.1276006
            ],
            [
              76.4104485,
              27.1265502
            ],
            [
              76.4079595,
              27.1264357
            ],
            [
              76.4048052,
              27.1266075
            ],
            [
              76.4036786,
              27.1264452
            ],
            [
              76.402874,
              27.1257672
            ],
            [
              76.4020693,
              27.1250988
            ],
            [
              76.4006317,
              27.1244686
            ],
            [
              76.3991403,
              27.1243158
            ],
            [
              76.3981211,
              27.1238861
            ],
            [
              76.3975203,
              27.1233418
            ],
            [
              76.3973272,
              27.1228262
            ],
            [
              76.3973915,
              27.121919
            ],
            [
              76.397928,
              27.1210214
            ],
            [
              76.3992906,
              27.1191498
            ],
            [
              76.3995588,
              27.118424
            ],
            [
              76.3988936,
              27.1172017
            ],
            [
              76.3987648,
              27.1167433
            ],
            [
              76.3976598,
              27.1157406
            ],
            [
              76.3972628,
              27.11427
            ],
            [
              76.3971126,
              27.1127706
            ],
            [
              76.3969087,
              27.110918
            ],
            [
              76.3975525,
              27.1089793
            ],
            [
              76.3976169,
              27.1075945
            ],
            [
              76.3975418,
              27.1052738
            ],
            [
              76.3974237,
              27.1028192
            ],
            [
              76.3950205,
              27.1025423
            ],
            [
              76.3937223,
              27.0994096
            ],
            [
              76.3929605,
              27.097423
            ],
            [
              76.3916087,
              27.0948059
            ],
            [
              76.3909006,
              27.0929147
            ],
            [
              76.3907504,
              27.0913674
            ],
            [
              76.3909864,
              27.0860756
            ],
            [
              76.3913405,
              27.0856267
            ],
            [
              76.3924777,
              27.085684
            ],
            [
              76.3935292,
              27.0857126
            ],
            [
              76.3939476,
              27.085512
            ],
            [
              76.393733,
              27.0851299
            ],
            [
              76.3934219,
              27.0846428
            ],
            [
              76.3933682,
              27.0841843
            ],
            [
              76.3931322,
              27.083678
            ],
            [
              76.3926816,
              27.0830093
            ],
            [
              76.3922417,
              27.082761
            ],
            [
              76.3916731,
              27.0826845
            ],
            [
              76.391083,
              27.082675
            ],
            [
              76.3897633,
              27.0828278
            ],
            [
              76.389184,
              27.0826941
            ],
            [
              76.389066,
              27.0824648
            ],
            [
              76.3889909,
              27.0819681
            ],
            [
              76.3889694,
              27.0816529
            ],
            [
              76.3892591,
              27.0813281
            ],
            [
              76.3902461,
              27.0812135
            ],
            [
              76.390804,
              27.0812135
            ],
            [
              76.3914156,
              27.0810511
            ],
            [
              76.3918877,
              27.0806212
            ],
            [
              76.3921559,
              27.0789495
            ],
            [
              76.3917911,
              27.0783381
            ],
            [
              76.3911903,
              27.077956
            ],
            [
              76.3902461,
              27.077956
            ],
            [
              76.3895166,
              27.0781184
            ],
            [
              76.3888836,
              27.0788731
            ],
            [
              76.3886046,
              27.0793507
            ],
            [
              76.388154,
              27.0797233
            ],
            [
              76.3877249,
              27.0797806
            ],
            [
              76.3866413,
              27.0793889
            ],
            [
              76.386019,
              27.0792552
            ],
            [
              76.3854289,
              27.0794271
            ],
            [
              76.3850319,
              27.0798952
            ],
            [
              76.3848925,
              27.0805257
            ],
            [
              76.3847744,
              27.0809842
            ],
            [
              76.3844955,
              27.0814332
            ],
            [
              76.3838625,
              27.0816147
            ],
            [
              76.3834226,
              27.0814236
            ],
            [
              76.382736,
              27.0810224
            ],
            [
              76.3815665,
              27.0803155
            ],
            [
              76.3814592,
              27.0797519
            ],
            [
              76.3818562,
              27.0790832
            ],
            [
              76.3820922,
              27.0786247
            ],
            [
              76.3823497,
              27.0778223
            ],
            [
              76.3822853,
              27.0770676
            ],
            [
              76.3820064,
              27.0765899
            ],
            [
              76.3817918,
              27.0762651
            ],
            [
              76.3812554,
              27.0758448
            ],
            [
              76.3801825,
              27.0754913
            ],
            [
              76.379689,
              27.0753385
            ],
            [
              76.379056,
              27.0754245
            ],
            [
              76.3776076,
              27.0758161
            ],
            [
              76.3766849,
              27.0761887
            ],
            [
              76.3757944,
              27.0761218
            ],
            [
              76.375258,
              27.075883
            ],
            [
              76.3739598,
              27.0749564
            ],
            [
              76.3727152,
              27.0739246
            ],
            [
              76.3707304,
              27.0720617
            ],
            [
              76.3703227,
              27.0715077
            ],
            [
              76.3670241,
              27.0670936
            ],
            [
              76.3596181,
              27.0619785
            ],
            [
              76.3591091,
              27.0613283
            ],
            [
              76.357721,
              27.0589337
            ],
            [
              76.3565676,
              27.0573572
            ],
            [
              76.3555484,
              27.0566884
            ],
            [
              76.3539391,
              27.055924
            ],
            [
              76.3520347,
              27.0551835
            ],
            [
              76.3503717,
              27.0555657
            ],
            [
              76.3479845,
              27.0572378
            ],
            [
              76.3465898,
              27.0581932
            ],
            [
              76.3445781,
              27.0594353
            ],
            [
              76.3423518,
              27.0600564
            ],
            [
              76.3301209,
              27.0604863
            ],
            [
              76.3293162,
              27.0575005
            ],
            [
              76.3274923,
              27.0561151
            ],
            [
              76.324971,
              27.0566406
            ],
            [
              76.3208404,
              27.0586948
            ],
            [
              76.3188019,
              27.059722
            ],
            [
              76.3042374,
              27.06223
            ],
            [
              76.292972,
              27.0640453
            ],
            [
              76.2875003,
              27.0648096
            ],
            [
              76.2823504,
              27.0656695
            ],
            [
              76.2807154,
              27.0643233
            ],
            [
              76.2777988,
              27.0543838
            ],
            [
              76.2774118,
              27.0442896
            ],
            [
              76.2745368,
              27.0399562
            ],
            [
              76.2713854,
              27.0368538
            ],
            [
              76.2676811,
              27.0339975
            ],
            [
              76.2620971,
              27.0315844
            ],
            [
              76.2583928,
              27.0294175
            ],
            [
              76.2570106,
              27.026364
            ],
            [
              76.2564577,
              27.0241478
            ],
            [
              76.2557943,
              27.022227
            ],
            [
              76.2526429,
              27.0207986
            ],
            [
              76.2491045,
              27.0202569
            ],
            [
              76.2463954,
              27.0198136
            ],
            [
              76.243631,
              27.0194688
            ],
            [
              76.2403138,
              27.0179912
            ],
            [
              76.235559,
              27.0121791
            ],
            [
              76.2331264,
              27.0077952
            ],
            [
              76.2309149,
              27.0056771
            ],
            [
              76.2287034,
              27.0040515
            ],
            [
              76.2277635,
              26.9995688
            ],
            [
              76.2244462,
              26.9911447
            ],
            [
              76.2241145,
              26.9870063
            ],
            [
              76.2235616,
              26.9838532
            ],
            [
              76.223451,
              26.973999
            ],
            [
              76.2226217,
              26.9617786
            ],
            [
              76.2214607,
              26.9577377
            ],
            [
              76.2211842,
              26.9538445
            ],
            [
              76.2248885,
              26.9517747
            ],
            [
              76.2286481,
              26.9516268
            ],
            [
              76.2340663,
              26.9512818
            ],
            [
              76.236333,
              26.9513804
            ],
            [
              76.2408113,
              26.9506904
            ],
            [
              76.2429123,
              26.9500005
            ],
            [
              76.2447368,
              26.9478813
            ],
            [
              76.246119,
              26.9458113
            ],
            [
              76.246506,
              26.9436427
            ],
            [
              76.2447921,
              26.9418684
            ],
            [
              76.2421935,
              26.9410305
            ],
            [
              76.2402032,
              26.9410798
            ],
            [
              76.2369965,
              26.9430513
            ],
            [
              76.234398,
              26.9444313
            ],
            [
              76.2316889,
              26.9445299
            ],
            [
              76.2304173,
              26.9431006
            ],
            [
              76.229588,
              26.9386154
            ],
            [
              76.2291457,
              26.9344258
            ],
            [
              76.2350061,
              26.9334893
            ],
            [
              76.2373835,
              26.9324542
            ],
            [
              76.2373835,
              26.9265884
            ],
            [
              76.2371071,
              26.9246166
            ],
            [
              76.2348403,
              26.9234335
            ],
            [
              76.2314677,
              26.921018
            ],
            [
              76.2272106,
              26.9176659
            ],
            [
              76.2231193,
              26.9181095
            ],
            [
              76.2191939,
              26.9174687
            ],
            [
              76.2183646,
              26.9154967
            ],
            [
              76.2183093,
              26.912243
            ],
            [
              76.2175905,
              26.9095314
            ],
            [
              76.2177011,
              26.9066719
            ],
            [
              76.2233405,
              26.9059324
            ],
            [
              76.2233405,
              26.9022839
            ],
            [
              76.2233957,
              26.8999173
            ],
            [
              76.2233957,
              26.8979451
            ],
            [
              76.2264918,
              26.8973534
            ],
            [
              76.2293668,
              26.8964659
            ],
            [
              76.2333475,
              26.8950853
            ],
            [
              76.234785,
              26.8929157
            ],
            [
              76.2345638,
              26.8904503
            ],
            [
              76.234785,
              26.8827084
            ],
            [
              76.234785,
              26.8800455
            ],
            [
              76.2369965,
              26.8781715
            ],
            [
              76.2411431,
              26.8761989
            ],
            [
              76.2437969,
              26.8747687
            ],
            [
              76.2483857,
              26.8723029
            ],
            [
              76.260936,
              26.8723522
            ],
            [
              76.2608255,
              26.867667
            ],
            [
              76.2581717,
              26.8647078
            ],
            [
              76.255352,
              26.8642145
            ],
            [
              76.2527535,
              26.8642639
            ],
            [
              76.2479434,
              26.8643625
            ],
            [
              76.2426358,
              26.8501572
            ],
            [
              76.2412536,
              26.8478388
            ],
            [
              76.2410325,
              26.8459643
            ],
            [
              76.2415854,
              26.8429552
            ],
            [
              76.2421382,
              26.84113
            ],
            [
              76.2449026,
              26.8385154
            ],
            [
              76.2481646,
              26.8347661
            ],
            [
              76.2500997,
              26.8335327
            ],
            [
              76.2524217,
              26.8337794
            ],
            [
              76.2564025,
              26.8346674
            ],
            [
              76.2587245,
              26.8332861
            ],
            [
              76.258614,
              26.8257376
            ],
            [
              76.2540251,
              26.8233694
            ],
            [
              76.2507631,
              26.8204584
            ],
            [
              76.2476117,
              26.8155736
            ],
            [
              76.2479987,
              26.8117249
            ],
            [
              76.2488833,
              26.809455
            ],
            [
              76.2523112,
              26.8045204
            ],
            [
              76.2504867,
              26.801757
            ],
            [
              76.2476117,
              26.7987467
            ],
            [
              76.2455108,
              26.7980064
            ],
            [
              76.2430228,
              26.7984999
            ],
            [
              76.2390974,
              26.7989934
            ],
            [
              76.2365542,
              26.7991908
            ],
            [
              76.2330711,
              26.8000791
            ],
            [
              76.2308596,
              26.8010167
            ],
            [
              76.2280399,
              26.8032867
            ],
            [
              76.2266024,
              26.8050632
            ],
            [
              76.2247779,
              26.8063462
            ],
            [
              76.2228982,
              26.8059515
            ],
            [
              76.2199126,
              26.8046685
            ],
            [
              76.2167612,
              26.8029413
            ],
            [
              76.206146,
              26.8001778
            ],
            [
              76.2040451,
              26.7977103
            ],
            [
              76.203271,
              26.7950948
            ],
            [
              76.2031605,
              26.7927752
            ],
            [
              76.2010595,
              26.791344
            ],
            [
              76.1977976,
              26.790505
            ],
            [
              76.1944803,
              26.7862112
            ],
            [
              76.193651,
              26.7837434
            ],
            [
              76.1935404,
              26.7761424
            ],
            [
              76.1919924,
              26.7718974
            ],
            [
              76.1904996,
              26.7697255
            ],
            [
              76.1870165,
              26.7691331
            ],
            [
              76.1827593,
              26.7672573
            ],
            [
              76.1822617,
              26.7655296
            ],
            [
              76.1819853,
              26.7586184
            ],
            [
              76.1798015,
              26.7544468
            ],
            [
              76.1806308,
              26.7521512
            ],
            [
              76.181239,
              26.7508675
            ],
            [
              76.1834781,
              26.7506454
            ],
            [
              76.187597,
              26.750991
            ],
            [
              76.1907257,
              26.7519648
            ],
            [
              76.1926317,
              26.7522402
            ],
            [
              76.1921596,
              26.7498451
            ],
            [
              76.1902928,
              26.7466451
            ],
            [
              76.1901426,
              26.7453805
            ],
            [
              76.1878037,
              26.7414713
            ],
            [
              76.1909365,
              26.7398042
            ],
            [
              76.1983394,
              26.7372938
            ],
            [
              76.1964297,
              26.7328478
            ],
            [
              76.1909365,
              26.7350325
            ],
            [
              76.1913228,
              26.7357415
            ],
            [
              76.1902714,
              26.7359907
            ],
            [
              76.1898207,
              26.7349942
            ],
            [
              76.1884904,
              26.7353774
            ],
            [
              76.1882758,
              26.7350708
            ],
            [
              76.1866236,
              26.7355882
            ],
            [
              76.1824178,
              26.7321962
            ],
            [
              76.182332,
              26.7305672
            ],
            [
              76.1837482,
              26.7304331
            ],
            [
              76.1835551,
              26.7295898
            ],
            [
              76.1821389,
              26.729954
            ],
            [
              76.1817097,
              26.7281333
            ],
            [
              76.1834049,
              26.7277692
            ],
            [
              76.1832976,
              26.725661
            ],
            [
              76.1855078,
              26.7252969
            ],
            [
              76.1859369,
              26.7258718
            ],
            [
              76.1870527,
              26.7259677
            ],
            [
              76.1882114,
              26.7261402
            ],
            [
              76.1890912,
              26.7268301
            ],
            [
              76.1904859,
              26.7265043
            ],
            [
              76.1906576,
              26.7247027
            ],
            [
              76.1916446,
              26.7245111
            ],
            [
              76.1920953,
              26.7249902
            ],
            [
              76.19349,
              26.7246836
            ],
            [
              76.193769,
              26.7256419
            ],
            [
              76.1955929,
              26.7252777
            ],
            [
              76.1958933,
              26.7247411
            ],
            [
              76.1956143,
              26.7240128
            ],
            [
              76.1963653,
              26.7237253
            ],
            [
              76.1971378,
              26.7246644
            ],
            [
              76.1978674,
              26.7245111
            ],
            [
              76.1984682,
              26.7252777
            ],
            [
              76.1993694,
              26.7254694
            ],
            [
              76.2009144,
              26.7273092
            ],
            [
              76.2052059,
              26.725776
            ],
            [
              76.2060857,
              26.7249327
            ],
            [
              76.2081671,
              26.7256227
            ],
            [
              76.2090683,
              26.7245303
            ],
            [
              76.2115574,
              26.7231503
            ],
            [
              76.2108063,
              26.7209079
            ],
            [
              76.2098837,
              26.7209462
            ],
            [
              76.209948,
              26.7224987
            ],
            [
              76.2091541,
              26.7226904
            ],
            [
              76.2082743,
              26.7210037
            ],
            [
              76.2061715,
              26.7209654
            ],
            [
              76.2060642,
              26.7200071
            ],
            [
              76.2077594,
              26.7197579
            ],
            [
              76.2074804,
              26.7187613
            ],
            [
              76.2064504,
              26.7187613
            ],
            [
              76.2060857,
              26.7173621
            ],
            [
              76.2055063,
              26.7174196
            ],
            [
              76.2038541,
              26.713567
            ],
            [
              76.2005496,
              26.7143146
            ],
            [
              76.1997342,
              26.7129537
            ],
            [
              76.1959147,
              26.7140654
            ],
            [
              76.1944341,
              26.7100785
            ],
            [
              76.1904645,
              26.7108644
            ],
            [
              76.1890697,
              26.7066474
            ],
            [
              76.1867382,
              26.701236
            ],
            [
              76.1875165,
              26.7009723
            ],
            [
              76.1873209,
              26.6995069
            ],
            [
              76.1871171,
              26.6989893
            ],
            [
              76.1861944,
              26.6977049
            ],
            [
              76.1851966,
              26.6971586
            ],
            [
              76.1836302,
              26.6963342
            ],
            [
              76.1828148,
              26.6944651
            ],
            [
              76.1811089,
              26.6903242
            ],
            [
              76.1797786,
              26.6869308
            ],
            [
              76.1786091,
              26.6871801
            ],
            [
              76.1735237,
              26.6882249
            ],
            [
              76.1734807,
              26.6890014
            ],
            [
              76.1712921,
              26.6897586
            ],
            [
              76.171174,
              26.6907747
            ],
            [
              76.172204,
              26.6951457
            ],
            [
              76.1733949,
              26.6965547
            ],
            [
              76.1735237,
              26.6967847
            ],
            [
              76.1736524,
              26.6974557
            ],
            [
              76.1738133,
              26.6983855
            ],
            [
              76.1742961,
              26.699574
            ],
            [
              76.1732554,
              26.6998424
            ],
            [
              76.1743176,
              26.7016539
            ],
            [
              76.1749506,
              26.7063311
            ],
            [
              76.1723542,
              26.7075771
            ],
            [
              76.1705303,
              26.7086409
            ],
            [
              76.1705303,
              26.7102989
            ],
            [
              76.1720753,
              26.7106919
            ],
            [
              76.1720002,
              26.7118995
            ],
            [
              76.1739313,
              26.712072
            ],
            [
              76.1745536,
              26.7123211
            ],
            [
              76.1757231,
              26.7132316
            ],
            [
              76.1762166,
              26.7142954
            ],
            [
              76.1746395,
              26.7151387
            ],
            [
              76.1740494,
              26.7147171
            ],
            [
              76.1728477,
              26.7151771
            ],
            [
              76.1708414,
              26.7149567
            ],
            [
              76.1686206,
              26.7150333
            ],
            [
              76.1681592,
              26.7167967
            ],
            [
              76.1681485,
              26.7174196
            ],
            [
              76.1660778,
              26.7174196
            ],
            [
              76.164844,
              26.7175538
            ],
            [
              76.1640286,
              26.7160492
            ],
            [
              76.1599839,
              26.7141708
            ],
            [
              76.1566579,
              26.7123499
            ],
            [
              76.1547175,
              26.7108832
            ],
            [
              76.1523771,
              26.7092543
            ],
            [
              76.1514544,
              26.7084971
            ],
            [
              76.1513686,
              26.7080659
            ],
            [
              76.1510897,
              26.706772
            ],
            [
              76.1504245,
              26.7053248
            ],
            [
              76.1509931,
              26.7047784
            ],
            [
              76.1513364,
              26.7042609
            ],
            [
              76.151154,
              26.7025644
            ],
            [
              76.1507249,
              26.6992385
            ],
            [
              76.1496735,
              26.6969381
            ],
            [
              76.1466694,
              26.6984238
            ],
            [
              76.1448777,
              26.6942638
            ],
            [
              76.1448347,
              26.6936983
            ]
          ]
        ]
      }
    }
  ]
}