{
  "type": "FeatureCollection",
  "features": [
    {
      "type": "Feature",
      "properties": {
        "name": "Jhalawar District",
        "admin_level": "5",
        "source": "OpenStreetMap/Nominatim"
      },
      "bbox": [
        75.4592968,
        23.7559367,
        76.9473987,
        24.8705516
      ],
      "geometry": {
        "type": "Polygon",
        "coordinates": [
          [
            [
              75.4592968,
              23.927743
            ],
            [
              75.4594147,
              23.9247839
            ],
            [
              75.4594595,
              23.9216241
            ],
            [
              75.4595284,
              23.919361
            ],
            [
              75.4617796,
              23.9163261
            ],
            [
              75.462907,
              23.9141839
            ],
            [
              75.4651364,
              23.9126206
            ],
            [
              75.4673911,
              23.9118679
            ],
            [
              75.4693039,
              23.9117406
            ],
            [
              75.4699756,
              23.911758
            ],
            [
              75.4722426,
              23.9122038
            ],
            [
              75.4775882,
              23.9119953
            ],
            [
              75.4829084,
              23.9104899
            ],
            [
              75.4869619,
              23.9087761
            ],
            [
              75.4899513,
              23.907618
            ],
            [
              75.4919274,
              23.9065527
            ],
            [
              75.4927376,
              23.9059018
            ],
            [
              75.4935994,
              23.9052093
            ],
            [
              75.4956262,
              23.9039818
            ],
            [
              75.4999837,
              23.9001138
            ],
            [
              75.5010477,
              23.8983766
            ],
            [
              75.5029478,
              23.8932577
            ],
            [
              75.5035051,
              23.8911498
            ],
            [
              75.5037331,
              23.8898352
            ],
            [
              75.5038345,
              23.8892504
            ],
            [
              75.5045438,
              23.88793
            ],
            [
              75.5061146,
              23.8870266
            ],
            [
              75.5077866,
              23.8868645
            ],
            [
              75.5092813,
              23.8867718
            ],
            [
              75.5110294,
              23.8866328
            ],
            [
              75.5137655,
              23.8864939
            ],
            [
              75.5164256,
              23.8857063
            ],
            [
              75.5178128,
              23.885418
            ],
            [
              75.5197697,
              23.8850113
            ],
            [
              75.5225565,
              23.8840152
            ],
            [
              75.5250393,
              23.8822084
            ],
            [
              75.5276234,
              23.8789884
            ],
            [
              75.5290167,
              23.8775058
            ],
            [
              75.5311195,
              23.8760926
            ],
            [
              75.5335009,
              23.875027
            ],
            [
              75.5369043,
              23.8739972
            ],
            [
              75.536997,
              23.8736138
            ],
            [
              75.5418612,
              23.871969
            ],
            [
              75.545788,
              23.8696754
            ],
            [
              75.5478148,
              23.8681927
            ],
            [
              75.5490055,
              23.8653199
            ],
            [
              75.5501962,
              23.8632811
            ],
            [
              75.5511576,
              23.862443
            ],
            [
              75.5522736,
              23.8612654
            ],
            [
              75.5540723,
              23.860802
            ],
            [
              75.5569351,
              23.8601069
            ],
            [
              75.5593925,
              23.8594814
            ],
            [
              75.5620526,
              23.8583229
            ],
            [
              75.5630153,
              23.8572803
            ],
            [
              75.5643834,
              23.8558438
            ],
            [
              75.5649407,
              23.8542219
            ],
            [
              75.5652448,
              23.8516268
            ],
            [
              75.5649914,
              23.8488926
            ],
            [
              75.5652701,
              23.8461352
            ],
            [
              75.5655234,
              23.8448608
            ],
            [
              75.5659034,
              23.8441424
            ],
            [
              75.566293,
              23.8438661
            ],
            [
              75.5671448,
              23.8432619
            ],
            [
              75.5689436,
              23.8428912
            ],
            [
              75.5708183,
              23.8428912
            ],
            [
              75.5728197,
              23.842868
            ],
            [
              75.5745424,
              23.8425204
            ],
            [
              75.5777346,
              23.8408056
            ],
            [
              75.5793053,
              23.8385579
            ],
            [
              75.579736,
              23.8369821
            ],
            [
              75.5784946,
              23.8323937
            ],
            [
              75.5770505,
              23.8294042
            ],
            [
              75.5760878,
              23.8285468
            ],
            [
              75.5743904,
              23.8281528
            ],
            [
              75.5731997,
              23.8281296
            ],
            [
              75.5719837,
              23.8284541
            ],
            [
              75.5709703,
              23.8301922
            ],
            [
              75.5697543,
              23.8313509
            ],
            [
              75.5677275,
              23.8319766
            ],
            [
              75.5655994,
              23.8322083
            ],
            [
              75.563446,
              23.8322083
            ],
            [
              75.5611913,
              23.8314436
            ],
            [
              75.5598142,
              23.8301963
            ],
            [
              75.5596709,
              23.8296736
            ],
            [
              75.5594179,
              23.8282919
            ],
            [
              75.5592912,
              23.8265537
            ],
            [
              75.5591392,
              23.8255804
            ],
            [
              75.5591899,
              23.822753
            ],
            [
              75.5597606,
              23.8202007
            ],
            [
              75.55997,
              23.8183719
            ],
            [
              75.5604766,
              23.8161238
            ],
            [
              75.5612873,
              23.8148259
            ],
            [
              75.5632634,
              23.8128558
            ],
            [
              75.5660502,
              23.8091473
            ],
            [
              75.5694075,
              23.8092913
            ],
            [
              75.5730895,
              23.8104817
            ],
            [
              75.5772732,
              23.8122301
            ],
            [
              75.5860896,
              23.8104685
            ],
            [
              75.5891458,
              23.8097732
            ],
            [
              75.5880656,
              23.8053229
            ],
            [
              75.586124,
              23.8007786
            ],
            [
              75.5846678,
              23.7981219
            ],
            [
              75.5836676,
              23.7960799
            ],
            [
              75.5837228,
              23.7948687
            ],
            [
              75.5862722,
              23.7949391
            ],
            [
              75.590275,
              23.7954491
            ],
            [
              75.5933151,
              23.7962836
            ],
            [
              75.5968165,
              23.7969487
            ],
            [
              75.6006114,
              23.7975353
            ],
            [
              75.6038719,
              23.7973761
            ],
            [
              75.609371,
              23.7971392
            ],
            [
              75.6108573,
              23.7979988
            ],
            [
              75.6120944,
              23.7995402
            ],
            [
              75.613644,
              23.8001112
            ],
            [
              75.6172813,
              23.8007805
            ],
            [
              75.6207775,
              23.8004096
            ],
            [
              75.6225002,
              23.7986943
            ],
            [
              75.6244715,
              23.7971033
            ],
            [
              75.6271617,
              23.7957736
            ],
            [
              75.628928,
              23.7955663
            ],
            [
              75.6318975,
              23.7959251
            ],
            [
              75.6333433,
              23.795959
            ],
            [
              75.6363941,
              23.7957725
            ],
            [
              75.6400315,
              23.7963299
            ],
            [
              75.6425143,
              23.7968862
            ],
            [
              75.6437766,
              23.7974886
            ],
            [
              75.6447437,
              23.7968862
            ],
            [
              75.6463651,
              23.7960981
            ],
            [
              75.6493515,
              23.7953162
            ],
            [
              75.6503427,
              23.7963204
            ],
            [
              75.6532053,
              23.7973499
            ],
            [
              75.6543445,
              23.7976358
            ],
            [
              75.6548488,
              23.796772
            ],
            [
              75.6553334,
              23.7957272
            ],
            [
              75.6560934,
              23.7927601
            ],
            [
              75.6576748,
              23.7887521
            ],
            [
              75.6586775,
              23.7853883
            ],
            [
              75.6596296,
              23.7846812
            ],
            [
              75.6639977,
              23.7836728
            ],
            [
              75.6672405,
              23.7836728
            ],
            [
              75.6697739,
              23.7833018
            ],
            [
              75.6711943,
              23.7829992
            ],
            [
              75.6724594,
              23.7826063
            ],
            [
              75.6741821,
              23.7818645
            ],
            [
              75.6753087,
              23.781025
            ],
            [
              75.6762714,
              23.7790312
            ],
            [
              75.6774971,
              23.7745498
            ],
            [
              75.6782356,
              23.7703652
            ],
            [
              75.6787875,
              23.7688409
            ],
            [
              75.6805663,
              23.7645688
            ],
            [
              75.6820502,
              23.7630513
            ],
            [
              75.6831453,
              23.7617863
            ],
            [
              75.6834613,
              23.7611017
            ],
            [
              75.6839611,
              23.7572417
            ],
            [
              75.6867003,
              23.7559367
            ],
            [
              75.6874293,
              23.7567891
            ],
            [
              75.6876297,
              23.7584566
            ],
            [
              75.6887897,
              23.7602062
            ],
            [
              75.6897073,
              23.7620832
            ],
            [
              75.6893064,
              23.7633497
            ],
            [
              75.6892517,
              23.7639876
            ],
            [
              75.6899503,
              23.7653048
            ],
            [
              75.6898257,
              23.7661653
            ],
            [
              75.6900535,
              23.7668761
            ],
            [
              75.6901173,
              23.7678602
            ],
            [
              75.6909465,
              23.7690538
            ],
            [
              75.6915457,
              23.7695313
            ],
            [
              75.6922697,
              23.7716006
            ],
            [
              75.6927963,
              23.7727898
            ],
            [
              75.6930241,
              23.7735916
            ],
            [
              75.6931931,
              23.774914
            ],
            [
              75.693165,
              23.7755338
            ],
            [
              75.6929147,
              23.7758332
            ],
            [
              75.6930605,
              23.7762432
            ],
            [
              75.6935022,
              23.7766288
            ],
            [
              75.6937075,
              23.7769722
            ],
            [
              75.6938077,
              23.7773093
            ],
            [
              75.6941448,
              23.7774551
            ],
            [
              75.6945822,
              23.7773275
            ],
            [
              75.6950779,
              23.777316
            ],
            [
              75.6953149,
              23.7775612
            ],
            [
              75.6955974,
              23.7779771
            ],
            [
              75.6955572,
              23.7785121
            ],
            [
              75.6962575,
              23.778782
            ],
            [
              75.6962459,
              23.7792541
            ],
            [
              75.6964502,
              23.7797149
            ],
            [
              75.6971597,
              23.7798047
            ],
            [
              75.698235,
              23.7802901
            ],
            [
              75.6989965,
              23.7800252
            ],
            [
              75.6996684,
              23.780324
            ],
            [
              75.7002904,
              23.7811248
            ],
            [
              75.7015797,
              23.7831952
            ],
            [
              75.7017965,
              23.7851564
            ],
            [
              75.701756,
              23.7866923
            ],
            [
              75.7003137,
              23.7893098
            ],
            [
              75.6998018,
              23.7913261
            ],
            [
              75.699357,
              23.7936534
            ],
            [
              75.698522,
              23.7980222
            ],
            [
              75.6960243,
              23.8028345
            ],
            [
              75.6945811,
              23.8058052
            ],
            [
              75.6936077,
              23.8081781
            ],
            [
              75.6924668,
              23.8103553
            ],
            [
              75.6907239,
              23.8124129
            ],
            [
              75.6901427,
              23.8133433
            ],
            [
              75.6907127,
              23.8143327
            ],
            [
              75.6910876,
              23.8146832
            ],
            [
              75.6914477,
              23.8153975
            ],
            [
              75.6919033,
              23.8162267
            ],
            [
              75.6929469,
              23.8164824
            ],
            [
              75.6937837,
              23.8160702
            ],
            [
              75.6942633,
              23.8155524
            ],
            [
              75.694749,
              23.8144101
            ],
            [
              75.6951836,
              23.8140671
            ],
            [
              75.695886,
              23.8141968
            ],
            [
              75.6964066,
              23.814743
            ],
            [
              75.6970151,
              23.8145045
            ],
            [
              75.6974807,
              23.8138425
            ],
            [
              75.6978352,
              23.8134566
            ],
            [
              75.6982525,
              23.8134635
            ],
            [
              75.6988193,
              23.8140398
            ],
            [
              75.699337,
              23.8142212
            ],
            [
              75.6997943,
              23.813976
            ],
            [
              75.7002766,
              23.8140882
            ],
            [
              75.7007896,
              23.8132855
            ],
            [
              75.7011428,
              23.8131013
            ],
            [
              75.7016421,
              23.8131933
            ],
            [
              75.7020176,
              23.8133291
            ],
            [
              75.7025058,
              23.8130652
            ],
            [
              75.7037124,
              23.8134657
            ],
            [
              75.7042127,
              23.8133416
            ],
            [
              75.7051418,
              23.8127566
            ],
            [
              75.7055684,
              23.8128942
            ],
            [
              75.706247,
              23.8133463
            ],
            [
              75.7067665,
              23.8124203
            ],
            [
              75.7066829,
              23.8118438
            ],
            [
              75.7068925,
              23.8112515
            ],
            [
              75.7078874,
              23.811386
            ],
            [
              75.7089205,
              23.8120922
            ],
            [
              75.7100554,
              23.811968
            ],
            [
              75.7120198,
              23.8130409
            ],
            [
              75.7129466,
              23.8131694
            ],
            [
              75.7147264,
              23.8130274
            ],
            [
              75.7159688,
              23.8126265
            ],
            [
              75.7171982,
              23.8117527
            ],
            [
              75.7189731,
              23.8116281
            ],
            [
              75.7200706,
              23.8115992
            ],
            [
              75.7210252,
              23.8116525
            ],
            [
              75.7215082,
              23.8116798
            ],
            [
              75.7217595,
              23.8120695
            ],
            [
              75.7212474,
              23.8125808
            ],
            [
              75.7206744,
              23.8134065
            ],
            [
              75.7206562,
              23.8157893
            ],
            [
              75.7208717,
              23.8180594
            ],
            [
              75.720966,
              23.8187279
            ],
            [
              75.7211756,
              23.8189329
            ],
            [
              75.7216722,
              23.8186778
            ],
            [
              75.7221788,
              23.8185568
            ],
            [
              75.7227702,
              23.8186505
            ],
            [
              75.7231529,
              23.8185092
            ],
            [
              75.7234354,
              23.8183771
            ],
            [
              75.7237178,
              23.8184956
            ],
            [
              75.7239046,
              23.8187598
            ],
            [
              75.7238727,
              23.8193658
            ],
            [
              75.7239216,
              23.8199435
            ],
            [
              75.724424,
              23.8197166
            ],
            [
              75.7254956,
              23.8197779
            ],
            [
              75.7259412,
              23.8198259
            ],
            [
              75.7263421,
              23.8199854
            ],
            [
              75.7264742,
              23.8203362
            ],
            [
              75.726016,
              23.8216405
            ],
            [
              75.7256769,
              23.8227418
            ],
            [
              75.724952,
              23.8232165
            ],
            [
              75.724014,
              23.8238261
            ],
            [
              75.7239386,
              23.8244216
            ],
            [
              75.7238363,
              23.8250216
            ],
            [
              75.7234171,
              23.8283092
            ],
            [
              75.7231893,
              23.8308788
            ],
            [
              75.7229157,
              23.8325265
            ],
            [
              75.7225242,
              23.8336716
            ],
            [
              75.7222371,
              23.8354348
            ],
            [
              75.7215947,
              23.8366264
            ],
            [
              75.720873,
              23.8377327
            ],
            [
              75.7199091,
              23.8391709
            ],
            [
              75.7189725,
              23.8406826
            ],
            [
              75.7191299,
              23.8411571
            ],
            [
              75.7201537,
              23.8417201
            ],
            [
              75.7213245,
              23.8418864
            ],
            [
              75.7219641,
              23.8419318
            ],
            [
              75.7235037,
              23.8416719
            ],
            [
              75.7242933,
              23.841663
            ],
            [
              75.7250664,
              23.8416218
            ],
            [
              75.7256815,
              23.8418724
            ],
            [
              75.7264283,
              23.8427078
            ],
            [
              75.7270499,
              23.8447621
            ],
            [
              75.728406,
              23.8471164
            ],
            [
              75.730119,
              23.8493397
            ],
            [
              75.7309309,
              23.8521365
            ],
            [
              75.7312853,
              23.8531121
            ],
            [
              75.7336505,
              23.8545868
            ],
            [
              75.7365527,
              23.8565379
            ],
            [
              75.7365395,
              23.8580972
            ],
            [
              75.7364471,
              23.8587502
            ],
            [
              75.735171,
              23.8599469
            ],
            [
              75.7352491,
              23.8620327
            ],
            [
              75.7343499,
              23.8619231
            ],
            [
              75.733454,
              23.8609393
            ],
            [
              75.7301502,
              23.8596917
            ],
            [
              75.7278764,
              23.8587815
            ],
            [
              75.7267658,
              23.8590531
            ],
            [
              75.7250571,
              23.8589729
            ],
            [
              75.7229252,
              23.8591339
            ],
            [
              75.7197206,
              23.8597766
            ],
            [
              75.717328,
              23.8604775
            ],
            [
              75.7141851,
              23.8616382
            ],
            [
              75.7124511,
              23.8621586
            ],
            [
              75.7111788,
              23.8623299
            ],
            [
              75.7103369,
              23.8626706
            ],
            [
              75.7098648,
              23.8649928
            ],
            [
              75.7089218,
              23.8692529
            ],
            [
              75.7060269,
              23.8686298
            ],
            [
              75.7051639,
              23.868615
            ],
            [
              75.7048478,
              23.8691298
            ],
            [
              75.7036982,
              23.8719644
            ],
            [
              75.7035256,
              23.8724477
            ],
            [
              75.7027511,
              23.8727484
            ],
            [
              75.7015893,
              23.8728396
            ],
            [
              75.7016738,
              23.873665
            ],
            [
              75.702464,
              23.8770643
            ],
            [
              75.7029467,
              23.8795485
            ],
            [
              75.7030518,
              23.880357
            ],
            [
              75.7026053,
              23.8805255
            ],
            [
              75.7022682,
              23.8807716
            ],
            [
              75.7021771,
              23.8816919
            ],
            [
              75.7023437,
              23.8817763
            ],
            [
              75.7026919,
              23.8823251
            ],
            [
              75.7031931,
              23.8825211
            ],
            [
              75.7037219,
              23.8825327
            ],
            [
              75.7044642,
              23.8824163
            ],
            [
              75.7050975,
              23.8824527
            ],
            [
              75.7054893,
              23.8826532
            ],
            [
              75.7052181,
              23.8839005
            ],
            [
              75.7045143,
              23.886913
            ],
            [
              75.7042683,
              23.8888175
            ],
            [
              75.7044708,
              23.8902904
            ],
            [
              75.7051977,
              23.891387
            ],
            [
              75.7053458,
              23.89196
            ],
            [
              75.7057407,
              23.8945234
            ],
            [
              75.7059301,
              23.8983173
            ],
            [
              75.7059052,
              23.8988802
            ],
            [
              75.7061089,
              23.8991003
            ],
            [
              75.7076482,
              23.8995141
            ],
            [
              75.7080634,
              23.899401
            ],
            [
              75.7084853,
              23.8990101
            ],
            [
              75.7089473,
              23.8978406
            ],
            [
              75.7091421,
              23.8972945
            ],
            [
              75.7094189,
              23.8964726
            ],
            [
              75.7103006,
              23.895528
            ],
            [
              75.7128065,
              23.8942576
            ],
            [
              75.7142813,
              23.8935818
            ],
            [
              75.7148245,
              23.8931867
            ],
            [
              75.7158008,
              23.8931133
            ],
            [
              75.7170292,
              23.8941213
            ],
            [
              75.7185171,
              23.896431
            ],
            [
              75.7189352,
              23.8969385
            ],
            [
              75.7196311,
              23.8971048
            ],
            [
              75.7213101,
              23.8971115
            ],
            [
              75.723503,
              23.8961701
            ],
            [
              75.7248022,
              23.8948567
            ],
            [
              75.7257088,
              23.8937926
            ],
            [
              75.7264889,
              23.8934292
            ],
            [
              75.7273647,
              23.8933747
            ],
            [
              75.7283767,
              23.8937017
            ],
            [
              75.7305816,
              23.895352
            ],
            [
              75.7326632,
              23.8966779
            ],
            [
              75.735088,
              23.8980703
            ],
            [
              75.7359146,
              23.8968427
            ],
            [
              75.7372714,
              23.8947254
            ],
            [
              75.7395415,
              23.8921262
            ],
            [
              75.7399926,
              23.8910196
            ],
            [
              75.7399467,
              23.8890436
            ],
            [
              75.7427562,
              23.8886372
            ],
            [
              75.7458855,
              23.8879411
            ],
            [
              75.7478888,
              23.887583
            ],
            [
              75.7500436,
              23.8875992
            ],
            [
              75.752794,
              23.887327
            ],
            [
              75.7532179,
              23.8865167
            ],
            [
              75.7548878,
              23.8848469
            ],
            [
              75.7568225,
              23.883135
            ],
            [
              75.7577557,
              23.8832272
            ],
            [
              75.758184,
              23.8828445
            ],
            [
              75.7590602,
              23.8813931
            ],
            [
              75.76074,
              23.8791181
            ],
            [
              75.7613185,
              23.8780607
            ],
            [
              75.763433,
              23.8765698
            ],
            [
              75.7643255,
              23.875801
            ],
            [
              75.7646002,
              23.8752744
            ],
            [
              75.7643086,
              23.8729404
            ],
            [
              75.7633961,
              23.8727302
            ],
            [
              75.7627218,
              23.8718555
            ],
            [
              75.762341,
              23.8696816
            ],
            [
              75.7619062,
              23.8668886
            ],
            [
              75.761765,
              23.864411
            ],
            [
              75.7632503,
              23.8616774
            ],
            [
              75.7626427,
              23.8603418
            ],
            [
              75.7625866,
              23.8593908
            ],
            [
              75.7633087,
              23.8557807
            ],
            [
              75.7646131,
              23.8516768
            ],
            [
              75.7654927,
              23.8508456
            ],
            [
              75.7688814,
              23.8497161
            ],
            [
              75.770803,
              23.8490147
            ],
            [
              75.7735377,
              23.8481643
            ],
            [
              75.7753966,
              23.8486199
            ],
            [
              75.7768889,
              23.8487074
            ],
            [
              75.7786317,
              23.8488356
            ],
            [
              75.780333,
              23.8486873
            ],
            [
              75.7813832,
              23.8487565
            ],
            [
              75.7827454,
              23.8490026
            ],
            [
              75.7833141,
              23.8492031
            ],
            [
              75.7837714,
              23.8503452
            ],
            [
              75.7846559,
              23.8521688
            ],
            [
              75.7851145,
              23.8528478
            ],
            [
              75.785766,
              23.8530802
            ],
            [
              75.7862945,
              23.8530255
            ],
            [
              75.7866408,
              23.8531576
            ],
            [
              75.7869551,
              23.8534538
            ],
            [
              75.7879529,
              23.8550028
            ],
            [
              75.788481,
              23.8558633
            ],
            [
              75.7895247,
              23.856889
            ],
            [
              75.7902765,
              23.8573974
            ],
            [
              75.7917871,
              23.8583434
            ],
            [
              75.7920761,
              23.8586522
            ],
            [
              75.7920943,
              23.8599643
            ],
            [
              75.7919895,
              23.8615771
            ],
            [
              75.7923081,
              23.8630144
            ],
            [
              75.792799,
              23.8648398
            ],
            [
              75.7932424,
              23.8658825
            ],
            [
              75.7935203,
              23.8665933
            ],
            [
              75.7939687,
              23.867049
            ],
            [
              75.7954521,
              23.86755
            ],
            [
              75.7975512,
              23.8684306
            ],
            [
              75.7985776,
              23.8685892
            ],
            [
              75.7993475,
              23.8684749
            ],
            [
              75.8001265,
              23.8679783
            ],
            [
              75.8008999,
              23.8672435
            ],
            [
              75.8017211,
              23.8661331
            ],
            [
              75.8024547,
              23.865591
            ],
            [
              75.8029309,
              23.8654126
            ],
            [
              75.8053311,
              23.8657359
            ],
            [
              75.8074487,
              23.8662857
            ],
            [
              75.8089351,
              23.8665478
            ],
            [
              75.8124004,
              23.8671992
            ],
            [
              75.8156716,
              23.8674908
            ],
            [
              75.8190489,
              23.8684449
            ],
            [
              75.8195548,
              23.8704949
            ],
            [
              75.8203746,
              23.8720279
            ],
            [
              75.8208239,
              23.8732411
            ],
            [
              75.8231835,
              23.8747109
            ],
            [
              75.8259874,
              23.8766535
            ],
            [
              75.828542,
              23.8778928
            ],
            [
              75.8303475,
              23.8782544
            ],
            [
              75.8318984,
              23.8787805
            ],
            [
              75.8323538,
              23.8797533
            ],
            [
              75.8329907,
              23.8799957
            ],
            [
              75.8333775,
              23.8793874
            ],
            [
              75.8335161,
              23.8785487
            ],
            [
              75.8336432,
              23.8779293
            ],
            [
              75.8342028,
              23.8779293
            ],
            [
              75.8351397,
              23.8782678
            ],
            [
              75.8355334,
              23.8780201
            ],
            [
              75.8348869,
              23.8771913
            ],
            [
              75.8350139,
              23.8768282
            ],
            [
              75.8365524,
              23.87693
            ],
            [
              75.8374366,
              23.876964
            ],
            [
              75.8374933,
              23.8774311
            ],
            [
              75.8374764,
              23.8780576
            ],
            [
              75.8379189,
              23.8787127
            ],
            [
              75.8390553,
              23.8787007
            ],
            [
              75.8394194,
              23.8783005
            ],
            [
              75.8396983,
              23.877621
            ],
            [
              75.8402579,
              23.8765193
            ],
            [
              75.8404059,
              23.8757554
            ],
            [
              75.8403173,
              23.8749103
            ],
            [
              75.8405513,
              23.8745707
            ],
            [
              75.8413721,
              23.8751435
            ],
            [
              75.8422787,
              23.875965
            ],
            [
              75.8447476,
              23.8761079
            ],
            [
              75.8447047,
              23.8790297
            ],
            [
              75.8447324,
              23.8816061
            ],
            [
              75.8446856,
              23.8839559
            ],
            [
              75.8485033,
              23.8840351
            ],
            [
              75.8500212,
              23.8850442
            ],
            [
              75.8530467,
              23.887555
            ],
            [
              75.8563203,
              23.887683
            ],
            [
              75.8583112,
              23.8879275
            ],
            [
              75.8592179,
              23.8886307
            ],
            [
              75.8619112,
              23.8892186
            ],
            [
              75.8648549,
              23.8901922
            ],
            [
              75.8672364,
              23.8906353
            ],
            [
              75.870593,
              23.8904359
            ],
            [
              75.8715583,
              23.8896915
            ],
            [
              75.8730499,
              23.8874643
            ],
            [
              75.8743256,
              23.8871727
            ],
            [
              75.8742295,
              23.8861699
            ],
            [
              75.8747447,
              23.885241
            ],
            [
              75.8763667,
              23.8853686
            ],
            [
              75.8762255,
              23.88441
            ],
            [
              75.8764213,
              23.8831635
            ],
            [
              75.8757922,
              23.8808185
            ],
            [
              75.8763496,
              23.8796602
            ],
            [
              75.8807578,
              23.8786872
            ],
            [
              75.886534,
              23.8791506
            ],
            [
              75.8873375,
              23.8793
            ],
            [
              75.8887127,
              23.8806795
            ],
            [
              75.8899288,
              23.88244
            ],
            [
              75.8919555,
              23.8854051
            ],
            [
              75.8930372,
              23.8864696
            ],
            [
              75.8935769,
              23.8879996
            ],
            [
              75.8948443,
              23.8893493
            ],
            [
              75.8959529,
              23.8896239
            ],
            [
              75.8984369,
              23.8894258
            ],
            [
              75.9020892,
              23.8887408
            ],
            [
              75.9043313,
              23.8890659
            ],
            [
              75.9055297,
              23.8902025
            ],
            [
              75.9089694,
              23.8911091
            ],
            [
              75.9120037,
              23.8917105
            ],
            [
              75.9138439,
              23.8926597
            ],
            [
              75.9162226,
              23.8940979
            ],
            [
              75.922458,
              23.8965237
            ],
            [
              75.9236288,
              23.8984267
            ],
            [
              75.9269424,
              23.8974976
            ],
            [
              75.9279942,
              23.8985312
            ],
            [
              75.9290242,
              23.8988451
            ],
            [
              75.9295821,
              23.8981977
            ],
            [
              75.9298049,
              23.8971259
            ],
            [
              75.931021,
              23.8965237
            ],
            [
              75.932436,
              23.8960004
            ],
            [
              75.9333571,
              23.8971995
            ],
            [
              75.9341641,
              23.8972962
            ],
            [
              75.9361775,
              23.8970177
            ],
            [
              75.9374541,
              23.8967012
            ],
            [
              75.9388337,
              23.8987494
            ],
            [
              75.9395278,
              23.8995856
            ],
            [
              75.9403088,
              23.8994434
            ],
            [
              75.9413235,
              23.899387
            ],
            [
              75.9414628,
              23.9014057
            ],
            [
              75.941049,
              23.9017971
            ],
            [
              75.9420916,
              23.9022349
            ],
            [
              75.9433035,
              23.9027452
            ],
            [
              75.9438228,
              23.9028545
            ],
            [
              75.9438206,
              23.9032472
            ],
            [
              75.9434675,
              23.9041666
            ],
            [
              75.9433764,
              23.9045767
            ],
            [
              75.9439231,
              23.9048683
            ],
            [
              75.9436868,
              23.9055941
            ],
            [
              75.9435972,
              23.9060323
            ],
            [
              75.9440506,
              23.9065722
            ],
            [
              75.9437682,
              23.9072191
            ],
            [
              75.9434866,
              23.9074741
            ],
            [
              75.9443975,
              23.9087993
            ],
            [
              75.9481469,
              23.9116248
            ],
            [
              75.9491515,
              23.9125769
            ],
            [
              75.9498262,
              23.9125794
            ],
            [
              75.9514797,
              23.9115078
            ],
            [
              75.9525551,
              23.9115321
            ],
            [
              75.952874,
              23.9124089
            ],
            [
              75.9516431,
              23.9138018
            ],
            [
              75.9515924,
              23.9156545
            ],
            [
              75.9523524,
              23.9171367
            ],
            [
              75.9534671,
              23.9184799
            ],
            [
              75.9545818,
              23.9200084
            ],
            [
              75.9557472,
              23.9213979
            ],
            [
              75.958838,
              23.9229726
            ],
            [
              75.9645129,
              23.92376
            ],
            [
              75.9675277,
              23.9238989
            ],
            [
              75.968631,
              23.9246148
            ],
            [
              75.9692245,
              23.9252645
            ],
            [
              75.9703904,
              23.9263768
            ],
            [
              75.9713278,
              23.9280209
            ],
            [
              75.9735319,
              23.9287619
            ],
            [
              75.9750013,
              23.928924
            ],
            [
              75.9772814,
              23.9283914
            ],
            [
              75.9790041,
              23.9284377
            ],
            [
              75.9797483,
              23.928464
            ],
            [
              75.9807019,
              23.9287873
            ],
            [
              75.9812082,
              23.9295956
            ],
            [
              75.9815882,
              23.9305682
            ],
            [
              75.9815819,
              23.9312918
            ],
            [
              75.9813095,
              23.9318996
            ],
            [
              75.9809359,
              23.9323106
            ],
            [
              75.9804292,
              23.9327622
            ],
            [
              75.9799161,
              23.9337406
            ],
            [
              75.9794601,
              23.934852
            ],
            [
              75.9795108,
              23.9359403
            ],
            [
              75.9798655,
              23.936635
            ],
            [
              75.9815122,
              23.937237
            ],
            [
              75.9839443,
              23.9383717
            ],
            [
              75.9856073,
              23.9393773
            ],
            [
              75.9861357,
              23.9397136
            ],
            [
              75.9868071,
              23.9408029
            ],
            [
              75.9869337,
              23.9415207
            ],
            [
              75.986808,
              23.9423265
            ],
            [
              75.9861484,
              23.9438361
            ],
            [
              75.983995,
              23.9493467
            ],
            [
              75.9833109,
              23.9514305
            ],
            [
              75.9837163,
              23.9531206
            ],
            [
              75.9844003,
              23.9541856
            ],
            [
              75.9847607,
              23.9546632
            ],
            [
              75.9854137,
              23.9555284
            ],
            [
              75.9863004,
              23.9585613
            ],
            [
              75.986123,
              23.960506
            ],
            [
              75.9852363,
              23.9625896
            ],
            [
              75.984223,
              23.9655066
            ],
            [
              75.9834629,
              23.9672197
            ],
            [
              75.9833363,
              23.9685855
            ],
            [
              75.9837669,
              23.9700208
            ],
            [
              75.984147,
              23.9711319
            ],
            [
              75.984375,
              23.9737015
            ],
            [
              75.9843667,
              23.9744703
            ],
            [
              75.9841216,
              23.9747663
            ],
            [
              75.9836909,
              23.9757848
            ],
            [
              75.9828549,
              23.9763172
            ],
            [
              75.9819682,
              23.9768265
            ],
            [
              75.9813602,
              23.97722
            ],
            [
              75.9810055,
              23.9778682
            ],
            [
              75.9798401,
              23.979558
            ],
            [
              75.9794216,
              23.9800039
            ],
            [
              75.9769774,
              23.9810163
            ],
            [
              75.9750773,
              23.9824745
            ],
            [
              75.9744693,
              23.9833078
            ],
            [
              75.9735826,
              23.9846041
            ],
            [
              75.9732279,
              23.9855531
            ],
            [
              75.9729239,
              23.9875205
            ],
            [
              75.9718598,
              23.9884001
            ],
            [
              75.9708465,
              23.9887704
            ],
            [
              75.9693264,
              23.9892333
            ],
            [
              75.9684904,
              23.9897425
            ],
            [
              75.967553,
              23.9906915
            ],
            [
              75.966793,
              23.9922886
            ],
            [
              75.967097,
              23.9981905
            ],
            [
              75.967021,
              23.9995097
            ],
            [
              75.9665697,
              24.0003234
            ],
            [
              75.9660583,
              24.0012455
            ],
            [
              75.9656276,
              24.0045319
            ],
            [
              75.9639555,
              24.0088133
            ],
            [
              75.9626635,
              24.0116367
            ],
            [
              75.9627142,
              24.0144368
            ],
            [
              75.9628915,
              24.0166352
            ],
            [
              75.9635502,
              24.0179542
            ],
            [
              75.9633602,
              24.0186137
            ],
            [
              75.9688377,
              24.0203432
            ],
            [
              75.9712555,
              24.0201721
            ],
            [
              75.9742613,
              24.019307
            ],
            [
              75.9792799,
              24.020149
            ],
            [
              75.9849438,
              24.0199073
            ],
            [
              75.9891805,
              24.019029
            ],
            [
              75.992589,
              24.0183209
            ],
            [
              75.9953988,
              24.0177422
            ],
            [
              75.9974632,
              24.0175699
            ],
            [
              75.9985006,
              24.018782
            ],
            [
              75.9991115,
              24.0205258
            ],
            [
              76.0001075,
              24.0209625
            ],
            [
              76.0018809,
              24.0216799
            ],
            [
              76.0043766,
              24.0222142
            ],
            [
              76.007966,
              24.023567
            ],
            [
              76.0106594,
              24.0250465
            ],
            [
              76.0122057,
              24.0265324
            ],
            [
              76.0157819,
              24.0297566
            ],
            [
              76.0175025,
              24.0311424
            ],
            [
              76.0186356,
              24.0317148
            ],
            [
              76.0202184,
              24.0333324
            ],
            [
              76.0211588,
              24.0340413
            ],
            [
              76.0216849,
              24.0349694
            ],
            [
              76.0214298,
              24.0355982
            ],
            [
              76.0196176,
              24.0367874
            ],
            [
              76.0194758,
              24.0376462
            ],
            [
              76.0201976,
              24.0389875
            ],
            [
              76.0210744,
              24.0398717
            ],
            [
              76.0217737,
              24.040546
            ],
            [
              76.0221489,
              24.0415998
            ],
            [
              76.0217177,
              24.044494
            ],
            [
              76.0220318,
              24.0464587
            ],
            [
              76.0229015,
              24.0477083
            ],
            [
              76.0237044,
              24.0490444
            ],
            [
              76.0251631,
              24.0496301
            ],
            [
              76.0261486,
              24.0497576
            ],
            [
              76.0275445,
              24.0514346
            ],
            [
              76.0287606,
              24.0517585
            ],
            [
              76.0304177,
              24.0523327
            ],
            [
              76.0304482,
              24.0531297
            ],
            [
              76.030519,
              24.0541158
            ],
            [
              76.0313237,
              24.0555658
            ],
            [
              76.0313988,
              24.0572901
            ],
            [
              76.03175,
              24.0580972
            ],
            [
              76.0323644,
              24.0582991
            ],
            [
              76.0333208,
              24.0580047
            ],
            [
              76.0337591,
              24.0578779
            ],
            [
              76.0345101,
              24.0581424
            ],
            [
              76.0355315,
              24.0595633
            ],
            [
              76.0361409,
              24.0604838
            ],
            [
              76.0364622,
              24.0622612
            ],
            [
              76.0371698,
              24.0631131
            ],
            [
              76.0386944,
              24.0630603
            ],
            [
              76.0394883,
              24.0631975
            ],
            [
              76.0403839,
              24.0637276
            ],
            [
              76.041073,
              24.0648521
            ],
            [
              76.0424411,
              24.0660549
            ],
            [
              76.0436296,
              24.0660776
            ],
            [
              76.0442145,
              24.0650371
            ],
            [
              76.0451772,
              24.0644357
            ],
            [
              76.0467435,
              24.0646897
            ],
            [
              76.0471487,
              24.0649804
            ],
            [
              76.0478138,
              24.0662438
            ],
            [
              76.0484361,
              24.0666654
            ],
            [
              76.0495358,
              24.0668068
            ],
            [
              76.0510147,
              24.0667433
            ],
            [
              76.0527785,
              24.0661888
            ],
            [
              76.0535633,
              24.0654992
            ],
            [
              76.0542102,
              24.0653033
            ],
            [
              76.0548549,
              24.0654072
            ],
            [
              76.0558868,
              24.0657543
            ],
            [
              76.0570065,
              24.0669453
            ],
            [
              76.0578043,
              24.0676293
            ],
            [
              76.0599283,
              24.0678978
            ],
            [
              76.0619354,
              24.0682101
            ],
            [
              76.0633166,
              24.0683992
            ],
            [
              76.0676515,
              24.071103
            ],
            [
              76.0689652,
              24.0725256
            ],
            [
              76.0693998,
              24.0732148
            ],
            [
              76.070044,
              24.0743355
            ],
            [
              76.0709061,
              24.0753151
            ],
            [
              76.0711159,
              24.0755535
            ],
            [
              76.0716292,
              24.076084
            ],
            [
              76.0722703,
              24.0766105
            ],
            [
              76.0729036,
              24.0768501
            ],
            [
              76.0733888,
              24.0767575
            ],
            [
              76.0736516,
              24.0764612
            ],
            [
              76.073616,
              24.0759472
            ],
            [
              76.0733531,
              24.0750571
            ],
            [
              76.0734343,
              24.074076
            ],
            [
              76.0737036,
              24.072578
            ],
            [
              76.074717,
              24.0710514
            ],
            [
              76.075387,
              24.0709021
            ],
            [
              76.0762746,
              24.0712506
            ],
            [
              76.0774898,
              24.0729348
            ],
            [
              76.0791161,
              24.0738172
            ],
            [
              76.0802905,
              24.0742435
            ],
            [
              76.0837497,
              24.0770271
            ],
            [
              76.0853883,
              24.0775285
            ],
            [
              76.0877388,
              24.0769728
            ],
            [
              76.0886515,
              24.0768994
            ],
            [
              76.0902269,
              24.0786327
            ],
            [
              76.0917524,
              24.0819525
            ],
            [
              76.0933256,
              24.0831023
            ],
            [
              76.0958302,
              24.0834871
            ],
            [
              76.099439,
              24.0864025
            ],
            [
              76.1001062,
              24.087177
            ],
            [
              76.1023677,
              24.0877265
            ],
            [
              76.1040759,
              24.0879605
            ],
            [
              76.1050167,
              24.0874272
            ],
            [
              76.1053655,
              24.0871488
            ],
            [
              76.1060808,
              24.0854844
            ],
            [
              76.1063341,
              24.0841892
            ],
            [
              76.1096699,
              24.0844227
            ],
            [
              76.1113926,
              24.0844002
            ],
            [
              76.1133771,
              24.0843743
            ],
            [
              76.1150516,
              24.0849032
            ],
            [
              76.1178866,
              24.0870572
            ],
            [
              76.118989,
              24.087079
            ],
            [
              76.120572,
              24.086132
            ],
            [
              76.1209267,
              24.0850219
            ],
            [
              76.1225509,
              24.0845128
            ],
            [
              76.1239161,
              24.0858545
            ],
            [
              76.125247,
              24.0871977
            ],
            [
              76.1262042,
              24.088015
            ],
            [
              76.1253659,
              24.0885799
            ],
            [
              76.1266587,
              24.0887054
            ],
            [
              76.1260158,
              24.0908983
            ],
            [
              76.1253613,
              24.0920653
            ],
            [
              76.1251517,
              24.0940699
            ],
            [
              76.1244713,
              24.0962506
            ],
            [
              76.1231197,
              24.0997011
            ],
            [
              76.1225548,
              24.1030817
            ],
            [
              76.1205651,
              24.1082499
            ],
            [
              76.1240852,
              24.1098511
            ],
            [
              76.1246642,
              24.1102004
            ],
            [
              76.1256388,
              24.1111084
            ],
            [
              76.1269331,
              24.1124944
            ],
            [
              76.1295137,
              24.1140141
            ],
            [
              76.130906,
              24.1150321
            ],
            [
              76.1311404,
              24.1152593
            ],
            [
              76.1310609,
              24.1162576
            ],
            [
              76.1308414,
              24.1172181
            ],
            [
              76.1306097,
              24.1189095
            ],
            [
              76.1305066,
              24.1198438
            ],
            [
              76.1301439,
              24.1229186
            ],
            [
              76.1298535,
              24.1238206
            ],
            [
              76.128465,
              24.125231
            ],
            [
              76.1274625,
              24.1262299
            ],
            [
              76.1269832,
              24.1283219
            ],
            [
              76.1267655,
              24.1325093
            ],
            [
              76.126046,
              24.1336426
            ],
            [
              76.1253646,
              24.1348867
            ],
            [
              76.1232068,
              24.1360799
            ],
            [
              76.1227893,
              24.1368402
            ],
            [
              76.1224576,
              24.1377022
            ],
            [
              76.1245241,
              24.149396
            ],
            [
              76.125015,
              24.1513844
            ],
            [
              76.1250333,
              24.1549472
            ],
            [
              76.1246761,
              24.1589198
            ],
            [
              76.1241058,
              24.1600561
            ],
            [
              76.1230547,
              24.1614163
            ],
            [
              76.1224219,
              24.1621416
            ],
            [
              76.1212791,
              24.1630751
            ],
            [
              76.12042,
              24.1633117
            ],
            [
              76.1183815,
              24.1635216
            ],
            [
              76.1163673,
              24.1632263
            ],
            [
              76.1146624,
              24.1627347
            ],
            [
              76.1139851,
              24.1628494
            ],
            [
              76.1136888,
              24.1650433
            ],
            [
              76.1136372,
              24.1662722
            ],
            [
              76.1137937,
              24.1674465
            ],
            [
              76.1140169,
              24.169736
            ],
            [
              76.1147451,
              24.1712166
            ],
            [
              76.1154545,
              24.1742213
            ],
            [
              76.1157982,
              24.1764368
            ],
            [
              76.1165666,
              24.1801215
            ],
            [
              76.115411,
              24.1798685
            ],
            [
              76.115538,
              24.1831028
            ],
            [
              76.1156658,
              24.1844184
            ],
            [
              76.1157493,
              24.1853208
            ],
            [
              76.1164406,
              24.1889896
            ],
            [
              76.1171873,
              24.1929829
            ],
            [
              76.1175796,
              24.1946573
            ],
            [
              76.1190013,
              24.1959915
            ],
            [
              76.1196461,
              24.1963991
            ],
            [
              76.1212518,
              24.1972451
            ],
            [
              76.1222723,
              24.1981199
            ],
            [
              76.1240177,
              24.201185
            ],
            [
              76.1255344,
              24.2021929
            ],
            [
              76.1283591,
              24.2054641
            ],
            [
              76.1312377,
              24.2080074
            ],
            [
              76.1323138,
              24.2085622
            ],
            [
              76.1334252,
              24.2106021
            ],
            [
              76.1339995,
              24.2130089
            ],
            [
              76.1356457,
              24.2145636
            ],
            [
              76.13697,
              24.215624
            ],
            [
              76.137806,
              24.2179795
            ],
            [
              76.1381728,
              24.2182483
            ],
            [
              76.1389233,
              24.2181728
            ],
            [
              76.1402111,
              24.2185613
            ],
            [
              76.1414391,
              24.2195161
            ],
            [
              76.1417768,
              24.220207
            ],
            [
              76.1423088,
              24.2210156
            ],
            [
              76.1433222,
              24.2217088
            ],
            [
              76.1444369,
              24.2223326
            ],
            [
              76.1447094,
              24.2225235
            ],
            [
              76.1452925,
              24.2232473
            ],
            [
              76.1456503,
              24.2237314
            ],
            [
              76.1460112,
              24.2242766
            ],
            [
              76.1461868,
              24.2260823
            ],
            [
              76.1463713,
              24.2271234
            ],
            [
              76.1467361,
              24.2281513
            ],
            [
              76.1466652,
              24.2285813
            ],
            [
              76.1473076,
              24.2295973
            ],
            [
              76.1480001,
              24.2306406
            ],
            [
              76.1484389,
              24.2320079
            ],
            [
              76.1484093,
              24.2342
            ],
            [
              76.1482738,
              24.2350279
            ],
            [
              76.1475068,
              24.2368048
            ],
            [
              76.1468656,
              24.2409372
            ],
            [
              76.1461592,
              24.2443551
            ],
            [
              76.1438542,
              24.2497077
            ],
            [
              76.1435488,
              24.250359
            ],
            [
              76.1436217,
              24.2526006
            ],
            [
              76.1430333,
              24.2526227
            ],
            [
              76.1429795,
              24.2557908
            ],
            [
              76.1413208,
              24.2557825
            ],
            [
              76.1397501,
              24.2558749
            ],
            [
              76.1387874,
              24.2562445
            ],
            [
              76.1394746,
              24.2585553
            ],
            [
              76.139851,
              24.2604444
            ],
            [
              76.1402567,
              24.2618109
            ],
            [
              76.1406778,
              24.2638613
            ],
            [
              76.1413487,
              24.2671277
            ],
            [
              76.1396803,
              24.2685187
            ],
            [
              76.1385725,
              24.2692265
            ],
            [
              76.1375782,
              24.2700639
            ],
            [
              76.1366746,
              24.2707696
            ],
            [
              76.1377602,
              24.2718642
            ],
            [
              76.1392687,
              24.2731278
            ],
            [
              76.1406768,
              24.2746629
            ],
            [
              76.1410168,
              24.275622
            ],
            [
              76.1419035,
              24.279802
            ],
            [
              76.1422328,
              24.2817649
            ],
            [
              76.1427902,
              24.2826193
            ],
            [
              76.1442849,
              24.2834045
            ],
            [
              76.146641,
              24.2840511
            ],
            [
              76.1500864,
              24.284282
            ],
            [
              76.1524172,
              24.2843051
            ],
            [
              76.1553053,
              24.2841665
            ],
            [
              76.1589653,
              24.2827898
            ],
            [
              76.159839,
              24.2828261
            ],
            [
              76.1605748,
              24.2833583
            ],
            [
              76.1615629,
              24.284028
            ],
            [
              76.1622625,
              24.2844366
            ],
            [
              76.1629485,
              24.2851004
            ],
            [
              76.1634859,
              24.2865017
            ],
            [
              76.1636317,
              24.2888982
            ],
            [
              76.1645353,
              24.290328
            ],
            [
              76.1649287,
              24.2913725
            ],
            [
              76.1650898,
              24.2920157
            ],
            [
              76.1650083,
              24.293588
            ],
            [
              76.1653773,
              24.2941586
            ],
            [
              76.1672805,
              24.295272
            ],
            [
              76.1685045,
              24.2960587
            ],
            [
              76.1688073,
              24.2966844
            ],
            [
              76.1686311,
              24.2971901
            ],
            [
              76.1677951,
              24.2978597
            ],
            [
              76.1668831,
              24.2988064
            ],
            [
              76.1659758,
              24.2995517
            ],
            [
              76.1656417,
              24.3004458
            ],
            [
              76.165074,
              24.3040515
            ],
            [
              76.1645776,
              24.3050175
            ],
            [
              76.164451,
              24.3060103
            ],
            [
              76.1646283,
              24.3070493
            ],
            [
              76.1653883,
              24.3073725
            ],
            [
              76.1666297,
              24.3069338
            ],
            [
              76.1676684,
              24.3063335
            ],
            [
              76.1691885,
              24.3057794
            ],
            [
              76.1701259,
              24.3055254
            ],
            [
              76.172862,
              24.3058025
            ],
            [
              76.174154,
              24.3063566
            ],
            [
              76.1748634,
              24.3072109
            ],
            [
              76.1749647,
              24.3079035
            ],
            [
              76.1749394,
              24.3092426
            ],
            [
              76.1738753,
              24.3107203
            ],
            [
              76.1742047,
              24.3123364
            ],
            [
              76.1750154,
              24.3130059
            ],
            [
              76.1764594,
              24.3134677
            ],
            [
              76.1777008,
              24.3141834
            ],
            [
              76.1783595,
              24.314599
            ],
            [
              76.1805129,
              24.3187777
            ],
            [
              76.1819063,
              24.32074
            ],
            [
              76.1822356,
              24.3224022
            ],
            [
              76.1828183,
              24.3242028
            ],
            [
              76.1829614,
              24.3251639
            ],
            [
              76.1843433,
              24.3267085
            ],
            [
              76.1855773,
              24.3291928
            ],
            [
              76.1887212,
              24.3247338
            ],
            [
              76.1903933,
              24.3205784
            ],
            [
              76.192724,
              24.3147837
            ],
            [
              76.1953335,
              24.3102816
            ],
            [
              76.1982722,
              24.3079035
            ],
            [
              76.200755,
              24.3066106
            ],
            [
              76.202199,
              24.3052253
            ],
            [
              76.2035671,
              24.3033781
            ],
            [
              76.2046565,
              24.3009769
            ],
            [
              76.2045551,
              24.2996607
            ],
            [
              76.2038458,
              24.297929
            ],
            [
              76.202351,
              24.2952505
            ],
            [
              76.1987282,
              24.2906092
            ],
            [
              76.1964228,
              24.2871685
            ],
            [
              76.1959668,
              24.2855521
            ],
            [
              76.195456,
              24.2816486
            ],
            [
              76.1948789,
              24.2783434
            ],
            [
              76.1945657,
              24.2747333
            ],
            [
              76.1948774,
              24.2736128
            ],
            [
              76.1964228,
              24.2727121
            ],
            [
              76.1991336,
              24.2715573
            ],
            [
              76.2002736,
              24.2708414
            ],
            [
              76.2015404,
              24.2692016
            ],
            [
              76.201971,
              24.2684164
            ],
            [
              76.2020217,
              24.2633584
            ],
            [
              76.2023213,
              24.2606647
            ],
            [
              76.2024761,
              24.2588234
            ],
            [
              76.2024777,
              24.2549048
            ],
            [
              76.2026044,
              24.2480214
            ],
            [
              76.2038458,
              24.240283
            ],
            [
              76.2054418,
              24.2340688
            ],
            [
              76.2063285,
              24.2297025
            ],
            [
              76.2053152,
              24.2251743
            ],
            [
              76.2045045,
              24.2230026
            ],
            [
              76.2038711,
              24.2195139
            ],
            [
              76.2042511,
              24.2178965
            ],
            [
              76.2053043,
              24.2168119
            ],
            [
              76.2065819,
              24.2155398
            ],
            [
              76.2081779,
              24.2142922
            ],
            [
              76.2110154,
              24.2120278
            ],
            [
              76.2125548,
              24.2099399
            ],
            [
              76.2139662,
              24.2102944
            ],
            [
              76.2150271,
              24.2105478
            ],
            [
              76.2158569,
              24.2108257
            ],
            [
              76.2159313,
              24.2108456
            ],
            [
              76.2167111,
              24.2110943
            ],
            [
              76.2171311,
              24.2111829
            ],
            [
              76.2175152,
              24.211264
            ],
            [
              76.2178084,
              24.2120653
            ],
            [
              76.2180303,
              24.2126235
            ],
            [
              76.2183446,
              24.2129297
            ],
            [
              76.2183887,
              24.2129741
            ],
            [
              76.2186416,
              24.2132282
            ],
            [
              76.2188895,
              24.2133864
            ],
            [
              76.2193054,
              24.2136518
            ],
            [
              76.220695,
              24.2143044
            ],
            [
              76.2214576,
              24.2147634
            ],
            [
              76.2219568,
              24.2151112
            ],
            [
              76.221983,
              24.2151294
            ],
            [
              76.2227599,
              24.2155431
            ],
            [
              76.2233436,
              24.2158319
            ],
            [
              76.2240144,
              24.2161472
            ],
            [
              76.2241844,
              24.216227
            ],
            [
              76.2247255,
              24.2165084
            ],
            [
              76.2247831,
              24.2165383
            ],
            [
              76.2247843,
              24.2165382
            ],
            [
              76.2248543,
              24.2165344
            ],
            [
              76.2252653,
              24.2165118
            ],
            [
              76.2258625,
              24.2161503
            ],
            [
              76.2263117,
              24.2157629
            ],
            [
              76.2267086,
              24.2155565
            ],
            [
              76.2271216,
              24.215499
            ],
            [
              76.2276524,
              24.2154089
            ],
            [
              76.2289945,
              24.2157097
            ],
            [
              76.2297054,
              24.2159116
            ],
            [
              76.2303182,
              24.2161505
            ],
            [
              76.230631,
              24.2162237
            ],
            [
              76.231083,
              24.2163295
            ],
            [
              76.2313219,
              24.216477
            ],
            [
              76.2317467,
              24.2167395
            ],
            [
              76.2324668,
              24.2168782
            ],
            [
              76.2332101,
              24.2168586
            ],
            [
              76.2337906,
              24.2168133
            ],
            [
              76.234297,
              24.2167888
            ],
            [
              76.2344648,
              24.2167807
            ],
            [
              76.2349934,
              24.2168864
            ],
            [
              76.2353046,
              24.2169486
            ],
            [
              76.235333,
              24.2169543
            ],
            [
              76.2359834,
              24.2175179
            ],
            [
              76.2365446,
              24.2180191
            ],
            [
              76.2372384,
              24.2184876
            ],
            [
              76.2378581,
              24.2187115
            ],
            [
              76.237935,
              24.2187393
            ],
            [
              76.2388125,
              24.218854
            ],
            [
              76.2399452,
              24.2188855
            ],
            [
              76.2406715,
              24.2188372
            ],
            [
              76.2413377,
              24.2187928
            ],
            [
              76.2419633,
              24.2187842
            ],
            [
              76.2421303,
              24.2187819
            ],
            [
              76.2422592,
              24.218742
            ],
            [
              76.2423336,
              24.218719
            ],
            [
              76.2426702,
              24.2186149
            ],
            [
              76.2432355,
              24.21852
            ],
            [
              76.2436474,
              24.218345
            ],
            [
              76.2438195,
              24.2182932
            ],
            [
              76.2440941,
              24.2182105
            ],
            [
              76.2446975,
              24.2180348
            ],
            [
              76.2450515,
              24.2179317
            ],
            [
              76.2454778,
              24.2177767
            ],
            [
              76.2458266,
              24.2176499
            ],
            [
              76.2462081,
              24.2174303
            ],
            [
              76.2465904,
              24.2172102
            ],
            [
              76.2469349,
              24.2169261
            ],
            [
              76.2472595,
              24.2166584
            ],
            [
              76.2479287,
              24.2161066
            ],
            [
              76.248554,
              24.2156047
            ],
            [
              76.2489888,
              24.215258
            ],
            [
              76.2490006,
              24.2152579
            ],
            [
              76.249998,
              24.2152497
            ],
            [
              76.2503437,
              24.215251
            ],
            [
              76.2507997,
              24.2149313
            ],
            [
              76.2510689,
              24.2147425
            ],
            [
              76.2514242,
              24.2145626
            ],
            [
              76.2519966,
              24.214325
            ],
            [
              76.2521077,
              24.2142789
            ],
            [
              76.2523376,
              24.2143647
            ],
            [
              76.2536737,
              24.2148632
            ],
            [
              76.2539442,
              24.2149314
            ],
            [
              76.254173,
              24.2149891
            ],
            [
              76.2542156,
              24.2149999
            ],
            [
              76.2549869,
              24.215258
            ],
            [
              76.2551699,
              24.2153193
            ],
            [
              76.25626,
              24.2150962
            ],
            [
              76.2564837,
              24.2150255
            ],
            [
              76.2571977,
              24.2148644
            ],
            [
              76.2572951,
              24.21484
            ],
            [
              76.2581256,
              24.2146323
            ],
            [
              76.258824,
              24.2141909
            ],
            [
              76.2592581,
              24.2140086
            ],
            [
              76.2613155,
              24.213401
            ],
            [
              76.2614711,
              24.2133477
            ],
            [
              76.2619873,
              24.2131709
            ],
            [
              76.2639546,
              24.2124525
            ],
            [
              76.2646425,
              24.2121868
            ],
            [
              76.2662031,
              24.2111052
            ],
            [
              76.2664976,
              24.2108288
            ],
            [
              76.2665138,
              24.2108171
            ],
            [
              76.2671476,
              24.2103589
            ],
            [
              76.2676514,
              24.2102545
            ],
            [
              76.2686171,
              24.2100542
            ],
            [
              76.2688224,
              24.2100117
            ],
            [
              76.2693495,
              24.2101478
            ],
            [
              76.2701023,
              24.2103614
            ],
            [
              76.2703347,
              24.2104273
            ],
            [
              76.2716476,
              24.2107699
            ],
            [
              76.2724698,
              24.210914
            ],
            [
              76.2727666,
              24.2109122
            ],
            [
              76.2742469,
              24.2109035
            ],
            [
              76.2755373,
              24.2108752
            ],
            [
              76.2758239,
              24.2107792
            ],
            [
              76.2767712,
              24.2104618
            ],
            [
              76.277786,
              24.2098212
            ],
            [
              76.2781496,
              24.2095736
            ],
            [
              76.2792905,
              24.2087966
            ],
            [
              76.2798157,
              24.2083229
            ],
            [
              76.2803449,
              24.2078455
            ],
            [
              76.2813644,
              24.2070561
            ],
            [
              76.2823209,
              24.2073077
            ],
            [
              76.2835522,
              24.2078665
            ],
            [
              76.2844359,
              24.2082676
            ],
            [
              76.2853989,
              24.209544
            ],
            [
              76.2853403,
              24.210514
            ],
            [
              76.285315,
              24.210932
            ],
            [
              76.2851876,
              24.2113755
            ],
            [
              76.285141,
              24.2125163
            ],
            [
              76.28511,
              24.213179
            ],
            [
              76.2855071,
              24.2138398
            ],
            [
              76.2860815,
              24.214943
            ],
            [
              76.2862627,
              24.2152911
            ],
            [
              76.2867159,
              24.216969
            ],
            [
              76.2869918,
              24.2183749
            ],
            [
              76.2870543,
              24.2186935
            ],
            [
              76.28714,
              24.2190885
            ],
            [
              76.2873295,
              24.2200868
            ],
            [
              76.2874012,
              24.2215331
            ],
            [
              76.2873868,
              24.222747
            ],
            [
              76.2872491,
              24.2235602
            ],
            [
              76.2871501,
              24.2241445
            ],
            [
              76.2869088,
              24.2255283
            ],
            [
              76.2869235,
              24.2260603
            ],
            [
              76.286952,
              24.2270959
            ],
            [
              76.286889,
              24.2277645
            ],
            [
              76.2868251,
              24.2284422
            ],
            [
              76.2873604,
              24.2298605
            ],
            [
              76.2898972,
              24.2299606
            ],
            [
              76.2901074,
              24.2300245
            ],
            [
              76.2926663,
              24.2308025
            ],
            [
              76.2941603,
              24.2313232
            ],
            [
              76.2956845,
              24.2318544
            ],
            [
              76.2974902,
              24.2326524
            ],
            [
              76.2977486,
              24.2330139
            ],
            [
              76.2978059,
              24.2330942
            ],
            [
              76.2978929,
              24.2331855
            ],
            [
              76.2984632,
              24.2337845
            ],
            [
              76.299009,
              24.2339526
            ],
            [
              76.299443,
              24.2340862
            ],
            [
              76.2998502,
              24.2344357
            ],
            [
              76.2999676,
              24.2345513
            ],
            [
              76.3001691,
              24.2347498
            ],
            [
              76.301344,
              24.2359068
            ],
            [
              76.3018603,
              24.2360787
            ],
            [
              76.3022476,
              24.2361782
            ],
            [
              76.3029048,
              24.236347
            ],
            [
              76.3039208,
              24.236608
            ],
            [
              76.3065381,
              24.2369673
            ],
            [
              76.3069691,
              24.2370376
            ],
            [
              76.30911,
              24.2373613
            ],
            [
              76.3099041,
              24.2374684
            ],
            [
              76.3108391,
              24.2376334
            ],
            [
              76.3114352,
              24.2380934
            ],
            [
              76.3118817,
              24.2384378
            ],
            [
              76.3127999,
              24.2391305
            ],
            [
              76.3135572,
              24.2399272
            ],
            [
              76.3150165,
              24.2415643
            ],
            [
              76.3159087,
              24.2423523
            ],
            [
              76.316587,
              24.2429515
            ],
            [
              76.3175519,
              24.2437267
            ],
            [
              76.3191126,
              24.2448067
            ],
            [
              76.3211443,
              24.2453215
            ],
            [
              76.3217043,
              24.2453591
            ],
            [
              76.3219886,
              24.2453982
            ],
            [
              76.3222084,
              24.245433
            ],
            [
              76.3229145,
              24.2455449
            ],
            [
              76.324333,
              24.2455241
            ],
            [
              76.3252109,
              24.2454753
            ],
            [
              76.3267305,
              24.2452318
            ],
            [
              76.3268042,
              24.2452199
            ],
            [
              76.3275999,
              24.2451238
            ],
            [
              76.3285936,
              24.2449924
            ],
            [
              76.3291121,
              24.2449424
            ],
            [
              76.329438,
              24.244911
            ],
            [
              76.3298226,
              24.2448942
            ],
            [
              76.3320372,
              24.2447637
            ],
            [
              76.3323195,
              24.2447125
            ],
            [
              76.3331297,
              24.2446213
            ],
            [
              76.3346013,
              24.2446471
            ],
            [
              76.3346108,
              24.2446472
            ],
            [
              76.3346301,
              24.2446436
            ],
            [
              76.3349079,
              24.244592
            ],
            [
              76.335015,
              24.2445978
            ],
            [
              76.3353874,
              24.2446179
            ],
            [
              76.3353994,
              24.2446185
            ],
            [
              76.3367574,
              24.2444877
            ],
            [
              76.337202,
              24.2444409
            ],
            [
              76.3374685,
              24.2444208
            ],
            [
              76.3383042,
              24.2443032
            ],
            [
              76.3398809,
              24.244106
            ],
            [
              76.3402049,
              24.2438626
            ],
            [
              76.3405718,
              24.2435871
            ],
            [
              76.342007,
              24.2428513
            ],
            [
              76.3424383,
              24.2426302
            ],
            [
              76.3432153,
              24.2423483
            ],
            [
              76.3437078,
              24.2423447
            ],
            [
              76.3442923,
              24.2423404
            ],
            [
              76.3449436,
              24.2423356
            ],
            [
              76.3467892,
              24.242353
            ],
            [
              76.3468156,
              24.2423308
            ],
            [
              76.3473759,
              24.2418585
            ],
            [
              76.3484196,
              24.2407662
            ],
            [
              76.3485622,
              24.2406171
            ],
            [
              76.3497623,
              24.2404954
            ],
            [
              76.3510636,
              24.240306
            ],
            [
              76.3511107,
              24.2402992
            ],
            [
              76.3521758,
              24.2401441
            ],
            [
              76.3525054,
              24.2401483
            ],
            [
              76.3528361,
              24.240121
            ],
            [
              76.3548297,
              24.2399707
            ],
            [
              76.3550421,
              24.2399493
            ],
            [
              76.355309,
              24.2399469
            ],
            [
              76.3556774,
              24.2399436
            ],
            [
              76.3562948,
              24.2398635
            ],
            [
              76.3572097,
              24.2397448
            ],
            [
              76.3574078,
              24.2390821
            ],
            [
              76.3578491,
              24.2375725
            ],
            [
              76.357847,
              24.2371707
            ],
            [
              76.3579805,
              24.2363708
            ],
            [
              76.3583398,
              24.2354368
            ],
            [
              76.3590589,
              24.2352663
            ],
            [
              76.3596536,
              24.2351375
            ],
            [
              76.3612304,
              24.2339967
            ],
            [
              76.3635415,
              24.2326674
            ],
            [
              76.3660755,
              24.2312944
            ],
            [
              76.368379,
              24.2300462
            ],
            [
              76.3704897,
              24.2288244
            ],
            [
              76.3710287,
              24.2285904
            ],
            [
              76.3715667,
              24.2283772
            ],
            [
              76.3726118,
              24.2279631
            ],
            [
              76.3728978,
              24.2278498
            ],
            [
              76.3732747,
              24.2275614
            ],
            [
              76.3748143,
              24.2263836
            ],
            [
              76.3770993,
              24.2249316
            ],
            [
              76.3789933,
              24.2237086
            ],
            [
              76.3802856,
              24.2229932
            ],
            [
              76.3815318,
              24.221392
            ],
            [
              76.3819083,
              24.2210002
            ],
            [
              76.383875,
              24.220298
            ],
            [
              76.3840985,
              24.2202182
            ],
            [
              76.3841038,
              24.2202156
            ],
            [
              76.3844282,
              24.2200598
            ],
            [
              76.3845583,
              24.2200236
            ],
            [
              76.3868016,
              24.2193999
            ],
            [
              76.3874869,
              24.2192058
            ],
            [
              76.3892802,
              24.2186797
            ],
            [
              76.3899315,
              24.218313
            ],
            [
              76.3915257,
              24.2173798
            ],
            [
              76.3923767,
              24.2169237
            ],
            [
              76.3935206,
              24.2166496
            ],
            [
              76.3939387,
              24.2165494
            ],
            [
              76.3950463,
              24.2163593
            ],
            [
              76.395135,
              24.2163442
            ],
            [
              76.3963585,
              24.2161343
            ],
            [
              76.3968323,
              24.2160926
            ],
            [
              76.3989262,
              24.2157051
            ],
            [
              76.3992763,
              24.2156872
            ],
            [
              76.4000938,
              24.2155145
            ],
            [
              76.4015828,
              24.2152736
            ],
            [
              76.4018106,
              24.2147513
            ],
            [
              76.4025315,
              24.2135695
            ],
            [
              76.4025472,
              24.2135326
            ],
            [
              76.4031422,
              24.2121321
            ],
            [
              76.4038788,
              24.210761
            ],
            [
              76.4052024,
              24.2085523
            ],
            [
              76.4062179,
              24.2069131
            ],
            [
              76.4070787,
              24.2053422
            ],
            [
              76.407962,
              24.2035237
            ],
            [
              76.409185,
              24.2018584
            ],
            [
              76.4101178,
              24.2008175
            ],
            [
              76.4101566,
              24.2008089
            ],
            [
              76.4110642,
              24.2006075
            ],
            [
              76.4116826,
              24.2005062
            ],
            [
              76.4116907,
              24.2005064
            ],
            [
              76.4137084,
              24.2005591
            ],
            [
              76.4148034,
              24.2006373
            ],
            [
              76.415792,
              24.201769
            ],
            [
              76.4171907,
              24.2033221
            ],
            [
              76.418249,
              24.2045864
            ],
            [
              76.4192601,
              24.2057734
            ],
            [
              76.4193697,
              24.205902
            ],
            [
              76.4194017,
              24.2059626
            ],
            [
              76.4198625,
              24.2068357
            ],
            [
              76.4203011,
              24.2077724
            ],
            [
              76.4205694,
              24.2086416
            ],
            [
              76.4204564,
              24.2086997
            ],
            [
              76.4194493,
              24.2092173
            ],
            [
              76.418294,
              24.2096603
            ],
            [
              76.4182589,
              24.2096738
            ],
            [
              76.4182015,
              24.2097014
            ],
            [
              76.4174483,
              24.2100641
            ],
            [
              76.4170049,
              24.2102776
            ],
            [
              76.4167822,
              24.2104988
            ],
            [
              76.416624,
              24.2106559
            ],
            [
              76.4164175,
              24.2109665
            ],
            [
              76.4164186,
              24.2109923
            ],
            [
              76.4164365,
              24.2114026
            ],
            [
              76.4164405,
              24.2114951
            ],
            [
              76.4165399,
              24.2121026
            ],
            [
              76.416657,
              24.2126339
            ],
            [
              76.416734,
              24.2129834
            ],
            [
              76.4167518,
              24.2131634
            ],
            [
              76.4168127,
              24.2137798
            ],
            [
              76.4167858,
              24.2144923
            ],
            [
              76.4165072,
              24.2158573
            ],
            [
              76.4164115,
              24.2164055
            ],
            [
              76.4162272,
              24.2174299
            ],
            [
              76.4161443,
              24.218836
            ],
            [
              76.4161966,
              24.2194285
            ],
            [
              76.4162062,
              24.2195373
            ],
            [
              76.4162153,
              24.220519
            ],
            [
              76.4162164,
              24.2206344
            ],
            [
              76.416354,
              24.2206414
            ],
            [
              76.4165752,
              24.2206528
            ],
            [
              76.4184498,
              24.2205166
            ],
            [
              76.418707,
              24.2204781
            ],
            [
              76.418919,
              24.2204587
            ],
            [
              76.421012,
              24.2202673
            ],
            [
              76.4215653,
              24.2202049
            ],
            [
              76.4234706,
              24.2201868
            ],
            [
              76.4238284,
              24.2202367
            ],
            [
              76.4258769,
              24.2205202
            ],
            [
              76.4266906,
              24.2206316
            ],
            [
              76.4282884,
              24.2208537
            ],
            [
              76.4290479,
              24.2209637
            ],
            [
              76.4296579,
              24.2211442
            ],
            [
              76.4302185,
              24.22131
            ],
            [
              76.4302805,
              24.2212835
            ],
            [
              76.4307272,
              24.221093
            ],
            [
              76.4327659,
              24.2198475
            ],
            [
              76.4332504,
              24.2195515
            ],
            [
              76.4336016,
              24.2192507
            ],
            [
              76.4337596,
              24.2191154
            ],
            [
              76.4341149,
              24.2188111
            ],
            [
              76.4346509,
              24.2185014
            ],
            [
              76.4359239,
              24.2177656
            ],
            [
              76.4375753,
              24.216725
            ],
            [
              76.4385238,
              24.2161313
            ],
            [
              76.4385665,
              24.2161018
            ],
            [
              76.4394793,
              24.2154698
            ],
            [
              76.440329,
              24.214887
            ],
            [
              76.4411923,
              24.2144698
            ],
            [
              76.442882,
              24.2136531
            ],
            [
              76.4443839,
              24.2129384
            ],
            [
              76.4453743,
              24.2124672
            ],
            [
              76.445478,
              24.212435
            ],
            [
              76.4466365,
              24.2120755
            ],
            [
              76.4479741,
              24.2111486
            ],
            [
              76.4492362,
              24.2102739
            ],
            [
              76.4506272,
              24.2093709
            ],
            [
              76.4507791,
              24.2093702
            ],
            [
              76.4522663,
              24.2093635
            ],
            [
              76.4525394,
              24.2098722
            ],
            [
              76.4525736,
              24.2099357
            ],
            [
              76.4543987,
              24.2109216
            ],
            [
              76.455528,
              24.2122959
            ],
            [
              76.4566524,
              24.2136655
            ],
            [
              76.4577598,
              24.2151113
            ],
            [
              76.4591796,
              24.2168044
            ],
            [
              76.4593604,
              24.2170358
            ],
            [
              76.4596153,
              24.2173618
            ],
            [
              76.4605201,
              24.2185136
            ],
            [
              76.4608158,
              24.2189393
            ],
            [
              76.4609256,
              24.2190973
            ],
            [
              76.4611038,
              24.2195494
            ],
            [
              76.4613733,
              24.2202328
            ],
            [
              76.4615868,
              24.2208658
            ],
            [
              76.4616621,
              24.2210888
            ],
            [
              76.4620684,
              24.2221239
            ],
            [
              76.4627242,
              24.2232151
            ],
            [
              76.463069,
              24.2235264
            ],
            [
              76.4655865,
              24.2252251
            ],
            [
              76.4657499,
              24.2252819
            ],
            [
              76.4680169,
              24.2260684
            ],
            [
              76.4686667,
              24.2260626
            ],
            [
              76.4705099,
              24.2261504
            ],
            [
              76.4705184,
              24.2259857
            ],
            [
              76.4705342,
              24.2256771
            ],
            [
              76.4704635,
              24.2242851
            ],
            [
              76.4704788,
              24.2229764
            ],
            [
              76.4705759,
              24.2229514
            ],
            [
              76.4709353,
              24.2228589
            ],
            [
              76.4715156,
              24.2227097
            ],
            [
              76.4722939,
              24.2225265
            ],
            [
              76.4740275,
              24.2221692
            ],
            [
              76.4744635,
              24.2209481
            ],
            [
              76.4749077,
              24.2196143
            ],
            [
              76.4755386,
              24.218132
            ],
            [
              76.4762527,
              24.2168232
            ],
            [
              76.4767747,
              24.215523
            ],
            [
              76.4768002,
              24.2154253
            ],
            [
              76.4769585,
              24.2148191
            ],
            [
              76.4773685,
              24.2138004
            ],
            [
              76.4780766,
              24.2123651
            ],
            [
              76.4784032,
              24.2117763
            ],
            [
              76.4788369,
              24.2109943
            ],
            [
              76.4790803,
              24.2104921
            ],
            [
              76.4793253,
              24.2099867
            ],
            [
              76.4794786,
              24.2096386
            ],
            [
              76.479802,
              24.2090374
            ],
            [
              76.480343,
              24.2083363
            ],
            [
              76.4805398,
              24.2080813
            ],
            [
              76.4813661,
              24.2079355
            ],
            [
              76.4820621,
              24.2078675
            ],
            [
              76.4838648,
              24.2076563
            ],
            [
              76.4839934,
              24.2076222
            ],
            [
              76.4841129,
              24.2075904
            ],
            [
              76.4852256,
              24.2074113
            ],
            [
              76.4865105,
              24.2072365
            ],
            [
              76.486949,
              24.2071838
            ],
            [
              76.4871921,
              24.2071546
            ],
            [
              76.4890351,
              24.2069127
            ],
            [
              76.4905641,
              24.2064778
            ],
            [
              76.4935354,
              24.2058675
            ],
            [
              76.4947679,
              24.2056326
            ],
            [
              76.4957986,
              24.2054016
            ],
            [
              76.4962576,
              24.2053672
            ],
            [
              76.4968083,
              24.2053261
            ],
            [
              76.4968787,
              24.2053208
            ],
            [
              76.4969239,
              24.2053365
            ],
            [
              76.4988078,
              24.205991
            ],
            [
              76.4988414,
              24.2060027
            ],
            [
              76.4994225,
              24.2060634
            ],
            [
              76.4994693,
              24.2060683
            ],
            [
              76.49948,
              24.2060647
            ],
            [
              76.4999997,
              24.2058904
            ],
            [
              76.5008722,
              24.205642
            ],
            [
              76.5013132,
              24.2054987
            ],
            [
              76.5015244,
              24.205415
            ],
            [
              76.5019808,
              24.2052342
            ],
            [
              76.502957,
              24.2045293
            ],
            [
              76.504535,
              24.203087
            ],
            [
              76.5055345,
              24.201849
            ],
            [
              76.5060342,
              24.2010079
            ],
            [
              76.5063392,
              24.2002133
            ],
            [
              76.5064801,
              24.1998462
            ],
            [
              76.506938,
              24.1983273
            ],
            [
              76.5069932,
              24.1981444
            ],
            [
              76.5071252,
              24.1977247
            ],
            [
              76.5079191,
              24.1963858
            ],
            [
              76.5079843,
              24.1962759
            ],
            [
              76.5080122,
              24.1961731
            ],
            [
              76.508357,
              24.1949042
            ],
            [
              76.5085353,
              24.1942642
            ],
            [
              76.5087254,
              24.1935822
            ],
            [
              76.5088074,
              24.1923352
            ],
            [
              76.5088109,
              24.1922813
            ],
            [
              76.5088135,
              24.192243
            ],
            [
              76.5089174,
              24.1906636
            ],
            [
              76.5091517,
              24.1871441
            ],
            [
              76.509274,
              24.1849937
            ],
            [
              76.509434,
              24.1831139
            ],
            [
              76.5094372,
              24.1821341
            ],
            [
              76.5098999,
              24.1792129
            ],
            [
              76.5099936,
              24.1788101
            ],
            [
              76.5105605,
              24.1763887
            ],
            [
              76.5108625,
              24.175099
            ],
            [
              76.5109027,
              24.1749272
            ],
            [
              76.5110193,
              24.1743149
            ],
            [
              76.5110782,
              24.1740054
            ],
            [
              76.5112318,
              24.1731993
            ],
            [
              76.5116512,
              24.1707886
            ],
            [
              76.5117887,
              24.1699249
            ],
            [
              76.5120666,
              24.1689785
            ],
            [
              76.5121943,
              24.1685438
            ],
            [
              76.5124416,
              24.1677015
            ],
            [
              76.5129305,
              24.1665905
            ],
            [
              76.5134607,
              24.1656139
            ],
            [
              76.5135273,
              24.1654911
            ],
            [
              76.5146259,
              24.1634674
            ],
            [
              76.5153689,
              24.1626338
            ],
            [
              76.5168044,
              24.1616759
            ],
            [
              76.5192971,
              24.159827
            ],
            [
              76.520668,
              24.1588245
            ],
            [
              76.5224088,
              24.1570734
            ],
            [
              76.5248209,
              24.1567378
            ],
            [
              76.5265862,
              24.1566299
            ],
            [
              76.5274239,
              24.1567343
            ],
            [
              76.5281892,
              24.1569479
            ],
            [
              76.5292086,
              24.1574343
            ],
            [
              76.5325981,
              24.1581859
            ],
            [
              76.5340844,
              24.158618
            ],
            [
              76.5372509,
              24.1595078
            ],
            [
              76.5372641,
              24.1595115
            ],
            [
              76.5381409,
              24.1599993
            ],
            [
              76.5395609,
              24.1606397
            ],
            [
              76.5406715,
              24.1613373
            ],
            [
              76.5419958,
              24.1617935
            ],
            [
              76.5437638,
              24.1623264
            ],
            [
              76.5444693,
              24.1627284
            ],
            [
              76.5446405,
              24.1628259
            ],
            [
              76.5446904,
              24.1628543
            ],
            [
              76.5455075,
              24.1628572
            ],
            [
              76.5456141,
              24.1628576
            ],
            [
              76.5456795,
              24.1628578
            ],
            [
              76.5484772,
              24.1626624
            ],
            [
              76.5508228,
              24.1629366
            ],
            [
              76.5519539,
              24.1632817
            ],
            [
              76.5533496,
              24.1639448
            ],
            [
              76.5535044,
              24.164106
            ],
            [
              76.5538779,
              24.1644948
            ],
            [
              76.5557856,
              24.1663942
            ],
            [
              76.5578331,
              24.1680483
            ],
            [
              76.5599402,
              24.1701397
            ],
            [
              76.5606843,
              24.1713136
            ],
            [
              76.5609032,
              24.1716588
            ],
            [
              76.5609838,
              24.171786
            ],
            [
              76.561795,
              24.1733399
            ],
            [
              76.5638621,
              24.1737567
            ],
            [
              76.5653176,
              24.1740578
            ],
            [
              76.5661785,
              24.1744417
            ],
            [
              76.5672903,
              24.1752114
            ],
            [
              76.5682682,
              24.1758966
            ],
            [
              76.5688912,
              24.1766421
            ],
            [
              76.5690062,
              24.1767797
            ],
            [
              76.5690365,
              24.1768161
            ],
            [
              76.5691922,
              24.1770023
            ],
            [
              76.5698721,
              24.1779887
            ],
            [
              76.5698936,
              24.1780199
            ],
            [
              76.5699185,
              24.1772341
            ],
            [
              76.5697652,
              24.1760528
            ],
            [
              76.5697283,
              24.1757687
            ],
            [
              76.5698593,
              24.175556
            ],
            [
              76.5700082,
              24.1753143
            ],
            [
              76.5704952,
              24.174894
            ],
            [
              76.5711473,
              24.1747021
            ],
            [
              76.5721704,
              24.1747394
            ],
            [
              76.5722108,
              24.1747408
            ],
            [
              76.5722339,
              24.1747493
            ],
            [
              76.5726493,
              24.1749014
            ],
            [
              76.5746172,
              24.1756219
            ],
            [
              76.5748853,
              24.17572
            ],
            [
              76.5753059,
              24.1759098
            ],
            [
              76.5760982,
              24.1767053
            ],
            [
              76.5766673,
              24.1775948
            ],
            [
              76.5767411,
              24.1777845
            ],
            [
              76.576777,
              24.1778767
            ],
            [
              76.5768429,
              24.1779536
            ],
            [
              76.5772064,
              24.1783779
            ],
            [
              76.5772402,
              24.178427
            ],
            [
              76.5777275,
              24.1791744
            ],
            [
              76.5777532,
              24.1792256
            ],
            [
              76.577773,
              24.1793154
            ],
            [
              76.5778256,
              24.1799066
            ],
            [
              76.57735,
              24.1808551
            ],
            [
              76.5768949,
              24.18167
            ],
            [
              76.5764447,
              24.1824763
            ],
            [
              76.5757866,
              24.1839206
            ],
            [
              76.5756779,
              24.1841592
            ],
            [
              76.5754911,
              24.1846042
            ],
            [
              76.5746689,
              24.1865625
            ],
            [
              76.5745056,
              24.1866597
            ],
            [
              76.5725868,
              24.1878005
            ],
            [
              76.5724897,
              24.1878582
            ],
            [
              76.5699354,
              24.1890765
            ],
            [
              76.5695977,
              24.189192
            ],
            [
              76.5692002,
              24.1893279
            ],
            [
              76.5670837,
              24.1905235
            ],
            [
              76.5642735,
              24.1909452
            ],
            [
              76.564318,
              24.1911912
            ],
            [
              76.5647715,
              24.1936972
            ],
            [
              76.5650018,
              24.1949695
            ],
            [
              76.5650071,
              24.1949966
            ],
            [
              76.5651443,
              24.1957734
            ],
            [
              76.5651551,
              24.1958348
            ],
            [
              76.5651769,
              24.1961357
            ],
            [
              76.565238,
              24.1969808
            ],
            [
              76.5654145,
              24.1977284
            ],
            [
              76.5654901,
              24.1990821
            ],
            [
              76.5655164,
              24.1996191
            ],
            [
              76.5656498,
              24.2004665
            ],
            [
              76.5660483,
              24.2012571
            ],
            [
              76.566154,
              24.2014927
            ],
            [
              76.5663165,
              24.2018548
            ],
            [
              76.5663134,
              24.2024102
            ],
            [
              76.5663437,
              24.202539
            ],
            [
              76.5663583,
              24.2026011
            ],
            [
              76.5664393,
              24.2029461
            ],
            [
              76.566452,
              24.2030003
            ],
            [
              76.5665419,
              24.203383
            ],
            [
              76.5669483,
              24.2039586
            ],
            [
              76.567053,
              24.204107
            ],
            [
              76.5671108,
              24.204154
            ],
            [
              76.5671218,
              24.204162
            ],
            [
              76.5671345,
              24.2041706
            ],
            [
              76.5671441,
              24.2041759
            ],
            [
              76.5672255,
              24.204231
            ],
            [
              76.5673203,
              24.2042719
            ],
            [
              76.5674902,
              24.2043285
            ],
            [
              76.5675846,
              24.2043495
            ],
            [
              76.5676831,
              24.2043632
            ],
            [
              76.5683443,
              24.2044549
            ],
            [
              76.5684388,
              24.2044944
            ],
            [
              76.568506,
              24.2045381
            ],
            [
              76.5685572,
              24.204576
            ],
            [
              76.5686097,
              24.2046293
            ],
            [
              76.5687613,
              24.2048296
            ],
            [
              76.5688722,
              24.2050275
            ],
            [
              76.5689981,
              24.2052657
            ],
            [
              76.5691432,
              24.2055595
            ],
            [
              76.5692053,
              24.2057288
            ],
            [
              76.5692091,
              24.2058521
            ],
            [
              76.5692055,
              24.2058859
            ],
            [
              76.5692027,
              24.2059023
            ],
            [
              76.5692037,
              24.205915
            ],
            [
              76.5692023,
              24.2059294
            ],
            [
              76.5691486,
              24.2062828
            ],
            [
              76.5691477,
              24.2063873
            ],
            [
              76.5691473,
              24.206428
            ],
            [
              76.5691631,
              24.2065384
            ],
            [
              76.5691899,
              24.206598
            ],
            [
              76.5692022,
              24.2066177
            ],
            [
              76.569276,
              24.206713
            ],
            [
              76.5698033,
              24.2071392
            ],
            [
              76.5698122,
              24.2071464
            ],
            [
              76.5698334,
              24.2071611
            ],
            [
              76.5701323,
              24.2073233
            ],
            [
              76.5702053,
              24.2073731
            ],
            [
              76.5702203,
              24.2073892
            ],
            [
              76.570234,
              24.2074147
            ],
            [
              76.5702519,
              24.2074761
            ],
            [
              76.5702548,
              24.2075549
            ],
            [
              76.5702529,
              24.2079811
            ],
            [
              76.5701885,
              24.2088028
            ],
            [
              76.5701898,
              24.2088398
            ],
            [
              76.5701912,
              24.2088775
            ],
            [
              76.570198,
              24.2089077
            ],
            [
              76.5702178,
              24.2089481
            ],
            [
              76.5702511,
              24.2089885
            ],
            [
              76.5702593,
              24.2089957
            ],
            [
              76.5703057,
              24.2090367
            ],
            [
              76.5704031,
              24.2090939
            ],
            [
              76.57058,
              24.2091919
            ],
            [
              76.5708914,
              24.2093326
            ],
            [
              76.5709669,
              24.2093646
            ],
            [
              76.5710361,
              24.2093893
            ],
            [
              76.5714612,
              24.2095318
            ],
            [
              76.5718251,
              24.2096364
            ],
            [
              76.5719351,
              24.2096573
            ],
            [
              76.57201,
              24.2096632
            ],
            [
              76.5720758,
              24.2096656
            ],
            [
              76.5727667,
              24.2096352
            ],
            [
              76.5733123,
              24.2096484
            ],
            [
              76.5733616,
              24.2096518
            ],
            [
              76.5734048,
              24.2096579
            ],
            [
              76.5734711,
              24.2096694
            ],
            [
              76.5735751,
              24.2096961
            ],
            [
              76.5736835,
              24.2097355
            ],
            [
              76.5746065,
              24.2101127
            ],
            [
              76.5747524,
              24.2101836
            ],
            [
              76.5749054,
              24.2102724
            ],
            [
              76.5755136,
              24.2106257
            ],
            [
              76.575745,
              24.2107601
            ],
            [
              76.5760548,
              24.2109501
            ],
            [
              76.5760651,
              24.2109569
            ],
            [
              76.5760717,
              24.2109613
            ],
            [
              76.5761005,
              24.210974
            ],
            [
              76.5765513,
              24.2111582
            ],
            [
              76.5765847,
              24.2111739
            ],
            [
              76.5772448,
              24.2115122
            ],
            [
              76.5775665,
              24.2116909
            ],
            [
              76.5775874,
              24.2116999
            ],
            [
              76.577661,
              24.2117246
            ],
            [
              76.5776905,
              24.2117335
            ],
            [
              76.577741,
              24.211746
            ],
            [
              76.5777918,
              24.2117561
            ],
            [
              76.5779519,
              24.2117821
            ],
            [
              76.5779745,
              24.2117842
            ],
            [
              76.5780205,
              24.2117851
            ],
            [
              76.5780517,
              24.2117853
            ],
            [
              76.5780703,
              24.2117836
            ],
            [
              76.5780833,
              24.211781
            ],
            [
              76.578146,
              24.2117603
            ],
            [
              76.5786263,
              24.2115455
            ],
            [
              76.5786972,
              24.2115243
            ],
            [
              76.5787761,
              24.2115085
            ],
            [
              76.5788028,
              24.211504
            ],
            [
              76.5798144,
              24.211385
            ],
            [
              76.5798474,
              24.2113814
            ],
            [
              76.5798921,
              24.2113797
            ],
            [
              76.5800425,
              24.2113767
            ],
            [
              76.580969,
              24.2113768
            ],
            [
              76.5811617,
              24.2113768
            ],
            [
              76.581373,
              24.2113475
            ],
            [
              76.5814628,
              24.2113417
            ],
            [
              76.5815259,
              24.2113376
            ],
            [
              76.5817976,
              24.211315
            ],
            [
              76.5818667,
              24.2113143
            ],
            [
              76.5819488,
              24.2113253
            ],
            [
              76.5819966,
              24.2113407
            ],
            [
              76.5820427,
              24.2113677
            ],
            [
              76.5820557,
              24.2113793
            ],
            [
              76.5820721,
              24.2113969
            ],
            [
              76.5820896,
              24.2114176
            ],
            [
              76.5821321,
              24.2114781
            ],
            [
              76.5821678,
              24.2115729
            ],
            [
              76.5821996,
              24.2116954
            ],
            [
              76.5822939,
              24.2121732
            ],
            [
              76.5824756,
              24.2133362
            ],
            [
              76.582517,
              24.2139796
            ],
            [
              76.5825294,
              24.2141031
            ],
            [
              76.582581,
              24.2142643
            ],
            [
              76.582666,
              24.2144974
            ],
            [
              76.582755,
              24.2147146
            ],
            [
              76.5831061,
              24.2153568
            ],
            [
              76.583331,
              24.2160236
            ],
            [
              76.5834081,
              24.2162521
            ],
            [
              76.5834127,
              24.2162656
            ],
            [
              76.5835118,
              24.2162665
            ],
            [
              76.5866671,
              24.2162949
            ],
            [
              76.5868574,
              24.2163471
            ],
            [
              76.5873339,
              24.2164776
            ],
            [
              76.5877895,
              24.2165587
            ],
            [
              76.5884835,
              24.2166823
            ],
            [
              76.5891351,
              24.2169098
            ],
            [
              76.5894378,
              24.2170155
            ],
            [
              76.5898216,
              24.217326
            ],
            [
              76.5901945,
              24.2176276
            ],
            [
              76.5910689,
              24.2183349
            ],
            [
              76.5922611,
              24.2197139
            ],
            [
              76.5935458,
              24.2211998
            ],
            [
              76.5936762,
              24.2213506
            ],
            [
              76.5950062,
              24.2230351
            ],
            [
              76.5952318,
              24.2233208
            ],
            [
              76.5953097,
              24.2240379
            ],
            [
              76.5952953,
              24.2243939
            ],
            [
              76.5952332,
              24.2259342
            ],
            [
              76.5952232,
              24.2261833
            ],
            [
              76.5951007,
              24.2270244
            ],
            [
              76.5950197,
              24.2271874
            ],
            [
              76.5944534,
              24.2283269
            ],
            [
              76.5943947,
              24.2284449
            ],
            [
              76.5933282,
              24.2301762
            ],
            [
              76.5928074,
              24.2306558
            ],
            [
              76.591777,
              24.2312828
            ],
            [
              76.5915467,
              24.2314229
            ],
            [
              76.5898266,
              24.2328676
            ],
            [
              76.5893252,
              24.2332516
            ],
            [
              76.5885,
              24.2338837
            ],
            [
              76.587836,
              24.2347259
            ],
            [
              76.5875954,
              24.2353687
            ],
            [
              76.5871004,
              24.2366915
            ],
            [
              76.5867589,
              24.2376041
            ],
            [
              76.5860215,
              24.2388895
            ],
            [
              76.5848503,
              24.2406078
            ],
            [
              76.5842177,
              24.2415359
            ],
            [
              76.5840204,
              24.2419259
            ],
            [
              76.5836521,
              24.2426538
            ],
            [
              76.5836116,
              24.242734
            ],
            [
              76.5835448,
              24.2428658
            ],
            [
              76.5859584,
              24.2443781
            ],
            [
              76.5860497,
              24.2444353
            ],
            [
              76.5860608,
              24.2444423
            ],
            [
              76.5898687,
              24.2441813
            ],
            [
              76.5907003,
              24.2441365
            ],
            [
              76.5926812,
              24.2440567
            ],
            [
              76.5938796,
              24.2440085
            ],
            [
              76.5956031,
              24.244022
            ],
            [
              76.597478,
              24.2435373
            ],
            [
              76.5989001,
              24.2430663
            ],
            [
              76.5993625,
              24.2429714
            ],
            [
              76.59955,
              24.2429263
            ],
            [
              76.6012665,
              24.2425132
            ],
            [
              76.6021741,
              24.2422463
            ],
            [
              76.6044357,
              24.2415904
            ],
            [
              76.6056098,
              24.2413749
            ],
            [
              76.6056389,
              24.2413384
            ],
            [
              76.606207,
              24.2407004
            ],
            [
              76.6066968,
              24.2401871
            ],
            [
              76.6074171,
              24.2394325
            ],
            [
              76.6080963,
              24.2390235
            ],
            [
              76.6081158,
              24.2390199
            ],
            [
              76.6101841,
              24.2386402
            ],
            [
              76.6111985,
              24.238652
            ],
            [
              76.6116703,
              24.240927
            ],
            [
              76.6117173,
              24.2411342
            ],
            [
              76.6119157,
              24.2420306
            ],
            [
              76.6120527,
              24.242747
            ],
            [
              76.612595,
              24.2451476
            ],
            [
              76.6128216,
              24.2463191
            ],
            [
              76.6128463,
              24.2467206
            ],
            [
              76.6131135,
              24.2476027
            ],
            [
              76.6135164,
              24.2490928
            ],
            [
              76.6138562,
              24.2500015
            ],
            [
              76.6141188,
              24.2504663
            ],
            [
              76.6141407,
              24.2505052
            ],
            [
              76.6141422,
              24.2505346
            ],
            [
              76.6141899,
              24.2514667
            ],
            [
              76.6145507,
              24.2527711
            ],
            [
              76.6147855,
              24.2536201
            ],
            [
              76.6155583,
              24.2555973
            ],
            [
              76.6161491,
              24.2565453
            ],
            [
              76.6163165,
              24.2567725
            ],
            [
              76.6163166,
              24.2570193
            ],
            [
              76.6167104,
              24.2570193
            ],
            [
              76.6167104,
              24.2569189
            ],
            [
              76.6168187,
              24.256938
            ],
            [
              76.6170009,
              24.2570103
            ],
            [
              76.6171044,
              24.2571051
            ],
            [
              76.6171781,
              24.2572676
            ],
            [
              76.6171781,
              24.2576017
            ],
            [
              76.6172077,
              24.2578861
            ],
            [
              76.6172291,
              24.2579496
            ],
            [
              76.6173111,
              24.2581931
            ],
            [
              76.6173849,
              24.2584503
            ],
            [
              76.6174883,
              24.25864
            ],
            [
              76.6176458,
              24.2588295
            ],
            [
              76.6178773,
              24.2589018
            ],
            [
              76.618084,
              24.2589244
            ],
            [
              76.6182859,
              24.2588296
            ],
            [
              76.6184681,
              24.2587619
            ],
            [
              76.6185961,
              24.2587348
            ],
            [
              76.6187783,
              24.2587348
            ],
            [
              76.6190885,
              24.258807
            ],
            [
              76.6193446,
              24.2589018
            ],
            [
              76.6194725,
              24.2589018
            ],
            [
              76.6196794,
              24.2589019
            ],
            [
              76.619837,
              24.2588568
            ],
            [
              76.6199649,
              24.2587349
            ],
            [
              76.6201176,
              24.2585452
            ],
            [
              76.6202456,
              24.2583331
            ],
            [
              76.6202535,
              24.2583169
            ],
            [
              76.620349,
              24.2581209
            ],
            [
              76.6205804,
              24.2579314
            ],
            [
              76.6208414,
              24.257814
            ],
            [
              76.6211221,
              24.2576244
            ],
            [
              76.6212622,
              24.2575892
            ],
            [
              76.6215899,
              24.257507
            ],
            [
              76.6223383,
              24.2573536
            ],
            [
              76.6225697,
              24.2573536
            ],
            [
              76.6226731,
              24.2573806
            ],
            [
              76.6227518,
              24.2575206
            ],
            [
              76.6228011,
              24.2577599
            ],
            [
              76.6228799,
              24.2580668
            ],
            [
              76.6229832,
              24.2583242
            ],
            [
              76.6231901,
              24.2586734
            ],
            [
              76.6232639,
              24.2587981
            ],
            [
              76.6235742,
              24.2590373
            ],
            [
              76.6238597,
              24.2591547
            ],
            [
              76.6241157,
              24.2592269
            ],
            [
              76.6244013,
              24.2592947
            ],
            [
              76.6246033,
              24.2593218
            ],
            [
              76.6248395,
              24.2593444
            ],
            [
              76.6251202,
              24.2593669
            ],
            [
              76.6254551,
              24.259412
            ],
            [
              76.6258687,
              24.2595565
            ],
            [
              76.6261247,
              24.2596964
            ],
            [
              76.6262925,
              24.2597954
            ],
            [
              76.6263315,
              24.2598184
            ],
            [
              76.6265925,
              24.2599131
            ],
            [
              76.6267943,
              24.2600079
            ],
            [
              76.6272325,
              24.2600711
            ],
            [
              76.6279268,
              24.2602833
            ],
            [
              76.6282371,
              24.2604232
            ],
            [
              76.6285473,
              24.2605677
            ],
            [
              76.6288329,
              24.2606353
            ],
            [
              76.6290347,
              24.260685
            ],
            [
              76.6291923,
              24.2607076
            ],
            [
              76.6295025,
              24.2607302
            ],
            [
              76.6299408,
              24.2608023
            ],
            [
              76.6301721,
              24.2608249
            ],
            [
              76.6304824,
              24.2608248
            ],
            [
              76.6309944,
              24.2608249
            ],
            [
              76.6313047,
              24.2608249
            ],
            [
              76.6316148,
              24.2608022
            ],
            [
              76.6319989,
              24.2607797
            ],
            [
              76.6324125,
              24.2607481
            ],
            [
              76.6325652,
              24.2606984
            ],
            [
              76.6327966,
              24.2606261
            ],
            [
              76.6330526,
              24.2603733
            ],
            [
              76.6331166,
              24.2603011
            ],
            [
              76.6332594,
              24.2602515
            ],
            [
              76.6334022,
              24.2602289
            ],
            [
              76.6335302,
              24.2602424
            ],
            [
              76.6337223,
              24.2602424
            ],
            [
              76.6337518,
              24.2602379
            ],
            [
              76.6339635,
              24.2602063
            ],
            [
              76.6341309,
              24.2601114
            ],
            [
              76.6342638,
              24.2600167
            ],
            [
              76.6346233,
              24.2599083
            ],
            [
              76.6348794,
              24.2599083
            ],
            [
              76.6349972,
              24.2599082
            ],
            [
              76.6350861,
              24.2599082
            ],
            [
              76.6352683,
              24.2598496
            ],
            [
              76.6353175,
              24.2596599
            ],
            [
              76.6353323,
              24.259222
            ],
            [
              76.6353421,
              24.2591408
            ],
            [
              76.6355095,
              24.2589377
            ],
            [
              76.6355341,
              24.2589061
            ],
            [
              76.6356917,
              24.2587752
            ],
            [
              76.6357803,
              24.2587119
            ],
            [
              76.6359772,
              24.258554
            ],
            [
              76.6361841,
              24.2584862
            ],
            [
              76.6364894,
              24.2584365
            ],
            [
              76.6368242,
              24.2583778
            ],
            [
              76.6370457,
              24.2583416
            ],
            [
              76.6372033,
              24.2583351
            ],
            [
              76.6372033,
              24.2585493
            ],
            [
              76.6373837,
              24.2585493
            ],
            [
              76.6373953,
              24.2591723
            ],
            [
              76.6373985,
              24.259398
            ],
            [
              76.637233,
              24.259398
            ],
            [
              76.6372329,
              24.2597592
            ],
            [
              76.6374035,
              24.2597591
            ],
            [
              76.6374053,
              24.25989
            ],
            [
              76.6375235,
              24.2604317
            ],
            [
              76.6375088,
              24.2608696
            ],
            [
              76.6374202,
              24.2613888
            ],
            [
              76.6367359,
              24.2624812
            ],
            [
              76.6364391,
              24.2629763
            ],
            [
              76.6362731,
              24.2632532
            ],
            [
              76.6362583,
              24.2634834
            ],
            [
              76.6364258,
              24.2638761
            ],
            [
              76.6365984,
              24.2642463
            ],
            [
              76.6368127,
              24.2646074
            ],
            [
              76.6369921,
              24.2648782
            ],
            [
              76.6377014,
              24.2656998
            ],
            [
              76.6383071,
              24.2663724
            ],
            [
              76.6389522,
              24.2671216
            ],
            [
              76.6396318,
              24.2677986
            ],
            [
              76.6399949,
              24.2682185
            ],
            [
              76.6399668,
              24.2682185
            ],
            [
              76.6403606,
              24.2685118
            ],
            [
              76.6410107,
              24.2688458
            ],
            [
              76.6415102,
              24.26906
            ],
            [
              76.6416725,
              24.2691306
            ],
            [
              76.6417061,
              24.2691421
            ],
            [
              76.6417247,
              24.2691454
            ],
            [
              76.6419076,
              24.2691318
            ],
            [
              76.6419347,
              24.2691322
            ],
            [
              76.6419423,
              24.269133
            ],
            [
              76.6423594,
              24.269227
            ],
            [
              76.6430946,
              24.2693363
            ],
            [
              76.6434302,
              24.269387
            ],
            [
              76.6434725,
              24.2693907
            ],
            [
              76.6435115,
              24.2693903
            ],
            [
              76.6435532,
              24.2693811
            ],
            [
              76.6437297,
              24.269325
            ],
            [
              76.6438865,
              24.2692556
            ],
            [
              76.6440243,
              24.2691928
            ],
            [
              76.6440244,
              24.269193
            ],
            [
              76.6440248,
              24.2691926
            ],
            [
              76.6441721,
              24.2689899
            ],
            [
              76.6444035,
              24.2688364
            ],
            [
              76.6450485,
              24.2686693
            ],
            [
              76.6453785,
              24.2686466
            ],
            [
              76.6457724,
              24.2685892
            ],
            [
              76.6459398,
              24.2685518
            ],
            [
              76.6464027,
              24.2683486
            ],
            [
              76.6471117,
              24.2679242
            ],
            [
              76.6476188,
              24.2676874
            ],
            [
              76.6476188,
              24.2677345
            ],
            [
              76.6480127,
              24.2674867
            ],
            [
              76.6488891,
              24.2668901
            ],
            [
              76.6496867,
              24.2662761
            ],
            [
              76.6504433,
              24.265707
            ],
            [
              76.6508092,
              24.2654317
            ],
            [
              76.6517594,
              24.264601
            ],
            [
              76.6524437,
              24.2639463
            ],
            [
              76.6530345,
              24.2634992
            ],
            [
              76.653384,
              24.2633818
            ],
            [
              76.6536352,
              24.2634901
            ],
            [
              76.6537928,
              24.2636029
            ],
            [
              76.6539947,
              24.2637293
            ],
            [
              76.6543296,
              24.2639008
            ],
            [
              76.6545905,
              24.2640136
            ],
            [
              76.6547137,
              24.2640858
            ],
            [
              76.6549255,
              24.2641625
            ],
            [
              76.6550535,
              24.2642166
            ],
            [
              76.6551618,
              24.2642888
            ],
            [
              76.655167,
              24.2642936
            ],
            [
              76.6552603,
              24.2643791
            ],
            [
              76.655349,
              24.2644468
            ],
            [
              76.6556741,
              24.2646453
            ],
            [
              76.6559596,
              24.2646679
            ],
            [
              76.6560482,
              24.2646813
            ],
            [
              76.6561714,
              24.2646678
            ],
            [
              76.6562698,
              24.2646678
            ],
            [
              76.6563486,
              24.2647039
            ],
            [
              76.6563979,
              24.2647491
            ],
            [
              76.6564323,
              24.2647806
            ],
            [
              76.656521,
              24.2648257
            ],
            [
              76.6567327,
              24.2648257
            ],
            [
              76.6569642,
              24.2647715
            ],
            [
              76.6573482,
              24.2646314
            ],
            [
              76.6577027,
              24.2643515
            ],
            [
              76.6580325,
              24.2640851
            ],
            [
              76.6584165,
              24.2638864
            ],
            [
              76.6589286,
              24.2636832
            ],
            [
              76.6596819,
              24.2633895
            ],
            [
              76.6599378,
              24.2632586
            ],
            [
              76.6599718,
              24.2632348
            ],
            [
              76.6601052,
              24.2631412
            ],
            [
              76.6603219,
              24.2630553
            ],
            [
              76.6604549,
              24.2629966
            ],
            [
              76.6608044,
              24.2629243
            ],
            [
              76.6612623,
              24.262852
            ],
            [
              76.6615873,
              24.2627887
            ],
            [
              76.6618531,
              24.2627164
            ],
            [
              76.6622322,
              24.262626
            ],
            [
              76.6624587,
              24.2625176
            ],
            [
              76.6627788,
              24.2624092
            ],
            [
              76.6630003,
              24.2623595
            ],
            [
              76.6631825,
              24.2623324
            ],
            [
              76.6634678,
              24.2622431
            ],
            [
              76.6640297,
              24.2623978
            ],
            [
              76.6641322,
              24.262426
            ],
            [
              76.6644187,
              24.2623947
            ],
            [
              76.6645262,
              24.2624013
            ],
            [
              76.6646291,
              24.2624019
            ],
            [
              76.6646699,
              24.2622658
            ],
            [
              76.6646978,
              24.2621725
            ],
            [
              76.6646887,
              24.2618826
            ],
            [
              76.6651316,
              24.2619343
            ],
            [
              76.6655526,
              24.2623225
            ],
            [
              76.6656883,
              24.2624477
            ],
            [
              76.666005,
              24.2627176
            ],
            [
              76.6661657,
              24.2631015
            ],
            [
              76.6663619,
              24.2634003
            ],
            [
              76.6666818,
              24.2636506
            ],
            [
              76.6673023,
              24.2636741
            ],
            [
              76.6678363,
              24.2636495
            ],
            [
              76.6688504,
              24.2637174
            ],
            [
              76.6690923,
              24.2637336
            ],
            [
              76.6699728,
              24.2640664
            ],
            [
              76.6704888,
              24.2641937
            ],
            [
              76.6712122,
              24.264209
            ],
            [
              76.6715463,
              24.2644089
            ],
            [
              76.6720424,
              24.2648138
            ],
            [
              76.6724505,
              24.2651422
            ],
            [
              76.6730421,
              24.2651686
            ],
            [
              76.6732092,
              24.2652208
            ],
            [
              76.6733015,
              24.2652661
            ],
            [
              76.6734198,
              24.2653417
            ],
            [
              76.6734492,
              24.2653623
            ],
            [
              76.67394,
              24.2657071
            ],
            [
              76.6746502,
              24.2660325
            ],
            [
              76.6749429,
              24.2663586
            ],
            [
              76.6752355,
              24.2666487
            ],
            [
              76.6761202,
              24.2666601
            ],
            [
              76.6764826,
              24.2667435
            ],
            [
              76.6768289,
              24.2667834
            ],
            [
              76.6770936,
              24.2668095
            ],
            [
              76.6773374,
              24.2667438
            ],
            [
              76.6775633,
              24.2667116
            ],
            [
              76.677573,
              24.2666974
            ],
            [
              76.677578,
              24.2666889
            ],
            [
              76.6775771,
              24.2666843
            ],
            [
              76.6777543,
              24.2666384
            ],
            [
              76.6779854,
              24.2669008
            ],
            [
              76.6780253,
              24.2670361
            ],
            [
              76.6779765,
              24.2682189
            ],
            [
              76.6779929,
              24.2689502
            ],
            [
              76.6780009,
              24.2693113
            ],
            [
              76.6780016,
              24.269343
            ],
            [
              76.678002,
              24.2699433
            ],
            [
              76.6780088,
              24.2701022
            ],
            [
              76.6780348,
              24.2707017
            ],
            [
              76.6780746,
              24.2710628
            ],
            [
              76.6781009,
              24.2712253
            ],
            [
              76.678421,
              24.2712839
            ],
            [
              76.6788298,
              24.2713785
            ],
            [
              76.6790367,
              24.2714733
            ],
            [
              76.6793863,
              24.2716086
            ],
            [
              76.6795193,
              24.2716311
            ],
            [
              76.6796079,
              24.2716356
            ],
            [
              76.6797016,
              24.2716626
            ],
            [
              76.6797508,
              24.2716942
            ],
            [
              76.6798641,
              24.2718973
            ],
            [
              76.6799283,
              24.2722178
            ],
            [
              76.6800662,
              24.2724525
            ],
            [
              76.6802141,
              24.272624
            ],
            [
              76.680416,
              24.2727457
            ],
            [
              76.680613,
              24.2728721
            ],
            [
              76.6807954,
              24.2730707
            ],
            [
              76.6808989,
              24.2732693
            ],
            [
              76.6809876,
              24.2734949
            ],
            [
              76.6810567,
              24.2737657
            ],
            [
              76.6810717,
              24.274321
            ],
            [
              76.681121,
              24.2746596
            ],
            [
              76.6811556,
              24.2748897
            ],
            [
              76.6811852,
              24.274971
            ],
            [
              76.681269,
              24.2750703
            ],
            [
              76.6813478,
              24.2751244
            ],
            [
              76.6815398,
              24.2751876
            ],
            [
              76.6817368,
              24.2751875
            ],
            [
              76.6817537,
              24.2751875
            ],
            [
              76.6819043,
              24.2751874
            ],
            [
              76.6820914,
              24.2751874
            ],
            [
              76.6822047,
              24.2752324
            ],
            [
              76.6822884,
              24.2753001
            ],
            [
              76.68236,
              24.275449
            ],
            [
              76.6825492,
              24.2758101
            ],
            [
              76.6825792,
              24.2758462
            ],
            [
              76.6826827,
              24.2759184
            ],
            [
              76.6828944,
              24.2759906
            ],
            [
              76.6830275,
              24.2760718
            ],
            [
              76.6831555,
              24.276144
            ],
            [
              76.683323,
              24.2762522
            ],
            [
              76.6834265,
              24.2763605
            ],
            [
              76.6835151,
              24.2764508
            ],
            [
              76.6836334,
              24.2766674
            ],
            [
              76.683801,
              24.2769066
            ],
            [
              76.6839341,
              24.2770781
            ],
            [
              76.6841408,
              24.2770554
            ],
            [
              76.6843132,
              24.2770644
            ],
            [
              76.6845054,
              24.2771817
            ],
            [
              76.6848354,
              24.2774118
            ],
            [
              76.6850619,
              24.2774975
            ],
            [
              76.6855938,
              24.2774792
            ],
            [
              76.6858351,
              24.2774745
            ],
            [
              76.6860173,
              24.2774655
            ],
            [
              76.6861946,
              24.2774519
            ],
            [
              76.6862187,
              24.2774511
            ],
            [
              76.6863324,
              24.2774473
            ],
            [
              76.6864704,
              24.2774517
            ],
            [
              76.6866083,
              24.2774878
            ],
            [
              76.6867117,
              24.2775284
            ],
            [
              76.6868053,
              24.2776096
            ],
            [
              76.6868645,
              24.2777044
            ],
            [
              76.6868498,
              24.2780114
            ],
            [
              76.6868497,
              24.2780159
            ],
            [
              76.686845,
              24.2782461
            ],
            [
              76.6868894,
              24.2784086
            ],
            [
              76.6869337,
              24.2784492
            ],
            [
              76.6870421,
              24.2785123
            ],
            [
              76.6870914,
              24.2785439
            ],
            [
              76.6871456,
              24.278589
            ],
            [
              76.68719,
              24.2787199
            ],
            [
              76.6872393,
              24.2788508
            ],
            [
              76.6874561,
              24.2791351
            ],
            [
              76.68753,
              24.2791757
            ],
            [
              76.6876137,
              24.2791938
            ],
            [
              76.687727,
              24.2792027
            ],
            [
              76.6877959,
              24.2792072
            ],
            [
              76.6879239,
              24.2792297
            ],
            [
              76.6880816,
              24.2792703
            ],
            [
              76.6881654,
              24.2793109
            ],
            [
              76.6882688,
              24.2793831
            ],
            [
              76.6884067,
              24.2794913
            ],
            [
              76.6885628,
              24.2795491
            ],
            [
              76.6886382,
              24.2795771
            ],
            [
              76.6889583,
              24.2796175
            ],
            [
              76.6891209,
              24.2796265
            ],
            [
              76.6892834,
              24.2796535
            ],
            [
              76.6894656,
              24.2797346
            ],
            [
              76.689579,
              24.279834
            ],
            [
              76.6896923,
              24.2799287
            ],
            [
              76.6898204,
              24.2800008
            ],
            [
              76.6899336,
              24.2800414
            ],
            [
              76.6902044,
              24.2800459
            ],
            [
              76.6904211,
              24.2799599
            ],
            [
              76.690682,
              24.2797883
            ],
            [
              76.6908888,
              24.2794587
            ],
            [
              76.6909575,
              24.2792285
            ],
            [
              76.6910511,
              24.2791788
            ],
            [
              76.6911151,
              24.2791651
            ],
            [
              76.6911889,
              24.2791787
            ],
            [
              76.691253,
              24.2792193
            ],
            [
              76.6913761,
              24.2792869
            ],
            [
              76.6914797,
              24.2793455
            ],
            [
              76.6916323,
              24.2794267
            ],
            [
              76.6917161,
              24.2794809
            ],
            [
              76.6917949,
              24.2795621
            ],
            [
              76.6919428,
              24.2799051
            ],
            [
              76.6919478,
              24.2799999
            ],
            [
              76.6919724,
              24.2800857
            ],
            [
              76.6920956,
              24.2801443
            ],
            [
              76.6922335,
              24.2801443
            ],
            [
              76.6923615,
              24.2801442
            ],
            [
              76.6924551,
              24.2801487
            ],
            [
              76.6925339,
              24.2801486
            ],
            [
              76.6926472,
              24.2801215
            ],
            [
              76.6927457,
              24.2802343
            ],
            [
              76.6927901,
              24.2804058
            ],
            [
              76.6928148,
              24.2805458
            ],
            [
              76.6928198,
              24.2806315
            ],
            [
              76.6928051,
              24.2808527
            ],
            [
              76.6928055,
              24.2814396
            ],
            [
              76.6927268,
              24.2817059
            ],
            [
              76.6926827,
              24.2822115
            ],
            [
              76.6926337,
              24.282514
            ],
            [
              76.692363,
              24.2829475
            ],
            [
              76.6923619,
              24.2829492
            ],
            [
              76.6921612,
              24.28325
            ],
            [
              76.6919842,
              24.283688
            ],
            [
              76.6919107,
              24.2843742
            ],
            [
              76.6918076,
              24.2849476
            ],
            [
              76.6914877,
              24.2854036
            ],
            [
              76.6913697,
              24.2857377
            ],
            [
              76.6914142,
              24.2860402
            ],
            [
              76.6914586,
              24.286153
            ],
            [
              76.6914093,
              24.286153
            ],
            [
              76.6914095,
              24.2865142
            ],
            [
              76.6918035,
              24.2865139
            ],
            [
              76.6918034,
              24.2863867
            ],
            [
              76.6923748,
              24.2864595
            ],
            [
              76.6927736,
              24.2864819
            ],
            [
              76.6929411,
              24.2864187
            ],
            [
              76.6932756,
              24.2857188
            ],
            [
              76.6936887,
              24.2845359
            ],
            [
              76.6938784,
              24.2839414
            ],
            [
              76.6943573,
              24.282441
            ],
            [
              76.6945635,
              24.2813756
            ],
            [
              76.6949466,
              24.2794253
            ],
            [
              76.6950988,
              24.2786443
            ],
            [
              76.6952312,
              24.2776285
            ],
            [
              76.6952798,
              24.2764322
            ],
            [
              76.6951021,
              24.2757235
            ],
            [
              76.6945594,
              24.2739633
            ],
            [
              76.6941748,
              24.2729703
            ],
            [
              76.6935533,
              24.2710205
            ],
            [
              76.6932425,
              24.269883
            ],
            [
              76.6930888,
              24.267933
            ],
            [
              76.6930341,
              24.266985
            ],
            [
              76.6934467,
              24.2649399
            ],
            [
              76.6935424,
              24.2644997
            ],
            [
              76.6936529,
              24.2639919
            ],
            [
              76.6938346,
              24.2631657
            ],
            [
              76.6940899,
              24.2616623
            ],
            [
              76.6945275,
              24.2605742
            ],
            [
              76.6955803,
              24.258908
            ],
            [
              76.6960674,
              24.2580545
            ],
            [
              76.697819,
              24.2558914
            ],
            [
              76.6988965,
              24.2545908
            ],
            [
              76.7000821,
              24.2529877
            ],
            [
              76.7007755,
              24.2514977
            ],
            [
              76.701173,
              24.2507888
            ],
            [
              76.7014774,
              24.2504188
            ],
            [
              76.7015603,
              24.249998
            ],
            [
              76.7018699,
              24.2492684
            ],
            [
              76.7021762,
              24.2485464
            ],
            [
              76.7023803,
              24.2477466
            ],
            [
              76.7023805,
              24.2477455
            ],
            [
              76.7026893,
              24.246535
            ],
            [
              76.7027191,
              24.2464184
            ],
            [
              76.7028475,
              24.2449678
            ],
            [
              76.7027304,
              24.2431993
            ],
            [
              76.7021167,
              24.2411114
            ],
            [
              76.7013265,
              24.23982
            ],
            [
              76.7011503,
              24.2396373
            ],
            [
              76.7005127,
              24.2389758
            ],
            [
              76.7000498,
              24.2386588
            ],
            [
              76.6997168,
              24.2384308
            ],
            [
              76.6995786,
              24.2383362
            ],
            [
              76.6993162,
              24.2382341
            ],
            [
              76.6988115,
              24.2380378
            ],
            [
              76.6974242,
              24.2377597
            ],
            [
              76.6965988,
              24.2375161
            ],
            [
              76.6965108,
              24.2374798
            ],
            [
              76.6962769,
              24.237383
            ],
            [
              76.6955889,
              24.2370985
            ],
            [
              76.6943623,
              24.2363131
            ],
            [
              76.6932471,
              24.2350072
            ],
            [
              76.6929501,
              24.234647
            ],
            [
              76.6925166,
              24.2341214
            ],
            [
              76.6919942,
              24.2333417
            ],
            [
              76.6915344,
              24.2323857
            ],
            [
              76.6914931,
              24.2322998
            ],
            [
              76.6904363,
              24.2305689
            ],
            [
              76.6900897,
              24.2296231
            ],
            [
              76.6898234,
              24.2288962
            ],
            [
              76.6893966,
              24.2275941
            ],
            [
              76.6889668,
              24.2262827
            ],
            [
              76.688837,
              24.2259715
            ],
            [
              76.6887835,
              24.2258431
            ],
            [
              76.688133,
              24.2242829
            ],
            [
              76.6869291,
              24.2222104
            ],
            [
              76.6863017,
              24.2212379
            ],
            [
              76.6855671,
              24.2200991
            ],
            [
              76.6847538,
              24.2188937
            ],
            [
              76.6841444,
              24.2171035
            ],
            [
              76.6839207,
              24.2163108
            ],
            [
              76.6837469,
              24.2156948
            ],
            [
              76.6835169,
              24.2151455
            ],
            [
              76.6833608,
              24.2147725
            ],
            [
              76.682752,
              24.2133179
            ],
            [
              76.6819732,
              24.2114571
            ],
            [
              76.681898,
              24.2113373
            ],
            [
              76.6800074,
              24.2083275
            ],
            [
              76.6790986,
              24.2069605
            ],
            [
              76.6785283,
              24.2057821
            ],
            [
              76.6784071,
              24.2055316
            ],
            [
              76.6780968,
              24.2048903
            ],
            [
              76.6777637,
              24.2035079
            ],
            [
              76.6775237,
              24.2009688
            ],
            [
              76.6774648,
              24.1987211
            ],
            [
              76.6773258,
              24.1964631
            ],
            [
              76.6772835,
              24.1957749
            ],
            [
              76.6769887,
              24.1944226
            ],
            [
              76.6769536,
              24.1942616
            ],
            [
              76.6763043,
              24.192034
            ],
            [
              76.6759878,
              24.1911373
            ],
            [
              76.6758852,
              24.1908467
            ],
            [
              76.6759156,
              24.1908324
            ],
            [
              76.6765566,
              24.1905308
            ],
            [
              76.6770445,
              24.1903012
            ],
            [
              76.679326,
              24.1893776
            ],
            [
              76.6814706,
              24.1885323
            ],
            [
              76.682454,
              24.188088
            ],
            [
              76.6853393,
              24.1866792
            ],
            [
              76.6863026,
              24.1862035
            ],
            [
              76.6889301,
              24.1835423
            ],
            [
              76.6920406,
              24.1805687
            ],
            [
              76.692096,
              24.1803624
            ],
            [
              76.6923223,
              24.1795193
            ],
            [
              76.6925425,
              24.1786986
            ],
            [
              76.6929552,
              24.1764096
            ],
            [
              76.6934659,
              24.1759607
            ],
            [
              76.6943076,
              24.1752207
            ],
            [
              76.6967585,
              24.173374
            ],
            [
              76.6976063,
              24.1727005
            ],
            [
              76.6983507,
              24.1721091
            ],
            [
              76.6985323,
              24.1719648
            ],
            [
              76.6985798,
              24.1719271
            ],
            [
              76.6983126,
              24.1684673
            ],
            [
              76.7019334,
              24.1672149
            ],
            [
              76.7021432,
              24.1671424
            ],
            [
              76.7031513,
              24.1668651
            ],
            [
              76.7048322,
              24.1664027
            ],
            [
              76.7053595,
              24.1662577
            ],
            [
              76.7058039,
              24.1661031
            ],
            [
              76.7083228,
              24.1652268
            ],
            [
              76.7114339,
              24.163842
            ],
            [
              76.715657,
              24.1609819
            ],
            [
              76.7186749,
              24.1588937
            ],
            [
              76.719115,
              24.1586901
            ],
            [
              76.7196099,
              24.1587637
            ],
            [
              76.7201723,
              24.1588474
            ],
            [
              76.7219907,
              24.1591179
            ],
            [
              76.722615,
              24.1592107
            ],
            [
              76.7245038,
              24.1594916
            ],
            [
              76.7251976,
              24.1600359
            ],
            [
              76.7258507,
              24.1605482
            ],
            [
              76.7260752,
              24.1607244
            ],
            [
              76.7260679,
              24.1609331
            ],
            [
              76.7260147,
              24.1624452
            ],
            [
              76.7260536,
              24.1635102
            ],
            [
              76.7260105,
              24.1665265
            ],
            [
              76.7260363,
              24.167709
            ],
            [
              76.7260661,
              24.1678764
            ],
            [
              76.7261548,
              24.1683732
            ],
            [
              76.7261906,
              24.1685741
            ],
            [
              76.7277557,
              24.1683798
            ],
            [
              76.7286715,
              24.1682661
            ],
            [
              76.7316218,
              24.1681062
            ],
            [
              76.7338445,
              24.168127
            ],
            [
              76.7357607,
              24.1681449
            ],
            [
              76.7369435,
              24.1681418
            ],
            [
              76.7381431,
              24.1681386
            ],
            [
              76.7383441,
              24.1681381
            ],
            [
              76.7448507,
              24.1682398
            ],
            [
              76.7451157,
              24.1682363
            ],
            [
              76.7462461,
              24.1682216
            ],
            [
              76.7475491,
              24.1682045
            ],
            [
              76.7488963,
              24.168192
            ],
            [
              76.749516,
              24.1681731
            ],
            [
              76.7499977,
              24.1681583
            ],
            [
              76.7519889,
              24.1681038
            ],
            [
              76.7539082,
              24.1681178
            ],
            [
              76.7558173,
              24.1681094
            ],
            [
              76.7569411,
              24.1682409
            ],
            [
              76.7574036,
              24.1682401
            ],
            [
              76.7578756,
              24.1682553
            ],
            [
              76.7579205,
              24.1682567
            ],
            [
              76.758018,
              24.1681971
            ],
            [
              76.7585658,
              24.1678625
            ],
            [
              76.758877,
              24.1676723
            ],
            [
              76.7597418,
              24.1668678
            ],
            [
              76.7600536,
              24.1664732
            ],
            [
              76.7603754,
              24.1660659
            ],
            [
              76.7606821,
              24.1652701
            ],
            [
              76.760784,
              24.1650002
            ],
            [
              76.7608468,
              24.1634826
            ],
            [
              76.7605259,
              24.1626872
            ],
            [
              76.7601516,
              24.1619421
            ],
            [
              76.7598722,
              24.1613043
            ],
            [
              76.7597969,
              24.1608356
            ],
            [
              76.7597825,
              24.160145
            ],
            [
              76.7609631,
              24.1601179
            ],
            [
              76.762366,
              24.1601649
            ],
            [
              76.7638235,
              24.1602383
            ],
            [
              76.7644352,
              24.1603531
            ],
            [
              76.7658616,
              24.1603141
            ],
            [
              76.7673363,
              24.1602112
            ],
            [
              76.7677486,
              24.1601342
            ],
            [
              76.768226,
              24.1601467
            ],
            [
              76.7685822,
              24.1602825
            ],
            [
              76.7688635,
              24.1604449
            ],
            [
              76.7690037,
              24.1605259
            ],
            [
              76.7690231,
              24.1605571
            ],
            [
              76.7691346,
              24.1607366
            ],
            [
              76.7695205,
              24.1608902
            ],
            [
              76.7695758,
              24.1608338
            ],
            [
              76.7697534,
              24.1606527
            ],
            [
              76.7700661,
              24.160271
            ],
            [
              76.7700888,
              24.1602432
            ],
            [
              76.7701881,
              24.1601219
            ],
            [
              76.7707508,
              24.1587973
            ],
            [
              76.7707625,
              24.1587546
            ],
            [
              76.7708992,
              24.158256
            ],
            [
              76.7709147,
              24.1581994
            ],
            [
              76.7708164,
              24.1575708
            ],
            [
              76.7707932,
              24.1575061
            ],
            [
              76.7705673,
              24.1568781
            ],
            [
              76.770655,
              24.156452
            ],
            [
              76.7706734,
              24.1563622
            ],
            [
              76.7711059,
              24.1548989
            ],
            [
              76.7716536,
              24.1535878
            ],
            [
              76.771936,
              24.1530112
            ],
            [
              76.7725456,
              24.1522682
            ],
            [
              76.7732794,
              24.1512439
            ],
            [
              76.7738046,
              24.1500685
            ],
            [
              76.7740115,
              24.149849
            ],
            [
              76.7744237,
              24.149384
            ],
            [
              76.7744456,
              24.1493633
            ],
            [
              76.7744719,
              24.1493425
            ],
            [
              76.7745121,
              24.1493154
            ],
            [
              76.7745464,
              24.1492926
            ],
            [
              76.7745798,
              24.1492718
            ],
            [
              76.7746223,
              24.149248
            ],
            [
              76.7749792,
              24.1490599
            ],
            [
              76.7762913,
              24.1483683
            ],
            [
              76.7765536,
              24.1482201
            ],
            [
              76.7770372,
              24.1479459
            ],
            [
              76.7776017,
              24.1476131
            ],
            [
              76.7776407,
              24.1475901
            ],
            [
              76.7777936,
              24.1474937
            ],
            [
              76.7779028,
              24.1474109
            ],
            [
              76.7780894,
              24.1472655
            ],
            [
              76.7781804,
              24.1471848
            ],
            [
              76.7782016,
              24.1471667
            ],
            [
              76.7782882,
              24.1470803
            ],
            [
              76.7783682,
              24.1469937
            ],
            [
              76.7785974,
              24.1466569
            ],
            [
              76.7787003,
              24.146479
            ],
            [
              76.7787182,
              24.1464428
            ],
            [
              76.7788004,
              24.1462542
            ],
            [
              76.7788009,
              24.1462529
            ],
            [
              76.7789141,
              24.1459771
            ],
            [
              76.7789553,
              24.1458493
            ],
            [
              76.7789783,
              24.1457642
            ],
            [
              76.7789948,
              24.1456788
            ],
            [
              76.7790373,
              24.1454271
            ],
            [
              76.7790385,
              24.1454197
            ],
            [
              76.7791845,
              24.1443581
            ],
            [
              76.7793414,
              24.1434272
            ],
            [
              76.7794611,
              24.1426859
            ],
            [
              76.7794934,
              24.1425184
            ],
            [
              76.7795494,
              24.1423245
            ],
            [
              76.7795789,
              24.14224
            ],
            [
              76.7797474,
              24.1418095
            ],
            [
              76.7799243,
              24.1414369
            ],
            [
              76.78003,
              24.1411974
            ],
            [
              76.7804054,
              24.1403314
            ],
            [
              76.780513,
              24.140065
            ],
            [
              76.780566,
              24.1399462
            ],
            [
              76.7806381,
              24.1398051
            ],
            [
              76.7807122,
              24.139679
            ],
            [
              76.7807472,
              24.1396223
            ],
            [
              76.7808834,
              24.1394016
            ],
            [
              76.7809266,
              24.1393391
            ],
            [
              76.7809797,
              24.1392663
            ],
            [
              76.7810982,
              24.1391237
            ],
            [
              76.7812669,
              24.1389365
            ],
            [
              76.7813901,
              24.1388022
            ],
            [
              76.7814471,
              24.1387421
            ],
            [
              76.7819235,
              24.1383358
            ],
            [
              76.7820806,
              24.1381817
            ],
            [
              76.782388,
              24.1378497
            ],
            [
              76.7828114,
              24.1373899
            ],
            [
              76.7834076,
              24.1367295
            ],
            [
              76.783635,
              24.1364463
            ],
            [
              76.7840213,
              24.1359489
            ],
            [
              76.7842187,
              24.1357102
            ],
            [
              76.7843596,
              24.1355603
            ],
            [
              76.7844537,
              24.1354698
            ],
            [
              76.7845366,
              24.1354113
            ],
            [
              76.785317,
              24.1349315
            ],
            [
              76.7858125,
              24.1346318
            ],
            [
              76.7858444,
              24.1346111
            ],
            [
              76.7859763,
              24.1345254
            ],
            [
              76.7860843,
              24.1344441
            ],
            [
              76.7862546,
              24.1342998
            ],
            [
              76.7864162,
              24.1341457
            ],
            [
              76.7872558,
              24.1333219
            ],
            [
              76.7874174,
              24.1331507
            ],
            [
              76.7879038,
              24.1325572
            ],
            [
              76.7880626,
              24.1323611
            ],
            [
              76.788187,
              24.1321948
            ],
            [
              76.7882212,
              24.1321492
            ],
            [
              76.7882573,
              24.1320807
            ],
            [
              76.7882995,
              24.131978
            ],
            [
              76.7883518,
              24.1318171
            ],
            [
              76.7884424,
              24.1314865
            ],
            [
              76.7884983,
              24.1312826
            ],
            [
              76.7886411,
              24.1308118
            ],
            [
              76.7886993,
              24.1306048
            ],
            [
              76.7887412,
              24.1304761
            ],
            [
              76.7887894,
              24.1303391
            ],
            [
              76.7888863,
              24.1300856
            ],
            [
              76.7892197,
              24.1292709
            ],
            [
              76.7892653,
              24.1291382
            ],
            [
              76.7892867,
              24.1290709
            ],
            [
              76.789299,
              24.1290107
            ],
            [
              76.7893252,
              24.1288561
            ],
            [
              76.7894471,
              24.1281372
            ],
            [
              76.7896212,
              24.1272245
            ],
            [
              76.7897372,
              24.1267743
            ],
            [
              76.7898467,
              24.1264034
            ],
            [
              76.7898756,
              24.1262894
            ],
            [
              76.7898762,
              24.1262859
            ],
            [
              76.7898774,
              24.1262797
            ],
            [
              76.7898778,
              24.1262748
            ],
            [
              76.7898775,
              24.1262722
            ],
            [
              76.7898772,
              24.1262708
            ],
            [
              76.7900306,
              24.1260511
            ],
            [
              76.7902498,
              24.1255429
            ],
            [
              76.7904846,
              24.1250977
            ],
            [
              76.7904988,
              24.1247048
            ],
            [
              76.7904352,
              24.1243759
            ],
            [
              76.7903313,
              24.1239799
            ],
            [
              76.7900699,
              24.1235721
            ],
            [
              76.7899428,
              24.1232756
            ],
            [
              76.7899381,
              24.1232199
            ],
            [
              76.7899192,
              24.122996
            ],
            [
              76.789999,
              24.1227197
            ],
            [
              76.7903641,
              24.122449
            ],
            [
              76.7910089,
              24.1221255
            ],
            [
              76.7919636,
              24.1218028
            ],
            [
              76.7927892,
              24.1217434
            ],
            [
              76.7938148,
              24.1215688
            ],
            [
              76.7947369,
              24.1213819
            ],
            [
              76.7947987,
              24.1213791
            ],
            [
              76.7955481,
              24.1213453
            ],
            [
              76.7961287,
              24.1213611
            ],
            [
              76.7962572,
              24.1212793
            ],
            [
              76.7967284,
              24.1209793
            ],
            [
              76.7980287,
              24.1196954
            ],
            [
              76.7987216,
              24.1189468
            ],
            [
              76.7991291,
              24.1185357
            ],
            [
              76.8004246,
              24.1172654
            ],
            [
              76.8008672,
              24.116908
            ],
            [
              76.8012869,
              24.1166729
            ],
            [
              76.8018609,
              24.1165622
            ],
            [
              76.8024615,
              24.1166048
            ],
            [
              76.8027637,
              24.1167349
            ],
            [
              76.8031147,
              24.116886
            ],
            [
              76.8039182,
              24.1173551
            ],
            [
              76.8046399,
              24.1176129
            ],
            [
              76.805499,
              24.1178037
            ],
            [
              76.8057205,
              24.1178529
            ],
            [
              76.8063743,
              24.1181793
            ],
            [
              76.8068709,
              24.118512
            ],
            [
              76.8072107,
              24.1188917
            ],
            [
              76.8072506,
              24.1189592
            ],
            [
              76.807518,
              24.1194118
            ],
            [
              76.8079816,
              24.1201963
            ],
            [
              76.8091005,
              24.121411
            ],
            [
              76.8096681,
              24.1218964
            ],
            [
              76.8102988,
              24.1223268
            ],
            [
              76.810976,
              24.1225581
            ],
            [
              76.8115788,
              24.1227496
            ],
            [
              76.8122455,
              24.1228032
            ],
            [
              76.812411,
              24.1228164
            ],
            [
              76.8130714,
              24.1227826
            ],
            [
              76.8136743,
              24.1227518
            ],
            [
              76.8148068,
              24.1228331
            ],
            [
              76.8158601,
              24.1228793
            ],
            [
              76.8186944,
              24.1229539
            ],
            [
              76.8203164,
              24.1228624
            ],
            [
              76.8206385,
              24.122799
            ],
            [
              76.8214791,
              24.1226499
            ],
            [
              76.8242217,
              24.1223356
            ],
            [
              76.8243815,
              24.1223173
            ],
            [
              76.8271635,
              24.1221756
            ],
            [
              76.8277727,
              24.1220745
            ],
            [
              76.8283364,
              24.121981
            ],
            [
              76.8293727,
              24.1218738
            ],
            [
              76.8310513,
              24.121962
            ],
            [
              76.8314743,
              24.1219615
            ],
            [
              76.8321628,
              24.1219487
            ],
            [
              76.8326408,
              24.1220107
            ],
            [
              76.8330837,
              24.1220234
            ],
            [
              76.8333171,
              24.1221831
            ],
            [
              76.8333233,
              24.1221976
            ],
            [
              76.8334561,
              24.1225093
            ],
            [
              76.835132,
              24.1251708
            ],
            [
              76.8353825,
              24.1255266
            ],
            [
              76.8357537,
              24.1260187
            ],
            [
              76.8363247,
              24.1267298
            ],
            [
              76.8365906,
              24.1268404
            ],
            [
              76.8366545,
              24.126867
            ],
            [
              76.8369668,
              24.1269969
            ],
            [
              76.8387155,
              24.1273388
            ],
            [
              76.838844,
              24.1273639
            ],
            [
              76.8389518,
              24.1273929
            ],
            [
              76.8405597,
              24.1278249
            ],
            [
              76.8424756,
              24.1285274
            ],
            [
              76.8435178,
              24.1290093
            ],
            [
              76.844163,
              24.1293705
            ],
            [
              76.8448033,
              24.1296823
            ],
            [
              76.8453267,
              24.1298204
            ],
            [
              76.8453351,
              24.1298214
            ],
            [
              76.8458753,
              24.1298824
            ],
            [
              76.8463056,
              24.1299135
            ],
            [
              76.8466125,
              24.1300452
            ],
            [
              76.8467983,
              24.1302171
            ],
            [
              76.8468855,
              24.1302979
            ],
            [
              76.8471311,
              24.130531
            ],
            [
              76.8475236,
              24.1308947
            ],
            [
              76.8478657,
              24.1312521
            ],
            [
              76.8483481,
              24.1316165
            ],
            [
              76.8490421,
              24.132059
            ],
            [
              76.8497285,
              24.1324922
            ],
            [
              76.8505643,
              24.132779
            ],
            [
              76.8511104,
              24.1329412
            ],
            [
              76.8514227,
              24.1330339
            ],
            [
              76.8518847,
              24.1331313
            ],
            [
              76.8529424,
              24.1333541
            ],
            [
              76.8534499,
              24.1334338
            ],
            [
              76.8534791,
              24.1334384
            ],
            [
              76.8537702,
              24.1335337
            ],
            [
              76.853798,
              24.1335571
            ],
            [
              76.8541443,
              24.1338474
            ],
            [
              76.8541996,
              24.13408
            ],
            [
              76.8542095,
              24.1342644
            ],
            [
              76.8540943,
              24.1355034
            ],
            [
              76.8540777,
              24.1356301
            ],
            [
              76.8542643,
              24.1357604
            ],
            [
              76.8544729,
              24.1358056
            ],
            [
              76.8545887,
              24.1358255
            ],
            [
              76.8555052,
              24.1358322
            ],
            [
              76.8557832,
              24.1358343
            ],
            [
              76.8560179,
              24.1358361
            ],
            [
              76.8571963,
              24.135911
            ],
            [
              76.8578052,
              24.1359498
            ],
            [
              76.8582153,
              24.1359272
            ],
            [
              76.8583496,
              24.1359198
            ],
            [
              76.8586763,
              24.1358769
            ],
            [
              76.8588413,
              24.1358493
            ],
            [
              76.8590503,
              24.135683
            ],
            [
              76.8590813,
              24.1356587
            ],
            [
              76.8591127,
              24.1356363
            ],
            [
              76.8591409,
              24.1356185
            ],
            [
              76.859174,
              24.1355995
            ],
            [
              76.8593371,
              24.1355116
            ],
            [
              76.859384,
              24.1354884
            ],
            [
              76.8594125,
              24.1354764
            ],
            [
              76.8594295,
              24.1354698
            ],
            [
              76.8594419,
              24.1354657
            ],
            [
              76.8594498,
              24.1354632
            ],
            [
              76.8594679,
              24.1354587
            ],
            [
              76.8594815,
              24.1354555
            ],
            [
              76.8594875,
              24.1354545
            ],
            [
              76.8595328,
              24.1354495
            ],
            [
              76.8596215,
              24.1354427
            ],
            [
              76.8596565,
              24.1354422
            ],
            [
              76.859906,
              24.1354497
            ],
            [
              76.8599758,
              24.1354497
            ],
            [
              76.8600178,
              24.1354488
            ],
            [
              76.8600577,
              24.1354461
            ],
            [
              76.8601575,
              24.135436
            ],
            [
              76.8602258,
              24.1354291
            ],
            [
              76.8603083,
              24.135417
            ],
            [
              76.8603974,
              24.1354018
            ],
            [
              76.8604966,
              24.1353824
            ],
            [
              76.8606682,
              24.1353454
            ],
            [
              76.860812,
              24.1353132
            ],
            [
              76.8608429,
              24.1353063
            ],
            [
              76.8608683,
              24.1352996
            ],
            [
              76.8609001,
              24.1352906
            ],
            [
              76.8609913,
              24.1352621
            ],
            [
              76.861016,
              24.135254
            ],
            [
              76.8611636,
              24.1352022
            ],
            [
              76.8611997,
              24.1351915
            ],
            [
              76.8612414,
              24.1351807
            ],
            [
              76.8612494,
              24.1351788
            ],
            [
              76.8612671,
              24.1351753
            ],
            [
              76.8612783,
              24.1351732
            ],
            [
              76.8612897,
              24.1351715
            ],
            [
              76.8613008,
              24.1351703
            ],
            [
              76.8613164,
              24.1351694
            ],
            [
              76.861344,
              24.1351688
            ],
            [
              76.8613585,
              24.135169
            ],
            [
              76.8613669,
              24.1351696
            ],
            [
              76.8614073,
              24.1351731
            ],
            [
              76.861476,
              24.1351825
            ],
            [
              76.8615944,
              24.1352032
            ],
            [
              76.8616745,
              24.1352213
            ],
            [
              76.8617517,
              24.1352405
            ],
            [
              76.8618207,
              24.13526
            ],
            [
              76.8621149,
              24.1353456
            ],
            [
              76.862154,
              24.1353581
            ],
            [
              76.8621787,
              24.1353682
            ],
            [
              76.8622277,
              24.1353906
            ],
            [
              76.8622611,
              24.1354079
            ],
            [
              76.8622745,
              24.1354153
            ],
            [
              76.862301,
              24.1354298
            ],
            [
              76.8623406,
              24.1354541
            ],
            [
              76.8624273,
              24.1355131
            ],
            [
              76.8624519,
              24.1355283
            ],
            [
              76.8624753,
              24.1355417
            ],
            [
              76.86249,
              24.1355491
            ],
            [
              76.8625184,
              24.1355615
            ],
            [
              76.8625508,
              24.1355743
            ],
            [
              76.8625798,
              24.1355836
            ],
            [
              76.8626031,
              24.13559
            ],
            [
              76.8626251,
              24.1355946
            ],
            [
              76.8626431,
              24.1355979
            ],
            [
              76.862667,
              24.1356003
            ],
            [
              76.8628457,
              24.1356056
            ],
            [
              76.8632146,
              24.1356056
            ],
            [
              76.8635583,
              24.1356047
            ],
            [
              76.8635678,
              24.1356052
            ],
            [
              76.863665,
              24.1356049
            ],
            [
              76.8638335,
              24.1355935
            ],
            [
              76.8638705,
              24.1355913
            ],
            [
              76.8638987,
              24.135587
            ],
            [
              76.8639271,
              24.1355809
            ],
            [
              76.8639616,
              24.1355721
            ],
            [
              76.8639916,
              24.1355632
            ],
            [
              76.8640514,
              24.1355433
            ],
            [
              76.864395,
              24.135429
            ],
            [
              76.8645281,
              24.1353886
            ],
            [
              76.8649003,
              24.135286
            ],
            [
              76.8650093,
              24.135263
            ],
            [
              76.8650684,
              24.1352512
            ],
            [
              76.8651419,
              24.1352388
            ],
            [
              76.8651787,
              24.1352335
            ],
            [
              76.8652159,
              24.1352299
            ],
            [
              76.8653158,
              24.1352244
            ],
            [
              76.8655094,
              24.1352219
            ],
            [
              76.8656226,
              24.1352305
            ],
            [
              76.8656388,
              24.1352325
            ],
            [
              76.8656568,
              24.1352351
            ],
            [
              76.8656749,
              24.1352389
            ],
            [
              76.8656915,
              24.1352435
            ],
            [
              76.8657145,
              24.1352501
            ],
            [
              76.8657365,
              24.135258
            ],
            [
              76.8657547,
              24.1352653
            ],
            [
              76.8657806,
              24.1352774
            ],
            [
              76.8658184,
              24.1352959
            ],
            [
              76.8658559,
              24.1353166
            ],
            [
              76.8658891,
              24.1353356
            ],
            [
              76.8659158,
              24.1353526
            ],
            [
              76.8659637,
              24.135385
            ],
            [
              76.8660648,
              24.1354545
            ],
            [
              76.8661309,
              24.135504
            ],
            [
              76.8661945,
              24.1355546
            ],
            [
              76.8662885,
              24.1356293
            ],
            [
              76.86634,
              24.1356703
            ],
            [
              76.8663711,
              24.1356919
            ],
            [
              76.8664012,
              24.1357092
            ],
            [
              76.8664738,
              24.1357427
            ],
            [
              76.8665145,
              24.1357582
            ],
            [
              76.8665668,
              24.1357704
            ],
            [
              76.866671,
              24.1357923
            ],
            [
              76.8667856,
              24.1358079
            ],
            [
              76.8678307,
              24.1358832
            ],
            [
              76.8684411,
              24.1359272
            ],
            [
              76.8685352,
              24.1359318
            ],
            [
              76.8685821,
              24.1359355
            ],
            [
              76.8687136,
              24.1359372
            ],
            [
              76.8688054,
              24.1359341
            ],
            [
              76.8688774,
              24.1359279
            ],
            [
              76.869006,
              24.1359122
            ],
            [
              76.8690655,
              24.1359044
            ],
            [
              76.8691173,
              24.1358977
            ],
            [
              76.8691873,
              24.1358844
            ],
            [
              76.8692496,
              24.1358713
            ],
            [
              76.8693028,
              24.1358577
            ],
            [
              76.8699584,
              24.1356549
            ],
            [
              76.8702472,
              24.1355508
            ],
            [
              76.8706681,
              24.1354132
            ],
            [
              76.8707465,
              24.135385
            ],
            [
              76.8707788,
              24.1353738
            ],
            [
              76.870808,
              24.1353638
            ],
            [
              76.8708209,
              24.1353602
            ],
            [
              76.8708334,
              24.1353575
            ],
            [
              76.8708457,
              24.1353557
            ],
            [
              76.8708598,
              24.1353535
            ],
            [
              76.870884,
              24.1353505
            ],
            [
              76.8711377,
              24.135326
            ],
            [
              76.8711943,
              24.1353185
            ],
            [
              76.8712265,
              24.1353132
            ],
            [
              76.8712418,
              24.1353095
            ],
            [
              76.8712647,
              24.1353026
            ],
            [
              76.8712792,
              24.135298
            ],
            [
              76.8712949,
              24.1352929
            ],
            [
              76.8713451,
              24.1352765
            ],
            [
              76.8714443,
              24.135238
            ],
            [
              76.8716948,
              24.1351368
            ],
            [
              76.8718551,
              24.1350795
            ],
            [
              76.8719911,
              24.1350379
            ],
            [
              76.8719982,
              24.1350358
            ],
            [
              76.8721366,
              24.1349955
            ],
            [
              76.8723184,
              24.1349474
            ],
            [
              76.8724077,
              24.134926
            ],
            [
              76.8724689,
              24.1349094
            ],
            [
              76.8725541,
              24.1348871
            ],
            [
              76.8726566,
              24.1348656
            ],
            [
              76.87276,
              24.1348457
            ],
            [
              76.8728578,
              24.1348323
            ],
            [
              76.8731506,
              24.1348003
            ],
            [
              76.8731621,
              24.1347995
            ],
            [
              76.8731738,
              24.1347989
            ],
            [
              76.8731891,
              24.1347989
            ],
            [
              76.8731958,
              24.1347996
            ],
            [
              76.8732041,
              24.1348011
            ],
            [
              76.8732133,
              24.1348032
            ],
            [
              76.8732279,
              24.1348074
            ],
            [
              76.8732326,
              24.134809
            ],
            [
              76.8732384,
              24.1348114
            ],
            [
              76.8732443,
              24.1348142
            ],
            [
              76.8732495,
              24.1348172
            ],
            [
              76.8732648,
              24.1348265
            ],
            [
              76.8732703,
              24.1348306
            ],
            [
              76.8732795,
              24.1348376
            ],
            [
              76.8732881,
              24.1348458
            ],
            [
              76.8733035,
              24.134862
            ],
            [
              76.8733585,
              24.1349195
            ],
            [
              76.8733754,
              24.1349356
            ],
            [
              76.8733893,
              24.1349469
            ],
            [
              76.8734024,
              24.1349574
            ],
            [
              76.8734105,
              24.1349631
            ],
            [
              76.8734214,
              24.1349701
            ],
            [
              76.8734433,
              24.1349832
            ],
            [
              76.8734729,
              24.1349983
            ],
            [
              76.8735249,
              24.1350219
            ],
            [
              76.8736775,
              24.135088
            ],
            [
              76.8738181,
              24.1351432
            ],
            [
              76.8739461,
              24.1351941
            ],
            [
              76.8741893,
              24.1352869
            ],
            [
              76.8742187,
              24.1352999
            ],
            [
              76.8742339,
              24.1353066
            ],
            [
              76.8742586,
              24.1353182
            ],
            [
              76.8742675,
              24.1353229
            ],
            [
              76.8749024,
              24.1354518
            ],
            [
              76.8751489,
              24.1354678
            ],
            [
              76.8763058,
              24.1355429
            ],
            [
              76.8770509,
              24.1357008
            ],
            [
              76.8777745,
              24.135737
            ],
            [
              76.8784084,
              24.1356886
            ],
            [
              76.8790929,
              24.1354003
            ],
            [
              76.8799669,
              24.1350974
            ],
            [
              76.8800889,
              24.1350551
            ],
            [
              76.8799791,
              24.1347275
            ],
            [
              76.87979,
              24.1341638
            ],
            [
              76.8794229,
              24.1330586
            ],
            [
              76.8791523,
              24.1317531
            ],
            [
              76.8791293,
              24.1316423
            ],
            [
              76.8790162,
              24.1302279
            ],
            [
              76.8797253,
              24.1302054
            ],
            [
              76.8817151,
              24.1300409
            ],
            [
              76.88277,
              24.1300672
            ],
            [
              76.8830487,
              24.1300741
            ],
            [
              76.883973,
              24.1300402
            ],
            [
              76.8839699,
              24.1299902
            ],
            [
              76.8839343,
              24.1294131
            ],
            [
              76.8847274,
              24.128821
            ],
            [
              76.885478,
              24.1283512
            ],
            [
              76.8860239,
              24.1280059
            ],
            [
              76.8860394,
              24.1281134
            ],
            [
              76.8861553,
              24.1289162
            ],
            [
              76.8862344,
              24.1288902
            ],
            [
              76.8865576,
              24.128784
            ],
            [
              76.887012,
              24.1286347
            ],
            [
              76.8893885,
              24.1276754
            ],
            [
              76.8901074,
              24.1273866
            ],
            [
              76.8907316,
              24.1270177
            ],
            [
              76.8911859,
              24.1267757
            ],
            [
              76.8912782,
              24.1267265
            ],
            [
              76.8918833,
              24.1274167
            ],
            [
              76.8922688,
              24.1278564
            ],
            [
              76.8923541,
              24.1278495
            ],
            [
              76.89418,
              24.1277018
            ],
            [
              76.895226,
              24.1276135
            ],
            [
              76.897506,
              24.1274212
            ],
            [
              76.8982515,
              24.127441
            ],
            [
              76.8991299,
              24.1274642
            ],
            [
              76.9000537,
              24.1274031
            ],
            [
              76.9006002,
              24.1274324
            ],
            [
              76.9008016,
              24.1277504
            ],
            [
              76.9012857,
              24.1282229
            ],
            [
              76.9015257,
              24.1288158
            ],
            [
              76.9017622,
              24.1301717
            ],
            [
              76.9022394,
              24.1318361
            ],
            [
              76.902679,
              24.1329547
            ],
            [
              76.9027136,
              24.1333019
            ],
            [
              76.9027448,
              24.1333583
            ],
            [
              76.9028501,
              24.1335485
            ],
            [
              76.9027156,
              24.1337713
            ],
            [
              76.9027095,
              24.1340242
            ],
            [
              76.9029551,
              24.1343327
            ],
            [
              76.9032137,
              24.1346063
            ],
            [
              76.903225,
              24.1346182
            ],
            [
              76.9032232,
              24.1346404
            ],
            [
              76.9031918,
              24.1350339
            ],
            [
              76.9031805,
              24.1351812
            ],
            [
              76.9031629,
              24.135409
            ],
            [
              76.9028718,
              24.1359056
            ],
            [
              76.9027791,
              24.1360639
            ],
            [
              76.902853,
              24.1370697
            ],
            [
              76.9029616,
              24.1375149
            ],
            [
              76.9030517,
              24.1378847
            ],
            [
              76.9034498,
              24.1395
            ],
            [
              76.9036473,
              24.1402652
            ],
            [
              76.9039456,
              24.1414214
            ],
            [
              76.9042555,
              24.1424953
            ],
            [
              76.9046507,
              24.1438549
            ],
            [
              76.905738,
              24.1461798
            ],
            [
              76.9063944,
              24.1473137
            ],
            [
              76.9065124,
              24.1476418
            ],
            [
              76.9067614,
              24.1480206
            ],
            [
              76.9093211,
              24.1519134
            ],
            [
              76.9099321,
              24.1527235
            ],
            [
              76.9099384,
              24.1527318
            ],
            [
              76.910187,
              24.154232
            ],
            [
              76.9101915,
              24.1542592
            ],
            [
              76.9103464,
              24.1551862
            ],
            [
              76.9106058,
              24.1567394
            ],
            [
              76.9107055,
              24.1573359
            ],
            [
              76.9106759,
              24.1586545
            ],
            [
              76.9104219,
              24.1591091
            ],
            [
              76.9097842,
              24.1593542
            ],
            [
              76.9097664,
              24.1593611
            ],
            [
              76.9092191,
              24.1596162
            ],
            [
              76.9087756,
              24.1599016
            ],
            [
              76.9087056,
              24.1601553
            ],
            [
              76.9087075,
              24.1602842
            ],
            [
              76.9087088,
              24.160372
            ],
            [
              76.9088385,
              24.1608611
            ],
            [
              76.9089486,
              24.1612764
            ],
            [
              76.9094954,
              24.162976
            ],
            [
              76.910071,
              24.164296
            ],
            [
              76.9100929,
              24.1643457
            ],
            [
              76.9105752,
              24.1654453
            ],
            [
              76.910947,
              24.1662894
            ],
            [
              76.9114238,
              24.1669154
            ],
            [
              76.9123574,
              24.1678246
            ],
            [
              76.9130399,
              24.1683894
            ],
            [
              76.9131027,
              24.1684509
            ],
            [
              76.9136491,
              24.1689867
            ],
            [
              76.9141007,
              24.1692383
            ],
            [
              76.9142833,
              24.1696062
            ],
            [
              76.9144545,
              24.1701954
            ],
            [
              76.9145822,
              24.170997
            ],
            [
              76.9145865,
              24.1710238
            ],
            [
              76.9145902,
              24.1710469
            ],
            [
              76.9148655,
              24.1720186
            ],
            [
              76.9151371,
              24.172742
            ],
            [
              76.9155171,
              24.173148
            ],
            [
              76.9157048,
              24.1735294
            ],
            [
              76.915703,
              24.1740621
            ],
            [
              76.9155042,
              24.1745928
            ],
            [
              76.9151961,
              24.1760412
            ],
            [
              76.9151647,
              24.1785471
            ],
            [
              76.915228,
              24.1808125
            ],
            [
              76.9153684,
              24.1819754
            ],
            [
              76.9154511,
              24.1828999
            ],
            [
              76.9156635,
              24.18394
            ],
            [
              76.9156948,
              24.1841005
            ],
            [
              76.9158659,
              24.1849758
            ],
            [
              76.9160707,
              24.186165
            ],
            [
              76.9160081,
              24.1870157
            ],
            [
              76.9160012,
              24.1871093
            ],
            [
              76.9160377,
              24.1872413
            ],
            [
              76.9161208,
              24.1875412
            ],
            [
              76.9162928,
              24.187855
            ],
            [
              76.91643,
              24.1879217
            ],
            [
              76.9166101,
              24.1880091
            ],
            [
              76.9168317,
              24.1879958
            ],
            [
              76.9168888,
              24.188059
            ],
            [
              76.9169368,
              24.1881079
            ],
            [
              76.9169551,
              24.1881266
            ],
            [
              76.9170278,
              24.1881861
            ],
            [
              76.9170781,
              24.1882176
            ],
            [
              76.9171161,
              24.1882371
            ],
            [
              76.9171795,
              24.1882584
            ],
            [
              76.9172464,
              24.1882808
            ],
            [
              76.9172823,
              24.1882901
            ],
            [
              76.9173063,
              24.1882948
            ],
            [
              76.9173556,
              24.1882973
            ],
            [
              76.9174486,
              24.188292
            ],
            [
              76.9176081,
              24.1882719
            ],
            [
              76.9178457,
              24.1882301
            ],
            [
              76.918032,
              24.1881899
            ],
            [
              76.9181136,
              24.1881714
            ],
            [
              76.9182227,
              24.1881381
            ],
            [
              76.9184453,
              24.1880543
            ],
            [
              76.9187623,
              24.1879303
            ],
            [
              76.919525,
              24.1875953
            ],
            [
              76.9197499,
              24.1874791
            ],
            [
              76.9199553,
              24.1873729
            ],
            [
              76.9202784,
              24.1871877
            ],
            [
              76.9212841,
              24.1865976
            ],
            [
              76.9226182,
              24.1858043
            ],
            [
              76.9231795,
              24.1854986
            ],
            [
              76.923463,
              24.1853488
            ],
            [
              76.9235666,
              24.1853021
            ],
            [
              76.9236237,
              24.1852804
            ],
            [
              76.9236746,
              24.1852687
            ],
            [
              76.9243157,
              24.1851507
            ],
            [
              76.9244474,
              24.1851312
            ],
            [
              76.9245437,
              24.1851238
            ],
            [
              76.924563,
              24.1851223
            ],
            [
              76.9248426,
              24.1850977
            ],
            [
              76.9254249,
              24.1850693
            ],
            [
              76.9255944,
              24.1850545
            ],
            [
              76.9257599,
              24.1850367
            ],
            [
              76.9258784,
              24.1850214
            ],
            [
              76.9267756,
              24.1848838
            ],
            [
              76.9270636,
              24.184836
            ],
            [
              76.9275029,
              24.1847546
            ],
            [
              76.927791,
              24.184692
            ],
            [
              76.9280158,
              24.1846284
            ],
            [
              76.9284305,
              24.1844986
            ],
            [
              76.9289651,
              24.1843204
            ],
            [
              76.9294901,
              24.1841453
            ],
            [
              76.9297642,
              24.1840576
            ],
            [
              76.9302026,
              24.1839257
            ],
            [
              76.9312053,
              24.1836272
            ],
            [
              76.9314333,
              24.1835593
            ],
            [
              76.931791,
              24.1835253
            ],
            [
              76.9318846,
              24.1835164
            ],
            [
              76.9323196,
              24.1835002
            ],
            [
              76.9343791,
              24.1834788
            ],
            [
              76.9349653,
              24.1834867
            ],
            [
              76.9351052,
              24.1835228
            ],
            [
              76.9356731,
              24.1836975
            ],
            [
              76.9357677,
              24.1837266
            ],
            [
              76.9364228,
              24.1844225
            ],
            [
              76.9368677,
              24.1852069
            ],
            [
              76.9374276,
              24.186669
            ],
            [
              76.937795,
              24.1876283
            ],
            [
              76.938508,
              24.1895423
            ],
            [
              76.9387941,
              24.1902715
            ],
            [
              76.9388549,
              24.1904264
            ],
            [
              76.9392647,
              24.1914604
            ],
            [
              76.939731,
              24.1926371
            ],
            [
              76.9398449,
              24.1932745
            ],
            [
              76.9398654,
              24.1933893
            ],
            [
              76.9399374,
              24.1934672
            ],
            [
              76.9402407,
              24.1937953
            ],
            [
              76.9406539,
              24.1941105
            ],
            [
              76.9413763,
              24.1943632
            ],
            [
              76.9420935,
              24.1949273
            ],
            [
              76.9432914,
              24.1960361
            ],
            [
              76.9439781,
              24.1965285
            ],
            [
              76.9442618,
              24.1968424
            ],
            [
              76.9446638,
              24.1972871
            ],
            [
              76.9458201,
              24.1979134
            ],
            [
              76.9466477,
              24.198291
            ],
            [
              76.9470493,
              24.1986101
            ],
            [
              76.9471957,
              24.1987264
            ],
            [
              76.9471926,
              24.1991689
            ],
            [
              76.9473987,
              24.2004302
            ],
            [
              76.9473974,
              24.2013105
            ],
            [
              76.9466462,
              24.2033787
            ],
            [
              76.9464265,
              24.2042238
            ],
            [
              76.9461068,
              24.2054531
            ],
            [
              76.945958,
              24.2060208
            ],
            [
              76.9459347,
              24.2061099
            ],
            [
              76.9451757,
              24.2063678
            ],
            [
              76.943877,
              24.2067365
            ],
            [
              76.9427153,
              24.2070538
            ],
            [
              76.9418304,
              24.2071193
            ],
            [
              76.9399769,
              24.2069307
            ],
            [
              76.9378575,
              24.2070615
            ],
            [
              76.9363514,
              24.2070581
            ],
            [
              76.9355993,
              24.2071264
            ],
            [
              76.9347773,
              24.2071188
            ],
            [
              76.9343598,
              24.2070995
            ],
            [
              76.933472,
              24.2070586
            ],
            [
              76.9328989,
              24.2072374
            ],
            [
              76.9332189,
              24.2074909
            ],
            [
              76.9332278,
              24.2075024
            ],
            [
              76.9335504,
              24.2079162
            ],
            [
              76.9336322,
              24.2085418
            ],
            [
              76.9333922,
              24.2089421
            ],
            [
              76.9331921,
              24.2091618
            ],
            [
              76.9329877,
              24.209403
            ],
            [
              76.9327527,
              24.2096183
            ],
            [
              76.9322912,
              24.2097817
            ],
            [
              76.9315667,
              24.2103502
            ],
            [
              76.9309314,
              24.2104776
            ],
            [
              76.9292683,
              24.2105583
            ],
            [
              76.9266937,
              24.2108519
            ],
            [
              76.9257374,
              24.210961
            ],
            [
              76.9238573,
              24.2113188
            ],
            [
              76.9224277,
              24.2116661
            ],
            [
              76.9223026,
              24.2116964
            ],
            [
              76.922255,
              24.2126358
            ],
            [
              76.9223101,
              24.2133574
            ],
            [
              76.922428,
              24.2149811
            ],
            [
              76.9223746,
              24.2163451
            ],
            [
              76.9224183,
              24.2169585
            ],
            [
              76.9225815,
              24.2189788
            ],
            [
              76.9226108,
              24.2206819
            ],
            [
              76.9226328,
              24.2217364
            ],
            [
              76.9227654,
              24.2243429
            ],
            [
              76.9227725,
              24.2244839
            ],
            [
              76.9228538,
              24.225309
            ],
            [
              76.9228556,
              24.22532
            ],
            [
              76.9229605,
              24.2259723
            ],
            [
              76.9229357,
              24.2260526
            ],
            [
              76.9229253,
              24.2260559
            ],
            [
              76.9224549,
              24.2262206
            ],
            [
              76.9207445,
              24.2268407
            ],
            [
              76.9204988,
              24.2269436
            ],
            [
              76.920411,
              24.2269878
            ],
            [
              76.9202734,
              24.2270643
            ],
            [
              76.9200083,
              24.2272318
            ],
            [
              76.9198666,
              24.2273267
            ],
            [
              76.9197843,
              24.2273969
            ],
            [
              76.9197281,
              24.2274671
            ],
            [
              76.9191077,
              24.2283991
            ],
            [
              76.9189762,
              24.2286279
            ],
            [
              76.9184833,
              24.2295722
            ],
            [
              76.9184561,
              24.2296194
            ],
            [
              76.918415,
              24.2296814
            ],
            [
              76.918379,
              24.2297223
            ],
            [
              76.9182109,
              24.2298753
            ],
            [
              76.9181643,
              24.2299129
            ],
            [
              76.9181223,
              24.2299389
            ],
            [
              76.9180884,
              24.2299499
            ],
            [
              76.91803,
              24.2299637
            ],
            [
              76.917748,
              24.2300162
            ],
            [
              76.917656,
              24.2300305
            ],
            [
              76.9175571,
              24.2300365
            ],
            [
              76.9174947,
              24.2300373
            ],
            [
              76.9174119,
              24.2300205
            ],
            [
              76.9172253,
              24.2299667
            ],
            [
              76.9170185,
              24.2298928
            ],
            [
              76.9169151,
              24.2298454
            ],
            [
              76.9168374,
              24.2298071
            ],
            [
              76.9165049,
              24.2296128
            ],
            [
              76.9164958,
              24.2296075
            ],
            [
              76.9164503,
              24.2295826
            ],
            [
              76.916397,
              24.2295617
            ],
            [
              76.9163074,
              24.2295445
            ],
            [
              76.9162048,
              24.2295347
            ],
            [
              76.9161905,
              24.229534
            ],
            [
              76.9159075,
              24.2295202
            ],
            [
              76.9157588,
              24.2296356
            ],
            [
              76.9157313,
              24.229678
            ],
            [
              76.9157213,
              24.2297561
            ],
            [
              76.9157172,
              24.2298306
            ],
            [
              76.9157365,
              24.2300301
            ],
            [
              76.9157955,
              24.2306418
            ],
            [
              76.9158149,
              24.2308429
            ],
            [
              76.9158445,
              24.2311754
            ],
            [
              76.9158418,
              24.2313482
            ],
            [
              76.9158326,
              24.2314323
            ],
            [
              76.9158079,
              24.2315263
            ],
            [
              76.9157802,
              24.2315986
            ],
            [
              76.9152444,
              24.2326939
            ],
            [
              76.9150461,
              24.2331169
            ],
            [
              76.9150172,
              24.2331787
            ],
            [
              76.9147974,
              24.2336082
            ],
            [
              76.914704,
              24.2337561
            ],
            [
              76.9144159,
              24.2342234
            ],
            [
              76.9143916,
              24.2342549
            ],
            [
              76.9143494,
              24.2342825
            ],
            [
              76.9142585,
              24.2343311
            ],
            [
              76.9138736,
              24.2345205
            ],
            [
              76.913736,
              24.2346032
            ],
            [
              76.9136743,
              24.2346426
            ],
            [
              76.9135361,
              24.2347561
            ],
            [
              76.9134083,
              24.234879
            ],
            [
              76.9132049,
              24.2351222
            ],
            [
              76.9131449,
              24.2352114
            ],
            [
              76.9130887,
              24.235318
            ],
            [
              76.9130519,
              24.235445
            ],
            [
              76.9130382,
              24.2355711
            ],
            [
              76.9129634,
              24.2365371
            ],
            [
              76.912799,
              24.237661
            ],
            [
              76.9127829,
              24.2377492
            ],
            [
              76.9127774,
              24.2377731
            ],
            [
              76.9127699,
              24.2377938
            ],
            [
              76.9127569,
              24.2378247
            ],
            [
              76.9127352,
              24.2378597
            ],
            [
              76.9127152,
              24.2378828
            ],
            [
              76.9126503,
              24.2379501
            ],
            [
              76.9125607,
              24.2380415
            ],
            [
              76.912483,
              24.2381074
            ],
            [
              76.9124354,
              24.2381479
            ],
            [
              76.9123612,
              24.2381953
            ],
            [
              76.9122281,
              24.2382737
            ],
            [
              76.9121552,
              24.2383059
            ],
            [
              76.9121172,
              24.2383151
            ],
            [
              76.9120562,
              24.2383175
            ],
            [
              76.9119498,
              24.2383139
            ],
            [
              76.9118347,
              24.2383058
            ],
            [
              76.9117891,
              24.2382968
            ],
            [
              76.9117445,
              24.2382868
            ],
            [
              76.9114072,
              24.2381703
            ],
            [
              76.9113144,
              24.2381442
            ],
            [
              76.9112258,
              24.2381232
            ],
            [
              76.9108668,
              24.2380571
            ],
            [
              76.9105436,
              24.2380052
            ],
            [
              76.9103637,
              24.2379787
            ],
            [
              76.9102187,
              24.2379645
            ],
            [
              76.9101228,
              24.2379561
            ],
            [
              76.9100773,
              24.2379518
            ],
            [
              76.9100058,
              24.2379496
            ],
            [
              76.9090324,
              24.2379783
            ],
            [
              76.9087502,
              24.2379933
            ],
            [
              76.9085514,
              24.2379975
            ],
            [
              76.9080895,
              24.2380025
            ],
            [
              76.9078468,
              24.2380051
            ],
            [
              76.9075469,
              24.2380022
            ],
            [
              76.907341,
              24.2379904
            ],
            [
              76.9072703,
              24.2379832
            ],
            [
              76.9072293,
              24.237979
            ],
            [
              76.9071652,
              24.237967
            ],
            [
              76.9070771,
              24.2379393
            ],
            [
              76.9070051,
              24.2379082
            ],
            [
              76.9068612,
              24.2378412
            ],
            [
              76.9067921,
              24.2378016
            ],
            [
              76.906784,
              24.2377957
            ],
            [
              76.9066534,
              24.2377015
            ],
            [
              76.9060147,
              24.2371555
            ],
            [
              76.9057872,
              24.2369884
            ],
            [
              76.9057093,
              24.236938
            ],
            [
              76.9056003,
              24.2368834
            ],
            [
              76.9054405,
              24.2368227
            ],
            [
              76.9053587,
              24.2368064
            ],
            [
              76.9053133,
              24.2368007
            ],
            [
              76.9052837,
              24.2368026
            ],
            [
              76.9052454,
              24.2368142
            ],
            [
              76.9052212,
              24.2368274
            ],
            [
              76.9051902,
              24.236847
            ],
            [
              76.9051462,
              24.2368826
            ],
            [
              76.9051402,
              24.2368875
            ],
            [
              76.9049802,
              24.2370228
            ],
            [
              76.9047237,
              24.2372641
            ],
            [
              76.9046438,
              24.2373443
            ],
            [
              76.9045631,
              24.2374531
            ],
            [
              76.9045106,
              24.2375282
            ],
            [
              76.9044622,
              24.2376152
            ],
            [
              76.9042418,
              24.2380652
            ],
            [
              76.9041431,
              24.2382328
            ],
            [
              76.9040402,
              24.2384011
            ],
            [
              76.9038532,
              24.2386764
            ],
            [
              76.9036186,
              24.2389735
            ],
            [
              76.9035543,
              24.2390445
            ],
            [
              76.9034224,
              24.2391462
            ],
            [
              76.9033316,
              24.2392051
            ],
            [
              76.903215,
              24.2392688
            ],
            [
              76.903054,
              24.239338
            ],
            [
              76.9029811,
              24.2393629
            ],
            [
              76.9029176,
              24.2393735
            ],
            [
              76.9028113,
              24.2393698
            ],
            [
              76.9024967,
              24.2393281
            ],
            [
              76.9024235,
              24.2393195
            ],
            [
              76.9023262,
              24.2393011
            ],
            [
              76.9022654,
              24.2392885
            ],
            [
              76.9021197,
              24.2392422
            ],
            [
              76.9020123,
              24.2392081
            ],
            [
              76.9019714,
              24.2391976
            ],
            [
              76.9015688,
              24.2390941
            ],
            [
              76.9014791,
              24.2390776
            ],
            [
              76.9013488,
              24.2390681
            ],
            [
              76.9011411,
              24.2390779
            ],
            [
              76.9008512,
              24.2391067
            ],
            [
              76.9006399,
              24.2391345
            ],
            [
              76.900569,
              24.2391587
            ],
            [
              76.9004841,
              24.2392084
            ],
            [
              76.9001215,
              24.2394697
            ],
            [
              76.8994957,
              24.2399366
            ],
            [
              76.8992607,
              24.2401169
            ],
            [
              76.8989788,
              24.2403624
            ],
            [
              76.8985055,
              24.2407868
            ],
            [
              76.8982181,
              24.2410444
            ],
            [
              76.8980836,
              24.2411897
            ],
            [
              76.8979983,
              24.2413009
            ],
            [
              76.8978382,
              24.2416159
            ],
            [
              76.8977317,
              24.2417758
            ],
            [
              76.8973407,
              24.2421834
            ],
            [
              76.8969391,
              24.2425507
            ],
            [
              76.8961556,
              24.2430892
            ],
            [
              76.8956357,
              24.2431699
            ],
            [
              76.8947478,
              24.2433078
            ],
            [
              76.8941763,
              24.2433965
            ],
            [
              76.8926735,
              24.2436545
            ],
            [
              76.8917104,
              24.2437838
            ],
            [
              76.890685,
              24.2440268
            ],
            [
              76.8892286,
              24.2444196
            ],
            [
              76.8887794,
              24.2446735
            ],
            [
              76.8882016,
              24.2448928
            ],
            [
              76.8874098,
              24.2456159
            ],
            [
              76.8866878,
              24.2464058
            ],
            [
              76.8862191,
              24.247003
            ],
            [
              76.8859745,
              24.2477825
            ],
            [
              76.8860045,
              24.2479405
            ],
            [
              76.8860813,
              24.2483455
            ],
            [
              76.886256,
              24.2487246
            ],
            [
              76.8864577,
              24.2491625
            ],
            [
              76.8868685,
              24.2499745
            ],
            [
              76.8868837,
              24.2500014
            ],
            [
              76.8870059,
              24.2502203
            ],
            [
              76.8871315,
              24.2504452
            ],
            [
              76.8873003,
              24.2508765
            ],
            [
              76.8873129,
              24.2509055
            ],
            [
              76.8878424,
              24.2521276
            ],
            [
              76.8876725,
              24.2522249
            ],
            [
              76.8852367,
              24.25362
            ],
            [
              76.8851649,
              24.2536477
            ],
            [
              76.8837673,
              24.2536966
            ],
            [
              76.8829433,
              24.2539145
            ],
            [
              76.8812193,
              24.2545362
            ],
            [
              76.8796302,
              24.2552962
            ],
            [
              76.8796448,
              24.2555971
            ],
            [
              76.8797032,
              24.2568059
            ],
            [
              76.8797151,
              24.2570513
            ],
            [
              76.8797339,
              24.2572759
            ],
            [
              76.8799241,
              24.2595451
            ],
            [
              76.8799202,
              24.2602713
            ],
            [
              76.8799202,
              24.260281
            ],
            [
              76.8791651,
              24.2608366
            ],
            [
              76.877487,
              24.2619092
            ],
            [
              76.8767676,
              24.2622115
            ],
            [
              76.8762854,
              24.2622355
            ],
            [
              76.8752249,
              24.2621132
            ],
            [
              76.873868,
              24.2622608
            ],
            [
              76.8731297,
              24.2626175
            ],
            [
              76.8731598,
              24.2629013
            ],
            [
              76.8732278,
              24.2635385
            ],
            [
              76.8732838,
              24.2640647
            ],
            [
              76.873513,
              24.2659218
            ],
            [
              76.8725325,
              24.2665614
            ],
            [
              76.869979,
              24.2683941
            ],
            [
              76.8686079,
              24.2692596
            ],
            [
              76.8678197,
              24.2697692
            ],
            [
              76.8677868,
              24.2697904
            ],
            [
              76.8658175,
              24.2710636
            ],
            [
              76.8649532,
              24.2717064
            ],
            [
              76.8643609,
              24.2721468
            ],
            [
              76.8642974,
              24.2721837
            ],
            [
              76.862615,
              24.2733194
            ],
            [
              76.8625718,
              24.2740738
            ],
            [
              76.8625586,
              24.2741748
            ],
            [
              76.8623021,
              24.2765194
            ],
            [
              76.8620581,
              24.2790369
            ],
            [
              76.8617858,
              24.2816406
            ],
            [
              76.8616784,
              24.2827489
            ],
            [
              76.8615461,
              24.2841129
            ],
            [
              76.8615025,
              24.2845669
            ],
            [
              76.8614156,
              24.2854734
            ],
            [
              76.8613067,
              24.2866077
            ],
            [
              76.8608611,
              24.2891548
            ],
            [
              76.8604794,
              24.2916875
            ],
            [
              76.8601156,
              24.2940936
            ],
            [
              76.859904,
              24.2951255
            ],
            [
              76.8596838,
              24.2957231
            ],
            [
              76.8591554,
              24.2971571
            ],
            [
              76.8580991,
              24.2993731
            ],
            [
              76.8572669,
              24.3017578
            ],
            [
              76.8568849,
              24.3029227
            ],
            [
              76.8558555,
              24.3049577
            ],
            [
              76.8544146,
              24.3071513
            ],
            [
              76.8538798,
              24.308318
            ],
            [
              76.8529065,
              24.3102297
            ],
            [
              76.8528645,
              24.3103122
            ],
            [
              76.8528521,
              24.3103366
            ],
            [
              76.8527703,
              24.3105022
            ],
            [
              76.852762,
              24.3105189
            ],
            [
              76.8522089,
              24.3116384
            ],
            [
              76.8518892,
              24.3120554
            ],
            [
              76.8516674,
              24.3123447
            ],
            [
              76.8509472,
              24.3129539
            ],
            [
              76.8500171,
              24.3137011
            ],
            [
              76.8478651,
              24.3154518
            ],
            [
              76.8464771,
              24.3165522
            ],
            [
              76.8451613,
              24.3178773
            ],
            [
              76.844319,
              24.3187271
            ],
            [
              76.8441513,
              24.3188963
            ],
            [
              76.842605,
              24.320301
            ],
            [
              76.8416176,
              24.3215184
            ],
            [
              76.8410542,
              24.3224145
            ],
            [
              76.8408088,
              24.3231669
            ],
            [
              76.8405976,
              24.324117
            ],
            [
              76.8403651,
              24.3251902
            ],
            [
              76.8402152,
              24.3260678
            ],
            [
              76.8396802,
              24.3279117
            ],
            [
              76.8393129,
              24.3290854
            ],
            [
              76.8387809,
              24.3308028
            ],
            [
              76.8386285,
              24.3313784
            ],
            [
              76.8385099,
              24.3318263
            ],
            [
              76.8380081,
              24.333584
            ],
            [
              76.8378685,
              24.33415
            ],
            [
              76.8377373,
              24.3356458
            ],
            [
              76.8377015,
              24.3376956
            ],
            [
              76.8376968,
              24.3379622
            ],
            [
              76.8376492,
              24.3391004
            ],
            [
              76.8376412,
              24.3397657
            ],
            [
              76.837629,
              24.3407755
            ],
            [
              76.8374923,
              24.342908
            ],
            [
              76.8374394,
              24.3440191
            ],
            [
              76.8373855,
              24.3457488
            ],
            [
              76.8373112,
              24.3464043
            ],
            [
              76.8371556,
              24.3468937
            ],
            [
              76.8367128,
              24.3478282
            ],
            [
              76.8364909,
              24.3482967
            ],
            [
              76.8354282,
              24.350797
            ],
            [
              76.8343959,
              24.3530216
            ],
            [
              76.8343601,
              24.353107
            ],
            [
              76.8340894,
              24.3537537
            ],
            [
              76.8337956,
              24.3544554
            ],
            [
              76.8327322,
              24.3565765
            ],
            [
              76.8318849,
              24.3579681
            ],
            [
              76.8324133,
              24.3580846
            ],
            [
              76.8326809,
              24.3581436
            ],
            [
              76.8349778,
              24.3586393
            ],
            [
              76.8354738,
              24.3587463
            ],
            [
              76.8362384,
              24.3590151
            ],
            [
              76.8363803,
              24.3590649
            ],
            [
              76.8373488,
              24.3595904
            ],
            [
              76.8386681,
              24.3605134
            ],
            [
              76.8401608,
              24.3615065
            ],
            [
              76.84136,
              24.3623015
            ],
            [
              76.8422806,
              24.3629118
            ],
            [
              76.8434504,
              24.3637237
            ],
            [
              76.8452595,
              24.3654533
            ],
            [
              76.8470916,
              24.3670651
            ],
            [
              76.8476339,
              24.3674837
            ],
            [
              76.8486118,
              24.3682384
            ],
            [
              76.8497637,
              24.3690029
            ],
            [
              76.8500947,
              24.3692225
            ],
            [
              76.8501597,
              24.369288
            ],
            [
              76.8513852,
              24.3705249
            ],
            [
              76.8508633,
              24.3709015
            ],
            [
              76.8508511,
              24.37091
            ],
            [
              76.8502047,
              24.371361
            ],
            [
              76.8489579,
              24.3720488
            ],
            [
              76.8476047,
              24.3728689
            ],
            [
              76.8464224,
              24.3735875
            ],
            [
              76.8458282,
              24.3740733
            ],
            [
              76.8454464,
              24.3745926
            ],
            [
              76.8452324,
              24.3751324
            ],
            [
              76.8451756,
              24.3756342
            ],
            [
              76.8452365,
              24.3760894
            ],
            [
              76.8456569,
              24.3768743
            ],
            [
              76.8466403,
              24.3780721
            ],
            [
              76.8479972,
              24.3795318
            ],
            [
              76.8487379,
              24.3802992
            ],
            [
              76.8494473,
              24.3809587
            ],
            [
              76.8501741,
              24.381794
            ],
            [
              76.8506176,
              24.3824612
            ],
            [
              76.8507382,
              24.3829609
            ],
            [
              76.8507253,
              24.3831133
            ],
            [
              76.8507038,
              24.3833671
            ],
            [
              76.8506911,
              24.3834445
            ],
            [
              76.850513,
              24.3840787
            ],
            [
              76.8501423,
              24.3846881
            ],
            [
              76.8495713,
              24.3854174
            ],
            [
              76.84907,
              24.3861909
            ],
            [
              76.8489122,
              24.3868655
            ],
            [
              76.8489139,
              24.3873214
            ],
            [
              76.8491176,
              24.3881044
            ],
            [
              76.8492046,
              24.3886632
            ],
            [
              76.8491532,
              24.389201
            ],
            [
              76.8490694,
              24.3895361
            ],
            [
              76.848699,
              24.3901636
            ],
            [
              76.8483049,
              24.3906906
            ],
            [
              76.8482493,
              24.390765
            ],
            [
              76.8476045,
              24.3915087
            ],
            [
              76.8471459,
              24.3921734
            ],
            [
              76.846817,
              24.3929404
            ],
            [
              76.8467392,
              24.3933566
            ],
            [
              76.8465525,
              24.3944152
            ],
            [
              76.8463477,
              24.3955824
            ],
            [
              76.8461679,
              24.3960745
            ],
            [
              76.8460727,
              24.3963352
            ],
            [
              76.8458466,
              24.3967216
            ],
            [
              76.8457077,
              24.3968686
            ],
            [
              76.8451138,
              24.3975115
            ],
            [
              76.8447924,
              24.3981249
            ],
            [
              76.8447202,
              24.3985817
            ],
            [
              76.8448352,
              24.3990318
            ],
            [
              76.8450287,
              24.3994628
            ],
            [
              76.8450289,
              24.3998104
            ],
            [
              76.8447712,
              24.4007345
            ],
            [
              76.8441985,
              24.4020325
            ],
            [
              76.8438564,
              24.4027211
            ],
            [
              76.8436908,
              24.4030544
            ],
            [
              76.8432477,
              24.4037776
            ],
            [
              76.8421879,
              24.4048017
            ],
            [
              76.8413972,
              24.4053486
            ],
            [
              76.8406213,
              24.4058907
            ],
            [
              76.8400574,
              24.4060917
            ],
            [
              76.8391217,
              24.4061662
            ],
            [
              76.8389576,
              24.4061906
            ],
            [
              76.8383592,
              24.4062793
            ],
            [
              76.8379283,
              24.4064832
            ],
            [
              76.8377008,
              24.4067704
            ],
            [
              76.8375073,
              24.4073641
            ],
            [
              76.837482,
              24.4079924
            ],
            [
              76.8374565,
              24.4086287
            ],
            [
              76.8373785,
              24.4097086
            ],
            [
              76.8374808,
              24.4106464
            ],
            [
              76.8375934,
              24.4112725
            ],
            [
              76.8378741,
              24.4119327
            ],
            [
              76.8384072,
              24.412653
            ],
            [
              76.8390555,
              24.4131688
            ],
            [
              76.8402371,
              24.4137368
            ],
            [
              76.8409104,
              24.4139227
            ],
            [
              76.8415819,
              24.4139913
            ],
            [
              76.842395,
              24.4140431
            ],
            [
              76.8427711,
              24.4140671
            ],
            [
              76.843509,
              24.4142974
            ],
            [
              76.8444437,
              24.4148367
            ],
            [
              76.8448317,
              24.4151334
            ],
            [
              76.8452165,
              24.4154277
            ],
            [
              76.8454917,
              24.4156872
            ],
            [
              76.8456086,
              24.4157974
            ],
            [
              76.8457364,
              24.415918
            ],
            [
              76.846058,
              24.4163339
            ],
            [
              76.8463454,
              24.4171114
            ],
            [
              76.8464252,
              24.4174066
            ],
            [
              76.846731,
              24.4185377
            ],
            [
              76.8472209,
              24.4196784
            ],
            [
              76.8478275,
              24.4207093
            ],
            [
              76.8485705,
              24.4216211
            ],
            [
              76.8493376,
              24.4224965
            ],
            [
              76.8498383,
              24.4230186
            ],
            [
              76.85022,
              24.423497
            ],
            [
              76.8504461,
              24.4241262
            ],
            [
              76.8505182,
              24.4243873
            ],
            [
              76.8505554,
              24.4245221
            ],
            [
              76.8505469,
              24.4246549
            ],
            [
              76.8505233,
              24.4250236
            ],
            [
              76.8503828,
              24.4255354
            ],
            [
              76.8501263,
              24.4262022
            ],
            [
              76.8498819,
              24.4266882
            ],
            [
              76.8491404,
              24.4275685
            ],
            [
              76.8481733,
              24.4285329
            ],
            [
              76.8470582,
              24.429499
            ],
            [
              76.8464124,
              24.4301796
            ],
            [
              76.8463271,
              24.4302844
            ],
            [
              76.8459231,
              24.4307814
            ],
            [
              76.8458138,
              24.4310626
            ],
            [
              76.8457696,
              24.4314108
            ],
            [
              76.8457412,
              24.4325126
            ],
            [
              76.8457212,
              24.433506
            ],
            [
              76.8455963,
              24.4344104
            ],
            [
              76.8452954,
              24.4354208
            ],
            [
              76.8447629,
              24.436443
            ],
            [
              76.8431867,
              24.4359887
            ],
            [
              76.8418928,
              24.4356972
            ],
            [
              76.839141,
              24.4355331
            ],
            [
              76.8372093,
              24.4354785
            ],
            [
              76.8353322,
              24.4354785
            ],
            [
              76.8341112,
              24.4355149
            ],
            [
              76.8327444,
              24.4357518
            ],
            [
              76.8318878,
              24.4363897
            ],
            [
              76.8305575,
              24.4364808
            ],
            [
              76.8281884,
              24.4357701
            ],
            [
              76.8270767,
              24.4353509
            ],
            [
              76.8264935,
              24.4353327
            ],
            [
              76.8260197,
              24.4357336
            ],
            [
              76.8249445,
              24.4363714
            ],
            [
              76.8238146,
              24.4364079
            ],
            [
              76.823359,
              24.4359158
            ],
            [
              76.8217188,
              24.4352051
            ],
            [
              76.8190399,
              24.4347495
            ],
            [
              76.8163792,
              24.4340023
            ],
            [
              76.8156685,
              24.4334738
            ],
            [
              76.8150853,
              24.4328724
            ],
            [
              76.8150853,
              24.4320341
            ],
            [
              76.8151947,
              24.4312323
            ],
            [
              76.8157231,
              24.4304304
            ],
            [
              76.8164521,
              24.4299566
            ],
            [
              76.8172175,
              24.4295192
            ],
            [
              76.8178554,
              24.4281889
            ],
            [
              76.8176731,
              24.4271683
            ],
            [
              76.8165797,
              24.4266034
            ],
            [
              76.8157596,
              24.4269861
            ],
            [
              76.8152858,
              24.4274781
            ],
            [
              76.8126797,
              24.4311594
            ],
            [
              76.8114952,
              24.4324533
            ],
            [
              76.8104382,
              24.4331276
            ],
            [
              76.8090714,
              24.4333098
            ],
            [
              76.8065747,
              24.432672
            ],
            [
              76.8045701,
              24.431615
            ],
            [
              76.8021463,
              24.4324168
            ],
            [
              76.7975174,
              24.4342757
            ],
            [
              76.7962417,
              24.4371733
            ],
            [
              76.7915217,
              24.4395606
            ],
            [
              76.7897175,
              24.439105
            ],
            [
              76.7852526,
              24.4382303
            ],
            [
              76.7786008,
              24.4363168
            ],
            [
              76.7781088,
              24.4385401
            ],
            [
              76.7764869,
              24.4408181
            ],
            [
              76.7750836,
              24.4429139
            ],
            [
              76.7713841,
              24.4441531
            ],
            [
              76.767065,
              24.4457204
            ],
            [
              76.7635843,
              24.4470507
            ],
            [
              76.7603951,
              24.4475974
            ],
            [
              76.7604497,
              24.444554
            ],
            [
              76.759575,
              24.4444811
            ],
            [
              76.7575886,
              24.4447545
            ],
            [
              76.7553835,
              24.4455746
            ],
            [
              76.7547274,
              24.4450643
            ],
            [
              76.7513377,
              24.4399069
            ],
            [
              76.7506999,
              24.4392691
            ],
            [
              76.7488046,
              24.4385583
            ],
            [
              76.7447224,
              24.4341846
            ],
            [
              76.7436836,
              24.4327084
            ],
            [
              76.7420982,
              24.4311594
            ],
            [
              76.740786,
              24.430394
            ],
            [
              76.7391823,
              24.4280248
            ],
            [
              76.7377973,
              24.4247992
            ],
            [
              76.7367767,
              24.423159
            ],
            [
              76.7358306,
              24.4235244
            ],
            [
              76.7339156,
              24.423888
            ],
            [
              76.7330773,
              24.4235
            ],
            [
              76.7306838,
              24.4226401
            ],
            [
              76.7283937,
              24.419496
            ],
            [
              76.7281932,
              24.417783
            ],
            [
              76.7274461,
              24.4163433
            ],
            [
              76.7262979,
              24.4147031
            ],
            [
              76.7256965,
              24.4131358
            ],
            [
              76.7240017,
              24.4146667
            ],
            [
              76.7223069,
              24.4167624
            ],
            [
              76.7195733,
              24.4125891
            ],
            [
              76.7146164,
              24.4138648
            ],
            [
              76.7139603,
              24.4113681
            ],
            [
              76.7134318,
              24.4069032
            ],
            [
              76.7118176,
              24.4032509
            ],
            [
              76.7026016,
              24.4107432
            ],
            [
              76.6993588,
              24.4146881
            ],
            [
              76.6979148,
              24.4175024
            ],
            [
              76.6972307,
              24.4218392
            ],
            [
              76.6976614,
              24.4247226
            ],
            [
              76.6972054,
              24.4263142
            ],
            [
              76.6929492,
              24.4285747
            ],
            [
              76.6854503,
              24.4335339
            ],
            [
              76.6802568,
              24.4376625
            ],
            [
              76.6785087,
              24.4383545
            ],
            [
              76.6759246,
              24.4386312
            ],
            [
              76.6745312,
              24.4384467
            ],
            [
              76.6723271,
              24.4374549
            ],
            [
              76.6695404,
              24.4349639
            ],
            [
              76.6628775,
              24.429359
            ],
            [
              76.6610534,
              24.4246765
            ],
            [
              76.6598627,
              24.4226466
            ],
            [
              76.6589253,
              24.4219776
            ],
            [
              76.6515277,
              24.4171334
            ],
            [
              76.6416473,
              24.4134193
            ],
            [
              76.6360738,
              24.4123812
            ],
            [
              76.6321723,
              24.4120466
            ],
            [
              76.6290689,
              24.4119774
            ],
            [
              76.6270041,
              24.4124619
            ],
            [
              76.6223173,
              24.4149649
            ],
            [
              76.6113729,
              24.4218623
            ],
            [
              76.606078,
              24.4256683
            ],
            [
              76.6034179,
              24.4313196
            ],
            [
              76.5977684,
              24.4411683
            ],
            [
              76.5954123,
              24.447234
            ],
            [
              76.5927775,
              24.4539912
            ],
            [
              76.5908775,
              24.4559976
            ],
            [
              76.5842652,
              24.4593414
            ],
            [
              76.5775516,
              24.4612324
            ],
            [
              76.5740808,
              24.4630772
            ],
            [
              76.5732955,
              24.4653601
            ],
            [
              76.5737515,
              24.4683117
            ],
            [
              76.5765889,
              24.4748834
            ],
            [
              76.578033,
              24.4804171
            ],
            [
              76.5792997,
              24.4852359
            ],
            [
              76.5800091,
              24.4879795
            ],
            [
              76.5799077,
              24.4898008
            ],
            [
              76.579021,
              24.4908844
            ],
            [
              76.5758542,
              24.4920141
            ],
            [
              76.5735741,
              24.4928671
            ],
            [
              76.5713701,
              24.4933974
            ],
            [
              76.5698753,
              24.4936279
            ],
            [
              76.5684313,
              24.4936971
            ],
            [
              76.5658725,
              24.4931438
            ],
            [
              76.5635164,
              24.4923369
            ],
            [
              76.5620471,
              24.491968
            ],
            [
              76.5600203,
              24.4919911
            ],
            [
              76.5585256,
              24.4924291
            ],
            [
              76.5548521,
              24.4939507
            ],
            [
              76.5496839,
              24.4960717
            ],
            [
              76.543325,
              24.4994144
            ],
            [
              76.5381822,
              24.5046244
            ],
            [
              76.5360034,
              24.5096036
            ],
            [
              76.5351167,
              24.5136606
            ],
            [
              76.5361554,
              24.518893
            ],
            [
              76.5371181,
              24.5262917
            ],
            [
              76.5377515,
              24.5365479
            ],
            [
              76.5363074,
              24.54519
            ],
            [
              76.5358767,
              24.5533707
            ],
            [
              76.5359021,
              24.5591083
            ],
            [
              76.5356994,
              24.5619656
            ],
            [
              76.533698,
              24.5668503
            ],
            [
              76.5312406,
              24.5712511
            ],
            [
              76.5275924,
              24.5727717
            ],
            [
              76.5229056,
              24.5737394
            ],
            [
              76.5196375,
              24.576458
            ],
            [
              76.5181681,
              24.5805589
            ],
            [
              76.5179148,
              24.5863415
            ],
            [
              76.5186748,
              24.5934828
            ],
            [
              76.5209042,
              24.6004395
            ],
            [
              76.5216389,
              24.6090082
            ],
            [
              76.5212082,
              24.6120946
            ],
            [
              76.5194601,
              24.6146281
            ],
            [
              76.5185228,
              24.6164707
            ],
            [
              76.5184721,
              24.6191193
            ],
            [
              76.5191308,
              24.6205703
            ],
            [
              76.5204735,
              24.6224358
            ],
            [
              76.5218162,
              24.6305193
            ],
            [
              76.5249577,
              24.6365989
            ],
            [
              76.5273391,
              24.6412735
            ],
            [
              76.5283778,
              24.6454413
            ],
            [
              76.5283271,
              24.6524182
            ],
            [
              76.5287578,
              24.6563093
            ],
            [
              76.5291103,
              24.6600622
            ],
            [
              76.5249591,
              24.6592328
            ],
            [
              76.5209316,
              24.6581941
            ],
            [
              76.5168676,
              24.6569002
            ],
            [
              76.5123299,
              24.6551142
            ],
            [
              76.5074641,
              24.6528362
            ],
            [
              76.50258,
              24.651433
            ],
            [
              76.4990446,
              24.6508316
            ],
            [
              76.4944157,
              24.6506493
            ],
            [
              76.488584,
              24.6493919
            ],
            [
              76.4843742,
              24.6587226
            ],
            [
              76.476137,
              24.6592146
            ],
            [
              76.472802,
              24.6651921
            ],
            [
              76.4715992,
              24.6683448
            ],
            [
              76.4711254,
              24.6719532
            ],
            [
              76.4713076,
              24.6741583
            ],
            [
              76.4717086,
              24.6762176
            ],
            [
              76.4723099,
              24.6786232
            ],
            [
              76.4713441,
              24.6824138
            ],
            [
              76.4705604,
              24.6847829
            ],
            [
              76.4691754,
              24.6873889
            ],
            [
              76.4681366,
              24.6910337
            ],
            [
              76.4657129,
              24.6931113
            ],
            [
              76.4635624,
              24.6953893
            ],
            [
              76.4630521,
              24.6997266
            ],
            [
              76.4625237,
              24.7019317
            ],
            [
              76.4610657,
              24.7055583
            ],
            [
              76.4595167,
              24.7070891
            ],
            [
              76.4587877,
              24.7116086
            ],
            [
              76.4578219,
              24.7180599
            ],
            [
              76.4577307,
              24.7219234
            ],
            [
              76.4571476,
              24.7268075
            ],
            [
              76.4567284,
              24.7288121
            ],
            [
              76.4532659,
              24.7324022
            ],
            [
              76.4498762,
              24.7358466
            ],
            [
              76.4476711,
              24.7376325
            ],
            [
              76.4471061,
              24.7400016
            ],
            [
              76.445138,
              24.7446123
            ],
            [
              76.4449193,
              24.7478562
            ],
            [
              76.4448054,
              24.7498352
            ],
            [
              76.4422666,
              24.762821
            ],
            [
              76.4420639,
              24.7727587
            ],
            [
              76.4387198,
              24.7768992
            ],
            [
              76.4404425,
              24.7825116
            ],
            [
              76.4405945,
              24.7863757
            ],
            [
              76.4405439,
              24.7974614
            ],
            [
              76.4398345,
              24.8067524
            ],
            [
              76.4407972,
              24.8123174
            ],
            [
              76.4420132,
              24.8235848
            ],
            [
              76.4423679,
              24.8311724
            ],
            [
              76.4192124,
              24.8297929
            ],
            [
              76.4196431,
              24.8365754
            ],
            [
              76.4190858,
              24.8381388
            ],
            [
              76.417971,
              24.840139
            ],
            [
              76.416983,
              24.8415184
            ],
            [
              76.415919,
              24.8420012
            ],
            [
              76.4150323,
              24.8421391
            ],
            [
              76.4106748,
              24.842461
            ],
            [
              76.4055066,
              24.842507
            ],
            [
              76.4044932,
              24.8403919
            ],
            [
              76.4030998,
              24.8397711
            ],
            [
              76.4017571,
              24.8389894
            ],
            [
              76.4009464,
              24.8378859
            ],
            [
              76.3998064,
              24.8367363
            ],
            [
              76.398717,
              24.8361616
            ],
            [
              76.3975516,
              24.8363455
            ],
            [
              76.3935488,
              24.8380468
            ],
            [
              76.3908127,
              24.8407597
            ],
            [
              76.3877473,
              24.8426449
            ],
            [
              76.3862779,
              24.8448749
            ],
            [
              76.3859739,
              24.846783
            ],
            [
              76.3834658,
              24.8496796
            ],
            [
              76.3778162,
              24.8538405
            ],
            [
              76.3766255,
              24.8554726
            ],
            [
              76.3761188,
              24.8568749
            ],
            [
              76.3761948,
              24.8579783
            ],
            [
              76.3765495,
              24.8588747
            ],
            [
              76.3765748,
              24.860162
            ],
            [
              76.3761695,
              24.8610585
            ],
            [
              76.3736867,
              24.8626446
            ],
            [
              76.3714573,
              24.8627135
            ],
            [
              76.3685185,
              24.8625296
            ],
            [
              76.3666185,
              24.8637939
            ],
            [
              76.3639077,
              24.8670808
            ],
            [
              76.3612476,
              24.8696092
            ],
            [
              76.3598036,
              24.8705516
            ],
            [
              76.3571688,
              24.8702758
            ],
            [
              76.354534,
              24.8697011
            ],
            [
              76.3528366,
              24.8685978
            ],
            [
              76.3513926,
              24.8679083
            ],
            [
              76.3496192,
              24.8672417
            ],
            [
              76.3460977,
              24.8660005
            ],
            [
              76.3433616,
              24.865173
            ],
            [
              76.3419176,
              24.8643915
            ],
            [
              76.3401948,
              24.8638628
            ],
            [
              76.3386494,
              24.863564
            ],
            [
              76.3365467,
              24.863564
            ],
            [
              76.334976,
              24.8639318
            ],
            [
              76.3331266,
              24.8644834
            ],
            [
              76.3317332,
              24.8640237
            ],
            [
              76.3309732,
              24.8629664
            ],
            [
              76.3308465,
              24.8615182
            ],
            [
              76.3310998,
              24.8603689
            ],
            [
              76.3312012,
              24.8594494
            ],
            [
              76.3312012,
              24.858346
            ],
            [
              76.3309732,
              24.8573806
            ],
            [
              76.3303145,
              24.856714
            ],
            [
              76.3290477,
              24.8557025
            ],
            [
              76.3291998,
              24.8521854
            ],
            [
              76.3282624,
              24.8500245
            ],
            [
              76.3278317,
              24.8485072
            ],
            [
              76.3263623,
              24.8474957
            ],
            [
              76.3249436,
              24.8465301
            ],
            [
              76.3236769,
              24.8464842
            ],
            [
              76.3213715,
              24.846898
            ],
            [
              76.3205101,
              24.8475187
            ],
            [
              76.3189647,
              24.8485302
            ],
            [
              76.3177233,
              24.848898
            ],
            [
              76.3162539,
              24.8486221
            ],
            [
              76.3154179,
              24.8480474
            ],
            [
              76.3143032,
              24.8470819
            ],
            [
              76.3133658,
              24.8458175
            ],
            [
              76.3124791,
              24.8436105
            ],
            [
              76.3123778,
              24.8422541
            ],
            [
              76.3121498,
              24.8404378
            ],
            [
              76.3127071,
              24.8372651
            ],
            [
              76.3122511,
              24.8364834
            ],
            [
              76.309667,
              24.8367133
            ],
            [
              76.308527,
              24.8371732
            ],
            [
              76.3052335,
              24.8380698
            ],
            [
              76.3051322,
              24.8405068
            ],
            [
              76.3039161,
              24.8408976
            ],
            [
              76.3022441,
              24.8405068
            ],
            [
              76.3013321,
              24.8389664
            ],
            [
              76.3013067,
              24.837564
            ],
            [
              76.3026241,
              24.8366214
            ],
            [
              76.3041188,
              24.8360926
            ],
            [
              76.3057909,
              24.8353569
            ],
            [
              76.3053095,
              24.8341843
            ],
            [
              76.3027001,
              24.8341613
            ],
            [
              76.3007494,
              24.8342073
            ],
            [
              76.2960625,
              24.834966
            ],
            [
              76.2909703,
              24.834966
            ],
            [
              76.2872209,
              24.835058
            ],
            [
              76.2876768,
              24.8316323
            ],
            [
              76.2888928,
              24.8250104
            ],
            [
              76.2912743,
              24.8184801
            ],
            [
              76.2897036,
              24.8156288
            ],
            [
              76.2878289,
              24.8149849
            ],
            [
              76.2869675,
              24.8148929
            ],
            [
              76.2863595,
              24.8129153
            ],
            [
              76.2845861,
              24.8095119
            ],
            [
              76.2830153,
              24.8079942
            ],
            [
              76.2802792,
              24.8077182
            ],
            [
              76.2784552,
              24.8075343
            ],
            [
              76.273591,
              24.8074883
            ],
            [
              76.2715643,
              24.8074883
            ],
            [
              76.2681188,
              24.8079482
            ],
            [
              76.265636,
              24.8084081
            ],
            [
              76.265484,
              24.8108457
            ],
            [
              76.2660414,
              24.8135132
            ],
            [
              76.2664974,
              24.8158127
            ],
            [
              76.2671054,
              24.8184801
            ],
            [
              76.2674601,
              24.8200437
            ],
            [
              76.2674094,
              24.8212394
            ],
            [
              76.2654334,
              24.8241366
            ],
            [
              76.2673081,
              24.8290571
            ],
            [
              76.2680175,
              24.8366904
            ],
            [
              76.2686255,
              24.8421161
            ],
            [
              76.2614812,
              24.842438
            ],
            [
              76.2574277,
              24.8428518
            ],
            [
              76.2551476,
              24.8421621
            ],
            [
              76.2534756,
              24.8414264
            ],
            [
              76.2516515,
              24.8399091
            ],
            [
              76.2505368,
              24.8378859
            ],
            [
              76.2502835,
              24.8356328
            ],
            [
              76.2506381,
              24.8333336
            ],
            [
              76.2510435,
              24.8317242
            ],
            [
              76.2521582,
              24.8285053
            ],
            [
              76.2514488,
              24.8273097
            ],
            [
              76.2503848,
              24.8272177
            ],
            [
              76.245273,
              24.8281383
            ],
            [
              76.2426928,
              24.8285609
            ],
            [
              76.2393119,
              24.8292671
            ],
            [
              76.2389333,
              24.828297
            ],
            [
              76.235653,
              24.8285703
            ],
            [
              76.2354803,
              24.8290058
            ],
            [
              76.2297849,
              24.8296455
            ],
            [
              76.2290023,
              24.8287533
            ],
            [
              76.2212464,
              24.8289997
            ],
            [
              76.2224158,
              24.8254702
            ],
            [
              76.2254559,
              24.8193079
            ],
            [
              76.2266213,
              24.8158587
            ],
            [
              76.2261146,
              24.8119035
            ],
            [
              76.2230238,
              24.8024749
            ],
            [
              76.220085,
              24.7943336
            ],
            [
              76.2198317,
              24.7848577
            ],
            [
              76.218717,
              24.7801194
            ],
            [
              76.2130928,
              24.7691702
            ],
            [
              76.2080766,
              24.7629131
            ],
            [
              76.2038204,
              24.7576219
            ],
            [
              76.201839,
              24.7543052
            ],
            [
              76.2003531,
              24.7542528
            ],
            [
              76.1966718,
              24.753779
            ],
            [
              76.1928448,
              24.7568406
            ],
            [
              76.1885257,
              24.7549453
            ],
            [
              76.1848809,
              24.7532323
            ],
            [
              76.1810903,
              24.7522846
            ],
            [
              76.1782838,
              24.7511183
            ],
            [
              76.1756049,
              24.7508267
            ],
            [
              76.1735456,
              24.7505533
            ],
            [
              76.1717596,
              24.7498426
            ],
            [
              76.1693723,
              24.7482207
            ],
            [
              76.1651443,
              24.7472001
            ],
            [
              76.1616635,
              24.7461978
            ],
            [
              76.1571075,
              24.7452502
            ],
            [
              76.1545926,
              24.7440474
            ],
            [
              76.1526062,
              24.7449221
            ],
            [
              76.1498726,
              24.7469632
            ],
            [
              76.1410157,
              24.7531776
            ],
            [
              76.1412891,
              24.7567131
            ],
            [
              76.1398129,
              24.7598476
            ],
            [
              76.1392844,
              24.7643307
            ],
            [
              76.1386101,
              24.7684675
            ],
            [
              76.1400863,
              24.7760669
            ],
            [
              76.1407241,
              24.7806776
            ],
            [
              76.1466105,
              24.7888055
            ],
            [
              76.1497268,
              24.7916303
            ],
            [
              76.1522235,
              24.7962591
            ],
            [
              76.1499273,
              24.7955302
            ],
            [
              76.1464282,
              24.7962774
            ],
            [
              76.1450432,
              24.7964596
            ],
            [
              76.1430932,
              24.7964961
            ],
            [
              76.1394849,
              24.79779
            ],
            [
              76.1378265,
              24.7997217
            ],
            [
              76.1366602,
              24.796897
            ],
            [
              76.1345462,
              24.7910471
            ],
            [
              76.131685,
              24.7888602
            ],
            [
              76.1278398,
              24.7857257
            ],
            [
              76.1227006,
              24.7823178
            ],
            [
              76.1198941,
              24.7794019
            ],
            [
              76.1164497,
              24.7747742
            ],
            [
              76.1150651,
              24.7732432
            ],
            [
              76.11696,
              24.77111
            ],
            [
              76.1177619,
              24.7695974
            ],
            [
              76.1177801,
              24.7676475
            ],
            [
              76.1166867,
              24.7658068
            ],
            [
              76.1144451,
              24.7637475
            ],
            [
              76.1117844,
              24.7622167
            ],
            [
              76.1057523,
              24.7601392
            ],
            [
              76.0973328,
              24.7570411
            ],
            [
              76.0906628,
              24.7548542
            ],
            [
              76.0802204,
              24.7488585
            ],
            [
              76.0703977,
              24.7439745
            ],
            [
              76.0654225,
              24.7426988
            ],
            [
              76.0665706,
              24.7415142
            ],
            [
              76.0593904,
              24.7344251
            ],
            [
              76.0572582,
              24.7319831
            ],
            [
              76.0576409,
              24.7303247
            ],
            [
              76.0599918,
              24.7288668
            ],
            [
              76.0627436,
              24.7259874
            ],
            [
              76.0656959,
              24.7228346
            ],
            [
              76.067737,
              24.7208482
            ],
            [
              76.0685388,
              24.7184609
            ],
            [
              76.0756097,
              24.7149254
            ],
            [
              76.0820975,
              24.7117544
            ],
            [
              76.0830451,
              24.7122829
            ],
            [
              76.0837194,
              24.7109708
            ],
            [
              76.0846853,
              24.709932
            ],
            [
              76.0878381,
              24.7077816
            ],
            [
              76.0920296,
              24.7046471
            ],
            [
              76.0937426,
              24.7030433
            ],
            [
              76.0955286,
              24.7011298
            ],
            [
              76.0980435,
              24.6986514
            ],
            [
              76.0989911,
              24.6972663
            ],
            [
              76.0989183,
              24.6947332
            ],
            [
              76.0994103,
              24.6924916
            ],
            [
              76.1007224,
              24.6914711
            ],
            [
              76.0994832,
              24.6902136
            ],
            [
              76.0987178,
              24.6894665
            ],
            [
              76.0975879,
              24.6888286
            ],
            [
              76.096458,
              24.6885735
            ],
            [
              76.0947632,
              24.6883184
            ],
            [
              76.0931048,
              24.6880268
            ],
            [
              76.0910819,
              24.6873525
            ],
            [
              76.0878198,
              24.6852932
            ],
            [
              76.0865988,
              24.6842726
            ],
            [
              76.0836283,
              24.6819399
            ],
            [
              76.0796373,
              24.6790788
            ],
            [
              76.0773228,
              24.67804
            ],
            [
              76.0739514,
              24.6767097
            ],
            [
              76.0694136,
              24.6746321
            ],
            [
              76.0655683,
              24.6729191
            ],
            [
              76.0633814,
              24.67137
            ],
            [
              76.0621422,
              24.6694018
            ],
            [
              76.061559,
              24.6668869
            ],
            [
              76.0617231,
              24.6629688
            ],
            [
              76.0623973,
              24.659087
            ],
            [
              76.0627983,
              24.6527998
            ],
            [
              76.0627618,
              24.6479339
            ],
            [
              76.0622698,
              24.6440522
            ],
            [
              76.0614315,
              24.6418836
            ],
            [
              76.0568026,
              24.6381841
            ],
            [
              76.0560189,
              24.6370178
            ],
            [
              76.0553811,
              24.6353229
            ],
            [
              76.05529,
              24.6328991
            ],
            [
              76.055454,
              24.631259
            ],
            [
              76.0566021,
              24.6271768
            ],
            [
              76.0567115,
              24.6256278
            ],
            [
              76.0555816,
              24.6218372
            ],
            [
              76.0554358,
              24.6199237
            ],
            [
              76.0555633,
              24.6187938
            ],
            [
              76.0562559,
              24.6169167
            ],
            [
              76.0576955,
              24.6155681
            ],
            [
              76.0604656,
              24.6131261
            ],
            [
              76.0616866,
              24.6109574
            ],
            [
              76.0629987,
              24.6069482
            ],
            [
              76.0642562,
              24.6023375
            ],
            [
              76.067172,
              24.5978908
            ],
            [
              76.0704159,
              24.5918222
            ],
            [
              76.0714911,
              24.5892162
            ],
            [
              76.0739149,
              24.5815894
            ],
            [
              76.0748535,
              24.5793661
            ],
            [
              76.0752726,
              24.5777624
            ],
            [
              76.0750084,
              24.5754206
            ],
            [
              76.0745345,
              24.5732884
            ],
            [
              76.0737418,
              24.5718487
            ],
            [
              76.072047,
              24.5703543
            ],
            [
              76.0710629,
              24.5698896
            ],
            [
              76.0704068,
              24.5697256
            ],
            [
              76.0695138,
              24.5696801
            ],
            [
              76.0679101,
              24.5701721
            ],
            [
              76.0668258,
              24.5702085
            ],
            [
              76.0640557,
              24.5689511
            ],
            [
              76.0612401,
              24.5672927
            ],
            [
              76.0590806,
              24.5657801
            ],
            [
              76.0576512,
              24.5640785
            ],
            [
              76.0565198,
              24.5623372
            ],
            [
              76.0522466,
              24.5648325
            ],
            [
              76.0529209,
              24.5659077
            ],
            [
              76.0536863,
              24.5666184
            ],
            [
              76.0542877,
              24.5676936
            ],
            [
              76.0521737,
              24.5689693
            ],
            [
              76.0478728,
              24.5705184
            ],
            [
              76.045613,
              24.5706824
            ],
            [
              76.044228,
              24.5665455
            ],
            [
              76.042843,
              24.5622993
            ],
            [
              76.0413122,
              24.5629372
            ],
            [
              76.0407472,
              24.5620442
            ],
            [
              76.0373758,
              24.5625363
            ],
            [
              76.0373211,
              24.5616068
            ],
            [
              76.0342777,
              24.5622264
            ],
            [
              76.0323277,
              24.5581807
            ],
            [
              76.0303231,
              24.5538981
            ],
            [
              76.0284825,
              24.5545906
            ],
            [
              76.0271703,
              24.5507635
            ],
            [
              76.0261316,
              24.5507635
            ],
            [
              76.021284,
              24.5526953
            ],
            [
              76.0171289,
              24.5552102
            ],
            [
              76.0135206,
              24.5566317
            ],
            [
              76.0110603,
              24.5574518
            ],
            [
              76.0088917,
              24.5571237
            ],
            [
              76.0056113,
              24.5554289
            ],
            [
              76.0039712,
              24.5551191
            ],
            [
              76.0041899,
              24.5568504
            ],
            [
              76.0013469,
              24.5564859
            ],
            [
              75.9987044,
              24.5571055
            ],
            [
              75.9986133,
              24.5588368
            ],
            [
              75.9970643,
              24.5589826
            ],
            [
              75.9963171,
              24.5589643
            ],
            [
              75.9934012,
              24.5599302
            ],
            [
              75.9914513,
              24.5598391
            ],
            [
              75.9885354,
              24.5589643
            ],
            [
              75.987934,
              24.555684
            ],
            [
              75.9860752,
              24.5559574
            ],
            [
              75.9860023,
              24.5570144
            ],
            [
              75.983943,
              24.5571784
            ],
            [
              75.9839065,
              24.557798
            ],
            [
              75.9804622,
              24.5585634
            ],
            [
              75.9757057,
              24.5601671
            ],
            [
              75.9710222,
              24.5610054
            ],
            [
              75.9688171,
              24.5613335
            ],
            [
              75.9685073,
              24.5616979
            ],
            [
              75.9636232,
              24.5620806
            ],
            [
              75.9628578,
              24.5635386
            ],
            [
              75.9572084,
              24.5623358
            ],
            [
              75.9571537,
              24.5558845
            ],
            [
              75.9573359,
              24.5542626
            ],
            [
              75.9574635,
              24.5532602
            ],
            [
              75.9582836,
              24.5515654
            ],
            [
              75.9586116,
              24.5501439
            ],
            [
              75.9580102,
              24.5497794
            ],
            [
              75.9532173,
              24.549415
            ],
            [
              75.9527435,
              24.5476655
            ],
            [
              75.9524884,
              24.544294
            ],
            [
              75.9517229,
              24.5434193
            ],
            [
              75.9497547,
              24.5435651
            ],
            [
              75.9496454,
              24.5442758
            ],
            [
              75.9489529,
              24.544294
            ],
            [
              75.947659,
              24.5444763
            ],
            [
              75.9472581,
              24.5449865
            ],
            [
              75.9476043,
              24.5461893
            ],
            [
              75.942939,
              24.5474832
            ],
            [
              75.9429936,
              24.5487589
            ],
            [
              75.9389115,
              24.5501075
            ],
            [
              75.9325331,
              24.5510187
            ],
            [
              75.9281229,
              24.5502168
            ],
            [
              75.9279042,
              24.5495608
            ],
            [
              75.9257173,
              24.5491234
            ],
            [
              75.9225828,
              24.5487225
            ],
            [
              75.920651,
              24.5488865
            ],
            [
              75.920159,
              24.5476837
            ],
            [
              75.920487,
              24.5473921
            ],
            [
              75.9174354,
              24.5411776
            ],
            [
              75.9178324,
              24.5406895
            ],
            [
              75.9187212,
              24.5395906
            ],
            [
              75.9190946,
              24.539135
            ],
            [
              75.919344,
              24.5388092
            ],
            [
              75.9206181,
              24.5358653
            ],
            [
              75.9221259,
              24.5355962
            ],
            [
              75.9233493,
              24.5351722
            ],
            [
              75.9232721,
              24.5337682
            ],
            [
              75.9229399,
              24.5316359
            ],
            [
              75.9222793,
              24.5277201
            ],
            [
              75.9220676,
              24.5267131
            ],
            [
              75.9220413,
              24.5258706
            ],
            [
              75.9209313,
              24.5226293
            ],
            [
              75.920577,
              24.5216835
            ],
            [
              75.9190172,
              24.5208651
            ],
            [
              75.916838,
              24.5190902
            ],
            [
              75.9166565,
              24.518916
            ],
            [
              75.9149766,
              24.5174863
            ],
            [
              75.9131929,
              24.5157782
            ],
            [
              75.9119605,
              24.5144813
            ],
            [
              75.9113692,
              24.5139015
            ],
            [
              75.9110587,
              24.5136729
            ],
            [
              75.9099576,
              24.5134397
            ],
            [
              75.9077866,
              24.512969
            ],
            [
              75.9067308,
              24.5132336
            ],
            [
              75.9058575,
              24.5135585
            ],
            [
              75.9053714,
              24.5138143
            ],
            [
              75.9039055,
              24.5155204
            ],
            [
              75.9031868,
              24.5165786
            ],
            [
              75.9024146,
              24.5174781
            ],
            [
              75.9015317,
              24.5184764
            ],
            [
              75.9010911,
              24.5188255
            ],
            [
              75.8997396,
              24.5187652
            ],
            [
              75.8972251,
              24.518916
            ],
            [
              75.8945151,
              24.518814
            ],
            [
              75.8905348,
              24.5188883
            ],
            [
              75.8909987,
              24.5148054
            ],
            [
              75.889682,
              24.5150763
            ],
            [
              75.8894548,
              24.5128816
            ],
            [
              75.8899036,
              24.5101059
            ],
            [
              75.88911,
              24.5096507
            ],
            [
              75.8878643,
              24.508102
            ],
            [
              75.8879594,
              24.507273
            ],
            [
              75.8881505,
              24.5070691
            ],
            [
              75.8886621,
              24.5068604
            ],
            [
              75.8900515,
              24.5070921
            ],
            [
              75.8901337,
              24.5067351
            ],
            [
              75.8917587,
              24.5063861
            ],
            [
              75.8934128,
              24.5059207
            ],
            [
              75.8945903,
              24.5055465
            ],
            [
              75.8966424,
              24.5051315
            ],
            [
              75.8982874,
              24.5045551
            ],
            [
              75.8992395,
              24.504499
            ],
            [
              75.9027743,
              24.504606
            ],
            [
              75.9030773,
              24.5034487
            ],
            [
              75.9031385,
              24.5018666
            ],
            [
              75.903289,
              24.500464
            ],
            [
              75.9037633,
              24.4996686
            ],
            [
              75.9039754,
              24.4969466
            ],
            [
              75.9050608,
              24.4963369
            ],
            [
              75.905918,
              24.4944116
            ],
            [
              75.9068513,
              24.494482
            ],
            [
              75.9079325,
              24.4923434
            ],
            [
              75.9096618,
              24.4921515
            ],
            [
              75.9108566,
              24.4920117
            ],
            [
              75.9116378,
              24.4919101
            ],
            [
              75.9117818,
              24.490767
            ],
            [
              75.91099,
              24.4863995
            ],
            [
              75.9100116,
              24.4828347
            ],
            [
              75.9095138,
              24.4820451
            ],
            [
              75.9086418,
              24.4817387
            ],
            [
              75.9080833,
              24.4794989
            ],
            [
              75.9063407,
              24.4756659
            ],
            [
              75.9060921,
              24.4752303
            ],
            [
              75.9062866,
              24.4745037
            ],
            [
              75.9061436,
              24.4735481
            ],
            [
              75.9054054,
              24.4725067
            ],
            [
              75.9057627,
              24.471171
            ],
            [
              75.9062981,
              24.4691136
            ],
            [
              75.9068014,
              24.4674124
            ],
            [
              75.9073494,
              24.4658257
            ],
            [
              75.9081539,
              24.4640081
            ],
            [
              75.9088054,
              24.4622495
            ],
            [
              75.9088265,
              24.4604898
            ],
            [
              75.9090622,
              24.4549885
            ],
            [
              75.9086998,
              24.4547415
            ],
            [
              75.9067847,
              24.4545424
            ],
            [
              75.9043997,
              24.4543362
            ],
            [
              75.9037663,
              24.4543206
            ],
            [
              75.9034248,
              24.4539212
            ],
            [
              75.9026189,
              24.4537572
            ],
            [
              75.9025869,
              24.4521804
            ],
            [
              75.9026048,
              24.4514244
            ],
            [
              75.9031104,
              24.4499392
            ],
            [
              75.9029737,
              24.4493651
            ],
            [
              75.9023723,
              24.4480758
            ],
            [
              75.9020668,
              24.4461562
            ],
            [
              75.9013791,
              24.4461258
            ],
            [
              75.9003011,
              24.4424134
            ],
            [
              75.9001399,
              24.4421849
            ],
            [
              75.8971557,
              24.4414286
            ],
            [
              75.8952364,
              24.441088
            ],
            [
              75.8915376,
              24.4397941
            ],
            [
              75.8903582,
              24.4393647
            ],
            [
              75.8903354,
              24.4385264
            ],
            [
              75.8895182,
              24.438605
            ],
            [
              75.8894697,
              24.4376927
            ],
            [
              75.8862031,
              24.4369227
            ],
            [
              75.8855309,
              24.4361961
            ],
            [
              75.8847452,
              24.4353782
            ],
            [
              75.8817717,
              24.4331053
            ],
            [
              75.878016,
              24.4310181
            ],
            [
              75.8773071,
              24.4310496
            ],
            [
              75.8767631,
              24.4300249
            ],
            [
              75.8757845,
              24.4303728
            ],
            [
              75.8750644,
              24.4263827
            ],
            [
              75.8708363,
              24.4249038
            ],
            [
              75.8708721,
              24.4246443
            ],
            [
              75.8705965,
              24.4245215
            ],
            [
              75.8673757,
              24.4231356
            ],
            [
              75.8658788,
              24.4232183
            ],
            [
              75.8641854,
              24.422334
            ],
            [
              75.8612169,
              24.4215721
            ],
            [
              75.8598785,
              24.4208856
            ],
            [
              75.8595277,
              24.4199607
            ],
            [
              75.858416,
              24.4191589
            ],
            [
              75.8555413,
              24.4179796
            ],
            [
              75.8511882,
              24.4167697
            ],
            [
              75.8491304,
              24.4164655
            ],
            [
              75.8464957,
              24.4157684
            ],
            [
              75.8444589,
              24.4154924
            ],
            [
              75.8420221,
              24.4162672
            ],
            [
              75.8387971,
              24.4141814
            ],
            [
              75.8356108,
              24.4148498
            ],
            [
              75.8350819,
              24.4161056
            ],
            [
              75.834985,
              24.4163308
            ],
            [
              75.8345634,
              24.4164374
            ],
            [
              75.8340302,
              24.4173277
            ],
            [
              75.8336032,
              24.417663
            ],
            [
              75.8332396,
              24.4178148
            ],
            [
              75.8326974,
              24.4177374
            ],
            [
              75.8309248,
              24.4190718
            ],
            [
              75.8296578,
              24.4199637
            ],
            [
              75.8266482,
              24.422635
            ],
            [
              75.8258108,
              24.4239023
            ],
            [
              75.8252939,
              24.4269861
            ],
            [
              75.8241308,
              24.4275826
            ],
            [
              75.8194987,
              24.4287447
            ],
            [
              75.8182412,
              24.4293005
            ],
            [
              75.8168648,
              24.4294085
            ],
            [
              75.8160908,
              24.4301388
            ],
            [
              75.8144078,
              24.4307389
            ],
            [
              75.8119141,
              24.4323901
            ],
            [
              75.8098452,
              24.4340513
            ],
            [
              75.8098491,
              24.4352598
            ],
            [
              75.8112341,
              24.4385036
            ],
            [
              75.8135282,
              24.445363
            ],
            [
              75.8140074,
              24.448056
            ],
            [
              75.8143868,
              24.4504404
            ],
            [
              75.8142806,
              24.4537145
            ],
            [
              75.8138749,
              24.4575962
            ],
            [
              75.8139718,
              24.4613624
            ],
            [
              75.8130088,
              24.4623231
            ],
            [
              75.8063513,
              24.4665633
            ],
            [
              75.8039354,
              24.4679263
            ],
            [
              75.802226,
              24.4686451
            ],
            [
              75.8008236,
              24.4687646
            ],
            [
              75.798591,
              24.4691432
            ],
            [
              75.7961035,
              24.4695235
            ],
            [
              75.7926938,
              24.4699692
            ],
            [
              75.791256,
              24.4707784
            ],
            [
              75.7894069,
              24.4715546
            ],
            [
              75.7882513,
              24.4705568
            ],
            [
              75.7875941,
              24.4698937
            ],
            [
              75.7869324,
              24.4681951
            ],
            [
              75.7867729,
              24.4679172
            ],
            [
              75.7863765,
              24.4677258
            ],
            [
              75.7854836,
              24.4679901
            ],
            [
              75.7853353,
              24.4678766
            ],
            [
              75.7853804,
              24.4676146
            ],
            [
              75.7855656,
              24.4669832
            ],
            [
              75.7853924,
              24.4655982
            ],
            [
              75.7850243,
              24.4640267
            ],
            [
              75.7844973,
              24.4619219
            ],
            [
              75.7843807,
              24.4601702
            ],
            [
              75.7842534,
              24.4578621
            ],
            [
              75.7845587,
              24.4562402
            ],
            [
              75.7860209,
              24.4532817
            ],
            [
              75.7838697,
              24.4513423
            ],
            [
              75.7823088,
              24.450163
            ],
            [
              75.781251,
              24.4496248
            ],
            [
              75.7806633,
              24.4495201
            ],
            [
              75.7801463,
              24.449555
            ],
            [
              75.779978,
              24.4496095
            ],
            [
              75.7782959,
              24.4498304
            ],
            [
              75.7777353,
              24.4499853
            ],
            [
              75.7765652,
              24.4505315
            ],
            [
              75.7763397,
              24.4504313
            ],
            [
              75.7750762,
              24.4502876
            ],
            [
              75.7740389,
              24.449987
            ],
            [
              75.7733946,
              24.4496855
            ],
            [
              75.7738807,
              24.4473386
            ],
            [
              75.774334,
              24.4448671
            ],
            [
              75.7744616,
              24.4443573
            ],
            [
              75.7742166,
              24.4434697
            ],
            [
              75.7741143,
              24.4420049
            ],
            [
              75.7739295,
              24.4416564
            ],
            [
              75.7733145,
              24.4415835
            ],
            [
              75.7729666,
              24.4417984
            ],
            [
              75.771941,
              24.4420096
            ],
            [
              75.7713007,
              24.4417885
            ],
            [
              75.771,
              24.4408363
            ],
            [
              75.7701713,
              24.4388492
            ],
            [
              75.768803,
              24.436661
            ],
            [
              75.7669819,
              24.4348588
            ],
            [
              75.7666172,
              24.434426
            ],
            [
              75.7662253,
              24.434098
            ],
            [
              75.7653597,
              24.4340479
            ],
            [
              75.7646982,
              24.4337592
            ],
            [
              75.7639975,
              24.4336469
            ],
            [
              75.7632199,
              24.4331758
            ],
            [
              75.7624393,
              24.4322437
            ],
            [
              75.7619518,
              24.4311776
            ],
            [
              75.7617192,
              24.4308382
            ],
            [
              75.7606306,
              24.430845
            ],
            [
              75.7592073,
              24.431194
            ],
            [
              75.7583252,
              24.4312687
            ],
            [
              75.7574264,
              24.4308714
            ],
            [
              75.7562933,
              24.4302983
            ],
            [
              75.7552795,
              24.4291893
            ],
            [
              75.7537328,
              24.4284531
            ],
            [
              75.7523214,
              24.4278851
            ],
            [
              75.7516507,
              24.427469
            ],
            [
              75.7506897,
              24.4264923
            ],
            [
              75.7489465,
              24.4242292
            ],
            [
              75.7476232,
              24.4242069
            ],
            [
              75.7475867,
              24.4228948
            ],
            [
              75.7492827,
              24.4228998
            ],
            [
              75.7492952,
              24.4224528
            ],
            [
              75.7510944,
              24.4221861
            ],
            [
              75.7511404,
              24.4217603
            ],
            [
              75.7524047,
              24.421895
            ],
            [
              75.7558847,
              24.4206534
            ],
            [
              75.7557374,
              24.4183388
            ],
            [
              75.7547615,
              24.4182224
            ],
            [
              75.7546563,
              24.4152635
            ],
            [
              75.7546921,
              24.4128122
            ],
            [
              75.7549128,
              24.4108031
            ],
            [
              75.7547998,
              24.4074958
            ],
            [
              75.7552864,
              24.4065342
            ],
            [
              75.7540563,
              24.4065251
            ],
            [
              75.7538877,
              24.4057915
            ],
            [
              75.7530496,
              24.4056585
            ],
            [
              75.7530949,
              24.4049806
            ],
            [
              75.7515079,
              24.4046952
            ],
            [
              75.7514001,
              24.4041787
            ],
            [
              75.7504479,
              24.4044657
            ],
            [
              75.7498693,
              24.4043929
            ],
            [
              75.749646,
              24.4036457
            ],
            [
              75.7495639,
              24.4014805
            ],
            [
              75.7495595,
              24.4009804
            ],
            [
              75.7490534,
              24.400775
            ],
            [
              75.745771,
              24.4000566
            ],
            [
              75.7432865,
              24.3993381
            ],
            [
              75.7428348,
              24.3990942
            ],
            [
              75.7427869,
              24.3977124
            ],
            [
              75.7394752,
              24.3977847
            ],
            [
              75.7379207,
              24.3977471
            ],
            [
              75.7357001,
              24.3984701
            ],
            [
              75.7349111,
              24.3986284
            ],
            [
              75.733536,
              24.3984245
            ],
            [
              75.7324198,
              24.3983698
            ],
            [
              75.7314274,
              24.3984357
            ],
            [
              75.7302511,
              24.3969575
            ],
            [
              75.7294464,
              24.3966054
            ],
            [
              75.7286201,
              24.3966066
            ],
            [
              75.7281258,
              24.3964447
            ],
            [
              75.727923,
              24.3964791
            ],
            [
              75.7280548,
              24.3952328
            ],
            [
              75.7280233,
              24.392488
            ],
            [
              75.7277317,
              24.3905289
            ],
            [
              75.7279952,
              24.3889756
            ],
            [
              75.7281599,
              24.3872031
            ],
            [
              75.7285062,
              24.3869844
            ],
            [
              75.7286548,
              24.3822556
            ],
            [
              75.7288616,
              24.3801686
            ],
            [
              75.729249,
              24.3780962
            ],
            [
              75.7300076,
              24.3775686
            ],
            [
              75.7316676,
              24.3774176
            ],
            [
              75.7341544,
              24.3783665
            ],
            [
              75.7355381,
              24.3803304
            ],
            [
              75.7358343,
              24.3810835
            ],
            [
              75.7362241,
              24.3819272
            ],
            [
              75.736866,
              24.3823203
            ],
            [
              75.7378916,
              24.3822917
            ],
            [
              75.7379062,
              24.3812018
            ],
            [
              75.7383654,
              24.3807244
            ],
            [
              75.7386023,
              24.3793121
            ],
            [
              75.7391994,
              24.3773828
            ],
            [
              75.7388574,
              24.3746741
            ],
            [
              75.7387422,
              24.3717999
            ],
            [
              75.7388392,
              24.3706739
            ],
            [
              75.7387403,
              24.3672107
            ],
            [
              75.7388301,
              24.3652796
            ],
            [
              75.739235,
              24.3639072
            ],
            [
              75.7400693,
              24.3624731
            ],
            [
              75.7395317,
              24.3589467
            ],
            [
              75.7385191,
              24.3556722
            ],
            [
              75.7381241,
              24.3540614
            ],
            [
              75.7375225,
              24.3535615
            ],
            [
              75.7377981,
              24.3529897
            ],
            [
              75.738575,
              24.3523906
            ],
            [
              75.7407511,
              24.3512743
            ],
            [
              75.7412721,
              24.3514567
            ],
            [
              75.7426161,
              24.3517687
            ],
            [
              75.7432084,
              24.3516708
            ],
            [
              75.7422471,
              24.35055
            ],
            [
              75.742115,
              24.3498347
            ],
            [
              75.7423124,
              24.3458883
            ],
            [
              75.7428453,
              24.3421048
            ],
            [
              75.7431537,
              24.3406043
            ],
            [
              75.7431728,
              24.3400922
            ],
            [
              75.7408482,
              24.3367907
            ],
            [
              75.7396882,
              24.3358155
            ],
            [
              75.7382312,
              24.3347992
            ],
            [
              75.7387804,
              24.3339047
            ],
            [
              75.7398493,
              24.3321227
            ],
            [
              75.7433953,
              24.3297663
            ],
            [
              75.7453907,
              24.3283805
            ],
            [
              75.7467633,
              24.3277418
            ],
            [
              75.7488077,
              24.3270137
            ],
            [
              75.7505409,
              24.3243553
            ],
            [
              75.7514821,
              24.3235648
            ],
            [
              75.7527168,
              24.3232095
            ],
            [
              75.7537829,
              24.3217424
            ],
            [
              75.7547214,
              24.3212914
            ],
            [
              75.7552909,
              24.3213597
            ],
            [
              75.755783,
              24.3210909
            ],
            [
              75.7558468,
              24.3205123
            ],
            [
              75.7559607,
              24.3200248
            ],
            [
              75.7563069,
              24.319797
            ],
            [
              75.756922,
              24.3196057
            ],
            [
              75.7571953,
              24.3192867
            ],
            [
              75.7573544,
              24.3192236
            ],
            [
              75.7581111,
              24.3175099
            ],
            [
              75.7597057,
              24.3159563
            ],
            [
              75.7609495,
              24.3144847
            ],
            [
              75.761592,
              24.3129203
            ],
            [
              75.7624067,
              24.3094294
            ],
            [
              75.7635945,
              24.3061263
            ],
            [
              75.7664221,
              24.2981258
            ],
            [
              75.7664805,
              24.2980102
            ],
            [
              75.7688667,
              24.2974662
            ],
            [
              75.7722764,
              24.2966982
            ],
            [
              75.7752143,
              24.297058
            ],
            [
              75.7779767,
              24.2973131
            ],
            [
              75.7792601,
              24.2974999
            ],
            [
              75.7813127,
              24.2968726
            ],
            [
              75.7829049,
              24.2967072
            ],
            [
              75.7838343,
              24.2963974
            ],
            [
              75.7858605,
              24.2966378
            ],
            [
              75.7865223,
              24.2970671
            ],
            [
              75.7869703,
              24.2980445
            ],
            [
              75.7871556,
              24.2987255
            ],
            [
              75.7888549,
              24.2988325
            ],
            [
              75.7911512,
              24.2991902
            ],
            [
              75.7931893,
              24.299757
            ],
            [
              75.7945728,
              24.2999465
            ],
            [
              75.7981401,
              24.3010748
            ],
            [
              75.8018214,
              24.3021243
            ],
            [
              75.8020674,
              24.3012996
            ],
            [
              75.8024592,
              24.3012222
            ],
            [
              75.8027743,
              24.299962
            ],
            [
              75.8030424,
              24.2991036
            ],
            [
              75.8032611,
              24.2986435
            ],
            [
              75.8035162,
              24.2984385
            ],
            [
              75.8037349,
              24.2983884
            ],
            [
              75.8040491,
              24.2986186
            ],
            [
              75.804653,
              24.2992526
            ],
            [
              75.8055664,
              24.2997096
            ],
            [
              75.8060676,
              24.2998235
            ],
            [
              75.8065323,
              24.2997643
            ],
            [
              75.8070063,
              24.2995599
            ],
            [
              75.8074708,
              24.2990945
            ],
            [
              75.8076485,
              24.2986207
            ],
            [
              75.8076667,
              24.2977779
            ],
            [
              75.8083922,
              24.2972095
            ],
            [
              75.8097711,
              24.2964743
            ],
            [
              75.8105892,
              24.2962091
            ],
            [
              75.8108742,
              24.2959873
            ],
            [
              75.8109471,
              24.2957231
            ],
            [
              75.8107739,
              24.2954953
            ],
            [
              75.8104256,
              24.2953689
            ],
            [
              75.8095645,
              24.2952786
            ],
            [
              75.8092887,
              24.2951809
            ],
            [
              75.8089391,
              24.2947987
            ],
            [
              75.8088923,
              24.2942333
            ],
            [
              75.8090671,
              24.2938979
            ],
            [
              75.8095254,
              24.2934299
            ],
            [
              75.8103451,
              24.292939
            ],
            [
              75.8109334,
              24.292789
            ],
            [
              75.811569,
              24.2933203
            ],
            [
              75.8117899,
              24.2934998
            ],
            [
              75.8121954,
              24.293231
            ],
            [
              75.8127998,
              24.2922974
            ],
            [
              75.81302,
              24.2920373
            ],
            [
              75.8131641,
              24.2914296
            ],
            [
              75.8136057,
              24.2900538
            ],
            [
              75.8136943,
              24.2891943
            ],
            [
              75.8130656,
              24.2891943
            ],
            [
              75.8131112,
              24.2887251
            ],
            [
              75.8121844,
              24.2885596
            ],
            [
              75.8120222,
              24.2861612
            ],
            [
              75.8119552,
              24.2854313
            ],
            [
              75.8123093,
              24.2853582
            ],
            [
              75.8125872,
              24.285504
            ],
            [
              75.8129107,
              24.2856771
            ],
            [
              75.8134167,
              24.2855466
            ],
            [
              75.8133708,
              24.2852306
            ],
            [
              75.8132068,
              24.2848525
            ],
            [
              75.8133982,
              24.284611
            ],
            [
              75.8137051,
              24.2844944
            ],
            [
              75.8141271,
              24.2845427
            ],
            [
              75.8143823,
              24.2845062
            ],
            [
              75.8145463,
              24.284283
            ],
            [
              75.8143823,
              24.2839732
            ],
            [
              75.8143731,
              24.2835315
            ],
            [
              75.8144962,
              24.2832123
            ],
            [
              75.8147695,
              24.2831075
            ],
            [
              75.8153639,
              24.2830637
            ],
            [
              75.8156853,
              24.2828888
            ],
            [
              75.8160479,
              24.2823328
            ],
            [
              75.816396,
              24.2818592
            ],
            [
              75.8169245,
              24.2816496
            ],
            [
              75.81733,
              24.281358
            ],
            [
              75.817542,
              24.2808739
            ],
            [
              75.8184235,
              24.280702
            ],
            [
              75.8176331,
              24.2795762
            ],
            [
              75.816809,
              24.2783757
            ],
            [
              75.8132225,
              24.2784499
            ],
            [
              75.8127737,
              24.2768843
            ],
            [
              75.8122518,
              24.2752707
            ],
            [
              75.8117125,
              24.2752758
            ],
            [
              75.8117296,
              24.2730854
            ],
            [
              75.8120587,
              24.2728839
            ],
            [
              75.8127148,
              24.2728292
            ],
            [
              75.8125943,
              24.2713823
            ],
            [
              75.8141727,
              24.2712847
            ],
            [
              75.8141946,
              24.2691707
            ],
            [
              75.8142046,
              24.2677128
            ],
            [
              75.8140273,
              24.2669614
            ],
            [
              75.8131593,
              24.2633336
            ],
            [
              75.8129633,
              24.262296
            ],
            [
              75.812127,
              24.2592158
            ],
            [
              75.8116201,
              24.2578255
            ],
            [
              75.8123108,
              24.2580166
            ],
            [
              75.8134017,
              24.2584329
            ],
            [
              75.814259,
              24.2583181
            ],
            [
              75.8147228,
              24.2574981
            ],
            [
              75.8158399,
              24.2576239
            ],
            [
              75.8165402,
              24.2577662
            ],
            [
              75.8169929,
              24.257357
            ],
            [
              75.817248,
              24.256783
            ],
            [
              75.8178853,
              24.2566942
            ],
            [
              75.8190429,
              24.2570987
            ],
            [
              75.8192526,
              24.2568923
            ],
            [
              75.8188283,
              24.2560521
            ],
            [
              75.8189284,
              24.2552273
            ],
            [
              75.8173427,
              24.2538097
            ],
            [
              75.8161977,
              24.2526609
            ],
            [
              75.814826,
              24.2515793
            ],
            [
              75.8132357,
              24.2506152
            ],
            [
              75.8129654,
              24.2503134
            ],
            [
              75.8133936,
              24.2493567
            ],
            [
              75.8139316,
              24.2484784
            ],
            [
              75.813667,
              24.2476801
            ],
            [
              75.8140223,
              24.2464135
            ],
            [
              75.814642,
              24.246131
            ],
            [
              75.814241,
              24.2457119
            ],
            [
              75.813421,
              24.2455661
            ],
            [
              75.8137399,
              24.2452472
            ],
            [
              75.8143959,
              24.2452016
            ],
            [
              75.8146329,
              24.2450011
            ],
            [
              75.8144906,
              24.2443456
            ],
            [
              75.8162982,
              24.242382
            ],
            [
              75.8179405,
              24.2421946
            ],
            [
              75.8179438,
              24.2387438
            ],
            [
              75.8212334,
              24.237726
            ],
            [
              75.8240024,
              24.2373551
            ],
            [
              75.825648,
              24.2369452
            ],
            [
              75.8284498,
              24.235414
            ],
            [
              75.8302507,
              24.233799
            ],
            [
              75.8283475,
              24.2318971
            ],
            [
              75.8268386,
              24.2314982
            ],
            [
              75.8254574,
              24.2313128
            ],
            [
              75.8244148,
              24.2307499
            ],
            [
              75.824009,
              24.2303725
            ],
            [
              75.8233439,
              24.2300028
            ],
            [
              75.8215262,
              24.2297256
            ],
            [
              75.8213158,
              24.229384
            ],
            [
              75.8179,
              24.2294927
            ],
            [
              75.8167251,
              24.2265511
            ],
            [
              75.8157541,
              24.2257923
            ],
            [
              75.8146465,
              24.2261398
            ],
            [
              75.8131069,
              24.2273952
            ],
            [
              75.8112405,
              24.2289863
            ],
            [
              75.810168,
              24.2295563
            ],
            [
              75.8094402,
              24.2296995
            ],
            [
              75.8099521,
              24.2256174
            ],
            [
              75.8092294,
              24.2244162
            ],
            [
              75.8086017,
              24.2230685
            ],
            [
              75.8082967,
              24.2216856
            ],
            [
              75.8079471,
              24.219976
            ],
            [
              75.8072793,
              24.2176135
            ],
            [
              75.8027093,
              24.2168077
            ],
            [
              75.7993023,
              24.215806
            ],
            [
              75.7980718,
              24.2154917
            ],
            [
              75.7958373,
              24.2148467
            ],
            [
              75.7949463,
              24.214712
            ],
            [
              75.7941626,
              24.2112442
            ],
            [
              75.7929098,
              24.2109222
            ],
            [
              75.7927922,
              24.210346
            ],
            [
              75.7916797,
              24.2101295
            ],
            [
              75.7897012,
              24.210057
            ],
            [
              75.788044,
              24.2100019
            ],
            [
              75.787978,
              24.2103049
            ],
            [
              75.785819,
              24.2103571
            ],
            [
              75.7824455,
              24.2104768
            ],
            [
              75.7818456,
              24.2104871
            ],
            [
              75.7809686,
              24.2102639
            ],
            [
              75.7804862,
              24.2103149
            ],
            [
              75.7790505,
              24.2104598
            ],
            [
              75.7774518,
              24.2099847
            ],
            [
              75.7772668,
              24.2097513
            ],
            [
              75.7772121,
              24.2092274
            ],
            [
              75.7770458,
              24.2089791
            ],
            [
              75.7767907,
              24.2088265
            ],
            [
              75.7760204,
              24.2082024
            ],
            [
              75.7756221,
              24.2077376
            ],
            [
              75.7754672,
              24.2072865
            ],
            [
              75.7754011,
              24.206061
            ],
            [
              75.775187,
              24.2047762
            ],
            [
              75.7743527,
              24.2037199
            ],
            [
              75.7729181,
              24.2021018
            ],
            [
              75.7723213,
              24.2011405
            ],
            [
              75.7722713,
              24.2003144
            ],
            [
              75.7727951,
              24.1990903
            ],
            [
              75.7726356,
              24.1976096
            ],
            [
              75.772794,
              24.1965025
            ],
            [
              75.7725955,
              24.1943036
            ],
            [
              75.7724215,
              24.1928714
            ],
            [
              75.7721882,
              24.1922341
            ],
            [
              75.771474,
              24.1904292
            ],
            [
              75.7709879,
              24.1889676
            ],
            [
              75.7712323,
              24.1885911
            ],
            [
              75.7729458,
              24.1860813
            ],
            [
              75.7731358,
              24.1834318
            ],
            [
              75.7734665,
              24.1826275
            ],
            [
              75.7739322,
              24.1812825
            ],
            [
              75.7681297,
              24.1785564
            ],
            [
              75.7659055,
              24.1764296
            ],
            [
              75.7645137,
              24.1751583
            ],
            [
              75.7637681,
              24.1745286
            ],
            [
              75.7638087,
              24.1721002
            ],
            [
              75.7638643,
              24.1705099
            ],
            [
              75.7638653,
              24.1700458
            ],
            [
              75.7604061,
              24.1661156
            ],
            [
              75.7609394,
              24.1641281
            ],
            [
              75.7615188,
              24.1621116
            ],
            [
              75.7587379,
              24.1587905
            ],
            [
              75.7591225,
              24.1570521
            ],
            [
              75.7591885,
              24.1554827
            ],
            [
              75.7589035,
              24.1552049
            ],
            [
              75.7557583,
              24.1519935
            ],
            [
              75.7516325,
              24.1477487
            ],
            [
              75.7512364,
              24.1454308
            ],
            [
              75.7509592,
              24.1433323
            ],
            [
              75.7525477,
              24.1422619
            ],
            [
              75.7538957,
              24.1414394
            ],
            [
              75.7558149,
              24.1403224
            ],
            [
              75.7566635,
              24.1389463
            ],
            [
              75.7571265,
              24.1373283
            ],
            [
              75.7577705,
              24.1348686
            ],
            [
              75.7585025,
              24.1340811
            ],
            [
              75.7612981,
              24.1323048
            ],
            [
              75.7623026,
              24.1306637
            ],
            [
              75.7631916,
              24.1270998
            ],
            [
              75.7635206,
              24.1250308
            ],
            [
              75.7637134,
              24.1229011
            ],
            [
              75.764106,
              24.1211893
            ],
            [
              75.7671232,
              24.1184127
            ],
            [
              75.7682704,
              24.1173868
            ],
            [
              75.7700224,
              24.1157878
            ],
            [
              75.7705374,
              24.1168801
            ],
            [
              75.7726721,
              24.1175768
            ],
            [
              75.7735514,
              24.1189958
            ],
            [
              75.7753532,
              24.1190919
            ],
            [
              75.7775108,
              24.1191776
            ],
            [
              75.7786313,
              24.1192623
            ],
            [
              75.7798556,
              24.1183596
            ],
            [
              75.7813629,
              24.1172715
            ],
            [
              75.782185,
              24.1164148
            ],
            [
              75.7826497,
              24.1159455
            ],
            [
              75.7831697,
              24.1147945
            ],
            [
              75.7834835,
              24.1140183
            ],
            [
              75.7840562,
              24.1122746
            ],
            [
              75.7832539,
              24.1108911
            ],
            [
              75.7826036,
              24.1097491
            ],
            [
              75.7832674,
              24.1078268
            ],
            [
              75.7838366,
              24.1072618
            ],
            [
              75.7850164,
              24.1066938
            ],
            [
              75.7857865,
              24.1063187
            ],
            [
              75.7867889,
              24.1051569
            ],
            [
              75.7876164,
              24.104788
            ],
            [
              75.7887229,
              24.1047947
            ],
            [
              75.7908762,
              24.1054022
            ],
            [
              75.789146,
              24.104197
            ],
            [
              75.7892309,
              24.1039109
            ],
            [
              75.7890076,
              24.1028994
            ],
            [
              75.7886952,
              24.1021406
            ],
            [
              75.7883948,
              24.1006283
            ],
            [
              75.7883538,
              24.0998218
            ],
            [
              75.788126,
              24.0994824
            ],
            [
              75.787716,
              24.099045
            ],
            [
              75.7876327,
              24.098679
            ],
            [
              75.7877557,
              24.098523
            ],
            [
              75.7882308,
              24.0978924
            ],
            [
              75.7894155,
              24.0963288
            ],
            [
              75.7904671,
              24.0949888
            ],
            [
              75.7913032,
              24.0939036
            ],
            [
              75.7918313,
              24.0931485
            ],
            [
              75.7922634,
              24.0925831
            ],
            [
              75.7925917,
              24.0921491
            ],
            [
              75.7927629,
              24.0919566
            ],
            [
              75.7928566,
              24.091838
            ],
            [
              75.7932354,
              24.092074
            ],
            [
              75.7934624,
              24.0922028
            ],
            [
              75.794771,
              24.0929081
            ],
            [
              75.7952861,
              24.0932205
            ],
            [
              75.7956905,
              24.0934768
            ],
            [
              75.8002818,
              24.096393
            ],
            [
              75.80569,
              24.0995869
            ],
            [
              75.8070243,
              24.097759
            ],
            [
              75.8086593,
              24.0956652
            ],
            [
              75.8111169,
              24.0925384
            ],
            [
              75.8165789,
              24.0854599
            ],
            [
              75.8179689,
              24.0857121
            ],
            [
              75.8197174,
              24.0865069
            ],
            [
              75.821886,
              24.0880013
            ],
            [
              75.8286005,
              24.0900043
            ],
            [
              75.8356726,
              24.0921193
            ],
            [
              75.8359954,
              24.0907976
            ],
            [
              75.8365339,
              24.0884631
            ],
            [
              75.8363832,
              24.0864887
            ],
            [
              75.8356433,
              24.0842728
            ],
            [
              75.8353485,
              24.0810261
            ],
            [
              75.8350307,
              24.0735278
            ],
            [
              75.8356321,
              24.0671933
            ],
            [
              75.8361126,
              24.062679
            ],
            [
              75.8367593,
              24.0570583
            ],
            [
              75.8309837,
              24.0558216
            ],
            [
              75.8236272,
              24.0541838
            ],
            [
              75.8217289,
              24.0536093
            ],
            [
              75.8174262,
              24.0522447
            ],
            [
              75.8152557,
              24.0516243
            ],
            [
              75.8141773,
              24.051043
            ],
            [
              75.812787,
              24.0499792
            ],
            [
              75.8115712,
              24.0491842
            ],
            [
              75.8106236,
              24.0487286
            ],
            [
              75.8090745,
              24.0486101
            ],
            [
              75.807879,
              24.0483864
            ],
            [
              75.8072248,
              24.0481272
            ],
            [
              75.8062134,
              24.0479905
            ],
            [
              75.8057168,
              24.047683
            ],
            [
              75.8053477,
              24.0475987
            ],
            [
              75.8044394,
              24.0476659
            ],
            [
              75.8036301,
              24.0470816
            ],
            [
              75.8032884,
              24.0468743
            ],
            [
              75.8027645,
              24.0467695
            ],
            [
              75.8023567,
              24.0467558
            ],
            [
              75.8011904,
              24.0467672
            ],
            [
              75.8001994,
              24.0468939
            ],
            [
              75.7994477,
              24.0467239
            ],
            [
              75.7946156,
              24.044796
            ],
            [
              75.7910581,
              24.0440475
            ],
            [
              75.7883988,
              24.0434975
            ],
            [
              75.7849423,
              24.0433282
            ],
            [
              75.7836142,
              24.0432873
            ],
            [
              75.7829322,
              24.0434163
            ],
            [
              75.7827461,
              24.0441765
            ],
            [
              75.7815169,
              24.0432585
            ],
            [
              75.7810825,
              24.0427875
            ],
            [
              75.7807727,
              24.0419811
            ],
            [
              75.780499,
              24.0404242
            ],
            [
              75.7815554,
              24.0385526
            ],
            [
              75.7819314,
              24.0363395
            ],
            [
              75.7818817,
              24.0341382
            ],
            [
              75.7817994,
              24.0310464
            ],
            [
              75.7824362,
              24.0266286
            ],
            [
              75.7825558,
              24.0250086
            ],
            [
              75.7823348,
              24.0230054
            ],
            [
              75.783078,
              24.0221306
            ],
            [
              75.7806957,
              24.0198851
            ],
            [
              75.7784513,
              24.0179029
            ],
            [
              75.7780772,
              24.0177467
            ],
            [
              75.7769657,
              24.0178193
            ],
            [
              75.7768818,
              24.0170097
            ],
            [
              75.7752434,
              24.0169378
            ],
            [
              75.7748225,
              24.0161896
            ],
            [
              75.7747433,
              24.0151127
            ],
            [
              75.77535,
              24.01411
            ],
            [
              75.776736,
              24.0144492
            ],
            [
              75.7762895,
              24.0130642
            ],
            [
              75.7756629,
              24.0129575
            ],
            [
              75.7744125,
              24.0098385
            ],
            [
              75.773377,
              24.0078384
            ],
            [
              75.7666878,
              24.0094132
            ],
            [
              75.7631184,
              24.0102347
            ],
            [
              75.7626579,
              24.0098197
            ],
            [
              75.7624849,
              24.0083885
            ],
            [
              75.7626697,
              24.0077995
            ],
            [
              75.7628584,
              24.0075332
            ],
            [
              75.7635773,
              24.0073407
            ],
            [
              75.7637423,
              24.0066129
            ],
            [
              75.7638243,
              24.0057564
            ],
            [
              75.7641971,
              24.0052166
            ],
            [
              75.7650909,
              24.0050274
            ],
            [
              75.765829,
              24.0040706
            ],
            [
              75.7667675,
              24.0033235
            ],
            [
              75.7673198,
              24.0029635
            ],
            [
              75.7684588,
              24.0008185
            ],
            [
              75.7682892,
              23.9992048
            ],
            [
              75.7685717,
              23.9979656
            ],
            [
              75.7679413,
              23.9968538
            ],
            [
              75.7667512,
              23.9946706
            ],
            [
              75.7653936,
              23.9926195
            ],
            [
              75.7645897,
              23.9922433
            ],
            [
              75.7609853,
              23.991756
            ],
            [
              75.7563696,
              23.9912126
            ],
            [
              75.7536765,
              23.9909931
            ],
            [
              75.7512204,
              23.9911335
            ],
            [
              75.7485134,
              23.9919306
            ],
            [
              75.7472961,
              23.9921173
            ],
            [
              75.7439283,
              23.9924073
            ],
            [
              75.7422859,
              23.9927519
            ],
            [
              75.7421059,
              23.9915234
            ],
            [
              75.7419617,
              23.9886409
            ],
            [
              75.7433952,
              23.9884481
            ],
            [
              75.7436458,
              23.9862794
            ],
            [
              75.7434681,
              23.9848443
            ],
            [
              75.7432449,
              23.9845163
            ],
            [
              75.741475,
              23.9829805
            ],
            [
              75.7413776,
              23.9825683
            ],
            [
              75.741965,
              23.9818582
            ],
            [
              75.7419874,
              23.9808122
            ],
            [
              75.741555,
              23.9787036
            ],
            [
              75.74114,
              23.9769169
            ],
            [
              75.7400958,
              23.9765367
            ],
            [
              75.7375149,
              23.9758239
            ],
            [
              75.7361665,
              23.9753182
            ],
            [
              75.7322943,
              23.9764281
            ],
            [
              75.7310683,
              23.9767514
            ],
            [
              75.7306749,
              23.9767483
            ],
            [
              75.7302101,
              23.9763747
            ],
            [
              75.7293667,
              23.9745119
            ],
            [
              75.7289117,
              23.9731718
            ],
            [
              75.7289481,
              23.9724839
            ],
            [
              75.7295135,
              23.9702909
            ],
            [
              75.7289937,
              23.9699917
            ],
            [
              75.7260429,
              23.969504
            ],
            [
              75.7228666,
              23.9690614
            ],
            [
              75.7201476,
              23.9686956
            ],
            [
              75.7182871,
              23.9683242
            ],
            [
              75.717983,
              23.9681827
            ],
            [
              75.7176174,
              23.9680235
            ],
            [
              75.7175262,
              23.966839
            ],
            [
              75.712471,
              23.9668374
            ],
            [
              75.7114622,
              23.9671852
            ],
            [
              75.7096352,
              23.9668527
            ],
            [
              75.7067784,
              23.9663523
            ],
            [
              75.7039758,
              23.9663872
            ],
            [
              75.7030245,
              23.9663788
            ],
            [
              75.7017504,
              23.9665786
            ],
            [
              75.7018525,
              23.9697581
            ],
            [
              75.7012157,
              23.9719463
            ],
            [
              75.7003336,
              23.9750412
            ],
            [
              75.6998795,
              23.9771013
            ],
            [
              75.6998239,
              23.9774716
            ],
            [
              75.6994191,
              23.9796483
            ],
            [
              75.6986833,
              23.9829193
            ],
            [
              75.6986052,
              23.984047
            ],
            [
              75.6988509,
              23.9878493
            ],
            [
              75.6986097,
              23.9879151
            ],
            [
              75.6959262,
              23.9869947
            ],
            [
              75.6937422,
              23.9868974
            ],
            [
              75.6909487,
              23.9870667
            ],
            [
              75.6886682,
              23.9879236
            ],
            [
              75.6870034,
              23.9887549
            ],
            [
              75.6869272,
              23.9895954
            ],
            [
              75.6873701,
              23.9909995
            ],
            [
              75.6874729,
              23.9920637
            ],
            [
              75.6868598,
              23.9934916
            ],
            [
              75.6865435,
              23.9942772
            ],
            [
              75.6864771,
              23.9951454
            ],
            [
              75.6872081,
              23.9975711
            ],
            [
              75.6876429,
              24.0000149
            ],
            [
              75.6875768,
              24.0009038
            ],
            [
              75.687771,
              24.0027084
            ],
            [
              75.6877938,
              24.0040479
            ],
            [
              75.6877295,
              24.0053848
            ],
            [
              75.6877203,
              24.0054616
            ],
            [
              75.6855158,
              24.005237
            ],
            [
              75.6841444,
              24.0053964
            ],
            [
              75.6829097,
              24.0054238
            ],
            [
              75.6830965,
              24.006376
            ],
            [
              75.6797553,
              24.0069459
            ],
            [
              75.6781801,
              24.0073122
            ],
            [
              75.6768143,
              24.0111776
            ],
            [
              75.6757108,
              24.0141232
            ],
            [
              75.6745427,
              24.0170463
            ],
            [
              75.6743424,
              24.0176528
            ],
            [
              75.673579,
              24.0174197
            ],
            [
              75.6719844,
              24.0176475
            ],
            [
              75.6713233,
              24.0171558
            ],
            [
              75.6699342,
              24.0157158
            ],
            [
              75.667781,
              24.0145187
            ],
            [
              75.6663077,
              24.0134651
            ],
            [
              75.663328,
              24.0122441
            ],
            [
              75.6622164,
              24.0113056
            ],
            [
              75.659733,
              24.0108822
            ],
            [
              75.6584939,
              24.0105256
            ],
            [
              75.6567309,
              24.0094376
            ],
            [
              75.6557407,
              24.0082244
            ],
            [
              75.6555282,
              24.0073236
            ],
            [
              75.6549723,
              24.0067222
            ],
            [
              75.6544985,
              24.0063486
            ],
            [
              75.6536055,
              24.0063578
            ],
            [
              75.651938,
              24.0060844
            ],
            [
              75.6510514,
              24.0063005
            ],
            [
              75.6504872,
              24.005877
            ],
            [
              75.6503525,
              24.005237
            ],
            [
              75.6509266,
              24.0047267
            ],
            [
              75.6519562,
              24.0045445
            ],
            [
              75.6526305,
              24.0041891
            ],
            [
              75.6524847,
              24.003615
            ],
            [
              75.6518742,
              24.0029134
            ],
            [
              75.6511088,
              24.0026947
            ],
            [
              75.6497282,
              24.0025706
            ],
            [
              75.6478575,
              24.0035429
            ],
            [
              75.6465437,
              24.0029225
            ],
            [
              75.6453252,
              24.0017977
            ],
            [
              75.6438475,
              24.0015055
            ],
            [
              75.6425341,
              24.0011831
            ],
            [
              75.6414125,
              24.0010471
            ],
            [
              75.6410706,
              24.000859
            ],
            [
              75.6406184,
              24.0004042
            ],
            [
              75.640231,
              24.0000508
            ],
            [
              75.6406337,
              23.9996519
            ],
            [
              75.6407604,
              23.9992021
            ],
            [
              75.6405261,
              23.9988883
            ],
            [
              75.6403739,
              23.9980394
            ],
            [
              75.6388298,
              23.9976539
            ],
            [
              75.6368983,
              23.997999
            ],
            [
              75.6350056,
              23.9978462
            ],
            [
              75.6342497,
              23.9970735
            ],
            [
              75.6329271,
              23.9958066
            ],
            [
              75.631764,
              23.9952593
            ],
            [
              75.6306779,
              23.9950965
            ],
            [
              75.6290557,
              23.9955592
            ],
            [
              75.6269658,
              23.9961756
            ],
            [
              75.6258573,
              23.9963111
            ],
            [
              75.6243386,
              23.9959696
            ],
            [
              75.6218297,
              23.9952146
            ],
            [
              75.620602,
              23.9949235
            ],
            [
              75.6193721,
              23.9949449
            ],
            [
              75.6179377,
              23.9953147
            ],
            [
              75.6165829,
              23.9960879
            ],
            [
              75.6159076,
              23.9965566
            ],
            [
              75.6148039,
              23.9962158
            ],
            [
              75.613278,
              23.9956214
            ],
            [
              75.6120627,
              23.99567
            ],
            [
              75.6111824,
              23.9955194
            ],
            [
              75.6105302,
              23.9950687
            ],
            [
              75.6099903,
              23.9943408
            ],
            [
              75.6091071,
              23.9934035
            ],
            [
              75.6076631,
              23.9926828
            ],
            [
              75.6065199,
              23.9925839
            ],
            [
              75.6059706,
              23.9930682
            ],
            [
              75.6056278,
              23.9936798
            ],
            [
              75.6053302,
              23.9944579
            ],
            [
              75.6048655,
              23.9953131
            ],
            [
              75.6039222,
              23.9954923
            ],
            [
              75.6027652,
              23.9948646
            ],
            [
              75.6020545,
              23.9945034
            ],
            [
              75.6012444,
              23.9946738
            ],
            [
              75.6006254,
              23.9946874
            ],
            [
              75.5993914,
              23.9945232
            ],
            [
              75.5983966,
              23.9942862
            ],
            [
              75.5976027,
              23.993808
            ],
            [
              75.5973831,
              23.993422
            ],
            [
              75.5973825,
              23.9921833
            ],
            [
              75.5973512,
              23.9912371
            ],
            [
              75.5965772,
              23.9905455
            ],
            [
              75.5956623,
              23.9899561
            ],
            [
              75.595009,
              23.9903656
            ],
            [
              75.5947526,
              23.9906819
            ],
            [
              75.5950125,
              23.9913822
            ],
            [
              75.5958851,
              23.9938209
            ],
            [
              75.5956688,
              23.9943305
            ],
            [
              75.5954567,
              23.9945541
            ],
            [
              75.5940979,
              23.9942276
            ],
            [
              75.5926092,
              23.9933194
            ],
            [
              75.5910191,
              23.9929833
            ],
            [
              75.5893638,
              23.9913597
            ],
            [
              75.588056,
              23.9906436
            ],
            [
              75.5850024,
              23.990551
            ],
            [
              75.5832932,
              23.9907985
            ],
            [
              75.5816929,
              23.9912205
            ],
            [
              75.580906,
              23.9919177
            ],
            [
              75.5808021,
              23.9928108
            ],
            [
              75.5812278,
              23.9945265
            ],
            [
              75.5811931,
              23.9959089
            ],
            [
              75.5810518,
              23.9966305
            ],
            [
              75.5802584,
              23.9979421
            ],
            [
              75.5796412,
              23.9983983
            ],
            [
              75.5792002,
              23.9983018
            ],
            [
              75.5788658,
              23.9978648
            ],
            [
              75.5785794,
              23.9969711
            ],
            [
              75.5781519,
              23.9952401
            ],
            [
              75.577698,
              23.9944939
            ],
            [
              75.5773915,
              23.9940681
            ],
            [
              75.5767959,
              23.9939107
            ],
            [
              75.5760259,
              23.9939973
            ],
            [
              75.5754425,
              23.994433
            ],
            [
              75.5753061,
              23.9950042
            ],
            [
              75.5754473,
              23.9956594
            ],
            [
              75.575666,
              23.9962024
            ],
            [
              75.5761328,
              23.9964943
            ],
            [
              75.5764086,
              23.9968722
            ],
            [
              75.5762305,
              23.9974306
            ],
            [
              75.5754519,
              23.9978061
            ],
            [
              75.57465,
              23.9980112
            ],
            [
              75.5733875,
              23.9983948
            ],
            [
              75.5723643,
              23.9987891
            ],
            [
              75.5710462,
              24.0000978
            ],
            [
              75.5705176,
              24.0022721
            ],
            [
              75.5693158,
              24.0044252
            ],
            [
              75.5680103,
              24.0063076
            ],
            [
              75.5670521,
              24.0072197
            ],
            [
              75.565825,
              24.0077564
            ],
            [
              75.5648402,
              24.0077519
            ],
            [
              75.562949,
              24.0076905
            ],
            [
              75.5592662,
              24.0074404
            ],
            [
              75.5571067,
              24.0075567
            ],
            [
              75.5547259,
              24.0074052
            ],
            [
              75.5505136,
              24.0074226
            ],
            [
              75.5474177,
              24.0073694
            ],
            [
              75.5424518,
              24.0084515
            ],
            [
              75.5392861,
              24.0096812
            ],
            [
              75.5358251,
              24.0126685
            ],
            [
              75.5288328,
              24.0182456
            ],
            [
              75.523256,
              24.0242317
            ],
            [
              75.5216071,
              24.0258276
            ],
            [
              75.5195922,
              24.0224123
            ],
            [
              75.5134061,
              24.0147892
            ],
            [
              75.5064439,
              24.0080265
            ],
            [
              75.5014531,
              24.0032822
            ],
            [
              75.4989681,
              24.0016392
            ],
            [
              75.4960315,
              23.9985145
            ],
            [
              75.4897993,
              23.9922654
            ],
            [
              75.4883867,
              23.9906669
            ],
            [
              75.4861512,
              23.9881223
            ],
            [
              75.4819203,
              23.9854836
            ],
            [
              75.4778162,
              23.9835162
            ],
            [
              75.4752321,
              23.9822662
            ],
            [
              75.472648,
              23.9786783
            ],
            [
              75.4696332,
              23.9741644
            ],
            [
              75.4684814,
              23.9717913
            ],
            [
              75.4677585,
              23.968354
            ],
            [
              75.4678619,
              23.965782
            ],
            [
              75.4679358,
              23.9631684
            ],
            [
              75.4667958,
              23.9580057
            ],
            [
              75.4667399,
              23.9576995
            ],
            [
              75.4660611,
              23.9539772
            ],
            [
              75.4654784,
              23.9487447
            ],
            [
              75.4646677,
              23.944114
            ],
            [
              75.463249,
              23.9402009
            ],
            [
              75.4599049,
              23.9320038
            ],
            [
              75.4592968,
              23.927743
            ]
          ]
        ]
      }
    }
  ]
}