{
  "type": "FeatureCollection",
  "features": [
    {
      "type": "Feature",
      "properties": {
        "name": "Jhunjhunu District",
        "admin_level": "5",
        "source": "OpenStreetMap/Nominatim"
      },
      "bbox": [
        75.0244609,
        27.6410423,
        76.0965562,
        28.5185344
      ],
      "geometry": {
        "type": "MultiPolygon",
        "coordinates": [
          [
            [
              [
                75.0244609,
                28.2031577
              ],
              [
                75.0269663,
                28.2031867
              ],
              [
                75.0284672,
                28.2038645
              ],
              [
                75.0299263,
                28.1996853
              ],
              [
                75.0309348,
                28.1974727
              ],
              [
                75.0319648,
                28.1963569
              ],
              [
                75.0375867,
                28.1976051
              ],
              [
                75.0381446,
                28.1941632
              ],
              [
                75.038681,
                28.1936148
              ],
              [
                75.0398397,
                28.1939552
              ],
              [
                75.0413632,
                28.194428
              ],
              [
                75.0431013,
                28.1950899
              ],
              [
                75.0433588,
                28.1937282
              ],
              [
                75.0445175,
                28.1940876
              ],
              [
                75.0449466,
                28.1930852
              ],
              [
                75.04529,
                28.192499
              ],
              [
                75.0454831,
                28.1916668
              ],
              [
                75.0455689,
                28.1913264
              ],
              [
                75.048573,
                28.1918559
              ],
              [
                75.0511908,
                28.1916668
              ],
              [
                75.0526714,
                28.192064
              ],
              [
                75.0541734,
                28.1925179
              ],
              [
                75.0557184,
                28.1925179
              ],
              [
                75.0551176,
                28.1935958
              ],
              [
                75.0576281,
                28.1944658
              ],
              [
                75.0587868,
                28.1939174
              ],
              [
                75.0613189,
                28.1943523
              ],
              [
                75.0631857,
                28.1945982
              ],
              [
                75.0659966,
                28.1949197
              ],
              [
                75.0727772,
                28.195279
              ],
              [
                75.0737428,
                28.1932365
              ],
              [
                75.0765109,
                28.1936337
              ],
              [
                75.0767684,
                28.1927259
              ],
              [
                75.0795579,
                28.1938984
              ],
              [
                75.083828,
                28.1865793
              ],
              [
                75.0832057,
                28.1851987
              ],
              [
                75.0820255,
                28.1844043
              ],
              [
                75.0803518,
                28.1836856
              ],
              [
                75.0783992,
                28.1828912
              ],
              [
                75.0767469,
                28.1820968
              ],
              [
                75.0685072,
                28.1760253
              ],
              [
                75.0659108,
                28.1743608
              ],
              [
                75.0621557,
                28.1732448
              ],
              [
                75.0585937,
                28.1723557
              ],
              [
                75.0583362,
                28.170956
              ],
              [
                75.0565552,
                28.1696508
              ],
              [
                75.0532508,
                28.1679483
              ],
              [
                75.0533795,
                28.1659621
              ],
              [
                75.0547957,
                28.1640136
              ],
              [
                75.0550318,
                28.1629353
              ],
              [
                75.0550318,
                28.1620841
              ],
              [
                75.054667,
                28.1614976
              ],
              [
                75.0541949,
                28.1608923
              ],
              [
                75.0537443,
                28.1602491
              ],
              [
                75.0534439,
                28.1595491
              ],
              [
                75.0535941,
                28.1591707
              ],
              [
                75.0543451,
                28.1592464
              ],
              [
                75.0556969,
                28.1598707
              ],
              [
                75.05692,
                28.1603815
              ],
              [
                75.0585294,
                28.160949
              ],
              [
                75.060761,
                28.1614598
              ],
              [
                75.0653314,
                28.1626894
              ],
              [
                75.0657391,
                28.1597572
              ],
              [
                75.0688076,
                28.1616679
              ],
              [
                75.0723052,
                28.162784
              ],
              [
                75.0730562,
                28.1608544
              ],
              [
                75.075202,
                28.1601923
              ],
              [
                75.0771332,
                28.1601734
              ],
              [
                75.0811243,
                28.161649
              ],
              [
                75.0825834,
                28.1618381
              ],
              [
                75.0836348,
                28.1619327
              ],
              [
                75.0858021,
                28.1615733
              ],
              [
                75.0869822,
                28.1617435
              ],
              [
                75.0890422,
                28.161857
              ],
              [
                75.0897717,
                28.1589437
              ],
              [
                75.0903296,
                28.1577897
              ],
              [
                75.0911236,
                28.1565789
              ],
              [
                75.0914883,
                28.1557087
              ],
              [
                75.0920677,
                28.154933
              ],
              [
                75.0936556,
                28.1546303
              ],
              [
                75.0950503,
                28.1546493
              ],
              [
                75.0965524,
                28.1552546
              ],
              [
                75.0986552,
                28.1560492
              ],
              [
                75.0997066,
                28.152606
              ],
              [
                75.1006722,
                28.1527763
              ],
              [
                75.1023674,
                28.1503925
              ],
              [
                75.1085686,
                28.1518303
              ],
              [
                75.1067233,
                28.1502033
              ],
              [
                75.1090193,
                28.1509033
              ],
              [
                75.1100921,
                28.1496357
              ],
              [
                75.1099634,
                28.1488789
              ],
              [
                75.1080537,
                28.1481599
              ],
              [
                75.1071739,
                28.1470247
              ],
              [
                75.1077747,
                28.1459652
              ],
              [
                75.1109075,
                28.1428433
              ],
              [
                75.1124954,
                28.1430136
              ],
              [
                75.113976,
                28.140043
              ],
              [
                75.1183319,
                28.1405917
              ],
              [
                75.1192331,
                28.1380373
              ],
              [
                75.1207781,
                28.1381698
              ],
              [
                75.1240611,
                28.1378102
              ],
              [
                75.1253271,
                28.1376778
              ],
              [
                75.1272557,
                28.1372762
              ],
              [
                75.1284625,
                28.1354896
              ],
              [
                75.1284625,
                28.1336854
              ],
              [
                75.1285627,
                28.1314439
              ],
              [
                75.1286745,
                28.1279421
              ],
              [
                75.1286638,
                28.125728
              ],
              [
                75.1290071,
                28.1235612
              ],
              [
                75.1292217,
                28.1220662
              ],
              [
                75.1289213,
                28.1211105
              ],
              [
                75.1284921,
                28.1208929
              ],
              [
                75.1279127,
                28.1209307
              ],
              [
                75.1268935,
                28.1212241
              ],
              [
                75.1257563,
                28.1213755
              ],
              [
                75.1245546,
                28.1213755
              ],
              [
                75.1214003,
                28.1204292
              ],
              [
                75.1174307,
                28.1190099
              ],
              [
                75.1155317,
                28.1184894
              ],
              [
                75.1146412,
                28.1182434
              ],
              [
                75.1145768,
                28.1177797
              ],
              [
                75.1147377,
                28.1174202
              ],
              [
                75.114963,
                28.1168335
              ],
              [
                75.1148987,
                28.1164171
              ],
              [
                75.1142764,
                28.1159629
              ],
              [
                75.1137614,
                28.1158683
              ],
              [
                75.1130962,
                28.1158493
              ],
              [
                75.1103067,
                28.11619
              ],
              [
                75.1095343,
                28.1161332
              ],
              [
                75.10903,
                28.1156412
              ],
              [
                75.1087725,
                28.1149788
              ],
              [
                75.1086867,
                28.1145529
              ],
              [
                75.1089871,
                28.1141366
              ],
              [
                75.1103175,
                28.1136729
              ],
              [
                75.1113152,
                28.1133038
              ],
              [
                75.1122808,
                28.1130483
              ],
              [
                75.1128387,
                28.1127266
              ],
              [
                75.1127744,
                28.1086101
              ],
              [
                75.1126456,
                28.1071811
              ],
              [
                75.1130104,
                28.105629
              ],
              [
                75.1136327,
                28.1048625
              ],
              [
                75.1144695,
                28.1049571
              ],
              [
                75.1139545,
                28.1016448
              ],
              [
                75.1138043,
                28.0988812
              ],
              [
                75.1146841,
                28.0942247
              ],
              [
                75.1146197,
                28.0907795
              ],
              [
                75.1143837,
                28.0907227
              ],
              [
                75.1145768,
                28.089
              ],
              [
                75.1097274,
                28.0871448
              ],
              [
                75.1100492,
                28.0854221
              ],
              [
                75.1085472,
                28.0846081
              ],
              [
                75.1041484,
                28.0825825
              ],
              [
                75.1041269,
                28.0805378
              ],
              [
                75.1002645,
                28.0794209
              ],
              [
                75.10005,
                28.0770733
              ],
              [
                75.1013374,
                28.0764674
              ],
              [
                75.1007795,
                28.0749149
              ],
              [
                75.0999856,
                28.0738547
              ],
              [
                75.0990629,
                28.0729648
              ],
              [
                75.0976896,
                28.0718857
              ],
              [
                75.0977969,
                28.0707875
              ],
              [
                75.0983763,
                28.0698598
              ],
              [
                75.0986981,
                28.0690645
              ],
              [
                75.099256,
                28.0684587
              ],
              [
                75.1003933,
                28.0680042
              ],
              [
                75.1006293,
                28.0673605
              ],
              [
                75.1007366,
                28.0665653
              ],
              [
                75.1011228,
                28.0656185
              ],
              [
                75.1015949,
                28.0645203
              ],
              [
                75.1022172,
                28.0633274
              ],
              [
                75.103333,
                28.0619641
              ],
              [
                75.1037192,
                28.0610174
              ],
              [
                75.1050925,
                28.0614718
              ],
              [
                75.1053071,
                28.0609795
              ],
              [
                75.1053071,
                28.0605629
              ],
              [
                75.1053929,
                28.0601842
              ],
              [
                75.1057577,
                28.0596919
              ],
              [
                75.1064229,
                28.0574385
              ],
              [
                75.1062512,
                28.0554692
              ],
              [
                75.1064014,
                28.0545034
              ],
              [
                75.1060796,
                28.0535566
              ],
              [
                75.1061654,
                28.0526287
              ],
              [
                75.1067018,
                28.0513031
              ],
              [
                75.107131,
                28.0503563
              ],
              [
                75.1078176,
                28.0500912
              ],
              [
                75.1091909,
                28.0501101
              ],
              [
                75.1101994,
                28.0498829
              ],
              [
                75.1108646,
                28.0490117
              ],
              [
                75.1111007,
                28.0486519
              ],
              [
                75.1117444,
                28.0482164
              ],
              [
                75.1129889,
                28.0482921
              ],
              [
                75.1138472,
                28.0483489
              ],
              [
                75.1151991,
                28.0454325
              ],
              [
                75.1169371,
                28.0460007
              ],
              [
                75.1178169,
                28.0438038
              ],
              [
                75.1167011,
                28.0430842
              ],
              [
                75.1200485,
                28.0382548
              ],
              [
                75.1217651,
                28.0393722
              ],
              [
                75.1235246,
                28.0344858
              ],
              [
                75.1250267,
                28.0306788
              ],
              [
                75.124619,
                28.0300159
              ],
              [
                75.1244473,
                28.0292582
              ],
              [
                75.1245117,
                28.0284627
              ],
              [
                75.1247692,
                28.0279892
              ],
              [
                75.1262283,
                28.0281218
              ],
              [
                75.1267218,
                28.027099
              ],
              [
                75.1273012,
                28.0273073
              ],
              [
                75.1282453,
                28.0251291
              ],
              [
                75.1370215,
                28.0276672
              ],
              [
                75.1376009,
                28.0266633
              ],
              [
                75.1424074,
                28.028709
              ],
              [
                75.143137,
                28.0272316
              ],
              [
                75.1442742,
                28.0275914
              ],
              [
                75.146935,
                28.0207535
              ],
              [
                75.1482224,
                28.0212838
              ],
              [
                75.1488232,
                28.0192381
              ],
              [
                75.1498532,
                28.0188782
              ],
              [
                75.1509261,
                28.0149759
              ],
              [
                75.1517844,
                28.0136877
              ],
              [
                75.1533079,
                28.0093117
              ],
              [
                75.1548099,
                28.004727
              ],
              [
                75.1550889,
                28.0037229
              ],
              [
                75.1562047,
                28.001961
              ],
              [
                75.1584148,
                27.9990433
              ],
              [
                75.1597667,
                27.9961256
              ],
              [
                75.1601958,
                27.9944393
              ],
              [
                75.1611185,
                27.9917678
              ],
              [
                75.15908,
                27.9907446
              ],
              [
                75.1579213,
                27.9900625
              ],
              [
                75.1578784,
                27.9892477
              ],
              [
                75.1585865,
                27.9879593
              ],
              [
                75.1596594,
                27.9830895
              ],
              [
                75.1616764,
                27.9766087
              ],
              [
                75.1622343,
                27.9706014
              ],
              [
                75.1635217,
                27.9689526
              ],
              [
                75.1635647,
                27.9674934
              ],
              [
                75.1635861,
                27.9659583
              ],
              [
                75.1640796,
                27.9633239
              ],
              [
                75.1656031,
                27.9590785
              ],
              [
                75.1706886,
                27.960064
              ],
              [
                75.1727271,
                27.9602157
              ],
              [
                75.1737571,
                27.9602346
              ],
              [
                75.1750874,
                27.9595333
              ],
              [
                75.176804,
                27.9587942
              ],
              [
                75.1780915,
                27.9587563
              ],
              [
                75.1789284,
                27.9587563
              ],
              [
                75.1816964,
                27.9593249
              ],
              [
                75.1930922,
                27.9586074
              ],
              [
                75.1941418,
                27.9550414
              ],
              [
                75.1943779,
                27.9518665
              ],
              [
                75.1941097,
                27.9483789
              ],
              [
                75.1936912,
                27.9442371
              ],
              [
                75.1936698,
                27.9425216
              ],
              [
                75.1942062,
                27.9410904
              ],
              [
                75.1947641,
                27.939517
              ],
              [
                75.1948821,
                27.9387208
              ],
              [
                75.194689,
                27.9383322
              ],
              [
                75.1942599,
                27.9380858
              ],
              [
                75.1937878,
                27.9377635
              ],
              [
                75.1941419,
                27.9365218
              ],
              [
                75.1945281,
                27.9344934
              ],
              [
                75.1927101,
                27.9342152
              ],
              [
                75.193018,
                27.9242536
              ],
              [
                75.1929005,
                27.9201169
              ],
              [
                75.1921034,
                27.9184162
              ],
              [
                75.19176,
                27.9172407
              ],
              [
                75.1915669,
                27.9168235
              ],
              [
                75.19176,
                27.9157238
              ],
              [
                75.1923394,
                27.9147189
              ],
              [
                75.1928758,
                27.9130314
              ],
              [
                75.1933694,
                27.9121212
              ],
              [
                75.1939702,
                27.9117609
              ],
              [
                75.2007293,
                27.9128607
              ],
              [
                75.2012872,
                27.9103388
              ],
              [
                75.2017379,
                27.9100354
              ],
              [
                75.2027464,
                27.9096372
              ],
              [
                75.2030897,
                27.9095424
              ],
              [
                75.2031326,
                27.9085943
              ],
              [
                75.2028537,
                27.9069257
              ],
              [
                75.2025962,
                27.9050104
              ],
              [
                75.2023601,
                27.9030762
              ],
              [
                75.2024245,
                27.9023367
              ],
              [
                75.2032399,
                27.9003834
              ],
              [
                75.2038193,
                27.8982595
              ],
              [
                75.2044844,
                27.8960976
              ],
              [
                75.2043557,
                27.8939167
              ],
              [
                75.2041626,
                27.8933288
              ],
              [
                75.2037763,
                27.8928357
              ],
              [
                75.2032399,
                27.8925702
              ],
              [
                75.2019739,
                27.8920582
              ],
              [
                75.2036476,
                27.8894599
              ],
              [
                75.2099776,
                27.8822528
              ],
              [
                75.2117371,
                27.8825184
              ],
              [
                75.2139687,
                27.8825563
              ],
              [
                75.2167153,
                27.8819494
              ],
              [
                75.2209639,
                27.8817028
              ],
              [
                75.2241611,
                27.8811338
              ],
              [
                75.2260065,
                27.8798251
              ],
              [
                75.2266931,
                27.8793888
              ],
              [
                75.229547,
                27.8793509
              ],
              [
                75.2306199,
                27.8747797
              ],
              [
                75.231092,
                27.8728639
              ],
              [
                75.2318644,
                27.8708722
              ],
              [
                75.2335596,
                27.867382
              ],
              [
                75.235641,
                27.862962
              ],
              [
                75.236392,
                27.8608374
              ],
              [
                75.2370786,
                27.8570812
              ],
              [
                75.238409,
                27.85323
              ],
              [
                75.2398467,
                27.8500427
              ],
              [
                75.2411771,
                27.8485628
              ],
              [
                75.2436447,
                27.8469122
              ],
              [
                75.2442455,
                27.8437626
              ],
              [
                75.244503,
                27.8412202
              ],
              [
                75.2444172,
                27.8405561
              ],
              [
                75.2440095,
                27.8399679
              ],
              [
                75.2434087,
                27.8395315
              ],
              [
                75.2429151,
                27.8389623
              ],
              [
                75.2428293,
                27.8380705
              ],
              [
                75.2431512,
                27.8371597
              ],
              [
                75.2435589,
                27.8366284
              ],
              [
                75.2438164,
                27.8360402
              ],
              [
                75.2422285,
                27.8356228
              ],
              [
                75.2427006,
                27.8345412
              ],
              [
                75.2387094,
                27.8321124
              ],
              [
                75.2410483,
                27.8264385
              ],
              [
                75.2398038,
                27.8258882
              ],
              [
                75.2383017,
                27.8255467
              ],
              [
                75.2388382,
                27.820271
              ],
              [
                75.2392888,
                27.8176711
              ],
              [
                75.2400398,
                27.8157543
              ],
              [
                75.2403515,
                27.8141062
              ],
              [
                75.2426779,
                27.8148528
              ],
              [
                75.2442455,
                27.8159346
              ],
              [
                75.2456617,
                27.8174908
              ],
              [
                75.2483547,
                27.8183258
              ],
              [
                75.2529681,
                27.8195024
              ],
              [
                75.2574956,
                27.8208498
              ],
              [
                75.261637,
                27.8209732
              ],
              [
                75.2648449,
                27.8217987
              ],
              [
                75.2685571,
                27.8230038
              ],
              [
                75.2702415,
                27.8234307
              ],
              [
                75.2761853,
                27.8221308
              ],
              [
                75.2803266,
                27.8216659
              ],
              [
                75.2838778,
                27.8216943
              ],
              [
                75.2847469,
                27.8211725
              ],
              [
                75.2865493,
                27.8213338
              ],
              [
                75.287472,
                27.8205177
              ],
              [
                75.2879226,
                27.8172156
              ],
              [
                75.2880835,
                27.8135812
              ],
              [
                75.2876329,
                27.8111235
              ],
              [
                75.2875256,
                27.8092445
              ],
              [
                75.2879119,
                27.8052683
              ],
              [
                75.289489,
                27.8026869
              ],
              [
                75.2903259,
                27.8012634
              ],
              [
                75.2901649,
                27.8004662
              ],
              [
                75.2895641,
                27.7996785
              ],
              [
                75.2893603,
                27.7982264
              ],
              [
                75.2895105,
                27.7962713
              ],
              [
                75.2902508,
                27.7948382
              ],
              [
                75.2907121,
                27.7925888
              ],
              [
                75.2910018,
                27.7894757
              ],
              [
                75.2904975,
                27.7872072
              ],
              [
                75.2898645,
                27.7841034
              ],
              [
                75.2896821,
                27.7812747
              ],
              [
                75.2895641,
                27.7768703
              ],
              [
                75.2896178,
                27.7741649
              ],
              [
                75.2890384,
                27.7738516
              ],
              [
                75.2871609,
                27.7737757
              ],
              [
                75.2877188,
                27.7726175
              ],
              [
                75.2873433,
                27.7722853
              ],
              [
                75.2763033,
                27.769276
              ],
              [
                75.2735674,
                27.7689437
              ],
              [
                75.2654457,
                27.7674913
              ],
              [
                75.2630639,
                27.7672349
              ],
              [
                75.2610254,
                27.7675197
              ],
              [
                75.2600598,
                27.7668552
              ],
              [
                75.2649522,
                27.7634565
              ],
              [
                75.2657676,
                27.7610451
              ],
              [
                75.2671838,
                27.7610831
              ],
              [
                75.2676773,
                27.7549498
              ],
              [
                75.2687073,
                27.7544751
              ],
              [
                75.2715397,
                27.7547979
              ],
              [
                75.2719903,
                27.7525192
              ],
              [
                75.271368,
                27.7524053
              ],
              [
                75.2716684,
                27.751038
              ],
              [
                75.2732992,
                27.7507722
              ],
              [
                75.2738893,
                27.7481326
              ],
              [
                75.2750051,
                27.7467083
              ],
              [
                75.2752733,
                27.7451131
              ],
              [
                75.2759814,
                27.7442015
              ],
              [
                75.2766251,
                27.7416662
              ],
              [
                75.2778268,
                27.7420176
              ],
              [
                75.278449,
                27.7366145
              ],
              [
                75.2797151,
                27.7360732
              ],
              [
                75.2805412,
                27.7334997
              ],
              [
                75.2823007,
                27.7303564
              ],
              [
                75.2838242,
                27.7274314
              ],
              [
                75.2855301,
                27.7242024
              ],
              [
                75.2861309,
                27.7229678
              ],
              [
                75.2860236,
                27.7186274
              ],
              [
                75.2900362,
                27.7183235
              ],
              [
                75.2931046,
                27.7171078
              ],
              [
                75.2935123,
                27.7155787
              ],
              [
                75.2972782,
                27.7143344
              ],
              [
                75.2998638,
                27.7148283
              ],
              [
                75.3019881,
                27.7130997
              ],
              [
                75.3042197,
                27.7120454
              ],
              [
                75.3049385,
                27.7109816
              ],
              [
                75.3068161,
                27.7112191
              ],
              [
                75.3075242,
                27.7104402
              ],
              [
                75.3135431,
                27.7105637
              ],
              [
                75.3158283,
                27.7103262
              ],
              [
                75.3183067,
                27.7099083
              ],
              [
                75.321579,
                27.7097563
              ],
              [
                75.3221583,
                27.7093764
              ],
              [
                75.3228664,
                27.7081891
              ],
              [
                75.3211927,
                27.7072297
              ],
              [
                75.3225768,
                27.7031547
              ],
              [
                75.3232419,
                27.7029363
              ],
              [
                75.3258705,
                27.6974932
              ],
              [
                75.3282308,
                27.6980062
              ],
              [
                75.328145,
                27.6975312
              ],
              [
                75.3294003,
                27.6975882
              ],
              [
                75.3294968,
                27.6982342
              ],
              [
                75.3343785,
                27.6993931
              ],
              [
                75.3360307,
                27.699716
              ],
              [
                75.3367388,
                27.6983196
              ],
              [
                75.3389382,
                27.7000105
              ],
              [
                75.3419959,
                27.7002765
              ],
              [
                75.3441524,
                27.7008085
              ],
              [
                75.3505683,
                27.7017964
              ],
              [
                75.3522313,
                27.7002575
              ],
              [
                75.3524244,
                27.6997635
              ],
              [
                75.3542161,
                27.6997825
              ],
              [
                75.3564477,
                27.6972842
              ],
              [
                75.357424,
                27.6967427
              ],
              [
                75.3614688,
                27.6953843
              ],
              [
                75.3654063,
                27.6943013
              ],
              [
                75.3666615,
                27.6927434
              ],
              [
                75.3682923,
                27.6901119
              ],
              [
                75.3696442,
                27.6883163
              ],
              [
                75.3728843,
                27.6851527
              ],
              [
                75.3746116,
                27.6834901
              ],
              [
                75.3765964,
                27.6841076
              ],
              [
                75.3778195,
                27.6840126
              ],
              [
                75.3785384,
                27.6815899
              ],
              [
                75.3744399,
                27.6796708
              ],
              [
                75.3723907,
                27.6784926
              ],
              [
                75.3729379,
                27.6747586
              ],
              [
                75.3729916,
                27.6723642
              ],
              [
                75.3727126,
                27.6688581
              ],
              [
                75.3724122,
                27.6660645
              ],
              [
                75.3719079,
                27.6623205
              ],
              [
                75.371393,
                27.6585099
              ],
              [
                75.3710389,
                27.6558681
              ],
              [
                75.3716719,
                27.6551554
              ],
              [
                75.3724229,
                27.6546327
              ],
              [
                75.3730988,
                27.6543381
              ],
              [
                75.3738177,
                27.6520573
              ],
              [
                75.3737318,
                27.6477332
              ],
              [
                75.3737318,
                27.6468303
              ],
              [
                75.3739786,
                27.6454522
              ],
              [
                75.3743005,
                27.6441122
              ],
              [
                75.3754163,
                27.6435229
              ],
              [
                75.3763068,
                27.6442072
              ],
              [
                75.377562,
                27.6455853
              ],
              [
                75.3781736,
                27.647163
              ],
              [
                75.379107,
                27.6477047
              ],
              [
                75.3804481,
                27.6477997
              ],
              [
                75.3815961,
                27.6480183
              ],
              [
                75.3829908,
                27.6489687
              ],
              [
                75.383892,
                27.6502707
              ],
              [
                75.3895139,
                27.6546612
              ],
              [
                75.3916597,
                27.65717
              ],
              [
                75.3922391,
                27.6584434
              ],
              [
                75.3919601,
                27.6606861
              ],
              [
                75.3950929,
                27.6632518
              ],
              [
                75.3960189,
                27.6629798
              ],
              [
                75.3967023,
                27.6626911
              ],
              [
                75.3976679,
                27.6618264
              ],
              [
                75.3990734,
                27.6618739
              ],
              [
                75.4021418,
                27.6621875
              ],
              [
                75.4028499,
                27.6620069
              ],
              [
                75.4051995,
                27.6608571
              ],
              [
                75.4064977,
                27.6594982
              ],
              [
                75.4068732,
                27.6585004
              ],
              [
                75.4066908,
                27.656999
              ],
              [
                75.4060149,
                27.655393
              ],
              [
                75.4058647,
                27.6543191
              ],
              [
                75.4070556,
                27.6533023
              ],
              [
                75.407753,
                27.6529791
              ],
              [
                75.4083216,
                27.6521524
              ],
              [
                75.4085147,
                27.6517722
              ],
              [
                75.4083967,
                27.6504988
              ],
              [
                75.4117763,
                27.6489972
              ],
              [
                75.4142117,
                27.6479898
              ],
              [
                75.4156816,
                27.6463931
              ],
              [
                75.417645,
                27.6441217
              ],
              [
                75.4200697,
                27.6430762
              ],
              [
                75.4225588,
                27.641565
              ],
              [
                75.4245543,
                27.6410423
              ],
              [
                75.4265606,
                27.6411944
              ],
              [
                75.4274511,
                27.6412039
              ],
              [
                75.4285349,
                27.6413282
              ],
              [
                75.4288244,
                27.6424109
              ],
              [
                75.4286528,
                27.6456328
              ],
              [
                75.4296183,
                27.6468778
              ],
              [
                75.4308522,
                27.6478187
              ],
              [
                75.4325473,
                27.6493013
              ],
              [
                75.4331374,
                27.6500236
              ],
              [
                75.4351437,
                27.6521333
              ],
              [
                75.4367208,
                27.6536539
              ],
              [
                75.4389632,
                27.6561342
              ],
              [
                75.4404867,
                27.6575311
              ],
              [
                75.443126,
                27.6578067
              ],
              [
                75.4456365,
                27.6573316
              ],
              [
                75.4482973,
                27.6569515
              ],
              [
                75.4498851,
                27.657189
              ],
              [
                75.4513228,
                27.6575407
              ],
              [
                75.452224,
                27.6576737
              ],
              [
                75.4534686,
                27.6575311
              ],
              [
                75.453726,
                27.6592512
              ],
              [
                75.4549384,
                27.6607431
              ],
              [
                75.4556572,
                27.6613038
              ],
              [
                75.4565906,
                27.6618644
              ],
              [
                75.4577493,
                27.6638409
              ],
              [
                75.4591012,
                27.6649432
              ],
              [
                75.4631138,
                27.6672427
              ],
              [
                75.4642296,
                27.66844
              ],
              [
                75.4663324,
                27.6713856
              ],
              [
                75.4663968,
                27.6768584
              ],
              [
                75.4664612,
                27.6778656
              ],
              [
                75.4651952,
                27.6793667
              ],
              [
                75.4656672,
                27.6805068
              ],
              [
                75.4670834,
                27.682616
              ],
              [
                75.4684996,
                27.6865303
              ],
              [
                75.4712677,
                27.6901974
              ],
              [
                75.4752373,
                27.6944913
              ],
              [
                75.4772544,
                27.6922874
              ],
              [
                75.4800653,
                27.6880883
              ],
              [
                75.4864597,
                27.6882213
              ],
              [
                75.4929614,
                27.6873283
              ],
              [
                75.4978323,
                27.6898364
              ],
              [
                75.5017161,
                27.6916984
              ],
              [
                75.5046773,
                27.6919074
              ],
              [
                75.5069089,
                27.6922684
              ],
              [
                75.5072522,
                27.6923634
              ],
              [
                75.5092478,
                27.6947383
              ],
              [
                75.5133247,
                27.6917174
              ],
              [
                75.5154919,
                27.6958023
              ],
              [
                75.5184102,
                27.6955743
              ],
              [
                75.5202126,
                27.6980442
              ],
              [
                75.5239677,
                27.6966193
              ],
              [
                75.5249762,
                27.7016159
              ],
              [
                75.5297613,
                27.7052255
              ],
              [
                75.5342889,
                27.7056054
              ],
              [
                75.535469,
                27.7067833
              ],
              [
                75.5369282,
                27.7104497
              ],
              [
                75.5389452,
                27.7117415
              ],
              [
                75.5414986,
                27.7119504
              ],
              [
                75.544374,
                27.7108296
              ],
              [
                75.5455112,
                27.7097278
              ],
              [
                75.5475497,
                27.7089679
              ],
              [
                75.548923,
                27.70855
              ],
              [
                75.5495882,
                27.7082461
              ],
              [
                75.549953,
                27.7075432
              ],
              [
                75.5510473,
                27.7074102
              ],
              [
                75.5527425,
                27.7074862
              ],
              [
                75.5539226,
                27.7075432
              ],
              [
                75.5547809,
                27.7092529
              ],
              [
                75.5578279,
                27.7071822
              ],
              [
                75.5627632,
                27.7042946
              ],
              [
                75.5662179,
                27.7023568
              ],
              [
                75.5674624,
                27.7011979
              ],
              [
                75.5686855,
                27.6997541
              ],
              [
                75.5697155,
                27.699963
              ],
              [
                75.5708527,
                27.7021668
              ],
              [
                75.5719685,
                27.7033637
              ],
              [
                75.5731487,
                27.7043326
              ],
              [
                75.5749512,
                27.7057004
              ],
              [
                75.5759811,
                27.7058144
              ],
              [
                75.5764103,
                27.7069733
              ],
              [
                75.5777406,
                27.7070872
              ],
              [
                75.5795002,
                27.7058904
              ],
              [
                75.5821395,
                27.7050355
              ],
              [
                75.5850148,
                27.7034207
              ],
              [
                75.5873966,
                27.7026418
              ],
              [
                75.5889845,
                27.7024328
              ],
              [
                75.5903148,
                27.7025468
              ],
              [
                75.5904671,
                27.7030797
              ],
              [
                75.5897033,
                27.7044466
              ],
              [
                75.5891776,
                27.7059949
              ],
              [
                75.5892634,
                27.7074482
              ],
              [
                75.5898106,
                27.7085405
              ],
              [
                75.5912053,
                27.7099463
              ],
              [
                75.5926752,
                27.7111526
              ],
              [
                75.5939412,
                27.7107536
              ],
              [
                75.5959368,
                27.7107157
              ],
              [
                75.5974602,
                27.7108486
              ],
              [
                75.5982113,
                27.7109436
              ],
              [
                75.6000995,
                27.7098038
              ],
              [
                75.6017089,
                27.7089869
              ],
              [
                75.602889,
                27.708531
              ],
              [
                75.6040048,
                27.708417
              ],
              [
                75.6047988,
                27.7079991
              ],
              [
                75.6062579,
                27.7072392
              ],
              [
                75.6065368,
                27.7071822
              ],
              [
                75.6080603,
                27.7074482
              ],
              [
                75.6100344,
                27.7074672
              ],
              [
                75.6109142,
                27.7068973
              ],
              [
                75.6121802,
                27.7065553
              ],
              [
                75.6132102,
                27.7062704
              ],
              [
                75.6149483,
                27.7065743
              ],
              [
                75.6166219,
                27.7045226
              ],
              [
                75.6187677,
                27.7027178
              ],
              [
                75.6202698,
                27.7054725
              ],
              [
                75.6222868,
                27.7064413
              ],
              [
                75.6279945,
                27.7091389
              ],
              [
                75.6296682,
                27.7112476
              ],
              [
                75.6313205,
                27.7128622
              ],
              [
                75.63205,
                27.7147619
              ],
              [
                75.6326937,
                27.7160916
              ],
              [
                75.6345176,
                27.7161865
              ],
              [
                75.6359982,
                27.7165095
              ],
              [
                75.6381655,
                27.7170034
              ],
              [
                75.6395817,
                27.7174023
              ],
              [
                75.6405258,
                27.7175922
              ],
              [
                75.6415343,
                27.718371
              ],
              [
                75.6432295,
                27.7192448
              ],
              [
                75.6440234,
                27.7202135
              ],
              [
                75.6480789,
                27.7179341
              ],
              [
                75.6513405,
                27.7181621
              ],
              [
                75.6555033,
                27.7179911
              ],
              [
                75.6587004,
                27.7173263
              ],
              [
                75.6614041,
                27.7164145
              ],
              [
                75.6636357,
                27.7154647
              ],
              [
                75.6667042,
                27.7156737
              ],
              [
                75.6667685,
                27.714154
              ],
              [
                75.6660604,
                27.7118934
              ],
              [
                75.6648588,
                27.7093099
              ],
              [
                75.6629491,
                27.7054345
              ],
              [
                75.6603312,
                27.6992221
              ],
              [
                75.6590223,
                27.6961443
              ],
              [
                75.6593442,
                27.6956693
              ],
              [
                75.6610179,
                27.6952323
              ],
              [
                75.6618333,
                27.6941303
              ],
              [
                75.661962,
                27.6924774
              ],
              [
                75.6613827,
                27.6894564
              ],
              [
                75.6624341,
                27.6886013
              ],
              [
                75.6637001,
                27.6881643
              ],
              [
                75.6645155,
                27.6875373
              ],
              [
                75.6645369,
                27.6867393
              ],
              [
                75.6643867,
                27.6858842
              ],
              [
                75.6642794,
                27.6852192
              ],
              [
                75.6642365,
                27.6843832
              ],
              [
                75.6644726,
                27.6836231
              ],
              [
                75.6648373,
                27.6829771
              ],
              [
                75.6654596,
                27.682787
              ],
              [
                75.6668758,
                27.6832241
              ],
              [
                75.6673264,
                27.6834521
              ],
              [
                75.6694293,
                27.6844022
              ],
              [
                75.667541,
                27.6769914
              ],
              [
                75.6771111,
                27.6759653
              ],
              [
                75.6847071,
                27.6753572
              ],
              [
                75.6910801,
                27.6791957
              ],
              [
                75.6965947,
                27.6906724
              ],
              [
                75.6948781,
                27.6920404
              ],
              [
                75.6955862,
                27.6935034
              ],
              [
                75.6943416,
                27.6943963
              ],
              [
                75.6956935,
                27.6963913
              ],
              [
                75.6951356,
                27.6968282
              ],
              [
                75.6955004,
                27.6976452
              ],
              [
                75.6950068,
                27.6980252
              ],
              [
                75.6973243,
                27.7022238
              ],
              [
                75.698204,
                27.7022808
              ],
              [
                75.6993627,
                27.7063653
              ],
              [
                75.6985259,
                27.7064413
              ],
              [
                75.6988477,
                27.7074672
              ],
              [
                75.6982469,
                27.7079421
              ],
              [
                75.6986332,
                27.7089679
              ],
              [
                75.6981611,
                27.7091769
              ],
              [
                75.7006073,
                27.7154457
              ],
              [
                75.7001567,
                27.7158066
              ],
              [
                75.7004142,
                27.7168704
              ],
              [
                75.7012939,
                27.7165095
              ],
              [
                75.7015943,
                27.7175732
              ],
              [
                75.7049417,
                27.7160156
              ],
              [
                75.7080316,
                27.7195297
              ],
              [
                75.7076883,
                27.7241644
              ],
              [
                75.7082033,
                27.7253231
              ],
              [
                75.7105851,
                27.7270325
              ],
              [
                75.7110357,
                27.7292928
              ],
              [
                75.7125592,
                27.7304134
              ],
              [
                75.7133531,
                27.731344
              ],
              [
                75.7119369,
                27.7334332
              ],
              [
                75.7117653,
                27.7349526
              ],
              [
                75.7119369,
                27.7358643
              ],
              [
                75.7131386,
                27.7381813
              ],
              [
                75.7146835,
                27.7405363
              ],
              [
                75.7173443,
                27.7441636
              ],
              [
                75.7197046,
                27.7471261
              ],
              [
                75.7198548,
                27.7487403
              ],
              [
                75.7192325,
                27.7497847
              ],
              [
                75.7174945,
                27.7503734
              ],
              [
                75.713439,
                27.7527661
              ],
              [
                75.7100916,
                27.754532
              ],
              [
                75.7112503,
                27.7587665
              ],
              [
                75.7117438,
                27.7605514
              ],
              [
                75.7128382,
                27.7614628
              ],
              [
                75.7156276,
                27.7649375
              ],
              [
                75.7181382,
                27.7661527
              ],
              [
                75.7206058,
                27.7674058
              ],
              [
                75.7221937,
                27.7705386
              ],
              [
                75.7245326,
                27.7728928
              ],
              [
                75.7260346,
                27.7758356
              ],
              [
                75.7275796,
                27.777924
              ],
              [
                75.7297897,
                27.7802401
              ],
              [
                75.7311201,
                27.7831257
              ],
              [
                75.7324581,
                27.7855538
              ],
              [
                75.7345962,
                27.7910987
              ],
              [
                75.7374716,
                27.7957493
              ],
              [
                75.7401538,
                27.7988623
              ],
              [
                75.7436728,
                27.8013488
              ],
              [
                75.7462692,
                27.8044426
              ],
              [
                75.7492947,
                27.8070239
              ],
              [
                75.7535863,
                27.8104972
              ],
              [
                75.7574916,
                27.8141032
              ],
              [
                75.7624697,
                27.8195499
              ],
              [
                75.7660746,
                27.8243511
              ],
              [
                75.7670188,
                27.82771
              ],
              [
                75.7675981,
                27.830063
              ],
              [
                75.7680917,
                27.8309169
              ],
              [
                75.7688641,
                27.8316949
              ],
              [
                75.7737994,
                27.8343894
              ],
              [
                75.7758808,
                27.8359263
              ],
              [
                75.7773614,
                27.8374633
              ],
              [
                75.7792926,
                27.8392469
              ],
              [
                75.7810735,
                27.8398541
              ],
              [
                75.7852578,
                27.8401007
              ],
              [
                75.7874465,
                27.8409545
              ],
              [
                75.7884979,
                27.8414668
              ],
              [
                75.7938838,
                27.8441801
              ],
              [
                75.7963085,
                27.8461343
              ],
              [
                75.7986903,
                27.8474244
              ],
              [
                75.7992911,
                27.849132
              ],
              [
                75.7994842,
                27.8503083
              ],
              [
                75.8002138,
                27.8516553
              ],
              [
                75.8009863,
                27.8527746
              ],
              [
                75.8021664,
                27.8539888
              ],
              [
                75.8036041,
                27.8556773
              ],
              [
                75.804913,
                27.8568156
              ],
              [
                75.8072305,
                27.8573088
              ],
              [
                75.8103418,
                27.8580297
              ],
              [
                75.8119082,
                27.8582384
              ],
              [
                75.8129382,
                27.8583712
              ],
              [
                75.8149123,
                27.8585419
              ],
              [
                75.8154273,
                27.8588075
              ],
              [
                75.8168649,
                27.8593766
              ],
              [
                75.8190751,
                27.8607425
              ],
              [
                75.8211136,
                27.8622981
              ],
              [
                75.8230448,
                27.8631897
              ],
              [
                75.8248687,
                27.8638916
              ],
              [
                75.8281731,
                27.8664904
              ],
              [
                75.8288715,
                27.8669801
              ],
              [
                75.8316278,
                27.8681028
              ],
              [
                75.8342242,
                27.8701325
              ],
              [
                75.8400821,
                27.8718396
              ],
              [
                75.844996,
                27.8739072
              ],
              [
                75.8484292,
                27.8760506
              ],
              [
                75.855124,
                27.8810579
              ],
              [
                75.8592224,
                27.8826322
              ],
              [
                75.8673978,
                27.887772
              ],
              [
                75.8699941,
                27.8893272
              ],
              [
                75.8746075,
                27.8933288
              ],
              [
                75.8762169,
                27.8952253
              ],
              [
                75.8779549,
                27.8977285
              ],
              [
                75.8844781,
                27.9037589
              ],
              [
                75.8852935,
                27.9051053
              ],
              [
                75.8867526,
                27.9064326
              ],
              [
                75.8881688,
                27.9075704
              ],
              [
                75.8896708,
                27.9056931
              ],
              [
                75.8903789,
                27.9052759
              ],
              [
                75.8912587,
                27.9052001
              ],
              [
                75.8925247,
                27.9063378
              ],
              [
                75.8950782,
                27.908746
              ],
              [
                75.8960008,
                27.9101871
              ],
              [
                75.8968591,
                27.9114955
              ],
              [
                75.8974814,
                27.9124625
              ],
              [
                75.8985543,
                27.9128986
              ],
              [
                75.8993482,
                27.9127469
              ],
              [
                75.9028673,
                27.9117041
              ],
              [
                75.9046483,
                27.9088029
              ],
              [
                75.9061503,
                27.9071532
              ],
              [
                75.9071588,
                27.9065654
              ],
              [
                75.9084034,
                27.9062051
              ],
              [
                75.9093475,
                27.9069067
              ],
              [
                75.9096265,
                27.908746
              ],
              [
                75.9097123,
                27.9101682
              ],
              [
                75.9092617,
                27.9114386
              ],
              [
                75.9089613,
                27.912728
              ],
              [
                75.9087252,
                27.9139036
              ],
              [
                75.9090686,
                27.9159514
              ],
              [
                75.9104204,
                27.9172407
              ],
              [
                75.9120941,
                27.9178095
              ],
              [
                75.9135103,
                27.9180749
              ],
              [
                75.9165787,
                27.9188902
              ],
              [
                75.918982,
                27.9191746
              ],
              [
                75.9196901,
                27.9195728
              ],
              [
                75.9205699,
                27.9206725
              ],
              [
                75.9208488,
                27.9211654
              ],
              [
                75.9237885,
                27.9251848
              ],
              [
                75.9270072,
                27.9265499
              ],
              [
                75.9290671,
                27.9284458
              ],
              [
                75.9323473,
                27.9300313
              ],
              [
                75.9349868,
                27.9333621
              ],
              [
                75.9360243,
                27.9355228
              ],
              [
                75.9380993,
                27.9383381
              ],
              [
                75.9415084,
                27.9417426
              ],
              [
                75.946029,
                27.9439031
              ],
              [
                75.9523283,
                27.9470456
              ],
              [
                75.9537364,
                27.9440995
              ],
              [
                75.9562561,
                27.9404332
              ],
              [
                75.9570713,
                27.9367668
              ],
              [
                75.9593687,
                27.9351299
              ],
              [
                75.9661868,
                27.9338859
              ],
              [
                75.9721155,
                27.9315288
              ],
              [
                75.9742647,
                27.9332312
              ],
              [
                75.9755987,
                27.9358502
              ],
              [
                75.9778219,
                27.9403677
              ],
              [
                75.9830837,
                27.9504498
              ],
              [
                75.9809345,
                27.9525446
              ],
              [
                75.9780443,
                27.9540503
              ],
              [
                75.9784148,
                27.9564724
              ],
              [
                75.9796006,
                27.9598763
              ],
              [
                75.9809345,
                27.9643929
              ],
              [
                75.9838248,
                27.9662256
              ],
              [
                75.9888642,
                27.9682547
              ],
              [
                75.9933108,
                27.9747999
              ],
              [
                75.9964975,
                27.9749962
              ],
              [
                75.9993136,
                27.9756507
              ],
              [
                75.9989431,
                27.9782687
              ],
              [
                75.9908652,
                27.9816065
              ],
              [
                75.988716,
                27.9801012
              ],
              [
                75.983306,
                27.9789232
              ],
              [
                75.982639,
                27.9783341
              ],
              [
                75.9772291,
                27.9782687
              ],
              [
                75.975154,
                27.9785959
              ],
              [
                75.9703369,
                27.9801667
              ],
              [
                75.9685583,
                27.9804939
              ],
              [
                75.9662609,
                27.9819991
              ],
              [
                75.9658903,
                27.9853368
              ],
              [
                75.9661868,
                27.9887398
              ],
              [
                75.9655939,
                27.9933206
              ],
              [
                75.9661127,
                27.9984902
              ],
              [
                75.9704851,
                27.9995371
              ],
              [
                75.974487,
                27.9994063
              ],
              [
                75.9779701,
                27.9988828
              ],
              [
                75.982639,
                27.9979012
              ],
              [
                75.9881231,
                27.9956764
              ],
              [
                75.9909393,
                27.9962653
              ],
              [
                75.9953858,
                28.0033977
              ],
              [
                75.9954599,
                28.0062113
              ],
              [
                75.9939037,
                28.0096791
              ],
              [
                75.9909393,
                28.0100062
              ],
              [
                75.9861222,
                28.0107913
              ],
              [
                75.9844177,
                28.0111185
              ],
              [
                75.97923,
                28.012427
              ],
              [
                75.9730789,
                28.0145207
              ],
              [
                75.971078,
                28.0157638
              ],
              [
                75.971745,
                28.0180536
              ],
              [
                75.9730789,
                28.0224369
              ],
              [
                75.9738941,
                28.0264275
              ],
              [
                75.9749317,
                28.0301563
              ],
              [
                75.9781925,
                28.0310721
              ],
              [
                75.9813792,
                28.0312684
              ],
              [
                75.9841953,
                28.0317917
              ],
              [
                75.9873079,
                28.0333617
              ],
              [
                75.9905687,
                28.0343429
              ],
              [
                75.9933849,
                28.0355857
              ],
              [
                75.9942742,
                28.0378752
              ],
              [
                75.9953117,
                28.0385947
              ],
              [
                75.9974609,
                28.0363053
              ],
              [
                75.998202,
                28.0327729
              ],
              [
                76.0017592,
                28.0321188
              ],
              [
                76.0069469,
                28.0313992
              ],
              [
                76.0121345,
                28.0308105
              ],
              [
                76.0162847,
                28.0308105
              ],
              [
                76.0172481,
                28.0353895
              ],
              [
                76.0168034,
                28.0420614
              ],
              [
                76.016507,
                28.0451356
              ],
              [
                76.0165811,
                28.0487983
              ],
              [
                76.01584,
                28.0512837
              ],
              [
                76.0136908,
                28.0528534
              ],
              [
                76.0103559,
                28.0541614
              ],
              [
                76.0086631,
                28.0550942
              ],
              [
                76.0052909,
                28.0574142
              ],
              [
                76.0033427,
                28.0573042
              ],
              [
                76.0003883,
                28.0565158
              ],
              [
                75.9984985,
                28.0562542
              ],
              [
                75.9966087,
                28.0550116
              ],
              [
                75.9945707,
                28.0515453
              ],
              [
                75.9932738,
                28.0486348
              ],
              [
                75.9928662,
                28.0464764
              ],
              [
                75.9896795,
                28.046411
              ],
              [
                75.9877897,
                28.0464764
              ],
              [
                75.9858258,
                28.0465745
              ],
              [
                75.9836766,
                28.0472286
              ],
              [
                75.9816015,
                28.0482424
              ],
              [
                75.9793412,
                28.049387
              ],
              [
                75.9750429,
                28.0505969
              ],
              [
                75.9759692,
                28.0526898
              ],
              [
                75.9770809,
                28.0548154
              ],
              [
                75.9777849,
                28.0567774
              ],
              [
                75.9790818,
                28.0574314
              ],
              [
                75.9806752,
                28.0571698
              ],
              [
                75.9831949,
                28.0573006
              ],
              [
                75.9833802,
                28.0590991
              ],
              [
                75.9844548,
                28.060963
              ],
              [
                75.9856405,
                28.0625325
              ],
              [
                75.9872338,
                28.0640693
              ],
              [
                75.9881973,
                28.0659658
              ],
              [
                75.9887901,
                28.0683526
              ],
              [
                75.9872338,
                28.0708048
              ],
              [
                75.9865669,
                28.0718511
              ],
              [
                75.9846771,
                28.074859
              ],
              [
                75.9840101,
                28.0764611
              ],
              [
                75.9831578,
                28.0788477
              ],
              [
                75.9827502,
                28.0808093
              ],
              [
                75.9817868,
                28.0816593
              ],
              [
                75.9781925,
                28.0824112
              ],
              [
                75.9749317,
                28.0830324
              ],
              [
                75.971745,
                28.0830324
              ],
              [
                75.9697811,
                28.0817574
              ],
              [
                75.9656125,
                28.0804987
              ],
              [
                75.9641488,
                28.0803679
              ],
              [
                75.9617958,
                28.0806785
              ],
              [
                75.9589426,
                28.0813977
              ],
              [
                75.9561635,
                28.0828362
              ],
              [
                75.9532362,
                28.0841929
              ],
              [
                75.9502533,
                28.0857131
              ],
              [
                75.9388053,
                28.0878742
              ],
              [
                75.9420642,
                28.0956835
              ],
              [
                75.9426571,
                28.0973505
              ],
              [
                75.9434723,
                28.1010442
              ],
              [
                75.9467702,
                28.1072218
              ],
              [
                75.9513279,
                28.1094443
              ],
              [
                75.9565526,
                28.111961
              ],
              [
                75.9602951,
                28.1138892
              ],
              [
                75.9625184,
                28.1144449
              ],
              [
                75.9661498,
                28.1144122
              ],
              [
                75.9692994,
                28.1148697
              ],
              [
                75.9736348,
                28.1202295
              ],
              [
                75.9768585,
                28.124772
              ],
              [
                75.9821203,
                28.1242818
              ],
              [
                75.9898647,
                28.1243799
              ],
              [
                75.9956082,
                28.1238243
              ],
              [
                75.9987578,
                28.1232688
              ],
              [
                76.0019075,
                28.1260465
              ],
              [
                76.0036491,
                28.1298699
              ],
              [
                76.0040196,
                28.1319286
              ],
              [
                76.0027227,
                28.1329416
              ],
              [
                76.0012035,
                28.1337585
              ],
              [
                76.0011293,
                28.1351636
              ],
              [
                76.0019816,
                28.1382677
              ],
              [
                76.0024633,
                28.1416332
              ],
              [
                76.0026486,
                28.1426461
              ],
              [
                76.0035379,
                28.1446392
              ],
              [
                76.0042419,
                28.1470897
              ],
              [
                76.0046866,
                28.1495401
              ],
              [
                76.0060206,
                28.1517944
              ],
              [
                76.0073545,
                28.1526439
              ],
              [
                76.0100595,
                28.1523172
              ],
              [
                76.0140244,
                28.1507816
              ],
              [
                76.0159142,
                28.1502916
              ],
              [
                76.0182115,
                28.1520885
              ],
              [
                76.0203978,
                28.1545715
              ],
              [
                76.0226952,
                28.1575771
              ],
              [
                76.0243997,
                28.1606806
              ],
              [
                76.0255854,
                28.1631961
              ],
              [
                76.0261783,
                28.1646334
              ],
              [
                76.028698,
                28.1633267
              ],
              [
                76.0295503,
                28.1651561
              ],
              [
                76.0309583,
                28.1665934
              ],
              [
                76.0322182,
                28.1671488
              ],
              [
                76.036183,
                28.1670508
              ],
              [
                76.0404443,
                28.1657114
              ],
              [
                76.0461137,
                28.1660708
              ],
              [
                76.0489298,
                28.1662668
              ],
              [
                76.0534505,
                28.1662994
              ],
              [
                76.0593422,
                28.1662668
              ],
              [
                76.0643446,
                28.1660054
              ],
              [
                76.0688282,
                28.1655481
              ],
              [
                76.0705698,
                28.1639801
              ],
              [
                76.0696063,
                28.1567277
              ],
              [
                76.0682724,
                28.1522518
              ],
              [
                76.0667531,
                28.1477431
              ],
              [
                76.0657897,
                28.1441491
              ],
              [
                76.0658638,
                28.1424501
              ],
              [
                76.0670496,
                28.1403263
              ],
              [
                76.07346,
                28.1370588
              ],
              [
                76.0770543,
                28.1366013
              ],
              [
                76.0822049,
                28.1363399
              ],
              [
                76.0860586,
                28.1368627
              ],
              [
                76.0892824,
                28.1383984
              ],
              [
                76.0939142,
                28.1399995
              ],
              [
                76.0956187,
                28.1441818
              ],
              [
                76.0965562,
                28.1484389
              ],
              [
                76.093766,
                28.1532646
              ],
              [
                76.0889859,
                28.156597
              ],
              [
                76.0845394,
                28.1608113
              ],
              [
                76.0793517,
                28.1656461
              ],
              [
                76.0766097,
                28.1693047
              ],
              [
                76.0767949,
                28.1732245
              ],
              [
                76.0751645,
                28.1733225
              ],
              [
                76.0740158,
                28.1741065
              ],
              [
                76.0744234,
                28.1764256
              ],
              [
                76.0749422,
                28.179398
              ],
              [
                76.074794,
                28.1866162
              ],
              [
                76.0740529,
                28.1898822
              ],
              [
                76.0730154,
                28.1911886
              ],
              [
                76.0726448,
                28.1925276
              ],
              [
                76.0719037,
                28.1940299
              ],
              [
                76.0667531,
                28.1947157
              ],
              [
                76.0638629,
                28.1952709
              ],
              [
                76.0618249,
                28.1954015
              ],
              [
                76.0595645,
                28.1957607
              ],
              [
                76.0567113,
                28.19612
              ],
              [
                76.0535246,
                28.1965772
              ],
              [
                76.0505603,
                28.197263
              ],
              [
                76.0478553,
                28.1981447
              ],
              [
                76.0477441,
                28.2000715
              ],
              [
                76.0481517,
                28.2028146
              ],
              [
                76.0499303,
                28.2033044
              ],
              [
                76.0529317,
                28.2036309
              ],
              [
                76.0534135,
                28.2047086
              ],
              [
                76.0540804,
                28.2069617
              ],
              [
                76.0560443,
                28.2137209
              ],
              [
                76.0566372,
                28.215876
              ],
              [
                76.0565631,
                28.2175412
              ],
              [
                76.0559702,
                28.2204471
              ],
              [
                76.0534135,
                28.2209368
              ],
              [
                76.0493374,
                28.2211001
              ],
              [
                76.0461507,
                28.2213939
              ],
              [
                76.0422971,
                28.2213286
              ],
              [
                76.0380728,
                28.2215245
              ],
              [
                76.0369612,
                28.2255404
              ],
              [
                76.036813,
                28.2263566
              ],
              [
                76.0341821,
                28.2277931
              ],
              [
                76.0329593,
                28.228544
              ],
              [
                76.0308472,
                28.2294908
              ],
              [
                76.0285868,
                28.231417
              ],
              [
                76.0269194,
                28.2328208
              ],
              [
                76.0237697,
                28.2338655
              ],
              [
                76.0210647,
                28.2343225
              ],
              [
                76.0177298,
                28.2351386
              ],
              [
                76.0163959,
                28.2375544
              ],
              [
                76.0161365,
                28.2393172
              ],
              [
                76.0157659,
                28.2409821
              ],
              [
                76.0146172,
                28.2423531
              ],
              [
                76.0132462,
                28.2440179
              ],
              [
                76.0132833,
                28.24565
              ],
              [
                76.0136909,
                28.2485878
              ],
              [
                76.0154695,
                28.2543326
              ],
              [
                76.0181004,
                28.2580534
              ],
              [
                76.0205089,
                28.2628186
              ],
              [
                76.0233621,
                28.2689215
              ],
              [
                76.0265118,
                28.2750894
              ],
              [
                76.0206571,
                28.2775695
              ],
              [
                76.0165441,
                28.2794622
              ],
              [
                76.0112082,
                28.2808328
              ],
              [
                76.0040937,
                28.2839001
              ],
              [
                76.0014628,
                28.285499
              ],
              [
                75.995497,
                28.2887946
              ],
              [
                75.9882714,
                28.2920901
              ],
              [
                75.9842324,
                28.2959728
              ],
              [
                75.9834172,
                28.2973105
              ],
              [
                75.9820833,
                28.2992028
              ],
              [
                75.9800823,
                28.3007688
              ],
              [
                75.9781925,
                28.3019433
              ],
              [
                75.9785631,
                28.3043902
              ],
              [
                75.978489,
                28.3060867
              ],
              [
                75.9780814,
                28.3079788
              ],
              [
                75.9773403,
                28.3103277
              ],
              [
                75.9724861,
                28.3185157
              ],
              [
                75.9581089,
                28.3134268
              ],
              [
                75.9570343,
                28.3265725
              ],
              [
                75.9557559,
                28.3266377
              ],
              [
                75.9538476,
                28.3273064
              ],
              [
                75.9521431,
                28.3291166
              ],
              [
                75.9516429,
                28.329769
              ],
              [
                75.9515688,
                28.3306822
              ],
              [
                75.9526248,
                28.3313998
              ],
              [
                75.95344,
                28.3313998
              ],
              [
                75.954774,
                28.331253
              ],
              [
                75.9557004,
                28.3316281
              ],
              [
                75.9558671,
                28.3325087
              ],
              [
                75.9558671,
                28.3337807
              ],
              [
                75.9541996,
                28.334058
              ],
              [
                75.9498457,
                28.3339601
              ],
              [
                75.9491046,
                28.3339927
              ],
              [
                75.9487711,
                28.3340091
              ],
              [
                75.9476595,
                28.3343515
              ],
              [
                75.9466034,
                28.3347755
              ],
              [
                75.9449175,
                28.335493
              ],
              [
                75.9421198,
                28.3362432
              ],
              [
                75.940193,
                28.336553
              ],
              [
                75.9326679,
                28.3368897
              ],
              [
                75.9318001,
                28.3403689
              ],
              [
                75.9316519,
                28.3417712
              ],
              [
                75.9314666,
                28.3433366
              ],
              [
                75.929021,
                28.3434997
              ],
              [
                75.9288357,
                28.3450651
              ],
              [
                75.9289098,
                28.3473479
              ],
              [
                75.9305773,
                28.3529895
              ],
              [
                75.9302808,
                28.3553374
              ],
              [
                75.929725,
                28.3571634
              ],
              [
                75.9288357,
                28.3590873
              ],
              [
                75.9278723,
                28.3598047
              ],
              [
                75.9272794,
                28.3606525
              ],
              [
                75.9261678,
                28.3628045
              ],
              [
                75.924945,
                28.3631958
              ],
              [
                75.9240927,
                28.364337
              ],
              [
                75.9214989,
                28.3667824
              ],
              [
                75.9203873,
                28.3669455
              ],
              [
                75.9187198,
                28.3669781
              ],
              [
                75.9176452,
                28.367891
              ],
              [
                75.9173117,
                28.3689344
              ],
              [
                75.9174599,
                28.3704016
              ],
              [
                75.9177564,
                28.3718035
              ],
              [
                75.9160519,
                28.3719666
              ],
              [
                75.9144956,
                28.3718035
              ],
              [
                75.9128281,
                28.3714449
              ],
              [
                75.9110495,
                28.3706624
              ],
              [
                75.9091597,
                28.3711189
              ],
              [
                75.9084186,
                28.372423
              ],
              [
                75.90664,
                28.3728468
              ],
              [
                75.9050466,
                28.3728142
              ],
              [
                75.9034162,
                28.3723904
              ],
              [
                75.9007112,
                28.3719992
              ],
              [
                75.8996367,
                28.3736293
              ],
              [
                75.8995255,
                28.3752595
              ],
              [
                75.8995255,
                28.3770526
              ],
              [
                75.8995996,
                28.3788457
              ],
              [
                75.8993773,
                28.3803454
              ],
              [
                75.899192,
                28.3818124
              ],
              [
                75.8990808,
                28.3830512
              ],
              [
                75.8987103,
                28.3843552
              ],
              [
                75.8976357,
                28.3849746
              ],
              [
                75.8957168,
                28.3863879
              ],
              [
                75.8963656,
                28.390072
              ],
              [
                75.8947456,
                28.3893239
              ],
              [
                75.8938765,
                28.389541
              ],
              [
                75.8930397,
                28.3884178
              ],
              [
                75.8925354,
                28.3875495
              ],
              [
                75.8925891,
                28.3865301
              ],
              [
                75.8924389,
                28.385303
              ],
              [
                75.8918381,
                28.3840193
              ],
              [
                75.8915806,
                28.383302
              ],
              [
                75.8904433,
                28.3831887
              ],
              [
                75.8877396,
                28.3844913
              ],
              [
                75.8866882,
                28.3851709
              ],
              [
                75.8862591,
                28.384378
              ],
              [
                75.8848858,
                28.3850954
              ],
              [
                75.8840918,
                28.385926
              ],
              [
                75.8825469,
                28.3861525
              ],
              [
                75.8814311,
                28.385926
              ],
              [
                75.8788562,
                28.3865867
              ],
              [
                75.8755624,
                28.3868321
              ],
              [
                75.8735025,
                28.3861525
              ],
              [
                75.8720004,
                28.3861525
              ],
              [
                75.8717751,
                28.3868038
              ],
              [
                75.8703482,
                28.3865867
              ],
              [
                75.8689964,
                28.3858033
              ],
              [
                75.866915,
                28.3852653
              ],
              [
                75.8653271,
                28.3851331
              ],
              [
                75.8637929,
                28.3853219
              ],
              [
                75.8642435,
                28.3883895
              ],
              [
                75.8643508,
                28.3889275
              ],
              [
                75.8627844,
                28.3893711
              ],
              [
                75.8602631,
                28.3893334
              ],
              [
                75.8583319,
                28.3892012
              ],
              [
                75.8556604,
                28.389777
              ],
              [
                75.8549952,
                28.3900035
              ],
              [
                75.8550703,
                28.3913626
              ],
              [
                75.8534825,
                28.3917024
              ],
              [
                75.8514225,
                28.391457
              ],
              [
                75.848515,
                28.3916552
              ],
              [
                75.8449101,
                28.3914853
              ],
              [
                75.8446741,
                28.3931653
              ],
              [
                75.844363,
                28.3932503
              ],
              [
                75.8442986,
                28.394515
              ],
              [
                75.8415198,
                28.3943074
              ],
              [
                75.8400392,
                28.3941375
              ],
              [
                75.8393419,
                28.3944961
              ],
              [
                75.8385157,
                28.3955909
              ],
              [
                75.8376896,
                28.3965064
              ],
              [
                75.8373892,
                28.397856
              ],
              [
                75.8374107,
                28.3993094
              ],
              [
                75.8373141,
                28.4019991
              ],
              [
                75.835973,
                28.4022634
              ],
              [
                75.8349645,
                28.4027919
              ],
              [
                75.834192,
                28.4035091
              ],
              [
                75.8328938,
                28.4051795
              ],
              [
                75.831821,
                28.4054343
              ],
              [
                75.8303082,
                28.4055098
              ],
              [
                75.8282697,
                28.4054154
              ],
              [
                75.8275187,
                28.4052644
              ],
              [
                75.8261454,
                28.4041225
              ],
              [
                75.8254695,
                28.4035091
              ],
              [
                75.8246004,
                28.4029618
              ],
              [
                75.8237851,
                28.4029146
              ],
              [
                75.8222401,
                28.4029618
              ],
              [
                75.8221757,
                28.4035091
              ],
              [
                75.8226156,
                28.4051701
              ],
              [
                75.8226156,
                28.4057552
              ],
              [
                75.8202445,
                28.4065385
              ],
              [
                75.8198583,
                28.4076615
              ],
              [
                75.8203947,
                28.4097753
              ],
              [
                75.8172297,
                28.4098414
              ],
              [
                75.815438,
                28.4096998
              ],
              [
                75.8150089,
                28.4075482
              ],
              [
                75.8129597,
                28.4080201
              ],
              [
                75.8117902,
                28.4071519
              ],
              [
                75.8107495,
                28.4059722
              ],
              [
                75.8094728,
                28.405708
              ],
              [
                75.807724,
                28.4055947
              ],
              [
                75.8059966,
                28.4059817
              ],
              [
                75.8062112,
                28.4066894
              ],
              [
                75.8068442,
                28.4090015
              ],
              [
                75.8050096,
                28.4089071
              ],
              [
                75.8024347,
                28.4081616
              ],
              [
                75.8020484,
                28.4075199
              ],
              [
                75.7997954,
                28.4071896
              ],
              [
                75.7999134,
                28.405708
              ],
              [
                75.799495,
                28.4039904
              ],
              [
                75.7983148,
                28.4036412
              ],
              [
                75.797596,
                28.4034148
              ],
              [
                75.7972956,
                28.4025182
              ],
              [
                75.7971239,
                28.4010931
              ],
              [
                75.7968879,
                28.400659
              ],
              [
                75.7941627,
                28.3996917
              ],
              [
                75.7933956,
                28.3998993
              ],
              [
                75.7918292,
                28.4004797
              ],
              [
                75.7900053,
                28.4010743
              ],
              [
                75.788691,
                28.4011403
              ],
              [
                75.7885677,
                28.4026975
              ],
              [
                75.7884496,
                28.4035563
              ],
              [
                75.7869798,
                28.4036601
              ],
              [
                75.7855904,
                28.4034761
              ],
              [
                75.7852954,
                28.4019991
              ],
              [
                75.7843351,
                28.4018765
              ],
              [
                75.782876,
                28.4018198
              ],
              [
                75.782125,
                28.4014706
              ],
              [
                75.7809234,
                28.4009327
              ],
              [
                75.7799041,
                28.4007062
              ],
              [
                75.7771468,
                28.4001116
              ],
              [
                75.7769537,
                28.40165
              ],
              [
                75.7765782,
                28.4035752
              ],
              [
                75.7760095,
                28.4042452
              ],
              [
                75.7753336,
                28.4047265
              ],
              [
                75.7741749,
                28.4053494
              ],
              [
                75.7732522,
                28.4060383
              ],
              [
                75.7723832,
                28.4071802
              ],
              [
                75.7715785,
                28.408775
              ],
              [
                75.7712245,
                28.4096621
              ],
              [
                75.7706559,
                28.4108605
              ],
              [
                75.7701516,
                28.4124364
              ],
              [
                75.7699692,
                28.4126818
              ],
              [
                75.7682204,
                28.4130498
              ],
              [
                75.7672012,
                28.4131442
              ],
              [
                75.7666647,
                28.4132197
              ],
              [
                75.7668793,
                28.4142765
              ],
              [
                75.7674158,
                28.4164752
              ],
              [
                75.7677698,
                28.4179849
              ],
              [
                75.7681775,
                28.4179944
              ],
              [
                75.7684672,
                28.4197683
              ],
              [
                75.7692289,
                28.4219386
              ],
              [
                75.7696795,
                28.4227878
              ],
              [
                75.7703125,
                28.4235992
              ],
              [
                75.771482,
                28.4237691
              ],
              [
                75.7721472,
                28.4237785
              ],
              [
                75.7722008,
                28.424288
              ],
              [
                75.7736277,
                28.4244201
              ],
              [
                75.7751083,
                28.4245333
              ],
              [
                75.7763207,
                28.4244861
              ],
              [
                75.7769108,
                28.4259958
              ],
              [
                75.7772219,
                28.4263827
              ],
              [
                75.7789707,
                28.427213
              ],
              [
                75.7799578,
                28.4273733
              ],
              [
                75.7801831,
                28.4290811
              ],
              [
                75.78058,
                28.4298642
              ],
              [
                75.7805478,
                28.4307133
              ],
              [
                75.7809985,
                28.4328456
              ],
              [
                75.7815671,
                28.432855
              ],
              [
                75.7820928,
                28.4331286
              ],
              [
                75.7823503,
                28.4335438
              ],
              [
                75.7834339,
                28.4333645
              ],
              [
                75.7848394,
                28.4330626
              ],
              [
                75.7863736,
                28.4330626
              ],
              [
                75.7884335,
                28.4333928
              ],
              [
                75.7889485,
                28.4336004
              ],
              [
                75.7894206,
                28.4362326
              ],
              [
                75.7897639,
                28.4374685
              ],
              [
                75.7902574,
                28.4386572
              ],
              [
                75.7905149,
                28.4402516
              ],
              [
                75.7911587,
                28.4405723
              ],
              [
                75.7915449,
                28.4409119
              ],
              [
                75.7919848,
                28.4426572
              ],
              [
                75.7919848,
                28.4443364
              ],
              [
                75.7916736,
                28.4455439
              ],
              [
                75.7911801,
                28.4456383
              ],
              [
                75.7907724,
                28.4483739
              ],
              [
                75.7901609,
                28.4490814
              ],
              [
                75.7892167,
                28.4504398
              ],
              [
                75.7889056,
                28.4518925
              ],
              [
                75.788573,
                28.4527698
              ],
              [
                75.788337,
                28.4537885
              ],
              [
                75.7869744,
                28.4536848
              ],
              [
                75.7850325,
                28.4533923
              ],
              [
                75.7837558,
                28.4533452
              ],
              [
                75.7837021,
                28.454779
              ],
              [
                75.7832622,
                28.4552412
              ],
              [
                75.7808483,
                28.4560052
              ],
              [
                75.7807088,
                28.4565712
              ],
              [
                75.7803011,
                28.4569862
              ],
              [
                75.7793462,
                28.4570711
              ],
              [
                75.7786703,
                28.4571748
              ],
              [
                75.7768249,
                28.4577597
              ],
              [
                75.7767606,
                28.4579106
              ],
              [
                75.775795,
                28.4583445
              ],
              [
                75.7751298,
                28.4583822
              ],
              [
                75.7716966,
                28.459731
              ],
              [
                75.7689607,
                28.4607308
              ],
              [
                75.7665467,
                28.4613062
              ],
              [
                75.7631993,
                28.4619287
              ],
              [
                75.7613218,
                28.4622211
              ],
              [
                75.758779,
                28.4628814
              ],
              [
                75.7569873,
                28.4636925
              ],
              [
                75.755775,
                28.4637868
              ],
              [
                75.7538545,
                28.4641735
              ],
              [
                75.7495093,
                28.4657675
              ],
              [
                75.7475781,
                28.4658241
              ],
              [
                75.745486,
                28.4660976
              ],
              [
                75.7443702,
                28.4668239
              ],
              [
                75.7431471,
                28.4672483
              ],
              [
                75.7413447,
                28.4674369
              ],
              [
                75.7402611,
                28.4675878
              ],
              [
                75.7389521,
                28.4679274
              ],
              [
                75.737493,
                28.4682292
              ],
              [
                75.7355618,
                28.469012
              ],
              [
                75.7360661,
                28.4705304
              ],
              [
                75.7363021,
                28.4720111
              ],
              [
                75.7363129,
                28.4731523
              ],
              [
                75.7354975,
                28.47402
              ],
              [
                75.7355726,
                28.4760759
              ],
              [
                75.7364416,
                28.4760193
              ],
              [
                75.7371604,
                28.4766417
              ],
              [
                75.7376325,
                28.4772925
              ],
              [
                75.7382494,
                28.4774858
              ],
              [
                75.7388341,
                28.4821209
              ],
              [
                75.7395959,
                28.4823378
              ],
              [
                75.7397675,
                28.4829225
              ],
              [
                75.7398319,
                28.4834977
              ],
              [
                75.7395315,
                28.4844596
              ],
              [
                75.7394242,
                28.4850065
              ],
              [
                75.738523,
                28.4848179
              ],
              [
                75.7368922,
                28.484667
              ],
              [
                75.7350898,
                28.4846387
              ],
              [
                75.7340062,
                28.4848179
              ],
              [
                75.7317531,
                28.4858363
              ],
              [
                75.7307339,
                28.4863267
              ],
              [
                75.730133,
                28.4867322
              ],
              [
                75.7299185,
                28.4871377
              ],
              [
                75.7298434,
                28.4877318
              ],
              [
                75.7297039,
                28.4887879
              ],
              [
                75.7294035,
                28.4902778
              ],
              [
                75.7290494,
                28.4907775
              ],
              [
                75.7283628,
                28.4908907
              ],
              [
                75.7272148,
                28.4905984
              ],
              [
                75.726614,
                28.49024
              ],
              [
                75.7260561,
                28.489712
              ],
              [
                75.7251334,
                28.4898157
              ],
              [
                75.7237172,
                28.4898817
              ],
              [
                75.7224083,
                28.4901363
              ],
              [
                75.7206058,
                28.4903815
              ],
              [
                75.7188356,
                28.4904381
              ],
              [
                75.7175696,
                28.4904475
              ],
              [
                75.7164967,
                28.4907398
              ],
              [
                75.7153809,
                28.4912679
              ],
              [
                75.7133102,
                28.4921071
              ],
              [
                75.711776,
                28.4921919
              ],
              [
                75.7103813,
                28.4925974
              ],
              [
                75.7097375,
                28.493248
              ],
              [
                75.7086003,
                28.4936252
              ],
              [
                75.7074845,
                28.4938609
              ],
              [
                75.7072055,
                28.4933989
              ],
              [
                75.7071304,
                28.4924182
              ],
              [
                75.7066262,
                28.4922391
              ],
              [
                75.7043302,
                28.4922674
              ],
              [
                75.7024419,
                28.4921731
              ],
              [
                75.7023775,
                28.4916922
              ],
              [
                75.7015943,
                28.4922579
              ],
              [
                75.6997919,
                28.4944644
              ],
              [
                75.6992018,
                28.4953885
              ],
              [
                75.6967235,
                28.4963314
              ],
              [
                75.6928182,
                28.4987122
              ],
              [
                75.6919759,
                28.4990657
              ],
              [
                75.689916,
                28.49982
              ],
              [
                75.6901091,
                28.5006309
              ],
              [
                75.6894708,
                28.5013428
              ],
              [
                75.6889772,
                28.5022903
              ],
              [
                75.6888109,
                28.5028372
              ],
              [
                75.6884032,
                28.5038837
              ],
              [
                75.6880599,
                28.504473
              ],
              [
                75.687443,
                28.5051094
              ],
              [
                75.6867671,
                28.5059485
              ],
              [
                75.6857371,
                28.507061
              ],
              [
                75.6852758,
                28.5082772
              ],
              [
                75.6846428,
                28.5092295
              ],
              [
                75.6842244,
                28.5099931
              ],
              [
                75.6840205,
                28.5110207
              ],
              [
                75.6826794,
                28.5116807
              ],
              [
                75.6827545,
                28.5118692
              ],
              [
                75.6806838,
                28.5127931
              ],
              [
                75.6789029,
                28.5139904
              ],
              [
                75.6778407,
                28.5149426
              ],
              [
                75.6768751,
                28.5155271
              ],
              [
                75.6737852,
                28.5164981
              ],
              [
                75.6711033,
                28.517207
              ],
              [
                75.6711452,
                28.5178503
              ],
              [
                75.6705665,
                28.5181573
              ],
              [
                75.6692362,
                28.5185344
              ],
              [
                75.6683564,
                28.5179876
              ],
              [
                75.6676268,
                28.5157439
              ],
              [
                75.6672835,
                28.5140659
              ],
              [
                75.6670046,
                28.5128968
              ],
              [
                75.6664681,
                28.5117278
              ],
              [
                75.6654811,
                28.5106908
              ],
              [
                75.6630134,
                28.510012
              ],
              [
                75.6615543,
                28.5098988
              ],
              [
                75.6588506,
                28.5099177
              ],
              [
                75.6539798,
                28.5100874
              ],
              [
                75.6496882,
                28.5101817
              ],
              [
                75.6485081,
                28.5101817
              ],
              [
                75.6466412,
                28.5102571
              ],
              [
                75.6453323,
                28.5101251
              ],
              [
                75.6420493,
                28.5100685
              ],
              [
                75.6403971,
                28.5100308
              ],
              [
                75.6390881,
                28.5093143
              ],
              [
                75.638144,
                28.5098611
              ],
              [
                75.6374788,
                28.510276
              ],
              [
                75.6365347,
                28.5107096
              ],
              [
                75.6365561,
                28.5120484
              ],
              [
                75.6339812,
                28.5121426
              ],
              [
                75.6300759,
                28.5121426
              ],
              [
                75.6211495,
                28.5105399
              ],
              [
                75.6173944,
                28.5103891
              ],
              [
                75.6173944,
                28.5096349
              ],
              [
                75.6169867,
                28.5088618
              ],
              [
                75.6165147,
                28.5086732
              ],
              [
                75.615313,
                28.5089184
              ],
              [
                75.6144118,
                28.5093143
              ],
              [
                75.6131029,
                28.5095406
              ],
              [
                75.6111502,
                28.5094275
              ],
              [
                75.6098628,
                28.5086167
              ],
              [
                75.6079959,
                28.5085224
              ],
              [
                75.607481,
                28.5015455
              ],
              [
                75.6088543,
                28.5015832
              ],
              [
                75.6091117,
                28.5003009
              ],
              [
                75.6094551,
                28.4975854
              ],
              [
                75.6110429,
                28.4935875
              ],
              [
                75.6106138,
                28.486157
              ],
              [
                75.6094551,
                28.4822906
              ],
              [
                75.6093263,
                28.4801405
              ],
              [
                75.6070304,
                28.4738219
              ],
              [
                75.6078028,
                28.4737653
              ],
              [
                75.6070733,
                28.4713887
              ],
              [
                75.6054425,
                28.4663146
              ],
              [
                75.602653,
                28.4599763
              ],
              [
                75.6018805,
                28.4571277
              ],
              [
                75.5998635,
                28.4568447
              ],
              [
                75.6007433,
                28.4521283
              ],
              [
                75.6029105,
                28.449638
              ],
              [
                75.6020093,
                28.4495059
              ],
              [
                75.601387,
                28.4479023
              ],
              [
                75.5997777,
                28.4481853
              ],
              [
                75.5979967,
                28.4482042
              ],
              [
                75.5957651,
                28.448506
              ],
              [
                75.5940914,
                28.448223
              ],
              [
                75.593555,
                28.447657
              ],
              [
                75.5929971,
                28.4472042
              ],
              [
                75.5919242,
                28.446959
              ],
              [
                75.5917311,
                28.4472042
              ],
              [
                75.5902934,
                28.4475438
              ],
              [
                75.5891347,
                28.4474118
              ],
              [
                75.5885124,
                28.4470156
              ],
              [
                75.5876112,
                28.4466005
              ],
              [
                75.5870104,
                28.4458835
              ],
              [
                75.5860233,
                28.4435817
              ],
              [
                75.5857229,
                28.4426761
              ],
              [
                75.5858731,
                28.4414308
              ],
              [
                75.5861521,
                28.4406384
              ],
              [
                75.5864954,
                28.4394874
              ],
              [
                75.587182,
                28.4379213
              ],
              [
                75.5881476,
                28.4374874
              ],
              [
                75.589242,
                28.4354873
              ],
              [
                75.591259,
                28.4357137
              ],
              [
                75.5921173,
                28.4340155
              ],
              [
                75.59304,
                28.4340532
              ],
              [
                75.5935335,
                28.4328645
              ],
              [
                75.5929327,
                28.4301661
              ],
              [
                75.6005502,
                28.4283735
              ],
              [
                75.6058073,
                28.4232407
              ],
              [
                75.6114936,
                28.418051
              ],
              [
                75.6119871,
                28.4160317
              ],
              [
                75.6120944,
                28.4115022
              ],
              [
                75.6113648,
                28.4080106
              ],
              [
                75.608747,
                28.4082937
              ],
              [
                75.6026745,
                28.4081994
              ],
              [
                75.5985331,
                28.4080861
              ],
              [
                75.5985117,
                28.4065007
              ],
              [
                75.5959153,
                28.4060666
              ],
              [
                75.5953359,
                28.4068404
              ],
              [
                75.5944347,
                28.4088599
              ],
              [
                75.5856156,
                28.409445
              ],
              [
                75.569973,
                28.4104642
              ],
              [
                75.5699086,
                28.4126157
              ],
              [
                75.5683636,
                28.4126723
              ],
              [
                75.5666685,
                28.3979127
              ],
              [
                75.5656385,
                28.3908907
              ],
              [
                75.5669474,
                28.3904566
              ],
              [
                75.5675268,
                28.3805835
              ],
              [
                75.561583,
                28.3806212
              ],
              [
                75.5515623,
                28.3803569
              ],
              [
                75.5495882,
                28.3796395
              ],
              [
                75.5480647,
                28.37879
              ],
              [
                75.5463266,
                28.3781103
              ],
              [
                75.5420995,
                28.378167
              ],
              [
                75.5418205,
                28.3824147
              ],
              [
                75.5416059,
                28.3833208
              ],
              [
                75.5394387,
                28.383302
              ],
              [
                75.5390739,
                28.3845857
              ],
              [
                75.5331731,
                28.3840948
              ],
              [
                75.532465,
                28.3856617
              ],
              [
                75.5285811,
                28.3854541
              ],
              [
                75.5282378,
                28.3774873
              ],
              [
                75.5283451,
                28.3762413
              ],
              [
                75.5285811,
                28.3755805
              ],
              [
                75.5288172,
                28.3748442
              ],
              [
                75.5287742,
                28.3740135
              ],
              [
                75.5282593,
                28.3736925
              ],
              [
                75.5263495,
                28.3735037
              ],
              [
                75.5246973,
                28.3734282
              ],
              [
                75.5219507,
                28.3730317
              ],
              [
                75.5154919,
                28.371729
              ],
              [
                75.5123162,
                28.3699165
              ],
              [
                75.5121445,
                28.3679718
              ],
              [
                75.5120158,
                28.3662158
              ],
              [
                75.5113292,
                28.3647053
              ],
              [
                75.5113506,
                28.3606268
              ],
              [
                75.5115652,
                28.3542822
              ],
              [
                75.5122518,
                28.3510342
              ],
              [
                75.5121445,
                28.3480505
              ],
              [
                75.510385,
                28.3443491
              ],
              [
                75.5090332,
                28.3408175
              ],
              [
                75.5081963,
                28.3406665
              ],
              [
                75.5065226,
                28.3404587
              ],
              [
                75.5051064,
                28.3398355
              ],
              [
                75.5011797,
                28.3396844
              ],
              [
                75.4993343,
                28.3395711
              ],
              [
                75.4980254,
                28.3392878
              ],
              [
                75.4962659,
                28.3380602
              ],
              [
                75.4921617,
                28.3383384
              ],
              [
                75.4913481,
                28.3419403
              ],
              [
                75.484751,
                28.3427239
              ],
              [
                75.4824362,
                28.3421975
              ],
              [
                75.4817605,
                28.3431782
              ],
              [
                75.4802799,
                28.3431405
              ],
              [
                75.4796147,
                28.3434804
              ],
              [
                75.478692,
                28.3437448
              ],
              [
                75.4767179,
                28.3437448
              ],
              [
                75.4750871,
                28.3435937
              ],
              [
                75.472641,
                28.3424606
              ],
              [
                75.4711604,
                28.3420262
              ],
              [
                75.4674268,
                28.341894
              ],
              [
                75.4647231,
                28.3414597
              ],
              [
                75.4615044,
                28.3408931
              ],
              [
                75.4591226,
                28.3399677
              ],
              [
                75.4571271,
                28.3399677
              ],
              [
                75.4549813,
                28.3418374
              ],
              [
                75.4531359,
                28.344859
              ],
              [
                75.4521489,
                28.3470119
              ],
              [
                75.4511189,
                28.3504677
              ],
              [
                75.4505825,
                28.3538668
              ],
              [
                75.4495525,
                28.3555663
              ],
              [
                75.4487586,
                28.3577756
              ],
              [
                75.4484796,
                28.3590218
              ],
              [
                75.4487157,
                28.3643277
              ],
              [
                75.4464841,
                28.3641389
              ],
              [
                75.44451,
                28.3664046
              ],
              [
                75.4436946,
                28.3662536
              ],
              [
                75.4428577,
                28.367783
              ],
              [
                75.4389095,
                28.3668956
              ],
              [
                75.4302835,
                28.3653851
              ],
              [
                75.4245972,
                28.3651585
              ],
              [
                75.4154563,
                28.3641578
              ],
              [
                75.4154348,
                28.3603625
              ],
              [
                75.4154777,
                28.3585687
              ],
              [
                75.4151344,
                28.3571713
              ],
              [
                75.4161858,
                28.3535458
              ],
              [
                75.4165935,
                28.3521862
              ],
              [
                75.4183316,
                28.3515441
              ],
              [
                75.4184389,
                28.3483905
              ],
              [
                75.4192543,
                28.3445002
              ],
              [
                75.4178381,
                28.3439148
              ],
              [
                75.4173231,
                28.3425361
              ],
              [
                75.4160571,
                28.3424228
              ],
              [
                75.4147911,
                28.3422906
              ],
              [
                75.4114222,
                28.3419318
              ],
              [
                75.4104781,
                28.3411953
              ],
              [
                75.4111647,
                28.3382868
              ],
              [
                75.4080319,
                28.3369648
              ],
              [
                75.4075384,
                28.3380035
              ],
              [
                75.4033971,
                28.3374181
              ],
              [
                75.4014015,
                28.3359449
              ],
              [
                75.397346,
                28.3389478
              ],
              [
                75.3913379,
                28.3372103
              ],
              [
                75.391016,
                28.3383246
              ],
              [
                75.38975,
                28.3407231
              ],
              [
                75.3854425,
                28.3392898
              ],
              [
                75.3812313,
                28.3386268
              ],
              [
                75.3792143,
                28.3386645
              ],
              [
                75.378356,
                28.3387023
              ],
              [
                75.3774333,
                28.3442736
              ],
              [
                75.3743219,
                28.3444247
              ],
              [
                75.3729915,
                28.3455578
              ],
              [
                75.3716612,
                28.3454067
              ],
              [
                75.3708243,
                28.3462565
              ],
              [
                75.3691292,
                28.3460677
              ],
              [
                75.3692794,
                28.3466153
              ],
              [
                75.3667474,
                28.3492214
              ],
              [
                75.3624344,
                28.3474085
              ],
              [
                75.3620481,
                28.3485226
              ],
              [
                75.3586149,
                28.3479561
              ],
              [
                75.3583789,
                28.3490514
              ],
              [
                75.3574347,
                28.3517707
              ],
              [
                75.3574562,
                28.3571147
              ],
              [
                75.3568554,
                28.3570203
              ],
              [
                75.353229,
                28.3561894
              ],
              [
                75.3526068,
                28.3564916
              ],
              [
                75.3523707,
                28.3570958
              ],
              [
                75.352757,
                28.3591918
              ],
              [
                75.3518986,
                28.3593051
              ],
              [
                75.350225,
                28.359475
              ],
              [
                75.3496885,
                28.3596638
              ],
              [
                75.3493237,
                28.3604191
              ],
              [
                75.3475427,
                28.3621752
              ],
              [
                75.3462553,
                28.3618353
              ],
              [
                75.3446245,
                28.3614388
              ],
              [
                75.3430795,
                28.3607213
              ],
              [
                75.3411269,
                28.3601925
              ],
              [
                75.3402257,
                28.3603247
              ],
              [
                75.3399253,
                28.360608
              ],
              [
                75.3393674,
                28.3614765
              ],
              [
                75.3388738,
                28.3623829
              ],
              [
                75.3380155,
                28.3637235
              ],
              [
                75.337007,
                28.3651774
              ],
              [
                75.3361916,
                28.3654417
              ],
              [
                75.3349256,
                28.3656872
              ],
              [
                75.3325224,
                28.3666879
              ],
              [
                75.3317928,
                28.3695955
              ],
              [
                75.3307628,
                28.3741268
              ],
              [
                75.329647,
                28.3783369
              ],
              [
                75.3298402,
                28.3822637
              ],
              [
                75.3302049,
                28.3856051
              ],
              [
                75.3301191,
                28.3908718
              ],
              [
                75.3300762,
                28.3950435
              ],
              [
                75.3274154,
                28.3946283
              ],
              [
                75.3272009,
                28.394968
              ],
              [
                75.3250766,
                28.3990452
              ],
              [
                75.3244114,
                28.4004797
              ],
              [
                75.323596,
                28.4018387
              ],
              [
                75.3223085,
                28.4026503
              ],
              [
                75.3215575,
                28.4029523
              ],
              [
                75.3207421,
                28.4045944
              ],
              [
                75.3165579,
                28.4042924
              ],
              [
                75.3145194,
                28.4086523
              ],
              [
                75.3129315,
                28.4105963
              ],
              [
                75.3097129,
                28.4141633
              ],
              [
                75.3077173,
                28.4142199
              ],
              [
                75.3064084,
                28.4152013
              ],
              [
                75.3047132,
                28.4167677
              ],
              [
                75.3031897,
                28.4182209
              ],
              [
                75.3020096,
                28.4194475
              ],
              [
                75.3010011,
                28.4208063
              ],
              [
                75.3008508,
                28.4222594
              ],
              [
                75.301795,
                28.4244295
              ],
              [
                75.301516,
                28.424656
              ],
              [
                75.300765,
                28.4251466
              ],
              [
                75.3002286,
                28.4260524
              ],
              [
                75.300529,
                28.4280527
              ],
              [
                75.2997565,
                28.4281848
              ],
              [
                75.2988982,
                28.4284867
              ],
              [
                75.2974391,
                28.4292792
              ],
              [
                75.2958941,
                28.4284867
              ],
              [
                75.2937913,
                28.4276187
              ],
              [
                75.2934694,
                28.426996
              ],
              [
                75.2924609,
                28.4261845
              ],
              [
                75.2900362,
                28.4252221
              ],
              [
                75.2839207,
                28.4378081
              ],
              [
                75.2778482,
                28.4517793
              ],
              [
                75.2738571,
                28.4511945
              ],
              [
                75.2694368,
                28.4505058
              ],
              [
                75.2651238,
                28.4499776
              ],
              [
                75.2652419,
                28.4516661
              ],
              [
                75.2621305,
                28.4509681
              ],
              [
                75.261637,
                28.4521849
              ],
              [
                75.2606926,
                28.4527598
              ],
              [
                75.2573368,
                28.4560899
              ],
              [
                75.2564852,
                28.4567345
              ],
              [
                75.254416,
                28.4596333
              ],
              [
                75.2505048,
                28.4644
              ],
              [
                75.2469279,
                28.463275
              ],
              [
                75.2428738,
                28.4600905
              ],
              [
                75.2365487,
                28.458976
              ],
              [
                75.2322977,
                28.4565646
              ],
              [
                75.2325035,
                28.4534676
              ],
              [
                75.2332592,
                28.4498833
              ],
              [
                75.2330017,
                28.4450911
              ],
              [
                75.233109,
                28.441412
              ],
              [
                75.2348041,
                28.4413365
              ],
              [
                75.2348685,
                28.4399969
              ],
              [
                75.233345,
                28.4397327
              ],
              [
                75.2334952,
                28.4387327
              ],
              [
                75.2313494,
                28.4382044
              ],
              [
                75.2314138,
                28.4371477
              ],
              [
                75.2275944,
                28.4356005
              ],
              [
                75.2264571,
                28.4344684
              ],
              [
                75.222466,
                28.4329777
              ],
              [
                75.2225518,
                28.4319399
              ],
              [
                75.2198481,
                28.4309398
              ],
              [
                75.2197623,
                28.4300907
              ],
              [
                75.2181101,
                28.4293736
              ],
              [
                75.2188182,
                28.4268261
              ],
              [
                75.2183032,
                28.4263921
              ],
              [
                75.2189255,
                28.424807
              ],
              [
                75.2183032,
                28.4245994
              ],
              [
                75.2191615,
                28.4228255
              ],
              [
                75.2177667,
                28.422165
              ],
              [
                75.2174234,
                28.4207119
              ],
              [
                75.2174449,
                28.4185039
              ],
              [
                75.2174234,
                28.4175603
              ],
              [
                75.218668,
                28.4168432
              ],
              [
                75.2184319,
                28.4147861
              ],
              [
                75.2201915,
                28.4080672
              ],
              [
                75.2209639,
                28.4064063
              ],
              [
                75.2232599,
                28.4031411
              ],
              [
                75.2254915,
                28.4033864
              ],
              [
                75.2288818,
                28.4045755
              ],
              [
                75.2275944,
                28.4007628
              ],
              [
                75.2253198,
                28.3971388
              ],
              [
                75.2245903,
                28.3958363
              ],
              [
                75.2210068,
                28.3946849
              ],
              [
                75.2169299,
                28.3931748
              ],
              [
                75.2119303,
                28.3909851
              ],
              [
                75.2095055,
                28.3900413
              ],
              [
                75.2046776,
                28.3895505
              ],
              [
                75.2007293,
                28.388399
              ],
              [
                75.1937771,
                28.3852086
              ],
              [
                75.1870394,
                28.3824336
              ],
              [
                75.1853227,
                28.3846045
              ],
              [
                75.1809883,
                28.3840571
              ],
              [
                75.1782846,
                28.3865678
              ],
              [
                75.1739287,
                28.3849255
              ],
              [
                75.1724481,
                28.3831321
              ],
              [
                75.1683283,
                28.3817539
              ],
              [
                75.1637363,
                28.3805268
              ],
              [
                75.1624703,
                28.3869076
              ],
              [
                75.1639509,
                28.388078
              ],
              [
                75.1637363,
                28.3901545
              ],
              [
                75.1635861,
                28.3909851
              ],
              [
                75.1625561,
                28.3932314
              ],
              [
                75.1607322,
                28.3973275
              ],
              [
                75.1597667,
                28.3997813
              ],
              [
                75.1591444,
                28.4029335
              ],
              [
                75.1582861,
                28.4064441
              ],
              [
                75.158329,
                28.4077086
              ],
              [
                75.1582217,
                28.4087278
              ],
              [
                75.1553464,
                28.4106718
              ],
              [
                75.1506901,
                28.4100112
              ],
              [
                75.1504755,
                28.410634
              ],
              [
                75.1500892,
                28.412125
              ],
              [
                75.1450038,
                28.4113135
              ],
              [
                75.1404118,
                28.4105774
              ],
              [
                75.1347899,
                28.4083126
              ],
              [
                75.1286745,
                28.4067649
              ],
              [
                75.1277947,
                28.4059722
              ],
              [
                75.1281595,
                28.4009705
              ],
              [
                75.1259279,
                28.398007
              ],
              [
                75.125606,
                28.3964592
              ],
              [
                75.1262283,
                28.3954399
              ],
              [
                75.1274085,
                28.3945905
              ],
              [
                75.128417,
                28.39376
              ],
              [
                75.1288247,
                28.3927784
              ],
              [
                75.1289534,
                28.3904754
              ],
              [
                75.131979,
                28.3896448
              ],
              [
                75.1341247,
                28.3892107
              ],
              [
                75.1344895,
                28.3882668
              ],
              [
                75.1357126,
                28.3879459
              ],
              [
                75.1386094,
                28.3863979
              ],
              [
                75.1406264,
                28.3859449
              ],
              [
                75.1435232,
                28.385303
              ],
              [
                75.1448107,
                28.3818295
              ],
              [
                75.1460552,
                28.3817917
              ],
              [
                75.1468491,
                28.3793186
              ],
              [
                75.1463771,
                28.3787145
              ],
              [
                75.1489091,
                28.3727297
              ],
              [
                75.1498103,
                28.3705018
              ],
              [
                75.1511407,
                28.3645165
              ],
              [
                75.1533079,
                28.3644221
              ],
              [
                75.1542306,
                28.3628172
              ],
              [
                75.1532864,
                28.3612311
              ],
              [
                75.1549172,
                28.3566049
              ],
              [
                75.1582646,
                28.3518274
              ],
              [
                75.1591873,
                28.3516574
              ],
              [
                75.1608395,
                28.3474651
              ],
              [
                75.1628995,
                28.3463132
              ],
              [
                75.1637792,
                28.344368
              ],
              [
                75.1641869,
                28.3431782
              ],
              [
                75.1623845,
                28.3418374
              ],
              [
                75.162642,
                28.3387401
              ],
              [
                75.1587796,
                28.3373992
              ],
              [
                75.1567626,
                28.3372103
              ],
              [
                75.1513767,
                28.3351517
              ],
              [
                75.1478147,
                28.332583
              ],
              [
                75.148437,
                28.3276534
              ],
              [
                75.1492095,
                28.3197201
              ],
              [
                75.1508832,
                28.3166977
              ],
              [
                75.1530289,
                28.3131463
              ],
              [
                75.1467418,
                28.3108228
              ],
              [
                75.1461839,
                28.3104071
              ],
              [
                75.1459479,
                28.3093115
              ],
              [
                75.1447248,
                28.3090092
              ],
              [
                75.1445961,
                28.30695
              ],
              [
                75.143373,
                28.3054576
              ],
              [
                75.1425147,
                28.3022648
              ],
              [
                75.1432872,
                28.3002243
              ],
              [
                75.143137,
                28.2981839
              ],
              [
                75.145154,
                28.2969558
              ],
              [
                75.1460981,
                28.296219
              ],
              [
                75.1462054,
                28.2955388
              ],
              [
                75.1458192,
                28.2949153
              ],
              [
                75.1455402,
                28.2942162
              ],
              [
                75.1455402,
                28.2930637
              ],
              [
                75.1444244,
                28.2926858
              ],
              [
                75.1439094,
                28.2918733
              ],
              [
                75.1373005,
                28.2897571
              ],
              [
                75.1330733,
                28.2890013
              ],
              [
                75.1291895,
                28.288529
              ],
              [
                75.1236319,
                28.288888
              ],
              [
                75.1178598,
                28.2852034
              ],
              [
                75.1172375,
                28.2833327
              ],
              [
                75.1149201,
                28.2822367
              ],
              [
                75.1145339,
                28.2802148
              ],
              [
                75.1136541,
                28.2796101
              ],
              [
                75.1137185,
                28.2764165
              ],
              [
                75.111165,
                28.2753961
              ],
              [
                75.1101351,
                28.2740922
              ],
              [
                75.1048994,
                28.2729961
              ],
              [
                75.1033973,
                28.2701992
              ],
              [
                75.1026463,
                28.2690653
              ],
              [
                75.1010155,
                28.2684038
              ],
              [
                75.1013374,
                28.2675534
              ],
              [
                75.0982046,
                28.2654745
              ],
              [
                75.0929904,
                28.2650965
              ],
              [
                75.0910163,
                28.2667597
              ],
              [
                75.0899863,
                28.2663817
              ],
              [
                75.0879693,
                28.2671376
              ],
              [
                75.0833988,
                28.2659092
              ],
              [
                75.0796652,
                28.2640193
              ],
              [
                75.0770473,
                28.2685172
              ],
              [
                75.0727772,
                28.2677046
              ],
              [
                75.0664902,
                28.2642461
              ],
              [
                75.0657606,
                28.2621293
              ],
              [
                75.0620699,
                28.2605606
              ],
              [
                75.0604605,
                28.2588596
              ],
              [
                75.0570488,
                28.2581792
              ],
              [
                75.0522208,
                28.2569696
              ],
              [
                75.0456977,
                28.2547015
              ],
              [
                75.0474143,
                28.2496926
              ],
              [
                75.047028,
                28.2485963
              ],
              [
                75.0419426,
                28.2475377
              ],
              [
                75.0413632,
                28.2427932
              ],
              [
                75.0434875,
                28.239693
              ],
              [
                75.0444746,
                28.2388045
              ],
              [
                75.0460624,
                28.2346834
              ],
              [
                75.0443029,
                28.2341919
              ],
              [
                75.0448608,
                28.2304676
              ],
              [
                75.0458479,
                28.2302218
              ],
              [
                75.0475216,
                28.2303731
              ],
              [
                75.0486803,
                28.2305054
              ],
              [
                75.0490236,
                28.2305243
              ],
              [
                75.0493669,
                28.2282935
              ],
              [
                75.0467062,
                28.2271402
              ],
              [
                75.0463414,
                28.2264407
              ],
              [
                75.0453973,
                28.2251929
              ],
              [
                75.0443673,
                28.2245123
              ],
              [
                75.0431657,
                28.2241152
              ],
              [
                75.0417924,
                28.2238883
              ],
              [
                75.0408482,
                28.2237371
              ],
              [
                75.0398612,
                28.2236426
              ],
              [
                75.0373935,
                28.222338
              ],
              [
                75.034883,
                28.2215439
              ],
              [
                75.0359559,
                28.2192372
              ],
              [
                75.0359344,
                28.2185188
              ],
              [
                75.0329733,
                28.2173465
              ],
              [
                75.0300979,
                28.2162309
              ],
              [
                75.0275016,
                28.2145292
              ],
              [
                75.0280165,
                28.2130544
              ],
              [
                75.0284242,
                28.2119388
              ],
              [
                75.0287676,
                28.2080057
              ],
              [
                75.0271368,
                28.2074573
              ],
              [
                75.0245404,
                28.2063984
              ],
              [
                75.0244609,
                28.2031577
              ]
            ]
          ],
          [
            [
              [
                76.0078015,
                28.0590616
              ],
              [
                76.0103698,
                28.0581425
              ],
              [
                76.0114676,
                28.0580855
              ],
              [
                76.0139598,
                28.056896
              ],
              [
                76.0170258,
                28.0562543
              ],
              [
                76.0204348,
                28.0551424
              ],
              [
                76.0231768,
                28.0546846
              ],
              [
                76.0253218,
                28.0541474
              ],
              [
                76.0263133,
                28.0568515
              ],
              [
                76.0282026,
                28.0588087
              ],
              [
                76.0287485,
                28.0596722
              ],
              [
                76.0301431,
                28.0623363
              ],
              [
                76.0304761,
                28.0631949
              ],
              [
                76.0336298,
                28.0633035
              ],
              [
                76.0367388,
                28.0667178
              ],
              [
                76.0384416,
                28.0687087
              ],
              [
                76.0404324,
                28.0722075
              ],
              [
                76.0398611,
                28.0730542
              ],
              [
                76.0409283,
                28.074088
              ],
              [
                76.0373211,
                28.0759184
              ],
              [
                76.0387802,
                28.0780956
              ],
              [
                76.037128,
                28.079099
              ],
              [
                76.0366344,
                28.0787772
              ],
              [
                76.035145,
                28.0798631
              ],
              [
                76.0356045,
                28.0805946
              ],
              [
                76.0343814,
                28.0811437
              ],
              [
                76.0332905,
                28.0803308
              ],
              [
                76.0314771,
                28.0820189
              ],
              [
                76.0269564,
                28.0846343
              ],
              [
                76.0231983,
                28.0859176
              ],
              [
                76.019916,
                28.0816266
              ],
              [
                76.0186562,
                28.0789458
              ],
              [
                76.0173963,
                28.0758072
              ],
              [
                76.0127914,
                28.0709717
              ],
              [
                76.0096148,
                28.0673064
              ],
              [
                76.0087996,
                28.0601128
              ],
              [
                76.0078015,
                28.0590616
              ]
            ]
          ]
        ]
      }
    }
  ]
}