{
  "type": "FeatureCollection",
  "features": [
    {
      "type": "Feature",
      "properties": {
        "name": "Karauli District",
        "admin_level": "5",
        "source": "OpenStreetMap/Nominatim"
      },
      "bbox": [
        76.4726974,
        26.0325401,
        77.3950982,
        26.9997962
      ],
      "geometry": {
        "type": "Polygon",
        "coordinates": [
          [
            [
              76.4726974,
              26.7165224
            ],
            [
              76.4864045,
              26.7110596
            ],
            [
              76.4885602,
              26.7077107
            ],
            [
              76.4908095,
              26.703357
            ],
            [
              76.4980731,
              26.6997148
            ],
            [
              76.5000236,
              26.6987018
            ],
            [
              76.5058064,
              26.6968135
            ],
            [
              76.5086388,
              26.6962576
            ],
            [
              76.5111065,
              26.6960275
            ],
            [
              76.5127587,
              26.6945897
            ],
            [
              76.5144968,
              26.6938996
            ],
            [
              76.5179086,
              26.6934012
            ],
            [
              76.5213203,
              26.6922701
            ],
            [
              76.5236163,
              26.690353
            ],
            [
              76.5268564,
              26.6884358
            ],
            [
              76.5299248,
              26.6875156
            ],
            [
              76.5315127,
              26.6873814
            ],
            [
              76.5325641,
              26.6872088
            ],
            [
              76.533401,
              26.6866337
            ],
            [
              76.5352893,
              26.6844672
            ],
            [
              76.5377784,
              26.6825308
            ],
            [
              76.5384865,
              26.6817447
            ],
            [
              76.5398812,
              26.6810353
            ],
            [
              76.5425849,
              26.6797891
            ],
            [
              76.5453529,
              26.6766638
            ],
            [
              76.5489578,
              26.6743246
            ],
            [
              76.5504813,
              26.6717553
            ],
            [
              76.5546226,
              26.6684764
            ],
            [
              76.5566611,
              26.666463
            ],
            [
              76.5586567,
              26.6651208
            ],
            [
              76.5619612,
              26.6637401
            ],
            [
              76.5659952,
              26.6626279
            ],
            [
              76.5684843,
              26.6612856
            ],
            [
              76.5723467,
              26.6588694
            ],
            [
              76.5761661,
              26.6571051
            ],
            [
              76.5815949,
              26.6534806
            ],
            [
              76.5847492,
              26.6517163
            ],
            [
              76.5882683,
              26.6494724
            ],
            [
              76.5962076,
              26.6580639
            ],
            [
              76.5971088,
              26.6575845
            ],
            [
              76.6007566,
              26.6598665
            ],
            [
              76.6023874,
              26.6610555
            ],
            [
              76.6025805,
              26.6633949
            ],
            [
              76.6038251,
              26.6643154
            ],
            [
              76.6069793,
              26.6608445
            ],
            [
              76.615541,
              26.655149
            ],
            [
              76.6169143,
              26.6567216
            ],
            [
              76.6204119,
              26.6540559
            ],
            [
              76.6175794,
              26.650182
            ],
            [
              76.6167211,
              26.6477656
            ],
            [
              76.6153908,
              26.6460203
            ],
            [
              76.6148758,
              26.6444477
            ],
            [
              76.6144252,
              26.6429133
            ],
            [
              76.6215277,
              26.6411105
            ],
            [
              76.6238236,
              26.6393076
            ],
            [
              76.6265487,
              26.6363346
            ],
            [
              76.6297674,
              26.6334384
            ],
            [
              76.634016,
              26.628317
            ],
            [
              76.6386294,
              26.6225239
            ],
            [
              76.6423201,
              26.6178241
            ],
            [
              76.6421056,
              26.6158865
            ],
            [
              76.6412043,
              26.613642
            ],
            [
              76.6397023,
              26.6100161
            ],
            [
              76.6467619,
              26.6083758
            ],
            [
              76.6517937,
              26.6074645
            ],
            [
              76.6541648,
              26.6072823
            ],
            [
              76.6575766,
              26.6079154
            ],
            [
              76.665945,
              26.609383
            ],
            [
              76.6694534,
              26.6090473
            ],
            [
              76.6701615,
              26.6074358
            ],
            [
              76.6706657,
              26.6062559
            ],
            [
              76.6707516,
              26.6043469
            ],
            [
              76.6703546,
              26.601728
            ],
            [
              76.6755259,
              26.6006344
            ],
            [
              76.6764271,
              26.5983896
            ],
            [
              76.6775,
              26.5981593
            ],
            [
              76.6788304,
              26.5967971
            ],
            [
              76.681577,
              26.5951661
            ],
            [
              76.6849136,
              26.5932378
            ],
            [
              76.6852891,
              26.5908969
            ],
            [
              76.6868663,
              26.5894674
            ],
            [
              76.6869843,
              26.5885847
            ],
            [
              76.6901922,
              26.586522
            ],
            [
              76.6908467,
              26.5860134
            ],
            [
              76.6935825,
              26.5815807
            ],
            [
              76.6930461,
              26.5808707
            ],
            [
              76.6943335,
              26.5797673
            ],
            [
              76.6952884,
              26.5801799
            ],
            [
              76.6964364,
              26.5793356
            ],
            [
              76.6970157,
              26.579681
            ],
            [
              76.6976595,
              26.5794315
            ],
            [
              76.7003417,
              26.5788558
            ],
            [
              76.7021227,
              26.5779923
            ],
            [
              76.705513,
              26.5759005
            ],
            [
              76.7082166,
              26.574538
            ],
            [
              76.7136025,
              26.5736744
            ],
            [
              76.7164993,
              26.5734441
            ],
            [
              76.7181945,
              26.5738279
            ],
            [
              76.7197609,
              26.5738663
            ],
            [
              76.7222714,
              26.5730027
            ],
            [
              76.7249536,
              26.571832
            ],
            [
              76.7258549,
              26.5720048
            ],
            [
              76.728301,
              26.5718512
            ],
            [
              76.7322707,
              26.5710452
            ],
            [
              76.7332792,
              26.5717937
            ],
            [
              76.7345667,
              26.5725421
            ],
            [
              76.7373562,
              26.572734
            ],
            [
              76.7397594,
              26.5735976
            ],
            [
              76.742785,
              26.5742693
            ],
            [
              76.7472911,
              26.573329
            ],
            [
              76.7467975,
              26.5723502
            ],
            [
              76.7466044,
              26.571525
            ],
            [
              76.7498773,
              26.5701182
            ],
            [
              76.7536566,
              26.5671351
            ],
            [
              76.7551562,
              26.5671351
            ],
            [
              76.7577336,
              26.5679315
            ],
            [
              76.7607327,
              26.5682668
            ],
            [
              76.7627947,
              26.5703205
            ],
            [
              76.7654189,
              26.5722485
            ],
            [
              76.7787745,
              26.5832288
            ],
            [
              76.7776498,
              26.5981051
            ],
            [
              76.7915209,
              26.5986498
            ],
            [
              76.7955978,
              26.6044322
            ],
            [
              76.8075007,
              26.6167501
            ],
            [
              76.817904,
              26.6276424
            ],
            [
              76.8276981,
              26.6419683
            ],
            [
              76.8295725,
              26.6460312
            ],
            [
              76.8306972,
              26.6513923
            ],
            [
              76.8452243,
              26.6493819
            ],
            [
              76.8527691,
              26.6484186
            ],
            [
              76.8562368,
              26.6469946
            ],
            [
              76.8577364,
              26.6509316
            ],
            [
              76.8610636,
              26.6562088
            ],
            [
              76.8642033,
              26.6579677
            ],
            [
              76.8688426,
              26.6601455
            ],
            [
              76.8688895,
              26.6655059
            ],
            [
              76.8691707,
              26.668898
            ],
            [
              76.8713732,
              26.669233
            ],
            [
              76.8746066,
              26.6689817
            ],
            [
              76.8777932,
              26.6684792
            ],
            [
              76.881917,
              26.669903
            ],
            [
              76.8857128,
              26.6694005
            ],
            [
              76.8890869,
              26.6701333
            ],
            [
              76.8915081,
              26.6761078
            ],
            [
              76.9035244,
              26.6786387
            ],
            [
              76.9161415,
              26.683777
            ],
            [
              76.9191026,
              26.6802109
            ],
            [
              76.9303035,
              26.6761078
            ],
            [
              76.935625,
              26.6750725
            ],
            [
              76.9424056,
              26.6716211
            ],
            [
              76.9477271,
              26.671391
            ],
            [
              76.9501304,
              26.6711609
            ],
            [
              76.9508171,
              26.6670575
            ],
            [
              76.9539068,
              26.6473054
            ],
            [
              76.956802,
              26.6386593
            ],
            [
              76.9591832,
              26.6338069
            ],
            [
              76.9576455,
              26.6268464
            ],
            [
              76.9580289,
              26.6252557
            ],
            [
              76.9610899,
              26.6247309
            ],
            [
              76.9662681,
              26.6245214
            ],
            [
              76.9677442,
              26.6240396
            ],
            [
              76.9687049,
              26.6222382
            ],
            [
              76.9701576,
              26.6210233
            ],
            [
              76.97154,
              26.6195989
            ],
            [
              76.9731567,
              26.6190752
            ],
            [
              76.974586,
              26.6178393
            ],
            [
              76.9756404,
              26.6159121
            ],
            [
              76.976109,
              26.6140478
            ],
            [
              76.977796,
              26.6126442
            ],
            [
              76.9789442,
              26.6121624
            ],
            [
              76.9793425,
              26.6112407
            ],
            [
              76.9793425,
              26.6100675
            ],
            [
              76.9791785,
              26.6085383
            ],
            [
              76.9789676,
              26.6064433
            ],
            [
              76.979858,
              26.6052701
            ],
            [
              76.9805375,
              26.6044112
            ],
            [
              76.9813107,
              26.6034265
            ],
            [
              76.9812404,
              26.6024209
            ],
            [
              76.9803031,
              26.6020229
            ],
            [
              76.9795299,
              26.6017924
            ],
            [
              76.9784052,
              26.6013943
            ],
            [
              76.9777726,
              26.6006611
            ],
            [
              76.9776555,
              26.5999487
            ],
            [
              76.9776555,
              26.5989012
            ],
            [
              76.977796,
              26.5978537
            ],
            [
              76.9778195,
              26.5969318
            ],
            [
              76.9774446,
              26.5965547
            ],
            [
              76.9758981,
              26.5958423
            ],
            [
              76.972899,
              26.5945014
            ],
            [
              76.9702045,
              26.5937262
            ],
            [
              76.9682831,
              26.5929091
            ],
            [
              76.9669476,
              26.5922176
            ],
            [
              76.9626363,
              26.5905415
            ],
            [
              76.9590279,
              26.5897453
            ],
            [
              76.9568957,
              26.5890119
            ],
            [
              76.9541075,
              26.5882367
            ],
            [
              76.9516707,
              26.5882995
            ],
            [
              76.9379167,
              26.5887605
            ],
            [
              76.9354331,
              26.5833545
            ],
            [
              76.9343084,
              26.5787027
            ],
            [
              76.934449,
              26.5749308
            ],
            [
              76.9350113,
              26.5731286
            ],
            [
              76.939182,
              26.5719551
            ],
            [
              76.9441025,
              26.5706139
            ],
            [
              76.949679,
              26.569608
            ],
            [
              76.9520221,
              26.5686859
            ],
            [
              76.955443,
              26.5691051
            ],
            [
              76.9575986,
              26.5701948
            ],
            [
              76.9599417,
              26.5708654
            ],
            [
              76.9624723,
              26.5712426
            ],
            [
              76.9656588,
              26.5714941
            ],
            [
              76.9675802,
              26.5717455
            ],
            [
              76.9678613,
              26.5644945
            ],
            [
              76.968658,
              26.5617281
            ],
            [
              76.9702982,
              26.5598838
            ],
            [
              76.9718446,
              26.5589617
            ],
            [
              76.9701576,
              26.5510392
            ],
            [
              76.9667835,
              26.549572
            ],
            [
              76.9620505,
              26.5478113
            ],
            [
              76.9594262,
              26.5463441
            ],
            [
              76.9543183,
              26.5434096
            ],
            [
              76.9517409,
              26.5429484
            ],
            [
              76.9494447,
              26.5421938
            ],
            [
              76.9464924,
              26.5419004
            ],
            [
              76.9433058,
              26.5419004
            ],
            [
              76.9403535,
              26.5423615
            ],
            [
              76.9399786,
              26.5455057
            ],
            [
              76.9358548,
              26.5478952
            ],
            [
              76.9277009,
              26.5509553
            ],
            [
              76.9230147,
              26.5523806
            ],
            [
              76.9187034,
              26.5546861
            ],
            [
              76.9158449,
              26.5564886
            ],
            [
              76.9128926,
              26.5574108
            ],
            [
              76.9104558,
              26.5578719
            ],
            [
              76.9087219,
              26.5578299
            ],
            [
              76.906988,
              26.5449607
            ],
            [
              76.9059571,
              26.5329285
            ],
            [
              76.9037546,
              26.5230335
            ],
            [
              76.9007086,
              26.5208113
            ],
            [
              76.8976157,
              26.5196372
            ],
            [
              76.8925546,
              26.5189244
            ],
            [
              76.8876342,
              26.5183793
            ],
            [
              76.8815421,
              26.5149828
            ],
            [
              76.8768091,
              26.5140183
            ],
            [
              76.8748878,
              26.5107475
            ],
            [
              76.8736694,
              26.5088604
            ],
            [
              76.8721229,
              26.5083572
            ],
            [
              76.870764,
              26.5086088
            ],
            [
              76.8695924,
              26.5086927
            ],
            [
              76.8665933,
              26.5082733
            ],
            [
              76.8636878,
              26.5019829
            ],
            [
              76.8583925,
              26.5014377
            ],
            [
              76.8556745,
              26.4999699
            ],
            [
              76.8531908,
              26.4975794
            ],
            [
              76.850426,
              26.4949791
            ],
            [
              76.843853,
              26.4881562
            ],
            [
              76.8401631,
              26.4860193
            ],
            [
              76.833808,
              26.4816123
            ],
            [
              76.8332505,
              26.480484
            ],
            [
              76.8279075,
              26.4772957
            ],
            [
              76.8234461,
              26.480439
            ],
            [
              76.812927,
              26.4850364
            ],
            [
              76.8117284,
              26.484863
            ],
            [
              76.8067074,
              26.483701
            ],
            [
              76.8029844,
              26.4830672
            ],
            [
              76.800667,
              26.4814923
            ],
            [
              76.7965395,
              26.4773596
            ],
            [
              76.7939186,
              26.4750677
            ],
            [
              76.7912149,
              26.4738576
            ],
            [
              76.7860222,
              26.46992
            ],
            [
              76.7839408,
              26.468998
            ],
            [
              76.7816019,
              26.4693437
            ],
            [
              76.7801642,
              26.4689019
            ],
            [
              76.7790913,
              26.4675765
            ],
            [
              76.7727077,
              26.4601618
            ],
            [
              76.7744028,
              26.4586634
            ],
            [
              76.7775571,
              26.4562045
            ],
            [
              76.7808187,
              26.4537455
            ],
            [
              76.7816877,
              26.4527561
            ],
            [
              76.7835438,
              26.4501914
            ],
            [
              76.7803359,
              26.4478092
            ],
            [
              76.7792737,
              26.4464931
            ],
            [
              76.7786622,
              26.4454941
            ],
            [
              76.7778468,
              26.4431598
            ],
            [
              76.7771923,
              26.441373
            ],
            [
              76.7764199,
              26.440297
            ],
            [
              76.7757332,
              26.4398167
            ],
            [
              76.7748213,
              26.4396726
            ],
            [
              76.773051,
              26.4394325
            ],
            [
              76.7658734,
              26.4375399
            ],
            [
              76.763953,
              26.436733
            ],
            [
              76.7636633,
              26.4364832
            ],
            [
              76.7630839,
              26.435484
            ],
            [
              76.7614424,
              26.4338028
            ],
            [
              76.7592323,
              26.4323041
            ],
            [
              76.7564964,
              26.4308534
            ],
            [
              76.7533636,
              26.4295564
            ],
            [
              76.7538464,
              26.4284707
            ],
            [
              76.7535245,
              26.4279135
            ],
            [
              76.7527413,
              26.4286148
            ],
            [
              76.7517221,
              26.4293258
            ],
            [
              76.7499304,
              26.4299983
            ],
            [
              76.7471945,
              26.4281249
            ],
            [
              76.7465508,
              26.4276925
            ],
            [
              76.7414009,
              26.4284899
            ],
            [
              76.7402315,
              26.4270488
            ],
            [
              76.7379141,
              26.4254923
            ],
            [
              76.7348885,
              26.4235323
            ],
            [
              76.7322063,
              26.4213513
            ],
            [
              76.7317343,
              26.4204481
            ],
            [
              76.7313802,
              26.4185745
            ],
            [
              76.7306077,
              26.4172389
            ],
            [
              76.7302751,
              26.4161147
            ],
            [
              76.730082,
              26.4152884
            ],
            [
              76.7257476,
              26.4156631
            ],
            [
              76.7243314,
              26.4157016
            ],
            [
              76.7196858,
              26.415125
            ],
            [
              76.7175293,
              26.4132321
            ],
            [
              76.7168319,
              26.412694
            ],
            [
              76.7133987,
              26.4112719
            ],
            [
              76.7118108,
              26.408812
            ],
            [
              76.7105126,
              26.4065922
            ],
            [
              76.7091823,
              26.4058042
            ],
            [
              76.705234,
              26.4039304
            ],
            [
              76.7015219,
              26.4020181
            ],
            [
              76.6994405,
              26.4008649
            ],
            [
              76.6956103,
              26.397511
            ],
            [
              76.6931963,
              26.3957907
            ],
            [
              76.6903531,
              26.3952333
            ],
            [
              76.6863191,
              26.3941954
            ],
            [
              76.6841626,
              26.3913315
            ],
            [
              76.6810191,
              26.3870643
            ],
            [
              76.6794312,
              26.3852574
            ],
            [
              76.6784119,
              26.384277
            ],
            [
              76.6802359,
              26.3818261
            ],
            [
              76.6816199,
              26.3797597
            ],
            [
              76.6823923,
              26.3779238
            ],
            [
              76.6835296,
              26.3750499
            ],
            [
              76.6846454,
              26.3728199
            ],
            [
              76.6852033,
              26.3730121
            ],
            [
              76.6860509,
              26.3700515
            ],
            [
              76.6878104,
              26.3695036
            ],
            [
              76.6884863,
              26.3685904
            ],
            [
              76.6855359,
              26.3650241
            ],
            [
              76.682328,
              26.3608617
            ],
            [
              76.6801178,
              26.3581795
            ],
            [
              76.6790664,
              26.3574393
            ],
            [
              76.676352,
              26.3528247
            ],
            [
              76.6749358,
              26.3512481
            ],
            [
              76.6706657,
              26.3503251
            ],
            [
              76.6702795,
              26.3489791
            ],
            [
              76.6626835,
              26.3515942
            ],
            [
              76.6589927,
              26.3489022
            ],
            [
              76.6544866,
              26.3493252
            ],
            [
              76.6516113,
              26.3484984
            ],
            [
              76.6484356,
              26.3475947
            ],
            [
              76.64114,
              26.3432682
            ],
            [
              76.6376853,
              26.3414414
            ],
            [
              76.6337585,
              26.3364608
            ],
            [
              76.6307759,
              26.3317108
            ],
            [
              76.6281152,
              26.3299415
            ],
            [
              76.6294455,
              26.328576
            ],
            [
              76.6294241,
              26.3277298
            ],
            [
              76.628952,
              26.3267875
            ],
            [
              76.6294026,
              26.325172
            ],
            [
              76.6305184,
              26.3233256
            ],
            [
              76.6316986,
              26.3217486
            ],
            [
              76.6322565,
              26.3208254
            ],
            [
              76.6319775,
              26.3182481
            ],
            [
              76.631484,
              26.3170749
            ],
            [
              76.6309905,
              26.3166517
            ],
            [
              76.6302609,
              26.316594
            ],
            [
              76.6295314,
              26.3168825
            ],
            [
              76.6281795,
              26.3172095
            ],
            [
              76.6274714,
              26.3168441
            ],
            [
              76.6267204,
              26.3161709
            ],
            [
              76.6258621,
              26.3156131
            ],
            [
              76.6249823,
              26.3153246
            ],
            [
              76.6240167,
              26.3153631
            ],
            [
              76.6235232,
              26.3158054
            ],
            [
              76.6232657,
              26.3164786
            ],
            [
              76.6232228,
              26.3175172
            ],
            [
              76.6236305,
              26.3186135
            ],
            [
              76.6241884,
              26.3200176
            ],
            [
              76.6245103,
              26.32121
            ],
            [
              76.6247248,
              26.3225371
            ],
            [
              76.6247248,
              26.3232295
            ],
            [
              76.6235661,
              26.3241719
            ],
            [
              76.6207981,
              26.3247873
            ],
            [
              76.6181159,
              26.3259605
            ],
            [
              76.6158628,
              26.3274606
            ],
            [
              76.6153908,
              26.3289222
            ],
            [
              76.6139102,
              26.3293453
            ],
            [
              76.6124296,
              26.3294415
            ],
            [
              76.6112494,
              26.3284606
            ],
            [
              76.6100478,
              26.3270182
            ],
            [
              76.6079449,
              26.3254989
            ],
            [
              76.6069793,
              26.3254027
            ],
            [
              76.607151,
              26.3270567
            ],
            [
              76.6072368,
              26.3280183
            ],
            [
              76.6070652,
              26.3286145
            ],
            [
              76.6068077,
              26.3294799
            ],
            [
              76.6075372,
              26.3312877
            ],
            [
              76.6032672,
              26.3339031
            ],
            [
              76.6023445,
              26.3356916
            ],
            [
              76.5981817,
              26.3333454
            ],
            [
              76.5951776,
              26.3329416
            ],
            [
              76.5944052,
              26.3316723
            ],
            [
              76.5952205,
              26.3290376
            ],
            [
              76.5945124,
              26.3281529
            ],
            [
              76.5933323,
              26.3271913
            ],
            [
              76.5925169,
              26.3264605
            ],
            [
              76.591208,
              26.3265182
            ],
            [
              76.5891051,
              26.3265374
            ],
            [
              76.5880751,
              26.325922
            ],
            [
              76.5871095,
              26.325095
            ],
            [
              76.5859079,
              26.3238834
            ],
            [
              76.5856075,
              26.3232872
            ],
            [
              76.5849638,
              26.3227487
            ],
            [
              76.5840196,
              26.3224986
            ],
            [
              76.5837085,
              26.3217005
            ],
            [
              76.5836012,
              26.3207003
            ],
            [
              76.5831998,
              26.3193829
            ],
            [
              76.5851187,
              26.3192006
            ],
            [
              76.5857454,
              26.3186598
            ],
            [
              76.5858685,
              26.3175834
            ],
            [
              76.5856576,
              26.3164283
            ],
            [
              76.5849664,
              26.3154202
            ],
            [
              76.5843572,
              26.3150946
            ],
            [
              76.5827756,
              26.3148741
            ],
            [
              76.5816509,
              26.3147481
            ],
            [
              76.5803973,
              26.3146221
            ],
            [
              76.5793633,
              26.3156131
            ],
            [
              76.5761846,
              26.3159946
            ],
            [
              76.5751791,
              26.3173441
            ],
            [
              76.572466,
              26.3178145
            ],
            [
              76.5685062,
              26.3187806
            ],
            [
              76.5666083,
              26.3187176
            ],
            [
              76.5652259,
              26.3177935
            ],
            [
              76.5651844,
              26.3160171
            ],
            [
              76.5664465,
              26.312501
            ],
            [
              76.5667491,
              26.3117507
            ],
            [
              76.5659308,
              26.3107468
            ],
            [
              76.5666175,
              26.3090926
            ],
            [
              76.5665316,
              26.3080347
            ],
            [
              76.5652656,
              26.3070537
            ],
            [
              76.564698,
              26.306199
            ],
            [
              76.5640353,
              26.3053855
            ],
            [
              76.5643215,
              26.3044376
            ],
            [
              76.5648365,
              26.3040722
            ],
            [
              76.5655768,
              26.3041202
            ],
            [
              76.5660918,
              26.3043126
            ],
            [
              76.5671539,
              26.3044376
            ],
            [
              76.5675294,
              26.301985
            ],
            [
              76.5682161,
              26.2998402
            ],
            [
              76.5691602,
              26.298561
            ],
            [
              76.5712094,
              26.2977434
            ],
            [
              76.5723896,
              26.2967719
            ],
            [
              76.5724647,
              26.2955407
            ],
            [
              76.5722823,
              26.2947039
            ],
            [
              76.5718961,
              26.2941845
            ],
            [
              76.570512,
              26.2935978
            ],
            [
              76.5692139,
              26.2931457
            ],
            [
              76.5680981,
              26.2926359
            ],
            [
              76.5675402,
              26.2920972
            ],
            [
              76.5672076,
              26.2914816
            ],
            [
              76.5669823,
              26.2909911
            ],
            [
              76.5669393,
              26.2901253
            ],
            [
              76.5673363,
              26.2892981
            ],
            [
              76.5676582,
              26.288644
            ],
            [
              76.5680981,
              26.2873069
            ],
            [
              76.5689134,
              26.2854408
            ],
            [
              76.5692568,
              26.284094
            ],
            [
              76.5695786,
              26.2834784
            ],
            [
              76.5681517,
              26.2819969
            ],
            [
              76.5660381,
              26.2818526
            ],
            [
              76.5641177,
              26.28116
            ],
            [
              76.5618431,
              26.2801211
            ],
            [
              76.5595579,
              26.2791591
            ],
            [
              76.557498,
              26.2784087
            ],
            [
              76.5567899,
              26.2759941
            ],
            [
              76.5564144,
              26.2749551
            ],
            [
              76.5522087,
              26.268134
            ],
            [
              76.5512109,
              26.2666236
            ],
            [
              76.5516722,
              26.2645454
            ],
            [
              76.553024,
              26.263439
            ],
            [
              76.5545368,
              26.2625442
            ],
            [
              76.5556097,
              26.2623325
            ],
            [
              76.5565753,
              26.2638046
            ],
            [
              76.5593111,
              26.2640162
            ],
            [
              76.5608239,
              26.2638238
            ],
            [
              76.5631628,
              26.2650746
            ],
            [
              76.56533,
              26.2653536
            ],
            [
              76.5673256,
              26.2666332
            ],
            [
              76.5704906,
              26.2682784
            ],
            [
              76.5721106,
              26.2679705
            ],
            [
              76.5739024,
              26.2678647
            ],
            [
              76.5749323,
              26.2678647
            ],
            [
              76.5754366,
              26.2685862
            ],
            [
              76.577121,
              26.2689999
            ],
            [
              76.5777111,
              26.2686824
            ],
            [
              76.578623,
              26.2686151
            ],
            [
              76.5789449,
              26.2689133
            ],
            [
              76.5791702,
              26.2693463
            ],
            [
              76.580286,
              26.2695291
            ],
            [
              76.5812731,
              26.2695579
            ],
            [
              76.5811014,
              26.270039
            ],
            [
              76.5810585,
              26.2704046
            ],
            [
              76.5812731,
              26.2705777
            ],
            [
              76.5821206,
              26.2702699
            ],
            [
              76.5827966,
              26.2701737
            ],
            [
              76.5833115,
              26.2700871
            ],
            [
              76.5837407,
              26.2698466
            ],
            [
              76.5845561,
              26.2696638
            ],
            [
              76.5852213,
              26.2695676
            ],
            [
              76.5856719,
              26.2697022
            ],
            [
              76.5860045,
              26.2700967
            ],
            [
              76.5863478,
              26.2701063
            ],
            [
              76.5867877,
              26.269885
            ],
            [
              76.5870345,
              26.2694521
            ],
            [
              76.5871096,
              26.269048
            ],
            [
              76.5876031,
              26.2691539
            ],
            [
              76.5879142,
              26.2694232
            ],
            [
              76.5880966,
              26.2691827
            ],
            [
              76.5883326,
              26.2688941
            ],
            [
              76.588676,
              26.2690192
            ],
            [
              76.588794,
              26.2686921
            ],
            [
              76.58903,
              26.2683457
            ],
            [
              76.5895021,
              26.2681052
            ],
            [
              76.5896737,
              26.2679994
            ],
            [
              76.5900707,
              26.2684612
            ],
            [
              76.5902853,
              26.2687594
            ],
            [
              76.5907895,
              26.2691827
            ],
            [
              76.5911114,
              26.2692885
            ],
            [
              76.5914118,
              26.2690288
            ],
            [
              76.5920985,
              26.2688364
            ],
            [
              76.5927744,
              26.2686536
            ],
            [
              76.5926671,
              26.2679031
            ],
            [
              76.5924525,
              26.2673066
            ],
            [
              76.5922165,
              26.2669026
            ],
            [
              76.5921199,
              26.2663734
            ],
            [
              76.5923667,
              26.2661906
            ],
            [
              76.5930641,
              26.2662868
            ],
            [
              76.5939009,
              26.2665273
            ],
            [
              76.5949094,
              26.2665658
            ],
            [
              76.5958106,
              26.2664889
            ],
            [
              76.5967226,
              26.266383
            ],
            [
              76.5969372,
              26.2707317
            ],
            [
              76.5978384,
              26.2737525
            ],
            [
              76.6048336,
              26.2723864
            ],
            [
              76.6037392,
              26.2685959
            ],
            [
              76.603353,
              26.2663061
            ],
            [
              76.6035676,
              26.2648244
            ],
            [
              76.603868,
              26.2637084
            ],
            [
              76.6038036,
              26.2624191
            ],
            [
              76.6037392,
              26.2614185
            ],
            [
              76.6042113,
              26.2608027
            ],
            [
              76.6054129,
              26.260591
            ],
            [
              76.6063571,
              26.2602062
            ],
            [
              76.6076231,
              26.2595327
            ],
            [
              76.6082239,
              26.2588591
            ],
            [
              76.608417,
              26.2577815
            ],
            [
              76.6080951,
              26.2565114
            ],
            [
              76.6071081,
              26.255607
            ],
            [
              76.6066789,
              26.2538943
            ],
            [
              76.6067004,
              26.2521238
            ],
            [
              76.6067862,
              26.2514502
            ],
            [
              76.6064214,
              26.2506997
            ],
            [
              76.6059279,
              26.2499106
            ],
            [
              76.6051769,
              26.2488137
            ],
            [
              76.6046405,
              26.2478899
            ],
            [
              76.6043615,
              26.2466197
            ],
            [
              76.6037178,
              26.2449069
            ],
            [
              76.6001558,
              26.2419623
            ],
            [
              76.596744,
              26.2400954
            ],
            [
              76.5921521,
              26.2373816
            ],
            [
              76.5891695,
              26.2360343
            ],
            [
              76.5848779,
              26.2341096
            ],
            [
              76.5820026,
              26.2314726
            ],
            [
              76.5819597,
              26.2294709
            ],
            [
              76.5821314,
              26.2285662
            ],
            [
              76.5824961,
              26.227777
            ],
            [
              76.5831828,
              26.2270071
            ],
            [
              76.5839982,
              26.2260254
            ],
            [
              76.5853071,
              26.2250629
            ],
            [
              76.5860152,
              26.2243315
            ],
            [
              76.5876674,
              26.2230225
            ],
            [
              76.5825605,
              26.2195576
            ],
            [
              76.5781632,
              26.2154735
            ],
            [
              76.5838265,
              26.2121847
            ],
            [
              76.5873077,
              26.2105585
            ],
            [
              76.5916157,
              26.2085462
            ],
            [
              76.5971732,
              26.2055621
            ],
            [
              76.6028166,
              26.2025395
            ],
            [
              76.6098332,
              26.1979958
            ],
            [
              76.6160774,
              26.1940295
            ],
            [
              76.6216993,
              26.189601
            ],
            [
              76.6252184,
              26.1868283
            ],
            [
              76.628716,
              26.1847294
            ],
            [
              76.6335225,
              26.1860773
            ],
            [
              76.6346597,
              26.1858848
            ],
            [
              76.6399383,
              26.1847679
            ],
            [
              76.6431355,
              26.1849412
            ],
            [
              76.6451525,
              26.1849412
            ],
            [
              76.648221,
              26.1838629
            ],
            [
              76.6505813,
              26.1838822
            ],
            [
              76.652019,
              26.1844791
            ],
            [
              76.6541004,
              26.184017
            ],
            [
              76.656096,
              26.1835356
            ],
            [
              76.6568255,
              26.1829772
            ],
            [
              76.6570616,
              26.1821299
            ],
            [
              76.6574049,
              26.1813404
            ],
            [
              76.6576195,
              26.1805509
            ],
            [
              76.6581559,
              26.1800502
            ],
            [
              76.658864,
              26.1802428
            ],
            [
              76.6592717,
              26.1796844
            ],
            [
              76.6597438,
              26.1781631
            ],
            [
              76.6601085,
              26.1774698
            ],
            [
              76.6605806,
              26.1761989
            ],
            [
              76.6608596,
              26.1756982
            ],
            [
              76.6622114,
              26.1754479
            ],
            [
              76.6628766,
              26.1752553
            ],
            [
              76.6640138,
              26.1750242
            ],
            [
              76.6645503,
              26.1706913
            ],
            [
              76.6682195,
              26.1667048
            ],
            [
              76.6722965,
              26.1662811
            ],
            [
              76.6762662,
              26.1672055
            ],
            [
              76.6802358,
              26.1690928
            ],
            [
              76.6818237,
              26.1699017
            ],
            [
              76.683712,
              26.170152
            ],
            [
              76.684699,
              26.1707105
            ],
            [
              76.6841841,
              26.1725207
            ],
            [
              76.6843343,
              26.1736955
            ],
            [
              76.6852569,
              26.1747739
            ],
            [
              76.6856217,
              26.1750627
            ],
            [
              76.6863298,
              26.1760448
            ],
            [
              76.6864586,
              26.1768344
            ],
            [
              76.6870594,
              26.1779898
            ],
            [
              76.6885185,
              26.1796651
            ],
            [
              76.6895056,
              26.1807049
            ],
            [
              76.6902351,
              26.1811093
            ],
            [
              76.6912865,
              26.1811671
            ],
            [
              76.6925955,
              26.1808783
            ],
            [
              76.6936469,
              26.1803776
            ],
            [
              76.6946339,
              26.1800887
            ],
            [
              76.6960501,
              26.1799347
            ],
            [
              76.6966295,
              26.1802428
            ],
            [
              76.6981101,
              26.1815522
            ],
            [
              76.6992259,
              26.1818025
            ],
            [
              76.6999769,
              26.1815907
            ],
            [
              76.7013502,
              26.1812056
            ],
            [
              76.7024874,
              26.1809745
            ],
            [
              76.7031741,
              26.1806664
            ],
            [
              76.7039037,
              26.1802428
            ],
            [
              76.7042899,
              26.1793955
            ],
            [
              76.7039037,
              26.1784905
            ],
            [
              76.7032814,
              26.1778935
            ],
            [
              76.7032814,
              26.1771425
            ],
            [
              76.7037105,
              26.1769307
            ],
            [
              76.7064786,
              26.1769692
            ],
            [
              76.7081737,
              26.1768729
            ],
            [
              76.7095899,
              26.1759678
            ],
            [
              76.7103839,
              26.1751783
            ],
            [
              76.7111134,
              26.1736569
            ],
            [
              76.7112422,
              26.1724822
            ],
            [
              76.7114353,
              26.1714231
            ],
            [
              76.7124867,
              26.1709416
            ],
            [
              76.7135811,
              26.170749
            ],
            [
              76.7146539,
              26.1704987
            ],
            [
              76.7160702,
              26.1704024
            ],
            [
              76.7187524,
              26.1696321
            ],
            [
              76.7191386,
              26.1686499
            ],
            [
              76.7200613,
              26.1677255
            ],
            [
              76.7211342,
              26.1672248
            ],
            [
              76.7218637,
              26.1665892
            ],
            [
              76.7223358,
              26.1656648
            ],
            [
              76.7230654,
              26.1643745
            ],
            [
              76.7236662,
              26.1633923
            ],
            [
              76.7245674,
              26.1627182
            ],
            [
              76.7253399,
              26.162256
            ],
            [
              76.7261553,
              26.1618515
            ],
            [
              76.7266273,
              26.1611004
            ],
            [
              76.7262411,
              26.1601182
            ],
            [
              76.7260265,
              26.1595211
            ],
            [
              76.7257046,
              26.1584811
            ],
            [
              76.7254042,
              26.1574603
            ],
            [
              76.7244816,
              26.1565551
            ],
            [
              76.7242884,
              26.1554765
            ],
            [
              76.7267561,
              26.1546676
            ],
            [
              76.7293095,
              26.1541668
            ],
            [
              76.7301893,
              26.1545327
            ],
            [
              76.7309403,
              26.1549565
            ],
            [
              76.7320776,
              26.1553609
            ],
            [
              76.7325282,
              26.1552069
            ],
            [
              76.7331934,
              26.154475
            ],
            [
              76.7340517,
              26.1534541
            ],
            [
              76.7344165,
              26.1528185
            ],
            [
              76.7352319,
              26.1525489
            ],
            [
              76.7361975,
              26.1538586
            ],
            [
              76.7367339,
              26.1554187
            ],
            [
              76.7377853,
              26.1559773
            ],
            [
              76.7386222,
              26.1560158
            ],
            [
              76.7395663,
              26.1557076
            ],
            [
              76.7401886,
              26.1552646
            ],
            [
              76.7404032,
              26.1544172
            ],
            [
              76.7404461,
              26.1535119
            ],
            [
              76.740725,
              26.1525104
            ],
            [
              76.74124,
              26.1521251
            ],
            [
              76.7423129,
              26.1516821
            ],
            [
              76.7433643,
              26.1511621
            ],
            [
              76.7437935,
              26.1506035
            ],
            [
              76.7441797,
              26.1498523
            ],
            [
              76.7444372,
              26.1493901
            ],
            [
              76.7451882,
              26.1483114
            ],
            [
              76.7460036,
              26.1475217
            ],
            [
              76.7467761,
              26.1467319
            ],
            [
              76.7486,
              26.1437463
            ],
            [
              76.7507243,
              26.1411651
            ],
            [
              76.7535782,
              26.1375629
            ],
            [
              76.7545652,
              26.1365227
            ],
            [
              76.7562389,
              26.1333056
            ],
            [
              76.7582345,
              26.1304545
            ],
            [
              76.7584276,
              26.1294528
            ],
            [
              76.7585778,
              26.1287014
            ],
            [
              76.7593503,
              26.128162
            ],
            [
              76.7602515,
              26.1274107
            ],
            [
              76.7611098,
              26.1251759
            ],
            [
              76.761539,
              26.1244438
            ],
            [
              76.7626762,
              26.1239044
            ],
            [
              76.7631054,
              26.1237695
            ],
            [
              76.7639422,
              26.1234805
            ],
            [
              76.7637062,
              26.1228255
            ],
            [
              76.763277,
              26.1223053
            ],
            [
              76.7632341,
              26.1212457
            ],
            [
              76.7637706,
              26.1205521
            ],
            [
              76.7642855,
              26.1202631
            ],
            [
              76.7650795,
              26.1195117
            ],
            [
              76.7654013,
              26.1187796
            ],
            [
              76.7664528,
              26.1167952
            ],
            [
              76.766839,
              26.1159667
            ],
            [
              76.7676759,
              26.1149841
            ],
            [
              76.7684698,
              26.1141748
            ],
            [
              76.7708087,
              26.1115352
            ],
            [
              76.7720318,
              26.1106874
            ],
            [
              76.7735767,
              26.1100901
            ],
            [
              76.7749929,
              26.1093965
            ],
            [
              76.7757869,
              26.1083174
            ],
            [
              76.7763877,
              26.1077779
            ],
            [
              76.7765379,
              26.1067567
            ],
            [
              76.7775249,
              26.1058318
            ],
            [
              76.7796278,
              26.1061209
            ],
            [
              76.7808723,
              26.1063135
            ],
            [
              76.7821169,
              26.1064291
            ],
            [
              76.7865371,
              26.1059089
            ],
            [
              76.7893696,
              26.1055621
            ],
            [
              76.7908287,
              26.1060052
            ],
            [
              76.7938971,
              26.1034618
            ],
            [
              76.7986822,
              26.0985866
            ],
            [
              76.8006992,
              26.0961586
            ],
            [
              76.8015361,
              26.0940196
            ],
            [
              76.8019438,
              26.0919769
            ],
            [
              76.8029094,
              26.0894523
            ],
            [
              76.8060422,
              26.0853282
            ],
            [
              76.807158,
              26.0817628
            ],
            [
              76.8062567,
              26.0812232
            ],
            [
              76.8057847,
              26.0805294
            ],
            [
              76.8058491,
              26.0798356
            ],
            [
              76.8064928,
              26.0792574
            ],
            [
              76.8074369,
              26.0790646
            ],
            [
              76.8079948,
              26.0785057
            ],
            [
              76.8079734,
              26.0777541
            ],
            [
              76.8081236,
              26.0771181
            ],
            [
              76.8084025,
              26.0767133
            ],
            [
              76.8093896,
              26.0756147
            ],
            [
              76.8092608,
              26.0734368
            ],
            [
              76.8094754,
              26.0720491
            ],
            [
              76.8096256,
              26.0712974
            ],
            [
              76.8098616,
              26.070218
            ],
            [
              76.8100118,
              26.0695048
            ],
            [
              76.8109345,
              26.0696012
            ],
            [
              76.8121147,
              26.0699481
            ],
            [
              76.8132305,
              26.0702373
            ],
            [
              76.8143677,
              26.0702373
            ],
            [
              76.8161487,
              26.0700831
            ],
            [
              76.8177581,
              26.0698518
            ],
            [
              76.8194747,
              26.0695627
            ],
            [
              76.8197751,
              26.0693506
            ],
            [
              76.8207407,
              26.0692543
            ],
            [
              76.8217063,
              26.0699096
            ],
            [
              76.8221569,
              26.0703336
            ],
            [
              76.8226504,
              26.0712974
            ],
            [
              76.8236589,
              26.0716828
            ],
            [
              76.8247747,
              26.0721647
            ],
            [
              76.8266201,
              26.0724153
            ],
            [
              76.8278003,
              26.0725309
            ],
            [
              76.8285298,
              26.0713552
            ],
            [
              76.8293023,
              26.0697169
            ],
            [
              76.8296027,
              26.0688495
            ],
            [
              76.8298602,
              26.0682713
            ],
            [
              76.8303752,
              26.0677894
            ],
            [
              76.8311262,
              26.0675195
            ],
            [
              76.8327141,
              26.0669413
            ],
            [
              76.8340659,
              26.0663438
            ],
            [
              76.8348384,
              26.064821
            ],
            [
              76.8379068,
              26.0605611
            ],
            [
              76.8400526,
              26.0575925
            ],
            [
              76.8414688,
              26.0551637
            ],
            [
              76.8428421,
              26.0537757
            ],
            [
              76.8435931,
              26.0533709
            ],
            [
              76.8448376,
              26.0528504
            ],
            [
              76.8455028,
              26.0523492
            ],
            [
              76.8463182,
              26.0522528
            ],
            [
              76.8473053,
              26.0519829
            ],
            [
              76.8479275,
              26.051366
            ],
            [
              76.8487859,
              26.0505371
            ],
            [
              76.8488502,
              26.0498624
            ],
            [
              76.8485284,
              26.0492262
            ],
            [
              76.8492579,
              26.0483972
            ],
            [
              76.8491721,
              26.0478189
            ],
            [
              76.8491936,
              26.0468743
            ],
            [
              76.8498373,
              26.0458718
            ],
            [
              76.850245,
              26.0450235
            ],
            [
              76.8502664,
              26.0442331
            ],
            [
              76.8508458,
              26.0435005
            ],
            [
              76.8512964,
              26.0426522
            ],
            [
              76.8509102,
              26.0419775
            ],
            [
              76.8506098,
              26.0417847
            ],
            [
              76.8492365,
              26.0414184
            ],
            [
              76.8485713,
              26.0410521
            ],
            [
              76.8474769,
              26.0404737
            ],
            [
              76.8472409,
              26.0394904
            ],
            [
              76.8476486,
              26.0370033
            ],
            [
              76.8486786,
              26.0350946
            ],
            [
              76.852606,
              26.0325401
            ],
            [
              76.8526299,
              26.0325489
            ],
            [
              76.8541585,
              26.0331313
            ],
            [
              76.8546528,
              26.0333599
            ],
            [
              76.8550276,
              26.0335331
            ],
            [
              76.8559367,
              26.0341515
            ],
            [
              76.8568008,
              26.0347338
            ],
            [
              76.8570656,
              26.0348151
            ],
            [
              76.8580062,
              26.034765
            ],
            [
              76.8581646,
              26.0347566
            ],
            [
              76.8595834,
              26.0345762
            ],
            [
              76.8608722,
              26.0344544
            ],
            [
              76.8624909,
              26.034274
            ],
            [
              76.8639796,
              26.0341568
            ],
            [
              76.8651085,
              26.0341163
            ],
            [
              76.8658429,
              26.0341344
            ],
            [
              76.8663075,
              26.0343556
            ],
            [
              76.8672416,
              26.0350552
            ],
            [
              76.8672789,
              26.0350876
            ],
            [
              76.8683257,
              26.0359985
            ],
            [
              76.8705436,
              26.0379256
            ],
            [
              76.8717076,
              26.0390178
            ],
            [
              76.8726867,
              26.0401597
            ],
            [
              76.8732862,
              26.0408231
            ],
            [
              76.8737508,
              26.0414234
            ],
            [
              76.8746151,
              26.0421049
            ],
            [
              76.8746315,
              26.0421191
            ],
            [
              76.8758142,
              26.0431473
            ],
            [
              76.8767784,
              26.0438197
            ],
            [
              76.8775778,
              26.0441989
            ],
            [
              76.8784671,
              26.0445013
            ],
            [
              76.8787204,
              26.044584
            ],
            [
              76.8797511,
              26.0449209
            ],
            [
              76.8809052,
              26.0453632
            ],
            [
              76.882439,
              26.0460626
            ],
            [
              76.8837031,
              26.0468659
            ],
            [
              76.8838302,
              26.0469962
            ],
            [
              76.8848473,
              26.0480392
            ],
            [
              76.8854911,
              26.0490335
            ],
            [
              76.8856918,
              26.0493434
            ],
            [
              76.8864214,
              26.0507469
            ],
            [
              76.8866774,
              26.0513309
            ],
            [
              76.8870011,
              26.0520692
            ],
            [
              76.8878109,
              26.0551877
            ],
            [
              76.8880759,
              26.0567131
            ],
            [
              76.8881787,
              26.0573102
            ],
            [
              76.8883208,
              26.0581348
            ],
            [
              76.8885344,
              26.058882
            ],
            [
              76.8891956,
              26.0611945
            ],
            [
              76.8897305,
              26.0626567
            ],
            [
              76.89075,
              26.063839
            ],
            [
              76.8920243,
              26.0650304
            ],
            [
              76.8931138,
              26.0661134
            ],
            [
              76.8939442,
              26.0670066
            ],
            [
              76.8940955,
              26.0671693
            ],
            [
              76.8941584,
              26.067237
            ],
            [
              76.8942675,
              26.0674105
            ],
            [
              76.8949781,
              26.0685412
            ],
            [
              76.8953952,
              26.069276
            ],
            [
              76.8957979,
              26.0699852
            ],
            [
              76.8970829,
              26.072749
            ],
            [
              76.8971177,
              26.0728238
            ],
            [
              76.8972386,
              26.0731103
            ],
            [
              76.8977176,
              26.0742453
            ],
            [
              76.8977452,
              26.0744991
            ],
            [
              76.8978728,
              26.0756714
            ],
            [
              76.8980633,
              26.0788711
            ],
            [
              76.8981087,
              26.0804553
            ],
            [
              76.8983488,
              26.0819174
            ],
            [
              76.8988938,
              26.0834293
            ],
            [
              76.8996966,
              26.0852762
            ],
            [
              76.9001139,
              26.0862362
            ],
            [
              76.900249,
              26.08708
            ],
            [
              76.9002142,
              26.08773
            ],
            [
              76.8999075,
              26.0883876
            ],
            [
              76.8998395,
              26.0885334
            ],
            [
              76.8994848,
              26.0892375
            ],
            [
              76.89924,
              26.0900182
            ],
            [
              76.8991052,
              26.0906411
            ],
            [
              76.8989954,
              26.0911827
            ],
            [
              76.8992154,
              26.0916611
            ],
            [
              76.8997754,
              26.0925049
            ],
            [
              76.9006951,
              26.0931546
            ],
            [
              76.901405,
              26.0934569
            ],
            [
              76.9016467,
              26.0934666
            ],
            [
              76.9024046,
              26.0934973
            ],
            [
              76.9033142,
              26.0935152
            ],
            [
              76.9040939,
              26.0936188
            ],
            [
              76.9049138,
              26.0939977
            ],
            [
              76.9059584,
              26.0943405
            ],
            [
              76.9067169,
              26.0945992
            ],
            [
              76.9067782,
              26.0946201
            ],
            [
              76.907448,
              26.0948185
            ],
            [
              76.9087027,
              26.0955088
            ],
            [
              76.9100775,
              26.0962531
            ],
            [
              76.9106555,
              26.0965278
            ],
            [
              76.9109224,
              26.0966546
            ],
            [
              76.9117871,
              26.0968935
            ],
            [
              76.9121522,
              26.0970305
            ],
            [
              76.9128568,
              26.0972949
            ],
            [
              76.9135867,
              26.0975339
            ],
            [
              76.9145665,
              26.0978767
            ],
            [
              76.9149614,
              26.0980165
            ],
            [
              76.9160223,
              26.0982676
            ],
            [
              76.916561,
              26.0983951
            ],
            [
              76.9181056,
              26.0987647
            ],
            [
              76.91988,
              26.0988273
            ],
            [
              76.9210491,
              26.0988269
            ],
            [
              76.9215445,
              26.0988268
            ],
            [
              76.9229754,
              26.0991129
            ],
            [
              76.9231441,
              26.0991467
            ],
            [
              76.9248737,
              26.099647
            ],
            [
              76.9265733,
              26.1000797
            ],
            [
              76.9298126,
              26.1007961
            ],
            [
              76.9331217,
              26.101219
            ],
            [
              76.934402,
              26.1014252
            ],
            [
              76.936531,
              26.1017681
            ],
            [
              76.9371509,
              26.1018086
            ],
            [
              76.9380603,
              26.1014065
            ],
            [
              76.9395044,
              26.1005438
            ],
            [
              76.9399942,
              26.1004624
            ],
            [
              76.940769,
              26.1005252
            ],
            [
              76.941179,
              26.1006739
            ],
            [
              76.9426889,
              26.1013547
            ],
            [
              76.9434438,
              26.1016387
            ],
            [
              76.9442686,
              26.1018549
            ],
            [
              76.9449535,
              26.1020351
            ],
            [
              76.9458634,
              26.1022151
            ],
            [
              76.9468883,
              26.1025396
            ],
            [
              76.9476632,
              26.1027378
            ],
            [
              76.9484631,
              26.1030397
            ],
            [
              76.9491832,
              26.1034501
            ],
            [
              76.9502935,
              26.104474
            ],
            [
              76.951384,
              26.1057957
            ],
            [
              76.9518141,
              26.1061686
            ],
            [
              76.9520292,
              26.106355
            ],
            [
              76.9525393,
              26.1066751
            ],
            [
              76.952603,
              26.1067316
            ],
            [
              76.9537597,
              26.1077576
            ],
            [
              76.9550249,
              26.1086008
            ],
            [
              76.9577256,
              26.1105941
            ],
            [
              76.9585348,
              26.1112719
            ],
            [
              76.9601916,
              26.1126596
            ],
            [
              76.9614122,
              26.1137421
            ],
            [
              76.9639781,
              26.1157578
            ],
            [
              76.9651986,
              26.1166958
            ],
            [
              76.9666241,
              26.1176607
            ],
            [
              76.9677997,
              26.1186212
            ],
            [
              76.9692452,
              26.1196041
            ],
            [
              76.9700218,
              26.120098
            ],
            [
              76.9720313,
              26.1213759
            ],
            [
              76.9733418,
              26.122237
            ],
            [
              76.9748124,
              26.1231972
            ],
            [
              76.976143,
              26.1240809
            ],
            [
              76.9774785,
              26.1248607
            ],
            [
              76.979069,
              26.1256493
            ],
            [
              76.9800642,
              26.1259916
            ],
            [
              76.9806643,
              26.1261537
            ],
            [
              76.9808944,
              26.1262257
            ],
            [
              76.9813112,
              26.1263551
            ],
            [
              76.9823296,
              26.1266714
            ],
            [
              76.983955,
              26.1272298
            ],
            [
              76.9854652,
              26.1276303
            ],
            [
              76.9871205,
              26.1280397
            ],
            [
              76.9884905,
              26.1281966
            ],
            [
              76.9893906,
              26.1283358
            ],
            [
              76.9899705,
              26.1283353
            ],
            [
              76.9900906,
              26.1284075
            ],
            [
              76.9905406,
              26.1284793
            ],
            [
              76.9920958,
              26.1287579
            ],
            [
              76.9938058,
              26.1288963
            ],
            [
              76.9955257,
              26.1289851
            ],
            [
              76.9958047,
              26.12901
            ],
            [
              76.9967456,
              26.1290939
            ],
            [
              76.9970808,
              26.1291237
            ],
            [
              76.9976137,
              26.1290667
            ],
            [
              76.9986601,
              26.1299602
            ],
            [
              77.0000006,
              26.1311047
            ],
            [
              77.0006329,
              26.1316941
            ],
            [
              77.0013283,
              26.1324676
            ],
            [
              77.0013865,
              26.1325324
            ],
            [
              77.0021489,
              26.1339851
            ],
            [
              77.002642,
              26.135405
            ],
            [
              77.0026792,
              26.1356009
            ],
            [
              77.0029158,
              26.1368435
            ],
            [
              77.0029277,
              26.1369062
            ],
            [
              77.0029234,
              26.137003
            ],
            [
              77.0029212,
              26.1370524
            ],
            [
              77.0028788,
              26.1380028
            ],
            [
              77.0027878,
              26.138587
            ],
            [
              77.0027796,
              26.1386399
            ],
            [
              77.0027765,
              26.1386601
            ],
            [
              77.0027447,
              26.1387469
            ],
            [
              77.0025014,
              26.139413
            ],
            [
              77.0020115,
              26.140342
            ],
            [
              77.001973,
              26.1404731
            ],
            [
              77.0015828,
              26.1418008
            ],
            [
              77.0015553,
              26.1424642
            ],
            [
              77.0017631,
              26.1431237
            ],
            [
              77.0020726,
              26.1437265
            ],
            [
              77.0022765,
              26.1442889
            ],
            [
              77.0023152,
              26.1443957
            ],
            [
              77.0023763,
              26.1444831
            ],
            [
              77.0029856,
              26.1453541
            ],
            [
              77.0035679,
              26.1462384
            ],
            [
              77.0041504,
              26.1469239
            ],
            [
              77.0049449,
              26.1484948
            ],
            [
              77.0053033,
              26.149329
            ],
            [
              77.0057143,
              26.1500651
            ],
            [
              77.0062855,
              26.1509829
            ],
            [
              77.0063098,
              26.1510219
            ],
            [
              77.0063292,
              26.1510444
            ],
            [
              77.0070723,
              26.1519055
            ],
            [
              77.007735,
              26.1525882
            ],
            [
              77.0085188,
              26.1532373
            ],
            [
              77.0087004,
              26.1533607
            ],
            [
              77.0091433,
              26.1536617
            ],
            [
              77.0098725,
              26.154051
            ],
            [
              77.0099574,
              26.1540964
            ],
            [
              77.010624,
              26.1544522
            ],
            [
              77.0113127,
              26.1546348
            ],
            [
              77.0115138,
              26.1546881
            ],
            [
              77.0118752,
              26.1548582
            ],
            [
              77.0124283,
              26.1551187
            ],
            [
              77.0132878,
              26.1556082
            ],
            [
              77.0137056,
              26.1558461
            ],
            [
              77.0139476,
              26.1560337
            ],
            [
              77.0141972,
              26.1562272
            ],
            [
              77.0152458,
              26.1570399
            ],
            [
              77.0173614,
              26.1590137
            ],
            [
              77.0182454,
              26.1598012
            ],
            [
              77.0188629,
              26.1603512
            ],
            [
              77.0189252,
              26.1604037
            ],
            [
              77.0191323,
              26.1605782
            ],
            [
              77.0200822,
              26.1619581
            ],
            [
              77.0201401,
              26.1620598
            ],
            [
              77.0209148,
              26.1634212
            ],
            [
              77.0213631,
              26.1640942
            ],
            [
              77.0220563,
              26.1651349
            ],
            [
              77.0225237,
              26.1657412
            ],
            [
              77.0230052,
              26.1663656
            ],
            [
              77.0239911,
              26.1673307
            ],
            [
              77.0247581,
              26.1680563
            ],
            [
              77.0251097,
              26.1683888
            ],
            [
              77.0263169,
              26.1692407
            ],
            [
              77.0264957,
              26.1693669
            ],
            [
              77.0289014,
              26.1710313
            ],
            [
              77.0291361,
              26.1711937
            ],
            [
              77.0293288,
              26.1713035
            ],
            [
              77.0314659,
              26.1725216
            ],
            [
              77.031622,
              26.1726106
            ],
            [
              77.0319311,
              26.1727096
            ],
            [
              77.032317,
              26.1728331
            ],
            [
              77.032841,
              26.172853
            ],
            [
              77.0328571,
              26.1728536
            ],
            [
              77.0343572,
              26.1729171
            ],
            [
              77.0344856,
              26.1729131
            ],
            [
              77.0351337,
              26.1728929
            ],
            [
              77.0353469,
              26.1729742
            ],
            [
              77.0358552,
              26.1731391
            ],
            [
              77.0359128,
              26.1731578
            ],
            [
              77.036536,
              26.1734466
            ],
            [
              77.0380777,
              26.1740258
            ],
            [
              77.0387278,
              26.1743247
            ],
            [
              77.0416432,
              26.1756652
            ],
            [
              77.041857,
              26.1757635
            ],
            [
              77.0421323,
              26.1758447
            ],
            [
              77.0439684,
              26.1763863
            ],
            [
              77.0444515,
              26.1765516
            ],
            [
              77.0473325,
              26.177537
            ],
            [
              77.0478303,
              26.1776924
            ],
            [
              77.0523282,
              26.1790968
            ],
            [
              77.0544836,
              26.1795669
            ],
            [
              77.0559843,
              26.1798062
            ],
            [
              77.0566939,
              26.1798528
            ],
            [
              77.0568993,
              26.1798516
            ],
            [
              77.0570294,
              26.1798508
            ],
            [
              77.057461,
              26.1798102
            ],
            [
              77.057773,
              26.1797445
            ],
            [
              77.058241,
              26.1796505
            ],
            [
              77.0591863,
              26.1794897
            ],
            [
              77.0609,
              26.1794264
            ],
            [
              77.0646943,
              26.1792441
            ],
            [
              77.0695774,
              26.1793556
            ],
            [
              77.0727183,
              26.1792723
            ],
            [
              77.0761325,
              26.1792715
            ],
            [
              77.0791506,
              26.1790952
            ],
            [
              77.0822554,
              26.1790561
            ],
            [
              77.0847892,
              26.1794161
            ],
            [
              77.0865961,
              26.1798196
            ],
            [
              77.0885827,
              26.1803745
            ],
            [
              77.0886436,
              26.1803919
            ],
            [
              77.090288,
              26.1808536
            ],
            [
              77.091159,
              26.1810981
            ],
            [
              77.0927516,
              26.1816882
            ],
            [
              77.0932663,
              26.1818789
            ],
            [
              77.0943278,
              26.1822751
            ],
            [
              77.0960089,
              26.1829017
            ],
            [
              77.0967513,
              26.1832379
            ],
            [
              77.0979074,
              26.1840342
            ],
            [
              77.0987182,
              26.184435
            ],
            [
              77.0995736,
              26.1851665
            ],
            [
              77.0998549,
              26.1854071
            ],
            [
              77.0999645,
              26.1855253
            ],
            [
              77.1009268,
              26.1865631
            ],
            [
              77.1015754,
              26.1874393
            ],
            [
              77.1025207,
              26.1886558
            ],
            [
              77.1040898,
              26.1919179
            ],
            [
              77.1046886,
              26.1935699
            ],
            [
              77.105068,
              26.1943999
            ],
            [
              77.1055145,
              26.1953486
            ],
            [
              77.1059649,
              26.1961439
            ],
            [
              77.1066562,
              26.196917
            ],
            [
              77.1072383,
              26.1978505
            ],
            [
              77.1079726,
              26.1989046
            ],
            [
              77.1085575,
              26.199531
            ],
            [
              77.1091801,
              26.2000542
            ],
            [
              77.1094564,
              26.2002135
            ],
            [
              77.109754,
              26.2003752
            ],
            [
              77.1098367,
              26.2004201
            ],
            [
              77.1098999,
              26.2004691
            ],
            [
              77.1104358,
              26.2008842
            ],
            [
              77.1113218,
              26.2014852
            ],
            [
              77.1117793,
              26.2020005
            ],
            [
              77.1119758,
              26.2023479
            ],
            [
              77.1121341,
              26.2030151
            ],
            [
              77.1122458,
              26.2037446
            ],
            [
              77.1122509,
              26.2043319
            ],
            [
              77.1122684,
              26.2052221
            ],
            [
              77.1120257,
              26.2064999
            ],
            [
              77.1118153,
              26.2082797
            ],
            [
              77.1118473,
              26.2089896
            ],
            [
              77.1119489,
              26.2095246
            ],
            [
              77.1124661,
              26.2120332
            ],
            [
              77.1128181,
              26.2135536
            ],
            [
              77.1129124,
              26.2139801
            ],
            [
              77.1134483,
              26.2151611
            ],
            [
              77.1139213,
              26.2164536
            ],
            [
              77.1144468,
              26.2176524
            ],
            [
              77.1145841,
              26.2178636
            ],
            [
              77.1153963,
              26.2191129
            ],
            [
              77.1158636,
              26.2198407
            ],
            [
              77.1164256,
              26.220584
            ],
            [
              77.1169192,
              26.2210685
            ],
            [
              77.1175657,
              26.2216419
            ],
            [
              77.1176756,
              26.2217281
            ],
            [
              77.1181745,
              26.2221197
            ],
            [
              77.1193813,
              26.2231156
            ],
            [
              77.1207014,
              26.2241817
            ],
            [
              77.1216427,
              26.2249825
            ],
            [
              77.1224285,
              26.2255949
            ],
            [
              77.1233717,
              26.2260692
            ],
            [
              77.1239621,
              26.2263325
            ],
            [
              77.1241454,
              26.2264207
            ],
            [
              77.1265572,
              26.2278931
            ],
            [
              77.1288143,
              26.2293442
            ],
            [
              77.1301385,
              26.2302566
            ],
            [
              77.1319494,
              26.2313327
            ],
            [
              77.1336429,
              26.2322979
            ],
            [
              77.1347183,
              26.2329477
            ],
            [
              77.1360428,
              26.2334536
            ],
            [
              77.1375052,
              26.233854
            ],
            [
              77.1386813,
              26.2340903
            ],
            [
              77.1394594,
              26.2342146
            ],
            [
              77.1407631,
              26.2343542
            ],
            [
              77.1417243,
              26.2343739
            ],
            [
              77.1424783,
              26.2342628
            ],
            [
              77.1431106,
              26.2340137
            ],
            [
              77.1447031,
              26.2334229
            ],
            [
              77.1470391,
              26.2327388
            ],
            [
              77.1485647,
              26.2324176
            ],
            [
              77.1505149,
              26.2321367
            ],
            [
              77.1525445,
              26.2318889
            ],
            [
              77.1539141,
              26.2317949
            ],
            [
              77.156155,
              26.2317094
            ],
            [
              77.1593663,
              26.2318695
            ],
            [
              77.1617166,
              26.2320121
            ],
            [
              77.1642729,
              26.2321317
            ],
            [
              77.1661928,
              26.232261
            ],
            [
              77.1680038,
              26.2325415
            ],
            [
              77.1689753,
              26.2327509
            ],
            [
              77.169732,
              26.2331321
            ],
            [
              77.1701288,
              26.2334924
            ],
            [
              77.1704471,
              26.2341049
            ],
            [
              77.1704681,
              26.2341452
            ],
            [
              77.1706514,
              26.2346277
            ],
            [
              77.1706446,
              26.2357071
            ],
            [
              77.1707176,
              26.2365984
            ],
            [
              77.1707845,
              26.2367242
            ],
            [
              77.1708899,
              26.2369226
            ],
            [
              77.1710516,
              26.2374679
            ],
            [
              77.1714502,
              26.2379547
            ],
            [
              77.171859,
              26.238234
            ],
            [
              77.1725274,
              26.2385456
            ],
            [
              77.1735528,
              26.2388012
            ],
            [
              77.1751927,
              26.2389201
            ],
            [
              77.1763553,
              26.2388939
            ],
            [
              77.1774985,
              26.2386415
            ],
            [
              77.1783691,
              26.2384241
            ],
            [
              77.1784359,
              26.2384074
            ],
            [
              77.180046,
              26.2379069
            ],
            [
              77.1828418,
              26.2366534
            ],
            [
              77.1836785,
              26.2362366
            ],
            [
              77.1836805,
              26.2362368
            ],
            [
              77.1842671,
              26.2359446
            ],
            [
              77.1881728,
              26.2339749
            ],
            [
              77.1881719,
              26.2339737
            ],
            [
              77.1899573,
              26.2330656
            ],
            [
              77.1934939,
              26.2314112
            ],
            [
              77.1960911,
              26.2306818
            ],
            [
              77.1986573,
              26.2299925
            ],
            [
              77.1999288,
              26.2298102
            ],
            [
              77.2027936,
              26.2298043
            ],
            [
              77.2038889,
              26.2298668
            ],
            [
              77.2048739,
              26.2302624
            ],
            [
              77.2051436,
              26.2303707
            ],
            [
              77.2056785,
              26.2308195
            ],
            [
              77.2060646,
              26.2312066
            ],
            [
              77.2062845,
              26.2314278
            ],
            [
              77.2064855,
              26.2316035
            ],
            [
              77.2067115,
              26.2317841
            ],
            [
              77.2068937,
              26.2319097
            ],
            [
              77.2071362,
              26.2320275
            ],
            [
              77.2073446,
              26.2321084
            ],
            [
              77.2075633,
              26.232176
            ],
            [
              77.2078578,
              26.2322135
            ],
            [
              77.208168,
              26.2322288
            ],
            [
              77.2087776,
              26.2322861
            ],
            [
              77.2090986,
              26.2323692
            ],
            [
              77.2092504,
              26.2324084
            ],
            [
              77.2095844,
              26.2324693
            ],
            [
              77.2099234,
              26.2325348
            ],
            [
              77.2101883,
              26.2325536
            ],
            [
              77.2105716,
              26.2326516
            ],
            [
              77.2107755,
              26.2327099
            ],
            [
              77.211066,
              26.2329144
            ],
            [
              77.2114666,
              26.2331211
            ],
            [
              77.2121828,
              26.2335284
            ],
            [
              77.2123615,
              26.2335952
            ],
            [
              77.2125848,
              26.2336764
            ],
            [
              77.2127231,
              26.2337285
            ],
            [
              77.2128379,
              26.2337718
            ],
            [
              77.2129411,
              26.2338551
            ],
            [
              77.2131069,
              26.2340346
            ],
            [
              77.2133032,
              26.2342011
            ],
            [
              77.2134911,
              26.234503
            ],
            [
              77.2136364,
              26.2347046
            ],
            [
              77.2137037,
              26.2348239
            ],
            [
              77.2137756,
              26.2349513
            ],
            [
              77.2139146,
              26.235207
            ],
            [
              77.2140627,
              26.235499
            ],
            [
              77.2143104,
              26.2360189
            ],
            [
              77.214596,
              26.2366298
            ],
            [
              77.2148063,
              26.2374515
            ],
            [
              77.2150678,
              26.2380214
            ],
            [
              77.2152809,
              26.2383644
            ],
            [
              77.2154485,
              26.2386342
            ],
            [
              77.2156946,
              26.239014
            ],
            [
              77.2159187,
              26.2392714
            ],
            [
              77.2161733,
              26.2395113
            ],
            [
              77.216389,
              26.2397008
            ],
            [
              77.2167965,
              26.2400386
            ],
            [
              77.217019,
              26.240156
            ],
            [
              77.2172467,
              26.2402644
            ],
            [
              77.2175142,
              26.2403872
            ],
            [
              77.2176761,
              26.2405259
            ],
            [
              77.2178649,
              26.2405884
            ],
            [
              77.2179945,
              26.2406135
            ],
            [
              77.219345,
              26.2410966
            ],
            [
              77.2204603,
              26.2413672
            ],
            [
              77.2224284,
              26.2422012
            ],
            [
              77.2234628,
              26.2427141
            ],
            [
              77.2241756,
              26.2430579
            ],
            [
              77.22543,
              26.2435797
            ],
            [
              77.2269972,
              26.2442205
            ],
            [
              77.2279658,
              26.2445514
            ],
            [
              77.2288623,
              26.2449666
            ],
            [
              77.2294473,
              26.2452131
            ],
            [
              77.2296988,
              26.2453761
            ],
            [
              77.2308912,
              26.2459824
            ],
            [
              77.2322786,
              26.2468094
            ],
            [
              77.2331068,
              26.2473746
            ],
            [
              77.2333438,
              26.2475364
            ],
            [
              77.2342346,
              26.2481444
            ],
            [
              77.2342368,
              26.2481412
            ],
            [
              77.2346949,
              26.2484522
            ],
            [
              77.2369794,
              26.25
            ],
            [
              77.2369919,
              26.2500081
            ],
            [
              77.237632,
              26.2504213
            ],
            [
              77.2394369,
              26.2515863
            ],
            [
              77.2397045,
              26.251675
            ],
            [
              77.2400866,
              26.2518018
            ],
            [
              77.2413068,
              26.2525363
            ],
            [
              77.242245,
              26.2532445
            ],
            [
              77.2427947,
              26.2536593
            ],
            [
              77.2437509,
              26.2541747
            ],
            [
              77.2438769,
              26.2542426
            ],
            [
              77.2440989,
              26.2543896
            ],
            [
              77.2448553,
              26.2548907
            ],
            [
              77.2457935,
              26.2555348
            ],
            [
              77.2471847,
              26.2563073
            ],
            [
              77.2473249,
              26.2563833
            ],
            [
              77.2474679,
              26.2564608
            ],
            [
              77.2477916,
              26.2566407
            ],
            [
              77.2479285,
              26.2567569
            ],
            [
              77.2500001,
              26.2585154
            ],
            [
              77.2500029,
              26.2585186
            ],
            [
              77.2504096,
              26.2588699
            ],
            [
              77.2512126,
              26.2594322
            ],
            [
              77.2517702,
              26.2597819
            ],
            [
              77.2526428,
              26.2601604
            ],
            [
              77.2535477,
              26.2604401
            ],
            [
              77.2546018,
              26.260768
            ],
            [
              77.2565086,
              26.2616726
            ],
            [
              77.2586285,
              26.2626762
            ],
            [
              77.259676,
              26.2632794
            ],
            [
              77.2606481,
              26.2636869
            ],
            [
              77.2614042,
              26.2639094
            ],
            [
              77.26318,
              26.2644365
            ],
            [
              77.2642449,
              26.2647329
            ],
            [
              77.2653812,
              26.2649764
            ],
            [
              77.2669806,
              26.2657574
            ],
            [
              77.2674343,
              26.265946
            ],
            [
              77.268002,
              26.266182
            ],
            [
              77.2682008,
              26.2662646
            ],
            [
              77.269199,
              26.2666273
            ],
            [
              77.2697555,
              26.2668188
            ],
            [
              77.2710547,
              26.2675805
            ],
            [
              77.2721428,
              26.2685863
            ],
            [
              77.2729375,
              26.2694961
            ],
            [
              77.2736864,
              26.2704412
            ],
            [
              77.2748873,
              26.2717609
            ],
            [
              77.2753886,
              26.2723089
            ],
            [
              77.276225,
              26.2732232
            ],
            [
              77.2779205,
              26.2750178
            ],
            [
              77.27898,
              26.2759644
            ],
            [
              77.2813064,
              26.2775723
            ],
            [
              77.2833816,
              26.278787
            ],
            [
              77.2852471,
              26.2799795
            ],
            [
              77.2855495,
              26.2801741
            ],
            [
              77.2864412,
              26.2807479
            ],
            [
              77.2876502,
              26.2817334
            ],
            [
              77.2882118,
              26.2821863
            ],
            [
              77.2889529,
              26.282784
            ],
            [
              77.2892141,
              26.28302
            ],
            [
              77.2906696,
              26.2843349
            ],
            [
              77.2930508,
              26.2863659
            ],
            [
              77.2935523,
              26.2867936
            ],
            [
              77.2948577,
              26.2879435
            ],
            [
              77.2955069,
              26.2885023
            ],
            [
              77.2971969,
              26.2899569
            ],
            [
              77.298182,
              26.2908048
            ],
            [
              77.2984275,
              26.2910161
            ],
            [
              77.3002945,
              26.2929988
            ],
            [
              77.3017833,
              26.2944549
            ],
            [
              77.3034382,
              26.296298
            ],
            [
              77.3067676,
              26.2998084
            ],
            [
              77.3081201,
              26.3013114
            ],
            [
              77.3098948,
              26.3031838
            ],
            [
              77.3099985,
              26.3032984
            ],
            [
              77.3113014,
              26.3047376
            ],
            [
              77.3123328,
              26.3060491
            ],
            [
              77.3129957,
              26.3070465
            ],
            [
              77.313464,
              26.3078008
            ],
            [
              77.3139877,
              26.3085426
            ],
            [
              77.3146513,
              26.3093095
            ],
            [
              77.3155045,
              26.3103151
            ],
            [
              77.3162544,
              26.3110296
            ],
            [
              77.3165997,
              26.3114743
            ],
            [
              77.3168395,
              26.3119306
            ],
            [
              77.3170833,
              26.3128612
            ],
            [
              77.3171378,
              26.313734
            ],
            [
              77.31731,
              26.3151465
            ],
            [
              77.3174179,
              26.3158803
            ],
            [
              77.3175832,
              26.3167372
            ],
            [
              77.3176419,
              26.3171955
            ],
            [
              77.3176491,
              26.3172514
            ],
            [
              77.3176552,
              26.3172986
            ],
            [
              77.3176407,
              26.3173658
            ],
            [
              77.3176317,
              26.3174081
            ],
            [
              77.3176213,
              26.317456
            ],
            [
              77.317594,
              26.3174629
            ],
            [
              77.3172381,
              26.3175526
            ],
            [
              77.3163145,
              26.3176162
            ],
            [
              77.3155977,
              26.317616
            ],
            [
              77.315074,
              26.3177234
            ],
            [
              77.3147748,
              26.3179093
            ],
            [
              77.3147637,
              26.3179162
            ],
            [
              77.3145516,
              26.3181967
            ],
            [
              77.3146444,
              26.3187223
            ],
            [
              77.315077,
              26.3195076
            ],
            [
              77.3157926,
              26.3201897
            ],
            [
              77.3161729,
              26.3206397
            ],
            [
              77.316541,
              26.3213966
            ],
            [
              77.3169054,
              26.3220946
            ],
            [
              77.3173574,
              26.3231195
            ],
            [
              77.3177022,
              26.3242237
            ],
            [
              77.3178477,
              26.3250666
            ],
            [
              77.3180512,
              26.3257932
            ],
            [
              77.3183662,
              26.3264632
            ],
            [
              77.3190972,
              26.3277735
            ],
            [
              77.3193072,
              26.3282159
            ],
            [
              77.3195126,
              26.3286487
            ],
            [
              77.3196038,
              26.3288198
            ],
            [
              77.3200741,
              26.3297028
            ],
            [
              77.3201319,
              26.3298951
            ],
            [
              77.3202446,
              26.3302703
            ],
            [
              77.3203484,
              26.3306159
            ],
            [
              77.3205538,
              26.3318936
            ],
            [
              77.3209248,
              26.3331324
            ],
            [
              77.3209442,
              26.3331973
            ],
            [
              77.3213914,
              26.3340009
            ],
            [
              77.3226703,
              26.3357219
            ],
            [
              77.3227227,
              26.3357924
            ],
            [
              77.3232818,
              26.3363275
            ],
            [
              77.3233052,
              26.3363499
            ],
            [
              77.3235364,
              26.3365712
            ],
            [
              77.3248107,
              26.3375939
            ],
            [
              77.3250485,
              26.3377881
            ],
            [
              77.3254152,
              26.3380876
            ],
            [
              77.3257845,
              26.3383893
            ],
            [
              77.3265227,
              26.3391894
            ],
            [
              77.3270303,
              26.339823
            ],
            [
              77.3271217,
              26.339937
            ],
            [
              77.3278355,
              26.3411295
            ],
            [
              77.328398,
              26.3419299
            ],
            [
              77.3284661,
              26.3420268
            ],
            [
              77.3289701,
              26.3425513
            ],
            [
              77.329652,
              26.3431877
            ],
            [
              77.3298118,
              26.343304
            ],
            [
              77.3305775,
              26.3438615
            ],
            [
              77.3305885,
              26.3438694
            ],
            [
              77.3311176,
              26.3435363
            ],
            [
              77.3320159,
              26.3428578
            ],
            [
              77.3331061,
              26.3421153
            ],
            [
              77.3341716,
              26.3415664
            ],
            [
              77.3342339,
              26.3415421
            ],
            [
              77.3347956,
              26.3413223
            ],
            [
              77.334799,
              26.3413209
            ],
            [
              77.3352548,
              26.3413387
            ],
            [
              77.3355879,
              26.3416702
            ],
            [
              77.3358375,
              26.3419279
            ],
            [
              77.3369748,
              26.3434536
            ],
            [
              77.3377527,
              26.3447543
            ],
            [
              77.3377563,
              26.3447603
            ],
            [
              77.3385406,
              26.3461618
            ],
            [
              77.3393581,
              26.3476498
            ],
            [
              77.3401653,
              26.3489298
            ],
            [
              77.3413929,
              26.3508863
            ],
            [
              77.3421233,
              26.3518126
            ],
            [
              77.3425095,
              26.3520186
            ],
            [
              77.3437315,
              26.3522858
            ],
            [
              77.3468983,
              26.3530052
            ],
            [
              77.3490605,
              26.3535882
            ],
            [
              77.3518325,
              26.3540381
            ],
            [
              77.3532331,
              26.3541775
            ],
            [
              77.3536633,
              26.3542362
            ],
            [
              77.3540777,
              26.3542928
            ],
            [
              77.3548298,
              26.3545013
            ],
            [
              77.3559857,
              26.355029
            ],
            [
              77.3582765,
              26.3567705
            ],
            [
              77.3598071,
              26.3582176
            ],
            [
              77.3610802,
              26.3595334
            ],
            [
              77.3620372,
              26.3604187
            ],
            [
              77.3630337,
              26.3611239
            ],
            [
              77.3643943,
              26.3619084
            ],
            [
              77.3668503,
              26.3634541
            ],
            [
              77.3683685,
              26.3641512
            ],
            [
              77.3697807,
              26.3646565
            ],
            [
              77.370972,
              26.3649634
            ],
            [
              77.3729315,
              26.3654383
            ],
            [
              77.3745194,
              26.365721
            ],
            [
              77.3751823,
              26.3656747
            ],
            [
              77.3733616,
              26.3690903
            ],
            [
              77.3729324,
              26.3693114
            ],
            [
              77.3727071,
              26.3696958
            ],
            [
              77.3725355,
              26.3700227
            ],
            [
              77.3722029,
              26.3706667
            ],
            [
              77.3720848,
              26.3709935
            ],
            [
              77.3719025,
              26.3713396
            ],
            [
              77.3714518,
              26.3717241
            ],
            [
              77.3713446,
              26.3720509
            ],
            [
              77.3715162,
              26.3724738
            ],
            [
              77.3716771,
              26.3728487
            ],
            [
              77.3718917,
              26.3733966
            ],
            [
              77.3717844,
              26.3737042
            ],
            [
              77.3715591,
              26.3740887
            ],
            [
              77.3714733,
              26.3746077
            ],
            [
              77.3712695,
              26.374848
            ],
            [
              77.371012,
              26.3747615
            ],
            [
              77.3708618,
              26.3744059
            ],
            [
              77.3706365,
              26.3740791
            ],
            [
              77.3701322,
              26.3741079
            ],
            [
              77.3698211,
              26.374973
            ],
            [
              77.3695421,
              26.3753863
            ],
            [
              77.3695528,
              26.3758765
            ],
            [
              77.3695636,
              26.3761745
            ],
            [
              77.369585,
              26.3764532
            ],
            [
              77.3698103,
              26.3767127
            ],
            [
              77.3700678,
              26.3770299
            ],
            [
              77.3700249,
              26.3773471
            ],
            [
              77.3698103,
              26.3774625
            ],
            [
              77.3693812,
              26.3774721
            ],
            [
              77.3688877,
              26.3775682
            ],
            [
              77.3685336,
              26.3776163
            ],
            [
              77.3677933,
              26.3776739
            ],
            [
              77.3676216,
              26.3784236
            ],
            [
              77.3672891,
              26.3786447
            ],
            [
              77.3669135,
              26.3789042
            ],
            [
              77.366184,
              26.3792214
            ],
            [
              77.3657226,
              26.3794809
            ],
            [
              77.3652077,
              26.379702
            ],
            [
              77.3650575,
              26.3796828
            ],
            [
              77.3648858,
              26.3795001
            ],
            [
              77.3650575,
              26.3792695
            ],
            [
              77.3653793,
              26.3790965
            ],
            [
              77.3653257,
              26.3789138
            ],
            [
              77.3649073,
              26.3788562
            ],
            [
              77.3647141,
              26.3788946
            ],
            [
              77.364403,
              26.3787312
            ],
            [
              77.3639417,
              26.378366
            ],
            [
              77.3618817,
              26.3780488
            ],
            [
              77.3613775,
              26.3779911
            ],
            [
              77.3609161,
              26.3779431
            ],
            [
              77.3604977,
              26.37777
            ],
            [
              77.3601866,
              26.3775297
            ],
            [
              77.3597574,
              26.3775394
            ],
            [
              77.3594355,
              26.3778373
            ],
            [
              77.3592961,
              26.3782026
            ],
            [
              77.3591888,
              26.3783371
            ],
            [
              77.3588991,
              26.3783083
            ],
            [
              77.3587167,
              26.3776835
            ],
            [
              77.358427,
              26.3775297
            ],
            [
              77.357676,
              26.3774817
            ],
            [
              77.3572898,
              26.3777893
            ],
            [
              77.3571718,
              26.3781353
            ],
            [
              77.3570752,
              26.3784333
            ],
            [
              77.3567855,
              26.3786735
            ],
            [
              77.3566997,
              26.3790868
            ],
            [
              77.3567533,
              26.3798846
            ],
            [
              77.3566568,
              26.38272
            ],
            [
              77.3565066,
              26.3879581
            ],
            [
              77.3564207,
              26.3911969
            ],
            [
              77.3560989,
              26.3942243
            ],
            [
              77.3554659,
              26.3962328
            ],
            [
              77.355144,
              26.3970689
            ],
            [
              77.3519361,
              26.3961848
            ],
            [
              77.3493612,
              26.3952622
            ],
            [
              77.3467648,
              26.3941282
            ],
            [
              77.3461103,
              26.3940224
            ],
            [
              77.3457241,
              26.3941474
            ],
            [
              77.3452091,
              26.394551
            ],
            [
              77.3443186,
              26.3950219
            ],
            [
              77.3436105,
              26.3954832
            ],
            [
              77.3427415,
              26.3958196
            ],
            [
              77.3416364,
              26.3962328
            ],
            [
              77.3403919,
              26.3964923
            ],
            [
              77.3390508,
              26.3961655
            ],
            [
              77.3393941,
              26.3968094
            ],
            [
              77.3404562,
              26.3982894
            ],
            [
              77.3406172,
              26.3985585
            ],
            [
              77.3411214,
              26.3993177
            ],
            [
              77.3414433,
              26.4
            ],
            [
              77.3414433,
              26.4007688
            ],
            [
              77.341454,
              26.401528
            ],
            [
              77.3416364,
              26.4022487
            ],
            [
              77.3422372,
              26.4025754
            ],
            [
              77.342366,
              26.4030271
            ],
            [
              77.342484,
              26.4036037
            ],
            [
              77.3426235,
              26.4042475
            ],
            [
              77.3433316,
              26.4047472
            ],
            [
              77.3437393,
              26.4051604
            ],
            [
              77.344265,
              26.405737
            ],
            [
              77.3446405,
              26.4061021
            ],
            [
              77.3449623,
              26.4065922
            ],
            [
              77.3452306,
              26.4072841
            ],
            [
              77.345649,
              26.4085333
            ],
            [
              77.3458743,
              26.4094654
            ],
            [
              77.345885,
              26.410705
            ],
            [
              77.3460567,
              26.4117331
            ],
            [
              77.3467111,
              26.412915
            ],
            [
              77.3460889,
              26.4149137
            ],
            [
              77.3452949,
              26.4184208
            ],
            [
              77.3444581,
              26.4210054
            ],
            [
              77.3439324,
              26.4228502
            ],
            [
              77.343986,
              26.4239167
            ],
            [
              77.3431062,
              26.4241569
            ],
            [
              77.3419046,
              26.424618
            ],
            [
              77.3407888,
              26.4249447
            ],
            [
              77.3400593,
              26.4251753
            ],
            [
              77.3392868,
              26.4250984
            ],
            [
              77.3382997,
              26.4250408
            ],
            [
              77.3376131,
              26.4251177
            ],
            [
              77.3364973,
              26.4253482
            ],
            [
              77.3357892,
              26.4255788
            ],
            [
              77.3348021,
              26.4255404
            ],
            [
              77.3336863,
              26.4255404
            ],
            [
              77.332313,
              26.4256365
            ],
            [
              77.3305964,
              26.4256365
            ],
            [
              77.3291588,
              26.4258671
            ],
            [
              77.3294377,
              26.42702
            ],
            [
              77.3303604,
              26.4291144
            ],
            [
              77.331841,
              26.4320351
            ],
            [
              77.3278069,
              26.4331111
            ],
            [
              77.3231721,
              26.4342063
            ],
            [
              77.3188162,
              26.435436
            ],
            [
              77.3166489,
              26.4358203
            ],
            [
              77.3163271,
              26.4369347
            ],
            [
              77.3159623,
              26.4381836
            ],
            [
              77.314868,
              26.4390674
            ],
            [
              77.3125934,
              26.4384718
            ],
            [
              77.3111772,
              26.4383373
            ],
            [
              77.3101043,
              26.4382604
            ],
            [
              77.3089456,
              26.4383757
            ],
            [
              77.3071003,
              26.4389137
            ],
            [
              77.306242,
              26.4390482
            ],
            [
              77.303667,
              26.4378954
            ],
            [
              77.2995472,
              26.43705
            ],
            [
              77.2974229,
              26.4366849
            ],
            [
              77.2970366,
              26.4365696
            ],
            [
              77.2960281,
              26.43534
            ],
            [
              77.295084,
              26.4349557
            ],
            [
              77.2931957,
              26.4350902
            ],
            [
              77.2923374,
              26.4358395
            ],
            [
              77.2903418,
              26.4379915
            ],
            [
              77.2890973,
              26.4385294
            ],
            [
              77.2879171,
              26.4375495
            ],
            [
              77.2868657,
              26.4369155
            ],
            [
              77.2859216,
              26.4367426
            ],
            [
              77.2850847,
              26.4367618
            ],
            [
              77.2839474,
              26.4369347
            ],
            [
              77.2825098,
              26.4370308
            ],
            [
              77.2814154,
              26.4369155
            ],
            [
              77.2801924,
              26.4357434
            ],
            [
              77.2784328,
              26.4337644
            ],
            [
              77.2764802,
              26.432208
            ],
            [
              77.2755575,
              26.431401
            ],
            [
              77.2743988,
              26.4311128
            ],
            [
              77.2729182,
              26.4312473
            ],
            [
              77.2703218,
              26.432208
            ],
            [
              77.2677469,
              26.4315739
            ],
            [
              77.2643995,
              26.4309014
            ],
            [
              77.2634983,
              26.4301136
            ],
            [
              77.2624254,
              26.428538
            ],
            [
              77.2614813,
              26.4279423
            ],
            [
              77.2592497,
              26.4287109
            ],
            [
              77.2553015,
              26.4315547
            ],
            [
              77.2548508,
              26.4326692
            ],
            [
              77.2549152,
              26.4359932
            ],
            [
              77.2539067,
              26.4368578
            ],
            [
              77.2523618,
              26.4383757
            ],
            [
              77.2522759,
              26.4404508
            ],
            [
              77.2516966,
              26.441642
            ],
            [
              77.2498727,
              26.4431214
            ],
            [
              77.2498297,
              26.4464451
            ],
            [
              77.2502804,
              26.4501146
            ],
            [
              77.2507524,
              26.4534381
            ],
            [
              77.2510099,
              26.458356
            ],
            [
              77.249465,
              26.4586634
            ],
            [
              77.2487998,
              26.4589515
            ],
            [
              77.2482204,
              26.4592589
            ],
            [
              77.2478771,
              26.4599312
            ],
            [
              77.2482633,
              26.4606228
            ],
            [
              77.2488642,
              26.4613336
            ],
            [
              77.2494435,
              26.4619099
            ],
            [
              77.2494006,
              26.4629472
            ],
            [
              77.2489071,
              26.4634658
            ],
            [
              77.2484779,
              26.4638884
            ],
            [
              77.2479415,
              26.4644071
            ],
            [
              77.2478556,
              26.4648873
            ],
            [
              77.2483277,
              26.4654828
            ],
            [
              77.2488427,
              26.4659054
            ],
            [
              77.2495079,
              26.466328
            ],
            [
              77.2501516,
              26.466885
            ],
            [
              77.2506451,
              26.4673844
            ],
            [
              77.2507739,
              26.4680183
            ],
            [
              77.2503233,
              26.4687483
            ],
            [
              77.2492504,
              26.4693245
            ],
            [
              77.2482633,
              26.4697087
            ],
            [
              77.2472119,
              26.4698239
            ],
            [
              77.246418,
              26.4699008
            ],
            [
              77.2455168,
              26.4699584
            ],
            [
              77.2447228,
              26.4704386
            ],
            [
              77.244358,
              26.4712645
            ],
            [
              77.2442508,
              26.4720713
            ],
            [
              77.2442293,
              26.4729164
            ],
            [
              77.2440576,
              26.4737808
            ],
            [
              77.2433924,
              26.4742225
            ],
            [
              77.2430706,
              26.4742609
            ],
            [
              77.2421694,
              26.4738
            ],
            [
              77.2416973,
              26.4733198
            ],
            [
              77.2411179,
              26.4726283
            ],
            [
              77.2406244,
              26.4709572
            ],
            [
              77.2399163,
              26.4702465
            ],
            [
              77.2386074,
              26.4697279
            ],
            [
              77.2381139,
              26.470477
            ],
            [
              77.2384786,
              26.4714374
            ],
            [
              77.2387576,
              26.4724362
            ],
            [
              77.2393369,
              26.4735695
            ],
            [
              77.2403884,
              26.4753942
            ],
            [
              77.2407317,
              26.4768539
            ],
            [
              77.2411394,
              26.4778719
            ],
            [
              77.2416758,
              26.4787938
            ],
            [
              77.2425127,
              26.479927
            ],
            [
              77.2424912,
              26.480945
            ],
            [
              77.2419977,
              26.4821358
            ],
            [
              77.2404313,
              26.4839603
            ],
            [
              77.2391009,
              26.4857657
            ],
            [
              77.2385645,
              26.4869564
            ],
            [
              77.238307,
              26.4884928
            ],
            [
              77.2383928,
              26.4891842
            ],
            [
              77.2387147,
              26.4901829
            ],
            [
              77.238822,
              26.4909126
            ],
            [
              77.2390795,
              26.4917384
            ],
            [
              77.2391438,
              26.4927755
            ],
            [
              77.2388005,
              26.4934861
            ],
            [
              77.2380709,
              26.493947
            ],
            [
              77.2369551,
              26.4944079
            ],
            [
              77.2359895,
              26.4946767
            ],
            [
              77.2351098,
              26.4949264
            ],
            [
              77.2347665,
              26.4953296
            ],
            [
              77.2352385,
              26.496309
            ],
            [
              77.2366547,
              26.4970964
            ],
            [
              77.2388649,
              26.4981814
            ],
            [
              77.2389507,
              26.49942
            ],
            [
              77.2389078,
              26.5011099
            ],
            [
              77.2384679,
              26.5026365
            ],
            [
              77.237674,
              26.5041823
            ],
            [
              77.2373414,
              26.5045856
            ],
            [
              77.2366762,
              26.5049696
            ],
            [
              77.2363007,
              26.5049984
            ],
            [
              77.2357964,
              26.5051521
            ],
            [
              77.2355068,
              26.5054977
            ],
            [
              77.2355068,
              26.5059009
            ],
            [
              77.2356141,
              26.5063522
            ],
            [
              77.2359037,
              26.5067266
            ],
            [
              77.2362363,
              26.5070531
            ],
            [
              77.2365689,
              26.5073987
            ],
            [
              77.2367191,
              26.50785
            ],
            [
              77.2365796,
              26.5083204
            ],
            [
              77.2364402,
              26.5088965
            ],
            [
              77.2359466,
              26.5097605
            ],
            [
              77.2355819,
              26.510087
            ],
            [
              77.2341013,
              26.5102022
            ],
            [
              77.2336721,
              26.510279
            ],
            [
              77.233597,
              26.5107014
            ],
            [
              77.2337258,
              26.5113446
            ],
            [
              77.2337794,
              26.5118439
            ],
            [
              77.2338331,
              26.5122471
            ],
            [
              77.2336936,
              26.5124775
            ],
            [
              77.2333717,
              26.5127751
            ],
            [
              77.2324383,
              26.5132168
            ],
            [
              77.2317517,
              26.5133608
            ],
            [
              77.2309041,
              26.5136296
            ],
            [
              77.230711,
              26.5139752
            ],
            [
              77.2303998,
              26.5146472
            ],
            [
              77.2303033,
              26.5152616
            ],
            [
              77.2299492,
              26.5164041
            ],
            [
              77.2298527,
              26.5167401
            ],
            [
              77.230078,
              26.5173929
            ],
            [
              77.2306681,
              26.5185449
            ],
            [
              77.2310543,
              26.5192553
            ],
            [
              77.2308397,
              26.5199657
            ],
            [
              77.2293591,
              26.5206185
            ],
            [
              77.2292525,
              26.5213771
            ],
            [
              77.229166,
              26.5225385
            ],
            [
              77.2289514,
              26.5235944
            ],
            [
              77.2287798,
              26.5244584
            ],
            [
              77.2278142,
              26.5254568
            ],
            [
              77.2271704,
              26.5265703
            ],
            [
              77.2272992,
              26.5294885
            ],
            [
              77.2281146,
              26.5308323
            ],
            [
              77.2296595,
              26.5320802
            ],
            [
              77.231462,
              26.5338272
            ],
            [
              77.2354102,
              26.5370907
            ],
            [
              77.2381568,
              26.5404118
            ],
            [
              77.2401738,
              26.5444046
            ],
            [
              77.2415042,
              26.5475334
            ],
            [
              77.2441649,
              26.5474375
            ],
            [
              77.247684,
              26.5478022
            ],
            [
              77.2504091,
              26.5487043
            ],
            [
              77.2522545,
              26.5511613
            ],
            [
              77.2554731,
              26.5515452
            ],
            [
              77.2552371,
              26.5546163
            ],
            [
              77.2557521,
              26.5547122
            ],
            [
              77.2595072,
              26.5539445
            ],
            [
              77.2643995,
              26.552025
            ],
            [
              77.2669315,
              26.5509117
            ],
            [
              77.2673178,
              26.5511997
            ],
            [
              77.2678327,
              26.5518331
            ],
            [
              77.2685623,
              26.5526776
            ],
            [
              77.2690344,
              26.5530999
            ],
            [
              77.2700858,
              26.5536182
            ],
            [
              77.2711587,
              26.5538869
            ],
            [
              77.2740125,
              26.554098
            ],
            [
              77.277596,
              26.5544627
            ],
            [
              77.2799563,
              26.5556527
            ],
            [
              77.2809434,
              26.5563629
            ],
            [
              77.2822952,
              26.5569579
            ],
            [
              77.2837972,
              26.5564397
            ],
            [
              77.2859001,
              26.555384
            ],
            [
              77.2873378,
              26.5547314
            ],
            [
              77.2891402,
              26.5547314
            ],
            [
              77.2890758,
              26.5588005
            ],
            [
              77.288754,
              26.5608734
            ],
            [
              77.2912431,
              26.5632533
            ],
            [
              77.2935605,
              26.5657291
            ],
            [
              77.2963714,
              26.567821
            ],
            [
              77.299869,
              26.5701048
            ],
            [
              77.3034954,
              26.5721583
            ],
            [
              77.3102975,
              26.5758237
            ],
            [
              77.3121214,
              26.5768792
            ],
            [
              77.3127007,
              26.5776468
            ],
            [
              77.3134303,
              26.5785104
            ],
            [
              77.3145032,
              26.5795083
            ],
            [
              77.3156404,
              26.5802951
            ],
            [
              77.317121,
              26.5806405
            ],
            [
              77.3194384,
              26.5813889
            ],
            [
              77.325983,
              26.583634
            ],
            [
              77.3279142,
              26.5843056
            ],
            [
              77.3296523,
              26.5850924
            ],
            [
              77.3308539,
              26.5857832
            ],
            [
              77.3317122,
              26.5863972
            ],
            [
              77.3329568,
              26.5868194
            ],
            [
              77.3335576,
              26.5866659
            ],
            [
              77.3341155,
              26.5864164
            ],
            [
              77.334888,
              26.5863397
            ],
            [
              77.3356604,
              26.5864932
            ],
            [
              77.337656,
              26.5875486
            ],
            [
              77.3396086,
              26.5889493
            ],
            [
              77.3426556,
              26.5906954
            ],
            [
              77.3440289,
              26.5914821
            ],
            [
              77.3452306,
              26.5921153
            ],
            [
              77.3470759,
              26.5924991
            ],
            [
              77.3493504,
              26.5924607
            ],
            [
              77.3532557,
              26.5924991
            ],
            [
              77.355144,
              26.5921345
            ],
            [
              77.3590922,
              26.5957226
            ],
            [
              77.3611307,
              26.5976413
            ],
            [
              77.3637485,
              26.6006344
            ],
            [
              77.3656368,
              26.6027257
            ],
            [
              77.368834,
              26.6059873
            ],
            [
              77.3690915,
              26.6069657
            ],
            [
              77.3693061,
              26.6081168
            ],
            [
              77.3693704,
              26.6090953
            ],
            [
              77.3694134,
              26.6101121
            ],
            [
              77.3693061,
              26.610726
            ],
            [
              77.369349,
              26.6113591
            ],
            [
              77.3700356,
              26.612184
            ],
            [
              77.3711085,
              26.6129514
            ],
            [
              77.3721814,
              26.61322
            ],
            [
              77.3732114,
              26.6135461
            ],
            [
              77.3734474,
              26.6138339
            ],
            [
              77.3732114,
              26.6142175
            ],
            [
              77.3726535,
              26.6146204
            ],
            [
              77.3725033,
              26.6151384
            ],
            [
              77.372632,
              26.6154645
            ],
            [
              77.3732114,
              26.6158482
            ],
            [
              77.3741126,
              26.6159825
            ],
            [
              77.3749923,
              26.6159825
            ],
            [
              77.3755717,
              26.6161359
            ],
            [
              77.3761511,
              26.6165772
            ],
            [
              77.3763442,
              26.6173637
            ],
            [
              77.3760438,
              26.6185531
            ],
            [
              77.377181,
              26.6179776
            ],
            [
              77.3782325,
              26.6176514
            ],
            [
              77.3807215,
              26.6163278
            ],
            [
              77.3822665,
              26.6159057
            ],
            [
              77.3851204,
              26.6154261
            ],
            [
              77.3879957,
              26.6155412
            ],
            [
              77.3896909,
              26.6157523
            ],
            [
              77.3907637,
              26.6178433
            ],
            [
              77.3915791,
              26.6205673
            ],
            [
              77.3933387,
              26.6265522
            ],
            [
              77.3944545,
              26.6307914
            ],
            [
              77.3950982,
              26.632767
            ],
            [
              77.3945617,
              26.6336494
            ],
            [
              77.3909569,
              26.634781
            ],
            [
              77.3878026,
              26.6352797
            ],
            [
              77.3840046,
              26.6354523
            ],
            [
              77.3794126,
              26.6348194
            ],
            [
              77.3757434,
              26.6346659
            ],
            [
              77.3722029,
              26.6354332
            ],
            [
              77.3680186,
              26.6363155
            ],
            [
              77.3643279,
              26.6369292
            ],
            [
              77.3595214,
              26.6375238
            ],
            [
              77.3598861,
              26.6346276
            ],
            [
              77.357676,
              26.6319806
            ],
            [
              77.3574614,
              26.6326328
            ],
            [
              77.3571396,
              26.6330739
            ],
            [
              77.3565388,
              26.6335151
            ],
            [
              77.3558092,
              26.6342056
            ],
            [
              77.3555732,
              26.6349345
            ],
            [
              77.3554015,
              26.6358743
            ],
            [
              77.3552727,
              26.6366032
            ],
            [
              77.3543715,
              26.6368333
            ],
            [
              77.3529982,
              26.6367758
            ],
            [
              77.35111,
              26.6362771
            ],
            [
              77.3504341,
              26.638339
            ],
            [
              77.3502087,
              26.6392117
            ],
            [
              77.3498976,
              26.6396336
            ],
            [
              77.3493183,
              26.640209
            ],
            [
              77.3483848,
              26.6406118
            ],
            [
              77.3479772,
              26.640746
            ],
            [
              77.3475158,
              26.6408995
            ],
            [
              77.3472798,
              26.6412639
            ],
            [
              77.3465288,
              26.641916
            ],
            [
              77.3469257,
              26.6423571
            ],
            [
              77.3470223,
              26.6427599
            ],
            [
              77.3469901,
              26.6435846
            ],
            [
              77.3467862,
              26.6445148
            ],
            [
              77.3484599,
              26.6464902
            ],
            [
              77.3500478,
              26.6487724
            ],
            [
              77.3504877,
              26.6501628
            ],
            [
              77.3505521,
              26.6524642
            ],
            [
              77.3506808,
              26.6532121
            ],
            [
              77.3508417,
              26.6540463
            ],
            [
              77.351228,
              26.6546888
            ],
            [
              77.3516893,
              26.6552066
            ],
            [
              77.3527408,
              26.655149
            ],
            [
              77.3535669,
              26.6546984
            ],
            [
              77.3543715,
              26.6540272
            ],
            [
              77.3555517,
              26.6538929
            ],
            [
              77.3562705,
              26.6537779
            ],
            [
              77.3574293,
              26.653634
            ],
            [
              77.3582876,
              26.6535861
            ],
            [
              77.359575,
              26.6539121
            ],
            [
              77.361635,
              26.6548806
            ],
            [
              77.3643386,
              26.6561846
            ],
            [
              77.3656368,
              26.656501
            ],
            [
              77.3664737,
              26.6567024
            ],
            [
              77.3670423,
              26.656712
            ],
            [
              77.3673105,
              26.6563284
            ],
            [
              77.367214,
              26.6557915
            ],
            [
              77.3672032,
              26.6549956
            ],
            [
              77.367965,
              26.6544299
            ],
            [
              77.3690486,
              26.6540367
            ],
            [
              77.3707008,
              26.6545449
            ],
            [
              77.3725462,
              26.6555901
            ],
            [
              77.3709368,
              26.6586201
            ],
            [
              77.3700356,
              26.6606144
            ],
            [
              77.3688769,
              26.6616116
            ],
            [
              77.3661518,
              26.6643346
            ],
            [
              77.3636627,
              26.6676711
            ],
            [
              77.3622036,
              26.6706048
            ],
            [
              77.3605943,
              26.6742096
            ],
            [
              77.358706,
              26.6782361
            ],
            [
              77.3547578,
              26.6829718
            ],
            [
              77.3495006,
              26.687784
            ],
            [
              77.3461103,
              26.6911773
            ],
            [
              77.3457775,
              26.6945644
            ],
            [
              77.3452056,
              26.6986517
            ],
            [
              77.3456345,
              26.705357
            ],
            [
              77.3462336,
              26.7126253
            ],
            [
              77.34712,
              26.7159321
            ],
            [
              77.3474067,
              26.717958
            ],
            [
              77.3477717,
              26.7192854
            ],
            [
              77.3483192,
              26.7210318
            ],
            [
              77.3489709,
              26.7233138
            ],
            [
              77.3495445,
              26.7260614
            ],
            [
              77.3490752,
              26.7287625
            ],
            [
              77.3494923,
              26.7306252
            ],
            [
              77.350483,
              26.732907
            ],
            [
              77.3502744,
              26.735375
            ],
            [
              77.3496487,
              26.7373308
            ],
            [
              77.3489188,
              26.7401246
            ],
            [
              77.3470939,
              26.7442222
            ],
            [
              77.3470417,
              26.7481799
            ],
            [
              77.3474589,
              26.7512994
            ],
            [
              77.3484495,
              26.7532549
            ],
            [
              77.3492316,
              26.7545119
            ],
            [
              77.3498573,
              26.7560949
            ],
            [
              77.3489188,
              26.7577244
            ],
            [
              77.3465725,
              26.759028
            ],
            [
              77.3439655,
              26.7603315
            ],
            [
              77.3411499,
              26.7618679
            ],
            [
              77.3383865,
              26.7649404
            ],
            [
              77.3372916,
              26.7668491
            ],
            [
              77.3409935,
              26.7694561
            ],
            [
              77.3431313,
              26.7714578
            ],
            [
              77.3451647,
              26.7729008
            ],
            [
              77.3474589,
              26.7756007
            ],
            [
              77.3498052,
              26.7814658
            ],
            [
              77.3518386,
              26.7860738
            ],
            [
              77.3503787,
              26.787284
            ],
            [
              77.3528293,
              26.7896112
            ],
            [
              77.3554884,
              26.7944982
            ],
            [
              77.3578347,
              26.7967322
            ],
            [
              77.356844,
              26.7978957
            ],
            [
              77.3548106,
              26.7999434
            ],
            [
              77.3528293,
              26.8020377
            ],
            [
              77.3510044,
              26.8050626
            ],
            [
              77.3498573,
              26.8045042
            ],
            [
              77.3477717,
              26.8034338
            ],
            [
              77.3466768,
              26.8025496
            ],
            [
              77.3444347,
              26.8027357
            ],
            [
              77.342297,
              26.8038061
            ],
            [
              77.3404721,
              26.8044111
            ],
            [
              77.3386994,
              26.8059934
            ],
            [
              77.3368745,
              26.8075291
            ],
            [
              77.3349974,
              26.8065983
            ],
            [
              77.3336418,
              26.8052022
            ],
            [
              77.3337461,
              26.8033873
            ],
            [
              77.3346846,
              26.8014792
            ],
            [
              77.331869,
              26.7999899
            ],
            [
              77.3290535,
              26.8006415
            ],
            [
              77.3227446,
              26.7974768
            ],
            [
              77.3203461,
              26.796546
            ],
            [
              77.3177391,
              26.7952428
            ],
            [
              77.3174263,
              26.7931019
            ],
            [
              77.3159664,
              26.7908213
            ],
            [
              77.3146107,
              26.7894716
            ],
            [
              77.3134637,
              26.7886338
            ],
            [
              77.3106481,
              26.7870978
            ],
            [
              77.3078847,
              26.7860738
            ],
            [
              77.3042871,
              26.7835138
            ],
            [
              77.3013672,
              26.7815123
            ],
            [
              77.2984474,
              26.7804883
            ],
            [
              77.2949019,
              26.780209
            ],
            [
              77.2927641,
              26.7806279
            ],
            [
              77.2882801,
              26.785236
            ],
            [
              77.2822319,
              26.7944516
            ],
            [
              77.2759751,
              26.8022238
            ],
            [
              77.2668506,
              26.8137647
            ],
            [
              77.2556405,
              26.8210238
            ],
            [
              77.247611,
              26.8116242
            ],
            [
              77.23979,
              26.8054815
            ],
            [
              77.2286321,
              26.7950567
            ],
            [
              77.2169527,
              26.7863066
            ],
            [
              77.2053874,
              26.7796749
            ],
            [
              77.202065,
              26.7824146
            ],
            [
              77.1989321,
              26.7857285
            ],
            [
              77.19949,
              26.7874333
            ],
            [
              77.1972799,
              26.7909386
            ],
            [
              77.196486,
              26.7924135
            ],
            [
              77.196486,
              26.7946928
            ],
            [
              77.196486,
              26.7955356
            ],
            [
              77.1963143,
              26.7969721
            ],
            [
              77.1963143,
              26.7976616
            ],
            [
              77.1975803,
              26.7993279
            ],
            [
              77.2029447,
              26.8040203
            ],
            [
              77.208631,
              26.811566
            ],
            [
              77.2043824,
              26.8137492
            ],
            [
              77.1995973,
              26.8157791
            ],
            [
              77.1956277,
              26.8173111
            ],
            [
              77.1929455,
              26.8190154
            ],
            [
              77.1905207,
              26.8195325
            ],
            [
              77.1889114,
              26.8209495
            ],
            [
              77.186315,
              26.8226538
            ],
            [
              77.1827745,
              26.8221559
            ],
            [
              77.1793198,
              26.8226346
            ],
            [
              77.1756506,
              26.8229793
            ],
            [
              77.1715092,
              26.8240899
            ],
            [
              77.1717882,
              26.826024
            ],
            [
              77.1719169,
              26.829126
            ],
            [
              77.1673679,
              26.8333576
            ],
            [
              77.1634412,
              26.8307344
            ],
            [
              77.1601796,
              26.8285898
            ],
            [
              77.1593642,
              26.8274409
            ],
            [
              77.1590209,
              26.8267899
            ],
            [
              77.1589136,
              26.8256601
            ],
            [
              77.158463,
              26.8247027
            ],
            [
              77.1576476,
              26.8234197
            ],
            [
              77.1565962,
              26.8235921
            ],
            [
              77.155931,
              26.8245687
            ],
            [
              77.1545148,
              26.8267324
            ],
            [
              77.1531629,
              26.8288579
            ],
            [
              77.1526694,
              26.8303514
            ],
            [
              77.1500945,
              26.8314237
            ],
            [
              77.1474981,
              26.8323811
            ],
            [
              77.144773,
              26.8332618
            ],
            [
              77.14046,
              26.8337788
            ],
            [
              77.1372413,
              26.8347362
            ],
            [
              77.1358466,
              26.8357126
            ],
            [
              77.134881,
              26.8365551
            ],
            [
              77.1351599,
              26.83824
            ],
            [
              77.1347952,
              26.8389484
            ],
            [
              77.1343875,
              26.8395036
            ],
            [
              77.1340871,
              26.8406141
            ],
            [
              77.1335935,
              26.8417437
            ],
            [
              77.1319628,
              26.8431222
            ],
            [
              77.1287012,
              26.8451708
            ],
            [
              77.1237016,
              26.8479468
            ],
            [
              77.1218991,
              26.84944
            ],
            [
              77.1197748,
              26.8518905
            ],
            [
              77.1184659,
              26.8526563
            ],
            [
              77.1161699,
              26.8540538
            ],
            [
              77.1160412,
              26.8571167
            ],
            [
              77.1147752,
              26.8587822
            ],
            [
              77.1127796,
              26.8624958
            ],
            [
              77.1101618,
              26.8674153
            ],
            [
              77.1088528,
              26.8693103
            ],
            [
              77.1058488,
              26.8725642
            ],
            [
              77.1044111,
              26.8738083
            ],
            [
              77.1035099,
              26.8740763
            ],
            [
              77.102437,
              26.8738275
            ],
            [
              77.1017074,
              26.8730427
            ],
            [
              77.1009135,
              26.8718368
            ],
            [
              77.0995831,
              26.8674153
            ],
            [
              77.0985746,
              26.8640846
            ],
            [
              77.0980811,
              26.8631084
            ],
            [
              77.0970297,
              26.8625532
            ],
            [
              77.0934677,
              26.8617876
            ],
            [
              77.0868587,
              26.8609644
            ],
            [
              77.0808506,
              26.8593947
            ],
            [
              77.077707,
              26.8586099
            ],
            [
              77.0755079,
              26.8582737
            ],
            [
              77.0601654,
              26.8657691
            ],
            [
              77.0445167,
              26.8685052
            ],
            [
              77.0277428,
              26.8661902
            ],
            [
              77.0184731,
              26.8663625
            ],
            [
              77.0108771,
              26.8650034
            ],
            [
              76.999805,
              26.8710521
            ],
            [
              76.9986892,
              26.8709372
            ],
            [
              76.9965005,
              26.8687934
            ],
            [
              76.9942689,
              26.8669942
            ],
            [
              76.9909429,
              26.8645249
            ],
            [
              76.9866299,
              26.8610027
            ],
            [
              76.9861633,
              26.8577101
            ],
            [
              76.9837975,
              26.8589544
            ],
            [
              76.9806647,
              26.8592607
            ],
            [
              76.9775748,
              26.8599307
            ],
            [
              76.975429,
              26.860103
            ],
            [
              76.9720816,
              26.8600647
            ],
            [
              76.9670605,
              26.8601604
            ],
            [
              76.9638848,
              26.8609453
            ],
            [
              76.9604516,
              26.8625532
            ],
            [
              76.9598079,
              26.8633764
            ],
            [
              76.955173,
              26.8665539
            ],
            [
              76.9534349,
              26.8680278
            ],
            [
              76.9542074,
              26.8698462
            ],
            [
              76.9540787,
              26.8705736
            ],
            [
              76.953671,
              26.8713775
            ],
            [
              76.9527054,
              26.8721622
            ],
            [
              76.9531989,
              26.8744974
            ],
            [
              76.9551301,
              26.8816747
            ],
            [
              76.9564819,
              26.8854642
            ],
            [
              76.9573831,
              26.886268
            ],
            [
              76.9579196,
              26.8875885
            ],
            [
              76.9576406,
              26.8888899
            ],
            [
              76.9573402,
              26.8902104
            ],
            [
              76.9570398,
              26.8908802
            ],
            [
              76.9563961,
              26.8918179
            ],
            [
              76.9578552,
              26.8943632
            ],
            [
              76.95719,
              26.8992812
            ],
            [
              76.95719,
              26.9007738
            ],
            [
              76.9562888,
              26.9017115
            ],
            [
              76.9557524,
              26.9024769
            ],
            [
              76.9551515,
              26.9038355
            ],
            [
              76.9534349,
              26.9079878
            ],
            [
              76.9528127,
              26.914876
            ],
            [
              76.9512677,
              26.9172868
            ],
            [
              76.9464183,
              26.9228544
            ],
            [
              76.9443798,
              26.9256285
            ],
            [
              76.9427919,
              26.9288425
            ],
            [
              76.9382858,
              26.9331852
            ],
            [
              76.9343161,
              26.9372025
            ],
            [
              76.9328356,
              26.9389815
            ],
            [
              76.9322777,
              26.9387328
            ],
            [
              76.9274711,
              26.9427882
            ],
            [
              76.9234586,
              26.9469773
            ],
            [
              76.9197464,
              26.9493682
            ],
            [
              76.9176435,
              26.9507454
            ],
            [
              76.915648,
              26.9531172
            ],
            [
              76.915605,
              26.9549533
            ],
            [
              76.9141674,
              26.9587021
            ],
            [
              76.9118285,
              26.9619343
            ],
            [
              76.9063568,
              26.9662757
            ],
            [
              76.9022584,
              26.9687619
            ],
            [
              76.9022369,
              26.9703683
            ],
            [
              76.9022155,
              26.9713054
            ],
            [
              76.9013786,
              26.9717452
            ],
            [
              76.900177,
              26.9716687
            ],
            [
              76.897881,
              26.9716496
            ],
            [
              76.8925595,
              26.9726823
            ],
            [
              76.8870878,
              26.9736384
            ],
            [
              76.8820452,
              26.9751109
            ],
            [
              76.8822384,
              26.9761627
            ],
            [
              76.8820882,
              26.9767555
            ],
            [
              76.8816161,
              26.9769085
            ],
            [
              76.8815946,
              26.9788973
            ],
            [
              76.8800926,
              26.9792032
            ],
            [
              76.8800068,
              26.983238
            ],
            [
              76.8711233,
              26.9882095
            ],
            [
              76.8629908,
              26.9926073
            ],
            [
              76.8591285,
              26.9943281
            ],
            [
              76.8551588,
              26.9951885
            ],
            [
              76.8535924,
              26.9951885
            ],
            [
              76.8517899,
              26.9948825
            ],
            [
              76.8510389,
              26.9950929
            ],
            [
              76.8503523,
              26.9955708
            ],
            [
              76.8496871,
              26.9950929
            ],
            [
              76.8480992,
              26.9953032
            ],
            [
              76.8476486,
              26.9954752
            ],
            [
              76.8470478,
              26.9951693
            ],
            [
              76.8455887,
              26.9955135
            ],
            [
              76.844666,
              26.9951693
            ],
            [
              76.8435287,
              26.9954752
            ],
            [
              76.842606,
              26.9956856
            ],
            [
              76.840074,
              26.9952841
            ],
            [
              76.8386364,
              26.9954179
            ],
            [
              76.8360185,
              26.997349
            ],
            [
              76.8337655,
              26.9982093
            ],
            [
              76.8301606,
              26.9990888
            ],
            [
              76.8273282,
              26.9996433
            ],
            [
              76.8250108,
              26.9997962
            ],
            [
              76.8227362,
              26.9995094
            ],
            [
              76.8170929,
              26.9978269
            ],
            [
              76.8167925,
              26.9977122
            ],
            [
              76.8159342,
              26.9991079
            ],
            [
              76.8153119,
              26.9993182
            ],
            [
              76.8118036,
              26.9972723
            ],
            [
              76.8107107,
              26.9971968
            ],
            [
              76.809403,
              26.9962137
            ],
            [
              76.8078715,
              26.9948299
            ],
            [
              76.806348,
              26.9931904
            ],
            [
              76.8055755,
              26.9923061
            ],
            [
              76.8055218,
              26.9918329
            ],
            [
              76.8041003,
              26.990069
            ],
            [
              76.8037409,
              26.9891751
            ],
            [
              76.8022013,
              26.9877841
            ],
            [
              76.8012679,
              26.9866942
            ],
            [
              76.8008387,
              26.9863213
            ],
            [
              76.8001896,
              26.9859006
            ],
            [
              76.7994386,
              26.9858146
            ],
            [
              76.7982101,
              26.9857477
            ],
            [
              76.7972177,
              26.9847056
            ],
            [
              76.7969763,
              26.9833909
            ],
            [
              76.7966276,
              26.9816222
            ],
            [
              76.7964721,
              26.9802932
            ],
            [
              76.796869,
              26.9796239
            ],
            [
              76.7965042,
              26.9789164
            ],
            [
              76.7960966,
              26.9781323
            ],
            [
              76.7961717,
              26.9764687
            ],
            [
              76.796236,
              26.9734089
            ],
            [
              76.7960751,
              26.9710759
            ],
            [
              76.796397,
              26.96902
            ],
            [
              76.7976093,
              26.9653673
            ],
            [
              76.7980921,
              26.9637608
            ],
            [
              76.7978883,
              26.9624029
            ],
            [
              76.7972016,
              26.9583482
            ],
            [
              76.7964399,
              26.9548959
            ],
            [
              76.7963326,
              26.9523425
            ],
            [
              76.7962789,
              26.9478571
            ],
            [
              76.7959785,
              26.9452079
            ],
            [
              76.7947233,
              26.9418413
            ],
            [
              76.7936718,
              26.9386754
            ],
            [
              76.7933929,
              26.9356912
            ],
            [
              76.7934358,
              26.9342851
            ],
            [
              76.7928564,
              26.9327643
            ],
            [
              76.7915153,
              26.9311478
            ],
            [
              76.7882752,
              26.9270729
            ],
            [
              76.7874062,
              26.925351
            ],
            [
              76.7871058,
              26.9241266
            ],
            [
              76.7864835,
              26.9234474
            ],
            [
              76.7854643,
              26.9217447
            ],
            [
              76.7850566,
              26.9205489
            ],
            [
              76.7847669,
              26.9197549
            ],
            [
              76.7842305,
              26.9186644
            ],
            [
              76.7825568,
              26.9161388
            ],
            [
              76.7817414,
              26.91545
            ],
            [
              76.7809904,
              26.9153926
            ],
            [
              76.7800355,
              26.9154022
            ],
            [
              76.7788982,
              26.9154213
            ],
            [
              76.778115,
              26.9150769
            ],
            [
              76.7776215,
              26.9144168
            ],
            [
              76.7767632,
              26.913728
            ],
            [
              76.7760014,
              26.9133262
            ],
            [
              76.7747033,
              26.9128574
            ],
            [
              76.7728364,
              26.9122451
            ],
            [
              76.7714953,
              26.9115754
            ],
            [
              76.7708409,
              26.9109058
            ],
            [
              76.7703044,
              26.9103891
            ],
            [
              76.7690384,
              26.9097099
            ],
            [
              76.76759,
              26.9087053
            ],
            [
              76.7669892,
              26.9082174
            ],
            [
              76.766721,
              26.9078634
            ],
            [
              76.7668605,
              26.9074042
            ],
            [
              76.7673969,
              26.9056055
            ],
            [
              76.7677832,
              26.9046775
            ],
            [
              76.7682874,
              26.903912
            ],
            [
              76.7685342,
              26.9033284
            ],
            [
              76.7681909,
              26.9029074
            ],
            [
              76.7703903,
              26.9003241
            ],
            [
              76.7756688,
              26.8940857
            ],
            [
              76.7752719,
              26.8936168
            ],
            [
              76.772064,
              26.8907749
            ],
            [
              76.770122,
              26.8893588
            ],
            [
              76.7686951,
              26.8882296
            ],
            [
              76.7670536,
              26.8877225
            ],
            [
              76.7650795,
              26.8862201
            ],
            [
              76.7629015,
              26.8844594
            ],
            [
              76.7555681,
              26.8788569
            ],
            [
              76.7493133,
              26.8759876
            ],
            [
              76.7397701,
              26.8722893
            ],
            [
              76.7311563,
              26.8686547
            ],
            [
              76.7235432,
              26.8660083
            ],
            [
              76.7147864,
              26.8635532
            ],
            [
              76.7138571,
              26.8618633
            ],
            [
              76.7113551,
              26.8587384
            ],
            [
              76.7037421,
              26.8555498
            ],
            [
              76.6965222,
              26.8510536
            ],
            [
              76.6889806,
              26.8468123
            ],
            [
              76.6788298,
              26.8397964
            ],
            [
              76.6688578,
              26.8331627
            ],
            [
              76.6631748,
              26.8267519
            ],
            [
              76.6561336,
              26.8221908
            ],
            [
              76.6524521,
              26.815588
            ],
            [
              76.6451965,
              26.8101013
            ],
            [
              76.6344739,
              26.8043591
            ],
            [
              76.6300061,
              26.8014242
            ],
            [
              76.6222143,
              26.792874
            ],
            [
              76.6204272,
              26.7914702
            ],
            [
              76.616853,
              26.7908959
            ],
            [
              76.616567,
              26.7882796
            ],
            [
              76.6164955,
              26.7856632
            ],
            [
              76.6152803,
              26.7830468
            ],
            [
              76.6127069,
              26.7808133
            ],
            [
              76.6047007,
              26.7799837
            ],
            [
              76.6015553,
              26.7781968
            ],
            [
              76.5976237,
              26.7778139
            ],
            [
              76.5956936,
              26.7775586
            ],
            [
              76.5910472,
              26.7797284
            ],
            [
              76.5848995,
              26.7826001
            ],
            [
              76.5822546,
              26.7841955
            ],
            [
              76.57818,
              26.7866843
            ],
            [
              76.5747488,
              26.787131
            ],
            [
              76.5746058,
              26.7834936
            ],
            [
              76.5748202,
              26.78126
            ],
            [
              76.5744628,
              26.7780053
            ],
            [
              76.5722468,
              26.7746229
            ],
            [
              76.5698164,
              26.7713042
            ],
            [
              76.5668855,
              26.7721339
            ],
            [
              76.5595226,
              26.7741762
            ],
            [
              76.5561629,
              26.7753887
            ],
            [
              76.5534465,
              26.7769842
            ],
            [
              76.5492289,
              26.7746229
            ],
            [
              76.5433672,
              26.7720063
            ],
            [
              76.5422234,
              26.7751335
            ],
            [
              76.5415801,
              26.7777501
            ],
            [
              76.5402219,
              26.7804942
            ],
            [
              76.5370766,
              26.7811962
            ],
            [
              76.535075,
              26.7799199
            ],
            [
              76.5311434,
              26.777431
            ],
            [
              76.526068,
              26.7732827
            ],
            [
              76.5141302,
              26.7676663
            ],
            [
              76.5071248,
              26.7607252
            ],
            [
              76.5001729,
              26.7530975
            ],
            [
              76.4949367,
              26.7477515
            ],
            [
              76.4848931,
              26.7333557
            ],
            [
              76.4812117,
              26.7286312
            ],
            [
              76.4802646,
              26.7244173
            ],
            [
              76.479371,
              26.7219591
            ],
            [
              76.4738589,
              26.7174221
            ],
            [
              76.4726974,
              26.7165224
            ]
          ]
        ]
      }
    }
  ]
}