{
  "type": "FeatureCollection",
  "features": [
    {
      "type": "Feature",
      "properties": {
        "name": "Nagaur District",
        "admin_level": "5",
        "source": "OpenStreetMap/Nominatim"
      },
      "bbox": [
        73.0859041,
        26.4101476,
        74.5347866,
        27.5658845
      ],
      "geometry": {
        "type": "Polygon",
        "coordinates": [
          [
            [
              73.0859041,
              27.2397307
            ],
            [
              73.0882001,
              27.2363538
            ],
            [
              73.0923414,
              27.2308972
            ],
            [
              73.0943584,
              27.2281879
            ],
            [
              73.095603,
              27.2281879
            ],
            [
              73.0975342,
              27.2284741
            ],
            [
              73.098135,
              27.2275201
            ],
            [
              73.0993366,
              27.2273102
            ],
            [
              73.1010532,
              27.2232079
            ],
            [
              73.1011176,
              27.2229026
            ],
            [
              73.1002807,
              27.2222157
            ],
            [
              73.0998301,
              27.2217196
            ],
            [
              73.1010318,
              27.2206701
            ],
            [
              73.1004309,
              27.2201549
            ],
            [
              73.1002378,
              27.2196779
            ],
            [
              73.100152,
              27.2189146
            ],
            [
              73.1000018,
              27.2184948
            ],
            [
              73.0999374,
              27.2179224
            ],
            [
              73.100152,
              27.2173881
            ],
            [
              73.1005811,
              27.2172354
            ],
            [
              73.1016755,
              27.2173309
            ],
            [
              73.1023407,
              27.2158234
            ],
            [
              73.1032848,
              27.2139724
            ],
            [
              73.1047654,
              27.2121405
            ],
            [
              73.104186,
              27.2105184
            ],
            [
              73.1034779,
              27.2058048
            ],
            [
              73.1040787,
              27.2046789
            ],
            [
              73.1047654,
              27.2040109
            ],
            [
              73.1055593,
              27.2032857
            ],
            [
              73.1062889,
              27.2025987
            ],
            [
              73.1071472,
              27.2016445
            ],
            [
              73.1079626,
              27.2007666
            ],
            [
              73.1063318,
              27.1986863
            ],
            [
              73.1069326,
              27.1975221
            ],
            [
              73.1086063,
              27.1927889
            ],
            [
              73.1115675,
              27.1843526
            ],
            [
              73.1116962,
              27.1836845
            ],
            [
              73.1114816,
              27.1832646
            ],
            [
              73.1111383,
              27.1827683
            ],
            [
              73.1104731,
              27.1819284
            ],
            [
              73.1106233,
              27.1804396
            ],
            [
              73.1117821,
              27.1774045
            ],
            [
              73.1114602,
              27.1762592
            ],
            [
              73.1132412,
              27.1726131
            ],
            [
              73.1134987,
              27.1725177
            ],
            [
              73.1143784,
              27.1721932
            ],
            [
              73.1149792,
              27.171086
            ],
            [
              73.1151509,
              27.1700742
            ],
            [
              73.1146145,
              27.168547
            ],
            [
              73.1136274,
              27.1667907
            ],
            [
              73.1134343,
              27.1659125
            ],
            [
              73.1134558,
              27.1653398
            ],
            [
              73.1128979,
              27.1642707
            ],
            [
              73.114872,
              27.1614834
            ],
            [
              73.1153655,
              27.1610061
            ],
            [
              73.1155801,
              27.1605479
            ],
            [
              73.1153655,
              27.1599752
            ],
            [
              73.1146788,
              27.1592497
            ],
            [
              73.1144213,
              27.1584478
            ],
            [
              73.1151938,
              27.1574551
            ],
            [
              73.114357,
              27.1564623
            ],
            [
              73.1133914,
              27.1554695
            ],
            [
              73.1134772,
              27.1544385
            ],
            [
              73.1136703,
              27.1533502
            ],
            [
              73.114078,
              27.1523955
            ],
            [
              73.1147432,
              27.1510208
            ],
            [
              73.1156873,
              27.1492452
            ],
            [
              73.1169748,
              27.1475076
            ],
            [
              73.1159234,
              27.1468775
            ],
            [
              73.1157732,
              27.1459801
            ],
            [
              73.1161809,
              27.1441662
            ],
            [
              73.1167173,
              27.1426004
            ],
            [
              73.1163525,
              27.1411492
            ],
            [
              73.1152582,
              27.1395452
            ],
            [
              73.1143355,
              27.1388387
            ],
            [
              73.1145286,
              27.136891
            ],
            [
              73.1139493,
              27.1365473
            ],
            [
              73.1139064,
              27.1355734
            ],
            [
              73.1138849,
              27.1347141
            ],
            [
              73.1136274,
              27.1331864
            ],
            [
              73.11234,
              27.1307802
            ],
            [
              73.1110954,
              27.1293289
            ],
            [
              73.1094003,
              27.1281258
            ],
            [
              73.1075978,
              27.1261206
            ],
            [
              73.1077909,
              27.1246309
            ],
            [
              73.1065464,
              27.1244018
            ],
            [
              73.105495,
              27.1224729
            ],
            [
              73.1048512,
              27.1215371
            ],
            [
              73.1036281,
              27.1206777
            ],
            [
              73.1021122,
              27.1206753
            ],
            [
              73.0988384,
              27.117535
            ],
            [
              73.0997443,
              27.1162467
            ],
            [
              73.1009888,
              27.1125033
            ],
            [
              73.1022334,
              27.1096765
            ],
            [
              73.1026411,
              27.1065631
            ],
            [
              73.1038642,
              27.1057226
            ],
            [
              73.1078338,
              27.1034114
            ],
            [
              73.110516,
              27.1019406
            ],
            [
              73.1138205,
              27.0963246
            ],
            [
              73.1143999,
              27.0957897
            ],
            [
              73.1154299,
              27.0955987
            ],
            [
              73.1161594,
              27.095465
            ],
            [
              73.1166315,
              27.0946244
            ],
            [
              73.11764,
              27.0944334
            ],
            [
              73.1195283,
              27.0920073
            ],
            [
              73.1207943,
              27.0905937
            ],
            [
              73.1212663,
              27.0874989
            ],
            [
              73.122983,
              27.0848434
            ],
            [
              73.1246567,
              27.0827992
            ],
            [
              73.1250858,
              27.0779656
            ],
            [
              73.1256437,
              27.0755964
            ],
            [
              73.1261372,
              27.0744501
            ],
            [
              73.1277895,
              27.0707434
            ],
            [
              73.1316089,
              27.0638838
            ],
            [
              73.1334758,
              27.060215
            ],
            [
              73.1329822,
              27.0593169
            ],
            [
              73.1319523,
              27.0584952
            ],
            [
              73.1311369,
              27.0577308
            ],
            [
              73.1329822,
              27.0557053
            ],
            [
              73.1353855,
              27.0517686
            ],
            [
              73.1373167,
              27.0520171
            ],
            [
              73.1381321,
              27.0506029
            ],
            [
              73.1379604,
              27.0499532
            ],
            [
              73.1385398,
              27.0487874
            ],
            [
              73.1378317,
              27.0479848
            ],
            [
              73.1350207,
              27.0456915
            ],
            [
              73.1337333,
              27.0444492
            ],
            [
              73.1299996,
              27.0427674
            ],
            [
              73.1281543,
              27.0417736
            ],
            [
              73.1256437,
              27.0391362
            ],
            [
              73.1248283,
              27.0373587
            ],
            [
              73.1224465,
              27.0351798
            ],
            [
              73.1202149,
              27.0337273
            ],
            [
              73.1199145,
              27.0333832
            ],
            [
              73.111825,
              27.0274006
            ],
            [
              73.111825,
              27.0262346
            ],
            [
              73.1104517,
              27.0255465
            ],
            [
              73.1106877,
              27.0246672
            ],
            [
              73.1085419,
              27.0230616
            ],
            [
              73.108778,
              27.0216662
            ],
            [
              73.108027,
              27.0207486
            ],
            [
              73.1082201,
              27.0196973
            ],
            [
              73.1091642,
              27.0166196
            ],
            [
              73.1098079,
              27.0158741
            ],
            [
              73.1092715,
              27.0153197
            ],
            [
              73.1094003,
              27.0138478
            ],
            [
              73.107984,
              27.0124905
            ],
            [
              73.1083703,
              27.0082082
            ],
            [
              73.1086278,
              27.0065259
            ],
            [
              73.1113958,
              27.001211
            ],
            [
              73.1117606,
              27.0011154
            ],
            [
              73.1129408,
              27.0010389
            ],
            [
              73.1154299,
              26.9993565
            ],
            [
              73.1170821,
              26.9974637
            ],
            [
              73.1183052,
              26.9978269
            ],
            [
              73.1195497,
              26.9963548
            ],
            [
              73.1185841,
              26.996068
            ],
            [
              73.1185841,
              26.9950355
            ],
            [
              73.1193781,
              26.9921866
            ],
            [
              73.1197643,
              26.9909247
            ],
            [
              73.1198931,
              26.9899495
            ],
            [
              73.1197428,
              26.9891082
            ],
            [
              73.1194854,
              26.9882287
            ],
            [
              73.1183481,
              26.9862974
            ],
            [
              73.1149363,
              26.9842323
            ],
            [
              73.1119966,
              26.98167
            ],
            [
              73.1099796,
              26.9811154
            ],
            [
              73.1085634,
              26.9805991
            ],
            [
              73.1078553,
              26.979949
            ],
            [
              73.1082201,
              26.9766981
            ],
            [
              73.1075978,
              26.9759332
            ],
            [
              73.1084776,
              26.9745181
            ],
            [
              73.1076622,
              26.9741548
            ],
            [
              73.1076622,
              26.9734855
            ],
            [
              73.1082201,
              26.9724719
            ],
            [
              73.1080055,
              26.9693738
            ],
            [
              73.1085205,
              26.9672702
            ],
            [
              73.1099367,
              26.964172
            ],
            [
              73.1134343,
              26.9591228
            ],
            [
              73.1150007,
              26.9565026
            ],
            [
              73.1167388,
              26.9544752
            ],
            [
              73.118906,
              26.9515679
            ],
            [
              73.1183052,
              26.9509558
            ],
            [
              73.1218028,
              26.9437255
            ],
            [
              73.1220817,
              26.941583
            ],
            [
              73.1272959,
              26.9431133
            ],
            [
              73.1283474,
              26.9420421
            ],
            [
              73.1291413,
              26.9423673
            ],
            [
              73.1337976,
              26.9398806
            ],
            [
              73.1370163,
              26.9378337
            ],
            [
              73.1386471,
              26.9365903
            ],
            [
              73.1437969,
              26.9324965
            ],
            [
              73.144741,
              26.9327834
            ],
            [
              73.1460714,
              26.9315782
            ],
            [
              73.1472087,
              26.932286
            ],
            [
              73.1494403,
              26.9295886
            ],
            [
              73.1496334,
              26.9274842
            ],
            [
              73.1525516,
              26.9252841
            ],
            [
              73.1541824,
              26.9245571
            ],
            [
              73.1551909,
              26.9253415
            ],
            [
              73.158195,
              26.925992
            ],
            [
              73.1600404,
              26.9268529
            ],
            [
              73.1641817,
              26.9279625
            ],
            [
              73.1667995,
              26.9320947
            ],
            [
              73.1675935,
              26.9319034
            ],
            [
              73.168323,
              26.9320756
            ],
            [
              73.1696319,
              26.9328982
            ],
            [
              73.1724858,
              26.9297034
            ],
            [
              73.1732368,
              26.9284599
            ],
            [
              73.1735587,
              26.9274077
            ],
            [
              73.174181,
              26.9264511
            ],
            [
              73.175683,
              26.9253606
            ],
            [
              73.1753182,
              26.9249015
            ],
            [
              73.1751466,
              26.9241171
            ],
            [
              73.1759405,
              26.9212664
            ],
            [
              73.1752109,
              26.9205202
            ],
            [
              73.1774854,
              26.9140915
            ],
            [
              73.1780863,
              26.9120634
            ],
            [
              73.1775713,
              26.9112023
            ],
            [
              73.1770348,
              26.9104179
            ],
            [
              73.1766057,
              26.9095185
            ],
            [
              73.1761122,
              26.9081409
            ],
            [
              73.1760478,
              26.9066484
            ],
            [
              73.1759405,
              26.9063422
            ],
            [
              73.1768203,
              26.905462
            ],
            [
              73.1772065,
              26.9045244
            ],
            [
              73.1758761,
              26.9034719
            ],
            [
              73.1783008,
              26.8992238
            ],
            [
              73.1792235,
              26.8977886
            ],
            [
              73.179717,
              26.8967935
            ],
            [
              73.1801462,
              26.8948033
            ],
            [
              73.1807041,
              26.8911864
            ],
            [
              73.1825466,
              26.8884691
            ],
            [
              73.1835597,
              26.8847501
            ],
            [
              73.1838798,
              26.8833972
            ],
            [
              73.1850815,
              26.883512
            ],
            [
              73.1863475,
              26.881847
            ],
            [
              73.1880534,
              26.8822967
            ],
            [
              73.1899953,
              26.8826412
            ],
            [
              73.1918621,
              26.880756
            ],
            [
              73.1978381,
              26.8820575
            ],
            [
              73.2001877,
              26.8795216
            ],
            [
              73.2027197,
              26.8798469
            ],
            [
              73.2026124,
              26.877531
            ],
            [
              73.2026124,
              26.874306
            ],
            [
              73.2012391,
              26.873703
            ],
            [
              73.2007134,
              26.8716263
            ],
            [
              73.2019043,
              26.8708032
            ],
            [
              73.2040715,
              26.8688796
            ],
            [
              73.2071078,
              26.8687647
            ],
            [
              73.2104444,
              26.8702386
            ],
            [
              73.2116675,
              26.8678364
            ],
            [
              73.212719,
              26.8683149
            ],
            [
              73.2150364,
              26.8656542
            ],
            [
              73.2180405,
              26.8678938
            ],
            [
              73.2202399,
              26.8680661
            ],
            [
              73.221581,
              26.86664
            ],
            [
              73.2262587,
              26.8672047
            ],
            [
              73.2286084,
              26.86887
            ],
            [
              73.2305932,
              26.8664678
            ],
            [
              73.2345521,
              26.8690901
            ],
            [
              73.2344448,
              26.8670037
            ],
            [
              73.2378888,
              26.8608496
            ],
            [
              73.2423198,
              26.8632806
            ],
            [
              73.2428992,
              26.8623044
            ],
            [
              73.2489931,
              26.8645249
            ],
            [
              73.2506883,
              26.8648694
            ],
            [
              73.2523405,
              26.8648311
            ],
            [
              73.2528233,
              26.8635869
            ],
            [
              73.2531774,
              26.8631945
            ],
            [
              73.2538855,
              26.8627255
            ],
            [
              73.2560205,
              26.8628787
            ],
            [
              73.2568145,
              26.8619407
            ],
            [
              73.26087,
              26.8626968
            ],
            [
              73.2645392,
              26.8633476
            ],
            [
              73.2646251,
              26.8617588
            ],
            [
              73.2662344,
              26.8618067
            ],
            [
              73.2662344,
              26.8633572
            ],
            [
              73.2729077,
              26.8630988
            ],
            [
              73.2760084,
              26.861778
            ],
            [
              73.2788515,
              26.8636826
            ],
            [
              73.2782078,
              26.8659509
            ],
            [
              73.2851493,
              26.8693007
            ],
            [
              73.2844412,
              26.8719421
            ],
            [
              73.2895803,
              26.8734255
            ],
            [
              73.2917154,
              26.8738944
            ],
            [
              73.293196,
              26.8682862
            ],
            [
              73.2956314,
              26.8686307
            ],
            [
              73.2960713,
              26.8675875
            ],
            [
              73.2974875,
              26.8679129
            ],
            [
              73.2979917,
              26.8676928
            ],
            [
              73.299644,
              26.8681618
            ],
            [
              73.3007491,
              26.8645249
            ],
            [
              73.3021867,
              26.8648598
            ],
            [
              73.3029592,
              26.8632902
            ],
            [
              73.303678,
              26.8636443
            ],
            [
              73.3040964,
              26.8630414
            ],
            [
              73.306725,
              26.8631945
            ],
            [
              73.3110702,
              26.8638645
            ],
            [
              73.3115852,
              26.8610697
            ],
            [
              73.3140957,
              26.8616057
            ],
            [
              73.3154261,
              26.8584089
            ],
            [
              73.3165312,
              26.8557288
            ],
            [
              73.3206296,
              26.8560543
            ],
            [
              73.3236873,
              26.8563318
            ],
            [
              73.3247602,
              26.854092
            ],
            [
              73.3262086,
              26.8543505
            ],
            [
              73.3332574,
              26.8564371
            ],
            [
              73.3356714,
              26.8571933
            ],
            [
              73.3409178,
              26.8592703
            ],
            [
              73.341347,
              26.8608687
            ],
            [
              73.3434605,
              26.8615291
            ],
            [
              73.3437862,
              26.8623149
            ],
            [
              73.3451342,
              26.8627638
            ],
            [
              73.3493185,
              26.8639698
            ],
            [
              73.3515072,
              26.8665348
            ],
            [
              73.3539963,
              26.8703247
            ],
            [
              73.358438,
              26.869961
            ],
            [
              73.3587599,
              26.8702482
            ],
            [
              73.3614206,
              26.870497
            ],
            [
              73.3641672,
              26.8690614
            ],
            [
              73.3654761,
              26.8693677
            ],
            [
              73.3683944,
              26.868602
            ],
            [
              73.3707118,
              26.8685063
            ],
            [
              73.3713555,
              26.868736
            ],
            [
              73.372879,
              26.8705736
            ],
            [
              73.3757973,
              26.8680278
            ],
            [
              73.376913,
              26.866707
            ],
            [
              73.377192,
              26.8667453
            ],
            [
              73.3839083,
              26.8674344
            ],
            [
              73.3841443,
              26.8681044
            ],
            [
              73.3851528,
              26.8685063
            ],
            [
              73.3860111,
              26.8682958
            ],
            [
              73.3871269,
              26.8687169
            ],
            [
              73.3884144,
              26.8713775
            ],
            [
              73.3913541,
              26.8754735
            ],
            [
              73.3989072,
              26.8752438
            ],
            [
              73.4014177,
              26.879646
            ],
            [
              73.4040999,
              26.8837991
            ],
            [
              73.4064388,
              26.8838374
            ],
            [
              73.4076619,
              26.8843159
            ],
            [
              73.4091854,
              26.8849666
            ],
            [
              73.4098291,
              26.8852154
            ],
            [
              73.4106016,
              26.8855025
            ],
            [
              73.4130907,
              26.885713
            ],
            [
              73.4170389,
              26.8860192
            ],
            [
              73.4219205,
              26.8865359
            ],
            [
              73.4231329,
              26.8867656
            ],
            [
              73.425976,
              26.8872345
            ],
            [
              73.4301388,
              26.8882296
            ],
            [
              73.4313297,
              26.8876746
            ],
            [
              73.4334004,
              26.8866986
            ],
            [
              73.4364152,
              26.8859809
            ],
            [
              73.4386039,
              26.8858852
            ],
            [
              73.4415436,
              26.8859235
            ],
            [
              73.4421337,
              26.8850623
            ],
            [
              73.4428203,
              26.8832154
            ],
            [
              73.4446549,
              26.879177
            ],
            [
              73.4458029,
              26.8764018
            ],
            [
              73.4460175,
              26.8754831
            ],
            [
              73.4463608,
              26.8740189
            ],
            [
              73.4468114,
              26.8733011
            ],
            [
              73.4474444,
              26.8733394
            ],
            [
              73.4500515,
              26.8742198
            ],
            [
              73.4520686,
              26.87533
            ],
            [
              73.4546435,
              26.8752055
            ],
            [
              73.458538,
              26.8769569
            ],
            [
              73.4613705,
              26.8753682
            ],
            [
              73.4646106,
              26.8767942
            ],
            [
              73.4668207,
              26.8779234
            ],
            [
              73.4727859,
              26.8798661
            ],
            [
              73.473773,
              26.8778468
            ],
            [
              73.4754789,
              26.8791196
            ],
            [
              73.4794164,
              26.8818565
            ],
            [
              73.4819376,
              26.8827465
            ],
            [
              73.4823561,
              26.8831388
            ],
            [
              73.4837937,
              26.8833494
            ],
            [
              73.4852099,
              26.8837226
            ],
            [
              73.4886217,
              26.8850336
            ],
            [
              73.4923124,
              26.8866412
            ],
            [
              73.4954774,
              26.8878182
            ],
            [
              73.4982347,
              26.8884019
            ],
            [
              73.5018933,
              26.8873206
            ],
            [
              73.5054123,
              26.8864307
            ],
            [
              73.512311,
              26.8817991
            ],
            [
              73.5144782,
              26.8804211
            ],
            [
              73.5156584,
              26.8788995
            ],
            [
              73.5167742,
              26.8775406
            ],
            [
              73.5175788,
              26.8762965
            ],
            [
              73.5187375,
              26.874928
            ],
            [
              73.520304,
              26.8735786
            ],
            [
              73.5211944,
              26.8724015
            ],
            [
              73.5219669,
              26.8710712
            ],
            [
              73.5230613,
              26.8694059
            ],
            [
              73.5241127,
              26.8683819
            ],
            [
              73.5257006,
              26.8670133
            ],
            [
              73.5265159,
              26.8664965
            ],
            [
              73.5279,
              26.8652235
            ],
            [
              73.5286832,
              26.863874
            ],
            [
              73.529166,
              26.8628308
            ],
            [
              73.5299063,
              26.8617397
            ],
            [
              73.5316443,
              26.8600551
            ],
            [
              73.5333502,
              26.8570018
            ],
            [
              73.5338223,
              26.8571741
            ],
            [
              73.5354423,
              26.8583897
            ],
            [
              73.5356998,
              26.8572411
            ],
            [
              73.5360432,
              26.8574804
            ],
            [
              73.5374164,
              26.8583706
            ],
            [
              73.5388434,
              26.8588874
            ],
            [
              73.540324,
              26.8590119
            ],
            [
              73.5428131,
              26.8595191
            ],
            [
              73.5468686,
              26.8597871
            ],
            [
              73.5473192,
              26.859366
            ],
            [
              73.5517609,
              26.8594904
            ],
            [
              73.553971,
              26.8596053
            ],
            [
              73.5538959,
              26.8612707
            ],
            [
              73.5563421,
              26.8610506
            ],
            [
              73.5577369,
              26.8615865
            ],
            [
              73.5587025,
              26.8620842
            ],
            [
              73.5598826,
              26.8624192
            ],
            [
              73.5607624,
              26.8624192
            ],
            [
              73.5608804,
              26.8618641
            ],
            [
              73.5611272,
              26.8616248
            ],
            [
              73.5632193,
              26.861711
            ],
            [
              73.5643566,
              26.8614813
            ],
            [
              73.5659015,
              26.8618833
            ],
            [
              73.567661,
              26.8623522
            ],
            [
              73.5690236,
              26.8624575
            ],
            [
              73.5700428,
              26.8624862
            ],
            [
              73.5727572,
              26.86374
            ],
            [
              73.5768986,
              26.8642569
            ],
            [
              73.5774457,
              26.864812
            ],
            [
              73.5787654,
              26.864678
            ],
            [
              73.5783899,
              26.8629169
            ],
            [
              73.5800421,
              26.8622852
            ],
            [
              73.5807609,
              26.8609453
            ],
            [
              73.5820269,
              26.8610123
            ],
            [
              73.5830891,
              26.8610888
            ],
            [
              73.5841298,
              26.861577
            ],
            [
              73.5883462,
              26.8624384
            ],
            [
              73.5906422,
              26.8628978
            ],
            [
              73.5930884,
              26.8638932
            ],
            [
              73.5931742,
              26.8578633
            ],
            [
              73.5965216,
              26.8567721
            ],
            [
              73.595953,
              26.8563701
            ],
            [
              73.5957706,
              26.8556714
            ],
            [
              73.5950947,
              26.8546951
            ],
            [
              73.5962641,
              26.8523691
            ],
            [
              73.5971653,
              26.8523978
            ],
            [
              73.6003196,
              26.8525127
            ],
            [
              73.6002767,
              26.8509237
            ],
            [
              73.6019933,
              26.8513258
            ],
            [
              73.6047184,
              26.850895
            ],
            [
              73.603667,
              26.8486455
            ],
            [
              73.6036026,
              26.8476692
            ],
            [
              73.6039567,
              26.8465205
            ],
            [
              73.6053944,
              26.8453048
            ],
            [
              73.6064672,
              26.8452856
            ],
            [
              73.6094928,
              26.8434381
            ],
            [
              73.6104905,
              26.8447974
            ],
            [
              73.6114669,
              26.8442135
            ],
            [
              73.6117673,
              26.8419735
            ],
            [
              73.614546,
              26.8413225
            ],
            [
              73.6147606,
              26.8405662
            ],
            [
              73.6149645,
              26.8399057
            ],
            [
              73.616209,
              26.8389867
            ],
            [
              73.6181724,
              26.8409204
            ],
            [
              73.6191916,
              26.8432083
            ],
            [
              73.619535,
              26.8459557
            ],
            [
              73.6212408,
              26.8460323
            ],
            [
              73.6228931,
              26.8451516
            ],
            [
              73.6237299,
              26.8454866
            ],
            [
              73.6247492,
              26.8447687
            ],
            [
              73.6248135,
              26.843553
            ],
            [
              73.6257684,
              26.8434764
            ],
            [
              73.6258221,
              26.8445102
            ],
            [
              73.6267769,
              26.8435913
            ],
            [
              73.6270881,
              26.8440316
            ],
            [
              73.6275709,
              26.8444911
            ],
            [
              73.6288154,
              26.8440125
            ],
            [
              73.6293733,
              26.8437253
            ],
            [
              73.6301029,
              26.8443092
            ],
            [
              73.6312401,
              26.8427297
            ],
            [
              73.6312508,
              26.8418394
            ],
            [
              73.6308217,
              26.8394941
            ],
            [
              73.6310148,
              26.8365264
            ],
            [
              73.6304462,
              26.8363062
            ],
            [
              73.6293626,
              26.8337022
            ],
            [
              73.6307251,
              26.8332235
            ],
            [
              73.6314225,
              26.8299493
            ],
            [
              73.6309183,
              26.8287143
            ],
            [
              73.6314547,
              26.8278526
            ],
            [
              73.6313689,
              26.8274313
            ],
            [
              73.6307359,
              26.8261005
            ],
            [
              73.630414,
              26.8236782
            ],
            [
              73.6318409,
              26.8234963
            ],
            [
              73.6321843,
              26.8247027
            ],
            [
              73.6329675,
              26.8245687
            ],
            [
              73.6339867,
              26.823908
            ],
            [
              73.634212,
              26.8232187
            ],
            [
              73.6347163,
              26.821658
            ],
            [
              73.6346841,
              26.8192644
            ],
            [
              73.6345768,
              26.8184409
            ],
            [
              73.6339116,
              26.8171387
            ],
            [
              73.6342764,
              26.8149077
            ],
            [
              73.6349845,
              26.8115277
            ],
            [
              73.6352742,
              26.8082337
            ],
            [
              73.6354136,
              26.8068643
            ],
            [
              73.6368513,
              26.8064621
            ],
            [
              73.639276,
              26.8061461
            ],
            [
              73.6407351,
              26.8063472
            ],
            [
              73.6458099,
              26.806443
            ],
            [
              73.6459708,
              26.8058876
            ],
            [
              73.6480844,
              26.8057057
            ],
            [
              73.64905,
              26.8051407
            ],
            [
              73.6499083,
              26.8050162
            ],
            [
              73.6511314,
              26.8050832
            ],
            [
              73.6521292,
              26.8053609
            ],
            [
              73.6537921,
              26.8062419
            ],
            [
              73.6554122,
              26.8068452
            ],
            [
              73.6571181,
              26.8074772
            ],
            [
              73.6585128,
              26.8041256
            ],
            [
              73.6597896,
              26.8021434
            ],
            [
              73.6609054,
              26.8003143
            ],
            [
              73.6629116,
              26.7966082
            ],
            [
              73.6617315,
              26.7956696
            ],
            [
              73.6621928,
              26.7947598
            ],
            [
              73.6618173,
              26.7944725
            ],
            [
              73.6608517,
              26.7938117
            ],
            [
              73.6610448,
              26.7926242
            ],
            [
              73.6610877,
              26.7907279
            ],
            [
              73.6608302,
              26.7900671
            ],
            [
              73.6602831,
              26.7890232
            ],
            [
              73.6619675,
              26.7860254
            ],
            [
              73.6614847,
              26.7854795
            ],
            [
              73.6615169,
              26.7834299
            ],
            [
              73.6617637,
              26.7833628
            ],
            [
              73.6619139,
              26.7824146
            ],
            [
              73.6618173,
              26.7815622
            ],
            [
              73.6616135,
              26.7807097
            ],
            [
              73.6625254,
              26.7793305
            ],
            [
              73.6628795,
              26.7775777
            ],
            [
              73.6633837,
              26.7775681
            ],
            [
              73.6660874,
              26.7771083
            ],
            [
              73.6672354,
              26.7741486
            ],
            [
              73.6679006,
              26.772798
            ],
            [
              73.6688125,
              26.7717635
            ],
            [
              73.6688232,
              26.7698477
            ],
            [
              73.6696279,
              26.7691964
            ],
            [
              73.6697781,
              26.7668016
            ],
            [
              73.6710656,
              26.7647324
            ],
            [
              73.6733079,
              26.7615137
            ],
            [
              73.6731899,
              26.7608432
            ],
            [
              73.6752498,
              26.7592433
            ],
            [
              73.6761081,
              26.7584578
            ],
            [
              73.6778577,
              26.7580395
            ],
            [
              73.6790116,
              26.7572731
            ],
            [
              73.6787152,
              26.7558999
            ],
            [
              73.678565,
              26.755191
            ],
            [
              73.6777496,
              26.7543863
            ],
            [
              73.6757755,
              26.7537348
            ],
            [
              73.6732435,
              26.7528917
            ],
            [
              73.6724281,
              26.7526043
            ],
            [
              73.6721062,
              26.751378
            ],
            [
              73.6724281,
              26.7501709
            ],
            [
              73.6730718,
              26.7492128
            ],
            [
              73.6724067,
              26.7485613
            ],
            [
              73.6706471,
              26.747929
            ],
            [
              73.6696172,
              26.7465493
            ],
            [
              73.6702394,
              26.745208
            ],
            [
              73.6685228,
              26.7447864
            ],
            [
              73.6685228,
              26.7440199
            ],
            [
              73.6674714,
              26.7432918
            ],
            [
              73.6681795,
              26.7418354
            ],
            [
              73.6675358,
              26.7415863
            ],
            [
              73.6674285,
              26.7412605
            ],
            [
              73.6666989,
              26.7395551
            ],
            [
              73.6662912,
              26.7377154
            ],
            [
              73.6660981,
              26.737198
            ],
            [
              73.6654329,
              26.7361631
            ],
            [
              73.6643815,
              26.7344192
            ],
            [
              73.6623215,
              26.7301456
            ],
            [
              73.6607551,
              26.7308739
            ],
            [
              73.6593389,
              26.7244344
            ],
            [
              73.658781,
              26.7218854
            ],
            [
              73.6574936,
              26.7219429
            ],
            [
              73.6568928,
              26.7208696
            ],
            [
              73.656013,
              26.7200454
            ],
            [
              73.6546397,
              26.7192596
            ],
            [
              73.6550045,
              26.7182055
            ],
            [
              73.6536312,
              26.7178605
            ],
            [
              73.6539316,
              26.717228
            ],
            [
              73.6541247,
              26.7163654
            ],
            [
              73.6539745,
              26.7156179
            ],
            [
              73.6519575,
              26.7149663
            ],
            [
              73.6524081,
              26.7136437
            ],
            [
              73.6531377,
              26.7128195
            ],
            [
              73.6530733,
              26.7120336
            ],
            [
              73.6532879,
              26.7110753
            ],
            [
              73.6536312,
              26.7083342
            ],
            [
              73.6541462,
              26.7062449
            ],
            [
              73.6542105,
              26.7048264
            ],
            [
              73.654468,
              26.7041555
            ],
            [
              73.6553907,
              26.7031587
            ],
            [
              73.6553693,
              26.6991714
            ],
            [
              73.6552834,
              26.6970436
            ],
            [
              73.655498,
              26.6952799
            ],
            [
              73.6557126,
              26.6938613
            ],
            [
              73.6571932,
              26.6930369
            ],
            [
              73.6579656,
              26.6914841
            ],
            [
              73.6585879,
              26.6902188
            ],
            [
              73.6588239,
              26.6893369
            ],
            [
              73.6600256,
              26.6893752
            ],
            [
              73.6606478,
              26.6876881
            ],
            [
              73.661828,
              26.6869404
            ],
            [
              73.6653256,
              26.6850616
            ],
            [
              73.6691236,
              26.6835086
            ],
            [
              73.6707544,
              26.6827034
            ],
            [
              73.6728573,
              26.6812079
            ],
            [
              73.6728787,
              26.6802493
            ],
            [
              73.6727714,
              26.6769323
            ],
            [
              73.6727071,
              26.6746698
            ],
            [
              73.67275,
              26.6741137
            ],
            [
              73.6728573,
              26.6730016
            ],
            [
              73.6721921,
              26.6718128
            ],
            [
              73.6703253,
              26.6707582
            ],
            [
              73.6704969,
              26.667556
            ],
            [
              73.6669564,
              26.6629731
            ],
            [
              73.6676216,
              26.6623211
            ],
            [
              73.6648965,
              26.6589077
            ],
            [
              73.6648321,
              26.6583899
            ],
            [
              73.6645531,
              26.6575845
            ],
            [
              73.6626005,
              26.6548614
            ],
            [
              73.6604333,
              26.6526176
            ],
            [
              73.6598539,
              26.6519464
            ],
            [
              73.6596179,
              26.6508916
            ],
            [
              73.6598325,
              26.6495683
            ],
            [
              73.6624717,
              26.6470943
            ],
            [
              73.6645102,
              26.6470943
            ],
            [
              73.6675572,
              26.6469601
            ],
            [
              73.6726427,
              26.6472478
            ],
            [
              73.6781144,
              26.647056
            ],
            [
              73.6789298,
              26.6463847
            ],
            [
              73.6793375,
              26.64556
            ],
            [
              73.67908,
              26.6445819
            ],
            [
              73.6783075,
              26.6436421
            ],
            [
              73.6791873,
              26.6425106
            ],
            [
              73.6796808,
              26.642875
            ],
            [
              73.6808395,
              26.6427791
            ],
            [
              73.6820197,
              26.6426256
            ],
            [
              73.6833071,
              26.6377923
            ],
            [
              73.683629,
              26.6364305
            ],
            [
              73.6836934,
              26.6354332
            ],
            [
              73.6821699,
              26.6344741
            ],
            [
              73.682363,
              26.6330548
            ],
            [
              73.6832213,
              26.6332082
            ],
            [
              73.6843157,
              26.6333041
            ],
            [
              73.6855387,
              26.6330931
            ],
            [
              73.6865258,
              26.6326136
            ],
            [
              73.6872554,
              26.6305228
            ],
            [
              73.6880064,
              26.6279717
            ],
            [
              73.6891007,
              26.6256699
            ],
            [
              73.6898517,
              26.624212
            ],
            [
              73.6915469,
              26.6232337
            ],
            [
              73.6897874,
              26.6201645
            ],
            [
              73.6889291,
              26.6175363
            ],
            [
              73.692491,
              26.6173061
            ],
            [
              73.6930275,
              26.6146396
            ],
            [
              73.6936068,
              26.612184
            ],
            [
              73.6933708,
              26.6113591
            ],
            [
              73.6929202,
              26.6103998
            ],
            [
              73.6910748,
              26.6098051
            ],
            [
              73.6912036,
              26.6088842
            ],
            [
              73.6922765,
              26.6090377
            ],
            [
              73.6940145,
              26.608136
            ],
            [
              73.6954093,
              26.6066012
            ],
            [
              73.697598,
              26.6064861
            ],
            [
              73.6986494,
              26.6054693
            ],
            [
              73.6994433,
              26.6044524
            ],
            [
              73.7010097,
              26.6018623
            ],
            [
              73.7002802,
              26.600692
            ],
            [
              73.6998939,
              26.5986582
            ],
            [
              73.6990571,
              26.5964517
            ],
            [
              73.6984134,
              26.5935544
            ],
            [
              73.697834,
              26.593305
            ],
            [
              73.6981559,
              26.5893523
            ],
            [
              73.6984348,
              26.5868002
            ],
            [
              73.6984134,
              26.5854762
            ],
            [
              73.6994862,
              26.5848046
            ],
            [
              73.7005806,
              26.584344
            ],
            [
              73.7006879,
              26.582924
            ],
            [
              73.7009024,
              26.5810243
            ],
            [
              73.7015891,
              26.5801415
            ],
            [
              73.7016749,
              26.5795466
            ],
            [
              73.7013316,
              26.5783569
            ],
            [
              73.7006449,
              26.5753824
            ],
            [
              73.7004518,
              26.5735401
            ],
            [
              73.7010526,
              26.5735784
            ],
            [
              73.7025332,
              26.5739431
            ],
            [
              73.70543,
              26.5741925
            ],
            [
              73.705945,
              26.5722351
            ],
            [
              73.707447,
              26.5710836
            ],
            [
              73.7089705,
              26.5682432
            ],
            [
              73.710773,
              26.5640594
            ],
            [
              73.7120819,
              26.5597793
            ],
            [
              73.7143135,
              26.5570923
            ],
            [
              73.7160945,
              26.5547698
            ],
            [
              73.7185621,
              26.5536566
            ],
            [
              73.7197637,
              26.5526009
            ],
            [
              73.7208152,
              26.5505087
            ],
            [
              73.7215662,
              26.5487619
            ],
            [
              73.721931,
              26.5462089
            ],
            [
              73.7219739,
              26.5435983
            ],
            [
              73.7204504,
              26.5388952
            ],
            [
              73.7243986,
              26.5393943
            ],
            [
              73.7295913,
              26.5400854
            ],
            [
              73.733325,
              26.5398743
            ],
            [
              73.7391186,
              26.5396055
            ],
            [
              73.742466,
              26.53926
            ],
            [
              73.7449336,
              26.5390872
            ],
            [
              73.7497186,
              26.5389528
            ],
            [
              73.7566066,
              26.5389912
            ],
            [
              73.7575078,
              26.5381658
            ],
            [
              73.7584305,
              26.5378394
            ],
            [
              73.7592888,
              26.5374747
            ],
            [
              73.76122,
              26.535171
            ],
            [
              73.7626576,
              26.5336736
            ],
            [
              73.7638593,
              26.5352286
            ],
            [
              73.7644386,
              26.5356126
            ],
            [
              73.7675071,
              26.5359389
            ],
            [
              73.7677431,
              26.5333089
            ],
            [
              73.7646961,
              26.5317538
            ],
            [
              73.7652755,
              26.5307171
            ],
            [
              73.7664127,
              26.5294693
            ],
            [
              73.771069,
              26.5271846
            ],
            [
              73.7728071,
              26.5261671
            ],
            [
              73.7745666,
              26.5237672
            ],
            [
              73.7780642,
              26.5225961
            ],
            [
              73.7790298,
              26.5223081
            ],
            [
              73.7809396,
              26.5201001
            ],
            [
              73.7812829,
              26.5189289
            ],
            [
              73.7817764,
              26.5145512
            ],
            [
              73.7826347,
              26.5124199
            ],
            [
              73.7847161,
              26.5118439
            ],
            [
              73.7873769,
              26.5112679
            ],
            [
              73.7880635,
              26.510807
            ],
            [
              73.7889647,
              26.5089253
            ],
            [
              73.7928271,
              26.5065058
            ],
            [
              73.7956462,
              26.5048805
            ],
            [
              73.7978482,
              26.5045184
            ],
            [
              73.7995004,
              26.5044128
            ],
            [
              73.801657,
              26.5038079
            ],
            [
              73.8030195,
              26.5034046
            ],
            [
              73.8059378,
              26.5032894
            ],
            [
              73.8076758,
              26.5031646
            ],
            [
              73.808738,
              26.5031646
            ],
            [
              73.8095319,
              26.5033086
            ],
            [
              73.8101542,
              26.5035967
            ],
            [
              73.8107228,
              26.5039903
            ],
            [
              73.8117313,
              26.5035487
            ],
            [
              73.8128579,
              26.5035487
            ],
            [
              73.8170206,
              26.5042783
            ],
            [
              73.8171279,
              26.5036063
            ],
            [
              73.8170528,
              26.5025501
            ],
            [
              73.817482,
              26.5024253
            ],
            [
              73.8192844,
              26.5023485
            ],
            [
              73.818984,
              26.5016956
            ],
            [
              73.8182223,
              26.5006298
            ],
            [
              73.8175142,
              26.5002842
            ],
            [
              73.8166988,
              26.4999961
            ],
            [
              73.8159799,
              26.4994968
            ],
            [
              73.8158834,
              26.4986519
            ],
            [
              73.8174176,
              26.4983926
            ],
            [
              73.8170421,
              26.4976149
            ],
            [
              73.8165486,
              26.4971924
            ],
            [
              73.8161516,
              26.4966067
            ],
            [
              73.8158941,
              26.4956465
            ],
            [
              73.8156795,
              26.494187
            ],
            [
              73.8173103,
              26.4933612
            ],
            [
              73.8218915,
              26.4906342
            ],
            [
              73.8248849,
              26.4886561
            ],
            [
              73.8256359,
              26.488416
            ],
            [
              73.8264406,
              26.4882431
            ],
            [
              73.8276744,
              26.4879071
            ],
            [
              73.8280177,
              26.4876094
            ],
            [
              73.8281143,
              26.4870428
            ],
            [
              73.8281894,
              26.4862554
            ],
            [
              73.8285112,
              26.4851703
            ],
            [
              73.8297343,
              26.4842292
            ],
            [
              73.8302064,
              26.4838931
            ],
            [
              73.8301957,
              26.4831056
            ],
            [
              73.8305712,
              26.482952
            ],
            [
              73.8323092,
              26.4829328
            ],
            [
              73.8343584,
              26.4835762
            ],
            [
              73.8346696,
              26.4829808
            ],
            [
              73.8346696,
              26.4820685
            ],
            [
              73.8345837,
              26.4810506
            ],
            [
              73.8339078,
              26.4796005
            ],
            [
              73.834058,
              26.4783809
            ],
            [
              73.8341546,
              26.4758936
            ],
            [
              73.834691,
              26.4750292
            ],
            [
              73.8353026,
              26.4748372
            ],
            [
              73.8355279,
              26.4741649
            ],
            [
              73.8361394,
              26.4737807
            ],
            [
              73.8383925,
              26.4728492
            ],
            [
              73.8403666,
              26.4723402
            ],
            [
              73.8433921,
              26.47186
            ],
            [
              73.8448083,
              26.4717159
            ],
            [
              73.848542,
              26.4714854
            ],
            [
              73.8488424,
              26.4679511
            ],
            [
              73.8491535,
              26.4670483
            ],
            [
              73.8502264,
              26.4665969
            ],
            [
              73.8508701,
              26.46652
            ],
            [
              73.8520288,
              26.4663568
            ],
            [
              73.8524794,
              26.4663087
            ],
            [
              73.8538313,
              26.466376
            ],
            [
              73.8547325,
              26.466376
            ],
            [
              73.85499,
              26.4656941
            ],
            [
              73.8548183,
              26.4626206
            ],
            [
              73.8543677,
              26.461737
            ],
            [
              73.8544321,
              26.4607957
            ],
            [
              73.854593,
              26.4584329
            ],
            [
              73.854711,
              26.4565502
            ],
            [
              73.855741,
              26.4570881
            ],
            [
              73.8559449,
              26.4563101
            ],
            [
              73.8562882,
              26.4549942
            ],
            [
              73.8562667,
              26.4535822
            ],
            [
              73.8569426,
              26.4509407
            ],
            [
              73.8570821,
              26.4481934
            ],
            [
              73.8571679,
              26.4467909
            ],
            [
              73.8569319,
              26.4462722
            ],
            [
              73.857286,
              26.4451387
            ],
            [
              73.8580584,
              26.4439859
            ],
            [
              73.8582408,
              26.4433807
            ],
            [
              73.8587665,
              26.4434288
            ],
            [
              73.8592493,
              26.4425642
            ],
            [
              73.8592923,
              26.4410175
            ],
            [
              73.8594961,
              26.4409311
            ],
            [
              73.8607621,
              26.4408927
            ],
            [
              73.8608694,
              26.4404988
            ],
            [
              73.8609767,
              26.4395285
            ],
            [
              73.8610518,
              26.4389233
            ],
            [
              73.8627899,
              26.4394325
            ],
            [
              73.8632941,
              26.4393172
            ],
            [
              73.86397,
              26.4382893
            ],
            [
              73.8646781,
              26.4363679
            ],
            [
              73.8653862,
              26.4365312
            ],
            [
              73.86603,
              26.435436
            ],
            [
              73.8673389,
              26.4357242
            ],
            [
              73.8675427,
              26.4355897
            ],
            [
              73.8674354,
              26.4351382
            ],
            [
              73.8672531,
              26.4347347
            ],
            [
              73.8674784,
              26.4338028
            ],
            [
              73.8680899,
              26.4328325
            ],
            [
              73.8688302,
              26.4320735
            ],
            [
              73.8690533,
              26.4300654
            ],
            [
              73.8698872,
              26.4291505
            ],
            [
              73.8718879,
              26.4278078
            ],
            [
              73.8765657,
              26.4264531
            ],
            [
              73.8853124,
              26.4243758
            ],
            [
              73.8947081,
              26.4242721
            ],
            [
              73.9115407,
              26.4288115
            ],
            [
              73.9128533,
              26.4268394
            ],
            [
              73.9135051,
              26.4260976
            ],
            [
              73.9146209,
              26.4252906
            ],
            [
              73.9158869,
              26.4262129
            ],
            [
              73.9176893,
              26.424791
            ],
            [
              73.9181614,
              26.4249255
            ],
            [
              73.9191484,
              26.42506
            ],
            [
              73.9193415,
              26.4247141
            ],
            [
              73.9208221,
              26.4244643
            ],
            [
              73.9235258,
              26.4238686
            ],
            [
              73.9260149,
              26.4235996
            ],
            [
              73.9286756,
              26.4233882
            ],
            [
              73.931508,
              26.4234074
            ],
            [
              73.9322591,
              26.4224274
            ],
            [
              73.9334392,
              26.422389
            ],
            [
              73.9337396,
              26.4219662
            ],
            [
              73.9343834,
              26.4221968
            ],
            [
              73.9357567,
              26.4212744
            ],
            [
              73.9366793,
              26.4221392
            ],
            [
              73.9393616,
              26.4209286
            ],
            [
              73.9399624,
              26.4222737
            ],
            [
              73.9413786,
              26.4219854
            ],
            [
              73.9413786,
              26.4227541
            ],
            [
              73.9439535,
              26.4230231
            ],
            [
              73.9441466,
              26.4226004
            ],
            [
              73.9450693,
              26.4228502
            ],
            [
              73.9464855,
              26.4218125
            ],
            [
              73.9491462,
              26.4220623
            ],
            [
              73.9494467,
              26.4211784
            ],
            [
              73.9511847,
              26.4213705
            ],
            [
              73.9513349,
              26.4195065
            ],
            [
              73.954103,
              26.4195642
            ],
            [
              73.9541459,
              26.4201791
            ],
            [
              73.9556265,
              26.4203136
            ],
            [
              73.9576649,
              26.4213129
            ],
            [
              73.9606261,
              26.4226772
            ],
            [
              73.9619994,
              26.4228694
            ],
            [
              73.9636087,
              26.4249447
            ],
            [
              73.9653682,
              26.4267125
            ],
            [
              73.9678788,
              26.429518
            ],
            [
              73.9692521,
              26.4334378
            ],
            [
              73.9699602,
              26.434802
            ],
            [
              73.973093,
              26.4328805
            ],
            [
              73.9773631,
              26.4296333
            ],
            [
              73.978672,
              26.4305748
            ],
            [
              73.9808821,
              26.4277117
            ],
            [
              73.9838862,
              26.4231768
            ],
            [
              73.988564,
              26.4252714
            ],
            [
              73.9942074,
              26.4242529
            ],
            [
              73.9952588,
              26.4238302
            ],
            [
              73.9959669,
              26.4242529
            ],
            [
              73.9981341,
              26.4240992
            ],
            [
              73.9995074,
              26.4241184
            ],
            [
              74.0003228,
              26.4241953
            ],
            [
              74.0001511,
              26.4232537
            ],
            [
              74.0034985,
              26.4233498
            ],
            [
              74.0045929,
              26.4233306
            ],
            [
              74.0049577,
              26.4240031
            ],
            [
              74.0065026,
              26.4241376
            ],
            [
              74.0065455,
              26.4230808
            ],
            [
              74.0086055,
              26.4235035
            ],
            [
              74.0144634,
              26.4246757
            ],
            [
              74.0163731,
              26.4243875
            ],
            [
              74.0196776,
              26.4243106
            ],
            [
              74.0210938,
              26.4245412
            ],
            [
              74.0241408,
              26.4257902
            ],
            [
              74.0282178,
              26.4266165
            ],
            [
              74.0289473,
              26.4253675
            ],
            [
              74.0310287,
              26.4256749
            ],
            [
              74.0328741,
              26.4208517
            ],
            [
              74.0325951,
              26.419103
            ],
            [
              74.0312862,
              26.4176041
            ],
            [
              74.0309429,
              26.4161628
            ],
            [
              74.0314364,
              26.4153364
            ],
            [
              74.0328741,
              26.4140297
            ],
            [
              74.0347838,
              26.4131456
            ],
            [
              74.036715,
              26.4124922
            ],
            [
              74.0397191,
              26.4123001
            ],
            [
              74.0413499,
              26.4129919
            ],
            [
              74.0424871,
              26.4137798
            ],
            [
              74.0434956,
              26.416182
            ],
            [
              74.0449762,
              26.4185265
            ],
            [
              74.0457272,
              26.4192759
            ],
            [
              74.0486455,
              26.4203905
            ],
            [
              74.0556836,
              26.4226388
            ],
            [
              74.0611124,
              26.4240992
            ],
            [
              74.063065,
              26.4244835
            ],
            [
              74.0657687,
              26.4242529
            ],
            [
              74.0682578,
              26.4241569
            ],
            [
              74.0687513,
              26.4232921
            ],
            [
              74.071176,
              26.4234459
            ],
            [
              74.0713691,
              26.4229463
            ],
            [
              74.078021,
              26.4231576
            ],
            [
              74.0780854,
              26.4225235
            ],
            [
              74.0802312,
              26.422389
            ],
            [
              74.080038,
              26.4219278
            ],
            [
              74.0813255,
              26.421947
            ],
            [
              74.0811324,
              26.4211015
            ],
            [
              74.083085,
              26.4209862
            ],
            [
              74.0830636,
              26.4196603
            ],
            [
              74.0858745,
              26.4193144
            ],
            [
              74.0875053,
              26.4180268
            ],
            [
              74.0890074,
              26.4178731
            ],
            [
              74.0901017,
              26.4155863
            ],
            [
              74.1024828,
              26.4158937
            ],
            [
              74.1025471,
              26.4178923
            ],
            [
              74.1039419,
              26.4221007
            ],
            [
              74.103899,
              26.423542
            ],
            [
              74.102633,
              26.428
            ],
            [
              74.1016674,
              26.4326884
            ],
            [
              74.1015601,
              26.435436
            ],
            [
              74.1016459,
              26.4387984
            ],
            [
              74.1017103,
              26.4418533
            ],
            [
              74.1020965,
              26.4436209
            ],
            [
              74.1032982,
              26.4455421
            ],
            [
              74.1056371,
              26.4476363
            ],
            [
              74.1073537,
              26.4500185
            ],
            [
              74.1082334,
              26.450883
            ],
            [
              74.1120314,
              26.4545331
            ],
            [
              74.1152715,
              26.4557626
            ],
            [
              74.1177392,
              26.4566847
            ],
            [
              74.1223097,
              26.4571074
            ],
            [
              74.1244769,
              26.4522278
            ],
            [
              74.1275883,
              26.4461954
            ],
            [
              74.1292619,
              26.4451963
            ],
            [
              74.130528,
              26.4444855
            ],
            [
              74.130764,
              26.4436593
            ],
            [
              74.1306567,
              26.4426795
            ],
            [
              74.1308498,
              26.4414691
            ],
            [
              74.1313433,
              26.4406237
            ],
            [
              74.1321587,
              26.440739
            ],
            [
              74.1347337,
              26.4380107
            ],
            [
              74.1359353,
              26.4385102
            ],
            [
              74.1372871,
              26.4369347
            ],
            [
              74.1386819,
              26.4371653
            ],
            [
              74.138875,
              26.4350902
            ],
            [
              74.137094,
              26.434533
            ],
            [
              74.1394114,
              26.4302097
            ],
            [
              74.1459131,
              26.4306709
            ],
            [
              74.1460204,
              26.4283074
            ],
            [
              74.1509127,
              26.4263282
            ],
            [
              74.1572857,
              26.4242914
            ],
            [
              74.1572642,
              26.4166432
            ],
            [
              74.1599464,
              26.4101476
            ],
            [
              74.1680145,
              26.4134723
            ],
            [
              74.1681003,
              26.4143179
            ],
            [
              74.172821,
              26.4157208
            ],
            [
              74.1719627,
              26.4196987
            ],
            [
              74.1724348,
              26.4206787
            ],
            [
              74.1729283,
              26.4233882
            ],
            [
              74.1750955,
              26.4230423
            ],
            [
              74.1754603,
              26.4237533
            ],
            [
              74.1792798,
              26.4239071
            ],
            [
              74.1839361,
              26.4242722
            ],
            [
              74.1840219,
              26.4250216
            ],
            [
              74.1879058,
              26.4257133
            ],
            [
              74.1881203,
              26.4263282
            ],
            [
              74.1917252,
              26.4267894
            ],
            [
              74.1914677,
              26.4295372
            ],
            [
              74.1899013,
              26.437953
            ],
            [
              74.1943216,
              26.4381067
            ],
            [
              74.1946864,
              26.4402394
            ],
            [
              74.1982054,
              26.4405084
            ],
            [
              74.1983986,
              26.441738
            ],
            [
              74.202733,
              26.4409887
            ],
            [
              74.2042565,
              26.4410656
            ],
            [
              74.2040849,
              26.4432366
            ],
            [
              74.2087197,
              26.4434864
            ],
            [
              74.2097068,
              26.443448
            ],
            [
              74.209857,
              26.4447929
            ],
            [
              74.2111015,
              26.4454076
            ],
            [
              74.2118096,
              26.44535
            ],
            [
              74.2117238,
              26.4444278
            ],
            [
              74.2167234,
              26.4441204
            ],
            [
              74.2167234,
              26.4449273
            ],
            [
              74.2181396,
              26.4450234
            ],
            [
              74.2192125,
              26.4460993
            ],
            [
              74.2196417,
              26.446887
            ],
            [
              74.2200279,
              26.4474441
            ],
            [
              74.2205858,
              26.4473865
            ],
            [
              74.2218089,
              26.4473865
            ],
            [
              74.2232251,
              26.4492308
            ],
            [
              74.2251134,
              26.4523431
            ],
            [
              74.2265081,
              26.4531692
            ],
            [
              74.2270016,
              26.4536302
            ],
            [
              74.2264652,
              26.4542834
            ],
            [
              74.2274093,
              26.4547637
            ],
            [
              74.2292547,
              26.4529386
            ],
            [
              74.2311215,
              26.4549558
            ],
            [
              74.2330956,
              26.4572803
            ],
            [
              74.2339325,
              26.4583176
            ],
            [
              74.2372155,
              26.4612951
            ],
            [
              74.2400694,
              26.4602194
            ],
            [
              74.2443394,
              26.4588171
            ],
            [
              74.2470431,
              26.4580679
            ],
            [
              74.2512703,
              26.4570689
            ],
            [
              74.2532015,
              26.4566271
            ],
            [
              74.258244,
              26.4543795
            ],
            [
              74.2601967,
              26.4538223
            ],
            [
              74.2633724,
              26.4530923
            ],
            [
              74.2675352,
              26.453246
            ],
            [
              74.2719126,
              26.4535726
            ],
            [
              74.2747235,
              26.4573763
            ],
            [
              74.2779422,
              26.4560892
            ],
            [
              74.2791438,
              26.4531307
            ],
            [
              74.2893791,
              26.4514017
            ],
            [
              74.2921087,
              26.4481173
            ],
            [
              74.2930997,
              26.4507211
            ],
            [
              74.2962456,
              26.4507486
            ],
            [
              74.2992496,
              26.4535918
            ],
            [
              74.3057298,
              26.4542642
            ],
            [
              74.3081546,
              26.4546868
            ],
            [
              74.3092918,
              26.456166
            ],
            [
              74.3149566,
              26.455436
            ],
            [
              74.3172526,
              26.4519589
            ],
            [
              74.3173384,
              26.4487121
            ],
            [
              74.321115,
              26.4448313
            ],
            [
              74.3242264,
              26.442545
            ],
            [
              74.3276167,
              26.4411424
            ],
            [
              74.3303633,
              26.4412577
            ],
            [
              74.3349337,
              26.4421223
            ],
            [
              74.3376159,
              26.4441396
            ],
            [
              74.342165,
              26.4454461
            ],
            [
              74.3420577,
              26.4474057
            ],
            [
              74.3427658,
              26.4489042
            ],
            [
              74.3471432,
              26.4510175
            ],
            [
              74.347744,
              26.4520357
            ],
            [
              74.3493104,
              26.452612
            ],
            [
              74.3507695,
              26.4544947
            ],
            [
              74.3511772,
              26.4570881
            ],
            [
              74.3511772,
              26.4602386
            ],
            [
              74.3513489,
              26.4620443
            ],
            [
              74.3524647,
              26.4626014
            ],
            [
              74.3520999,
              26.4643879
            ],
            [
              74.353559,
              26.4693821
            ],
            [
              74.3572926,
              26.4714374
            ],
            [
              74.3599963,
              26.4729356
            ],
            [
              74.3631291,
              26.4742417
            ],
            [
              74.3645239,
              26.4752021
            ],
            [
              74.3665194,
              26.4757783
            ],
            [
              74.3684935,
              26.475567
            ],
            [
              74.369502,
              26.4761817
            ],
            [
              74.3703174,
              26.4774878
            ],
            [
              74.3705964,
              26.481041
            ],
            [
              74.3712616,
              26.4833649
            ],
            [
              74.3713474,
              26.4844021
            ],
            [
              74.3700385,
              26.487571
            ],
            [
              74.3737507,
              26.4875134
            ],
            [
              74.3747806,
              26.4877822
            ],
            [
              74.3757891,
              26.4886465
            ],
            [
              74.3765831,
              26.4882432
            ],
            [
              74.377377,
              26.4886849
            ],
            [
              74.3807459,
              26.4880895
            ],
            [
              74.382956,
              26.4881855
            ],
            [
              74.3848657,
              26.4886657
            ],
            [
              74.3867755,
              26.4880127
            ],
            [
              74.3872261,
              26.4884352
            ],
            [
              74.388771,
              26.4878975
            ],
            [
              74.3902087,
              26.4873213
            ],
            [
              74.3903374,
              26.4864955
            ],
            [
              74.3908739,
              26.4855928
            ],
            [
              74.3909168,
              26.4850743
            ],
            [
              74.3920541,
              26.4849206
            ],
            [
              74.3940282,
              26.4844597
            ],
            [
              74.3955731,
              26.4843829
            ],
            [
              74.3958092,
              26.4853239
            ],
            [
              74.3971395,
              26.4848822
            ],
            [
              74.3973863,
              26.4850166
            ],
            [
              74.397112,
              26.4865561
            ],
            [
              74.3995213,
              26.4866875
            ],
            [
              74.3997144,
              26.4881279
            ],
            [
              74.4016671,
              26.4878783
            ],
            [
              74.4027185,
              26.4887809
            ],
            [
              74.4036412,
              26.4878398
            ],
            [
              74.4043064,
              26.4893378
            ],
            [
              74.4151854,
              26.4878975
            ],
            [
              74.4200134,
              26.4874942
            ],
            [
              74.4312572,
              26.4862458
            ],
            [
              74.4307637,
              26.4880319
            ],
            [
              74.4312787,
              26.4880895
            ],
            [
              74.4319653,
              26.4905862
            ],
            [
              74.4306779,
              26.4904901
            ],
            [
              74.4323945,
              26.4951568
            ],
            [
              74.4358921,
              26.4981526
            ],
            [
              74.4383812,
              26.5008219
            ],
            [
              74.4408488,
              26.5036063
            ],
            [
              74.4462347,
              26.5005146
            ],
            [
              74.4497108,
              26.4974613
            ],
            [
              74.4565344,
              26.4923722
            ],
            [
              74.4575,
              26.4902981
            ],
            [
              74.459517,
              26.4889922
            ],
            [
              74.462285,
              26.4870524
            ],
            [
              74.4694948,
              26.4912583
            ],
            [
              74.4751596,
              26.4945039
            ],
            [
              74.4784426,
              26.4966739
            ],
            [
              74.4827127,
              26.4985367
            ],
            [
              74.4843435,
              26.5004762
            ],
            [
              74.4853949,
              26.5036831
            ],
            [
              74.4883775,
              26.5080996
            ],
            [
              74.4923258,
              26.5132456
            ],
            [
              74.4966602,
              26.5165481
            ],
            [
              74.4992351,
              26.5183145
            ],
            [
              74.5016169,
              26.5191401
            ],
            [
              74.5032263,
              26.5203113
            ],
            [
              74.5040631,
              26.5219625
            ],
            [
              74.5056724,
              26.5242472
            ],
            [
              74.5080328,
              26.5261671
            ],
            [
              74.509685,
              26.5273958
            ],
            [
              74.508698,
              26.5285093
            ],
            [
              74.510715,
              26.5301028
            ],
            [
              74.512217,
              26.5318498
            ],
            [
              74.5123887,
              26.5342687
            ],
            [
              74.5143842,
              26.5361501
            ],
            [
              74.5151782,
              26.5367644
            ],
            [
              74.5155,
              26.5392024
            ],
            [
              74.5167017,
              26.5407957
            ],
            [
              74.5193624,
              26.5436943
            ],
            [
              74.5201778,
              26.5449804
            ],
            [
              74.5256281,
              26.548282
            ],
            [
              74.5294475,
              26.5508542
            ],
            [
              74.5310569,
              26.5523321
            ],
            [
              74.5337605,
              26.5560174
            ],
            [
              74.5347866,
              26.557836
            ],
            [
              74.5312393,
              26.5607678
            ],
            [
              74.5292544,
              26.5625527
            ],
            [
              74.5283639,
              26.5636371
            ],
            [
              74.5275164,
              26.5645104
            ],
            [
              74.5263147,
              26.5650669
            ],
            [
              74.5234609,
              26.5654124
            ],
            [
              74.520725,
              26.5660745
            ],
            [
              74.5181608,
              26.5661897
            ],
            [
              74.5168304,
              26.5656907
            ],
            [
              74.5153391,
              26.565374
            ],
            [
              74.5138478,
              26.5651149
            ],
            [
              74.5118093,
              26.5642609
            ],
            [
              74.509331,
              26.5635891
            ],
            [
              74.508183,
              26.5631861
            ],
            [
              74.5066595,
              26.5629078
            ],
            [
              74.5050287,
              26.5626103
            ],
            [
              74.5044601,
              26.5637906
            ],
            [
              74.5029688,
              26.5651341
            ],
            [
              74.5026255,
              26.5657099
            ],
            [
              74.5018959,
              26.5668806
            ],
            [
              74.5017564,
              26.5675427
            ],
            [
              74.5018637,
              26.5683872
            ],
            [
              74.5019174,
              26.5697018
            ],
            [
              74.5006299,
              26.5716017
            ],
            [
              74.5003188,
              26.5727916
            ],
            [
              74.4997823,
              26.5729643
            ],
            [
              74.4990957,
              26.573233
            ],
            [
              74.4977331,
              26.575603
            ],
            [
              74.4970894,
              26.5785488
            ],
            [
              74.4974971,
              26.5821948
            ],
            [
              74.497894,
              26.5848237
            ],
            [
              74.4986451,
              26.5896497
            ],
            [
              74.5001471,
              26.5905803
            ],
            [
              74.5001364,
              26.5941972
            ],
            [
              74.5043743,
              26.5940533
            ],
            [
              74.5036769,
              26.5960967
            ],
            [
              74.50122,
              26.6000972
            ],
            [
              74.5007265,
              26.6012675
            ],
            [
              74.5004368,
              26.602035
            ],
            [
              74.5007694,
              26.6028312
            ],
            [
              74.5013916,
              26.6040399
            ],
            [
              74.5015526,
              26.6057762
            ],
            [
              74.5017993,
              26.607052
            ],
            [
              74.5021963,
              26.6080305
            ],
            [
              74.5037091,
              26.6089897
            ],
            [
              74.505415,
              26.6105629
            ],
            [
              74.5058012,
              26.6114358
            ],
            [
              74.5063698,
              26.6123567
            ],
            [
              74.5079255,
              26.6141888
            ],
            [
              74.5085907,
              26.6154357
            ],
            [
              74.5088482,
              26.617239
            ],
            [
              74.5084083,
              26.6202028
            ],
            [
              74.5079577,
              26.6240202
            ],
            [
              74.5090306,
              26.6254684
            ],
            [
              74.5097279,
              26.6278278
            ],
            [
              74.5093632,
              26.631597
            ],
            [
              74.5139551,
              26.6334767
            ],
            [
              74.5167339,
              26.6350591
            ],
            [
              74.5194375,
              26.6359414
            ],
            [
              74.5231712,
              26.6374279
            ],
            [
              74.5284927,
              26.6406118
            ],
            [
              74.5306277,
              26.6413118
            ],
            [
              74.5335781,
              26.6421078
            ],
            [
              74.5339644,
              26.6454162
            ],
            [
              74.5328915,
              26.6452819
            ],
            [
              74.53287,
              26.6462505
            ],
            [
              74.532001,
              26.6462888
            ],
            [
              74.5320868,
              26.647219
            ],
            [
              74.530735,
              26.6472765
            ],
            [
              74.5306814,
              26.6476505
            ],
            [
              74.5307135,
              26.6481779
            ],
            [
              74.5306921,
              26.6492135
            ],
            [
              74.530338,
              26.6507382
            ],
            [
              74.5285463,
              26.6505752
            ],
            [
              74.5281172,
              26.6517642
            ],
            [
              74.5266151,
              26.6515628
            ],
            [
              74.5254886,
              26.6515724
            ],
            [
              74.5254242,
              26.6535669
            ],
            [
              74.523536,
              26.6541518
            ],
            [
              74.5225274,
              26.6545258
            ],
            [
              74.5211542,
              26.6550148
            ],
            [
              74.5194268,
              26.6557723
            ],
            [
              74.5186543,
              26.6571626
            ],
            [
              74.5181394,
              26.6588214
            ],
            [
              74.5175064,
              26.663836
            ],
            [
              74.5165622,
              26.6676902
            ],
            [
              74.5179677,
              26.6680833
            ],
            [
              74.5182252,
              26.6673451
            ],
            [
              74.5214438,
              26.6682176
            ],
            [
              74.5241368,
              26.6689846
            ],
            [
              74.5238578,
              26.6697803
            ],
            [
              74.5257139,
              26.6706528
            ],
            [
              74.5284176,
              26.6715731
            ],
            [
              74.5305097,
              26.6720908
            ],
            [
              74.5334709,
              26.6729633
            ],
            [
              74.533385,
              26.673318
            ],
            [
              74.5324409,
              26.6770952
            ],
            [
              74.5320976,
              26.6789359
            ],
            [
              74.5318937,
              26.6820802
            ],
            [
              74.5312178,
              26.6865857
            ],
            [
              74.529072,
              26.6906118
            ],
            [
              74.5281064,
              26.6910911
            ],
            [
              74.527173,
              26.6927398
            ],
            [
              74.524971,
              26.694413
            ],
            [
              74.5232034,
              26.6947239
            ],
            [
              74.524126,
              26.70059
            ],
            [
              74.5249843,
              26.7056123
            ],
            [
              74.5232892,
              26.7062449
            ],
            [
              74.5242119,
              26.709216
            ],
            [
              74.5250916,
              26.7108069
            ],
            [
              74.5244264,
              26.7135287
            ],
            [
              74.5234812,
              26.7133918
            ],
            [
              74.5230746,
              26.7148513
            ],
            [
              74.5237613,
              26.7172663
            ],
            [
              74.5241046,
              26.7193554
            ],
            [
              74.5237183,
              26.7255652
            ],
            [
              74.5245766,
              26.7302989
            ],
            [
              74.5249414,
              26.7324454
            ],
            [
              74.5256924,
              26.7329819
            ],
            [
              74.5257139,
              26.7344001
            ],
            [
              74.5257354,
              26.7363739
            ],
            [
              74.5247483,
              26.7363739
            ],
            [
              74.5242762,
              26.7399
            ],
            [
              74.521079,
              26.7394017
            ],
            [
              74.5209932,
              26.7404365
            ],
            [
              74.5180321,
              26.7401874
            ],
            [
              74.5177531,
              26.7460703
            ],
            [
              74.5184397,
              26.7460895
            ],
            [
              74.5179891,
              26.7504008
            ],
            [
              74.5176029,
              26.7515313
            ],
            [
              74.5176673,
              26.7524127
            ],
            [
              74.5180106,
              26.7529684
            ],
            [
              74.5174956,
              26.7534857
            ],
            [
              74.5151567,
              26.755076
            ],
            [
              74.5137191,
              26.7569729
            ],
            [
              74.513762,
              26.7581225
            ],
            [
              74.5128178,
              26.7584099
            ],
            [
              74.5126247,
              26.7597702
            ],
            [
              74.5122385,
              26.7601343
            ],
            [
              74.5115518,
              26.7601151
            ],
            [
              74.5112943,
              26.761782
            ],
            [
              74.5085263,
              26.7616095
            ],
            [
              74.5082688,
              26.762261
            ],
            [
              74.5079469,
              26.7630848
            ],
            [
              74.507389,
              26.7640044
            ],
            [
              74.5077538,
              26.7674147
            ],
            [
              74.5047283,
              26.7660352
            ],
            [
              74.5022177,
              26.7645026
            ],
            [
              74.5001364,
              26.7631614
            ],
            [
              74.4989133,
              26.7620502
            ],
            [
              74.4964456,
              26.7594637
            ],
            [
              74.4926476,
              26.7558616
            ],
            [
              74.4884848,
              26.7510714
            ],
            [
              74.4847727,
              26.7459553
            ],
            [
              74.4759321,
              26.7487146
            ],
            [
              74.476211,
              26.7494619
            ],
            [
              74.4772196,
              26.7507457
            ],
            [
              74.4775843,
              26.7526618
            ],
            [
              74.477992,
              26.7542521
            ],
            [
              74.4790005,
              26.7553634
            ],
            [
              74.4804597,
              26.7560724
            ],
            [
              74.4817686,
              26.7565131
            ],
            [
              74.4831848,
              26.7569537
            ],
            [
              74.4838071,
              26.7575094
            ],
            [
              74.4812321,
              26.7688707
            ],
            [
              74.4779706,
              26.7682576
            ],
            [
              74.474709,
              26.7674721
            ],
            [
              74.4718766,
              26.7666292
            ],
            [
              74.4708895,
              26.766131
            ],
            [
              74.4700527,
              26.7656904
            ],
            [
              74.4700527,
              26.7643684
            ],
            [
              74.4698167,
              26.7631997
            ],
            [
              74.4697308,
              26.7618011
            ],
            [
              74.4694519,
              26.7609581
            ],
            [
              74.4682073,
              26.7596553
            ],
            [
              74.4652247,
              26.7581417
            ],
            [
              74.4627785,
              26.7568388
            ],
            [
              74.4588303,
              26.7569537
            ],
            [
              74.4553113,
              26.757107
            ],
            [
              74.4557833,
              26.760709
            ],
            [
              74.4559335,
              26.762031
            ],
            [
              74.455719,
              26.7627974
            ],
            [
              74.4547963,
              26.7634105
            ],
            [
              74.4543457,
              26.7636404
            ],
            [
              74.4497323,
              26.7650007
            ],
            [
              74.4481659,
              26.767338
            ],
            [
              74.4474363,
              26.7675871
            ],
            [
              74.4470501,
              26.767338
            ],
            [
              74.4463205,
              26.7697519
            ],
            [
              74.4456124,
              26.7731812
            ],
            [
              74.444797,
              26.7786792
            ],
            [
              74.4456982,
              26.7794646
            ],
            [
              74.4449901,
              26.7805182
            ],
            [
              74.4434452,
              26.779637
            ],
            [
              74.4428444,
              26.7804607
            ],
            [
              74.440763,
              26.7805757
            ],
            [
              74.4393897,
              26.7801542
            ],
            [
              74.4386172,
              26.7800201
            ],
            [
              74.4377589,
              26.7810546
            ],
            [
              74.437201,
              26.7822805
            ],
            [
              74.4369221,
              26.7836981
            ],
            [
              74.4367933,
              26.7844643
            ],
            [
              74.4364929,
              26.7869545
            ],
            [
              74.4363427,
              26.790613
            ],
            [
              74.4339824,
              26.7904981
            ],
            [
              74.4337463,
              26.7925284
            ],
            [
              74.4256568,
              26.7915516
            ],
            [
              74.4232106,
              26.7915516
            ],
            [
              74.4230389,
              26.7907279
            ],
            [
              74.4217515,
              26.7905555
            ],
            [
              74.421258,
              26.7923177
            ],
            [
              74.4194126,
              26.7920687
            ],
            [
              74.4192838,
              26.7930839
            ],
            [
              74.4169879,
              26.7926433
            ],
            [
              74.41437,
              26.7999791
            ],
            [
              74.4112587,
              26.8046906
            ],
            [
              74.4093704,
              26.808655
            ],
            [
              74.4059372,
              26.8145343
            ],
            [
              74.4018173,
              26.8133278
            ],
            [
              74.3975901,
              26.8207006
            ],
            [
              74.4057011,
              26.8255069
            ],
            [
              74.4125461,
              26.8292025
            ],
            [
              74.4137049,
              26.8277282
            ],
            [
              74.4169879,
              26.8306195
            ],
            [
              74.4161939,
              26.8314237
            ],
            [
              74.4186401,
              26.8323811
            ],
            [
              74.4167518,
              26.8364977
            ],
            [
              74.4156146,
              26.8384506
            ],
            [
              74.417417,
              26.8400206
            ],
            [
              74.4176101,
              26.8407098
            ],
            [
              74.4174385,
              26.8418586
            ],
            [
              74.416945,
              26.8428159
            ],
            [
              74.4154,
              26.8456685
            ],
            [
              74.4132517,
              26.8497103
            ],
            [
              74.4114518,
              26.8498121
            ],
            [
              74.4071603,
              26.8510769
            ],
            [
              74.4035111,
              26.8531179
            ],
            [
              74.4020509,
              26.855962
            ],
            [
              74.4011414,
              26.8586051
            ],
            [
              74.4007605,
              26.8596244
            ],
            [
              74.3991258,
              26.8583155
            ],
            [
              74.3995803,
              26.8575614
            ],
            [
              74.3968606,
              26.856461
            ],
            [
              74.3965972,
              26.8572076
            ],
            [
              74.3948543,
              26.8564898
            ],
            [
              74.3946905,
              26.8572799
            ],
            [
              74.3914554,
              26.8562666
            ],
            [
              74.3899732,
              26.8594893
            ],
            [
              74.3913798,
              26.8600412
            ],
            [
              74.391159,
              26.8608368
            ],
            [
              74.3957996,
              26.865973
            ],
            [
              74.3957562,
              26.8677812
            ],
            [
              74.4027829,
              26.8738466
            ],
            [
              74.4025668,
              26.8748622
            ],
            [
              74.4060123,
              26.8791483
            ],
            [
              74.4053471,
              26.8801053
            ],
            [
              74.4057216,
              26.8810949
            ],
            [
              74.4045283,
              26.8825549
            ],
            [
              74.4019554,
              26.8844522
            ],
            [
              74.3979808,
              26.8880365
            ],
            [
              74.3887496,
              26.8940952
            ],
            [
              74.3886638,
              26.8952147
            ],
            [
              74.3870115,
              26.8952626
            ],
            [
              74.386771,
              26.8959771
            ],
            [
              74.3880629,
              26.8965352
            ],
            [
              74.3866682,
              26.8982383
            ],
            [
              74.3834066,
              26.8974442
            ],
            [
              74.3803918,
              26.8980469
            ],
            [
              74.3805957,
              26.9002763
            ],
            [
              74.379494,
              26.8996646
            ],
            [
              74.3781541,
              26.9027814
            ],
            [
              74.3784714,
              26.9057873
            ],
            [
              74.3773732,
              26.9057879
            ],
            [
              74.3767977,
              26.9108962
            ],
            [
              74.3758535,
              26.9111641
            ],
            [
              74.3759685,
              26.9142406
            ],
            [
              74.3777632,
              26.9138619
            ],
            [
              74.3770887,
              26.921503
            ],
            [
              74.3785143,
              26.924251
            ],
            [
              74.3764114,
              26.9261259
            ],
            [
              74.3760252,
              26.9303921
            ],
            [
              74.3771361,
              26.9315126
            ],
            [
              74.3742871,
              26.9359399
            ],
            [
              74.3736434,
              26.938465
            ],
            [
              74.3724739,
              26.9448893
            ],
            [
              74.3714547,
              26.9450453
            ],
            [
              74.367625,
              26.9531802
            ],
            [
              74.3631506,
              26.9623168
            ],
            [
              74.3632793,
              26.964937
            ],
            [
              74.3617773,
              26.9663904
            ],
            [
              74.361391,
              26.9694886
            ],
            [
              74.360125,
              26.969546
            ],
            [
              74.3594407,
              26.9717263
            ],
            [
              74.3575072,
              26.9722233
            ],
            [
              74.3533288,
              26.9831737
            ],
            [
              74.3561876,
              26.9844713
            ],
            [
              74.3575179,
              26.9866129
            ],
            [
              74.3601572,
              26.9880757
            ],
            [
              74.3601465,
              26.9886875
            ],
            [
              74.3638158,
              26.9906474
            ],
            [
              74.3634188,
              26.9914505
            ],
            [
              74.3683416,
              26.9933021
            ],
            [
              74.3623073,
              27.0030695
            ],
            [
              74.361839,
              27.0067962
            ],
            [
              74.3617773,
              27.0118214
            ],
            [
              74.3615627,
              27.0134176
            ],
            [
              74.3603182,
              27.0165623
            ],
            [
              74.3583172,
              27.0196529
            ],
            [
              74.3565094,
              27.0250208
            ],
            [
              74.3541331,
              27.0328822
            ],
            [
              74.3556673,
              27.0336628
            ],
            [
              74.3546104,
              27.0350652
            ],
            [
              74.3616793,
              27.0375332
            ],
            [
              74.3637621,
              27.0393559
            ],
            [
              74.3634236,
              27.0407195
            ],
            [
              74.3641591,
              27.0411238
            ],
            [
              74.3647063,
              27.0423565
            ],
            [
              74.3633866,
              27.0449843
            ],
            [
              74.3641674,
              27.0451461
            ],
            [
              74.3633759,
              27.0492079
            ],
            [
              74.3636548,
              27.0498385
            ],
            [
              74.362936,
              27.0515775
            ],
            [
              74.3641913,
              27.0520553
            ],
            [
              74.3639982,
              27.0530203
            ],
            [
              74.3653285,
              27.0535745
            ],
            [
              74.3645239,
              27.0555428
            ],
            [
              74.363091,
              27.0551973
            ],
            [
              74.3625566,
              27.0559948
            ],
            [
              74.3618095,
              27.0571098
            ],
            [
              74.3608439,
              27.056804
            ],
            [
              74.3598245,
              27.0586152
            ],
            [
              74.3589878,
              27.0628997
            ],
            [
              74.3574093,
              27.0667312
            ],
            [
              74.3567026,
              27.0665207
            ],
            [
              74.3552005,
              27.0691671
            ],
            [
              74.3561768,
              27.0698836
            ],
            [
              74.3555625,
              27.0713729
            ],
            [
              74.3541169,
              27.0708962
            ],
            [
              74.3525618,
              27.0736294
            ],
            [
              74.3489088,
              27.0735937
            ],
            [
              74.3482933,
              27.0768826
            ],
            [
              74.3488723,
              27.079241
            ],
            [
              74.3484092,
              27.0802964
            ],
            [
              74.3478547,
              27.081619
            ],
            [
              74.3459393,
              27.0842193
            ],
            [
              74.3442464,
              27.0848625
            ],
            [
              74.3435287,
              27.0864562
            ],
            [
              74.342507,
              27.0878668
            ],
            [
              74.3407805,
              27.0912556
            ],
            [
              74.3396026,
              27.0965785
            ],
            [
              74.3410124,
              27.0972078
            ],
            [
              74.3431735,
              27.1005939
            ],
            [
              74.3449046,
              27.1034165
            ],
            [
              74.345393,
              27.1041234
            ],
            [
              74.346648,
              27.1064103
            ],
            [
              74.3481092,
              27.1085124
            ],
            [
              74.3462778,
              27.1107644
            ],
            [
              74.3496966,
              27.1127229
            ],
            [
              74.3518317,
              27.1132099
            ],
            [
              74.3542351,
              27.1146606
            ],
            [
              74.356886,
              27.1164742
            ],
            [
              74.3581419,
              27.1174224
            ],
            [
              74.3574344,
              27.1197412
            ],
            [
              74.3563634,
              27.1219954
            ],
            [
              74.3558335,
              27.123953
            ],
            [
              74.355071,
              27.1268931
            ],
            [
              74.3506128,
              27.1263977
            ],
            [
              74.3503152,
              27.1283057
            ],
            [
              74.3566895,
              27.1291049
            ],
            [
              74.3559056,
              27.1321985
            ],
            [
              74.3530079,
              27.1312401
            ],
            [
              74.3510541,
              27.1351256
            ],
            [
              74.3493401,
              27.1347897
            ],
            [
              74.3487123,
              27.1355692
            ],
            [
              74.3422677,
              27.1339306
            ],
            [
              74.3412022,
              27.1356739
            ],
            [
              74.3397473,
              27.1390504
            ],
            [
              74.3382252,
              27.1437615
            ],
            [
              74.3349148,
              27.1425811
            ],
            [
              74.3342519,
              27.1428558
            ],
            [
              74.3333673,
              27.1442044
            ],
            [
              74.3315792,
              27.1429468
            ],
            [
              74.3298697,
              27.1455982
            ],
            [
              74.3313503,
              27.147794
            ],
            [
              74.3309426,
              27.1487678
            ],
            [
              74.3294045,
              27.1498214
            ],
            [
              74.3303203,
              27.1559277
            ],
            [
              74.3304843,
              27.1576723
            ],
            [
              74.3309104,
              27.1607579
            ],
            [
              74.3308993,
              27.1665806
            ],
            [
              74.3311282,
              27.1762137
            ],
            [
              74.3273428,
              27.1829452
            ],
            [
              74.3228149,
              27.1873506
            ],
            [
              74.3196076,
              27.195028
            ],
            [
              74.3171079,
              27.1998104
            ],
            [
              74.3161174,
              27.2020337
            ],
            [
              74.3155986,
              27.2035019
            ],
            [
              74.3147967,
              27.2070675
            ],
            [
              74.316589,
              27.2088712
            ],
            [
              74.3202208,
              27.2100457
            ],
            [
              74.3231922,
              27.2106329
            ],
            [
              74.327107,
              27.2114299
            ],
            [
              74.3303614,
              27.2121849
            ],
            [
              74.3314462,
              27.2134013
            ],
            [
              74.3313519,
              27.2154985
            ],
            [
              74.330833,
              27.2172602
            ],
            [
              74.3304557,
              27.2212447
            ],
            [
              74.3349836,
              27.2240967
            ],
            [
              74.3373419,
              27.2251452
            ],
            [
              74.3384267,
              27.2269906
            ],
            [
              74.3385682,
              27.2291295
            ],
            [
              74.3378136,
              27.2336588
            ],
            [
              74.3360213,
              27.2367621
            ],
            [
              74.3325782,
              27.240075
            ],
            [
              74.3298426,
              27.2461135
            ],
            [
              74.3297482,
              27.2500131
            ],
            [
              74.3295596,
              27.2532837
            ],
            [
              74.327107,
              27.264688
            ],
            [
              74.3236639,
              27.270767
            ],
            [
              74.3224847,
              27.2748335
            ],
            [
              74.316494,
              27.2753695
            ],
            [
              74.3145174,
              27.2761408
            ],
            [
              74.3127818,
              27.2776406
            ],
            [
              74.3119863,
              27.2794831
            ],
            [
              74.3106605,
              27.2807686
            ],
            [
              74.3086356,
              27.2815399
            ],
            [
              74.3077437,
              27.2813256
            ],
            [
              74.3068276,
              27.2806829
            ],
            [
              74.3011146,
              27.2791403
            ],
            [
              74.2994995,
              27.2784119
            ],
            [
              74.2960524,
              27.2822255
            ],
            [
              74.2929428,
              27.2876242
            ],
            [
              74.2918098,
              27.2941367
            ],
            [
              74.2933043,
              27.2958504
            ],
            [
              74.2942686,
              27.2974784
            ],
            [
              74.2928704,
              27.2998347
            ],
            [
              74.2924847,
              27.3017198
            ],
            [
              74.2918098,
              27.3040331
            ],
            [
              74.2891099,
              27.3056182
            ],
            [
              74.2840477,
              27.3066035
            ],
            [
              74.2808176,
              27.3066463
            ],
            [
              74.2766232,
              27.306732
            ],
            [
              74.2753215,
              27.3066892
            ],
            [
              74.2728627,
              27.306475
            ],
            [
              74.2715128,
              27.3069034
            ],
            [
              74.2711753,
              27.3094308
            ],
            [
              74.2677041,
              27.3139287
            ],
            [
              74.2641847,
              27.3194116
            ],
            [
              74.2623526,
              27.3238234
            ],
            [
              74.2564708,
              27.3231809
            ],
            [
              74.2527586,
              27.3224099
            ],
            [
              74.2499184,
              27.322079
            ],
            [
              74.2480087,
              27.3222601
            ],
            [
              74.2433095,
              27.3218502
            ],
            [
              74.2385673,
              27.3211734
            ],
            [
              74.2358315,
              27.3205538
            ],
            [
              74.2346084,
              27.3199152
            ],
            [
              74.2324948,
              27.3220313
            ],
            [
              74.2305314,
              27.3244143
            ],
            [
              74.2275703,
              27.3246716
            ],
            [
              74.2219376,
              27.3260156
            ],
            [
              74.2195666,
              27.3266351
            ],
            [
              74.2195773,
              27.3274262
            ],
            [
              74.2148673,
              27.3283031
            ],
            [
              74.2114985,
              27.3292086
            ],
            [
              74.2114127,
              27.331172
            ],
            [
              74.2110586,
              27.3345365
            ],
            [
              74.2107367,
              27.3367572
            ],
            [
              74.211359,
              27.3372909
            ],
            [
              74.2120671,
              27.338406
            ],
            [
              74.2142558,
              27.3427804
            ],
            [
              74.2145991,
              27.3457347
            ],
            [
              74.2148781,
              27.3479075
            ],
            [
              74.2155647,
              27.3519861
            ],
            [
              74.2173886,
              27.3519861
            ],
            [
              74.2187834,
              27.3546543
            ],
            [
              74.220221,
              27.3568841
            ],
            [
              74.2218518,
              27.359838
            ],
            [
              74.2233324,
              27.3601049
            ],
            [
              74.2231822,
              27.3618581
            ],
            [
              74.2243624,
              27.3623345
            ],
            [
              74.224298,
              27.3633636
            ],
            [
              74.2251777,
              27.3640878
            ],
            [
              74.2236328,
              27.3680705
            ],
            [
              74.2199206,
              27.3783222
            ],
            [
              74.2168736,
              27.3866676
            ],
            [
              74.2141485,
              27.3916212
            ],
            [
              74.2121959,
              27.3961935
            ],
            [
              74.2124319,
              27.3973937
            ],
            [
              74.2119384,
              27.3984796
            ],
            [
              74.2113805,
              27.4000037
            ],
            [
              74.2109513,
              27.40088
            ],
            [
              74.2098784,
              27.4007848
            ],
            [
              74.2084622,
              27.4015277
            ],
            [
              74.2073679,
              27.4014515
            ],
            [
              74.2053723,
              27.4014706
            ],
            [
              74.2052221,
              27.4025945
            ],
            [
              74.205544,
              27.4030136
            ],
            [
              74.2061019,
              27.4034137
            ],
            [
              74.2064237,
              27.4042709
            ],
            [
              74.2068529,
              27.4060044
            ],
            [
              74.2096424,
              27.4067283
            ],
            [
              74.2113375,
              27.4070331
            ],
            [
              74.2109728,
              27.405852
            ],
            [
              74.2125606,
              27.4059473
            ],
            [
              74.2144704,
              27.4065759
            ],
            [
              74.216702,
              27.4074522
            ],
            [
              74.2189121,
              27.4081951
            ],
            [
              74.2212939,
              27.408957
            ],
            [
              74.2231393,
              27.4095095
            ],
            [
              74.2270016,
              27.4107095
            ],
            [
              74.2348552,
              27.4142144
            ],
            [
              74.2367863,
              27.415224
            ],
            [
              74.2377519,
              27.4149192
            ],
            [
              74.2446184,
              27.416824
            ],
            [
              74.2467427,
              27.4169002
            ],
            [
              74.2475796,
              27.4185763
            ],
            [
              74.2500043,
              27.4195858
            ],
            [
              74.2554102,
              27.4223366
            ],
            [
              74.256978,
              27.4230904
            ],
            [
              74.2634615,
              27.4264876
            ],
            [
              74.2713199,
              27.4276002
            ],
            [
              74.2704521,
              27.431323
            ],
            [
              74.268138,
              27.4367145
            ],
            [
              74.2618705,
              27.4442023
            ],
            [
              74.2558441,
              27.4566094
            ],
            [
              74.2499184,
              27.4676311
            ],
            [
              74.2485666,
              27.4726573
            ],
            [
              74.2430305,
              27.4703917
            ],
            [
              74.242301,
              27.4705821
            ],
            [
              74.23846,
              27.47003
            ],
            [
              74.2338681,
              27.4691733
            ],
            [
              74.232645,
              27.469059
            ],
            [
              74.2306494,
              27.4691352
            ],
            [
              74.2292118,
              27.4692113
            ],
            [
              74.2276025,
              27.4691161
            ],
            [
              74.2258858,
              27.4683927
            ],
            [
              74.2223882,
              27.4667173
            ],
            [
              74.2186761,
              27.4654036
            ],
            [
              74.2159724,
              27.4650989
            ],
            [
              74.2148137,
              27.4666411
            ],
            [
              74.2140951,
              27.4669784
            ],
            [
              74.2128877,
              27.4673897
            ],
            [
              74.2098019,
              27.4679351
            ],
            [
              74.2077649,
              27.4669267
            ],
            [
              74.2055547,
              27.465851
            ],
            [
              74.2036772,
              27.4648038
            ],
            [
              74.2037094,
              27.4643183
            ],
            [
              74.2038166,
              27.4637091
            ],
            [
              74.2040098,
              27.4621764
            ],
            [
              74.2040956,
              27.4606627
            ],
            [
              74.204117,
              27.459606
            ],
            [
              74.2039239,
              27.457959
            ],
            [
              74.203645,
              27.4570451
            ],
            [
              74.2023682,
              27.454903
            ],
            [
              74.2023146,
              27.4501426
            ],
            [
              74.2018211,
              27.4490096
            ],
            [
              74.2008018,
              27.4465151
            ],
            [
              74.2009628,
              27.4452678
            ],
            [
              74.2012203,
              27.4436873
            ],
            [
              74.2012846,
              27.4399929
            ],
            [
              74.2015743,
              27.4374029
            ],
            [
              74.2022824,
              27.4341368
            ],
            [
              74.2025936,
              27.431223
            ],
            [
              74.203366,
              27.426633
            ],
            [
              74.2038381,
              27.4242522
            ],
            [
              74.2039025,
              27.4227571
            ],
            [
              74.2033982,
              27.422519
            ],
            [
              74.2018425,
              27.4222048
            ],
            [
              74.2011773,
              27.4230618
            ],
            [
              74.2006516,
              27.4229952
            ],
            [
              74.199686,
              27.4227571
            ],
            [
              74.1979372,
              27.4228619
            ],
            [
              74.1967678,
              27.4225666
            ],
            [
              74.1953301,
              27.4220905
            ],
            [
              74.1949224,
              27.4223
            ],
            [
              74.1941821,
              27.4230523
            ],
            [
              74.1934311,
              27.4232523
            ],
            [
              74.1906524,
              27.4236142
            ],
            [
              74.1879487,
              27.4234428
            ],
            [
              74.186672,
              27.423338
            ],
            [
              74.1860497,
              27.4235856
            ],
            [
              74.1855025,
              27.4238047
            ],
            [
              74.1839039,
              27.4238999
            ],
            [
              74.1826916,
              27.4242999
            ],
            [
              74.1818976,
              27.4240237
            ],
            [
              74.1812324,
              27.4235666
            ],
            [
              74.1800308,
              27.4226809
            ],
            [
              74.1773486,
              27.4217952
            ],
            [
              74.1743016,
              27.4203191
            ],
            [
              74.16839,
              27.417443
            ],
            [
              74.1684115,
              27.4164906
            ],
            [
              74.167006,
              27.4160811
            ],
            [
              74.1627359,
              27.415062
            ],
            [
              74.1592705,
              27.4134906
            ],
            [
              74.1579616,
              27.4127953
            ],
            [
              74.1578543,
              27.412081
            ],
            [
              74.1555262,
              27.4110048
            ],
            [
              74.1543245,
              27.4121572
            ],
            [
              74.1523933,
              27.4139096
            ],
            [
              74.1513848,
              27.4141001
            ],
            [
              74.1500974,
              27.4154239
            ],
            [
              74.1482735,
              27.4181287
            ],
            [
              74.1461921,
              27.4171287
            ],
            [
              74.1448724,
              27.4198144
            ],
            [
              74.141922,
              27.4250331
            ],
            [
              74.141053,
              27.4272425
            ],
            [
              74.1419971,
              27.4278234
            ],
            [
              74.1443789,
              27.4286804
            ],
            [
              74.1467607,
              27.4294232
            ],
            [
              74.1489172,
              27.4303659
            ],
            [
              74.1489923,
              27.4308516
            ],
            [
              74.1486919,
              27.4320038
            ],
            [
              74.149282,
              27.4323466
            ],
            [
              74.1491854,
              27.4329465
            ],
            [
              74.1490567,
              27.4341844
            ],
            [
              74.1493571,
              27.435489
            ],
            [
              74.1482413,
              27.4388217
            ],
            [
              74.1470611,
              27.4427065
            ],
            [
              74.1460204,
              27.4450107
            ],
            [
              74.1452587,
              27.4471244
            ],
            [
              74.1431665,
              27.4502854
            ],
            [
              74.1422117,
              27.4516659
            ],
            [
              74.1400444,
              27.4536367
            ],
            [
              74.136225,
              27.4566357
            ],
            [
              74.1350341,
              27.4560169
            ],
            [
              74.133296,
              27.4591395
            ],
            [
              74.1326737,
              27.4601772
            ],
            [
              74.1320836,
              27.4616337
            ],
            [
              74.1309357,
              27.4613862
            ],
            [
              74.1299379,
              27.4611673
            ],
            [
              74.1289079,
              27.4608531
            ],
            [
              74.1275775,
              27.4603771
            ],
            [
              74.1268909,
              27.4601962
            ],
            [
              74.1257536,
              27.4601201
            ],
            [
              74.1249275,
              27.4602438
            ],
            [
              74.1236079,
              27.4606532
            ],
            [
              74.1223311,
              27.4605199
            ],
            [
              74.1209257,
              27.4599677
            ],
            [
              74.1192841,
              27.4589205
            ],
            [
              74.118619,
              27.4600058
            ],
            [
              74.1213333,
              27.4616623
            ],
            [
              74.1199064,
              27.4644802
            ],
            [
              74.1189194,
              27.4644516
            ],
            [
              74.1172349,
              27.4666506
            ],
            [
              74.1135335,
              27.472305
            ],
            [
              74.1120529,
              27.4740184
            ],
            [
              74.111141,
              27.4745515
            ],
            [
              74.1099501,
              27.4748561
            ],
            [
              74.1077292,
              27.4753606
            ],
            [
              74.1073966,
              27.4753987
            ],
            [
              74.1068172,
              27.4756652
            ],
            [
              74.1060233,
              27.4757699
            ],
            [
              74.1049182,
              27.4756271
            ],
            [
              74.1023648,
              27.4763886
            ],
            [
              74.0990603,
              27.4772072
            ],
            [
              74.0962064,
              27.4779211
            ],
            [
              74.094125,
              27.4780068
            ],
            [
              74.08993,
              27.4777593
            ],
            [
              74.0876233,
              27.4774071
            ],
            [
              74.0860248,
              27.4781876
            ],
            [
              74.0854025,
              27.477845
            ],
            [
              74.0847802,
              27.4774928
            ],
            [
              74.083879,
              27.4773214
            ],
            [
              74.082731,
              27.4778164
            ],
            [
              74.0823769,
              27.4781305
            ],
            [
              74.081465,
              27.4788349
            ],
            [
              74.0811109,
              27.4790919
            ],
            [
              74.080317,
              27.4796915
            ],
            [
              74.0795445,
              27.4806814
            ],
            [
              74.079448,
              27.4818522
            ],
            [
              74.0796518,
              27.4833275
            ],
            [
              74.0797484,
              27.4848694
            ],
            [
              74.0795767,
              27.4855452
            ],
            [
              74.0791261,
              27.4862495
            ],
            [
              74.0777957,
              27.4878865
            ],
            [
              74.0764761,
              27.4890477
            ],
            [
              74.074856,
              27.4900375
            ],
            [
              74.074105,
              27.4896092
            ],
            [
              74.0724099,
              27.4907894
            ],
            [
              74.070425,
              27.4923978
            ],
            [
              74.0694487,
              27.4929117
            ],
            [
              74.0680969,
              27.4935018
            ],
            [
              74.0675068,
              27.4938159
            ],
            [
              74.0672171,
              27.4947105
            ],
            [
              74.0669382,
              27.4954338
            ],
            [
              74.0664983,
              27.4958906
            ],
            [
              74.0661442,
              27.496414
            ],
            [
              74.0660183,
              27.4970987
            ],
            [
              74.0641713,
              27.5012668
            ],
            [
              74.0657022,
              27.5041644
            ],
            [
              74.0633777,
              27.5067818
            ],
            [
              74.0620579,
              27.5087039
            ],
            [
              74.0578616,
              27.5110217
            ],
            [
              74.0485085,
              27.5206028
            ],
            [
              74.0417294,
              27.5255216
            ],
            [
              74.0370167,
              27.526261
            ],
            [
              74.0331014,
              27.528865
            ],
            [
              74.0318326,
              27.5309545
            ],
            [
              74.0308901,
              27.5346835
            ],
            [
              74.0283162,
              27.5349407
            ],
            [
              74.0253435,
              27.5337513
            ],
            [
              74.0225158,
              27.5322725
            ],
            [
              74.0198332,
              27.5289936
            ],
            [
              74.016788,
              27.5264217
            ],
            [
              74.0148304,
              27.5250715
            ],
            [
              74.0116402,
              27.5234319
            ],
            [
              74.0076163,
              27.5202491
            ],
            [
              74.0070362,
              27.5188345
            ],
            [
              74.007725,
              27.5171305
            ],
            [
              74.0094289,
              27.5157802
            ],
            [
              74.0101177,
              27.5145263
            ],
            [
              74.0096826,
              27.513626
            ],
            [
              74.0079425,
              27.51279
            ],
            [
              74.0063474,
              27.5122756
            ],
            [
              74.0055499,
              27.5123399
            ],
            [
              74.0039186,
              27.5133045
            ],
            [
              74.0019972,
              27.5132402
            ],
            [
              74.0013447,
              27.5121148
            ],
            [
              74.0013084,
              27.5108931
            ],
            [
              74.0000758,
              27.5098642
            ],
            [
              73.9968187,
              27.5109112
            ],
            [
              73.9959431,
              27.5087388
            ],
            [
              73.9937031,
              27.5077671
            ],
            [
              73.9938962,
              27.50653
            ],
            [
              73.9920642,
              27.5051697
            ],
            [
              73.9898528,
              27.5046231
            ],
            [
              73.9888377,
              27.5064237
            ],
            [
              73.9889102,
              27.5080314
            ],
            [
              73.9892721,
              27.5088519
            ],
            [
              73.988327,
              27.5107622
            ],
            [
              73.9848428,
              27.5098615
            ],
            [
              73.9832974,
              27.5091519
            ],
            [
              73.98083,
              27.5081607
            ],
            [
              73.9807749,
              27.5075958
            ],
            [
              73.9781141,
              27.506844
            ],
            [
              73.9778942,
              27.5043035
            ],
            [
              73.975352,
              27.5037228
            ],
            [
              73.9716933,
              27.5035039
            ],
            [
              73.9698054,
              27.5037228
            ],
            [
              73.9649347,
              27.5046346
            ],
            [
              73.9628813,
              27.5051697
            ],
            [
              73.9603284,
              27.5055119
            ],
            [
              73.9591111,
              27.5066488
            ],
            [
              73.9576832,
              27.509105
            ],
            [
              73.9567745,
              27.5105171
            ],
            [
              73.9533876,
              27.508367
            ],
            [
              73.9516792,
              27.5083934
            ],
            [
              73.9461911,
              27.5069881
            ],
            [
              73.9451995,
              27.5041744
            ],
            [
              73.9424756,
              27.5031321
            ],
            [
              73.9420591,
              27.5008686
            ],
            [
              73.9412903,
              27.5005278
            ],
            [
              73.94026,
              27.5003143
            ],
            [
              73.9371397,
              27.5002214
            ],
            [
              73.9349283,
              27.4996426
            ],
            [
              73.9332139,
              27.4984125
            ],
            [
              73.9298888,
              27.4965651
            ],
            [
              73.9219418,
              27.4932614
            ],
            [
              73.9200175,
              27.492531
            ],
            [
              73.918322,
              27.4913506
            ],
            [
              73.9141324,
              27.4903108
            ],
            [
              73.9104243,
              27.4895885
            ],
            [
              73.908323,
              27.4893808
            ],
            [
              73.9067464,
              27.490374
            ],
            [
              73.9056837,
              27.4918268
            ],
            [
              73.9024574,
              27.4919859
            ],
            [
              73.9016819,
              27.4932068
            ],
            [
              73.9008151,
              27.4933077
            ],
            [
              73.8994206,
              27.4958531
            ],
            [
              73.8974011,
              27.495586
            ],
            [
              73.8944267,
              27.4981842
            ],
            [
              73.8933103,
              27.4989459
            ],
            [
              73.8916826,
              27.4998876
            ],
            [
              73.8915346,
              27.5031797
            ],
            [
              73.8911281,
              27.5059979
            ],
            [
              73.8890968,
              27.5109841
            ],
            [
              73.8880885,
              27.5147135
            ],
            [
              73.8873824,
              27.5150317
            ],
            [
              73.886565,
              27.5166356
            ],
            [
              73.8830516,
              27.5254287
            ],
            [
              73.8815868,
              27.5286335
            ],
            [
              73.8798207,
              27.5337873
            ],
            [
              73.8783751,
              27.5375802
            ],
            [
              73.8780126,
              27.5381909
            ],
            [
              73.8773557,
              27.5387957
            ],
            [
              73.8743438,
              27.5379504
            ],
            [
              73.870823,
              27.5373137
            ],
            [
              73.8647611,
              27.5353599
            ],
            [
              73.8614353,
              27.5359342
            ],
            [
              73.8568675,
              27.5315258
            ],
            [
              73.8538286,
              27.5306446
            ],
            [
              73.8505268,
              27.5284528
            ],
            [
              73.8479707,
              27.5258494
            ],
            [
              73.8469219,
              27.5247422
            ],
            [
              73.8453421,
              27.5226051
            ],
            [
              73.8433385,
              27.5212027
            ],
            [
              73.8439393,
              27.5195567
            ],
            [
              73.843596,
              27.5168734
            ],
            [
              73.8393232,
              27.514955
            ],
            [
              73.8368904,
              27.5118874
            ],
            [
              73.834058,
              27.5106694
            ],
            [
              73.8324567,
              27.5083607
            ],
            [
              73.8291739,
              27.505686
            ],
            [
              73.8276217,
              27.5049192
            ],
            [
              73.8260007,
              27.5042557
            ],
            [
              73.8233185,
              27.5031137
            ],
            [
              73.8204646,
              27.5014959
            ],
            [
              73.8188767,
              27.5002968
            ],
            [
              73.8163876,
              27.5000684
            ],
            [
              73.8146281,
              27.5001636
            ],
            [
              73.813641,
              27.5002207
            ],
            [
              73.812375,
              27.4993261
            ],
            [
              73.8107443,
              27.4983554
            ],
            [
              73.8094353,
              27.4979748
            ],
            [
              73.8087487,
              27.4983745
            ],
            [
              73.8079762,
              27.4995545
            ],
            [
              73.8067317,
              27.4991929
            ],
            [
              73.8054442,
              27.4989835
            ],
            [
              73.8037491,
              27.4989835
            ],
            [
              73.8025689,
              27.4994974
            ],
            [
              73.8016462,
              27.4999162
            ],
            [
              73.8001656,
              27.4995926
            ],
            [
              73.8001227,
              27.498127
            ],
            [
              73.7987494,
              27.4978415
            ],
            [
              73.7952733,
              27.4982032
            ],
            [
              73.7929559,
              27.4994594
            ],
            [
              73.7905097,
              27.500982
            ],
            [
              73.7893295,
              27.5022192
            ],
            [
              73.7890076,
              27.5035134
            ],
            [
              73.7889433,
              27.5043318
            ],
            [
              73.7887716,
              27.5046744
            ],
            [
              73.7880635,
              27.5054547
            ],
            [
              73.7870121,
              27.5060257
            ],
            [
              73.7856173,
              27.5069011
            ],
            [
              73.7844586,
              27.5079289
            ],
            [
              73.7833643,
              27.509223
            ],
            [
              73.7823772,
              27.5108217
            ],
            [
              73.7803387,
              27.5130102
            ],
            [
              73.7801027,
              27.5134099
            ],
            [
              73.779459,
              27.5137334
            ],
            [
              73.7793946,
              27.5145708
            ],
            [
              73.7791371,
              27.5150275
            ],
            [
              73.7786007,
              27.5160361
            ],
            [
              73.7783646,
              27.5168354
            ],
            [
              73.7778067,
              27.5183007
            ],
            [
              73.7767982,
              27.518472
            ],
            [
              73.7760258,
              27.5199944
            ],
            [
              73.7747812,
              27.5231723
            ],
            [
              73.7738371,
              27.5248468
            ],
            [
              73.7731933,
              27.525627
            ],
            [
              73.7723136,
              27.526255
            ],
            [
              73.7722277,
              27.5268068
            ],
            [
              73.7723779,
              27.5273206
            ],
            [
              73.7722277,
              27.5278343
            ],
            [
              73.7714338,
              27.52831
            ],
            [
              73.7707686,
              27.5284813
            ],
            [
              73.7695241,
              27.5286145
            ],
            [
              73.7678075,
              27.5285003
            ],
            [
              73.7665844,
              27.5288428
            ],
            [
              73.7655973,
              27.5295659
            ],
            [
              73.7644386,
              27.5306695
            ],
            [
              73.7634301,
              27.5318112
            ],
            [
              73.7620568,
              27.533048
            ],
            [
              73.7610483,
              27.5327055
            ],
            [
              73.7602544,
              27.5339613
            ],
            [
              73.7590098,
              27.5335237
            ],
            [
              73.7586879,
              27.5341516
            ],
            [
              73.7580013,
              27.5349888
            ],
            [
              73.7574434,
              27.5349127
            ],
            [
              73.755083,
              27.5344941
            ],
            [
              73.7541389,
              27.5351791
            ],
            [
              73.7525081,
              27.535141
            ],
            [
              73.7510919,
              27.5342658
            ],
            [
              73.749504,
              27.5343038
            ],
            [
              73.7482166,
              27.5343799
            ],
            [
              73.7468004,
              27.5336188
            ],
            [
              73.7442684,
              27.5328197
            ],
            [
              73.7440538,
              27.5313355
            ],
            [
              73.74444,
              27.5300416
            ],
            [
              73.7455988,
              27.528291
            ],
            [
              73.7451696,
              27.5277582
            ],
            [
              73.7430667,
              27.526959
            ],
            [
              73.7401914,
              27.5257032
            ],
            [
              73.7369299,
              27.5241047
            ],
            [
              73.7343549,
              27.5219735
            ],
            [
              73.7332391,
              27.5224682
            ],
            [
              73.7271452,
              27.5202227
            ],
            [
              73.7240552,
              27.522316
            ],
            [
              73.7207508,
              27.5199944
            ],
            [
              73.7171888,
              27.5194235
            ],
            [
              73.7138843,
              27.5193854
            ],
            [
              73.7113094,
              27.5202608
            ],
            [
              73.7103653,
              27.5202608
            ],
            [
              73.7061166,
              27.519728
            ],
            [
              73.7045717,
              27.5195377
            ],
            [
              73.7040138,
              27.5217832
            ],
            [
              73.7021255,
              27.5253226
            ],
            [
              73.7010097,
              27.5273777
            ],
            [
              73.7001514,
              27.5293566
            ],
            [
              73.6984777,
              27.5305744
            ],
            [
              73.6973619,
              27.5316019
            ],
            [
              73.6962032,
              27.5349888
            ],
            [
              73.6948299,
              27.5363968
            ],
            [
              73.6943149,
              27.5382234
            ],
            [
              73.6938428,
              27.5391747
            ],
            [
              73.6923408,
              27.5403163
            ],
            [
              73.6911821,
              27.5411915
            ],
            [
              73.690238,
              27.5419525
            ],
            [
              73.6893367,
              27.5427896
            ],
            [
              73.6886072,
              27.5439312
            ],
            [
              73.6889076,
              27.5462903
            ],
            [
              73.6869335,
              27.5463284
            ],
            [
              73.6863327,
              27.5466708
            ],
            [
              73.6856031,
              27.5480026
            ],
            [
              73.6850452,
              27.5493343
            ],
            [
              73.6835861,
              27.5509704
            ],
            [
              73.6825132,
              27.5510085
            ],
            [
              73.6819553,
              27.5514651
            ],
            [
              73.6813545,
              27.5525685
            ],
            [
              73.6807107,
              27.5531392
            ],
            [
              73.6797237,
              27.5539762
            ],
            [
              73.6786937,
              27.5543948
            ],
            [
              73.6754751,
              27.5535577
            ],
            [
              73.6747884,
              27.5549655
            ],
            [
              73.6723852,
              27.5563352
            ],
            [
              73.6707544,
              27.5570581
            ],
            [
              73.6706256,
              27.558656
            ],
            [
              73.6692953,
              27.5589984
            ],
            [
              73.6687374,
              27.5593789
            ],
            [
              73.6680507,
              27.5601398
            ],
            [
              73.6672782,
              27.5615094
            ],
            [
              73.6658191,
              27.5629171
            ],
            [
              73.66539,
              27.5653519
            ],
            [
              73.6641454,
              27.5652758
            ],
            [
              73.66333,
              27.5658084
            ],
            [
              73.6627721,
              27.5658845
            ],
            [
              73.6599397,
              27.5651997
            ],
            [
              73.6597251,
              27.5656563
            ],
            [
              73.6576223,
              27.5656182
            ],
            [
              73.6566352,
              27.5647812
            ],
            [
              73.6548757,
              27.5630693
            ],
            [
              73.6535883,
              27.5625366
            ],
            [
              73.6512708,
              27.56033
            ],
            [
              73.6490392,
              27.5591126
            ],
            [
              73.6435031,
              27.5550796
            ],
            [
              73.6412715,
              27.550628
            ],
            [
              73.6395549,
              27.5492963
            ],
            [
              73.6370229,
              27.5475079
            ],
            [
              73.6325168,
              27.5448444
            ],
            [
              73.6323452,
              27.5433985
            ],
            [
              73.6292553,
              27.5424852
            ],
            [
              73.626337,
              27.5405826
            ],
            [
              73.6254787,
              27.5409632
            ],
            [
              73.6210584,
              27.5397455
            ],
            [
              73.6200714,
              27.5412295
            ],
            [
              73.6159515,
              27.537957
            ],
            [
              73.6237621,
              27.52694
            ],
            [
              73.6267662,
              27.5213455
            ],
            [
              73.6288261,
              27.5175776
            ],
            [
              73.6277318,
              27.5168735
            ],
            [
              73.6257577,
              27.5157887
            ],
            [
              73.6217022,
              27.5125345
            ],
            [
              73.6173677,
              27.5087472
            ],
            [
              73.6153078,
              27.5071866
            ],
            [
              73.615694,
              27.5049599
            ],
            [
              73.615222,
              27.5043318
            ],
            [
              73.6142993,
              27.503875
            ],
            [
              73.6144709,
              27.5031518
            ],
            [
              73.6135912,
              27.5025427
            ],
            [
              73.6140203,
              27.5017053
            ],
            [
              73.6133766,
              27.4999542
            ],
            [
              73.6135053,
              27.4990216
            ],
            [
              73.6136555,
              27.4979938
            ],
            [
              73.6133337,
              27.4973276
            ],
            [
              73.6120677,
              27.496395
            ],
            [
              73.6114883,
              27.4960333
            ],
            [
              73.6105013,
              27.4952149
            ],
            [
              73.6104798,
              27.4945296
            ],
            [
              73.6112737,
              27.4943583
            ],
            [
              73.6121106,
              27.494168
            ],
            [
              73.6118102,
              27.4923026
            ],
            [
              73.6123037,
              27.491941
            ],
            [
              73.6127543,
              27.4916935
            ],
            [
              73.6132478,
              27.4911986
            ],
            [
              73.6128831,
              27.4905895
            ],
            [
              73.61166,
              27.4902659
            ],
            [
              73.6113381,
              27.4895997
            ],
            [
              73.610909,
              27.4887241
            ],
            [
              73.6086988,
              27.4882863
            ],
            [
              73.6072826,
              27.4873726
            ],
            [
              73.6067247,
              27.4880388
            ],
            [
              73.6049866,
              27.487049
            ],
            [
              73.6038494,
              27.4868967
            ],
            [
              73.6019397,
              27.4865921
            ],
            [
              73.5991072,
              27.4860591
            ],
            [
              73.5971331,
              27.4853929
            ],
            [
              73.5950947,
              27.4844411
            ],
            [
              73.5941076,
              27.4835464
            ],
            [
              73.5935926,
              27.4824423
            ],
            [
              73.5927772,
              27.4823471
            ],
            [
              73.5909104,
              27.4867063
            ],
            [
              73.5901594,
              27.4867634
            ],
            [
              73.5871339,
              27.4858878
            ],
            [
              73.5828423,
              27.4840604
            ],
            [
              73.5786366,
              27.4816618
            ],
            [
              73.5781431,
              27.4826707
            ],
            [
              73.5777569,
              27.4834703
            ],
            [
              73.5761475,
              27.4874487
            ],
            [
              73.5710406,
              27.4844411
            ],
            [
              73.5706973,
              27.484936
            ],
            [
              73.5685515,
              27.4878675
            ],
            [
              73.5676074,
              27.489219
            ],
            [
              73.5669207,
              27.4900185
            ],
            [
              73.5661483,
              27.4907037
            ],
            [
              73.5652256,
              27.4913128
            ],
            [
              73.5639381,
              27.4916745
            ],
            [
              73.5625863,
              27.4920933
            ],
            [
              73.5613632,
              27.4928737
            ],
            [
              73.5602045,
              27.4925881
            ],
            [
              73.5594749,
              27.4922455
            ],
            [
              73.5582948,
              27.491941
            ],
            [
              73.5571146,
              27.491941
            ],
            [
              73.5560632,
              27.49196
            ],
            [
              73.5549259,
              27.4921123
            ],
            [
              73.5545826,
              27.4925881
            ],
            [
              73.5544324,
              27.4931782
            ],
            [
              73.5539174,
              27.4941299
            ],
            [
              73.5532737,
              27.4938825
            ],
            [
              73.5529947,
              27.4939967
            ],
            [
              73.5525226,
              27.4945677
            ],
            [
              73.5517287,
              27.4950626
            ],
            [
              73.5506344,
              27.4951197
            ],
            [
              73.549025,
              27.4954433
            ],
            [
              73.5467934,
              27.4965472
            ],
            [
              73.543961,
              27.4963188
            ],
            [
              73.5417723,
              27.4949484
            ],
            [
              73.5415792,
              27.4938063
            ],
            [
              73.5390258,
              27.4911034
            ],
            [
              73.530271,
              27.4857546
            ],
            [
              73.5276961,
              27.4829753
            ],
            [
              73.5275244,
              27.4813763
            ],
            [
              73.5266661,
              27.4793774
            ],
            [
              73.524456,
              27.477607
            ],
            [
              73.5255503,
              27.4749037
            ],
            [
              73.5245633,
              27.4731713
            ],
            [
              73.5248637,
              27.4714579
            ],
            [
              73.5191774,
              27.4680119
            ],
            [
              73.5222888,
              27.4615766
            ],
            [
              73.5183722,
              27.458523
            ],
            [
              73.5171604,
              27.4575782
            ],
            [
              73.5212588,
              27.4532369
            ],
            [
              73.516581,
              27.4512946
            ],
            [
              73.5219025,
              27.4457153
            ],
            [
              73.5208726,
              27.4448774
            ],
            [
              73.5194564,
              27.4442871
            ],
            [
              73.5194305,
              27.4442203
            ],
            [
              73.5189843,
              27.4430684
            ],
            [
              73.5181904,
              27.4423638
            ],
            [
              73.5158515,
              27.4417163
            ],
            [
              73.5098862,
              27.4379457
            ],
            [
              73.5057294,
              27.4356982
            ],
            [
              73.502419,
              27.4339083
            ],
            [
              73.5026765,
              27.4303088
            ],
            [
              73.5022044,
              27.4282138
            ],
            [
              73.5018825,
              27.4267282
            ],
            [
              73.5026121,
              27.4257569
            ],
            [
              73.5030842,
              27.4246903
            ],
            [
              73.5028267,
              27.423319
            ],
            [
              73.502419,
              27.421262
            ],
            [
              73.5033631,
              27.4184049
            ],
            [
              73.5029125,
              27.417624
            ],
            [
              73.5010242,
              27.4157573
            ],
            [
              73.501153,
              27.4144239
            ],
            [
              73.5001659,
              27.4129572
            ],
            [
              73.500025,
              27.412597
            ],
            [
              73.4996295,
              27.4115858
            ],
            [
              73.5002732,
              27.4094333
            ],
            [
              73.5010671,
              27.408938
            ],
            [
              73.501389,
              27.4068997
            ],
            [
              73.5011315,
              27.4046138
            ],
            [
              73.5002517,
              27.3983844
            ],
            [
              73.499608,
              27.3945361
            ],
            [
              73.5000801,
              27.3913163
            ],
            [
              73.5017109,
              27.3911639
            ],
            [
              73.5019898,
              27.3896017
            ],
            [
              73.5023331,
              27.3880584
            ],
            [
              73.5021615,
              27.386458
            ],
            [
              73.5029125,
              27.3856006
            ],
            [
              73.5047149,
              27.3860198
            ],
            [
              73.5055733,
              27.3851052
            ],
            [
              73.506217,
              27.3849909
            ],
            [
              73.5077834,
              27.3854291
            ],
            [
              73.5106158,
              27.3873344
            ],
            [
              73.5117531,
              27.3856578
            ],
            [
              73.5128903,
              27.3859817
            ],
            [
              73.5150575,
              27.382533
            ],
            [
              73.5158086,
              27.3820758
            ],
            [
              73.5167956,
              27.3820948
            ],
            [
              73.5172891,
              27.3787985
            ],
            [
              73.5193491,
              27.3758641
            ],
            [
              73.5213661,
              27.3715958
            ],
            [
              73.5181045,
              27.3703572
            ],
            [
              73.5124826,
              27.3683564
            ],
            [
              73.5121608,
              27.3690805
            ],
            [
              73.5102296,
              27.3686231
            ],
            [
              73.5055733,
              27.3668509
            ],
            [
              73.5003161,
              27.3649072
            ],
            [
              73.4974408,
              27.3623727
            ],
            [
              73.4949732,
              27.3610768
            ],
            [
              73.4904241,
              27.3600858
            ],
            [
              73.4881711,
              27.3590948
            ],
            [
              73.4867978,
              27.3579132
            ],
            [
              73.4857678,
              27.355531
            ],
            [
              73.4857678,
              27.3519671
            ],
            [
              73.4860682,
              27.349032
            ],
            [
              73.4879136,
              27.3423229
            ],
            [
              73.4880852,
              27.3403216
            ],
            [
              73.4914541,
              27.3345651
            ],
            [
              73.4956383,
              27.3291514
            ],
            [
              73.4948659,
              27.3281411
            ],
            [
              73.4924197,
              27.3267305
            ],
            [
              73.4891581,
              27.3256629
            ],
            [
              73.4826779,
              27.323299
            ],
            [
              73.4785366,
              27.3216786
            ],
            [
              73.4773135,
              27.3210495
            ],
            [
              73.4755754,
              27.3203823
            ],
            [
              73.4727859,
              27.3197341
            ],
            [
              73.4707904,
              27.3193147
            ],
            [
              73.4657049,
              27.3181517
            ],
            [
              73.4592032,
              27.3163215
            ],
            [
              73.4556198,
              27.3147773
            ],
            [
              73.4514999,
              27.313252
            ],
            [
              73.4458565,
              27.3124132
            ],
            [
              73.4455561,
              27.3138049
            ],
            [
              73.4389472,
              27.3128898
            ],
            [
              73.4383678,
              27.3121081
            ],
            [
              73.4378293,
              27.309677
            ],
            [
              73.4367649,
              27.307093
            ],
            [
              73.4354067,
              27.3068125
            ],
            [
              73.4347308,
              27.3065647
            ],
            [
              73.4330517,
              27.3055827
            ],
            [
              73.4313351,
              27.3045388
            ],
            [
              73.4293073,
              27.3028132
            ],
            [
              73.4280521,
              27.3017693
            ],
            [
              73.4250641,
              27.3008255
            ],
            [
              73.4229505,
              27.2998912
            ],
            [
              73.4197319,
              27.2985564
            ],
            [
              73.4179723,
              27.2977079
            ],
            [
              73.4157729,
              27.2963207
            ],
            [
              73.4151506,
              27.2957153
            ],
            [
              73.4148985,
              27.295167
            ],
            [
              73.4141314,
              27.294595
            ],
            [
              73.4126347,
              27.2936225
            ],
            [
              73.4101295,
              27.2924402
            ],
            [
              73.4098184,
              27.2919349
            ],
            [
              73.4097004,
              27.2909242
            ],
            [
              73.4075868,
              27.289761
            ],
            [
              73.4058487,
              27.288531
            ],
            [
              73.4037459,
              27.2877778
            ],
            [
              73.4002483,
              27.286071
            ],
            [
              73.3966863,
              27.2839542
            ],
            [
              73.3937251,
              27.2821139
            ],
            [
              73.3932745,
              27.2817611
            ],
            [
              73.3931136,
              27.2813129
            ],
            [
              73.3931243,
              27.2805406
            ],
            [
              73.3919763,
              27.2795107
            ],
            [
              73.3890474,
              27.2773366
            ],
            [
              73.3887362,
              27.2770219
            ],
            [
              73.3883607,
              27.2764784
            ],
            [
              73.3884251,
              27.2756964
            ],
            [
              73.388071,
              27.2752673
            ],
            [
              73.3858502,
              27.2738083
            ],
            [
              73.3824062,
              27.2721681
            ],
            [
              73.3819342,
              27.2719678
            ],
            [
              73.3813226,
              27.2716436
            ],
            [
              73.3806252,
              27.2713384
            ],
            [
              73.3799708,
              27.2708425
            ],
            [
              73.3791554,
              27.2700701
            ],
            [
              73.3791017,
              27.2697363
            ],
            [
              73.3791876,
              27.2692595
            ],
            [
              73.3788657,
              27.2688399
            ],
            [
              73.3778357,
              27.268487
            ],
            [
              73.3768487,
              27.2682391
            ],
            [
              73.3767736,
              27.2686205
            ],
            [
              73.3767736,
              27.2692976
            ],
            [
              73.3770633,
              27.2707949
            ],
            [
              73.3765268,
              27.273322
            ],
            [
              73.3694029,
              27.2692976
            ],
            [
              73.3639097,
              27.2656165
            ],
            [
              73.3607983,
              27.2623167
            ],
            [
              73.3509385,
              27.2538475
            ],
            [
              73.3480203,
              27.2511864
            ],
            [
              73.3460033,
              27.2487256
            ],
            [
              73.343246,
              27.2450056
            ],
            [
              73.3428705,
              27.2432028
            ],
            [
              73.3421838,
              27.2425351
            ],
            [
              73.3416581,
              27.2422012
            ],
            [
              73.3407462,
              27.2417815
            ],
            [
              73.3403921,
              27.2412378
            ],
            [
              73.3398235,
              27.2406178
            ],
            [
              73.3387399,
              27.2399787
            ],
            [
              73.3388579,
              27.2394827
            ],
            [
              73.3389115,
              27.2387291
            ],
            [
              73.338933,
              27.2377656
            ],
            [
              73.3389223,
              27.2361249
            ],
            [
              73.3383429,
              27.2335778
            ],
            [
              73.3376026,
              27.2309258
            ],
            [
              73.337152,
              27.2287984
            ],
            [
              73.337388,
              27.2253735
            ],
            [
              73.3378279,
              27.223227
            ],
            [
              73.3375704,
              27.2221298
            ],
            [
              73.3365619,
              27.2209468
            ],
            [
              73.3355749,
              27.2195062
            ],
            [
              73.3381498,
              27.2191054
            ],
            [
              73.3400381,
              27.2188383
            ],
            [
              73.3405423,
              27.218428
            ],
            [
              73.3414006,
              27.2174263
            ],
            [
              73.3428705,
              27.2163195
            ],
            [
              73.3435893,
              27.2159188
            ],
            [
              73.3443618,
              27.2157757
            ],
            [
              73.3457887,
              27.2142205
            ],
            [
              73.3464539,
              27.2145639
            ],
            [
              73.3471298,
              27.2142682
            ],
            [
              73.3478594,
              27.2136957
            ],
            [
              73.3483422,
              27.2138102
            ],
            [
              73.3491039,
              27.2141155
            ],
            [
              73.3495867,
              27.2132473
            ],
            [
              73.3495653,
              27.2129706
            ],
            [
              73.3495009,
              27.2125984
            ],
            [
              73.3497906,
              27.2119019
            ],
            [
              73.3508313,
              27.2111482
            ],
            [
              73.3520973,
              27.2102608
            ],
            [
              73.3520114,
              27.2095738
            ],
            [
              73.3491468,
              27.2077227
            ],
            [
              73.3440077,
              27.2041445
            ],
            [
              73.3441472,
              27.2037628
            ],
            [
              73.3440828,
              27.2033811
            ],
            [
              73.3440077,
              27.2028182
            ],
            [
              73.3445334,
              27.2020739
            ],
            [
              73.3456492,
              27.2006902
            ],
            [
              73.3448124,
              27.2003944
            ],
            [
              73.3412504,
              27.198276
            ],
            [
              73.3407462,
              27.1975985
            ],
            [
              73.3395982,
              27.1971404
            ],
            [
              73.3395016,
              27.1970259
            ],
            [
              73.3394158,
              27.1965297
            ],
            [
              73.3395338,
              27.1960048
            ],
            [
              73.339448,
              27.1955086
            ],
            [
              73.339051,
              27.1949742
            ],
            [
              73.3378279,
              27.1936859
            ],
            [
              73.3359611,
              27.1923785
            ],
            [
              73.3361542,
              27.1917582
            ],
            [
              73.3370018,
              27.1906703
            ],
            [
              73.3328926,
              27.1890193
            ],
            [
              73.3311653,
              27.1881509
            ],
            [
              73.3310687,
              27.1871679
            ],
            [
              73.3312297,
              27.1854596
            ],
            [
              73.327142,
              27.1829592
            ],
            [
              73.3260906,
              27.1845243
            ],
            [
              73.3267021,
              27.1854405
            ],
            [
              73.3262837,
              27.1862995
            ],
            [
              73.3260155,
              27.1868434
            ],
            [
              73.3257043,
              27.1878169
            ],
            [
              73.3260262,
              27.188399
            ],
            [
              73.3269703,
              27.1895633
            ],
            [
              73.32829,
              27.191262
            ],
            [
              73.3257472,
              27.1948979
            ],
            [
              73.3249426,
              27.1950887
            ],
            [
              73.3241486,
              27.1959094
            ],
            [
              73.3231294,
              27.1956899
            ],
            [
              73.3219707,
              27.1954132
            ],
            [
              73.3194494,
              27.1952892
            ],
            [
              73.3192992,
              27.1955182
            ],
            [
              73.3187198,
              27.1959762
            ],
            [
              73.3181619,
              27.1966251
            ],
            [
              73.3173895,
              27.1976939
            ],
            [
              73.316853,
              27.197274
            ],
            [
              73.3159089,
              27.1964725
            ],
            [
              73.3144712,
              27.1955754
            ],
            [
              73.3136987,
              27.1965488
            ],
            [
              73.3133125,
              27.1972359
            ],
            [
              73.3127546,
              27.1981329
            ],
            [
              73.3116603,
              27.1993734
            ],
            [
              73.3107805,
              27.2003467
            ],
            [
              73.3088064,
              27.2000605
            ],
            [
              73.3084416,
              27.2004994
            ],
            [
              73.3079481,
              27.2012819
            ],
            [
              73.3077335,
              27.201988
            ],
            [
              73.3077335,
              27.2028468
            ],
            [
              73.3075189,
              27.2042018
            ],
            [
              73.3071327,
              27.2062438
            ],
            [
              73.3065748,
              27.2075796
            ],
            [
              73.3043217,
              27.2096788
            ],
            [
              73.302691,
              27.2119496
            ],
            [
              73.3005023,
              27.2151937
            ],
            [
              73.2999658,
              27.2164149
            ],
            [
              73.298893,
              27.2188956
            ],
            [
              73.2972622,
              27.223227
            ],
            [
              73.2957816,
              27.2248107
            ],
            [
              73.2942796,
              27.2263753
            ],
            [
              73.2934427,
              27.2273865
            ],
            [
              73.2927131,
              27.2283214
            ],
            [
              73.292005,
              27.2289129
            ],
            [
              73.2910824,
              27.2300386
            ],
            [
              73.2900524,
              27.2324426
            ],
            [
              73.2888937,
              27.2325571
            ],
            [
              73.2880783,
              27.234217
            ],
            [
              73.2877564,
              27.2345032
            ],
            [
              73.2865977,
              27.2352473
            ],
            [
              73.2854819,
              27.2357051
            ],
            [
              73.2837009,
              27.2359532
            ],
            [
              73.2834863,
              27.2362012
            ],
            [
              73.283143,
              27.2369643
            ],
            [
              73.2826924,
              27.2377275
            ],
            [
              73.2813835,
              27.2382426
            ],
            [
              73.2805252,
              27.2391583
            ],
            [
              73.2799673,
              27.2395781
            ],
            [
              73.2791734,
              27.2399978
            ],
            [
              73.2783794,
              27.2406273
            ],
            [
              73.2773709,
              27.2408181
            ],
            [
              73.2768988,
              27.2408181
            ],
            [
              73.2765341,
              27.2417529
            ],
            [
              73.2764053,
              27.2433936
            ],
            [
              73.2738304,
              27.2456256
            ],
            [
              73.2727146,
              27.2468847
            ],
            [
              73.2710624,
              27.2483154
            ],
            [
              73.2688951,
              27.2494219
            ],
            [
              73.2679724,
              27.2501086
            ],
            [
              73.2667494,
              27.2515012
            ],
            [
              73.2644963,
              27.2553545
            ],
            [
              73.2624793,
              27.25524
            ],
            [
              73.2617283,
              27.2550683
            ],
            [
              73.2614064,
              27.2556978
            ],
            [
              73.2611275,
              27.2564608
            ],
            [
              73.2607627,
              27.257262
            ],
            [
              73.2603121,
              27.2580059
            ],
            [
              73.2599473,
              27.2589406
            ],
            [
              73.2593465,
              27.2600087
            ],
            [
              73.2586384,
              27.2599897
            ],
            [
              73.2578444,
              27.2605238
            ],
            [
              73.2572007,
              27.262126
            ],
            [
              73.2582092,
              27.2636328
            ],
            [
              73.2594323,
              27.2659217
            ],
            [
              73.2607627,
              27.2675048
            ],
            [
              73.2608914,
              27.2689353
            ],
            [
              73.2569647,
              27.2759348
            ],
            [
              73.2549047,
              27.2792342
            ],
            [
              73.2536387,
              27.2808552
            ],
            [
              73.2515359,
              27.2829149
            ],
            [
              73.2517075,
              27.2839256
            ],
            [
              73.2514715,
              27.2843452
            ],
            [
              73.2498407,
              27.2831819
            ],
            [
              73.2492399,
              27.2835824
            ],
            [
              73.2497334,
              27.2844977
            ],
            [
              73.2478452,
              27.2866717
            ],
            [
              73.2462573,
              27.2856038
            ],
            [
              73.2464826,
              27.2878827
            ],
            [
              73.2463539,
              27.2880066
            ],
            [
              73.2455599,
              27.2884357
            ],
            [
              73.2448304,
              27.2887122
            ],
            [
              73.2438326,
              27.2890936
            ],
            [
              73.2433283,
              27.2897991
            ],
            [
              73.2396591,
              27.2927167
            ],
            [
              73.2406568,
              27.2944138
            ],
            [
              73.2399166,
              27.295005
            ],
            [
              73.2394338,
              27.2956438
            ],
            [
              73.2398951,
              27.2961681
            ],
            [
              73.2403028,
              27.2964732
            ],
            [
              73.2414293,
              27.2975125
            ],
            [
              73.2423413,
              27.2983705
            ],
            [
              73.2428992,
              27.2992667
            ],
            [
              73.2431352,
              27.3000103
            ],
            [
              73.2422018,
              27.300344
            ],
            [
              73.2417083,
              27.3004966
            ],
            [
              73.2407749,
              27.3007921
            ],
            [
              73.2400775,
              27.3011353
            ],
            [
              73.2397771,
              27.301755
            ],
            [
              73.2395089,
              27.3022984
            ],
            [
              73.2392836,
              27.302737
            ],
            [
              73.2394123,
              27.3043195
            ],
            [
              73.2392943,
              27.3046246
            ],
            [
              73.2391655,
              27.3051108
            ],
            [
              73.2392514,
              27.305311
            ],
            [
              73.2400775,
              27.3056638
            ],
            [
              73.2406676,
              27.306007
            ],
            [
              73.241086,
              27.3062739
            ],
            [
              73.2418692,
              27.306741
            ],
            [
              73.2427919,
              27.3074751
            ],
            [
              73.2448089,
              27.3099632
            ],
            [
              73.2465255,
              27.3116696
            ],
            [
              73.246268,
              27.3120795
            ],
            [
              73.2459247,
              27.3124418
            ],
            [
              73.2453561,
              27.3129375
            ],
            [
              73.2447767,
              27.313681
            ],
            [
              73.2446051,
              27.3148249
            ],
            [
              73.2427382,
              27.3164264
            ],
            [
              73.2425129,
              27.31676
            ],
            [
              73.2421482,
              27.3172176
            ],
            [
              73.2415903,
              27.3178848
            ],
            [
              73.2413971,
              27.318371
            ],
            [
              73.24144,
              27.3191621
            ],
            [
              73.2414508,
              27.3207826
            ],
            [
              73.241322,
              27.3215452
            ],
            [
              73.2410967,
              27.3218788
            ],
            [
              73.2405603,
              27.322079
            ],
            [
              73.2397878,
              27.3220694
            ],
            [
              73.2390153,
              27.3219455
            ],
            [
              73.2381248,
              27.3217072
            ],
            [
              73.2373202,
              27.3213545
            ],
            [
              73.2363868,
              27.3209447
            ],
            [
              73.2358289,
              27.3209923
            ],
            [
              73.2355177,
              27.3213641
            ],
            [
              73.2352388,
              27.3218693
            ],
            [
              73.2349491,
              27.322527
            ],
            [
              73.2351851,
              27.3229082
            ],
            [
              73.2352495,
              27.3231942
            ],
            [
              73.2350993,
              27.3234801
            ],
            [
              73.2345843,
              27.3241569
            ],
            [
              73.2341123,
              27.3247574
            ],
            [
              73.2337582,
              27.3247002
            ],
            [
              73.2330179,
              27.3244143
            ],
            [
              73.2325351,
              27.3241474
            ],
            [
              73.2320523,
              27.3239281
            ],
            [
              73.2316553,
              27.3240521
            ],
            [
              73.2314193,
              27.3243571
            ],
            [
              73.2309258,
              27.3250529
            ],
            [
              73.2306683,
              27.3255104
            ],
            [
              73.2301426,
              27.3265208
            ],
            [
              73.2300997,
              27.3270926
            ],
            [
              73.2301855,
              27.3274739
            ],
            [
              73.2305288,
              27.3278456
            ],
            [
              73.2306254,
              27.3280363
            ],
            [
              73.230679,
              27.3284652
            ],
            [
              73.2307649,
              27.3290752
            ],
            [
              73.230443,
              27.3299139
            ],
            [
              73.2300997,
              27.3306097
            ],
            [
              73.2298636,
              27.3311816
            ],
            [
              73.2294452,
              27.3316009
            ],
            [
              73.2286405,
              27.3320298
            ],
            [
              73.2284582,
              27.3322967
            ],
            [
              73.2285976,
              27.3327828
            ],
            [
              73.2287049,
              27.3333928
            ],
            [
              73.2286942,
              27.3338693
            ],
            [
              73.2285225,
              27.3343363
            ],
            [
              73.2277501,
              27.3349844
            ],
            [
              73.2260334,
              27.3353847
            ],
            [
              73.2255614,
              27.335299
            ],
            [
              73.2251966,
              27.3351655
            ],
            [
              73.2246709,
              27.3349463
            ],
            [
              73.2241452,
              27.3348129
            ],
            [
              73.2236409,
              27.3348129
            ],
            [
              73.2226324,
              27.3349273
            ],
            [
              73.2213342,
              27.3350798
            ],
            [
              73.2197785,
              27.335299
            ],
            [
              73.2187915,
              27.3347366
            ],
            [
              73.2167208,
              27.3331736
            ],
            [
              73.2137275,
              27.3318202
            ],
            [
              73.2121289,
              27.3303238
            ],
            [
              73.2098436,
              27.328713
            ],
            [
              73.208245,
              27.3274167
            ],
            [
              73.2076013,
              27.3268734
            ],
            [
              73.2071185,
              27.3264636
            ],
            [
              73.2068503,
              27.3266637
            ],
            [
              73.2064104,
              27.3271498
            ],
            [
              73.2059491,
              27.327188
            ],
            [
              73.2052946,
              27.3261681
            ],
            [
              73.2045114,
              27.3252816
            ],
            [
              73.2038677,
              27.3247955
            ],
            [
              73.2026124,
              27.3247193
            ],
            [
              73.200767,
              27.3243761
            ],
            [
              73.1999516,
              27.3238138
            ],
            [
              73.1976879,
              27.3219836
            ],
            [
              73.1961,
              27.3212497
            ],
            [
              73.1958532,
              27.3209732
            ],
            [
              73.1956816,
              27.3199724
            ],
            [
              73.192817,
              27.3181136
            ],
            [
              73.1926024,
              27.3178562
            ],
            [
              73.1920874,
              27.3171508
            ],
            [
              73.1909501,
              27.3164168
            ],
            [
              73.1885791,
              27.3155494
            ],
            [
              73.1875169,
              27.3150156
            ],
            [
              73.1870019,
              27.3146247
            ],
            [
              73.1869268,
              27.3139861
            ],
            [
              73.1874204,
              27.3113455
            ],
            [
              73.1875598,
              27.3098583
            ],
            [
              73.1872809,
              27.308886
            ],
            [
              73.1833219,
              27.3055112
            ],
            [
              73.1828821,
              27.3044435
            ],
            [
              73.1836975,
              27.3010305
            ],
            [
              73.1839442,
              27.2998483
            ],
            [
              73.1831288,
              27.2982466
            ],
            [
              73.1825066,
              27.2961586
            ],
            [
              73.1821632,
              27.2931267
            ],
            [
              73.1819808,
              27.29142
            ],
            [
              73.1822598,
              27.2897705
            ],
            [
              73.1822276,
              27.2883785
            ],
            [
              73.1818628,
              27.2878731
            ],
            [
              73.1812191,
              27.2874917
            ],
            [
              73.180232,
              27.2873582
            ],
            [
              73.1788587,
              27.2873106
            ],
            [
              73.1777322,
              27.2871199
            ],
            [
              73.1771743,
              27.2869578
            ],
            [
              73.1760263,
              27.2873201
            ],
            [
              73.1722176,
              27.2881306
            ],
            [
              73.1672501,
              27.2881592
            ],
            [
              73.1647396,
              27.2884833
            ],
            [
              73.1639671,
              27.2888933
            ],
            [
              73.1638276,
              27.2892175
            ],
            [
              73.1638491,
              27.2894654
            ],
            [
              73.1640315,
              27.2898373
            ],
            [
              73.1641495,
              27.2905524
            ],
            [
              73.1629693,
              27.2909719
            ],
            [
              73.1616819,
              27.2910386
            ],
            [
              73.159858,
              27.2913438
            ],
            [
              73.1601691,
              27.2935558
            ],
            [
              73.1586456,
              27.2935081
            ],
            [
              73.1578302,
              27.2938036
            ],
            [
              73.154515,
              27.2954054
            ],
            [
              73.1527662,
              27.2966544
            ],
            [
              73.1518435,
              27.2975887
            ],
            [
              73.1520688,
              27.2981608
            ],
            [
              73.1512427,
              27.2986756
            ],
            [
              73.149848,
              27.299343
            ],
            [
              73.1475842,
              27.3001438
            ],
            [
              73.1466508,
              27.3006586
            ],
            [
              73.1462538,
              27.3015453
            ],
            [
              73.1455886,
              27.3009637
            ],
            [
              73.1440759,
              27.3034139
            ],
            [
              73.1428957,
              27.3034997
            ],
            [
              73.1427562,
              27.3037952
            ],
            [
              73.1423807,
              27.3041575
            ],
            [
              73.1416404,
              27.304434
            ],
            [
              73.1404388,
              27.3050536
            ],
            [
              73.1393766,
              27.3056542
            ],
            [
              73.1371322,
              27.3074748
            ],
            [
              73.1339744,
              27.3095104
            ],
            [
              73.1315339,
              27.3075323
            ],
            [
              73.1307828,
              27.3062644
            ],
            [
              73.1296885,
              27.3047676
            ],
            [
              73.1290018,
              27.3043386
            ],
            [
              73.127414,
              27.3035759
            ],
            [
              73.1272316,
              27.3031374
            ],
            [
              73.1277466,
              27.3019743
            ],
            [
              73.128283,
              27.3007254
            ],
            [
              73.1300211,
              27.300058
            ],
            [
              73.130697,
              27.2998292
            ],
            [
              73.130697,
              27.2996481
            ],
            [
              73.1306434,
              27.2991904
            ],
            [
              73.1308257,
              27.2987137
            ],
            [
              73.1310832,
              27.2985612
            ],
            [
              73.1315339,
              27.2983038
            ],
            [
              73.1317913,
              27.2978747
            ],
            [
              73.131727,
              27.2975315
            ],
            [
              73.1313944,
              27.296826
            ],
            [
              73.1293559,
              27.2951098
            ],
            [
              73.1277788,
              27.2939467
            ],
            [
              73.1245172,
              27.2925928
            ],
            [
              73.1231439,
              27.2915154
            ],
            [
              73.1217813,
              27.2902663
            ],
            [
              73.1208157,
              27.2891889
            ],
            [
              73.1206012,
              27.2882831
            ],
            [
              73.1205153,
              27.2876443
            ],
            [
              73.1203329,
              27.2873201
            ],
            [
              73.1195497,
              27.287015
            ],
            [
              73.1184339,
              27.2866622
            ],
            [
              73.1186485,
              27.284698
            ],
            [
              73.1178653,
              27.2839447
            ],
            [
              73.1174254,
              27.2829625
            ],
            [
              73.11661,
              27.2809887
            ],
            [
              73.1153655,
              27.2789672
            ],
            [
              73.1153655,
              27.2779564
            ],
            [
              73.1162667,
              27.2773652
            ],
            [
              73.1181764,
              27.2762972
            ],
            [
              73.1190347,
              27.2757632
            ],
            [
              73.1188631,
              27.2752101
            ],
            [
              73.1169104,
              27.2738751
            ],
            [
              73.113842,
              27.272006
            ],
            [
              73.1123185,
              27.2708616
            ],
            [
              73.112576,
              27.2699652
            ],
            [
              73.1129622,
              27.2690688
            ],
            [
              73.1137776,
              27.2681914
            ],
            [
              73.1136489,
              27.2677337
            ],
            [
              73.1132412,
              27.2671805
            ],
            [
              73.1125116,
              27.2665511
            ],
            [
              73.1118893,
              27.2660171
            ],
            [
              73.1111598,
              27.2645484
            ],
            [
              73.1119966,
              27.2628508
            ],
            [
              73.1117177,
              27.2611532
            ],
            [
              73.1084154,
              27.2595598
            ],
            [
              73.1096363,
              27.2572811
            ],
            [
              73.109529,
              27.2568042
            ],
            [
              73.1084347,
              27.256003
            ],
            [
              73.1069755,
              27.2555452
            ],
            [
              73.1058168,
              27.2552972
            ],
            [
              73.1054306,
              27.2549157
            ],
            [
              73.104701,
              27.2544007
            ],
            [
              73.1036496,
              27.2539238
            ],
            [
              73.1022334,
              27.2533134
            ],
            [
              73.1033277,
              27.2519781
            ],
            [
              73.09762,
              27.2471899
            ],
            [
              73.0959677,
              27.2466558
            ],
            [
              73.0943584,
              27.2462742
            ],
            [
              73.0929851,
              27.2445001
            ],
            [
              73.0865907,
              27.2413141
            ],
            [
              73.0866337,
              27.240551
            ],
            [
              73.0859041,
              27.2397307
            ]
          ]
        ]
      }
    }
  ]
}