{
  "type": "FeatureCollection",
  "features": [
    {
      "type": "Feature",
      "properties": {
        "name": "Sawai Madhopur District",
        "admin_level": "5",
        "source": "OpenStreetMap/Nominatim"
      },
      "bbox": [
        75.9798252,
        25.7410652,
        76.9813107,
        26.7165224
      ],
      "geometry": {
        "type": "Polygon",
        "coordinates": [
          [
            [
              75.9798252,
              26.1985638
            ],
            [
              75.9798682,
              26.1978706
            ],
            [
              75.9805977,
              26.197062
            ],
            [
              75.9807908,
              26.1966673
            ],
            [
              75.9808338,
              26.1962148
            ],
            [
              75.9808659,
              26.1953677
            ],
            [
              75.9829601,
              26.1965046
            ],
            [
              75.986057,
              26.1964917
            ],
            [
              75.9897382,
              26.1962274
            ],
            [
              75.9938933,
              26.1946146
            ],
            [
              75.9947407,
              26.194323
            ],
            [
              75.995415,
              26.194487
            ],
            [
              75.9958524,
              26.194159
            ],
            [
              75.9964629,
              26.1937307
            ],
            [
              75.9964173,
              26.1933754
            ],
            [
              75.9987865,
              26.1928469
            ],
            [
              75.9986589,
              26.1920997
            ],
            [
              76.001192,
              26.1917534
            ],
            [
              76.0009095,
              26.1909424
            ],
            [
              76.0005451,
              26.1909607
            ],
            [
              76.0005451,
              26.1900859
            ],
            [
              76.0007273,
              26.1893661
            ],
            [
              76.0014472,
              26.1892476
            ],
            [
              76.0017114,
              26.189521
            ],
            [
              76.002413,
              26.1893387
            ],
            [
              76.0024768,
              26.1888831
            ],
            [
              76.0037252,
              26.1884822
            ],
            [
              76.0017661,
              26.1873888
            ],
            [
              76.0017843,
              26.1869241
            ],
            [
              76.0025497,
              26.1869969
            ],
            [
              76.0033607,
              26.1872521
            ],
            [
              76.0042445,
              26.1856666
            ],
            [
              76.0030873,
              26.1837986
            ],
            [
              76.0040623,
              26.1833977
            ],
            [
              76.0024039,
              26.178377
            ],
            [
              76.0027137,
              26.1782221
            ],
            [
              76.0010462,
              26.1742857
            ],
            [
              76.0008549,
              26.1738392
            ],
            [
              75.9987227,
              26.1723813
            ],
            [
              75.9983126,
              26.1715794
            ],
            [
              75.998668,
              26.1704496
            ],
            [
              75.9998799,
              26.1679984
            ],
            [
              76.0013469,
              26.1657204
            ],
            [
              76.0019665,
              26.1656566
            ],
            [
              76.0023037,
              26.1637249
            ],
            [
              76.0018572,
              26.1621394
            ],
            [
              76.0013014,
              26.1612009
            ],
            [
              76.0010189,
              26.1610551
            ],
            [
              76.0002353,
              26.1611553
            ],
            [
              75.9996885,
              26.1613831
            ],
            [
              75.9987227,
              26.1618114
            ],
            [
              75.9940118,
              26.161456
            ],
            [
              75.9938295,
              26.1605084
            ],
            [
              75.9943854,
              26.1601348
            ],
            [
              75.99639,
              26.1588864
            ],
            [
              75.9992238,
              26.1569547
            ],
            [
              75.9998981,
              26.1558157
            ],
            [
              75.9995154,
              26.153155
            ],
            [
              75.9988593,
              26.151934
            ],
            [
              75.9983491,
              26.1478244
            ],
            [
              75.9978479,
              26.1434871
            ],
            [
              75.997529,
              26.1414278
            ],
            [
              75.997939,
              26.1407353
            ],
            [
              75.997365,
              26.1382568
            ],
            [
              75.9962807,
              26.1352134
            ],
            [
              75.9956975,
              26.1336188
            ],
            [
              75.9952145,
              26.1286801
            ],
            [
              75.994686,
              26.1242973
            ],
            [
              75.9945403,
              26.1217914
            ],
            [
              75.9941029,
              26.1189758
            ],
            [
              75.9937657,
              26.1166341
            ],
            [
              75.9948227,
              26.1164609
            ],
            [
              75.9971918,
              26.116789
            ],
            [
              75.9994698,
              26.1159324
            ],
            [
              76.0015656,
              26.1142012
            ],
            [
              76.0066683,
              26.1120507
            ],
            [
              76.0094384,
              26.1117227
            ],
            [
              76.0111697,
              26.1111031
            ],
            [
              76.013229,
              26.110611
            ],
            [
              76.0150331,
              26.1101372
            ],
            [
              76.0167826,
              26.1094265
            ],
            [
              76.0180948,
              26.1085699
            ],
            [
              76.0207008,
              26.1089526
            ],
            [
              76.0228148,
              26.1086064
            ],
            [
              76.0249288,
              26.1090802
            ],
            [
              76.026332,
              26.1091349
            ],
            [
              76.0276988,
              26.1086975
            ],
            [
              76.0287558,
              26.108734
            ],
            [
              76.0301408,
              26.1091349
            ],
            [
              76.0314348,
              26.1096452
            ],
            [
              76.0327104,
              26.1103741
            ],
            [
              76.0334576,
              26.1113218
            ],
            [
              76.0343688,
              26.1122694
            ],
            [
              76.0356992,
              26.1129802
            ],
            [
              76.0385968,
              26.1145839
            ],
            [
              76.0392346,
              26.1148572
            ],
            [
              76.0404921,
              26.1148754
            ],
            [
              76.0423509,
              26.1144745
            ],
            [
              76.0447018,
              26.1132535
            ],
            [
              76.0469252,
              26.1127797
            ],
            [
              76.0492032,
              26.1125974
            ],
            [
              76.0543423,
              26.1134175
            ],
            [
              76.0555269,
              26.1140189
            ],
            [
              76.0559643,
              26.1147661
            ],
            [
              76.0569848,
              26.117281
            ],
            [
              76.0580236,
              26.119559
            ],
            [
              76.0588983,
              26.1219281
            ],
            [
              76.058953,
              26.1236959
            ],
            [
              76.0587708,
              26.1266846
            ],
            [
              76.0593722,
              26.1276687
            ],
            [
              76.0603745,
              26.1290719
            ],
            [
              76.0618871,
              26.1302565
            ],
            [
              76.0632903,
              26.1310037
            ],
            [
              76.0702883,
              26.1257005
            ],
            [
              76.0765574,
              26.119559
            ],
            [
              76.0786349,
              26.1185385
            ],
            [
              76.080512,
              26.11801
            ],
            [
              76.0789083,
              26.1125428
            ],
            [
              76.0793821,
              26.1122876
            ],
            [
              76.0782522,
              26.109554
            ],
            [
              76.0781793,
              26.1082055
            ],
            [
              76.0800382,
              26.1076952
            ],
            [
              76.0803298,
              26.1063648
            ],
            [
              76.081569,
              26.1057817
            ],
            [
              76.0823709,
              26.1051074
            ],
            [
              76.0839563,
              26.104834
            ],
            [
              76.085232,
              26.1045607
            ],
            [
              76.0869086,
              26.1045242
            ],
            [
              76.0880203,
              26.1044149
            ],
            [
              76.0881114,
              26.1032485
            ],
            [
              76.0881661,
              26.1018271
            ],
            [
              76.0857605,
              26.0972893
            ],
            [
              76.0819153,
              26.0907651
            ],
            [
              76.0831909,
              26.0899815
            ],
            [
              76.0822068,
              26.0872661
            ],
            [
              76.0829176,
              26.0860633
            ],
            [
              76.0816054,
              26.0820358
            ],
            [
              76.0812592,
              26.0800858
            ],
            [
              76.0814961,
              26.0760765
            ],
            [
              76.0803844,
              26.0740354
            ],
            [
              76.0792728,
              26.0687323
            ],
            [
              76.0833185,
              26.0677299
            ],
            [
              76.083036,
              26.066354
            ],
            [
              76.0835554,
              26.0660533
            ],
            [
              76.0832092,
              26.0630919
            ],
            [
              76.0831818,
              26.062281
            ],
            [
              76.0832456,
              26.0614335
            ],
            [
              76.0837012,
              26.0610417
            ],
            [
              76.0843208,
              26.0608048
            ],
            [
              76.0850862,
              26.0603583
            ],
            [
              76.0852503,
              26.0601123
            ],
            [
              76.0855692,
              26.0597387
            ],
            [
              76.0861615,
              26.0590097
            ],
            [
              76.0871638,
              26.0586908
            ],
            [
              76.0880385,
              26.0584539
            ],
            [
              76.088403,
              26.0584357
            ],
            [
              76.0891593,
              26.0585815
            ],
            [
              76.0893871,
              26.0588002
            ],
            [
              76.0898518,
              26.0592193
            ],
            [
              76.0900978,
              26.0597478
            ],
            [
              76.0909544,
              26.0599483
            ],
            [
              76.0929135,
              26.0599938
            ],
            [
              76.0934693,
              26.0600212
            ],
            [
              76.0941345,
              26.0600667
            ],
            [
              76.0950274,
              26.0601579
            ],
            [
              76.0959204,
              26.0602399
            ],
            [
              76.0966311,
              26.0602672
            ],
            [
              76.0971688,
              26.0605588
            ],
            [
              76.0975788,
              26.0608504
            ],
            [
              76.0977701,
              26.0610873
            ],
            [
              76.0979251,
              26.0613151
            ],
            [
              76.0981529,
              26.0615064
            ],
            [
              76.0985264,
              26.0613151
            ],
            [
              76.0988818,
              26.060659
            ],
            [
              76.0997657,
              26.0606408
            ],
            [
              76.1001484,
              26.0608321
            ],
            [
              76.1003397,
              26.0611693
            ],
            [
              76.1005311,
              26.0614426
            ],
            [
              76.1009594,
              26.0614244
            ],
            [
              76.1016428,
              26.0608504
            ],
            [
              76.1022715,
              26.0607957
            ],
            [
              76.103292,
              26.0606317
            ],
            [
              76.1039481,
              26.0605861
            ],
            [
              76.1043399,
              26.0605314
            ],
            [
              76.105242,
              26.0609506
            ],
            [
              76.10516,
              26.0602945
            ],
            [
              76.1051964,
              26.0599392
            ],
            [
              76.1053604,
              26.0593742
            ],
            [
              76.1057796,
              26.0587546
            ],
            [
              76.1064174,
              26.0577796
            ],
            [
              76.1064721,
              26.0554014
            ],
            [
              76.1062625,
              26.0538888
            ],
            [
              76.106463,
              26.052522
            ],
            [
              76.1065177,
              26.051465
            ],
            [
              76.1067364,
              26.0511005
            ],
            [
              76.1070917,
              26.0507087
            ],
            [
              76.1074289,
              26.0501438
            ],
            [
              76.1074562,
              26.0496699
            ],
            [
              76.1073104,
              26.0488134
            ],
            [
              76.1073651,
              26.0482849
            ],
            [
              76.1072466,
              26.0479478
            ],
            [
              76.1068822,
              26.0477655
            ],
            [
              76.1064812,
              26.0478658
            ],
            [
              76.105971,
              26.048048
            ],
            [
              76.104431,
              26.0483305
            ],
            [
              76.1038296,
              26.0480845
            ],
            [
              76.1032374,
              26.0472644
            ],
            [
              76.1031553,
              26.0466903
            ],
            [
              76.1029913,
              26.0461345
            ],
            [
              76.1026633,
              26.0454237
            ],
            [
              76.1023353,
              26.0450137
            ],
            [
              76.1018888,
              26.0448588
            ],
            [
              76.101415,
              26.0449408
            ],
            [
              76.1009594,
              26.0450957
            ],
            [
              76.1003033,
              26.0450593
            ],
            [
              76.0999844,
              26.0443941
            ],
            [
              76.1001757,
              26.0440843
            ],
            [
              76.1005766,
              26.04382
            ],
            [
              76.1010505,
              26.0433827
            ],
            [
              76.10126,
              26.0431275
            ],
            [
              76.1010322,
              26.0428633
            ],
            [
              76.1002304,
              26.0428906
            ],
            [
              76.0998021,
              26.0430637
            ],
            [
              76.0987725,
              26.0430728
            ],
            [
              76.0980071,
              26.0430546
            ],
            [
              76.0970139,
              26.043164
            ],
            [
              76.096048,
              26.0430182
            ],
            [
              76.0949545,
              26.0435011
            ],
            [
              76.0945901,
              26.0436925
            ],
            [
              76.0939978,
              26.0438656
            ],
            [
              76.0935877,
              26.0437198
            ],
            [
              76.0929499,
              26.0436925
            ],
            [
              76.092467,
              26.0437654
            ],
            [
              76.0922392,
              26.0442483
            ],
            [
              76.0920387,
              26.0446948
            ],
            [
              76.0909453,
              26.0451504
            ],
            [
              76.08987,
              26.0452233
            ],
            [
              76.0893324,
              26.0449773
            ],
            [
              76.0890682,
              26.0444852
            ],
            [
              76.0890773,
              26.0439476
            ],
            [
              76.089378,
              26.043164
            ],
            [
              76.0899612,
              26.0424168
            ],
            [
              76.0902436,
              26.0416878
            ],
            [
              76.0903165,
              26.0409133
            ],
            [
              76.0903074,
              26.0393552
            ],
            [
              76.0902072,
              26.0388996
            ],
            [
              76.0899976,
              26.0381615
            ],
            [
              76.0897698,
              26.0372321
            ],
            [
              76.0892413,
              26.03674
            ],
            [
              76.0888313,
              26.0367309
            ],
            [
              76.0883939,
              26.0369131
            ],
            [
              76.0872731,
              26.0372321
            ],
            [
              76.0867537,
              26.0373414
            ],
            [
              76.0859245,
              26.0373505
            ],
            [
              76.0857879,
              26.037068
            ],
            [
              76.0857241,
              26.0365122
            ],
            [
              76.086125,
              26.0360566
            ],
            [
              76.0864895,
              26.0357195
            ],
            [
              76.0873278,
              26.0356192
            ],
            [
              76.0891775,
              26.0349996
            ],
            [
              76.0898792,
              26.0345531
            ],
            [
              76.0897698,
              26.0337695
            ],
            [
              76.0890591,
              26.0335417
            ],
            [
              76.0882754,
              26.0332501
            ],
            [
              76.0873187,
              26.033241
            ],
            [
              76.0869998,
              26.0329859
            ],
            [
              76.0870453,
              26.0324574
            ],
            [
              76.0871911,
              26.0318924
            ],
            [
              76.0873005,
              26.0312819
            ],
            [
              76.087182,
              26.0305985
            ],
            [
              76.086936,
              26.0301429
            ],
            [
              76.0866991,
              26.029988
            ],
            [
              76.0861797,
              26.0300062
            ],
            [
              76.0852138,
              26.0303707
            ],
            [
              76.0846762,
              26.030152
            ],
            [
              76.0843937,
              26.0299151
            ],
            [
              76.0840657,
              26.0293319
            ],
            [
              76.0837832,
              26.0288581
            ],
            [
              76.083601,
              26.0284663
            ],
            [
              76.0834279,
              26.0282203
            ],
            [
              76.0830907,
              26.0281109
            ],
            [
              76.0827809,
              26.0282112
            ],
            [
              76.0823891,
              26.0284116
            ],
            [
              76.0820155,
              26.0288217
            ],
            [
              76.0814779,
              26.0289219
            ],
            [
              76.0810223,
              26.0287488
            ],
            [
              76.080512,
              26.0282385
            ],
            [
              76.0803662,
              26.0270813
            ],
            [
              76.0807125,
              26.0264708
            ],
            [
              76.0810496,
              26.0257692
            ],
            [
              76.0820064,
              26.0251495
            ],
            [
              76.082708,
              26.0249126
            ],
            [
              76.0830998,
              26.0247759
            ],
            [
              76.0831545,
              26.0243568
            ],
            [
              76.0828811,
              26.0237645
            ],
            [
              76.0823071,
              26.0234091
            ],
            [
              76.0819244,
              26.0234091
            ],
            [
              76.081569,
              26.0234183
            ],
            [
              76.0809585,
              26.0235549
            ],
            [
              76.0804118,
              26.0239012
            ],
            [
              76.0800109,
              26.0240743
            ],
            [
              76.0797557,
              26.0239741
            ],
            [
              76.0797648,
              26.0236005
            ],
            [
              76.0798651,
              26.023236
            ],
            [
              76.0799744,
              26.0226711
            ],
            [
              76.0799015,
              26.0219239
            ],
            [
              76.0804573,
              26.0207576
            ],
            [
              76.0806031,
              26.0201744
            ],
            [
              76.0806669,
              26.019573
            ],
            [
              76.0803662,
              26.0189625
            ],
            [
              76.0793275,
              26.0184887
            ],
            [
              76.0775688,
              26.0177415
            ],
            [
              76.0770495,
              26.0166936
            ],
            [
              76.0752362,
              26.0148803
            ],
            [
              76.0724388,
              26.0156002
            ],
            [
              76.0723841,
              26.0154999
            ],
            [
              76.0719103,
              26.0145978
            ],
            [
              76.0716187,
              26.0144156
            ],
            [
              76.070343,
              26.0142971
            ],
            [
              76.0694045,
              26.0139873
            ],
            [
              76.0689033,
              26.013632
            ],
            [
              76.0687029,
              26.0134862
            ],
            [
              76.0686846,
              26.0132401
            ],
            [
              76.0689489,
              26.0128939
            ],
            [
              76.0692131,
              26.0126752
            ],
            [
              76.0695776,
              26.012493
            ],
            [
              76.0699056,
              26.0123016
            ],
            [
              76.0700788,
              26.0119098
            ],
            [
              76.0700788,
              26.0114542
            ],
            [
              76.0696778,
              26.0108801
            ],
            [
              76.0689307,
              26.0106159
            ],
            [
              76.0682655,
              26.0105612
            ],
            [
              76.0676368,
              26.0106341
            ],
            [
              76.0669625,
              26.0103881
            ],
            [
              76.066844,
              26.0100327
            ],
            [
              76.0670991,
              26.0096682
            ],
            [
              76.0677279,
              26.0094678
            ],
            [
              76.0684842,
              26.009322
            ],
            [
              76.0688486,
              26.0091944
            ],
            [
              76.0692131,
              26.0088573
            ],
            [
              76.069368,
              26.0084017
            ],
            [
              76.0693407,
              26.0078641
            ],
            [
              76.0692769,
              26.0073629
            ],
            [
              76.06904,
              26.0070349
            ],
            [
              76.0684842,
              26.0071078
            ],
            [
              76.0681015,
              26.0072536
            ],
            [
              76.0669442,
              26.0075269
            ],
            [
              76.0664431,
              26.0076909
            ],
            [
              76.0659419,
              26.0078823
            ],
            [
              76.0653952,
              26.0080007
            ],
            [
              76.0651674,
              26.007855
            ],
            [
              76.0652676,
              26.0075816
            ],
            [
              76.0654043,
              26.0071989
            ],
            [
              76.0663611,
              26.0061237
            ],
            [
              76.0669898,
              26.0055496
            ],
            [
              76.067491,
              26.0051214
            ],
            [
              76.0675456,
              26.0048024
            ],
            [
              76.0673816,
              26.0044744
            ],
            [
              76.0671265,
              26.0042375
            ],
            [
              76.0669534,
              26.0042466
            ],
            [
              76.0664886,
              26.0043195
            ],
            [
              76.0662517,
              26.0043833
            ],
            [
              76.0658417,
              26.0045746
            ],
            [
              76.065541,
              26.004766
            ],
            [
              76.0653223,
              26.0048115
            ],
            [
              76.0650034,
              26.0046384
            ],
            [
              76.0648394,
              26.0045017
            ],
            [
              76.0645113,
              26.0042284
            ],
            [
              76.064156,
              26.0041555
            ],
            [
              76.0639008,
              26.0041737
            ],
            [
              76.0637733,
              26.0045291
            ],
            [
              76.0637004,
              26.0050211
            ],
            [
              76.0630716,
              26.0050667
            ],
            [
              76.0628621,
              26.0050029
            ],
            [
              76.0626616,
              26.0047569
            ],
            [
              76.062616,
              26.0042648
            ],
            [
              76.062616,
              26.0039095
            ],
            [
              76.0624976,
              26.0033718
            ],
            [
              76.0623518,
              26.0029618
            ],
            [
              76.0622242,
              26.0022511
            ],
            [
              76.0624156,
              26.0016952
            ],
            [
              76.0628712,
              26.001677
            ],
            [
              76.0632174,
              26.0019868
            ],
            [
              76.0636366,
              26.0023513
            ],
            [
              76.0639099,
              26.0027796
            ],
            [
              76.0641377,
              26.003062
            ],
            [
              76.0647482,
              26.0032898
            ],
            [
              76.0650216,
              26.0031258
            ],
            [
              76.0643838,
              26.0024698
            ],
            [
              76.0641104,
              26.0021873
            ],
            [
              76.0640831,
              26.0018228
            ],
            [
              76.0643564,
              26.001431
            ],
            [
              76.0646936,
              26.0014037
            ],
            [
              76.0650125,
              26.001595
            ],
            [
              76.0652676,
              26.0021053
            ],
            [
              76.0656048,
              26.0022328
            ],
            [
              76.0657688,
              26.0019777
            ],
            [
              76.0656959,
              26.0016588
            ],
            [
              76.0655045,
              26.0012852
            ],
            [
              76.0656412,
              26.0008752
            ],
            [
              76.0657597,
              26.0007749
            ],
            [
              76.0660513,
              26.0007476
            ],
            [
              76.0666162,
              26.0008205
            ],
            [
              76.0675274,
              26.0011394
            ],
            [
              76.0679921,
              26.0012396
            ],
            [
              76.0682746,
              26.0012579
            ],
            [
              76.0683475,
              26.0010847
            ],
            [
              76.0681744,
              26.00062
            ],
            [
              76.0680195,
              26.000456
            ],
            [
              76.0677096,
              26.0002829
            ],
            [
              76.067172,
              26.000046
            ],
            [
              76.0667347,
              25.9996997
            ],
            [
              76.0665524,
              25.9991712
            ],
            [
              76.0669898,
              25.9986336
            ],
            [
              76.0670262,
              25.9984423
            ],
            [
              76.0672085,
              25.9979958
            ],
            [
              76.0669534,
              25.9979138
            ],
            [
              76.0662335,
              25.9977589
            ],
            [
              76.0658872,
              25.9977953
            ],
            [
              76.065541,
              25.9978955
            ],
            [
              76.0653041,
              25.998014
            ],
            [
              76.0650216,
              25.9980231
            ],
            [
              76.0650672,
              25.997768
            ],
            [
              76.0651218,
              25.9974126
            ],
            [
              76.0652767,
              25.9970481
            ],
            [
              76.065459,
              25.9966199
            ],
            [
              76.0653952,
              25.9962007
            ],
            [
              76.0653041,
              25.9959182
            ],
            [
              76.0650763,
              25.9957087
            ],
            [
              76.0647574,
              25.9956175
            ],
            [
              76.0643018,
              25.9955264
            ],
            [
              76.0639008,
              25.9956813
            ],
            [
              76.0637733,
              25.9962371
            ],
            [
              76.0637186,
              25.9967019
            ],
            [
              76.0635728,
              25.9972395
            ],
            [
              76.0633814,
              25.9976495
            ],
            [
              76.0627163,
              25.9977589
            ],
            [
              76.0623518,
              25.9973124
            ],
            [
              76.0622971,
              25.9965196
            ],
            [
              76.0623062,
              25.9960549
            ],
            [
              76.0622242,
              25.9956266
            ],
            [
              76.0619964,
              25.9951255
            ],
            [
              76.061796,
              25.9949615
            ],
            [
              76.0613039,
              25.9949524
            ],
            [
              76.0608756,
              25.9951802
            ],
            [
              76.0605294,
              25.9955173
            ],
            [
              76.0601649,
              25.9962463
            ],
            [
              76.059928,
              25.9963556
            ],
            [
              76.0594451,
              25.9962736
            ],
            [
              76.059117,
              25.9959547
            ],
            [
              76.0591808,
              25.9956904
            ],
            [
              76.0596182,
              25.9951073
            ],
            [
              76.0600829,
              25.9944421
            ],
            [
              76.0602105,
              25.9933213
            ],
            [
              76.063017,
              25.9920639
            ],
            [
              76.0681744,
              25.991262
            ],
            [
              76.0718738,
              25.9903326
            ],
            [
              76.0798377,
              25.9876901
            ],
            [
              76.0821339,
              25.9871069
            ],
            [
              76.0856694,
              25.9913167
            ],
            [
              76.0881296,
              25.9966928
            ],
            [
              76.0907174,
              26.0020142
            ],
            [
              76.096458,
              25.9999002
            ],
            [
              76.0999023,
              25.9978773
            ],
            [
              76.1036747,
              25.9966199
            ],
            [
              76.1072284,
              25.9936676
            ],
            [
              76.1102171,
              25.9925012
            ],
            [
              76.1124587,
              25.9893485
            ],
            [
              76.1121307,
              25.988091
            ],
            [
              76.1110919,
              25.9866696
            ],
            [
              76.1114746,
              25.9862322
            ],
            [
              76.1143175,
              25.985321
            ],
            [
              76.1158301,
              25.9838266
            ],
            [
              76.1192927,
              25.9820042
            ],
            [
              76.1177619,
              25.9790155
            ],
            [
              76.1186184,
              25.9782318
            ],
            [
              76.1182721,
              25.976373
            ],
            [
              76.1228646,
              25.9753524
            ],
            [
              76.1314117,
              25.973366
            ],
            [
              76.1295528,
              25.9655662
            ],
            [
              76.1356761,
              25.9641629
            ],
            [
              76.1378447,
              25.9725642
            ],
            [
              76.1424919,
              25.980601
            ],
            [
              76.1435488,
              25.9801636
            ],
            [
              76.1448428,
              25.9826967
            ],
            [
              76.146082,
              25.9827149
            ],
            [
              76.1470661,
              25.9832617
            ],
            [
              76.1506198,
              25.9901868
            ],
            [
              76.1544286,
              25.9886013
            ],
            [
              76.1582738,
              25.9875808
            ],
            [
              76.1612444,
              25.9875625
            ],
            [
              76.163978,
              25.9872527
            ],
            [
              76.1664929,
              25.9866696
            ],
            [
              76.1672036,
              25.9874532
            ],
            [
              76.1721423,
              25.9864509
            ],
            [
              76.174311,
              25.9912438
            ],
            [
              76.1761151,
              25.9957087
            ],
            [
              76.1766072,
              25.9970208
            ],
            [
              76.176753,
              25.9976586
            ],
            [
              76.1775548,
              25.9984605
            ],
            [
              76.1776095,
              26.0010847
            ],
            [
              76.178703,
              26.0059323
            ],
            [
              76.1789216,
              26.0105977
            ],
            [
              76.1801062,
              26.0106159
            ],
            [
              76.180981,
              26.0155182
            ],
            [
              76.1864299,
              26.0150079
            ],
            [
              76.1869767,
              26.0105248
            ],
            [
              76.1954144,
              26.0120191
            ],
            [
              76.1987494,
              26.0117276
            ],
            [
              76.2027951,
              26.0115271
            ],
            [
              76.2082076,
              26.011764
            ],
            [
              76.2155701,
              26.0112173
            ],
            [
              76.2171192,
              26.0114178
            ],
            [
              76.2183402,
              26.0124201
            ],
            [
              76.220928,
              26.0140238
            ],
            [
              76.2233153,
              26.0154453
            ],
            [
              76.2254658,
              26.020548
            ],
            [
              76.2259396,
              26.0222064
            ],
            [
              76.2259214,
              26.0253045
            ],
            [
              76.2257573,
              26.0270904
            ],
            [
              76.2259943,
              26.0283296
            ],
            [
              76.2306049,
              26.0268535
            ],
            [
              76.2332659,
              26.0253662
            ],
            [
              76.2406433,
              26.0217712
            ],
            [
              76.239877,
              26.0145541
            ],
            [
              76.2404609,
              26.0146075
            ],
            [
              76.240493,
              26.0084173
            ],
            [
              76.240375,
              26.00403
            ],
            [
              76.2398815,
              26.0018314
            ],
            [
              76.2393665,
              25.9998064
            ],
            [
              76.2392807,
              25.9959299
            ],
            [
              76.2387657,
              25.9929404
            ],
            [
              76.236062,
              25.9864404
            ],
            [
              76.2350321,
              25.9829299
            ],
            [
              76.2393236,
              25.9819655
            ],
            [
              76.2416196,
              25.9813289
            ],
            [
              76.2444734,
              25.9807503
            ],
            [
              76.2431001,
              25.9774325
            ],
            [
              76.2427568,
              25.9738638
            ],
            [
              76.2441516,
              25.9720891
            ],
            [
              76.245718,
              25.9686746
            ],
            [
              76.2462973,
              25.9672278
            ],
            [
              76.2457609,
              25.9642183
            ],
            [
              76.2455463,
              25.9615174
            ],
            [
              76.2452245,
              25.9592601
            ],
            [
              76.2429714,
              25.9586621
            ],
            [
              76.2422848,
              25.9548227
            ],
            [
              76.2412119,
              25.9502115
            ],
            [
              76.2400102,
              25.9479541
            ],
            [
              76.2385082,
              25.9448669
            ],
            [
              76.2379074,
              25.9417411
            ],
            [
              76.2373709,
              25.9373995
            ],
            [
              76.2359547,
              25.933791
            ],
            [
              76.2371993,
              25.9332314
            ],
            [
              76.2383365,
              25.9320157
            ],
            [
              76.2424779,
              25.9313982
            ],
            [
              76.242392,
              25.9284263
            ],
            [
              76.2410402,
              25.9288895
            ],
            [
              76.24089,
              25.9270176
            ],
            [
              76.2414694,
              25.9233702
            ],
            [
              76.2410188,
              25.9214597
            ],
            [
              76.2409973,
              25.918642
            ],
            [
              76.2402892,
              25.9167699
            ],
            [
              76.2391948,
              25.9151101
            ],
            [
              76.2366414,
              25.9141258
            ],
            [
              76.2331438,
              25.9139328
            ],
            [
              76.2302899,
              25.9139328
            ],
            [
              76.2280798,
              25.913817
            ],
            [
              76.2239599,
              25.9139328
            ],
            [
              76.221385,
              25.9147241
            ],
            [
              76.2179088,
              25.9161137
            ],
            [
              76.2134242,
              25.9161909
            ],
            [
              76.2102699,
              25.9159014
            ],
            [
              76.2089395,
              25.9157856
            ],
            [
              76.2080383,
              25.9125818
            ],
            [
              76.2072444,
              25.9118098
            ],
            [
              76.2070513,
              25.911115
            ],
            [
              76.2070083,
              25.910729
            ],
            [
              76.2072337,
              25.910285
            ],
            [
              76.2080169,
              25.9102464
            ],
            [
              76.2083924,
              25.909735
            ],
            [
              76.2081885,
              25.9093683
            ],
            [
              76.2078774,
              25.9088568
            ],
            [
              76.207459,
              25.9084418
            ],
            [
              76.2069654,
              25.9079303
            ],
            [
              76.2070513,
              25.9077084
            ],
            [
              76.2072444,
              25.9076601
            ],
            [
              76.208049,
              25.9074864
            ],
            [
              76.2083495,
              25.9071776
            ],
            [
              76.2081778,
              25.9064345
            ],
            [
              76.2081778,
              25.9061257
            ],
            [
              76.2089074,
              25.9055852
            ],
            [
              76.2091648,
              25.9051702
            ],
            [
              76.2091863,
              25.9046587
            ],
            [
              76.2088108,
              25.9041473
            ],
            [
              76.2078345,
              25.903076
            ],
            [
              76.2076306,
              25.902468
            ],
            [
              76.207695,
              25.902024
            ],
            [
              76.2075984,
              25.9017249
            ],
            [
              76.2074911,
              25.9011651
            ],
            [
              76.2076521,
              25.9004895
            ],
            [
              76.2076414,
              25.9000456
            ],
            [
              76.2079096,
              25.8995534
            ],
            [
              76.2083924,
              25.8992445
            ],
            [
              76.2088215,
              25.8989743
            ],
            [
              76.2090468,
              25.8986365
            ],
            [
              76.2087893,
              25.8982022
            ],
            [
              76.2087142,
              25.8979416
            ],
            [
              76.2089503,
              25.8978451
            ],
            [
              76.2094545,
              25.8978161
            ],
            [
              76.2098944,
              25.8980574
            ],
            [
              76.2101197,
              25.8979898
            ],
            [
              76.2102592,
              25.8973432
            ],
            [
              76.2104094,
              25.8968896
            ],
            [
              76.2104201,
              25.8965711
            ],
            [
              76.2109351,
              25.8958955
            ],
            [
              76.2116432,
              25.8946601
            ],
            [
              76.2120616,
              25.8940231
            ],
            [
              76.2122118,
              25.8936273
            ],
            [
              76.2123191,
              25.8930675
            ],
            [
              76.212362,
              25.8924788
            ],
            [
              76.2125766,
              25.8919962
            ],
            [
              76.2128019,
              25.8915425
            ],
            [
              76.2129092,
              25.8911372
            ],
            [
              76.2128019,
              25.8898148
            ],
            [
              76.2124801,
              25.8895156
            ],
            [
              76.2126517,
              25.8889944
            ],
            [
              76.2126946,
              25.8887435
            ],
            [
              76.2128878,
              25.8881933
            ],
            [
              76.2131882,
              25.8877493
            ],
            [
              76.2135637,
              25.8873922
            ],
            [
              76.214025,
              25.8870447
            ],
            [
              76.2138963,
              25.8866972
            ],
            [
              76.2133491,
              25.8863401
            ],
            [
              76.2130594,
              25.8860119
            ],
            [
              76.2113213,
              25.8844675
            ],
            [
              76.2108922,
              25.8836663
            ],
            [
              76.2108922,
              25.8825756
            ],
            [
              76.2109887,
              25.8815331
            ],
            [
              76.2112677,
              25.8809346
            ],
            [
              76.2114072,
              25.8802782
            ],
            [
              76.2113535,
              25.8797666
            ],
            [
              76.2112141,
              25.879062
            ],
            [
              76.2123084,
              25.8789461
            ],
            [
              76.2114501,
              25.8773631
            ],
            [
              76.2106776,
              25.8752683
            ],
            [
              76.2106454,
              25.8732025
            ],
            [
              76.2108707,
              25.8679027
            ],
            [
              76.2110531,
              25.8621102
            ],
            [
              76.2103665,
              25.8609517
            ],
            [
              76.2115788,
              25.8597835
            ],
            [
              76.2137139,
              25.8610869
            ],
            [
              76.2152052,
              25.859938
            ],
            [
              76.2187564,
              25.8577271
            ],
            [
              76.2216103,
              25.8557479
            ],
            [
              76.226567,
              25.8522142
            ],
            [
              76.2294853,
              25.8501093
            ],
            [
              76.2350643,
              25.8482265
            ],
            [
              76.2385189,
              25.8471451
            ],
            [
              76.2409866,
              25.8466334
            ],
            [
              76.2424135,
              25.8442967
            ],
            [
              76.2425959,
              25.8435918
            ],
            [
              76.2424672,
              25.8425587
            ],
            [
              76.2426603,
              25.8412454
            ],
            [
              76.24295,
              25.8398357
            ],
            [
              76.2430572,
              25.8386383
            ],
            [
              76.2432289,
              25.8377789
            ],
            [
              76.2433469,
              25.8372478
            ],
            [
              76.2435186,
              25.8371512
            ],
            [
              76.2437224,
              25.8370643
            ],
            [
              76.2440872,
              25.8370353
            ],
            [
              76.2443018,
              25.8372285
            ],
            [
              76.2446451,
              25.8376437
            ],
            [
              76.2447631,
              25.8374506
            ],
            [
              76.2450743,
              25.8370933
            ],
            [
              76.245203,
              25.8370353
            ],
            [
              76.2455892,
              25.8371126
            ],
            [
              76.2460184,
              25.837325
            ],
            [
              76.2462652,
              25.8369581
            ],
            [
              76.2466085,
              25.8369002
            ],
            [
              76.2470376,
              25.8365912
            ],
            [
              76.2470698,
              25.8362049
            ],
            [
              76.2471235,
              25.8360407
            ],
            [
              76.2475634,
              25.8361663
            ],
            [
              76.2479603,
              25.8360504
            ],
            [
              76.2480891,
              25.835838
            ],
            [
              76.2484002,
              25.8356448
            ],
            [
              76.2485933,
              25.8355965
            ],
            [
              76.2489045,
              25.8355869
            ],
            [
              76.2494838,
              25.8353165
            ],
            [
              76.2501812,
              25.8347854
            ],
            [
              76.250546,
              25.8341867
            ],
            [
              76.2506211,
              25.83353
            ],
            [
              76.2505889,
              25.8329796
            ],
            [
              76.2504387,
              25.8322264
            ],
            [
              76.2506854,
              25.8318401
            ],
            [
              76.2507713,
              25.8313959
            ],
            [
              76.2512112,
              25.8309807
            ],
            [
              76.2511897,
              25.8307103
            ],
            [
              76.2511897,
              25.8305268
            ],
            [
              76.2516725,
              25.8304495
            ],
            [
              76.2520051,
              25.8305944
            ],
            [
              76.2520373,
              25.8302081
            ],
            [
              76.2523591,
              25.8297446
            ],
            [
              76.2527347,
              25.8289334
            ],
            [
              76.2532282,
              25.828016
            ],
            [
              76.2534428,
              25.8277069
            ],
            [
              76.2539577,
              25.8281222
            ],
            [
              76.2544083,
              25.8278421
            ],
            [
              76.2546658,
              25.8274076
            ],
            [
              76.2554061,
              25.826944
            ],
            [
              76.2557602,
              25.8265095
            ],
            [
              76.2562752,
              25.8258528
            ],
            [
              76.256758,
              25.8254182
            ],
            [
              76.2572944,
              25.8250995
            ],
            [
              76.2577236,
              25.8250319
            ],
            [
              76.2582385,
              25.824887
            ],
            [
              76.2587964,
              25.8245683
            ],
            [
              76.2590754,
              25.8242207
            ],
            [
              76.2589896,
              25.8238247
            ],
            [
              76.2589145,
              25.8234288
            ],
            [
              76.2589145,
              25.823139
            ],
            [
              76.2590003,
              25.8229555
            ],
            [
              76.2593543,
              25.8230135
            ],
            [
              76.2596118,
              25.8234674
            ],
            [
              76.2603521,
              25.8234481
            ],
            [
              76.2605667,
              25.8228107
            ],
            [
              76.2608778,
              25.8220188
            ],
            [
              76.2612855,
              25.8215069
            ],
            [
              76.2615859,
              25.821729
            ],
            [
              76.2617576,
              25.8213331
            ],
            [
              76.2618971,
              25.8211882
            ],
            [
              76.2623799,
              25.8213427
            ],
            [
              76.2628305,
              25.8212172
            ],
            [
              76.2630236,
              25.8211979
            ],
            [
              76.2636566,
              25.8211882
            ],
            [
              76.2643647,
              25.8209854
            ],
            [
              76.2652123,
              25.8208116
            ],
            [
              76.265974,
              25.8205894
            ],
            [
              76.2698579,
              25.8191021
            ],
            [
              76.2703192,
              25.8207922
            ],
            [
              76.2704801,
              25.8223954
            ],
            [
              76.2707162,
              25.8230328
            ],
            [
              76.2716281,
              25.8232936
            ],
            [
              76.2718964,
              25.8237378
            ],
            [
              76.2719178,
              25.8243559
            ],
            [
              76.272068,
              25.8250222
            ],
            [
              76.2736237,
              25.8265288
            ],
            [
              76.2758767,
              25.826944
            ],
            [
              76.2764346,
              25.8274172
            ],
            [
              76.27666,
              25.8278711
            ],
            [
              76.2768423,
              25.8283926
            ],
            [
              76.2771535,
              25.8287403
            ],
            [
              76.2775612,
              25.8294645
            ],
            [
              76.2774968,
              25.8301888
            ],
            [
              76.2774002,
              25.830942
            ],
            [
              76.2774217,
              25.8312897
            ],
            [
              76.2779689,
              25.8315311
            ],
            [
              76.2785053,
              25.8323423
            ],
            [
              76.2786984,
              25.8334914
            ],
            [
              76.2789559,
              25.8343219
            ],
            [
              76.2793851,
              25.8349206
            ],
            [
              76.2802327,
              25.836427
            ],
            [
              76.2819493,
              25.834235
            ],
            [
              76.2855756,
              25.8325933
            ],
            [
              76.2872708,
              25.8322554
            ],
            [
              76.2879252,
              25.8320429
            ],
            [
              76.2875926,
              25.8291748
            ],
            [
              76.2887943,
              25.8272724
            ],
            [
              76.2898886,
              25.8260749
            ],
            [
              76.2897062,
              25.824916
            ],
            [
              76.2897384,
              25.8227527
            ],
            [
              76.2899315,
              25.8217387
            ],
            [
              76.2899744,
              25.8208116
            ],
            [
              76.2899852,
              25.8204735
            ],
            [
              76.2913799,
              25.8204735
            ],
            [
              76.2923133,
              25.820686
            ],
            [
              76.2927854,
              25.8210047
            ],
            [
              76.2928283,
              25.8212655
            ],
            [
              76.2928069,
              25.8217484
            ],
            [
              76.2931287,
              25.8222795
            ],
            [
              76.293633,
              25.8224823
            ],
            [
              76.2941694,
              25.8223761
            ],
            [
              76.2943411,
              25.8221636
            ],
            [
              76.29462,
              25.8221057
            ],
            [
              76.2950385,
              25.8223954
            ],
            [
              76.2954247,
              25.8225596
            ],
            [
              76.2955534,
              25.8228107
            ],
            [
              76.2956285,
              25.8233225
            ],
            [
              76.2961006,
              25.8238537
            ],
            [
              76.2965727,
              25.8241724
            ],
            [
              76.2969053,
              25.8243559
            ],
            [
              76.2973237,
              25.8251864
            ],
            [
              76.2975168,
              25.8252926
            ],
            [
              76.2976348,
              25.8249643
            ],
            [
              76.2977314,
              25.824887
            ],
            [
              76.2981605,
              25.8250512
            ],
            [
              76.2983537,
              25.8247325
            ],
            [
              76.2991261,
              25.8246746
            ],
            [
              76.2999844,
              25.8249546
            ],
            [
              76.3005209,
              25.8250705
            ],
            [
              76.3013792,
              25.8249643
            ],
            [
              76.3021195,
              25.8246456
            ],
            [
              76.3027203,
              25.8241724
            ],
            [
              76.303879,
              25.8238827
            ],
            [
              76.304158,
              25.8234964
            ],
            [
              76.3049841,
              25.8236026
            ],
            [
              76.3062823,
              25.8247711
            ],
            [
              76.3068938,
              25.8256403
            ],
            [
              76.3105202,
              25.824549
            ],
            [
              76.3106704,
              25.8229749
            ],
            [
              76.3116681,
              25.8222602
            ],
            [
              76.3129556,
              25.8209757
            ],
            [
              76.3152408,
              25.8188124
            ],
            [
              76.3168716,
              25.818851
            ],
            [
              76.3170433,
              25.8170836
            ],
            [
              76.3161528,
              25.8160213
            ],
            [
              76.3143289,
              25.8137806
            ],
            [
              76.3125801,
              25.8117813
            ],
            [
              76.3124299,
              25.8115785
            ],
            [
              76.3131381,
              25.8088716
            ],
            [
              76.3147151,
              25.8057446
            ],
            [
              76.3138246,
              25.8048367
            ],
            [
              76.3149941,
              25.8016588
            ],
            [
              76.3158631,
              25.8002679
            ],
            [
              76.3159168,
              25.7979303
            ],
            [
              76.316582,
              25.796974
            ],
            [
              76.3183093,
              25.7951387
            ],
            [
              76.3193822,
              25.793738
            ],
            [
              76.3199508,
              25.7891302
            ],
            [
              76.3208735,
              25.7847733
            ],
            [
              76.3215279,
              25.7810442
            ],
            [
              76.3220322,
              25.7787256
            ],
            [
              76.3260341,
              25.7761557
            ],
            [
              76.3312054,
              25.7733636
            ],
            [
              76.3327718,
              25.770668
            ],
            [
              76.3329542,
              25.7697404
            ],
            [
              76.3326216,
              25.7677984
            ],
            [
              76.3324606,
              25.76518
            ],
            [
              76.3340056,
              25.7640495
            ],
            [
              76.3338983,
              25.7627064
            ],
            [
              76.3339627,
              25.7614406
            ],
            [
              76.3338554,
              25.7596144
            ],
            [
              76.3341558,
              25.7583872
            ],
            [
              76.3349283,
              25.7577108
            ],
            [
              76.3356364,
              25.7572277
            ],
            [
              76.3363337,
              25.7568122
            ],
            [
              76.3380611,
              25.7560778
            ],
            [
              76.3393807,
              25.7556043
            ],
            [
              76.3407862,
              25.7546767
            ],
            [
              76.3417196,
              25.7538746
            ],
            [
              76.3427925,
              25.7531596
            ],
            [
              76.3437796,
              25.7528697
            ],
            [
              76.3452923,
              25.7522029
            ],
            [
              76.3456678,
              25.7522126
            ],
            [
              76.3460326,
              25.7496808
            ],
            [
              76.3463652,
              25.748038
            ],
            [
              76.3485217,
              25.7461632
            ],
            [
              76.3529956,
              25.7427519
            ],
            [
              76.3563224,
              25.7410652
            ],
            [
              76.3580454,
              25.7426683
            ],
            [
              76.3612711,
              25.7455113
            ],
            [
              76.3641869,
              25.7478622
            ],
            [
              76.3663373,
              25.7498304
            ],
            [
              76.3684878,
              25.7511243
            ],
            [
              76.3714583,
              25.7521266
            ],
            [
              76.3775998,
              25.7525822
            ],
            [
              76.3821922,
              25.753384
            ],
            [
              76.3885889,
              25.7540583
            ],
            [
              76.3926164,
              25.7551153
            ],
            [
              76.3950037,
              25.7563181
            ],
            [
              76.3964434,
              25.7579947
            ],
            [
              76.3979378,
              25.7603092
            ],
            [
              76.3994504,
              25.7632979
            ],
            [
              76.4012545,
              25.7653025
            ],
            [
              76.4030223,
              25.7670885
            ],
            [
              76.4052274,
              25.7686193
            ],
            [
              76.4074325,
              25.7694029
            ],
            [
              76.4109315,
              25.7694212
            ],
            [
              76.4203533,
              25.7688927
            ],
            [
              76.4279892,
              25.7688927
            ],
            [
              76.4316886,
              25.7692936
            ],
            [
              76.435133,
              25.7702048
            ],
            [
              76.4389053,
              25.7721001
            ],
            [
              76.4427688,
              25.7745968
            ],
            [
              76.4460674,
              25.7777131
            ],
            [
              76.4493841,
              25.7809387
            ],
            [
              76.4546509,
              25.7876634
            ],
            [
              76.4588242,
              25.7930212
            ],
            [
              76.4636535,
              25.7980511
            ],
            [
              76.4657675,
              25.8008758
            ],
            [
              76.4686105,
              25.8052131
            ],
            [
              76.4753351,
              25.8123751
            ],
            [
              76.4773762,
              25.8148536
            ],
            [
              76.4785243,
              25.8164391
            ],
            [
              76.4788341,
              25.8179152
            ],
            [
              76.4786883,
              25.819683
            ],
            [
              76.4778136,
              25.8227082
            ],
            [
              76.4754809,
              25.8268268
            ],
            [
              76.4737679,
              25.8297426
            ],
            [
              76.4734216,
              25.8316379
            ],
            [
              76.4733305,
              25.8334239
            ],
            [
              76.4745879,
              25.8369047
            ],
            [
              76.4753886,
              25.8386354
            ],
            [
              76.477805,
              25.8412318
            ],
            [
              76.480693,
              25.8427363
            ],
            [
              76.483463,
              25.8440485
            ],
            [
              76.4858139,
              25.8447592
            ],
            [
              76.4882742,
              25.8452148
            ],
            [
              76.4906615,
              25.845634
            ],
            [
              76.4927573,
              25.845634
            ],
            [
              76.4951264,
              25.844741
            ],
            [
              76.498188,
              25.8433377
            ],
            [
              76.5011403,
              25.8412966
            ],
            [
              76.5037828,
              25.8402397
            ],
            [
              76.5086851,
              25.8386542
            ],
            [
              76.5115098,
              25.8389093
            ],
            [
              76.5117467,
              25.8390551
            ],
            [
              76.5123845,
              25.8396565
            ],
            [
              76.5136238,
              25.8406588
            ],
            [
              76.5158653,
              25.8408593
            ],
            [
              76.5190727,
              25.8411144
            ],
            [
              76.5211867,
              25.8418069
            ],
            [
              76.522754,
              25.8420621
            ],
            [
              76.5266448,
              25.8427454
            ],
            [
              76.5300801,
              25.8434653
            ],
            [
              76.5307543,
              25.8435564
            ],
            [
              76.5317202,
              25.8434471
            ],
            [
              76.5323945,
              25.8429277
            ],
            [
              76.5330688,
              25.8423354
            ],
            [
              76.5338707,
              25.8418434
            ],
            [
              76.5385633,
              25.8399845
            ],
            [
              76.5404313,
              25.8396565
            ],
            [
              76.545534,
              25.8385813
            ],
            [
              76.5466092,
              25.8384901
            ],
            [
              76.5477573,
              25.8387453
            ],
            [
              76.5485956,
              25.8397658
            ],
            [
              76.5493428,
              25.8415336
            ],
            [
              76.5506782,
              25.8429518
            ],
            [
              76.5567975,
              25.846437
            ],
            [
              76.5661438,
              25.8486605
            ],
            [
              76.5662124,
              25.8489136
            ],
            [
              76.5662644,
              25.849106
            ],
            [
              76.5664302,
              25.8495782
            ],
            [
              76.5665095,
              25.8499159
            ],
            [
              76.566572,
              25.8501139
            ],
            [
              76.5666187,
              25.8502442
            ],
            [
              76.5667816,
              25.8504997
            ],
            [
              76.5670255,
              25.8508357
            ],
            [
              76.5673453,
              25.8512521
            ],
            [
              76.5677159,
              25.8517401
            ],
            [
              76.5685618,
              25.8527059
            ],
            [
              76.5694405,
              25.8538927
            ],
            [
              76.5697417,
              25.8543362
            ],
            [
              76.5697509,
              25.8543497
            ],
            [
              76.5703645,
              25.855106
            ],
            [
              76.5709448,
              25.8559844
            ],
            [
              76.5714599,
              25.8568275
            ],
            [
              76.5719584,
              25.8575533
            ],
            [
              76.5725695,
              25.8584946
            ],
            [
              76.5730375,
              25.8591757
            ],
            [
              76.5732874,
              25.8595883
            ],
            [
              76.5735121,
              25.859974
            ],
            [
              76.5736852,
              25.860243
            ],
            [
              76.5738016,
              25.8603636
            ],
            [
              76.573959,
              25.8605695
            ],
            [
              76.5742024,
              25.8608693
            ],
            [
              76.5745374,
              25.8612991
            ],
            [
              76.5751763,
              25.862073
            ],
            [
              76.5759398,
              25.8632158
            ],
            [
              76.5766826,
              25.8642956
            ],
            [
              76.5776518,
              25.8655263
            ],
            [
              76.5782856,
              25.8662914
            ],
            [
              76.5788634,
              25.8669667
            ],
            [
              76.5792783,
              25.8673955
            ],
            [
              76.5795516,
              25.8676905
            ],
            [
              76.579952,
              25.8681601
            ],
            [
              76.5803324,
              25.8686254
            ],
            [
              76.5807834,
              25.869144
            ],
            [
              76.5816332,
              25.8700195
            ],
            [
              76.5820528,
              25.8704213
            ],
            [
              76.5827745,
              25.8710453
            ],
            [
              76.5838529,
              25.8718461
            ],
            [
              76.5848951,
              25.8725434
            ],
            [
              76.5857109,
              25.8731077
            ],
            [
              76.5865609,
              25.8736085
            ],
            [
              76.5875311,
              25.8741485
            ],
            [
              76.588064,
              25.8744497
            ],
            [
              76.5892835,
              25.874978
            ],
            [
              76.5896144,
              25.8750917
            ],
            [
              76.5900144,
              25.8751506
            ],
            [
              76.5902493,
              25.8751796
            ],
            [
              76.5905192,
              25.8752217
            ],
            [
              76.5905407,
              25.8752229
            ],
            [
              76.5910086,
              25.875248
            ],
            [
              76.5932243,
              25.8752644
            ],
            [
              76.5938983,
              25.8752675
            ],
            [
              76.5940875,
              25.8752684
            ],
            [
              76.5947158,
              25.8752389
            ],
            [
              76.595293,
              25.8751243
            ],
            [
              76.5959948,
              25.8749901
            ],
            [
              76.5966706,
              25.8747841
            ],
            [
              76.5972636,
              25.8745839
            ],
            [
              76.5973064,
              25.8745695
            ],
            [
              76.5977233,
              25.8744068
            ],
            [
              76.59815,
              25.8742216
            ],
            [
              76.5986805,
              25.873972
            ],
            [
              76.5994783,
              25.8735615
            ],
            [
              76.6011899,
              25.8728339
            ],
            [
              76.6017405,
              25.8725977
            ],
            [
              76.6024706,
              25.8723458
            ],
            [
              76.6044699,
              25.8714977
            ],
            [
              76.6047031,
              25.8714096
            ],
            [
              76.6053684,
              25.8711583
            ],
            [
              76.6066293,
              25.8706884
            ],
            [
              76.6074181,
              25.8704346
            ],
            [
              76.6091431,
              25.8698796
            ],
            [
              76.6098983,
              25.86965
            ],
            [
              76.6104799,
              25.8694856
            ],
            [
              76.6113252,
              25.8692686
            ],
            [
              76.6119983,
              25.8690935
            ],
            [
              76.61312,
              25.8688017
            ],
            [
              76.6136167,
              25.8686383
            ],
            [
              76.6141491,
              25.868533
            ],
            [
              76.6142882,
              25.8684909
            ],
            [
              76.6144772,
              25.8684436
            ],
            [
              76.6149855,
              25.8684018
            ],
            [
              76.6157431,
              25.8683393
            ],
            [
              76.6163956,
              25.8683679
            ],
            [
              76.6168913,
              25.8683896
            ],
            [
              76.6175705,
              25.8684407
            ],
            [
              76.6180555,
              25.8685166
            ],
            [
              76.6185606,
              25.8686058
            ],
            [
              76.6191518,
              25.8687752
            ],
            [
              76.6197385,
              25.8689898
            ],
            [
              76.6202648,
              25.869178
            ],
            [
              76.6220319,
              25.8699709
            ],
            [
              76.6222409,
              25.8700731
            ],
            [
              76.622679,
              25.8702875
            ],
            [
              76.6232224,
              25.8705533
            ],
            [
              76.6237411,
              25.8708996
            ],
            [
              76.623924,
              25.8711459
            ],
            [
              76.6244086,
              25.8715557
            ],
            [
              76.6249756,
              25.8728855
            ],
            [
              76.6256121,
              25.8741828
            ],
            [
              76.6260974,
              25.8757347
            ],
            [
              76.6266246,
              25.8785228
            ],
            [
              76.6269177,
              25.8798883
            ],
            [
              76.6270083,
              25.8803106
            ],
            [
              76.6271201,
              25.8814414
            ],
            [
              76.6272459,
              25.8827137
            ],
            [
              76.6274112,
              25.8842196
            ],
            [
              76.6276271,
              25.8861404
            ],
            [
              76.6276499,
              25.8863429
            ],
            [
              76.6278058,
              25.8878894
            ],
            [
              76.6280212,
              25.8901259
            ],
            [
              76.6285505,
              25.8926928
            ],
            [
              76.6289839,
              25.894823
            ],
            [
              76.629917,
              25.8973583
            ],
            [
              76.6306202,
              25.8991379
            ],
            [
              76.631424,
              25.900614
            ],
            [
              76.6323321,
              25.9016916
            ],
            [
              76.6340228,
              25.9034149
            ],
            [
              76.6357516,
              25.9050023
            ],
            [
              76.6368591,
              25.9056985
            ],
            [
              76.6383397,
              25.9066523
            ],
            [
              76.6387931,
              25.9068779
            ],
            [
              76.6402644,
              25.9076099
            ],
            [
              76.6429666,
              25.9084776
            ],
            [
              76.6440482,
              25.9087361
            ],
            [
              76.6460848,
              25.9091193
            ],
            [
              76.6484542,
              25.9093812
            ],
            [
              76.6493836,
              25.9094564
            ],
            [
              76.651213,
              25.9096478
            ],
            [
              76.6536231,
              25.9099679
            ],
            [
              76.656002,
              25.9101934
            ],
            [
              76.6589733,
              25.9103085
            ],
            [
              76.6611456,
              25.9103964
            ],
            [
              76.6621588,
              25.9103939
            ],
            [
              76.6640602,
              25.9103856
            ],
            [
              76.6653741,
              25.9104743
            ],
            [
              76.6669588,
              25.9106547
            ],
            [
              76.668358,
              25.910783
            ],
            [
              76.6701141,
              25.9107221
            ],
            [
              76.6745895,
              25.9102598
            ],
            [
              76.6777576,
              25.9098259
            ],
            [
              76.6808345,
              25.9092938
            ],
            [
              76.6812261,
              25.9092015
            ],
            [
              76.6829088,
              25.9088048
            ],
            [
              76.6850531,
              25.9083285
            ],
            [
              76.6872025,
              25.9078611
            ],
            [
              76.6878273,
              25.907574
            ],
            [
              76.6891968,
              25.9070119
            ],
            [
              76.691336,
              25.9061835
            ],
            [
              76.6936617,
              25.9051362
            ],
            [
              76.6958248,
              25.9042353
            ],
            [
              76.6972354,
              25.9037674
            ],
            [
              76.6999159,
              25.902752
            ],
            [
              76.7022896,
              25.9019343
            ],
            [
              76.7052662,
              25.9010417
            ],
            [
              76.7072498,
              25.9005128
            ],
            [
              76.7084676,
              25.9005165
            ],
            [
              76.7117034,
              25.9006498
            ],
            [
              76.7131757,
              25.9007871
            ],
            [
              76.7147118,
              25.9009302
            ],
            [
              76.716332,
              25.9011593
            ],
            [
              76.7190264,
              25.9018135
            ],
            [
              76.7210519,
              25.9024575
            ],
            [
              76.723407,
              25.9034586
            ],
            [
              76.7258566,
              25.904427
            ],
            [
              76.7269988,
              25.9047203
            ],
            [
              76.7289264,
              25.9051487
            ],
            [
              76.7311543,
              25.9056322
            ],
            [
              76.7315177,
              25.9057293
            ],
            [
              76.732432,
              25.9059735
            ],
            [
              76.7332255,
              25.9063161
            ],
            [
              76.7344823,
              25.906942
            ],
            [
              76.7360465,
              25.9077628
            ],
            [
              76.7369776,
              25.9082933
            ],
            [
              76.7372834,
              25.9084918
            ],
            [
              76.7381315,
              25.9090423
            ],
            [
              76.7390767,
              25.9098569
            ],
            [
              76.7402441,
              25.9108495
            ],
            [
              76.7425368,
              25.9126681
            ],
            [
              76.74379,
              25.9133797
            ],
            [
              76.7464861,
              25.9148006
            ],
            [
              76.7485873,
              25.9158135
            ],
            [
              76.7488476,
              25.9158599
            ],
            [
              76.7500039,
              25.9160942
            ],
            [
              76.7511426,
              25.9164777
            ],
            [
              76.7527276,
              25.9173432
            ],
            [
              76.7543852,
              25.9187314
            ],
            [
              76.7566152,
              25.9210109
            ],
            [
              76.7568955,
              25.9214736
            ],
            [
              76.7575924,
              25.922624
            ],
            [
              76.757618,
              25.922724
            ],
            [
              76.7580058,
              25.9242439
            ],
            [
              76.7581162,
              25.9254982
            ],
            [
              76.7581319,
              25.9256776
            ],
            [
              76.757652,
              25.9266314
            ],
            [
              76.7567515,
              25.9271749
            ],
            [
              76.756729,
              25.9271792
            ],
            [
              76.7549596,
              25.9275171
            ],
            [
              76.7530258,
              25.9277166
            ],
            [
              76.7517946,
              25.9281692
            ],
            [
              76.7502284,
              25.929267
            ],
            [
              76.750002,
              25.9294818
            ],
            [
              76.7488925,
              25.9304024
            ],
            [
              76.7481894,
              25.9314671
            ],
            [
              76.7475293,
              25.9324004
            ],
            [
              76.7465909,
              25.9340999
            ],
            [
              76.7462604,
              25.9360582
            ],
            [
              76.7462859,
              25.9363558
            ],
            [
              76.7463991,
              25.9376769
            ],
            [
              76.7474811,
              25.9392888
            ],
            [
              76.7480893,
              25.9398999
            ],
            [
              76.7488557,
              25.9404695
            ],
            [
              76.7495098,
              25.9407625
            ],
            [
              76.749997,
              25.9409308
            ],
            [
              76.7513903,
              25.941002
            ],
            [
              76.752676,
              25.9408375
            ],
            [
              76.7537275,
              25.9403869
            ],
            [
              76.7547867,
              25.9400987
            ],
            [
              76.757677,
              25.9397568
            ],
            [
              76.7594398,
              25.9394645
            ],
            [
              76.7606355,
              25.9389625
            ],
            [
              76.7639757,
              25.9379875
            ],
            [
              76.7679992,
              25.9376496
            ],
            [
              76.7728182,
              25.9377668
            ],
            [
              76.7778979,
              25.9379573
            ],
            [
              76.7814148,
              25.9384511
            ],
            [
              76.7852361,
              25.9392752
            ],
            [
              76.7890276,
              25.9410925
            ],
            [
              76.7909634,
              25.9426664
            ],
            [
              76.7927,
              25.9446478
            ],
            [
              76.792975,
              25.9449615
            ],
            [
              76.7931477,
              25.9452312
            ],
            [
              76.7943198,
              25.9470617
            ],
            [
              76.7964597,
              25.9502263
            ],
            [
              76.7965552,
              25.950363
            ],
            [
              76.7995677,
              25.9546697
            ],
            [
              76.8000942,
              25.9553218
            ],
            [
              76.8023817,
              25.9581552
            ],
            [
              76.8046132,
              25.9604294
            ],
            [
              76.8056003,
              25.9619698
            ],
            [
              76.8059965,
              25.9625954
            ],
            [
              76.8067516,
              25.9637879
            ],
            [
              76.8072097,
              25.9648201
            ],
            [
              76.8074548,
              25.9653724
            ],
            [
              76.8076544,
              25.966303
            ],
            [
              76.8076807,
              25.9664258
            ],
            [
              76.8079075,
              25.9672173
            ],
            [
              76.8082425,
              25.9685875
            ],
            [
              76.8084081,
              25.9692647
            ],
            [
              76.8086842,
              25.9713194
            ],
            [
              76.8086091,
              25.9722818
            ],
            [
              76.8083091,
              25.9732379
            ],
            [
              76.8077273,
              25.9737191
            ],
            [
              76.8069741,
              25.974103
            ],
            [
              76.8046089,
              25.9742139
            ],
            [
              76.8035801,
              25.9745291
            ],
            [
              76.8030235,
              25.9750325
            ],
            [
              76.8025954,
              25.976103
            ],
            [
              76.8025515,
              25.9772998
            ],
            [
              76.8025224,
              25.9780951
            ],
            [
              76.8025178,
              25.9782209
            ],
            [
              76.803121,
              25.9810975
            ],
            [
              76.8040022,
              25.9835328
            ],
            [
              76.8041724,
              25.9845508
            ],
            [
              76.8045458,
              25.9861079
            ],
            [
              76.8054783,
              25.9879739
            ],
            [
              76.8067798,
              25.9898081
            ],
            [
              76.8089614,
              25.9920376
            ],
            [
              76.8116388,
              25.9951095
            ],
            [
              76.8122303,
              25.9957881
            ],
            [
              76.8162031,
              25.999507
            ],
            [
              76.8164261,
              25.9997209
            ],
            [
              76.8166202,
              26.0000028
            ],
            [
              76.8166331,
              26.0000235
            ],
            [
              76.816943,
              26.0005211
            ],
            [
              76.8173902,
              26.001237
            ],
            [
              76.8178759,
              26.0018412
            ],
            [
              76.8187843,
              26.0029427
            ],
            [
              76.8192485,
              26.0034844
            ],
            [
              76.8198278,
              26.0037238
            ],
            [
              76.8206217,
              26.0039453
            ],
            [
              76.8217353,
              26.004388
            ],
            [
              76.8226441,
              26.0048306
            ],
            [
              76.824082,
              26.0056932
            ],
            [
              76.8253502,
              26.0067542
            ],
            [
              76.826204,
              26.0073908
            ],
            [
              76.826848,
              26.0080906
            ],
            [
              76.827382,
              26.0089753
            ],
            [
              76.827956,
              26.0099774
            ],
            [
              76.8286447,
              26.0112819
            ],
            [
              76.8289998,
              26.0120336
            ],
            [
              76.8292885,
              26.0126451
            ],
            [
              76.8296326,
              26.013417
            ],
            [
              76.8297976,
              26.013787
            ],
            [
              76.8304414,
              26.0151728
            ],
            [
              76.83125,
              26.0164052
            ],
            [
              76.831959,
              26.0172899
            ],
            [
              76.8327576,
              26.0187118
            ],
            [
              76.8336319,
              26.0197242
            ],
            [
              76.834198,
              26.0203797
            ],
            [
              76.8348198,
              26.0210998
            ],
            [
              76.8360082,
              26.0223548
            ],
            [
              76.8384252,
              26.0244585
            ],
            [
              76.8396886,
              26.0255239
            ],
            [
              76.8407773,
              26.0264855
            ],
            [
              76.84272,
              26.0278579
            ],
            [
              76.8442484,
              26.0288827
            ],
            [
              76.8463112,
              26.0299663
            ],
            [
              76.8483041,
              26.0310047
            ],
            [
              76.849433,
              26.0314065
            ],
            [
              76.850477,
              26.0317452
            ],
            [
              76.8514195,
              26.0321012
            ],
            [
              76.8515409,
              26.0321471
            ],
            [
              76.8520189,
              26.0323234
            ],
            [
              76.852606,
              26.0325401
            ],
            [
              76.8486786,
              26.0350946
            ],
            [
              76.8476486,
              26.0370033
            ],
            [
              76.8472409,
              26.0394904
            ],
            [
              76.8474769,
              26.0404737
            ],
            [
              76.8485713,
              26.0410521
            ],
            [
              76.8492365,
              26.0414184
            ],
            [
              76.8506098,
              26.0417847
            ],
            [
              76.8509102,
              26.0419775
            ],
            [
              76.8512964,
              26.0426522
            ],
            [
              76.8508458,
              26.0435005
            ],
            [
              76.8502664,
              26.0442331
            ],
            [
              76.850245,
              26.0450235
            ],
            [
              76.8498373,
              26.0458718
            ],
            [
              76.8491936,
              26.0468743
            ],
            [
              76.8491721,
              26.0478189
            ],
            [
              76.8492579,
              26.0483972
            ],
            [
              76.8485284,
              26.0492262
            ],
            [
              76.8488502,
              26.0498624
            ],
            [
              76.8487859,
              26.0505371
            ],
            [
              76.8479275,
              26.051366
            ],
            [
              76.8473053,
              26.0519829
            ],
            [
              76.8463182,
              26.0522528
            ],
            [
              76.8455028,
              26.0523492
            ],
            [
              76.8448376,
              26.0528504
            ],
            [
              76.8435931,
              26.0533709
            ],
            [
              76.8428421,
              26.0537757
            ],
            [
              76.8414688,
              26.0551637
            ],
            [
              76.8400526,
              26.0575925
            ],
            [
              76.8379068,
              26.0605611
            ],
            [
              76.8348384,
              26.064821
            ],
            [
              76.8340659,
              26.0663438
            ],
            [
              76.8327141,
              26.0669413
            ],
            [
              76.8311262,
              26.0675195
            ],
            [
              76.8303752,
              26.0677894
            ],
            [
              76.8298602,
              26.0682713
            ],
            [
              76.8296027,
              26.0688495
            ],
            [
              76.8293023,
              26.0697169
            ],
            [
              76.8285298,
              26.0713552
            ],
            [
              76.8278003,
              26.0725309
            ],
            [
              76.8266201,
              26.0724153
            ],
            [
              76.8247747,
              26.0721647
            ],
            [
              76.8236589,
              26.0716828
            ],
            [
              76.8226504,
              26.0712974
            ],
            [
              76.8221569,
              26.0703336
            ],
            [
              76.8217063,
              26.0699096
            ],
            [
              76.8207407,
              26.0692543
            ],
            [
              76.8197751,
              26.0693506
            ],
            [
              76.8194747,
              26.0695627
            ],
            [
              76.8177581,
              26.0698518
            ],
            [
              76.8161487,
              26.0700831
            ],
            [
              76.8143677,
              26.0702373
            ],
            [
              76.8132305,
              26.0702373
            ],
            [
              76.8121147,
              26.0699481
            ],
            [
              76.8109345,
              26.0696012
            ],
            [
              76.8100118,
              26.0695048
            ],
            [
              76.8098616,
              26.070218
            ],
            [
              76.8096256,
              26.0712974
            ],
            [
              76.8094754,
              26.0720491
            ],
            [
              76.8092608,
              26.0734368
            ],
            [
              76.8093896,
              26.0756147
            ],
            [
              76.8084025,
              26.0767133
            ],
            [
              76.8081236,
              26.0771181
            ],
            [
              76.8079734,
              26.0777541
            ],
            [
              76.8079948,
              26.0785057
            ],
            [
              76.8074369,
              26.0790646
            ],
            [
              76.8064928,
              26.0792574
            ],
            [
              76.8058491,
              26.0798356
            ],
            [
              76.8057847,
              26.0805294
            ],
            [
              76.8062567,
              26.0812232
            ],
            [
              76.807158,
              26.0817628
            ],
            [
              76.8060422,
              26.0853282
            ],
            [
              76.8029094,
              26.0894523
            ],
            [
              76.8019438,
              26.0919769
            ],
            [
              76.8015361,
              26.0940196
            ],
            [
              76.8006992,
              26.0961586
            ],
            [
              76.7986822,
              26.0985866
            ],
            [
              76.7938971,
              26.1034618
            ],
            [
              76.7908287,
              26.1060052
            ],
            [
              76.7893696,
              26.1055621
            ],
            [
              76.7865371,
              26.1059089
            ],
            [
              76.7821169,
              26.1064291
            ],
            [
              76.7808723,
              26.1063135
            ],
            [
              76.7796278,
              26.1061209
            ],
            [
              76.7775249,
              26.1058318
            ],
            [
              76.7765379,
              26.1067567
            ],
            [
              76.7763877,
              26.1077779
            ],
            [
              76.7757869,
              26.1083174
            ],
            [
              76.7749929,
              26.1093965
            ],
            [
              76.7735767,
              26.1100901
            ],
            [
              76.7720318,
              26.1106874
            ],
            [
              76.7708087,
              26.1115352
            ],
            [
              76.7684698,
              26.1141748
            ],
            [
              76.7676759,
              26.1149841
            ],
            [
              76.766839,
              26.1159667
            ],
            [
              76.7664528,
              26.1167952
            ],
            [
              76.7654013,
              26.1187796
            ],
            [
              76.7650795,
              26.1195117
            ],
            [
              76.7642855,
              26.1202631
            ],
            [
              76.7637706,
              26.1205521
            ],
            [
              76.7632341,
              26.1212457
            ],
            [
              76.763277,
              26.1223053
            ],
            [
              76.7637062,
              26.1228255
            ],
            [
              76.7639422,
              26.1234805
            ],
            [
              76.7631054,
              26.1237695
            ],
            [
              76.7626762,
              26.1239044
            ],
            [
              76.761539,
              26.1244438
            ],
            [
              76.7611098,
              26.1251759
            ],
            [
              76.7602515,
              26.1274107
            ],
            [
              76.7593503,
              26.128162
            ],
            [
              76.7585778,
              26.1287014
            ],
            [
              76.7584276,
              26.1294528
            ],
            [
              76.7582345,
              26.1304545
            ],
            [
              76.7562389,
              26.1333056
            ],
            [
              76.7545652,
              26.1365227
            ],
            [
              76.7535782,
              26.1375629
            ],
            [
              76.7507243,
              26.1411651
            ],
            [
              76.7486,
              26.1437463
            ],
            [
              76.7467761,
              26.1467319
            ],
            [
              76.7460036,
              26.1475217
            ],
            [
              76.7451882,
              26.1483114
            ],
            [
              76.7444372,
              26.1493901
            ],
            [
              76.7441797,
              26.1498523
            ],
            [
              76.7437935,
              26.1506035
            ],
            [
              76.7433643,
              26.1511621
            ],
            [
              76.7423129,
              26.1516821
            ],
            [
              76.74124,
              26.1521251
            ],
            [
              76.740725,
              26.1525104
            ],
            [
              76.7404461,
              26.1535119
            ],
            [
              76.7404032,
              26.1544172
            ],
            [
              76.7401886,
              26.1552646
            ],
            [
              76.7395663,
              26.1557076
            ],
            [
              76.7386222,
              26.1560158
            ],
            [
              76.7377853,
              26.1559773
            ],
            [
              76.7367339,
              26.1554187
            ],
            [
              76.7361975,
              26.1538586
            ],
            [
              76.7352319,
              26.1525489
            ],
            [
              76.7344165,
              26.1528185
            ],
            [
              76.7340517,
              26.1534541
            ],
            [
              76.7331934,
              26.154475
            ],
            [
              76.7325282,
              26.1552069
            ],
            [
              76.7320776,
              26.1553609
            ],
            [
              76.7309403,
              26.1549565
            ],
            [
              76.7301893,
              26.1545327
            ],
            [
              76.7293095,
              26.1541668
            ],
            [
              76.7267561,
              26.1546676
            ],
            [
              76.7242884,
              26.1554765
            ],
            [
              76.7244816,
              26.1565551
            ],
            [
              76.7254042,
              26.1574603
            ],
            [
              76.7257046,
              26.1584811
            ],
            [
              76.7260265,
              26.1595211
            ],
            [
              76.7262411,
              26.1601182
            ],
            [
              76.7266273,
              26.1611004
            ],
            [
              76.7261553,
              26.1618515
            ],
            [
              76.7253399,
              26.162256
            ],
            [
              76.7245674,
              26.1627182
            ],
            [
              76.7236662,
              26.1633923
            ],
            [
              76.7230654,
              26.1643745
            ],
            [
              76.7223358,
              26.1656648
            ],
            [
              76.7218637,
              26.1665892
            ],
            [
              76.7211342,
              26.1672248
            ],
            [
              76.7200613,
              26.1677255
            ],
            [
              76.7191386,
              26.1686499
            ],
            [
              76.7187524,
              26.1696321
            ],
            [
              76.7160702,
              26.1704024
            ],
            [
              76.7146539,
              26.1704987
            ],
            [
              76.7135811,
              26.170749
            ],
            [
              76.7124867,
              26.1709416
            ],
            [
              76.7114353,
              26.1714231
            ],
            [
              76.7112422,
              26.1724822
            ],
            [
              76.7111134,
              26.1736569
            ],
            [
              76.7103839,
              26.1751783
            ],
            [
              76.7095899,
              26.1759678
            ],
            [
              76.7081737,
              26.1768729
            ],
            [
              76.7064786,
              26.1769692
            ],
            [
              76.7037105,
              26.1769307
            ],
            [
              76.7032814,
              26.1771425
            ],
            [
              76.7032814,
              26.1778935
            ],
            [
              76.7039037,
              26.1784905
            ],
            [
              76.7042899,
              26.1793955
            ],
            [
              76.7039037,
              26.1802428
            ],
            [
              76.7031741,
              26.1806664
            ],
            [
              76.7024874,
              26.1809745
            ],
            [
              76.7013502,
              26.1812056
            ],
            [
              76.6999769,
              26.1815907
            ],
            [
              76.6992259,
              26.1818025
            ],
            [
              76.6981101,
              26.1815522
            ],
            [
              76.6966295,
              26.1802428
            ],
            [
              76.6960501,
              26.1799347
            ],
            [
              76.6946339,
              26.1800887
            ],
            [
              76.6936469,
              26.1803776
            ],
            [
              76.6925955,
              26.1808783
            ],
            [
              76.6912865,
              26.1811671
            ],
            [
              76.6902351,
              26.1811093
            ],
            [
              76.6895056,
              26.1807049
            ],
            [
              76.6885185,
              26.1796651
            ],
            [
              76.6870594,
              26.1779898
            ],
            [
              76.6864586,
              26.1768344
            ],
            [
              76.6863298,
              26.1760448
            ],
            [
              76.6856217,
              26.1750627
            ],
            [
              76.6852569,
              26.1747739
            ],
            [
              76.6843343,
              26.1736955
            ],
            [
              76.6841841,
              26.1725207
            ],
            [
              76.684699,
              26.1707105
            ],
            [
              76.683712,
              26.170152
            ],
            [
              76.6818237,
              26.1699017
            ],
            [
              76.6802358,
              26.1690928
            ],
            [
              76.6762662,
              26.1672055
            ],
            [
              76.6722965,
              26.1662811
            ],
            [
              76.6682195,
              26.1667048
            ],
            [
              76.6645503,
              26.1706913
            ],
            [
              76.6640138,
              26.1750242
            ],
            [
              76.6628766,
              26.1752553
            ],
            [
              76.6622114,
              26.1754479
            ],
            [
              76.6608596,
              26.1756982
            ],
            [
              76.6605806,
              26.1761989
            ],
            [
              76.6601085,
              26.1774698
            ],
            [
              76.6597438,
              26.1781631
            ],
            [
              76.6592717,
              26.1796844
            ],
            [
              76.658864,
              26.1802428
            ],
            [
              76.6581559,
              26.1800502
            ],
            [
              76.6576195,
              26.1805509
            ],
            [
              76.6574049,
              26.1813404
            ],
            [
              76.6570616,
              26.1821299
            ],
            [
              76.6568255,
              26.1829772
            ],
            [
              76.656096,
              26.1835356
            ],
            [
              76.6541004,
              26.184017
            ],
            [
              76.652019,
              26.1844791
            ],
            [
              76.6505813,
              26.1838822
            ],
            [
              76.648221,
              26.1838629
            ],
            [
              76.6451525,
              26.1849412
            ],
            [
              76.6431355,
              26.1849412
            ],
            [
              76.6399383,
              26.1847679
            ],
            [
              76.6346597,
              26.1858848
            ],
            [
              76.6335225,
              26.1860773
            ],
            [
              76.628716,
              26.1847294
            ],
            [
              76.6252184,
              26.1868283
            ],
            [
              76.6216993,
              26.189601
            ],
            [
              76.6160774,
              26.1940295
            ],
            [
              76.6098332,
              26.1979958
            ],
            [
              76.6028166,
              26.2025395
            ],
            [
              76.5971732,
              26.2055621
            ],
            [
              76.5916157,
              26.2085462
            ],
            [
              76.5873077,
              26.2105585
            ],
            [
              76.5838265,
              26.2121847
            ],
            [
              76.5781632,
              26.2154735
            ],
            [
              76.5825605,
              26.2195576
            ],
            [
              76.5876674,
              26.2230225
            ],
            [
              76.5860152,
              26.2243315
            ],
            [
              76.5853071,
              26.2250629
            ],
            [
              76.5839982,
              26.2260254
            ],
            [
              76.5831828,
              26.2270071
            ],
            [
              76.5824961,
              26.227777
            ],
            [
              76.5821314,
              26.2285662
            ],
            [
              76.5819597,
              26.2294709
            ],
            [
              76.5820026,
              26.2314726
            ],
            [
              76.5848779,
              26.2341096
            ],
            [
              76.5891695,
              26.2360343
            ],
            [
              76.5921521,
              26.2373816
            ],
            [
              76.596744,
              26.2400954
            ],
            [
              76.6001558,
              26.2419623
            ],
            [
              76.6037178,
              26.2449069
            ],
            [
              76.6043615,
              26.2466197
            ],
            [
              76.6046405,
              26.2478899
            ],
            [
              76.6051769,
              26.2488137
            ],
            [
              76.6059279,
              26.2499106
            ],
            [
              76.6064214,
              26.2506997
            ],
            [
              76.6067862,
              26.2514502
            ],
            [
              76.6067004,
              26.2521238
            ],
            [
              76.6066789,
              26.2538943
            ],
            [
              76.6071081,
              26.255607
            ],
            [
              76.6080951,
              26.2565114
            ],
            [
              76.608417,
              26.2577815
            ],
            [
              76.6082239,
              26.2588591
            ],
            [
              76.6076231,
              26.2595327
            ],
            [
              76.6063571,
              26.2602062
            ],
            [
              76.6054129,
              26.260591
            ],
            [
              76.6042113,
              26.2608027
            ],
            [
              76.6037392,
              26.2614185
            ],
            [
              76.6038036,
              26.2624191
            ],
            [
              76.603868,
              26.2637084
            ],
            [
              76.6035676,
              26.2648244
            ],
            [
              76.603353,
              26.2663061
            ],
            [
              76.6037392,
              26.2685959
            ],
            [
              76.6048336,
              26.2723864
            ],
            [
              76.5978384,
              26.2737525
            ],
            [
              76.5969372,
              26.2707317
            ],
            [
              76.5967226,
              26.266383
            ],
            [
              76.5958106,
              26.2664889
            ],
            [
              76.5949094,
              26.2665658
            ],
            [
              76.5939009,
              26.2665273
            ],
            [
              76.5930641,
              26.2662868
            ],
            [
              76.5923667,
              26.2661906
            ],
            [
              76.5921199,
              26.2663734
            ],
            [
              76.5922165,
              26.2669026
            ],
            [
              76.5924525,
              26.2673066
            ],
            [
              76.5926671,
              26.2679031
            ],
            [
              76.5927744,
              26.2686536
            ],
            [
              76.5920985,
              26.2688364
            ],
            [
              76.5914118,
              26.2690288
            ],
            [
              76.5911114,
              26.2692885
            ],
            [
              76.5907895,
              26.2691827
            ],
            [
              76.5902853,
              26.2687594
            ],
            [
              76.5900707,
              26.2684612
            ],
            [
              76.5896737,
              26.2679994
            ],
            [
              76.5895021,
              26.2681052
            ],
            [
              76.58903,
              26.2683457
            ],
            [
              76.588794,
              26.2686921
            ],
            [
              76.588676,
              26.2690192
            ],
            [
              76.5883326,
              26.2688941
            ],
            [
              76.5880966,
              26.2691827
            ],
            [
              76.5879142,
              26.2694232
            ],
            [
              76.5876031,
              26.2691539
            ],
            [
              76.5871096,
              26.269048
            ],
            [
              76.5870345,
              26.2694521
            ],
            [
              76.5867877,
              26.269885
            ],
            [
              76.5863478,
              26.2701063
            ],
            [
              76.5860045,
              26.2700967
            ],
            [
              76.5856719,
              26.2697022
            ],
            [
              76.5852213,
              26.2695676
            ],
            [
              76.5845561,
              26.2696638
            ],
            [
              76.5837407,
              26.2698466
            ],
            [
              76.5833115,
              26.2700871
            ],
            [
              76.5827966,
              26.2701737
            ],
            [
              76.5821206,
              26.2702699
            ],
            [
              76.5812731,
              26.2705777
            ],
            [
              76.5810585,
              26.2704046
            ],
            [
              76.5811014,
              26.270039
            ],
            [
              76.5812731,
              26.2695579
            ],
            [
              76.580286,
              26.2695291
            ],
            [
              76.5791702,
              26.2693463
            ],
            [
              76.5789449,
              26.2689133
            ],
            [
              76.578623,
              26.2686151
            ],
            [
              76.5777111,
              26.2686824
            ],
            [
              76.577121,
              26.2689999
            ],
            [
              76.5754366,
              26.2685862
            ],
            [
              76.5749323,
              26.2678647
            ],
            [
              76.5739024,
              26.2678647
            ],
            [
              76.5721106,
              26.2679705
            ],
            [
              76.5704906,
              26.2682784
            ],
            [
              76.5673256,
              26.2666332
            ],
            [
              76.56533,
              26.2653536
            ],
            [
              76.5631628,
              26.2650746
            ],
            [
              76.5608239,
              26.2638238
            ],
            [
              76.5593111,
              26.2640162
            ],
            [
              76.5565753,
              26.2638046
            ],
            [
              76.5556097,
              26.2623325
            ],
            [
              76.5545368,
              26.2625442
            ],
            [
              76.553024,
              26.263439
            ],
            [
              76.5516722,
              26.2645454
            ],
            [
              76.5512109,
              26.2666236
            ],
            [
              76.5522087,
              26.268134
            ],
            [
              76.5564144,
              26.2749551
            ],
            [
              76.5567899,
              26.2759941
            ],
            [
              76.557498,
              26.2784087
            ],
            [
              76.5595579,
              26.2791591
            ],
            [
              76.5618431,
              26.2801211
            ],
            [
              76.5641177,
              26.28116
            ],
            [
              76.5660381,
              26.2818526
            ],
            [
              76.5681517,
              26.2819969
            ],
            [
              76.5695786,
              26.2834784
            ],
            [
              76.5692568,
              26.284094
            ],
            [
              76.5689134,
              26.2854408
            ],
            [
              76.5680981,
              26.2873069
            ],
            [
              76.5676582,
              26.288644
            ],
            [
              76.5673363,
              26.2892981
            ],
            [
              76.5669393,
              26.2901253
            ],
            [
              76.5669823,
              26.2909911
            ],
            [
              76.5672076,
              26.2914816
            ],
            [
              76.5675402,
              26.2920972
            ],
            [
              76.5680981,
              26.2926359
            ],
            [
              76.5692139,
              26.2931457
            ],
            [
              76.570512,
              26.2935978
            ],
            [
              76.5718961,
              26.2941845
            ],
            [
              76.5722823,
              26.2947039
            ],
            [
              76.5724647,
              26.2955407
            ],
            [
              76.5723896,
              26.2967719
            ],
            [
              76.5712094,
              26.2977434
            ],
            [
              76.5691602,
              26.298561
            ],
            [
              76.5682161,
              26.2998402
            ],
            [
              76.5675294,
              26.301985
            ],
            [
              76.5671539,
              26.3044376
            ],
            [
              76.5660918,
              26.3043126
            ],
            [
              76.5655768,
              26.3041202
            ],
            [
              76.5648365,
              26.3040722
            ],
            [
              76.5643215,
              26.3044376
            ],
            [
              76.5640353,
              26.3053855
            ],
            [
              76.564698,
              26.306199
            ],
            [
              76.5652656,
              26.3070537
            ],
            [
              76.5665316,
              26.3080347
            ],
            [
              76.5666175,
              26.3090926
            ],
            [
              76.5659308,
              26.3107468
            ],
            [
              76.5667491,
              26.3117507
            ],
            [
              76.5664465,
              26.312501
            ],
            [
              76.5651844,
              26.3160171
            ],
            [
              76.5652259,
              26.3177935
            ],
            [
              76.5666083,
              26.3187176
            ],
            [
              76.5685062,
              26.3187806
            ],
            [
              76.572466,
              26.3178145
            ],
            [
              76.5751791,
              26.3173441
            ],
            [
              76.5761846,
              26.3159946
            ],
            [
              76.5793633,
              26.3156131
            ],
            [
              76.5803973,
              26.3146221
            ],
            [
              76.5816509,
              26.3147481
            ],
            [
              76.5827756,
              26.3148741
            ],
            [
              76.5843572,
              26.3150946
            ],
            [
              76.5849664,
              26.3154202
            ],
            [
              76.5856576,
              26.3164283
            ],
            [
              76.5858685,
              26.3175834
            ],
            [
              76.5857454,
              26.3186598
            ],
            [
              76.5851187,
              26.3192006
            ],
            [
              76.5831998,
              26.3193829
            ],
            [
              76.5836012,
              26.3207003
            ],
            [
              76.5837085,
              26.3217005
            ],
            [
              76.5840196,
              26.3224986
            ],
            [
              76.5849638,
              26.3227487
            ],
            [
              76.5856075,
              26.3232872
            ],
            [
              76.5859079,
              26.3238834
            ],
            [
              76.5871095,
              26.325095
            ],
            [
              76.5880751,
              26.325922
            ],
            [
              76.5891051,
              26.3265374
            ],
            [
              76.591208,
              26.3265182
            ],
            [
              76.5925169,
              26.3264605
            ],
            [
              76.5933323,
              26.3271913
            ],
            [
              76.5945124,
              26.3281529
            ],
            [
              76.5952205,
              26.3290376
            ],
            [
              76.5944052,
              26.3316723
            ],
            [
              76.5951776,
              26.3329416
            ],
            [
              76.5981817,
              26.3333454
            ],
            [
              76.6023445,
              26.3356916
            ],
            [
              76.6032672,
              26.3339031
            ],
            [
              76.6075372,
              26.3312877
            ],
            [
              76.6068077,
              26.3294799
            ],
            [
              76.6070652,
              26.3286145
            ],
            [
              76.6072368,
              26.3280183
            ],
            [
              76.607151,
              26.3270567
            ],
            [
              76.6069793,
              26.3254027
            ],
            [
              76.6079449,
              26.3254989
            ],
            [
              76.6100478,
              26.3270182
            ],
            [
              76.6112494,
              26.3284606
            ],
            [
              76.6124296,
              26.3294415
            ],
            [
              76.6139102,
              26.3293453
            ],
            [
              76.6153908,
              26.3289222
            ],
            [
              76.6158628,
              26.3274606
            ],
            [
              76.6181159,
              26.3259605
            ],
            [
              76.6207981,
              26.3247873
            ],
            [
              76.6235661,
              26.3241719
            ],
            [
              76.6247248,
              26.3232295
            ],
            [
              76.6247248,
              26.3225371
            ],
            [
              76.6245103,
              26.32121
            ],
            [
              76.6241884,
              26.3200176
            ],
            [
              76.6236305,
              26.3186135
            ],
            [
              76.6232228,
              26.3175172
            ],
            [
              76.6232657,
              26.3164786
            ],
            [
              76.6235232,
              26.3158054
            ],
            [
              76.6240167,
              26.3153631
            ],
            [
              76.6249823,
              26.3153246
            ],
            [
              76.6258621,
              26.3156131
            ],
            [
              76.6267204,
              26.3161709
            ],
            [
              76.6274714,
              26.3168441
            ],
            [
              76.6281795,
              26.3172095
            ],
            [
              76.6295314,
              26.3168825
            ],
            [
              76.6302609,
              26.316594
            ],
            [
              76.6309905,
              26.3166517
            ],
            [
              76.631484,
              26.3170749
            ],
            [
              76.6319775,
              26.3182481
            ],
            [
              76.6322565,
              26.3208254
            ],
            [
              76.6316986,
              26.3217486
            ],
            [
              76.6305184,
              26.3233256
            ],
            [
              76.6294026,
              26.325172
            ],
            [
              76.628952,
              26.3267875
            ],
            [
              76.6294241,
              26.3277298
            ],
            [
              76.6294455,
              26.328576
            ],
            [
              76.6281152,
              26.3299415
            ],
            [
              76.6307759,
              26.3317108
            ],
            [
              76.6337585,
              26.3364608
            ],
            [
              76.6376853,
              26.3414414
            ],
            [
              76.64114,
              26.3432682
            ],
            [
              76.6484356,
              26.3475947
            ],
            [
              76.6516113,
              26.3484984
            ],
            [
              76.6544866,
              26.3493252
            ],
            [
              76.6589927,
              26.3489022
            ],
            [
              76.6626835,
              26.3515942
            ],
            [
              76.6702795,
              26.3489791
            ],
            [
              76.6706657,
              26.3503251
            ],
            [
              76.6749358,
              26.3512481
            ],
            [
              76.676352,
              26.3528247
            ],
            [
              76.6790664,
              26.3574393
            ],
            [
              76.6801178,
              26.3581795
            ],
            [
              76.682328,
              26.3608617
            ],
            [
              76.6855359,
              26.3650241
            ],
            [
              76.6884863,
              26.3685904
            ],
            [
              76.6878104,
              26.3695036
            ],
            [
              76.6860509,
              26.3700515
            ],
            [
              76.6852033,
              26.3730121
            ],
            [
              76.6846454,
              26.3728199
            ],
            [
              76.6835296,
              26.3750499
            ],
            [
              76.6823923,
              26.3779238
            ],
            [
              76.6816199,
              26.3797597
            ],
            [
              76.6802359,
              26.3818261
            ],
            [
              76.6784119,
              26.384277
            ],
            [
              76.6794312,
              26.3852574
            ],
            [
              76.6810191,
              26.3870643
            ],
            [
              76.6841626,
              26.3913315
            ],
            [
              76.6863191,
              26.3941954
            ],
            [
              76.6903531,
              26.3952333
            ],
            [
              76.6931963,
              26.3957907
            ],
            [
              76.6956103,
              26.397511
            ],
            [
              76.6994405,
              26.4008649
            ],
            [
              76.7015219,
              26.4020181
            ],
            [
              76.705234,
              26.4039304
            ],
            [
              76.7091823,
              26.4058042
            ],
            [
              76.7105126,
              26.4065922
            ],
            [
              76.7118108,
              26.408812
            ],
            [
              76.7133987,
              26.4112719
            ],
            [
              76.7168319,
              26.412694
            ],
            [
              76.7175293,
              26.4132321
            ],
            [
              76.7196858,
              26.415125
            ],
            [
              76.7243314,
              26.4157016
            ],
            [
              76.7257476,
              26.4156631
            ],
            [
              76.730082,
              26.4152884
            ],
            [
              76.7302751,
              26.4161147
            ],
            [
              76.7306077,
              26.4172389
            ],
            [
              76.7313802,
              26.4185745
            ],
            [
              76.7317343,
              26.4204481
            ],
            [
              76.7322063,
              26.4213513
            ],
            [
              76.7348885,
              26.4235323
            ],
            [
              76.7379141,
              26.4254923
            ],
            [
              76.7402315,
              26.4270488
            ],
            [
              76.7414009,
              26.4284899
            ],
            [
              76.7465508,
              26.4276925
            ],
            [
              76.7471945,
              26.4281249
            ],
            [
              76.7499304,
              26.4299983
            ],
            [
              76.7517221,
              26.4293258
            ],
            [
              76.7527413,
              26.4286148
            ],
            [
              76.7535245,
              26.4279135
            ],
            [
              76.7538464,
              26.4284707
            ],
            [
              76.7533636,
              26.4295564
            ],
            [
              76.7564964,
              26.4308534
            ],
            [
              76.7592323,
              26.4323041
            ],
            [
              76.7614424,
              26.4338028
            ],
            [
              76.7630839,
              26.435484
            ],
            [
              76.7636633,
              26.4364832
            ],
            [
              76.763953,
              26.436733
            ],
            [
              76.7658734,
              26.4375399
            ],
            [
              76.773051,
              26.4394325
            ],
            [
              76.7748213,
              26.4396726
            ],
            [
              76.7757332,
              26.4398167
            ],
            [
              76.7764199,
              26.440297
            ],
            [
              76.7771923,
              26.441373
            ],
            [
              76.7778468,
              26.4431598
            ],
            [
              76.7786622,
              26.4454941
            ],
            [
              76.7792737,
              26.4464931
            ],
            [
              76.7803359,
              26.4478092
            ],
            [
              76.7835438,
              26.4501914
            ],
            [
              76.7816877,
              26.4527561
            ],
            [
              76.7808187,
              26.4537455
            ],
            [
              76.7775571,
              26.4562045
            ],
            [
              76.7744028,
              26.4586634
            ],
            [
              76.7727077,
              26.4601618
            ],
            [
              76.7790913,
              26.4675765
            ],
            [
              76.7801642,
              26.4689019
            ],
            [
              76.7816019,
              26.4693437
            ],
            [
              76.7839408,
              26.468998
            ],
            [
              76.7860222,
              26.46992
            ],
            [
              76.7912149,
              26.4738576
            ],
            [
              76.7939186,
              26.4750677
            ],
            [
              76.7965395,
              26.4773596
            ],
            [
              76.800667,
              26.4814923
            ],
            [
              76.8029844,
              26.4830672
            ],
            [
              76.8067074,
              26.483701
            ],
            [
              76.8117284,
              26.484863
            ],
            [
              76.812927,
              26.4850364
            ],
            [
              76.8234461,
              26.480439
            ],
            [
              76.8279075,
              26.4772957
            ],
            [
              76.8332505,
              26.480484
            ],
            [
              76.833808,
              26.4816123
            ],
            [
              76.8401631,
              26.4860193
            ],
            [
              76.843853,
              26.4881562
            ],
            [
              76.850426,
              26.4949791
            ],
            [
              76.8531908,
              26.4975794
            ],
            [
              76.8556745,
              26.4999699
            ],
            [
              76.8583925,
              26.5014377
            ],
            [
              76.8636878,
              26.5019829
            ],
            [
              76.8665933,
              26.5082733
            ],
            [
              76.8695924,
              26.5086927
            ],
            [
              76.870764,
              26.5086088
            ],
            [
              76.8721229,
              26.5083572
            ],
            [
              76.8736694,
              26.5088604
            ],
            [
              76.8748878,
              26.5107475
            ],
            [
              76.8768091,
              26.5140183
            ],
            [
              76.8815421,
              26.5149828
            ],
            [
              76.8876342,
              26.5183793
            ],
            [
              76.8925546,
              26.5189244
            ],
            [
              76.8976157,
              26.5196372
            ],
            [
              76.9007086,
              26.5208113
            ],
            [
              76.9037546,
              26.5230335
            ],
            [
              76.9059571,
              26.5329285
            ],
            [
              76.906988,
              26.5449607
            ],
            [
              76.9087219,
              26.5578299
            ],
            [
              76.9104558,
              26.5578719
            ],
            [
              76.9128926,
              26.5574108
            ],
            [
              76.9158449,
              26.5564886
            ],
            [
              76.9187034,
              26.5546861
            ],
            [
              76.9230147,
              26.5523806
            ],
            [
              76.9277009,
              26.5509553
            ],
            [
              76.9358548,
              26.5478952
            ],
            [
              76.9399786,
              26.5455057
            ],
            [
              76.9403535,
              26.5423615
            ],
            [
              76.9433058,
              26.5419004
            ],
            [
              76.9464924,
              26.5419004
            ],
            [
              76.9494447,
              26.5421938
            ],
            [
              76.9517409,
              26.5429484
            ],
            [
              76.9543183,
              26.5434096
            ],
            [
              76.9594262,
              26.5463441
            ],
            [
              76.9620505,
              26.5478113
            ],
            [
              76.9667835,
              26.549572
            ],
            [
              76.9701576,
              26.5510392
            ],
            [
              76.9718446,
              26.5589617
            ],
            [
              76.9702982,
              26.5598838
            ],
            [
              76.968658,
              26.5617281
            ],
            [
              76.9678613,
              26.5644945
            ],
            [
              76.9675802,
              26.5717455
            ],
            [
              76.9656588,
              26.5714941
            ],
            [
              76.9624723,
              26.5712426
            ],
            [
              76.9599417,
              26.5708654
            ],
            [
              76.9575986,
              26.5701948
            ],
            [
              76.955443,
              26.5691051
            ],
            [
              76.9520221,
              26.5686859
            ],
            [
              76.949679,
              26.569608
            ],
            [
              76.9441025,
              26.5706139
            ],
            [
              76.939182,
              26.5719551
            ],
            [
              76.9350113,
              26.5731286
            ],
            [
              76.934449,
              26.5749308
            ],
            [
              76.9343084,
              26.5787027
            ],
            [
              76.9354331,
              26.5833545
            ],
            [
              76.9379167,
              26.5887605
            ],
            [
              76.9516707,
              26.5882995
            ],
            [
              76.9541075,
              26.5882367
            ],
            [
              76.9568957,
              26.5890119
            ],
            [
              76.9590279,
              26.5897453
            ],
            [
              76.9626363,
              26.5905415
            ],
            [
              76.9669476,
              26.5922176
            ],
            [
              76.9682831,
              26.5929091
            ],
            [
              76.9702045,
              26.5937262
            ],
            [
              76.972899,
              26.5945014
            ],
            [
              76.9758981,
              26.5958423
            ],
            [
              76.9774446,
              26.5965547
            ],
            [
              76.9778195,
              26.5969318
            ],
            [
              76.977796,
              26.5978537
            ],
            [
              76.9776555,
              26.5989012
            ],
            [
              76.9776555,
              26.5999487
            ],
            [
              76.9777726,
              26.6006611
            ],
            [
              76.9784052,
              26.6013943
            ],
            [
              76.9795299,
              26.6017924
            ],
            [
              76.9803031,
              26.6020229
            ],
            [
              76.9812404,
              26.6024209
            ],
            [
              76.9813107,
              26.6034265
            ],
            [
              76.9805375,
              26.6044112
            ],
            [
              76.979858,
              26.6052701
            ],
            [
              76.9789676,
              26.6064433
            ],
            [
              76.9791785,
              26.6085383
            ],
            [
              76.9793425,
              26.6100675
            ],
            [
              76.9793425,
              26.6112407
            ],
            [
              76.9789442,
              26.6121624
            ],
            [
              76.977796,
              26.6126442
            ],
            [
              76.976109,
              26.6140478
            ],
            [
              76.9756404,
              26.6159121
            ],
            [
              76.974586,
              26.6178393
            ],
            [
              76.9731567,
              26.6190752
            ],
            [
              76.97154,
              26.6195989
            ],
            [
              76.9701576,
              26.6210233
            ],
            [
              76.9687049,
              26.6222382
            ],
            [
              76.9677442,
              26.6240396
            ],
            [
              76.9662681,
              26.6245214
            ],
            [
              76.9610899,
              26.6247309
            ],
            [
              76.9580289,
              26.6252557
            ],
            [
              76.9576455,
              26.6268464
            ],
            [
              76.9591832,
              26.6338069
            ],
            [
              76.956802,
              26.6386593
            ],
            [
              76.9539068,
              26.6473054
            ],
            [
              76.9508171,
              26.6670575
            ],
            [
              76.9501304,
              26.6711609
            ],
            [
              76.9477271,
              26.671391
            ],
            [
              76.9424056,
              26.6716211
            ],
            [
              76.935625,
              26.6750725
            ],
            [
              76.9303035,
              26.6761078
            ],
            [
              76.9191026,
              26.6802109
            ],
            [
              76.9161415,
              26.683777
            ],
            [
              76.9035244,
              26.6786387
            ],
            [
              76.8915081,
              26.6761078
            ],
            [
              76.8890869,
              26.6701333
            ],
            [
              76.8857128,
              26.6694005
            ],
            [
              76.881917,
              26.669903
            ],
            [
              76.8777932,
              26.6684792
            ],
            [
              76.8746066,
              26.6689817
            ],
            [
              76.8713732,
              26.669233
            ],
            [
              76.8691707,
              26.668898
            ],
            [
              76.8688895,
              26.6655059
            ],
            [
              76.8688426,
              26.6601455
            ],
            [
              76.8642033,
              26.6579677
            ],
            [
              76.8610636,
              26.6562088
            ],
            [
              76.8577364,
              26.6509316
            ],
            [
              76.8562368,
              26.6469946
            ],
            [
              76.8527691,
              26.6484186
            ],
            [
              76.8452243,
              26.6493819
            ],
            [
              76.8306972,
              26.6513923
            ],
            [
              76.8295725,
              26.6460312
            ],
            [
              76.8276981,
              26.6419683
            ],
            [
              76.817904,
              26.6276424
            ],
            [
              76.8075007,
              26.6167501
            ],
            [
              76.7955978,
              26.6044322
            ],
            [
              76.7915209,
              26.5986498
            ],
            [
              76.7776498,
              26.5981051
            ],
            [
              76.7787745,
              26.5832288
            ],
            [
              76.7654189,
              26.5722485
            ],
            [
              76.7627947,
              26.5703205
            ],
            [
              76.7607327,
              26.5682668
            ],
            [
              76.7577336,
              26.5679315
            ],
            [
              76.7551562,
              26.5671351
            ],
            [
              76.7536566,
              26.5671351
            ],
            [
              76.7498773,
              26.5701182
            ],
            [
              76.7466044,
              26.571525
            ],
            [
              76.7467975,
              26.5723502
            ],
            [
              76.7472911,
              26.573329
            ],
            [
              76.742785,
              26.5742693
            ],
            [
              76.7397594,
              26.5735976
            ],
            [
              76.7373562,
              26.572734
            ],
            [
              76.7345667,
              26.5725421
            ],
            [
              76.7332792,
              26.5717937
            ],
            [
              76.7322707,
              26.5710452
            ],
            [
              76.728301,
              26.5718512
            ],
            [
              76.7258549,
              26.5720048
            ],
            [
              76.7249536,
              26.571832
            ],
            [
              76.7222714,
              26.5730027
            ],
            [
              76.7197609,
              26.5738663
            ],
            [
              76.7181945,
              26.5738279
            ],
            [
              76.7164993,
              26.5734441
            ],
            [
              76.7136025,
              26.5736744
            ],
            [
              76.7082166,
              26.574538
            ],
            [
              76.705513,
              26.5759005
            ],
            [
              76.7021227,
              26.5779923
            ],
            [
              76.7003417,
              26.5788558
            ],
            [
              76.6976595,
              26.5794315
            ],
            [
              76.6970157,
              26.579681
            ],
            [
              76.6964364,
              26.5793356
            ],
            [
              76.6952884,
              26.5801799
            ],
            [
              76.6943335,
              26.5797673
            ],
            [
              76.6930461,
              26.5808707
            ],
            [
              76.6935825,
              26.5815807
            ],
            [
              76.6908467,
              26.5860134
            ],
            [
              76.6901922,
              26.586522
            ],
            [
              76.6869843,
              26.5885847
            ],
            [
              76.6868663,
              26.5894674
            ],
            [
              76.6852891,
              26.5908969
            ],
            [
              76.6849136,
              26.5932378
            ],
            [
              76.681577,
              26.5951661
            ],
            [
              76.6788304,
              26.5967971
            ],
            [
              76.6775,
              26.5981593
            ],
            [
              76.6764271,
              26.5983896
            ],
            [
              76.6755259,
              26.6006344
            ],
            [
              76.6703546,
              26.601728
            ],
            [
              76.6707516,
              26.6043469
            ],
            [
              76.6706657,
              26.6062559
            ],
            [
              76.6701615,
              26.6074358
            ],
            [
              76.6694534,
              26.6090473
            ],
            [
              76.665945,
              26.609383
            ],
            [
              76.6575766,
              26.6079154
            ],
            [
              76.6541648,
              26.6072823
            ],
            [
              76.6517937,
              26.6074645
            ],
            [
              76.6467619,
              26.6083758
            ],
            [
              76.6397023,
              26.6100161
            ],
            [
              76.6412043,
              26.613642
            ],
            [
              76.6421056,
              26.6158865
            ],
            [
              76.6423201,
              26.6178241
            ],
            [
              76.6386294,
              26.6225239
            ],
            [
              76.634016,
              26.628317
            ],
            [
              76.6297674,
              26.6334384
            ],
            [
              76.6265487,
              26.6363346
            ],
            [
              76.6238236,
              26.6393076
            ],
            [
              76.6215277,
              26.6411105
            ],
            [
              76.6144252,
              26.6429133
            ],
            [
              76.6148758,
              26.6444477
            ],
            [
              76.6153908,
              26.6460203
            ],
            [
              76.6167211,
              26.6477656
            ],
            [
              76.6175794,
              26.650182
            ],
            [
              76.6204119,
              26.6540559
            ],
            [
              76.6169143,
              26.6567216
            ],
            [
              76.615541,
              26.655149
            ],
            [
              76.6069793,
              26.6608445
            ],
            [
              76.6038251,
              26.6643154
            ],
            [
              76.6025805,
              26.6633949
            ],
            [
              76.6023874,
              26.6610555
            ],
            [
              76.6007566,
              26.6598665
            ],
            [
              76.5971088,
              26.6575845
            ],
            [
              76.5962076,
              26.6580639
            ],
            [
              76.5882683,
              26.6494724
            ],
            [
              76.5847492,
              26.6517163
            ],
            [
              76.5815949,
              26.6534806
            ],
            [
              76.5761661,
              26.6571051
            ],
            [
              76.5723467,
              26.6588694
            ],
            [
              76.5684843,
              26.6612856
            ],
            [
              76.5659952,
              26.6626279
            ],
            [
              76.5619612,
              26.6637401
            ],
            [
              76.5586567,
              26.6651208
            ],
            [
              76.5566611,
              26.666463
            ],
            [
              76.5546226,
              26.6684764
            ],
            [
              76.5504813,
              26.6717553
            ],
            [
              76.5489578,
              26.6743246
            ],
            [
              76.5453529,
              26.6766638
            ],
            [
              76.5425849,
              26.6797891
            ],
            [
              76.5398812,
              26.6810353
            ],
            [
              76.5384865,
              26.6817447
            ],
            [
              76.5377784,
              26.6825308
            ],
            [
              76.5352893,
              26.6844672
            ],
            [
              76.533401,
              26.6866337
            ],
            [
              76.5325641,
              26.6872088
            ],
            [
              76.5315127,
              26.6873814
            ],
            [
              76.5299248,
              26.6875156
            ],
            [
              76.5268564,
              26.6884358
            ],
            [
              76.5236163,
              26.690353
            ],
            [
              76.5213203,
              26.6922701
            ],
            [
              76.5179086,
              26.6934012
            ],
            [
              76.5144968,
              26.6938996
            ],
            [
              76.5127587,
              26.6945897
            ],
            [
              76.5111065,
              26.6960275
            ],
            [
              76.5086388,
              26.6962576
            ],
            [
              76.5058064,
              26.6968135
            ],
            [
              76.5000236,
              26.6987018
            ],
            [
              76.4980731,
              26.6997148
            ],
            [
              76.4908095,
              26.703357
            ],
            [
              76.4885602,
              26.7077107
            ],
            [
              76.4864045,
              26.7110596
            ],
            [
              76.4726974,
              26.7165224
            ],
            [
              76.4689719,
              26.7113527
            ],
            [
              76.4671912,
              26.7069154
            ],
            [
              76.4623176,
              26.6983751
            ],
            [
              76.4601619,
              26.694356
            ],
            [
              76.4572565,
              26.6897505
            ],
            [
              76.4526641,
              26.6863172
            ],
            [
              76.4558507,
              26.6833026
            ],
            [
              76.4608649,
              26.6807484
            ],
            [
              76.4633017,
              26.6770217
            ],
            [
              76.4633486,
              26.6726249
            ],
            [
              76.4627394,
              26.668563
            ],
            [
              76.4612867,
              26.667181
            ],
            [
              76.4589436,
              26.666511
            ],
            [
              76.4558507,
              26.665129
            ],
            [
              76.454726,
              26.6624488
            ],
            [
              76.4523361,
              26.6567113
            ],
            [
              76.4494307,
              26.6510573
            ],
            [
              76.4470876,
              26.6491725
            ],
            [
              76.4451194,
              26.6470365
            ],
            [
              76.4431043,
              26.6428061
            ],
            [
              76.4386525,
              26.6328368
            ],
            [
              76.4342006,
              26.6254221
            ],
            [
              76.4270776,
              26.6156608
            ],
            [
              76.4246408,
              26.6111778
            ],
            [
              76.4219229,
              26.6087478
            ],
            [
              76.4188768,
              26.6074908
            ],
            [
              76.4173304,
              26.603678
            ],
            [
              76.4167681,
              26.5979375
            ],
            [
              76.4135815,
              26.5866233
            ],
            [
              76.4102543,
              26.5820135
            ],
            [
              76.4079581,
              26.5756014
            ],
            [
              76.4047715,
              26.5690631
            ],
            [
              76.4037405,
              26.5663807
            ],
            [
              76.4045372,
              26.5645365
            ],
            [
              76.4059899,
              26.562776
            ],
            [
              76.4067865,
              26.5606803
            ],
            [
              76.4062711,
              26.5573688
            ],
            [
              76.4083798,
              26.5541412
            ],
            [
              76.409692,
              26.5533447
            ],
            [
              76.4120819,
              26.5524644
            ],
            [
              76.4137689,
              26.5520033
            ],
            [
              76.4150342,
              26.5504523
            ],
            [
              76.4147062,
              26.5488593
            ],
            [
              76.4128785,
              26.5476437
            ],
            [
              76.4115196,
              26.5468472
            ],
            [
              76.4118007,
              26.5443319
            ],
            [
              76.4137221,
              26.544248
            ],
            [
              76.4158777,
              26.5439126
            ],
            [
              76.4200952,
              26.5433677
            ],
            [
              76.4225321,
              26.5436192
            ],
            [
              76.4251563,
              26.5444157
            ],
            [
              76.4277337,
              26.5461764
            ],
            [
              76.4324667,
              26.5481886
            ],
            [
              76.4351378,
              26.5493205
            ],
            [
              76.4369186,
              26.5499493
            ],
            [
              76.4383244,
              26.5523806
            ],
            [
              76.4388399,
              26.554225
            ],
            [
              76.4390274,
              26.5568658
            ],
            [
              76.4403395,
              26.5584168
            ],
            [
              76.4419796,
              26.5590455
            ],
            [
              76.4443696,
              26.5585425
            ],
            [
              76.4469001,
              26.5566982
            ],
            [
              76.4476499,
              26.555273
            ],
            [
              76.4480717,
              26.5527159
            ],
            [
              76.4498524,
              26.5510392
            ],
            [
              76.4528047,
              26.5491947
            ],
            [
              76.4558038,
              26.5461764
            ],
            [
              76.4585687,
              26.5429484
            ],
            [
              76.4581938,
              26.5385465
            ],
            [
              76.4581469,
              26.5345636
            ],
            [
              76.4594122,
              26.5289036
            ],
            [
              76.4612398,
              26.5242076
            ],
            [
              76.4632548,
              26.5216079
            ],
            [
              76.4655511,
              26.5204339
            ],
            [
              76.4671912,
              26.5181696
            ],
            [
              76.4702841,
              26.5171213
            ],
            [
              76.4725803,
              26.5164923
            ],
            [
              76.4738456,
              26.5167859
            ],
            [
              76.4755326,
              26.516702
            ],
            [
              76.4763293,
              26.5128861
            ],
            [
              76.4779226,
              26.5065121
            ],
            [
              76.4788341,
              26.5004762
            ],
            [
              76.4778256,
              26.4943502
            ],
            [
              76.4770961,
              26.4927947
            ],
            [
              76.4742207,
              26.4904517
            ],
            [
              76.472311,
              26.4910663
            ],
            [
              76.4707875,
              26.4909703
            ],
            [
              76.4705515,
              26.4901252
            ],
            [
              76.4687919,
              26.4867067
            ],
            [
              76.4674401,
              26.4849974
            ],
            [
              76.4676332,
              26.484114
            ],
            [
              76.4675259,
              26.4832689
            ],
            [
              76.4665389,
              26.4800999
            ],
            [
              76.4650583,
              26.4759704
            ],
            [
              76.4558959,
              26.4781984
            ],
            [
              76.4546942,
              26.4783905
            ],
            [
              76.4540505,
              26.4776222
            ],
            [
              76.4515614,
              26.4746643
            ],
            [
              76.4498448,
              26.4730509
            ],
            [
              76.4484286,
              26.4716103
            ],
            [
              76.4468193,
              26.4640037
            ],
            [
              76.4457893,
              26.4574724
            ],
            [
              76.4446091,
              26.4547829
            ],
            [
              76.4433217,
              26.4507486
            ],
            [
              76.4424419,
              26.445984
            ],
            [
              76.4422703,
              26.4434096
            ],
            [
              76.4393306,
              26.4422184
            ],
            [
              76.4382791,
              26.4401818
            ],
            [
              76.4346742,
              26.4368771
            ],
            [
              76.4320349,
              26.4350902
            ],
            [
              76.4303398,
              26.4347059
            ],
            [
              76.4283013,
              26.4351862
            ],
            [
              76.4267778,
              26.4349941
            ],
            [
              76.4249968,
              26.4283458
            ],
            [
              76.424396,
              26.4245988
            ],
            [
              76.4214992,
              26.420083
            ],
            [
              76.4174652,
              26.419545
            ],
            [
              76.4159417,
              26.4183343
            ],
            [
              76.4140534,
              26.4170083
            ],
            [
              76.4125085,
              26.4162973
            ],
            [
              76.4118004,
              26.4156247
            ],
            [
              76.4117789,
              26.4149713
            ],
            [
              76.4125943,
              26.4143948
            ],
            [
              76.4133024,
              26.4136453
            ],
            [
              76.4134526,
              26.4125115
            ],
            [
              76.4136672,
              26.4114545
            ],
            [
              76.414032,
              26.4107434
            ],
            [
              76.4139676,
              26.4097441
            ],
            [
              76.4140534,
              26.4089945
            ],
            [
              76.4134097,
              26.4087255
            ],
            [
              76.4132809,
              26.40763
            ],
            [
              76.413989,
              26.4069766
            ],
            [
              76.4136028,
              26.4054775
            ],
            [
              76.4136028,
              26.4041514
            ],
            [
              76.4129162,
              26.4035748
            ],
            [
              76.4127874,
              26.4025562
            ],
            [
              76.412766,
              26.4013646
            ],
            [
              76.4134741,
              26.4006727
            ],
            [
              76.4136886,
              26.3999423
            ],
            [
              76.4136243,
              26.3995003
            ],
            [
              76.4135384,
              26.398693
            ],
            [
              76.4125943,
              26.3959253
            ],
            [
              76.4120793,
              26.3947336
            ],
            [
              76.4117574,
              26.3947144
            ],
            [
              76.4110708,
              26.3950796
            ],
            [
              76.4101481,
              26.3947721
            ],
            [
              76.409955,
              26.3940032
            ],
            [
              76.4096331,
              26.3935996
            ],
            [
              76.4093756,
              26.3934458
            ],
            [
              76.4090752,
              26.3928307
            ],
            [
              76.4098906,
              26.3920235
            ],
            [
              76.4102983,
              26.3911585
            ],
            [
              76.4104271,
              26.3906203
            ],
            [
              76.4102983,
              26.3897361
            ],
            [
              76.4099979,
              26.3890634
            ],
            [
              76.4090752,
              26.3880446
            ],
            [
              76.4081096,
              26.3881984
            ],
            [
              76.4075732,
              26.388775
            ],
            [
              76.4071655,
              26.3893132
            ],
            [
              76.4068222,
              26.389813
            ],
            [
              76.4061141,
              26.38964
            ],
            [
              76.4058351,
              26.3890441
            ],
            [
              76.4060497,
              26.388083
            ],
            [
              76.4062643,
              26.3867759
            ],
            [
              76.4060068,
              26.3859494
            ],
            [
              76.4052772,
              26.3850459
            ],
            [
              76.4048695,
              26.3844693
            ],
            [
              76.4050841,
              26.3837773
            ],
            [
              76.4060497,
              26.3833351
            ],
            [
              76.4056635,
              26.3824125
            ],
            [
              76.4048266,
              26.3807208
            ],
            [
              76.4035109,
              26.3786817
            ],
            [
              76.4017582,
              26.379702
            ],
            [
              76.3983249,
              26.3834889
            ],
            [
              76.396029,
              26.386084
            ],
            [
              76.394763,
              26.3871027
            ],
            [
              76.3922095,
              26.3880254
            ],
            [
              76.3873815,
              26.3894478
            ],
            [
              76.385386,
              26.3905819
            ],
            [
              76.3834977,
              26.391812
            ],
            [
              76.3819098,
              26.3924655
            ],
            [
              76.379292,
              26.3923694
            ],
            [
              76.3774466,
              26.3931191
            ],
            [
              76.3726401,
              26.3964635
            ],
            [
              76.3675976,
              26.4005766
            ],
            [
              76.3635635,
              26.4028445
            ],
            [
              76.3601303,
              26.4037478
            ],
            [
              76.3559031,
              26.4051316
            ],
            [
              76.3533067,
              26.4060157
            ],
            [
              76.3473415,
              26.4074571
            ],
            [
              76.3431787,
              26.4086294
            ],
            [
              76.3416767,
              26.4092828
            ],
            [
              76.3410544,
              26.4098402
            ],
            [
              76.3405394,
              26.4106473
            ],
            [
              76.3400888,
              26.4119349
            ],
            [
              76.3398313,
              26.4135492
            ],
            [
              76.3398099,
              26.4164126
            ],
            [
              76.3401747,
              26.4201407
            ],
            [
              76.3403678,
              26.4217549
            ],
            [
              76.3413548,
              26.423542
            ],
            [
              76.3416981,
              26.425329
            ],
            [
              76.3411832,
              26.4304595
            ],
            [
              76.340239,
              26.4349365
            ],
            [
              76.3395953,
              26.4367041
            ],
            [
              76.3372564,
              26.4409119
            ],
            [
              76.3351106,
              26.4450618
            ],
            [
              76.3323426,
              26.4488658
            ],
            [
              76.3291669,
              26.4519589
            ],
            [
              76.3250899,
              26.4553208
            ],
            [
              76.3217211,
              26.4568
            ],
            [
              76.3178372,
              26.4582984
            ],
            [
              76.3127732,
              26.4581063
            ],
            [
              76.3078165,
              26.4579526
            ],
            [
              76.3048124,
              26.4569921
            ],
            [
              76.3027096,
              26.4558395
            ],
            [
              76.3004994,
              26.4542834
            ],
            [
              76.2992978,
              26.45388
            ],
            [
              76.2980747,
              26.4539568
            ],
            [
              76.2969804,
              26.4541105
            ],
            [
              76.2952423,
              26.4547829
            ],
            [
              76.2923884,
              26.4558971
            ],
            [
              76.2907791,
              26.4558203
            ],
            [
              76.2894916,
              26.4548597
            ],
            [
              76.2876463,
              26.4536687
            ],
            [
              76.2839556,
              26.4509599
            ],
            [
              76.2805009,
              26.4487698
            ],
            [
              76.2783336,
              26.4478092
            ],
            [
              76.2758875,
              26.4485392
            ],
            [
              76.2740207,
              26.4494037
            ],
            [
              76.2714028,
              26.4500954
            ],
            [
              76.2689996,
              26.4498264
            ],
            [
              76.2652015,
              26.4484432
            ],
            [
              76.2630987,
              26.4468294
            ],
            [
              76.259923,
              26.4451579
            ],
            [
              76.2561464,
              26.4438899
            ],
            [
              76.251769,
              26.4427755
            ],
            [
              76.2499881,
              26.442641
            ],
            [
              76.2476063,
              26.4432943
            ],
            [
              76.2438297,
              26.4452924
            ],
            [
              76.2423491,
              26.4465027
            ],
            [
              76.2417912,
              26.4472328
            ],
            [
              76.2413621,
              26.448251
            ],
            [
              76.2423277,
              26.4525544
            ],
            [
              76.2432718,
              26.4554168
            ],
            [
              76.2442374,
              26.4566079
            ],
            [
              76.2447095,
              26.4574724
            ],
            [
              76.2449884,
              26.4582408
            ],
            [
              76.244967,
              26.4591821
            ],
            [
              76.2443232,
              26.4600849
            ],
            [
              76.2411904,
              26.4619099
            ],
            [
              76.2375641,
              26.46312
            ],
            [
              76.2346244,
              26.4639653
            ],
            [
              76.2316417,
              26.4640997
            ],
            [
              76.2279725,
              26.4634466
            ],
            [
              76.2259125,
              26.4630048
            ],
            [
              76.224432,
              26.4633698
            ],
            [
              76.2223291,
              26.4643687
            ],
            [
              76.2205696,
              26.4655212
            ],
            [
              76.217308,
              26.4679607
            ],
            [
              76.2142396,
              26.4708035
            ],
            [
              76.2113642,
              26.4728588
            ],
            [
              76.2048411,
              26.4759704
            ],
            [
              76.2002921,
              26.4774686
            ],
            [
              76.1956143,
              26.4795621
            ],
            [
              76.1927819,
              26.4802151
            ],
            [
              76.1909151,
              26.480484
            ],
            [
              76.1867845,
              26.4810506
            ],
            [
              76.183759,
              26.4814827
            ],
            [
              76.1809373,
              26.4822702
            ],
            [
              76.1782551,
              26.4835762
            ],
            [
              76.1756587,
              26.4864379
            ],
            [
              76.1737704,
              26.4850743
            ],
            [
              76.1716246,
              26.4845557
            ],
            [
              76.1706161,
              26.4842292
            ],
            [
              76.1680198,
              26.4836722
            ],
            [
              76.1661744,
              26.4818477
            ],
            [
              76.1641359,
              26.4802343
            ],
            [
              76.162548,
              26.4792932
            ],
            [
              76.1595869,
              26.4748372
            ],
            [
              76.1585784,
              26.4741265
            ],
            [
              76.1572695,
              26.4738
            ],
            [
              76.1563039,
              26.4741265
            ],
            [
              76.1510896,
              26.467346
            ],
            [
              76.1462831,
              26.4694974
            ],
            [
              76.1449957,
              26.4704002
            ],
            [
              76.1442017,
              26.4704002
            ],
            [
              76.1433863,
              26.4699008
            ],
            [
              76.1425495,
              26.4697855
            ],
            [
              76.1419487,
              26.4702849
            ],
            [
              76.1413908,
              26.4701697
            ],
            [
              76.141541,
              26.468729
            ],
            [
              76.1409402,
              26.467711
            ],
            [
              76.139245,
              26.4668082
            ],
            [
              76.1378073,
              26.4657901
            ],
            [
              76.1379146,
              26.4649257
            ],
            [
              76.1380005,
              26.4642534
            ],
            [
              76.1380863,
              26.4632161
            ],
            [
              76.1376786,
              26.4616793
            ],
            [
              76.1365413,
              26.4600081
            ],
            [
              76.1340737,
              26.4595471
            ],
            [
              76.1326146,
              26.4605075
            ],
            [
              76.1319494,
              26.4602194
            ],
            [
              76.1322927,
              26.4586826
            ],
            [
              76.1331081,
              26.4562813
            ],
            [
              76.1342883,
              26.4537839
            ],
            [
              76.1358547,
              26.4520741
            ],
            [
              76.1372709,
              26.4499417
            ],
            [
              76.1378932,
              26.4483663
            ],
            [
              76.1392021,
              26.4465988
            ],
            [
              76.1420774,
              26.4449466
            ],
            [
              76.1450815,
              26.4440244
            ],
            [
              76.1473989,
              26.4434864
            ],
            [
              76.150403,
              26.4430061
            ],
            [
              76.1527204,
              26.44291
            ],
            [
              76.1532998,
              26.4402394
            ],
            [
              76.1526346,
              26.4365312
            ],
            [
              76.1515403,
              26.4314394
            ],
            [
              76.1509609,
              26.4284035
            ],
            [
              76.1484504,
              26.4258478
            ],
            [
              76.1482143,
              26.4227925
            ],
            [
              76.1479139,
              26.4187186
            ],
            [
              76.1483645,
              26.4170083
            ],
            [
              76.1512828,
              26.4117812
            ],
            [
              76.1494589,
              26.4094942
            ],
            [
              76.1461973,
              26.4055544
            ],
            [
              76.1440301,
              26.4025754
            ],
            [
              76.1420774,
              26.4010571
            ],
            [
              76.1413264,
              26.3991928
            ],
            [
              76.1386013,
              26.3918889
            ],
            [
              76.1366915,
              26.3878524
            ],
            [
              76.1346102,
              26.384104
            ],
            [
              76.1312413,
              26.3786255
            ],
            [
              76.129632,
              26.3753767
            ],
            [
              76.1289668,
              26.3708013
            ],
            [
              76.1289882,
              26.3682636
            ],
            [
              76.1332154,
              26.366764
            ],
            [
              76.1337518,
              26.3657066
            ],
            [
              76.1345672,
              26.3649953
            ],
            [
              76.1365628,
              26.3641109
            ],
            [
              76.1386442,
              26.3638802
            ],
            [
              76.1399102,
              26.3621883
            ],
            [
              76.1413479,
              26.3601887
            ],
            [
              76.1404252,
              26.3579777
            ],
            [
              76.1384296,
              26.3547283
            ],
            [
              76.1365628,
              26.349979
            ],
            [
              76.1341166,
              26.3504213
            ],
            [
              76.1305547,
              26.3502097
            ],
            [
              76.1276793,
              26.349556
            ],
            [
              76.125834,
              26.3457103
            ],
            [
              76.1239671,
              26.3454795
            ],
            [
              76.124053,
              26.3399799
            ],
            [
              76.1266494,
              26.3394222
            ],
            [
              76.1250186,
              26.33473
            ],
            [
              76.1293101,
              26.3345954
            ],
            [
              76.1295891,
              26.3334993
            ],
            [
              76.132164,
              26.3319415
            ],
            [
              76.1343527,
              26.3311146
            ],
            [
              76.1346745,
              26.329903
            ],
            [
              76.1364984,
              26.3289799
            ],
            [
              76.1378503,
              26.3281529
            ],
            [
              76.1397815,
              26.326999
            ],
            [
              76.1404252,
              26.3260374
            ],
            [
              76.141026,
              26.3242488
            ],
            [
              76.1405968,
              26.3222678
            ],
            [
              76.1388373,
              26.3217101
            ],
            [
              76.1376142,
              26.3214216
            ],
            [
              76.1354899,
              26.3210177
            ],
            [
              76.1352539,
              26.3207484
            ],
            [
              76.1348676,
              26.3194598
            ],
            [
              76.1351466,
              26.3190559
            ],
            [
              76.1358976,
              26.3192482
            ],
            [
              76.1370992,
              26.3196329
            ],
            [
              76.1385155,
              26.3179596
            ],
            [
              76.1400604,
              26.3170172
            ],
            [
              76.1418843,
              26.3166133
            ],
            [
              76.1433863,
              26.3155169
            ],
            [
              76.1443305,
              26.313882
            ],
            [
              76.1441803,
              26.312978
            ],
            [
              76.1442017,
              26.3118047
            ],
            [
              76.1452746,
              26.311093
            ],
            [
              76.1447382,
              26.3104006
            ],
            [
              76.1441803,
              26.3099967
            ],
            [
              76.142571,
              26.3089195
            ],
            [
              76.1403608,
              26.3082463
            ],
            [
              76.1400389,
              26.3037644
            ],
            [
              76.1397815,
              26.3000326
            ],
            [
              76.1380219,
              26.2962622
            ],
            [
              76.1373353,
              26.2966277
            ],
            [
              76.1364341,
              26.2951272
            ],
            [
              76.1349535,
              26.2951464
            ],
            [
              76.1351466,
              26.2959736
            ],
            [
              76.1323786,
              26.2961852
            ],
            [
              76.131885,
              26.2941268
            ],
            [
              76.131134,
              26.2925109
            ],
            [
              76.1288166,
              26.2908564
            ],
            [
              76.1279368,
              26.2903754
            ],
            [
              76.1267137,
              26.2901253
            ],
            [
              76.12504,
              26.2900676
            ],
            [
              76.1240101,
              26.2900292
            ],
            [
              76.1231303,
              26.2904139
            ],
            [
              76.1223364,
              26.2902793
            ],
            [
              76.1222291,
              26.2896636
            ],
            [
              76.1229372,
              26.2890095
            ],
            [
              76.1235595,
              26.2881438
            ],
            [
              76.1237311,
              26.287355
            ],
            [
              76.1236882,
              26.2863546
            ],
            [
              76.1235165,
              26.2852965
            ],
            [
              76.1228943,
              26.284777
            ],
            [
              76.1216926,
              26.2844884
            ],
            [
              76.1210918,
              26.2845077
            ],
            [
              76.1200619,
              26.2847578
            ],
            [
              76.1193108,
              26.2847001
            ],
            [
              76.1193108,
              26.2840652
            ],
            [
              76.1201262,
              26.2833341
            ],
            [
              76.1210918,
              26.2815256
            ],
            [
              76.1213708,
              26.2810061
            ],
            [
              76.1215639,
              26.2802365
            ],
            [
              76.1201906,
              26.2791206
            ],
            [
              76.1187744,
              26.2777546
            ],
            [
              76.1103844,
              26.2765424
            ],
            [
              76.1102128,
              26.2733292
            ],
            [
              76.1104703,
              26.271713
            ],
            [
              76.1110496,
              26.2703276
            ],
            [
              76.1111998,
              26.2684227
            ],
            [
              76.1102986,
              26.2645165
            ],
            [
              76.1104917,
              26.2618611
            ],
            [
              76.1107063,
              26.2608989
            ],
            [
              76.1110496,
              26.2600715
            ],
            [
              76.1135387,
              26.2593017
            ],
            [
              76.1154485,
              26.2591863
            ],
            [
              76.116929,
              26.2587629
            ],
            [
              76.1184096,
              26.2575891
            ],
            [
              76.1199116,
              26.2559341
            ],
            [
              76.1200189,
              26.2552798
            ],
            [
              76.1200619,
              26.2541829
            ],
            [
              76.1194396,
              26.2528743
            ],
            [
              76.1174762,
              26.250488
            ],
            [
              76.1164516,
              26.2497855
            ],
            [
              76.1152446,
              26.2491745
            ],
            [
              76.112807,
              26.2482291
            ],
            [
              76.1120045,
              26.2479476
            ],
            [
              76.106391,
              26.2483421
            ],
            [
              76.1061573,
              26.2479958
            ],
            [
              76.1044836,
              26.2474858
            ],
            [
              76.1040437,
              26.2450993
            ],
            [
              76.1023271,
              26.2449454
            ],
            [
              76.1018765,
              26.2408267
            ],
            [
              76.1001599,
              26.2403841
            ],
            [
              76.0966408,
              26.2395661
            ],
            [
              76.087017,
              26.2400954
            ],
            [
              76.0824358,
              26.241125
            ],
            [
              76.0797644,
              26.2424819
            ],
            [
              76.0772324,
              26.24304
            ],
            [
              76.0745609,
              26.2434923
            ],
            [
              76.0742283,
              26.2430208
            ],
            [
              76.0704946,
              26.244445
            ],
            [
              76.0684454,
              26.2451378
            ],
            [
              76.0666215,
              26.2454842
            ],
            [
              76.0664821,
              26.2442525
            ],
            [
              76.0622978,
              26.2444065
            ],
            [
              76.0622334,
              26.2436559
            ],
            [
              76.0585534,
              26.2441178
            ],
            [
              76.0576844,
              26.2448106
            ],
            [
              76.0559142,
              26.2454554
            ],
            [
              76.0521376,
              26.2464176
            ],
            [
              76.0509574,
              26.2467544
            ],
            [
              76.050818,
              26.2480439
            ],
            [
              76.0481465,
              26.2484673
            ],
            [
              76.0471487,
              26.2491505
            ],
            [
              76.0463869,
              26.2497855
            ],
            [
              76.0437262,
              26.2502282
            ],
            [
              76.0419238,
              26.2506997
            ],
            [
              76.0407114,
              26.2506997
            ],
            [
              76.0394132,
              26.2505168
            ],
            [
              76.0378039,
              26.2508344
            ],
            [
              76.0369393,
              26.2508735
            ],
            [
              76.0312271,
              26.2517966
            ],
            [
              76.0291242,
              26.25222
            ],
            [
              76.0276866,
              26.2525471
            ],
            [
              76.0267532,
              26.253009
            ],
            [
              76.0257876,
              26.2528551
            ],
            [
              76.0254335,
              26.2523836
            ],
            [
              76.0254335,
              26.2514695
            ],
            [
              76.0254335,
              26.2500357
            ],
            [
              76.0257339,
              26.2471778
            ],
            [
              76.0254872,
              26.2436944
            ],
            [
              76.025691,
              26.2406631
            ],
            [
              76.0258627,
              26.2361305
            ],
            [
              76.0262382,
              26.2324831
            ],
            [
              76.0265708,
              26.2296441
            ],
            [
              76.0270107,
              26.2267761
            ],
            [
              76.027987,
              26.2233113
            ],
            [
              76.0226977,
              26.2230321
            ],
            [
              76.0205948,
              26.2226375
            ],
            [
              76.0155737,
              26.2212901
            ],
            [
              76.0126233,
              26.2206548
            ],
            [
              76.0100806,
              26.2202795
            ],
            [
              76.0098445,
              26.220857
            ],
            [
              76.0080528,
              26.2209051
            ],
            [
              76.0072803,
              26.2208088
            ],
            [
              76.006937,
              26.2202217
            ],
            [
              76.0050058,
              26.220164
            ],
            [
              76.0005426,
              26.2205201
            ],
            [
              75.9974956,
              26.2204623
            ],
            [
              75.9951138,
              26.2207222
            ],
            [
              75.9902215,
              26.2214344
            ],
            [
              75.9898138,
              26.2195672
            ],
            [
              75.9887731,
              26.2160252
            ],
            [
              75.9881294,
              26.2140039
            ],
            [
              75.9873462,
              26.2111066
            ],
            [
              75.9833658,
              26.2115398
            ],
            [
              75.98225,
              26.2090371
            ],
            [
              75.9813702,
              26.2049846
            ],
            [
              75.9821319,
              26.2046765
            ],
            [
              75.9807157,
              26.2021833
            ],
            [
              75.9800506,
              26.2003736
            ],
            [
              75.9798252,
              26.1985638
            ]
          ]
        ]
      }
    }
  ]
}