{
  "type": "FeatureCollection",
  "features": [
    {
      "type": "Feature",
      "properties": {
        "name": "Sikar District",
        "admin_level": "5",
        "source": "OpenStreetMap/Nominatim"
      },
      "bbox": [
        74.6812512,
        27.1210596,
        76.0921562,
        28.2038645
      ],
      "geometry": {
        "type": "Polygon",
        "coordinates": [
          [
            [
              74.6812512,
              27.6684249
            ],
            [
              74.6825925,
              27.6675259
            ],
            [
              74.6830638,
              27.6660169
            ],
            [
              74.6844051,
              27.6612328
            ],
            [
              74.6855289,
              27.6593704
            ],
            [
              74.6868703,
              27.6573796
            ],
            [
              74.6878853,
              27.6546182
            ],
            [
              74.6915105,
              27.6538154
            ],
            [
              74.6948094,
              27.6529805
            ],
            [
              74.6980721,
              27.6528842
            ],
            [
              74.7032562,
              27.652531
            ],
            [
              74.7078239,
              27.646237
            ],
            [
              74.7123917,
              27.6406491
            ],
            [
              74.7126817,
              27.6387222
            ],
            [
              74.7111954,
              27.636153
            ],
            [
              74.7108328,
              27.6335837
            ],
            [
              74.7114129,
              27.6314639
            ],
            [
              74.7110141,
              27.6297296
            ],
            [
              74.7096365,
              27.6286055
            ],
            [
              74.7077877,
              27.6274492
            ],
            [
              74.7037637,
              27.624976
            ],
            [
              74.7012623,
              27.6224065
            ],
            [
              74.7017336,
              27.6188411
            ],
            [
              74.7016611,
              27.6120954
            ],
            [
              74.7036912,
              27.6051566
            ],
            [
              74.7044887,
              27.6023938
            ],
            [
              74.7044162,
              27.6002735
            ],
            [
              74.7044887,
              27.5984101
            ],
            [
              74.7051413,
              27.5968359
            ],
            [
              74.7068451,
              27.5960969
            ],
            [
              74.7083677,
              27.5972535
            ],
            [
              74.7168507,
              27.6014943
            ],
            [
              74.7267112,
              27.6073732
            ],
            [
              74.731569,
              27.6074696
            ],
            [
              74.732439,
              27.6061525
            ],
            [
              74.7335266,
              27.6035503
            ],
            [
              74.7358467,
              27.599149
            ],
            [
              74.7384569,
              27.59237
            ],
            [
              74.740052,
              27.5885145
            ],
            [
              74.7409583,
              27.5867152
            ],
            [
              74.7425171,
              27.5853015
            ],
            [
              74.7446197,
              27.5853336
            ],
            [
              74.7469398,
              27.586426
            ],
            [
              74.7488612,
              27.5880647
            ],
            [
              74.7500655,
              27.5902981
            ],
            [
              74.7520401,
              27.5917865
            ],
            [
              74.7552563,
              27.5934475
            ],
            [
              74.7572169,
              27.5895347
            ],
            [
              74.7596968,
              27.583376
            ],
            [
              74.7603879,
              27.582157
            ],
            [
              74.7608954,
              27.5799426
            ],
            [
              74.7584294,
              27.5786573
            ],
            [
              74.759483,
              27.576433
            ],
            [
              74.7603878,
              27.5695752
            ],
            [
              74.7610196,
              27.5660067
            ],
            [
              74.7579187,
              27.5642779
            ],
            [
              74.7552021,
              27.5626094
            ],
            [
              74.7521,
              27.5607854
            ],
            [
              74.745236,
              27.5539372
            ],
            [
              74.7363905,
              27.5478946
            ],
            [
              74.72769,
              27.5446804
            ],
            [
              74.7233217,
              27.5424946
            ],
            [
              74.7199321,
              27.539441
            ],
            [
              74.7196421,
              27.5369658
            ],
            [
              74.7201859,
              27.5344263
            ],
            [
              74.7211647,
              27.5307938
            ],
            [
              74.7230498,
              27.5287364
            ],
            [
              74.7237748,
              27.5269361
            ],
            [
              74.7234485,
              27.5252644
            ],
            [
              74.7224697,
              27.5245893
            ],
            [
              74.7212734,
              27.5229818
            ],
            [
              74.7215997,
              27.5211171
            ],
            [
              74.7234848,
              27.5159731
            ],
            [
              74.7239198,
              27.5139154
            ],
            [
              74.7238473,
              27.5116326
            ],
            [
              74.723376,
              27.5101857
            ],
            [
              74.7221072,
              27.5088353
            ],
            [
              74.7205484,
              27.5070347
            ],
            [
              74.7201859,
              27.5048482
            ],
            [
              74.7224335,
              27.5010217
            ],
            [
              74.7237386,
              27.5008609
            ],
            [
              74.7262399,
              27.5005715
            ],
            [
              74.7270737,
              27.4994461
            ],
            [
              74.728125,
              27.4971308
            ],
            [
              74.7292126,
              27.4956516
            ],
            [
              74.7307714,
              27.4941402
            ],
            [
              74.7319315,
              27.4938186
            ],
            [
              74.7337079,
              27.4943653
            ],
            [
              74.7367893,
              27.4954908
            ],
            [
              74.7411395,
              27.4967449
            ],
            [
              74.7452722,
              27.4989316
            ],
            [
              74.7479186,
              27.4995747
            ],
            [
              74.7501306,
              27.5004791
            ],
            [
              74.7514057,
              27.4969279
            ],
            [
              74.752264,
              27.4961666
            ],
            [
              74.7531867,
              27.4947771
            ],
            [
              74.7530365,
              27.4931211
            ],
            [
              74.7533154,
              27.4911225
            ],
            [
              74.7534442,
              27.489752
            ],
            [
              74.7539377,
              27.4884766
            ],
            [
              74.7543883,
              27.4878294
            ],
            [
              74.7580361,
              27.4896378
            ],
            [
              74.7597313,
              27.4905514
            ],
            [
              74.7614693,
              27.4898471
            ],
            [
              74.7654176,
              27.4918268
            ],
            [
              74.7686577,
              27.4931211
            ],
            [
              74.7713184,
              27.4944154
            ],
            [
              74.7720265,
              27.4930545
            ],
            [
              74.7730136,
              27.4922074
            ],
            [
              74.7735715,
              27.491113
            ],
            [
              74.7742796,
              27.4895616
            ],
            [
              74.7759533,
              27.4897996
            ],
            [
              74.7781312,
              27.4903325
            ],
            [
              74.7798478,
              27.4907418
            ],
            [
              74.780674,
              27.4896092
            ],
            [
              74.7830558,
              27.4895997
            ],
            [
              74.7834527,
              27.4872488
            ],
            [
              74.7846973,
              27.4870775
            ],
            [
              74.7853303,
              27.4862685
            ],
            [
              74.7896755,
              27.4875249
            ],
            [
              74.7902441,
              27.4867063
            ],
            [
              74.7907162,
              27.4855737
            ],
            [
              74.7966063,
              27.4872774
            ],
            [
              74.7986877,
              27.4833846
            ],
            [
              74.8007476,
              27.4798819
            ],
            [
              74.8002219,
              27.4790062
            ],
            [
              74.8003077,
              27.4784827
            ],
            [
              74.8004579,
              27.4780163
            ],
            [
              74.8006189,
              27.4777974
            ],
            [
              74.8011231,
              27.4774261
            ],
            [
              74.8013592,
              27.4771691
            ],
            [
              74.8022389,
              27.4769978
            ],
            [
              74.8024428,
              27.4764648
            ],
            [
              74.802314,
              27.4755795
            ],
            [
              74.8016918,
              27.4748942
            ],
            [
              74.8013055,
              27.4745229
            ],
            [
              74.8010266,
              27.4742088
            ],
            [
              74.8012519,
              27.4727429
            ],
            [
              74.8001575,
              27.4716197
            ],
            [
              74.8001897,
              27.4696968
            ],
            [
              74.7984624,
              27.4683927
            ],
            [
              74.7982263,
              27.4680024
            ],
            [
              74.7984409,
              27.467098
            ],
            [
              74.7992456,
              27.464642
            ],
            [
              74.7989881,
              27.463928
            ],
            [
              74.798634,
              27.4635187
            ],
            [
              74.7981834,
              27.4631569
            ],
            [
              74.7977006,
              27.4625191
            ],
            [
              74.798001,
              27.4618146
            ],
            [
              74.7983014,
              27.4612339
            ],
            [
              74.7984731,
              27.4606151
            ],
            [
              74.7992134,
              27.4589015
            ],
            [
              74.8000824,
              27.4564167
            ],
            [
              74.8004258,
              27.4543698
            ],
            [
              74.8006081,
              27.4529227
            ],
            [
              74.8003185,
              27.4512375
            ],
            [
              74.8003721,
              27.4504758
            ],
            [
              74.8004794,
              27.4501331
            ],
            [
              74.8025072,
              27.4503997
            ],
            [
              74.8072493,
              27.4510471
            ],
            [
              74.8085153,
              27.451228
            ],
            [
              74.8114657,
              27.4512661
            ],
            [
              74.8153818,
              27.4512566
            ],
            [
              74.8192978,
              27.4512566
            ],
            [
              74.821583,
              27.4519135
            ],
            [
              74.8248339,
              27.4523134
            ],
            [
              74.826411,
              27.4526085
            ],
            [
              74.8288464,
              27.453075
            ],
            [
              74.8305631,
              27.4533035
            ],
            [
              74.8321831,
              27.4525704
            ],
            [
              74.8360777,
              27.4524752
            ],
            [
              74.8408198,
              27.4525133
            ],
            [
              74.8415708,
              27.4515517
            ],
            [
              74.8429549,
              27.451704
            ],
            [
              74.8449075,
              27.452161
            ],
            [
              74.8478901,
              27.4527894
            ],
            [
              74.850229,
              27.453313
            ],
            [
              74.8511732,
              27.453532
            ],
            [
              74.8517847,
              27.4529608
            ],
            [
              74.8528898,
              27.4529036
            ],
            [
              74.8537159,
              27.4530369
            ],
            [
              74.8545098,
              27.4511994
            ],
            [
              74.8548639,
              27.4499808
            ],
            [
              74.8551106,
              27.4494952
            ],
            [
              74.8564517,
              27.4496761
            ],
            [
              74.8572993,
              27.4499617
            ],
            [
              74.859091,
              27.4502569
            ],
            [
              74.8599923,
              27.4473053
            ],
            [
              74.8594558,
              27.4463056
            ],
            [
              74.8595738,
              27.4447917
            ],
            [
              74.8605716,
              27.4416496
            ],
            [
              74.8615909,
              27.4385265
            ],
            [
              74.8622882,
              27.4368887
            ],
            [
              74.8636186,
              27.4316896
            ],
            [
              74.8655069,
              27.4286423
            ],
            [
              74.867363,
              27.4251379
            ],
            [
              74.8685217,
              27.4222048
            ],
            [
              74.8707104,
              27.4177382
            ],
            [
              74.8712683,
              27.4164049
            ],
            [
              74.8721266,
              27.4158144
            ],
            [
              74.8730707,
              27.4129096
            ],
            [
              74.8732316,
              27.4112238
            ],
            [
              74.8697233,
              27.4103476
            ],
            [
              74.8680818,
              27.4093761
            ],
            [
              74.8681784,
              27.4080998
            ],
            [
              74.867599,
              27.4076331
            ],
            [
              74.866966,
              27.4073283
            ],
            [
              74.8663115,
              27.4070902
            ],
            [
              74.8653889,
              27.4066616
            ],
            [
              74.8649704,
              27.4059568
            ],
            [
              74.8637688,
              27.4047852
            ],
            [
              74.8616767,
              27.4033279
            ],
            [
              74.8593807,
              27.4020992
            ],
            [
              74.8590803,
              27.401061
            ],
            [
              74.8590052,
              27.4002323
            ],
            [
              74.8581362,
              27.3997656
            ],
            [
              74.8574281,
              27.3995274
            ],
            [
              74.8570204,
              27.3993941
            ],
            [
              74.8571169,
              27.3983082
            ],
            [
              74.855454,
              27.3975176
            ],
            [
              74.8553467,
              27.3961745
            ],
            [
              74.8552501,
              27.3955553
            ],
            [
              74.8550141,
              27.3951648
            ],
            [
              74.8548102,
              27.3949266
            ],
            [
              74.8517847,
              27.3933168
            ],
            [
              74.8516345,
              27.3925833
            ],
            [
              74.8507118,
              27.3921356
            ],
            [
              74.850626,
              27.3908686
            ],
            [
              74.8505187,
              27.3902971
            ],
            [
              74.8493922,
              27.3896493
            ],
            [
              74.8488879,
              27.3892587
            ],
            [
              74.8478687,
              27.3886967
            ],
            [
              74.8476541,
              27.3873249
            ],
            [
              74.8469031,
              27.3870867
            ],
            [
              74.8468172,
              27.3860674
            ],
            [
              74.8460662,
              27.385572
            ],
            [
              74.8456585,
              27.3848099
            ],
            [
              74.8456049,
              27.3842097
            ],
            [
              74.8458624,
              27.3829522
            ],
            [
              74.8460984,
              27.3793511
            ],
            [
              74.8464525,
              27.3773408
            ],
            [
              74.8475039,
              27.3775123
            ],
            [
              74.8490274,
              27.3778648
            ],
            [
              74.8499393,
              27.3779982
            ],
            [
              74.851259,
              27.3764453
            ],
            [
              74.8514306,
              27.3763119
            ],
            [
              74.8527288,
              27.3764548
            ],
            [
              74.8538124,
              27.3766549
            ],
            [
              74.8544347,
              27.376693
            ],
            [
              74.8549282,
              27.3756545
            ],
            [
              74.8557436,
              27.3739396
            ],
            [
              74.856205,
              27.3733203
            ],
            [
              74.85672,
              27.3728916
            ],
            [
              74.857192,
              27.3727105
            ],
            [
              74.858222,
              27.3725962
            ],
            [
              74.8591125,
              27.3725962
            ],
            [
              74.8595524,
              27.372339
            ],
            [
              74.8598957,
              27.3718435
            ],
            [
              74.8601425,
              27.3713195
            ],
            [
              74.860239,
              27.3711099
            ],
            [
              74.8614406,
              27.3705382
            ],
            [
              74.8633075,
              27.3700618
            ],
            [
              74.8646915,
              27.3700904
            ],
            [
              74.8661506,
              27.3705192
            ],
            [
              74.8672235,
              27.3709098
            ],
            [
              74.8683393,
              27.3718626
            ],
            [
              74.8692298,
              27.37252
            ],
            [
              74.8708713,
              27.3730631
            ],
            [
              74.8719764,
              27.3734823
            ],
            [
              74.8728347,
              27.3734251
            ],
            [
              74.8731458,
              27.3729297
            ],
            [
              74.873575,
              27.3727296
            ],
            [
              74.8739827,
              27.3725486
            ],
            [
              74.8743045,
              27.3724152
            ],
            [
              74.8742723,
              27.3716339
            ],
            [
              74.8742859,
              27.3696871
            ],
            [
              74.8732531,
              27.3692806
            ],
            [
              74.8734033,
              27.3684612
            ],
            [
              74.8735642,
              27.3680419
            ],
            [
              74.8737574,
              27.3677561
            ],
            [
              74.8742187,
              27.3675369
            ],
            [
              74.8747659,
              27.3674798
            ],
            [
              74.8753989,
              27.3674417
            ],
            [
              74.8756027,
              27.3663078
            ],
            [
              74.8756993,
              27.3653645
            ],
            [
              74.8758709,
              27.364345
            ],
            [
              74.8758709,
              27.3634589
            ],
            [
              74.8761499,
              27.3614674
            ],
            [
              74.8762143,
              27.3583516
            ],
            [
              74.8764825,
              27.3553214
            ],
            [
              74.8770082,
              27.3537776
            ],
            [
              74.8783064,
              27.3501088
            ],
            [
              74.8792827,
              27.3476121
            ],
            [
              74.8795938,
              27.3455155
            ],
            [
              74.8770189,
              27.3445244
            ],
            [
              74.875946,
              27.3439431
            ],
            [
              74.8758924,
              27.3422658
            ],
            [
              74.8755062,
              27.3419608
            ],
            [
              74.874562,
              27.3417035
            ],
            [
              74.8740578,
              27.341227
            ],
            [
              74.8727381,
              27.3408934
            ],
            [
              74.8712039,
              27.3406265
            ],
            [
              74.8693049,
              27.3395591
            ],
            [
              74.8681569,
              27.3387395
            ],
            [
              74.8673415,
              27.3378722
            ],
            [
              74.8668051,
              27.3375387
            ],
            [
              74.8663437,
              27.3372242
            ],
            [
              74.865936,
              27.3365856
            ],
            [
              74.8662901,
              27.3353752
            ],
            [
              74.8671055,
              27.3347462
            ],
            [
              74.8678028,
              27.3331831
            ],
            [
              74.8680389,
              27.3321919
            ],
            [
              74.8683715,
              27.3315342
            ],
            [
              74.8685968,
              27.3309052
            ],
            [
              74.8691976,
              27.3301331
            ],
            [
              74.8712683,
              27.3281316
            ],
            [
              74.8724377,
              27.3273881
            ],
            [
              74.8728776,
              27.327207
            ],
            [
              74.8733818,
              27.3268448
            ],
            [
              74.8739397,
              27.3260442
            ],
            [
              74.8743153,
              27.3254151
            ],
            [
              74.8748946,
              27.3248718
            ],
            [
              74.8752808,
              27.3244905
            ],
            [
              74.8755169,
              27.32389
            ],
            [
              74.8765683,
              27.3198389
            ],
            [
              74.8773193,
              27.3174654
            ],
            [
              74.8779416,
              27.3164359
            ],
            [
              74.8780596,
              27.3156447
            ],
            [
              74.8783708,
              27.3139289
            ],
            [
              74.8788965,
              27.3116124
            ],
            [
              74.8792586,
              27.3104256
            ],
            [
              74.8796211,
              27.3100414
            ],
            [
              74.8806775,
              27.3098965
            ],
            [
              74.8825121,
              27.3100204
            ],
            [
              74.8843682,
              27.310478
            ],
            [
              74.8858487,
              27.3108879
            ],
            [
              74.8865032,
              27.3115361
            ],
            [
              74.8873615,
              27.3118317
            ],
            [
              74.8897326,
              27.3124608
            ],
            [
              74.8914063,
              27.3128898
            ],
            [
              74.8919856,
              27.3131186
            ],
            [
              74.8922324,
              27.3140623
            ],
            [
              74.8923933,
              27.314272
            ],
            [
              74.8932409,
              27.3147773
            ],
            [
              74.8938846,
              27.3151109
            ],
            [
              74.8944425,
              27.3153683
            ],
            [
              74.8963201,
              27.3159212
            ],
            [
              74.8979616,
              27.3155971
            ],
            [
              74.8982942,
              27.315721
            ],
            [
              74.8978436,
              27.3169697
            ],
            [
              74.8975754,
              27.3181517
            ],
            [
              74.8974788,
              27.3198866
            ],
            [
              74.8975003,
              27.3203727
            ],
            [
              74.8983908,
              27.3209637
            ],
            [
              74.8987341,
              27.3212592
            ],
            [
              74.8989379,
              27.3215166
            ],
            [
              74.898777,
              27.3228034
            ],
            [
              74.8982084,
              27.3257773
            ],
            [
              74.8979187,
              27.3284175
            ],
            [
              74.8978972,
              27.3316867
            ],
            [
              74.8992169,
              27.3320489
            ],
            [
              74.9005151,
              27.3320489
            ],
            [
              74.9021459,
              27.3321252
            ],
            [
              74.9027574,
              27.3331545
            ],
            [
              74.9034011,
              27.3344793
            ],
            [
              74.9048066,
              27.3349082
            ],
            [
              74.9056113,
              27.3350893
            ],
            [
              74.9067271,
              27.3352132
            ],
            [
              74.9073279,
              27.3351083
            ],
            [
              74.9080038,
              27.3349749
            ],
            [
              74.9085939,
              27.3350893
            ],
            [
              74.9098062,
              27.3359947
            ],
            [
              74.9100959,
              27.3364331
            ],
            [
              74.9114907,
              27.3367
            ],
            [
              74.9128532,
              27.3365475
            ],
            [
              74.9136579,
              27.3364331
            ],
            [
              74.9148488,
              27.3366714
            ],
            [
              74.917767,
              27.3365094
            ],
            [
              74.9222088,
              27.3364808
            ],
            [
              74.9274337,
              27.336395
            ],
            [
              74.931972,
              27.336557
            ],
            [
              74.9326265,
              27.3374529
            ],
            [
              74.9337745,
              27.3377674
            ],
            [
              74.9345791,
              27.3374529
            ],
            [
              74.9351156,
              27.3371098
            ],
            [
              74.9384415,
              27.338425
            ],
            [
              74.9398899,
              27.3393399
            ],
            [
              74.9413168,
              27.3401405
            ],
            [
              74.941113,
              27.3409696
            ],
            [
              74.9428189,
              27.3415129
            ],
            [
              74.9428189,
              27.3425898
            ],
            [
              74.94313,
              27.3433427
            ],
            [
              74.9439669,
              27.3439812
            ],
            [
              74.9434948,
              27.3453821
            ],
            [
              74.9430334,
              27.3476978
            ],
            [
              74.9443531,
              27.3480218
            ],
            [
              74.9455655,
              27.3484507
            ],
            [
              74.9463057,
              27.3503852
            ],
            [
              74.9512088,
              27.3494132
            ],
            [
              74.9517453,
              27.3486508
            ],
            [
              74.9523568,
              27.3485746
            ],
            [
              74.9529254,
              27.3491463
            ],
            [
              74.9543631,
              27.349194
            ],
            [
              74.9584508,
              27.3492416
            ],
            [
              74.9601889,
              27.3491845
            ],
            [
              74.9615943,
              27.349356
            ],
            [
              74.96315,
              27.3497181
            ],
            [
              74.9636757,
              27.3489367
            ],
            [
              74.9651456,
              27.3486889
            ],
            [
              74.9672913,
              27.348546
            ],
            [
              74.9696624,
              27.3486794
            ],
            [
              74.9725163,
              27.3488986
            ],
            [
              74.974823,
              27.3491082
            ],
            [
              74.9757349,
              27.3485936
            ],
            [
              74.9759495,
              27.3481648
            ],
            [
              74.9761748,
              27.3481171
            ],
            [
              74.9768937,
              27.3480123
            ],
            [
              74.9774623,
              27.347593
            ],
            [
              74.9780309,
              27.3471356
            ],
            [
              74.9791682,
              27.347269
            ],
            [
              74.9810243,
              27.3479265
            ],
            [
              74.9822473,
              27.3482791
            ],
            [
              74.9838245,
              27.3482696
            ],
            [
              74.9859488,
              27.3482315
            ],
            [
              74.9873865,
              27.348222
            ],
            [
              74.9879658,
              27.3474215
            ],
            [
              74.9881375,
              27.3473738
            ],
            [
              74.9898326,
              27.3477645
            ],
            [
              74.9956369,
              27.3481743
            ],
            [
              74.9979329,
              27.3472785
            ],
            [
              75.0065696,
              27.3470403
            ],
            [
              75.0075392,
              27.3472866
            ],
            [
              75.0114512,
              27.3486127
            ],
            [
              75.0145626,
              27.3498897
            ],
            [
              75.0165581,
              27.3501374
            ],
            [
              75.0164938,
              27.3512047
            ],
            [
              75.0192189,
              27.3519671
            ],
            [
              75.0222015,
              27.352596
            ],
            [
              75.0236177,
              27.3528628
            ],
            [
              75.0244117,
              27.3525007
            ],
            [
              75.0253773,
              27.351929
            ],
            [
              75.0264072,
              27.353244
            ],
            [
              75.0267076,
              27.3537014
            ],
            [
              75.0283599,
              27.353892
            ],
            [
              75.0303769,
              27.3539492
            ],
            [
              75.0322008,
              27.3541969
            ],
            [
              75.0351512,
              27.3545209
            ],
            [
              75.0353122,
              27.3560646
            ],
            [
              75.0375116,
              27.3562266
            ],
            [
              75.037694,
              27.3584373
            ],
            [
              75.0380158,
              27.3597904
            ],
            [
              75.0388527,
              27.3614579
            ],
            [
              75.040462,
              27.3606289
            ],
            [
              75.042479,
              27.3623917
            ],
            [
              75.043745,
              27.3628014
            ],
            [
              75.0438845,
              27.3650215
            ],
            [
              75.0440776,
              27.3680991
            ],
            [
              75.0446677,
              27.3693187
            ],
            [
              75.0455904,
              27.3709765
            ],
            [
              75.0463951,
              27.3721198
            ],
            [
              75.0457299,
              27.3740063
            ],
            [
              75.0453758,
              27.37514
            ],
            [
              75.0456548,
              27.3776171
            ],
            [
              75.0475001,
              27.3780077
            ],
            [
              75.0506437,
              27.3786461
            ],
            [
              75.052768,
              27.3791415
            ],
            [
              75.0554502,
              27.3798941
            ],
            [
              75.0555467,
              27.3804848
            ],
            [
              75.0613511,
              27.3815899
            ],
            [
              75.0648487,
              27.3818757
            ],
            [
              75.0662434,
              27.38199
            ],
            [
              75.0661576,
              27.383057
            ],
            [
              75.0688612,
              27.3834667
            ],
            [
              75.0717687,
              27.3845813
            ],
            [
              75.0743008,
              27.3851719
            ],
            [
              75.0777662,
              27.3857149
            ],
            [
              75.0793219,
              27.3858007
            ],
            [
              75.0816071,
              27.3859055
            ],
            [
              75.0850618,
              27.385915
            ],
            [
              75.0851583,
              27.3850671
            ],
            [
              75.0868535,
              27.38521
            ],
            [
              75.086875,
              27.3838668
            ],
            [
              75.0909412,
              27.3841907
            ],
            [
              75.0924432,
              27.3840859
            ],
            [
              75.0924861,
              27.3829713
            ],
            [
              75.093838,
              27.3829713
            ],
            [
              75.0940418,
              27.3820948
            ],
            [
              75.0968099,
              27.3818852
            ],
            [
              75.0993097,
              27.3814089
            ],
            [
              75.1004147,
              27.3813327
            ],
            [
              75.103569,
              27.3814565
            ],
            [
              75.1057899,
              27.3813517
            ],
            [
              75.105865,
              27.3802275
            ],
            [
              75.1075494,
              27.3802847
            ],
            [
              75.1075494,
              27.3781411
            ],
            [
              75.1125812,
              27.3779506
            ],
            [
              75.1139116,
              27.3778363
            ],
            [
              75.114212,
              27.3774075
            ],
            [
              75.1153278,
              27.3772361
            ],
            [
              75.1173985,
              27.3709384
            ],
            [
              75.1176131,
              27.3703572
            ],
            [
              75.1153493,
              27.3695378
            ],
            [
              75.1151669,
              27.36586
            ],
            [
              75.114609,
              27.3621344
            ],
            [
              75.1144481,
              27.3580276
            ],
            [
              75.1146197,
              27.3569699
            ],
            [
              75.1135147,
              27.357027
            ],
            [
              75.1136649,
              27.3558454
            ],
            [
              75.1155853,
              27.3556549
            ],
            [
              75.115757,
              27.3549783
            ],
            [
              75.115757,
              27.3518527
            ],
            [
              75.1141798,
              27.3520052
            ],
            [
              75.1138902,
              27.3465066
            ],
            [
              75.1134932,
              27.3449056
            ],
            [
              75.1121735,
              27.3422753
            ],
            [
              75.1109397,
              27.3418655
            ],
            [
              75.1090729,
              27.3416177
            ],
            [
              75.1075923,
              27.3414938
            ],
            [
              75.106616,
              27.3410649
            ],
            [
              75.106498,
              27.3399975
            ],
            [
              75.1071417,
              27.3372909
            ],
            [
              75.1065838,
              27.3369478
            ],
            [
              75.1066804,
              27.3353561
            ],
            [
              75.1088905,
              27.3354133
            ],
            [
              75.1108003,
              27.3356897
            ],
            [
              75.1117551,
              27.3357946
            ],
            [
              75.1132035,
              27.3355563
            ],
            [
              75.1158214,
              27.3354515
            ],
            [
              75.11801,
              27.3356135
            ],
            [
              75.1195764,
              27.3358899
            ],
            [
              75.1208854,
              27.3360995
            ],
            [
              75.1216364,
              27.3362902
            ],
            [
              75.1218188,
              27.334832
            ],
            [
              75.1226771,
              27.3343554
            ],
            [
              75.1234603,
              27.3338598
            ],
            [
              75.1239216,
              27.3333261
            ],
            [
              75.1261639,
              27.3305335
            ],
            [
              75.126282,
              27.3298281
            ],
            [
              75.1341891,
              27.3269401
            ],
            [
              75.1341247,
              27.3257582
            ],
            [
              75.1350903,
              27.3257582
            ],
            [
              75.1350903,
              27.3245763
            ],
            [
              75.1382231,
              27.3245001
            ],
            [
              75.1390815,
              27.3207636
            ],
            [
              75.1425361,
              27.3208589
            ],
            [
              75.1450252,
              27.3208207
            ],
            [
              75.1485872,
              27.3198675
            ],
            [
              75.1555609,
              27.3183805
            ],
            [
              75.1601743,
              27.3177705
            ],
            [
              75.1613974,
              27.3169507
            ],
            [
              75.1617193,
              27.3164931
            ],
            [
              75.1624489,
              27.3153683
            ],
            [
              75.1633286,
              27.3139765
            ],
            [
              75.1641869,
              27.3104113
            ],
            [
              75.1644873,
              27.3090767
            ],
            [
              75.1647234,
              27.3083331
            ],
            [
              75.1648307,
              27.3075323
            ],
            [
              75.164938,
              27.3063502
            ],
            [
              75.1650023,
              27.305149
            ],
            [
              75.1648521,
              27.3041575
            ],
            [
              75.1644659,
              27.3033376
            ],
            [
              75.1635647,
              27.3018313
            ],
            [
              75.1614189,
              27.2970834
            ],
            [
              75.1601314,
              27.2954626
            ],
            [
              75.1595521,
              27.2937465
            ],
            [
              75.1589727,
              27.2911721
            ],
            [
              75.1585221,
              27.2891508
            ],
            [
              75.1573205,
              27.2849745
            ],
            [
              75.1568699,
              27.2823046
            ],
            [
              75.1558614,
              27.2781471
            ],
            [
              75.1483297,
              27.2784332
            ],
            [
              75.1434803,
              27.27891
            ],
            [
              75.1398325,
              27.2792342
            ],
            [
              75.1368713,
              27.2800352
            ],
            [
              75.1330948,
              27.2807027
            ],
            [
              75.1323437,
              27.2776322
            ],
            [
              75.1315713,
              27.2765261
            ],
            [
              75.1312494,
              27.2755343
            ],
            [
              75.1307773,
              27.2741611
            ],
            [
              75.1298117,
              27.2729405
            ],
            [
              75.1257992,
              27.2697172
            ],
            [
              75.122838,
              27.2679053
            ],
            [
              75.1203918,
              27.2655021
            ],
            [
              75.1187825,
              27.2635375
            ],
            [
              75.1163149,
              27.2611341
            ],
            [
              75.1144051,
              27.2597798
            ],
            [
              75.114491,
              27.2581203
            ],
            [
              75.1145983,
              27.2573192
            ],
            [
              75.114491,
              27.256747
            ],
            [
              75.1137399,
              27.2557741
            ],
            [
              75.112431,
              27.2549157
            ],
            [
              75.1093626,
              27.2530654
            ],
            [
              75.1070237,
              27.2508144
            ],
            [
              75.1048994,
              27.2488877
            ],
            [
              75.1031613,
              27.247705
            ],
            [
              75.1018524,
              27.2465032
            ],
            [
              75.101037,
              27.2451296
            ],
            [
              75.0989771,
              27.2429548
            ],
            [
              75.0966811,
              27.2432791
            ],
            [
              75.0930547,
              27.2436416
            ],
            [
              75.0908661,
              27.2435844
            ],
            [
              75.0882053,
              27.2435844
            ],
            [
              75.0869393,
              27.2435462
            ],
            [
              75.086081,
              27.2428022
            ],
            [
              75.0854373,
              27.2416957
            ],
            [
              75.0842356,
              27.2403793
            ],
            [
              75.0832915,
              27.2389676
            ],
            [
              75.0824761,
              27.237365
            ],
            [
              75.0813174,
              27.2368308
            ],
            [
              75.0800514,
              27.2350183
            ],
            [
              75.0797725,
              27.2343124
            ],
            [
              75.0808668,
              27.2336065
            ],
            [
              75.0806093,
              27.2317558
            ],
            [
              75.0804806,
              27.2307255
            ],
            [
              75.0799441,
              27.2292373
            ],
            [
              75.0792575,
              27.2283596
            ],
            [
              75.0781846,
              27.2274056
            ],
            [
              75.0775623,
              27.2263371
            ],
            [
              75.0767684,
              27.2257075
            ],
            [
              75.0758242,
              27.2249252
            ],
            [
              75.0721121,
              27.2207274
            ],
            [
              75.0705886,
              27.2191627
            ],
            [
              75.0700307,
              27.2181323
            ],
            [
              75.0696873,
              27.2170637
            ],
            [
              75.0694084,
              27.2156326
            ],
            [
              75.0736785,
              27.2150601
            ],
            [
              75.0775838,
              27.2151555
            ],
            [
              75.0808239,
              27.2152127
            ],
            [
              75.0847935,
              27.215041
            ],
            [
              75.0923466,
              27.2146021
            ],
            [
              75.0980115,
              27.2153463
            ],
            [
              75.100286,
              27.2158997
            ],
            [
              75.1032042,
              27.2161287
            ],
            [
              75.1065945,
              27.2163958
            ],
            [
              75.1123237,
              27.2170637
            ],
            [
              75.1122165,
              27.2156707
            ],
            [
              75.1122594,
              27.2149647
            ],
            [
              75.1138472,
              27.2147929
            ],
            [
              75.1137829,
              27.213648
            ],
            [
              75.115242,
              27.2131519
            ],
            [
              75.1170444,
              27.2129229
            ],
            [
              75.1183748,
              27.2125985
            ],
            [
              75.1194048,
              27.2122359
            ],
            [
              75.1209497,
              27.2118351
            ],
            [
              75.1209926,
              27.2103658
            ],
            [
              75.1230955,
              27.2103848
            ],
            [
              75.1231384,
              27.2086674
            ],
            [
              75.1244259,
              27.2084956
            ],
            [
              75.121293,
              27.2052323
            ],
            [
              75.1192331,
              27.2026941
            ],
            [
              75.1222157,
              27.2011674
            ],
            [
              75.1215291,
              27.1992589
            ],
            [
              75.1218724,
              27.1978084
            ],
            [
              75.1221084,
              27.1956709
            ],
            [
              75.1221514,
              27.1947357
            ],
            [
              75.1216793,
              27.1935523
            ],
            [
              75.1204562,
              27.1915483
            ],
            [
              75.1192117,
              27.18796
            ],
            [
              75.1183533,
              27.1854024
            ],
            [
              75.1177525,
              27.1836654
            ],
            [
              75.1164007,
              27.1817757
            ],
            [
              75.1159286,
              27.1804014
            ],
            [
              75.1160359,
              27.1786834
            ],
            [
              75.1188898,
              27.1788552
            ],
            [
              75.1222372,
              27.179237
            ],
            [
              75.1223016,
              27.1775381
            ],
            [
              75.1237392,
              27.1775572
            ],
            [
              75.1235032,
              27.1760301
            ],
            [
              75.1241469,
              27.175782
            ],
            [
              75.1240611,
              27.1736631
            ],
            [
              75.1253485,
              27.1735867
            ],
            [
              75.1255846,
              27.1712578
            ],
            [
              75.1265716,
              27.1712578
            ],
            [
              75.1269579,
              27.1671725
            ],
            [
              75.1278376,
              27.1665807
            ],
            [
              75.1289964,
              27.1664471
            ],
            [
              75.1312065,
              27.1662752
            ],
            [
              75.13273,
              27.1659889
            ],
            [
              75.133717,
              27.1641562
            ],
            [
              75.1359486,
              27.1640607
            ],
            [
              75.1397466,
              27.1632589
            ],
            [
              75.1433301,
              27.1628007
            ],
            [
              75.1460123,
              27.1628007
            ],
            [
              75.1497245,
              27.1631444
            ],
            [
              75.1509046,
              27.1634307
            ],
            [
              75.1546597,
              27.1632016
            ],
            [
              75.1556897,
              27.1632398
            ],
            [
              75.1556682,
              27.1605097
            ],
            [
              75.1569128,
              27.1597461
            ],
            [
              75.1579857,
              27.1596124
            ],
            [
              75.1595306,
              27.1599561
            ],
            [
              75.159316,
              27.1571687
            ],
            [
              75.1607537,
              27.1568632
            ],
            [
              75.1624489,
              27.1567486
            ],
            [
              75.1683497,
              27.1570541
            ],
            [
              75.1685643,
              27.1574169
            ],
            [
              75.1724696,
              27.1568632
            ],
            [
              75.1723838,
              27.1561186
            ],
            [
              75.1747656,
              27.1560995
            ],
            [
              75.1763105,
              27.1558513
            ],
            [
              75.1772547,
              27.1548967
            ],
            [
              75.1781773,
              27.1535984
            ],
            [
              75.1789284,
              27.1523764
            ],
            [
              75.1790786,
              27.1517846
            ],
            [
              75.1785421,
              27.1506963
            ],
            [
              75.1782846,
              27.1503526
            ],
            [
              75.1775121,
              27.1503526
            ],
            [
              75.1770615,
              27.1487296
            ],
            [
              75.176847,
              27.1483669
            ],
            [
              75.1747656,
              27.1483287
            ],
            [
              75.1738643,
              27.1481186
            ],
            [
              75.1727485,
              27.1476795
            ],
            [
              75.1717186,
              27.1466675
            ],
            [
              75.1712465,
              27.145961
            ],
            [
              75.1698518,
              27.1453691
            ],
            [
              75.1697659,
              27.1438034
            ],
            [
              75.169487,
              27.1422185
            ],
            [
              75.169487,
              27.1409965
            ],
            [
              75.1698303,
              27.1402327
            ],
            [
              75.1705813,
              27.1394116
            ],
            [
              75.1708603,
              27.139087
            ],
            [
              75.1724696,
              27.1386669
            ],
            [
              75.1739287,
              27.1384377
            ],
            [
              75.1756882,
              27.1381131
            ],
            [
              75.1768899,
              27.1376548
            ],
            [
              75.1778769,
              27.137483
            ],
            [
              75.1783275,
              27.1385332
            ],
            [
              75.1797437,
              27.1382659
            ],
            [
              75.1796794,
              27.1372347
            ],
            [
              75.1833915,
              27.137483
            ],
            [
              75.1853657,
              27.1373684
            ],
            [
              75.1873183,
              27.1373684
            ],
            [
              75.1900434,
              27.137884
            ],
            [
              75.1928544,
              27.1380558
            ],
            [
              75.1933479,
              27.1369674
            ],
            [
              75.1941418,
              27.1363181
            ],
            [
              75.1946783,
              27.1357262
            ],
            [
              75.1946139,
              27.1343703
            ],
            [
              75.1947641,
              27.1306847
            ],
            [
              75.194807,
              27.1293098
            ],
            [
              75.194807,
              27.1285077
            ],
            [
              75.1950431,
              27.1281067
            ],
            [
              75.1982188,
              27.1285077
            ],
            [
              75.1968241,
              27.1262351
            ],
            [
              75.1981973,
              27.1261587
            ],
            [
              75.1993346,
              27.1261587
            ],
            [
              75.199399,
              27.125624
            ],
            [
              75.2023387,
              27.1257004
            ],
            [
              75.2017164,
              27.1271136
            ],
            [
              75.2029609,
              27.1268463
            ],
            [
              75.2035403,
              27.1273428
            ],
            [
              75.2035618,
              27.1287942
            ],
            [
              75.203433,
              27.1293862
            ],
            [
              75.2063727,
              27.1290233
            ],
            [
              75.2084327,
              27.1295962
            ],
            [
              75.2106643,
              27.1296153
            ],
            [
              75.2124023,
              27.1297299
            ],
            [
              75.2144623,
              27.1299018
            ],
            [
              75.2167582,
              27.1299591
            ],
            [
              75.2191829,
              27.1299973
            ],
            [
              75.2199769,
              27.1301882
            ],
            [
              75.2213716,
              27.1306084
            ],
            [
              75.2226162,
              27.1310858
            ],
            [
              75.2246761,
              27.1310094
            ],
            [
              75.2261352,
              27.1308948
            ],
            [
              75.2271652,
              27.1309521
            ],
            [
              75.2284312,
              27.1308375
            ],
            [
              75.2284741,
              27.1296917
            ],
            [
              75.2311349,
              27.1300928
            ],
            [
              75.232079,
              27.1300737
            ],
            [
              75.2329159,
              27.1298827
            ],
            [
              75.2330661,
              27.1280876
            ],
            [
              75.2329588,
              27.1258341
            ],
            [
              75.2330231,
              27.1247073
            ],
            [
              75.2332377,
              27.1237143
            ],
            [
              75.2362203,
              27.1243827
            ],
            [
              75.2416062,
              27.1248792
            ],
            [
              75.2464771,
              27.1252803
            ],
            [
              75.2484512,
              27.1253567
            ],
            [
              75.2502751,
              27.1255094
            ],
            [
              75.2502537,
              27.1274765
            ],
            [
              75.2530861,
              27.1278202
            ],
            [
              75.255425,
              27.1280876
            ],
            [
              75.2590298,
              27.1280876
            ],
            [
              75.2615618,
              27.1283549
            ],
            [
              75.2619266,
              27.1292143
            ],
            [
              75.2649951,
              27.1289469
            ],
            [
              75.2670765,
              27.1287178
            ],
            [
              75.2674842,
              27.1288515
            ],
            [
              75.2676773,
              27.1297681
            ],
            [
              75.2706384,
              27.1292907
            ],
            [
              75.2699303,
              27.128164
            ],
            [
              75.2712607,
              27.1282594
            ],
            [
              75.2722907,
              27.1281258
            ],
            [
              75.2726769,
              27.127572
            ],
            [
              75.2738356,
              27.1251466
            ],
            [
              75.2749085,
              27.1235424
            ],
            [
              75.2765822,
              27.121919
            ],
            [
              75.2778911,
              27.1212124
            ],
            [
              75.2807665,
              27.1210596
            ],
            [
              75.2830624,
              27.1212315
            ],
            [
              75.284028,
              27.1217472
            ],
            [
              75.2906799,
              27.1239243
            ],
            [
              75.2975464,
              27.1259869
            ],
            [
              75.2974176,
              27.1288515
            ],
            [
              75.2973962,
              27.1321361
            ],
            [
              75.2972674,
              27.1349432
            ],
            [
              75.2976537,
              27.1374448
            ],
            [
              75.2979755,
              27.1398508
            ],
            [
              75.302825,
              27.1404809
            ],
            [
              75.3077173,
              27.1402709
            ],
            [
              75.3082967,
              27.1411874
            ],
            [
              75.3131246,
              27.141703
            ],
            [
              75.3153991,
              27.1417412
            ],
            [
              75.3154635,
              27.1439561
            ],
            [
              75.3163057,
              27.1437747
            ],
            [
              75.3162462,
              27.1455276
            ],
            [
              75.3161824,
              27.1500089
            ],
            [
              75.3161931,
              27.1523001
            ],
            [
              75.3156566,
              27.1533502
            ],
            [
              75.3157639,
              27.1555267
            ],
            [
              75.3156566,
              27.1574551
            ],
            [
              75.3149915,
              27.162018
            ],
            [
              75.3147018,
              27.1641562
            ],
            [
              75.3146911,
              27.1677357
            ],
            [
              75.3146267,
              27.1712387
            ],
            [
              75.3144443,
              27.176555
            ],
            [
              75.3147662,
              27.1794565
            ],
            [
              75.3156137,
              27.1835222
            ],
            [
              75.3144765,
              27.1837227
            ],
            [
              75.3146696,
              27.1846579
            ],
            [
              75.313704,
              27.1849824
            ],
            [
              75.3157103,
              27.1918155
            ],
            [
              75.3168154,
              27.1953464
            ],
            [
              75.3174591,
              27.1953369
            ],
            [
              75.3185534,
              27.1984382
            ],
            [
              75.3185534,
              27.2000795
            ],
            [
              75.3187036,
              27.2009097
            ],
            [
              75.3189719,
              27.201654
            ],
            [
              75.3196049,
              27.2032666
            ],
            [
              75.3204203,
              27.2048029
            ],
            [
              75.3208601,
              27.204822
            ],
            [
              75.3216219,
              27.2070071
            ],
            [
              75.325892,
              27.2056712
            ],
            [
              75.3266752,
              27.2079231
            ],
            [
              75.3272116,
              27.2099555
            ],
            [
              75.328145,
              27.2098982
            ],
            [
              75.3280055,
              27.2107951
            ],
            [
              75.3310847,
              27.2108333
            ],
            [
              75.3312027,
              27.211234
            ],
            [
              75.3346038,
              27.2108524
            ],
            [
              75.3405476,
              27.2104803
            ],
            [
              75.3459763,
              27.2101081
            ],
            [
              75.346899,
              27.2100509
            ],
            [
              75.3474784,
              27.2112531
            ],
            [
              75.3485405,
              27.2128465
            ],
            [
              75.3496241,
              27.2142205
            ],
            [
              75.3503322,
              27.2162527
            ],
            [
              75.3524029,
              27.2157757
            ],
            [
              75.3526068,
              27.2161859
            ],
            [
              75.3526068,
              27.2171686
            ],
            [
              75.3520596,
              27.2171305
            ],
            [
              75.3526068,
              27.2182563
            ],
            [
              75.3534973,
              27.2197447
            ],
            [
              75.3543448,
              27.2212903
            ],
            [
              75.3548169,
              27.2228931
            ],
            [
              75.3574669,
              27.2230266
            ],
            [
              75.3600955,
              27.2231793
            ],
            [
              75.3619623,
              27.2238376
            ],
            [
              75.3629064,
              27.2244481
            ],
            [
              75.3638184,
              27.2253831
            ],
            [
              75.3646928,
              27.2254737
            ],
            [
              75.3656906,
              27.2262989
            ],
            [
              75.3693545,
              27.2255071
            ],
            [
              75.3727877,
              27.225116
            ],
            [
              75.3751695,
              27.2250396
            ],
            [
              75.381006,
              27.2256407
            ],
            [
              75.3848469,
              27.2258315
            ],
            [
              75.3848147,
              27.2275964
            ],
            [
              75.3855872,
              27.2277777
            ],
            [
              75.3856087,
              27.2291133
            ],
            [
              75.3900289,
              27.2289606
            ],
            [
              75.3900075,
              27.235066
            ],
            [
              75.3899968,
              27.2407323
            ],
            [
              75.3900182,
              27.2433745
            ],
            [
              75.3888166,
              27.2432791
            ],
            [
              75.388838,
              27.2438801
            ],
            [
              75.3880656,
              27.2438801
            ],
            [
              75.388366,
              27.2466081
            ],
            [
              75.3884625,
              27.2478194
            ],
            [
              75.3880978,
              27.2501754
            ],
            [
              75.3881514,
              27.2537617
            ],
            [
              75.3881836,
              27.2571094
            ],
            [
              75.3880548,
              27.2618303
            ],
            [
              75.3877759,
              27.2666083
            ],
            [
              75.3880334,
              27.2680007
            ],
            [
              75.3890848,
              27.27069
            ],
            [
              75.3900397,
              27.2731312
            ],
            [
              75.3919709,
              27.2772889
            ],
            [
              75.3924644,
              27.2777371
            ],
            [
              75.3931725,
              27.2778134
            ],
            [
              75.3931725,
              27.2784904
            ],
            [
              75.3930867,
              27.2789863
            ],
            [
              75.3925502,
              27.2791007
            ],
            [
              75.3882158,
              27.2794821
            ],
            [
              75.3874969,
              27.2797682
            ],
            [
              75.3871322,
              27.2804357
            ],
            [
              75.3869605,
              27.2815227
            ],
            [
              75.3863382,
              27.2818088
            ],
            [
              75.3852653,
              27.2819041
            ],
            [
              75.3817141,
              27.2819804
            ],
            [
              75.3798365,
              27.282133
            ],
            [
              75.3792572,
              27.2823809
            ],
            [
              75.3791606,
              27.2829149
            ],
            [
              75.3793859,
              27.2835347
            ],
            [
              75.3795361,
              27.2840686
            ],
            [
              75.3794932,
              27.2864143
            ],
            [
              75.3794396,
              27.2878159
            ],
            [
              75.3796005,
              27.2884547
            ],
            [
              75.379858,
              27.2887122
            ],
            [
              75.380888,
              27.2883594
            ],
            [
              75.3825939,
              27.2880352
            ],
            [
              75.3839779,
              27.2880161
            ],
            [
              75.3853941,
              27.2874822
            ],
            [
              75.3867137,
              27.2869959
            ],
            [
              75.3879905,
              27.2870626
            ],
            [
              75.3900719,
              27.2877015
            ],
            [
              75.392164,
              27.2877587
            ],
            [
              75.3941488,
              27.2875108
            ],
            [
              75.3963375,
              27.2870436
            ],
            [
              75.3973567,
              27.2869387
            ],
            [
              75.3985798,
              27.2871961
            ],
            [
              75.399878,
              27.2876443
            ],
            [
              75.4014337,
              27.2886073
            ],
            [
              75.4019165,
              27.2887599
            ],
            [
              75.403955,
              27.2893605
            ],
            [
              75.4054892,
              27.2895322
            ],
            [
              75.4069483,
              27.2894845
            ],
            [
              75.4091477,
              27.2889601
            ],
            [
              75.4105854,
              27.2884929
            ],
            [
              75.4114437,
              27.2882831
            ],
            [
              75.412184,
              27.2884357
            ],
            [
              75.4134071,
              27.288674
            ],
            [
              75.4140508,
              27.2887122
            ],
            [
              75.414952,
              27.2886073
            ],
            [
              75.4151344,
              27.2881878
            ],
            [
              75.4151559,
              27.2875585
            ],
            [
              75.4161644,
              27.2873392
            ],
            [
              75.4174197,
              27.2874727
            ],
            [
              75.4186427,
              27.2871675
            ],
            [
              75.4194581,
              27.287015
            ],
            [
              75.4206705,
              27.2870245
            ],
            [
              75.4213679,
              27.2870626
            ],
            [
              75.4219687,
              27.2870436
            ],
            [
              75.422709,
              27.286748
            ],
            [
              75.4233312,
              27.2866431
            ],
            [
              75.4238784,
              27.2866622
            ],
            [
              75.4242539,
              27.2865478
            ],
            [
              75.4257023,
              27.2858994
            ],
            [
              75.4269791,
              27.2858517
            ],
            [
              75.4272044,
              27.2860901
            ],
            [
              75.4275048,
              27.2867575
            ],
            [
              75.428127,
              27.2888361
            ],
            [
              75.4284596,
              27.2906001
            ],
            [
              75.4295325,
              27.2910863
            ],
            [
              75.4304337,
              27.2913628
            ],
            [
              75.4315388,
              27.2915726
            ],
            [
              75.4321352,
              27.2916164
            ],
            [
              75.4337811,
              27.2918396
            ],
            [
              75.4354548,
              27.2919349
            ],
            [
              75.4388022,
              27.2920684
            ],
            [
              75.4421818,
              27.2922019
            ],
            [
              75.4446065,
              27.2920398
            ],
            [
              75.4469025,
              27.2918682
            ],
            [
              75.4469883,
              27.2915917
            ],
            [
              75.4469561,
              27.290457
            ],
            [
              75.4470634,
              27.2903236
            ],
            [
              75.4474819,
              27.2903522
            ],
            [
              75.448308,
              27.290581
            ],
            [
              75.4495525,
              27.2904856
            ],
            [
              75.4502606,
              27.2903426
            ],
            [
              75.4501855,
              27.2897038
            ],
            [
              75.4526102,
              27.2892271
            ],
            [
              75.453887,
              27.2889792
            ],
            [
              75.4536295,
              27.2873296
            ],
            [
              75.4538441,
              27.2871771
            ],
            [
              75.4541552,
              27.2872343
            ],
            [
              75.4551852,
              27.287444
            ],
            [
              75.4560435,
              27.287282
            ],
            [
              75.4558933,
              27.2840782
            ],
            [
              75.456301,
              27.2839256
            ],
            [
              75.4572344,
              27.2840019
            ],
            [
              75.4573738,
              27.2804452
            ],
            [
              75.4587579,
              27.2804452
            ],
            [
              75.4588652,
              27.2810841
            ],
            [
              75.4595625,
              27.2810364
            ],
            [
              75.4598415,
              27.2816562
            ],
            [
              75.4621696,
              27.2817611
            ],
            [
              75.4659569,
              27.2817516
            ],
            [
              75.469991,
              27.2812557
            ],
            [
              75.4702163,
              27.2824667
            ],
            [
              75.4758167,
              27.2824762
            ],
            [
              75.4762995,
              27.2841545
            ],
            [
              75.4773724,
              27.2842593
            ],
            [
              75.4777372,
              27.286605
            ],
            [
              75.4782951,
              27.2868433
            ],
            [
              75.4798123,
              27.2870048
            ],
            [
              75.4855762,
              27.287393
            ],
            [
              75.4857409,
              27.2900375
            ],
            [
              75.4858374,
              27.2924402
            ],
            [
              75.486052,
              27.292793
            ],
            [
              75.4899037,
              27.2929932
            ],
            [
              75.4901183,
              27.2932411
            ],
            [
              75.4900324,
              27.2945187
            ],
            [
              75.4908585,
              27.2951957
            ],
            [
              75.4914379,
              27.2954149
            ],
            [
              75.4914057,
              27.2956724
            ],
            [
              75.4908907,
              27.2981417
            ],
            [
              75.4908907,
              27.2985135
            ],
            [
              75.4914915,
              27.2987328
            ],
            [
              75.4926073,
              27.2987328
            ],
            [
              75.4950428,
              27.2987614
            ],
            [
              75.496341,
              27.2998387
            ],
            [
              75.5023384,
              27.3022508
            ],
            [
              75.5023813,
              27.3049964
            ],
            [
              75.502789,
              27.305597
            ],
            [
              75.5041301,
              27.3056352
            ],
            [
              75.5042803,
              27.306169
            ],
            [
              75.5053532,
              27.3066076
            ],
            [
              75.5055356,
              27.3092673
            ],
            [
              75.5057824,
              27.3112216
            ],
            [
              75.5062866,
              27.313824
            ],
            [
              75.5069411,
              27.3155017
            ],
            [
              75.5074561,
              27.3162643
            ],
            [
              75.5078959,
              27.3162739
            ],
            [
              75.5094945,
              27.3206396
            ],
            [
              75.5110288,
              27.3205824
            ],
            [
              75.5113935,
              27.3234897
            ],
            [
              75.5164683,
              27.323747
            ],
            [
              75.5177665,
              27.3250815
            ],
            [
              75.5177128,
              27.3267876
            ],
            [
              75.5196118,
              27.327045
            ],
            [
              75.5200195,
              27.3290466
            ],
            [
              75.5237746,
              27.3291419
            ],
            [
              75.5247402,
              27.3317439
            ],
            [
              75.5253518,
              27.3320584
            ],
            [
              75.5269718,
              27.3321538
            ],
            [
              75.5271971,
              27.3338121
            ],
            [
              75.5270147,
              27.3346795
            ],
            [
              75.5272508,
              27.33548
            ],
            [
              75.5276906,
              27.3357946
            ],
            [
              75.5315852,
              27.3351465
            ],
            [
              75.5324435,
              27.3351274
            ],
            [
              75.5350077,
              27.335156
            ],
            [
              75.5369711,
              27.3353466
            ],
            [
              75.5391061,
              27.3353943
            ],
            [
              75.5416059,
              27.3358041
            ],
            [
              75.5437839,
              27.3361567
            ],
            [
              75.546788,
              27.3359185
            ],
            [
              75.5471527,
              27.3368334
            ],
            [
              75.5505967,
              27.3366809
            ],
            [
              75.5507684,
              27.3369192
            ],
            [
              75.5521953,
              27.3371003
            ],
            [
              75.5533755,
              27.3371289
            ],
            [
              75.5535149,
              27.3377769
            ],
            [
              75.5566907,
              27.3379104
            ],
            [
              75.559963,
              27.3377198
            ],
            [
              75.5614114,
              27.3377388
            ],
            [
              75.5622482,
              27.3381296
            ],
            [
              75.564748,
              27.3392732
            ],
            [
              75.5655849,
              27.3392446
            ],
            [
              75.5660891,
              27.3387014
            ],
            [
              75.5666578,
              27.3382058
            ],
            [
              75.5676877,
              27.3378722
            ],
            [
              75.5723441,
              27.3366809
            ],
            [
              75.5723226,
              27.3356611
            ],
            [
              75.5761635,
              27.3350035
            ],
            [
              75.5767751,
              27.3330115
            ],
            [
              75.5770218,
              27.3318392
            ],
            [
              75.5772042,
              27.329485
            ],
            [
              75.5773973,
              27.32796
            ],
            [
              75.5783307,
              27.3257392
            ],
            [
              75.5795646,
              27.3241855
            ],
            [
              75.5795109,
              27.3202202
            ],
            [
              75.5783415,
              27.3200391
            ],
            [
              75.5765712,
              27.3198675
            ],
            [
              75.576067,
              27.3171127
            ],
            [
              75.5755412,
              27.3156638
            ],
            [
              75.5746937,
              27.3133283
            ],
            [
              75.5728912,
              27.3085428
            ],
            [
              75.5721724,
              27.3066266
            ],
            [
              75.5716467,
              27.3030897
            ],
            [
              75.5720651,
              27.3030135
            ],
            [
              75.574758,
              27.3026226
            ],
            [
              75.5769253,
              27.302451
            ],
            [
              75.5777407,
              27.3022603
            ],
            [
              75.577687,
              27.2993906
            ],
            [
              75.5815709,
              27.2994192
            ],
            [
              75.5820429,
              27.3001629
            ],
            [
              75.5881584,
              27.3000771
            ],
            [
              75.5893063,
              27.3002487
            ],
            [
              75.5897355,
              27.3005919
            ],
            [
              75.5905616,
              27.3018694
            ],
            [
              75.5913126,
              27.303023
            ],
            [
              75.592289,
              27.3034997
            ],
            [
              75.5938768,
              27.3017074
            ],
            [
              75.5942416,
              27.301612
            ],
            [
              75.5949712,
              27.3017455
            ],
            [
              75.5962264,
              27.3024891
            ],
            [
              75.5967414,
              27.3025654
            ],
            [
              75.5971169,
              27.3023175
            ],
            [
              75.5981469,
              27.3018122
            ],
            [
              75.5996811,
              27.3012783
            ],
            [
              75.6013763,
              27.300897
            ],
            [
              75.6029749,
              27.3046914
            ],
            [
              75.6058073,
              27.3043005
            ],
            [
              75.6060648,
              27.3047772
            ],
            [
              75.6069338,
              27.3047581
            ],
            [
              75.6070411,
              27.3054159
            ],
            [
              75.6095731,
              27.3055589
            ],
            [
              75.6099701,
              27.3061404
            ],
            [
              75.6144333,
              27.306026
            ],
            [
              75.616225,
              27.3092578
            ],
            [
              75.6171584,
              27.3110023
            ],
            [
              75.6192291,
              27.311193
            ],
            [
              75.6194973,
              27.3121558
            ],
            [
              75.6194115,
              27.3137191
            ],
            [
              75.6195295,
              27.3155685
            ],
            [
              75.6201517,
              27.31676
            ],
            [
              75.6214714,
              27.3185521
            ],
            [
              75.6225335,
              27.3199247
            ],
            [
              75.6229198,
              27.320611
            ],
            [
              75.6233489,
              27.3219169
            ],
            [
              75.6238639,
              27.3234039
            ],
            [
              75.6243789,
              27.3253674
            ],
            [
              75.6263208,
              27.3289036
            ],
            [
              75.6280911,
              27.3282936
            ],
            [
              75.6281555,
              27.3295899
            ],
            [
              75.6285632,
              27.3324206
            ],
            [
              75.6289494,
              27.334241
            ],
            [
              75.6317925,
              27.3341839
            ],
            [
              75.6326508,
              27.334241
            ],
            [
              75.6334662,
              27.3344126
            ],
            [
              75.6346464,
              27.3344507
            ],
            [
              75.6366205,
              27.334384
            ],
            [
              75.6388521,
              27.3340695
            ],
            [
              75.6402898,
              27.3337264
            ],
            [
              75.6430578,
              27.3331354
            ],
            [
              75.643841,
              27.3327923
            ],
            [
              75.6438839,
              27.3324683
            ],
            [
              75.6443131,
              27.3321538
            ],
            [
              75.6452036,
              27.3319441
            ],
            [
              75.6452787,
              27.3324111
            ],
            [
              75.6477141,
              27.3321347
            ],
            [
              75.6498599,
              27.3319059
            ],
            [
              75.6499565,
              27.3308099
            ],
            [
              75.653336,
              27.3307336
            ],
            [
              75.6614792,
              27.3308956
            ],
            [
              75.6618225,
              27.3331926
            ],
            [
              75.6635606,
              27.3334404
            ],
            [
              75.6632602,
              27.3346032
            ],
            [
              75.6641185,
              27.3349082
            ],
            [
              75.6650519,
              27.3351846
            ],
            [
              75.665878,
              27.3350226
            ],
            [
              75.6661355,
              27.3353466
            ],
            [
              75.6661034,
              27.3358517
            ],
            [
              75.666511,
              27.3400071
            ],
            [
              75.6666398,
              27.3422753
            ],
            [
              75.6666398,
              27.3454583
            ],
            [
              75.6664789,
              27.3472309
            ],
            [
              75.6661141,
              27.3495847
            ],
            [
              75.665642,
              27.3517193
            ],
            [
              75.6654167,
              27.3534727
            ],
            [
              75.6647408,
              27.3563028
            ],
            [
              75.6658673,
              27.357999
            ],
            [
              75.6665861,
              27.3590853
            ],
            [
              75.6683993,
              27.3590376
            ],
            [
              75.6692469,
              27.36
            ],
            [
              75.6705451,
              27.3611149
            ],
            [
              75.6716394,
              27.3618772
            ],
            [
              75.6728089,
              27.361658
            ],
            [
              75.673002,
              27.3629443
            ],
            [
              75.6732488,
              27.3632969
            ],
            [
              75.6764996,
              27.3644212
            ],
            [
              75.6780338,
              27.3642116
            ],
            [
              75.6782055,
              27.3650311
            ],
            [
              75.6785488,
              27.3652693
            ],
            [
              75.6792891,
              27.3652788
            ],
            [
              75.6810808,
              27.3651549
            ],
            [
              75.6849754,
              27.3649262
            ],
            [
              75.6853831,
              27.3668414
            ],
            [
              75.6873357,
              27.3669748
            ],
            [
              75.6882477,
              27.3672702
            ],
            [
              75.6896853,
              27.3671749
            ],
            [
              75.692904,
              27.3665746
            ],
            [
              75.697968,
              27.366365
            ],
            [
              75.7017016,
              27.3658695
            ],
            [
              75.7046842,
              27.3654312
            ],
            [
              75.7066476,
              27.3647643
            ],
            [
              75.7077742,
              27.3641544
            ],
            [
              75.710274,
              27.3638305
            ],
            [
              75.7158744,
              27.3632493
            ],
            [
              75.7163465,
              27.362487
            ],
            [
              75.7181704,
              27.3622202
            ],
            [
              75.7212797,
              27.3616535
            ],
            [
              75.7233969,
              27.3612642
            ],
            [
              75.7239962,
              27.3617247
            ],
            [
              75.7253265,
              27.364345
            ],
            [
              75.726335,
              27.3657361
            ],
            [
              75.7264638,
              27.3664793
            ],
            [
              75.7265711,
              27.367737
            ],
            [
              75.7240283,
              27.3684802
            ],
            [
              75.7246399,
              27.3720912
            ],
            [
              75.7240391,
              27.3725581
            ],
            [
              75.7217753,
              27.3740158
            ],
            [
              75.7202518,
              27.375283
            ],
            [
              75.7208633,
              27.3774933
            ],
            [
              75.7214534,
              27.3784651
            ],
            [
              75.7219684,
              27.3792558
            ],
            [
              75.7228374,
              27.3800084
            ],
            [
              75.7237279,
              27.3803609
            ],
            [
              75.7259488,
              27.380742
            ],
            [
              75.727601,
              27.3806753
            ],
            [
              75.7297254,
              27.3810469
            ],
            [
              75.7299292,
              27.3824568
            ],
            [
              75.7301867,
              27.3829332
            ],
            [
              75.731045,
              27.3832094
            ],
            [
              75.7314312,
              27.383581
            ],
            [
              75.731914,
              27.3847242
            ],
            [
              75.7326221,
              27.3872868
            ],
            [
              75.7314849,
              27.3885823
            ],
            [
              75.732311,
              27.3914497
            ],
            [
              75.7350576,
              27.391183
            ],
            [
              75.7360124,
              27.3926785
            ],
            [
              75.7371497,
              27.3939455
            ],
            [
              75.7388127,
              27.3954982
            ],
            [
              75.7401645,
              27.396727
            ],
            [
              75.7402396,
              27.3986511
            ],
            [
              75.7403362,
              27.399175
            ],
            [
              75.7408833,
              27.3997751
            ],
            [
              75.7417846,
              27.3999561
            ],
            [
              75.7440913,
              27.3998989
            ],
            [
              75.746001,
              27.3998322
            ],
            [
              75.7475245,
              27.3997941
            ],
            [
              75.7486403,
              27.3994988
            ],
            [
              75.7497132,
              27.3990512
            ],
            [
              75.749799,
              27.3987463
            ],
            [
              75.7509899,
              27.398632
            ],
            [
              75.7530284,
              27.3981081
            ],
            [
              75.7552171,
              27.3977462
            ],
            [
              75.7573414,
              27.3974033
            ],
            [
              75.7587147,
              27.3973175
            ],
            [
              75.7601201,
              27.3974033
            ],
            [
              75.762223,
              27.39767
            ],
            [
              75.7629955,
              27.3977938
            ],
            [
              75.7642507,
              27.3977367
            ],
            [
              75.7646906,
              27.3982987
            ],
            [
              75.7652485,
              27.3983082
            ],
            [
              75.7727158,
              27.3975747
            ],
            [
              75.7728338,
              27.398251
            ],
            [
              75.7768786,
              27.3982225
            ],
            [
              75.7767284,
              27.3958316
            ],
            [
              75.7774794,
              27.3957935
            ],
            [
              75.7773936,
              27.3945932
            ],
            [
              75.7786274,
              27.3942693
            ],
            [
              75.7787454,
              27.3934597
            ],
            [
              75.7788849,
              27.392669
            ],
            [
              75.7790565,
              27.391726
            ],
            [
              75.7794535,
              27.3913544
            ],
            [
              75.7803976,
              27.3909543
            ],
            [
              75.7820606,
              27.3902971
            ],
            [
              75.7811594,
              27.3894016
            ],
            [
              75.7804298,
              27.388811
            ],
            [
              75.7799578,
              27.3881537
            ],
            [
              75.7799685,
              27.3872677
            ],
            [
              75.7796037,
              27.3833333
            ],
            [
              75.7793891,
              27.3799132
            ],
            [
              75.7801831,
              27.3799132
            ],
            [
              75.7802582,
              27.3806848
            ],
            [
              75.7809448,
              27.3806753
            ],
            [
              75.783273,
              27.3803323
            ],
            [
              75.7881009,
              27.3791701
            ],
            [
              75.7925749,
              27.3779125
            ],
            [
              75.7969737,
              27.3763977
            ],
            [
              75.797081,
              27.3756355
            ],
            [
              75.798701,
              27.3756736
            ],
            [
              75.7999027,
              27.3790081
            ],
            [
              75.8010721,
              27.3788176
            ],
            [
              75.8023488,
              27.3811898
            ],
            [
              75.8012545,
              27.381809
            ],
            [
              75.8045912,
              27.3865342
            ],
            [
              75.8065009,
              27.3901827
            ],
            [
              75.8079278,
              27.3924976
            ],
            [
              75.809505,
              27.3926404
            ],
            [
              75.8108246,
              27.3957268
            ],
            [
              75.8124232,
              27.3989464
            ],
            [
              75.8127987,
              27.4004418
            ],
            [
              75.8136248,
              27.4008038
            ],
            [
              75.8148479,
              27.3984511
            ],
            [
              75.8165753,
              27.395984
            ],
            [
              75.8185923,
              27.392831
            ],
            [
              75.8194721,
              27.3911068
            ],
            [
              75.8206415,
              27.3877726
            ],
            [
              75.8230233,
              27.3882108
            ],
            [
              75.8232057,
              27.3891349
            ],
            [
              75.8256411,
              27.3889348
            ],
            [
              75.825609,
              27.3874392
            ],
            [
              75.8267462,
              27.3874106
            ],
            [
              75.8269715,
              27.3863913
            ],
            [
              75.8292246,
              27.3864294
            ],
            [
              75.8309197,
              27.3864961
            ],
            [
              75.8349216,
              27.3860198
            ],
            [
              75.8384085,
              27.3857721
            ],
            [
              75.8393419,
              27.3877917
            ],
            [
              75.8409083,
              27.3906495
            ],
            [
              75.8421743,
              27.3931358
            ],
            [
              75.8442128,
              27.3959554
            ],
            [
              75.8448136,
              27.3966412
            ],
            [
              75.8464014,
              27.3980129
            ],
            [
              75.8474529,
              27.3988511
            ],
            [
              75.8485258,
              27.3997465
            ],
            [
              75.8490622,
              27.3994512
            ],
            [
              75.8497167,
              27.3989273
            ],
            [
              75.8504569,
              27.3980034
            ],
            [
              75.8511221,
              27.3975747
            ],
            [
              75.8524418,
              27.3971747
            ],
            [
              75.8542764,
              27.3964507
            ],
            [
              75.8547807,
              27.3964698
            ],
            [
              75.8553815,
              27.3967746
            ],
            [
              75.8557355,
              27.3967746
            ],
            [
              75.8561754,
              27.3964698
            ],
            [
              75.857141,
              27.3964698
            ],
            [
              75.8572268,
              27.3950886
            ],
            [
              75.857538,
              27.3948504
            ],
            [
              75.8588791,
              27.3938312
            ],
            [
              75.8593833,
              27.3910591
            ],
            [
              75.8595765,
              27.3896779
            ],
            [
              75.8599412,
              27.3887443
            ],
            [
              75.8627844,
              27.3871248
            ],
            [
              75.8640718,
              27.3867533
            ],
            [
              75.8653164,
              27.3864294
            ],
            [
              75.8666897,
              27.3864008
            ],
            [
              75.8695543,
              27.3867628
            ],
            [
              75.8715498,
              27.3868581
            ],
            [
              75.8748007,
              27.3875345
            ],
            [
              75.8764207,
              27.3878679
            ],
            [
              75.8769679,
              27.389173
            ],
            [
              75.8782875,
              27.3918593
            ],
            [
              75.8788454,
              27.3922975
            ],
            [
              75.8809483,
              27.3940407
            ],
            [
              75.8818602,
              27.3949171
            ],
            [
              75.8832121,
              27.3958506
            ],
            [
              75.8840489,
              27.3965841
            ],
            [
              75.884403,
              27.3970413
            ],
            [
              75.8843279,
              27.3974414
            ],
            [
              75.8833086,
              27.3979843
            ],
            [
              75.8821285,
              27.3988606
            ],
            [
              75.8806479,
              27.399918
            ],
            [
              75.879693,
              27.4005276
            ],
            [
              75.8790064,
              27.4008324
            ],
            [
              75.8787489,
              27.4010705
            ],
            [
              75.8786201,
              27.4015087
            ],
            [
              75.8785772,
              27.4019468
            ],
            [
              75.8781803,
              27.4029946
            ],
            [
              75.8774185,
              27.4037947
            ],
            [
              75.8762061,
              27.4046805
            ],
            [
              75.8758628,
              27.4052139
            ],
            [
              75.8754659,
              27.4064521
            ],
            [
              75.8752406,
              27.4068521
            ],
            [
              75.8747148,
              27.4072902
            ],
            [
              75.87376,
              27.407957
            ],
            [
              75.873127,
              27.4086046
            ],
            [
              75.8725476,
              27.4091475
            ],
            [
              75.8717644,
              27.409519
            ],
            [
              75.8712816,
              27.4096714
            ],
            [
              75.8713567,
              27.4105381
            ],
            [
              75.8716786,
              27.4129191
            ],
            [
              75.8716679,
              27.4142811
            ],
            [
              75.8714962,
              27.4149573
            ],
            [
              75.8712709,
              27.4159859
            ],
            [
              75.8712494,
              27.4169573
            ],
            [
              75.8717966,
              27.4186287
            ],
            [
              75.8722901,
              27.419781
            ],
            [
              75.8732611,
              27.4212524
            ],
            [
              75.8742589,
              27.4227238
            ],
            [
              75.8749954,
              27.4247583
            ],
            [
              75.8766889,
              27.4290518
            ],
            [
              75.8781695,
              27.4291851
            ],
            [
              75.8796716,
              27.4328227
            ],
            [
              75.8814955,
              27.4367649
            ],
            [
              75.8827615,
              27.4384979
            ],
            [
              75.8833408,
              27.4392407
            ],
            [
              75.8834266,
              27.4441538
            ],
            [
              75.8856368,
              27.4455058
            ],
            [
              75.8868384,
              27.4465151
            ],
            [
              75.8882546,
              27.4477719
            ],
            [
              75.8884263,
              27.449162
            ],
            [
              75.8887696,
              27.4506663
            ],
            [
              75.8891344,
              27.4531226
            ],
            [
              75.8908081,
              27.4531988
            ],
            [
              75.8919883,
              27.4544555
            ],
            [
              75.8993697,
              27.4528941
            ],
            [
              75.904262,
              27.451923
            ],
            [
              75.9118366,
              27.451447
            ],
            [
              75.9160638,
              27.4512375
            ],
            [
              75.918746,
              27.4511804
            ],
            [
              75.9204197,
              27.4516755
            ],
            [
              75.9215784,
              27.4592347
            ],
            [
              75.9231233,
              27.4590443
            ],
            [
              75.9235954,
              27.4591776
            ],
            [
              75.9246039,
              27.4597298
            ],
            [
              75.9252047,
              27.4595584
            ],
            [
              75.9261703,
              27.4592728
            ],
            [
              75.9271788,
              27.4592728
            ],
            [
              75.9277367,
              27.4597107
            ],
            [
              75.9285092,
              27.4626809
            ],
            [
              75.9329188,
              27.4613957
            ],
            [
              75.9378433,
              27.4600915
            ],
            [
              75.9386587,
              27.4618146
            ],
            [
              75.9394312,
              27.4617575
            ],
            [
              75.9403753,
              27.4638614
            ],
            [
              75.9414804,
              27.4636139
            ],
            [
              75.9440768,
              27.4696302
            ],
            [
              75.9495592,
              27.4682975
            ],
            [
              75.9524882,
              27.4676216
            ],
            [
              75.9533787,
              27.4675074
            ],
            [
              75.954076,
              27.4677168
            ],
            [
              75.9535932,
              27.4682499
            ],
            [
              75.9536254,
              27.4688496
            ],
            [
              75.9539795,
              27.4714959
            ],
            [
              75.9564686,
              27.4712484
            ],
            [
              75.9640646,
              27.4703632
            ],
            [
              75.9646547,
              27.4683356
            ],
            [
              75.9646976,
              27.4675074
            ],
            [
              75.9646976,
              27.4667268
            ],
            [
              75.9646118,
              27.4650704
            ],
            [
              75.9653735,
              27.4655178
            ],
            [
              75.966661,
              27.4670124
            ],
            [
              75.9681952,
              27.4684117
            ],
            [
              75.969075,
              27.469316
            ],
            [
              75.9696114,
              27.4701442
            ],
            [
              75.9699225,
              27.4716578
            ],
            [
              75.9708023,
              27.4716292
            ],
            [
              75.9707057,
              27.4709629
            ],
            [
              75.9736025,
              27.4706678
            ],
            [
              75.9737742,
              27.4697158
            ],
            [
              75.9780657,
              27.4699824
            ],
            [
              75.9805763,
              27.468821
            ],
            [
              75.981971,
              27.4681452
            ],
            [
              75.982883,
              27.4683165
            ],
            [
              75.984031,
              27.4684593
            ],
            [
              75.985297,
              27.4683832
            ],
            [
              75.9869814,
              27.4682594
            ],
            [
              75.987153,
              27.4700395
            ],
            [
              75.9870565,
              27.4706202
            ],
            [
              75.9861874,
              27.4716673
            ],
            [
              75.9853077,
              27.4723622
            ],
            [
              75.9850716,
              27.4733521
            ],
            [
              75.9850716,
              27.4734568
            ],
            [
              75.9852433,
              27.47379
            ],
            [
              75.9856403,
              27.4741707
            ],
            [
              75.9860802,
              27.4744754
            ],
            [
              75.9863162,
              27.4747133
            ],
            [
              75.9864128,
              27.4751036
            ],
            [
              75.986166,
              27.4754272
            ],
            [
              75.985533,
              27.4761411
            ],
            [
              75.9850395,
              27.4766456
            ],
            [
              75.984664,
              27.4774452
            ],
            [
              75.9843743,
              27.4785017
            ],
            [
              75.9843635,
              27.4795107
            ],
            [
              75.9845781,
              27.4797867
            ],
            [
              75.9850824,
              27.480177
            ],
            [
              75.985651,
              27.480472
            ],
            [
              75.9861445,
              27.4808908
            ],
            [
              75.9863913,
              27.4813858
            ],
            [
              75.9864771,
              27.4820235
            ],
            [
              75.9863269,
              27.4826612
            ],
            [
              75.9859514,
              27.4832799
            ],
            [
              75.9855866,
              27.4837272
            ],
            [
              75.9856403,
              27.4888764
            ],
            [
              75.9854901,
              27.4918077
            ],
            [
              75.9849,
              27.4959334
            ],
            [
              75.9808016,
              27.497518
            ],
            [
              75.9774005,
              27.4986219
            ],
            [
              75.9755028,
              27.4997928
            ],
            [
              75.9709096,
              27.4993357
            ],
            [
              75.9646225,
              27.4988408
            ],
            [
              75.9562647,
              27.4980985
            ],
            [
              75.950911,
              27.4977178
            ],
            [
              75.9496772,
              27.4964901
            ],
            [
              75.9483683,
              27.4965282
            ],
            [
              75.9459865,
              27.49669
            ],
            [
              75.9395385,
              27.4972039
            ],
            [
              75.9399354,
              27.4992786
            ],
            [
              75.940547,
              27.5025046
            ],
            [
              75.9409225,
              27.5067298
            ],
            [
              75.9412551,
              27.5099843
            ],
            [
              75.9416413,
              27.5118779
            ],
            [
              75.9419739,
              27.5127057
            ],
            [
              75.9427464,
              27.5137334
            ],
            [
              75.9437227,
              27.5145612
            ],
            [
              75.9446347,
              27.5154271
            ],
            [
              75.9450316,
              27.5160076
            ],
            [
              75.9453106,
              27.517235
            ],
            [
              75.9459221,
              27.5190524
            ],
            [
              75.9465229,
              27.5206414
            ],
            [
              75.9475958,
              27.522649
            ],
            [
              75.9490764,
              27.5260076
            ],
            [
              75.9500956,
              27.5285669
            ],
            [
              75.9506535,
              27.5300797
            ],
            [
              75.9508252,
              27.5312308
            ],
            [
              75.9509325,
              27.5344465
            ],
            [
              75.9511685,
              27.5386324
            ],
            [
              75.9512329,
              27.5420571
            ],
            [
              75.9514475,
              27.5462523
            ],
            [
              75.9518337,
              27.5508372
            ],
            [
              75.9521449,
              27.5537099
            ],
            [
              75.9525955,
              27.5585133
            ],
            [
              75.9532928,
              27.5626698
            ],
            [
              75.9494412,
              27.5634021
            ],
            [
              75.9456539,
              27.564182
            ],
            [
              75.942049,
              27.5649524
            ],
            [
              75.9425855,
              27.5667214
            ],
            [
              75.9431437,
              27.5687887
            ],
            [
              75.9436467,
              27.5711819
            ],
            [
              75.9452247,
              27.5730935
            ],
            [
              75.9482503,
              27.5766503
            ],
            [
              75.950911,
              27.5796554
            ],
            [
              75.9533143,
              27.5826604
            ],
            [
              75.9554386,
              27.5847335
            ],
            [
              75.9561038,
              27.5851899
            ],
            [
              75.9571123,
              27.5858365
            ],
            [
              75.9583783,
              27.5865782
            ],
            [
              75.9598589,
              27.5881948
            ],
            [
              75.9610176,
              27.5892788
            ],
            [
              75.9621548,
              27.5896211
            ],
            [
              75.9627771,
              27.5898874
            ],
            [
              75.9634852,
              27.5903818
            ],
            [
              75.9641719,
              27.5911425
            ],
            [
              75.9650945,
              27.5909904
            ],
            [
              75.9657597,
              27.5906671
            ],
            [
              75.9665108,
              27.5907241
            ],
            [
              75.9676695,
              27.5910855
            ],
            [
              75.9678197,
              27.5916179
            ],
            [
              75.9672403,
              27.5922075
            ],
            [
              75.966897,
              27.5927019
            ],
            [
              75.9668112,
              27.5935767
            ],
            [
              75.9664249,
              27.5946987
            ],
            [
              75.965867,
              27.5964863
            ],
            [
              75.9649014,
              27.5976653
            ],
            [
              75.9635711,
              27.5994338
            ],
            [
              75.9628844,
              27.5990535
            ],
            [
              75.9612107,
              27.5975132
            ],
            [
              75.9596872,
              27.5964482
            ],
            [
              75.9595156,
              27.5954023
            ],
            [
              75.9593439,
              27.5943564
            ],
            [
              75.9591722,
              27.5932915
            ],
            [
              75.9589791,
              27.5920553
            ],
            [
              75.9579277,
              27.5923596
            ],
            [
              75.9567261,
              27.5934816
            ],
            [
              75.9552884,
              27.5945466
            ],
            [
              75.9543657,
              27.5951171
            ],
            [
              75.952971,
              27.5947748
            ],
            [
              75.9515977,
              27.5939951
            ],
            [
              75.9500313,
              27.5925688
            ],
            [
              75.9481001,
              27.591637
            ],
            [
              75.9457826,
              27.5910664
            ],
            [
              75.9452462,
              27.5923406
            ],
            [
              75.9450745,
              27.5930823
            ],
            [
              75.9468341,
              27.5947367
            ],
            [
              75.947628,
              27.5957636
            ],
            [
              75.9484005,
              27.5968286
            ],
            [
              75.9496236,
              27.5980076
            ],
            [
              75.9487223,
              27.602134
            ],
            [
              75.9481001,
              27.6069829
            ],
            [
              75.9481859,
              27.6108618
            ],
            [
              75.9480572,
              27.6121737
            ],
            [
              75.9477138,
              27.6127251
            ],
            [
              75.9469199,
              27.6131625
            ],
            [
              75.9455251,
              27.6140181
            ],
            [
              75.9439158,
              27.6149307
            ],
            [
              75.9435081,
              27.6155581
            ],
            [
              75.9427786,
              27.6169081
            ],
            [
              75.9421134,
              27.6180298
            ],
            [
              75.9416842,
              27.6188284
            ],
            [
              75.9414911,
              27.6191135
            ],
            [
              75.9416842,
              27.6195698
            ],
            [
              75.9434867,
              27.6204064
            ],
            [
              75.9459758,
              27.6211098
            ],
            [
              75.9470057,
              27.621357
            ],
            [
              75.9474778,
              27.6221175
            ],
            [
              75.9480572,
              27.6222696
            ],
            [
              75.9518981,
              27.6223266
            ],
            [
              75.9570479,
              27.6220604
            ],
            [
              75.9629273,
              27.6219274
            ],
            [
              75.9647083,
              27.6221745
            ],
            [
              75.9650087,
              27.622916
            ],
            [
              75.9653091,
              27.6240947
            ],
            [
              75.9655022,
              27.6247221
            ],
            [
              75.965867,
              27.6252734
            ],
            [
              75.9661889,
              27.6258248
            ],
            [
              75.9661245,
              27.6264141
            ],
            [
              75.9649443,
              27.62784
            ],
            [
              75.9639144,
              27.6286004
            ],
            [
              75.9624767,
              27.6294749
            ],
            [
              75.9621548,
              27.629646
            ],
            [
              75.9603524,
              27.6305205
            ],
            [
              75.9592795,
              27.6311288
            ],
            [
              75.9582495,
              27.6316041
            ],
            [
              75.9581637,
              27.6323455
            ],
            [
              75.9591293,
              27.6331249
            ],
            [
              75.959537,
              27.633315
            ],
            [
              75.9595156,
              27.6338093
            ],
            [
              75.9586143,
              27.6339613
            ],
            [
              75.9575844,
              27.6340184
            ],
            [
              75.9577131,
              27.6346837
            ],
            [
              75.9579706,
              27.6368888
            ],
            [
              75.9587431,
              27.6384096
            ],
            [
              75.9602451,
              27.6397782
            ],
            [
              75.9619188,
              27.6404816
            ],
            [
              75.96282,
              27.6410328
            ],
            [
              75.9633136,
              27.6416221
            ],
            [
              75.9639787,
              27.6420973
            ],
            [
              75.9646439,
              27.6423064
            ],
            [
              75.9655237,
              27.6423254
            ],
            [
              75.9670901,
              27.6419262
            ],
            [
              75.9696436,
              27.6409948
            ],
            [
              75.9711242,
              27.6446064
            ],
            [
              75.9717464,
              27.6466973
            ],
            [
              75.9740209,
              27.6468113
            ],
            [
              75.9743857,
              27.6473816
            ],
            [
              75.9761452,
              27.6492253
            ],
            [
              75.9776687,
              27.6515632
            ],
            [
              75.9791064,
              27.6534258
            ],
            [
              75.9807157,
              27.6587285
            ],
            [
              75.981853,
              27.6625106
            ],
            [
              75.9821105,
              27.6644681
            ],
            [
              75.9819388,
              27.6654373
            ],
            [
              75.9820676,
              27.6662165
            ],
            [
              75.9828615,
              27.66844
            ],
            [
              75.9836554,
              27.6717276
            ],
            [
              75.9844708,
              27.6763834
            ],
            [
              75.9856295,
              27.6783596
            ],
            [
              75.9864235,
              27.6796898
            ],
            [
              75.9868312,
              27.6806589
            ],
            [
              75.9869599,
              27.6829391
            ],
            [
              75.9883761,
              27.6866063
            ],
            [
              75.9910798,
              27.6926674
            ],
            [
              75.9920668,
              27.6939023
            ],
            [
              75.9938264,
              27.6950423
            ],
            [
              75.9951353,
              27.6962963
            ],
            [
              75.9959507,
              27.6977402
            ],
            [
              76.0032034,
              27.7045606
            ],
            [
              76.0091471,
              27.7099558
            ],
            [
              76.0110783,
              27.7110386
            ],
            [
              76.0142755,
              27.7121404
            ],
            [
              76.0156059,
              27.7125203
            ],
            [
              76.0168075,
              27.7131092
            ],
            [
              76.019597,
              27.7149138
            ],
            [
              76.0212278,
              27.7160726
            ],
            [
              76.0235452,
              27.7172693
            ],
            [
              76.0260129,
              27.7180481
            ],
            [
              76.0286307,
              27.7188459
            ],
            [
              76.0296178,
              27.7192258
            ],
            [
              76.0298109,
              27.7199286
            ],
            [
              76.0296821,
              27.7226829
            ],
            [
              76.029768,
              27.7230818
            ],
            [
              76.0303902,
              27.7237656
            ],
            [
              76.032021,
              27.7250572
            ],
            [
              76.0332441,
              27.7259309
            ],
            [
              76.0340595,
              27.7267856
            ],
            [
              76.0342955,
              27.7277543
            ],
            [
              76.0345876,
              27.7303892
            ],
            [
              76.0349864,
              27.7333528
            ],
            [
              76.0347676,
              27.7349621
            ],
            [
              76.034199,
              27.7369658
            ],
            [
              76.0342848,
              27.7375356
            ],
            [
              76.037085,
              27.7404223
            ],
            [
              76.0379004,
              27.7414004
            ],
            [
              76.0384583,
              27.742236
            ],
            [
              76.0398745,
              27.743309
            ],
            [
              76.0410976,
              27.7447808
            ],
            [
              76.0426426,
              27.7461386
            ],
            [
              76.0454428,
              27.7482465
            ],
            [
              76.0476959,
              27.7504778
            ],
            [
              76.0485756,
              27.7516077
            ],
            [
              76.0452282,
              27.7544276
            ],
            [
              76.049037,
              27.7585766
            ],
            [
              76.0505927,
              27.7605609
            ],
            [
              76.0516441,
              27.7622413
            ],
            [
              76.0521054,
              27.7643679
            ],
            [
              76.052674,
              27.7691431
            ],
            [
              76.0598409,
              27.7680798
            ],
            [
              76.0636604,
              27.7677855
            ],
            [
              76.0655379,
              27.7676147
            ],
            [
              76.0664284,
              27.7676526
            ],
            [
              76.0678983,
              27.7675577
            ],
            [
              76.0696256,
              27.7736618
            ],
            [
              76.0705268,
              27.7758261
            ],
            [
              76.0709238,
              27.775902
            ],
            [
              76.0710633,
              27.7761299
            ],
            [
              76.0713315,
              27.7765855
            ],
            [
              76.0717392,
              27.7768228
            ],
            [
              76.0718465,
              27.7777531
            ],
            [
              76.0719538,
              27.7785125
            ],
            [
              76.0721791,
              27.7793383
            ],
            [
              76.072737,
              27.7800123
            ],
            [
              76.0731876,
              27.7851949
            ],
            [
              76.0741103,
              27.7852424
            ],
            [
              76.0744321,
              27.7871787
            ],
            [
              76.0752368,
              27.7871597
            ],
            [
              76.0754835,
              27.7880994
            ],
            [
              76.0760844,
              27.7880709
            ],
            [
              76.0763526,
              27.7892574
            ],
            [
              76.0750008,
              27.789599
            ],
            [
              76.0759771,
              27.7931773
            ],
            [
              76.0765028,
              27.7947623
            ],
            [
              76.0767925,
              27.7958252
            ],
            [
              76.0767281,
              27.7964896
            ],
            [
              76.0763633,
              27.7982739
            ],
            [
              76.0761487,
              27.8000676
            ],
            [
              76.0765886,
              27.8014722
            ],
            [
              76.0773289,
              27.8030191
            ],
            [
              76.0806441,
              27.80263
            ],
            [
              76.0818243,
              27.80263
            ],
            [
              76.082629,
              27.8025636
            ],
            [
              76.0832512,
              27.8023263
            ],
            [
              76.084013,
              27.8019467
            ],
            [
              76.0849249,
              27.8021365
            ],
            [
              76.0863089,
              27.8029906
            ],
            [
              76.0879934,
              27.8042149
            ],
            [
              76.0885942,
              27.8051544
            ],
            [
              76.0889375,
              27.8058567
            ],
            [
              76.0889161,
              27.8062647
            ],
            [
              76.08868,
              27.806948
            ],
            [
              76.0891521,
              27.8081058
            ],
            [
              76.0901284,
              27.8100891
            ],
            [
              76.0907614,
              27.811076
            ],
            [
              76.0909867,
              27.8117308
            ],
            [
              76.0908043,
              27.8122432
            ],
            [
              76.0902357,
              27.8130783
            ],
            [
              76.0897636,
              27.8139798
            ],
            [
              76.0897529,
              27.815109
            ],
            [
              76.0898065,
              27.8158302
            ],
            [
              76.0903108,
              27.8161813
            ],
            [
              76.0910296,
              27.8162477
            ],
            [
              76.091373,
              27.8174338
            ],
            [
              76.0920381,
              27.8195499
            ],
            [
              76.0921562,
              27.8206411
            ],
            [
              76.0915875,
              27.8219315
            ],
            [
              76.0912549,
              27.8227191
            ],
            [
              76.0905468,
              27.8234023
            ],
            [
              76.0913193,
              27.8244934
            ],
            [
              76.0918021,
              27.8258028
            ],
            [
              76.0917485,
              27.8265714
            ],
            [
              76.0915017,
              27.8275107
            ],
            [
              76.0911155,
              27.8280705
            ],
            [
              76.0901391,
              27.8289054
            ],
            [
              76.0908472,
              27.8294842
            ],
            [
              76.0896349,
              27.830471
            ],
            [
              76.0875857,
              27.8318751
            ],
            [
              76.0828113,
              27.8353381
            ],
            [
              76.0798395,
              27.8373305
            ],
            [
              76.0754728,
              27.8410874
            ],
            [
              76.0757,
              27.8434953
            ],
            [
              76.0720519,
              27.8446398
            ],
            [
              76.0689023,
              27.845164
            ],
            [
              76.0650857,
              27.8461142
            ],
            [
              76.0616766,
              27.8480472
            ],
            [
              76.0599351,
              27.8466384
            ],
            [
              76.0554885,
              27.8414944
            ],
            [
              76.0538211,
              27.8389714
            ],
            [
              76.0505603,
              27.8359241
            ],
            [
              76.0478553,
              27.8346134
            ],
            [
              76.0434828,
              27.8386765
            ],
            [
              76.0404814,
              27.8406752
            ],
            [
              76.0398885,
              27.8386437
            ],
            [
              76.0387398,
              27.8375952
            ],
            [
              76.0367018,
              27.8372348
            ],
            [
              76.0342562,
              27.8378901
            ],
            [
              76.0324405,
              27.8389386
            ],
            [
              76.030032,
              27.8392008
            ],
            [
              76.0275123,
              27.8384471
            ],
            [
              76.0255854,
              27.8389059
            ],
            [
              76.0231769,
              27.8395284
            ],
            [
              76.0169146,
              27.8399544
            ],
            [
              76.0109859,
              27.8411339
            ],
            [
              76.0094666,
              27.8408063
            ],
            [
              76.0067987,
              27.837628
            ],
            [
              76.0056871,
              27.8359569
            ],
            [
              76.0041308,
              27.8345479
            ],
            [
              76.0000918,
              27.8358258
            ],
            [
              75.9980909,
              27.8364156
            ],
            [
              75.9923844,
              27.839168
            ],
            [
              75.9854923,
              27.8421824
            ],
            [
              75.9818239,
              27.8452295
            ],
            [
              75.9773773,
              27.8480145
            ],
            [
              75.9738571,
              27.8503734
            ],
            [
              75.971708,
              27.8518477
            ],
            [
              75.9715227,
              27.853453
            ],
            [
              75.9716338,
              27.8558446
            ],
            [
              75.971708,
              27.8585965
            ],
            [
              75.9722267,
              27.8603
            ],
            [
              75.9738571,
              27.8610535
            ],
            [
              75.9768215,
              27.8627897
            ],
            [
              75.9774514,
              27.8642966
            ],
            [
              75.9785631,
              27.8655087
            ],
            [
              75.9789707,
              27.8698654
            ],
            [
              75.9786001,
              27.8708153
            ],
            [
              75.9780072,
              27.8729772
            ],
            [
              75.9789707,
              27.8747788
            ],
            [
              75.9817868,
              27.8781198
            ],
            [
              75.9844177,
              27.881821
            ],
            [
              75.9834172,
              27.8833276
            ],
            [
              75.9819721,
              27.8845394
            ],
            [
              75.9807493,
              27.8870613
            ],
            [
              75.9799711,
              27.8880439
            ],
            [
              75.9783037,
              27.8903692
            ],
            [
              75.9760063,
              27.8925307
            ],
            [
              75.9782296,
              27.8942992
            ],
            [
              75.9826391,
              27.8977378
            ],
            [
              75.9873821,
              27.9036978
            ],
            [
              75.9735488,
              27.9019764
            ],
            [
              75.9746523,
              27.911814
            ],
            [
              75.9726714,
              27.9122443
            ],
            [
              75.9670761,
              27.9137833
            ],
            [
              75.9648528,
              27.9137833
            ],
            [
              75.9630001,
              27.9139143
            ],
            [
              75.9592946,
              27.9141108
            ],
            [
              75.954848,
              27.9143072
            ],
            [
              75.9506979,
              27.9143072
            ],
            [
              75.9477336,
              27.9137833
            ],
            [
              75.9455844,
              27.9135214
            ],
            [
              75.9415825,
              27.912932
            ],
            [
              75.9390628,
              27.9132594
            ],
            [
              75.9377288,
              27.9145692
            ],
            [
              75.9372841,
              27.9165992
            ],
            [
              75.9363207,
              27.9181054
            ],
            [
              75.9352091,
              27.9193496
            ],
            [
              75.9370618,
              27.9205283
            ],
            [
              75.9387663,
              27.9215105
            ],
            [
              75.9395815,
              27.923213
            ],
            [
              75.937877,
              27.924981
            ],
            [
              75.9354129,
              27.9273137
            ],
            [
              75.9323473,
              27.9300313
            ],
            [
              75.9290671,
              27.9284458
            ],
            [
              75.9270072,
              27.9265499
            ],
            [
              75.9237885,
              27.9251848
            ],
            [
              75.9208488,
              27.9211654
            ],
            [
              75.9205699,
              27.9206725
            ],
            [
              75.9196901,
              27.9195728
            ],
            [
              75.918982,
              27.9191746
            ],
            [
              75.9165787,
              27.9188902
            ],
            [
              75.9135103,
              27.9180749
            ],
            [
              75.9120941,
              27.9178095
            ],
            [
              75.9104204,
              27.9172407
            ],
            [
              75.9090686,
              27.9159514
            ],
            [
              75.9087252,
              27.9139036
            ],
            [
              75.9089613,
              27.912728
            ],
            [
              75.9092617,
              27.9114386
            ],
            [
              75.9097123,
              27.9101682
            ],
            [
              75.9096265,
              27.908746
            ],
            [
              75.9093475,
              27.9069067
            ],
            [
              75.9084034,
              27.9062051
            ],
            [
              75.9071588,
              27.9065654
            ],
            [
              75.9061503,
              27.9071532
            ],
            [
              75.9046483,
              27.9088029
            ],
            [
              75.9028673,
              27.9117041
            ],
            [
              75.8993482,
              27.9127469
            ],
            [
              75.8985543,
              27.9128986
            ],
            [
              75.8974814,
              27.9124625
            ],
            [
              75.8968591,
              27.9114955
            ],
            [
              75.8960008,
              27.9101871
            ],
            [
              75.8950782,
              27.908746
            ],
            [
              75.8925247,
              27.9063378
            ],
            [
              75.8912587,
              27.9052001
            ],
            [
              75.8903789,
              27.9052759
            ],
            [
              75.8896708,
              27.9056931
            ],
            [
              75.8881688,
              27.9075704
            ],
            [
              75.8867526,
              27.9064326
            ],
            [
              75.8852935,
              27.9051053
            ],
            [
              75.8844781,
              27.9037589
            ],
            [
              75.8779549,
              27.8977285
            ],
            [
              75.8762169,
              27.8952253
            ],
            [
              75.8746075,
              27.8933288
            ],
            [
              75.8699941,
              27.8893272
            ],
            [
              75.8673978,
              27.887772
            ],
            [
              75.8592224,
              27.8826322
            ],
            [
              75.855124,
              27.8810579
            ],
            [
              75.8484292,
              27.8760506
            ],
            [
              75.844996,
              27.8739072
            ],
            [
              75.8400821,
              27.8718396
            ],
            [
              75.8342242,
              27.8701325
            ],
            [
              75.8316278,
              27.8681028
            ],
            [
              75.8288715,
              27.8669801
            ],
            [
              75.8281731,
              27.8664904
            ],
            [
              75.8248687,
              27.8638916
            ],
            [
              75.8230448,
              27.8631897
            ],
            [
              75.8211136,
              27.8622981
            ],
            [
              75.8190751,
              27.8607425
            ],
            [
              75.8168649,
              27.8593766
            ],
            [
              75.8154273,
              27.8588075
            ],
            [
              75.8149123,
              27.8585419
            ],
            [
              75.8129382,
              27.8583712
            ],
            [
              75.8119082,
              27.8582384
            ],
            [
              75.8103418,
              27.8580297
            ],
            [
              75.8072305,
              27.8573088
            ],
            [
              75.804913,
              27.8568156
            ],
            [
              75.8036041,
              27.8556773
            ],
            [
              75.8021664,
              27.8539888
            ],
            [
              75.8009863,
              27.8527746
            ],
            [
              75.8002138,
              27.8516553
            ],
            [
              75.7994842,
              27.8503083
            ],
            [
              75.7992911,
              27.849132
            ],
            [
              75.7986903,
              27.8474244
            ],
            [
              75.7963085,
              27.8461343
            ],
            [
              75.7938838,
              27.8441801
            ],
            [
              75.7884979,
              27.8414668
            ],
            [
              75.7874465,
              27.8409545
            ],
            [
              75.7852578,
              27.8401007
            ],
            [
              75.7810735,
              27.8398541
            ],
            [
              75.7792926,
              27.8392469
            ],
            [
              75.7773614,
              27.8374633
            ],
            [
              75.7758808,
              27.8359263
            ],
            [
              75.7737994,
              27.8343894
            ],
            [
              75.7688641,
              27.8316949
            ],
            [
              75.7680917,
              27.8309169
            ],
            [
              75.7675981,
              27.830063
            ],
            [
              75.7670188,
              27.82771
            ],
            [
              75.7660746,
              27.8243511
            ],
            [
              75.7624697,
              27.8195499
            ],
            [
              75.7574916,
              27.8141032
            ],
            [
              75.7535863,
              27.8104972
            ],
            [
              75.7492947,
              27.8070239
            ],
            [
              75.7462692,
              27.8044426
            ],
            [
              75.7436728,
              27.8013488
            ],
            [
              75.7401538,
              27.7988623
            ],
            [
              75.7374716,
              27.7957493
            ],
            [
              75.7345962,
              27.7910987
            ],
            [
              75.7324581,
              27.7855538
            ],
            [
              75.7311201,
              27.7831257
            ],
            [
              75.7297897,
              27.7802401
            ],
            [
              75.7275796,
              27.777924
            ],
            [
              75.7260346,
              27.7758356
            ],
            [
              75.7245326,
              27.7728928
            ],
            [
              75.7221937,
              27.7705386
            ],
            [
              75.7206058,
              27.7674058
            ],
            [
              75.7181382,
              27.7661527
            ],
            [
              75.7156276,
              27.7649375
            ],
            [
              75.7128382,
              27.7614628
            ],
            [
              75.7117438,
              27.7605514
            ],
            [
              75.7112503,
              27.7587665
            ],
            [
              75.7100916,
              27.754532
            ],
            [
              75.713439,
              27.7527661
            ],
            [
              75.7174945,
              27.7503734
            ],
            [
              75.7192325,
              27.7497847
            ],
            [
              75.7198548,
              27.7487403
            ],
            [
              75.7197046,
              27.7471261
            ],
            [
              75.7173443,
              27.7441636
            ],
            [
              75.7146835,
              27.7405363
            ],
            [
              75.7131386,
              27.7381813
            ],
            [
              75.7119369,
              27.7358643
            ],
            [
              75.7117653,
              27.7349526
            ],
            [
              75.7119369,
              27.7334332
            ],
            [
              75.7133531,
              27.731344
            ],
            [
              75.7125592,
              27.7304134
            ],
            [
              75.7110357,
              27.7292928
            ],
            [
              75.7105851,
              27.7270325
            ],
            [
              75.7082033,
              27.7253231
            ],
            [
              75.7076883,
              27.7241644
            ],
            [
              75.7080316,
              27.7195297
            ],
            [
              75.7049417,
              27.7160156
            ],
            [
              75.7015943,
              27.7175732
            ],
            [
              75.7012939,
              27.7165095
            ],
            [
              75.7004142,
              27.7168704
            ],
            [
              75.7001567,
              27.7158066
            ],
            [
              75.7006073,
              27.7154457
            ],
            [
              75.6981611,
              27.7091769
            ],
            [
              75.6986332,
              27.7089679
            ],
            [
              75.6982469,
              27.7079421
            ],
            [
              75.6988477,
              27.7074672
            ],
            [
              75.6985259,
              27.7064413
            ],
            [
              75.6993627,
              27.7063653
            ],
            [
              75.698204,
              27.7022808
            ],
            [
              75.6973243,
              27.7022238
            ],
            [
              75.6950068,
              27.6980252
            ],
            [
              75.6955004,
              27.6976452
            ],
            [
              75.6951356,
              27.6968282
            ],
            [
              75.6956935,
              27.6963913
            ],
            [
              75.6943416,
              27.6943963
            ],
            [
              75.6955862,
              27.6935034
            ],
            [
              75.6948781,
              27.6920404
            ],
            [
              75.6965947,
              27.6906724
            ],
            [
              75.6910801,
              27.6791957
            ],
            [
              75.6847071,
              27.6753572
            ],
            [
              75.6771111,
              27.6759653
            ],
            [
              75.667541,
              27.6769914
            ],
            [
              75.6694293,
              27.6844022
            ],
            [
              75.6673264,
              27.6834521
            ],
            [
              75.6668758,
              27.6832241
            ],
            [
              75.6654596,
              27.682787
            ],
            [
              75.6648373,
              27.6829771
            ],
            [
              75.6644726,
              27.6836231
            ],
            [
              75.6642365,
              27.6843832
            ],
            [
              75.6642794,
              27.6852192
            ],
            [
              75.6643867,
              27.6858842
            ],
            [
              75.6645369,
              27.6867393
            ],
            [
              75.6645155,
              27.6875373
            ],
            [
              75.6637001,
              27.6881643
            ],
            [
              75.6624341,
              27.6886013
            ],
            [
              75.6613827,
              27.6894564
            ],
            [
              75.661962,
              27.6924774
            ],
            [
              75.6618333,
              27.6941303
            ],
            [
              75.6610179,
              27.6952323
            ],
            [
              75.6593442,
              27.6956693
            ],
            [
              75.6590223,
              27.6961443
            ],
            [
              75.6603312,
              27.6992221
            ],
            [
              75.6629491,
              27.7054345
            ],
            [
              75.6648588,
              27.7093099
            ],
            [
              75.6660604,
              27.7118934
            ],
            [
              75.6667685,
              27.714154
            ],
            [
              75.6667042,
              27.7156737
            ],
            [
              75.6636357,
              27.7154647
            ],
            [
              75.6614041,
              27.7164145
            ],
            [
              75.6587004,
              27.7173263
            ],
            [
              75.6555033,
              27.7179911
            ],
            [
              75.6513405,
              27.7181621
            ],
            [
              75.6480789,
              27.7179341
            ],
            [
              75.6440234,
              27.7202135
            ],
            [
              75.6432295,
              27.7192448
            ],
            [
              75.6415343,
              27.718371
            ],
            [
              75.6405258,
              27.7175922
            ],
            [
              75.6395817,
              27.7174023
            ],
            [
              75.6381655,
              27.7170034
            ],
            [
              75.6359982,
              27.7165095
            ],
            [
              75.6345176,
              27.7161865
            ],
            [
              75.6326937,
              27.7160916
            ],
            [
              75.63205,
              27.7147619
            ],
            [
              75.6313205,
              27.7128622
            ],
            [
              75.6296682,
              27.7112476
            ],
            [
              75.6279945,
              27.7091389
            ],
            [
              75.6222868,
              27.7064413
            ],
            [
              75.6202698,
              27.7054725
            ],
            [
              75.6187677,
              27.7027178
            ],
            [
              75.6166219,
              27.7045226
            ],
            [
              75.6149483,
              27.7065743
            ],
            [
              75.6132102,
              27.7062704
            ],
            [
              75.6121802,
              27.7065553
            ],
            [
              75.6109142,
              27.7068973
            ],
            [
              75.6100344,
              27.7074672
            ],
            [
              75.6080603,
              27.7074482
            ],
            [
              75.6065368,
              27.7071822
            ],
            [
              75.6062579,
              27.7072392
            ],
            [
              75.6047988,
              27.7079991
            ],
            [
              75.6040048,
              27.708417
            ],
            [
              75.602889,
              27.708531
            ],
            [
              75.6017089,
              27.7089869
            ],
            [
              75.6000995,
              27.7098038
            ],
            [
              75.5982113,
              27.7109436
            ],
            [
              75.5974602,
              27.7108486
            ],
            [
              75.5959368,
              27.7107157
            ],
            [
              75.5939412,
              27.7107536
            ],
            [
              75.5926752,
              27.7111526
            ],
            [
              75.5912053,
              27.7099463
            ],
            [
              75.5898106,
              27.7085405
            ],
            [
              75.5892634,
              27.7074482
            ],
            [
              75.5891776,
              27.7059949
            ],
            [
              75.5897033,
              27.7044466
            ],
            [
              75.5904671,
              27.7030797
            ],
            [
              75.5903148,
              27.7025468
            ],
            [
              75.5889845,
              27.7024328
            ],
            [
              75.5873966,
              27.7026418
            ],
            [
              75.5850148,
              27.7034207
            ],
            [
              75.5821395,
              27.7050355
            ],
            [
              75.5795002,
              27.7058904
            ],
            [
              75.5777406,
              27.7070872
            ],
            [
              75.5764103,
              27.7069733
            ],
            [
              75.5759811,
              27.7058144
            ],
            [
              75.5749512,
              27.7057004
            ],
            [
              75.5731487,
              27.7043326
            ],
            [
              75.5719685,
              27.7033637
            ],
            [
              75.5708527,
              27.7021668
            ],
            [
              75.5697155,
              27.699963
            ],
            [
              75.5686855,
              27.6997541
            ],
            [
              75.5674624,
              27.7011979
            ],
            [
              75.5662179,
              27.7023568
            ],
            [
              75.5627632,
              27.7042946
            ],
            [
              75.5578279,
              27.7071822
            ],
            [
              75.5547809,
              27.7092529
            ],
            [
              75.5539226,
              27.7075432
            ],
            [
              75.5527425,
              27.7074862
            ],
            [
              75.5510473,
              27.7074102
            ],
            [
              75.549953,
              27.7075432
            ],
            [
              75.5495882,
              27.7082461
            ],
            [
              75.548923,
              27.70855
            ],
            [
              75.5475497,
              27.7089679
            ],
            [
              75.5455112,
              27.7097278
            ],
            [
              75.544374,
              27.7108296
            ],
            [
              75.5414986,
              27.7119504
            ],
            [
              75.5389452,
              27.7117415
            ],
            [
              75.5369282,
              27.7104497
            ],
            [
              75.535469,
              27.7067833
            ],
            [
              75.5342889,
              27.7056054
            ],
            [
              75.5297613,
              27.7052255
            ],
            [
              75.5249762,
              27.7016159
            ],
            [
              75.5239677,
              27.6966193
            ],
            [
              75.5202126,
              27.6980442
            ],
            [
              75.5184102,
              27.6955743
            ],
            [
              75.5154919,
              27.6958023
            ],
            [
              75.5133247,
              27.6917174
            ],
            [
              75.5092478,
              27.6947383
            ],
            [
              75.5072522,
              27.6923634
            ],
            [
              75.5069089,
              27.6922684
            ],
            [
              75.5046773,
              27.6919074
            ],
            [
              75.5017161,
              27.6916984
            ],
            [
              75.4978323,
              27.6898364
            ],
            [
              75.4929614,
              27.6873283
            ],
            [
              75.4864597,
              27.6882213
            ],
            [
              75.4800653,
              27.6880883
            ],
            [
              75.4772544,
              27.6922874
            ],
            [
              75.4752373,
              27.6944913
            ],
            [
              75.4712677,
              27.6901974
            ],
            [
              75.4684996,
              27.6865303
            ],
            [
              75.4670834,
              27.682616
            ],
            [
              75.4656672,
              27.6805068
            ],
            [
              75.4651952,
              27.6793667
            ],
            [
              75.4664612,
              27.6778656
            ],
            [
              75.4663968,
              27.6768584
            ],
            [
              75.4663324,
              27.6713856
            ],
            [
              75.4642296,
              27.66844
            ],
            [
              75.4631138,
              27.6672427
            ],
            [
              75.4591012,
              27.6649432
            ],
            [
              75.4577493,
              27.6638409
            ],
            [
              75.4565906,
              27.6618644
            ],
            [
              75.4556572,
              27.6613038
            ],
            [
              75.4549384,
              27.6607431
            ],
            [
              75.453726,
              27.6592512
            ],
            [
              75.4534686,
              27.6575311
            ],
            [
              75.452224,
              27.6576737
            ],
            [
              75.4513228,
              27.6575407
            ],
            [
              75.4498851,
              27.657189
            ],
            [
              75.4482973,
              27.6569515
            ],
            [
              75.4456365,
              27.6573316
            ],
            [
              75.443126,
              27.6578067
            ],
            [
              75.4404867,
              27.6575311
            ],
            [
              75.4389632,
              27.6561342
            ],
            [
              75.4367208,
              27.6536539
            ],
            [
              75.4351437,
              27.6521333
            ],
            [
              75.4331374,
              27.6500236
            ],
            [
              75.4325473,
              27.6493013
            ],
            [
              75.4308522,
              27.6478187
            ],
            [
              75.4296183,
              27.6468778
            ],
            [
              75.4286528,
              27.6456328
            ],
            [
              75.4288244,
              27.6424109
            ],
            [
              75.4285349,
              27.6413282
            ],
            [
              75.4274511,
              27.6412039
            ],
            [
              75.4265606,
              27.6411944
            ],
            [
              75.4245543,
              27.6410423
            ],
            [
              75.4225588,
              27.641565
            ],
            [
              75.4200697,
              27.6430762
            ],
            [
              75.417645,
              27.6441217
            ],
            [
              75.4156816,
              27.6463931
            ],
            [
              75.4142117,
              27.6479898
            ],
            [
              75.4117763,
              27.6489972
            ],
            [
              75.4083967,
              27.6504988
            ],
            [
              75.4085147,
              27.6517722
            ],
            [
              75.4083216,
              27.6521524
            ],
            [
              75.407753,
              27.6529791
            ],
            [
              75.4070556,
              27.6533023
            ],
            [
              75.4058647,
              27.6543191
            ],
            [
              75.4060149,
              27.655393
            ],
            [
              75.4066908,
              27.656999
            ],
            [
              75.4068732,
              27.6585004
            ],
            [
              75.4064977,
              27.6594982
            ],
            [
              75.4051995,
              27.6608571
            ],
            [
              75.4028499,
              27.6620069
            ],
            [
              75.4021418,
              27.6621875
            ],
            [
              75.3990734,
              27.6618739
            ],
            [
              75.3976679,
              27.6618264
            ],
            [
              75.3967023,
              27.6626911
            ],
            [
              75.3960189,
              27.6629798
            ],
            [
              75.3950929,
              27.6632518
            ],
            [
              75.3919601,
              27.6606861
            ],
            [
              75.3922391,
              27.6584434
            ],
            [
              75.3916597,
              27.65717
            ],
            [
              75.3895139,
              27.6546612
            ],
            [
              75.383892,
              27.6502707
            ],
            [
              75.3829908,
              27.6489687
            ],
            [
              75.3815961,
              27.6480183
            ],
            [
              75.3804481,
              27.6477997
            ],
            [
              75.379107,
              27.6477047
            ],
            [
              75.3781736,
              27.647163
            ],
            [
              75.377562,
              27.6455853
            ],
            [
              75.3763068,
              27.6442072
            ],
            [
              75.3754163,
              27.6435229
            ],
            [
              75.3743005,
              27.6441122
            ],
            [
              75.3739786,
              27.6454522
            ],
            [
              75.3737318,
              27.6468303
            ],
            [
              75.3737318,
              27.6477332
            ],
            [
              75.3738177,
              27.6520573
            ],
            [
              75.3730988,
              27.6543381
            ],
            [
              75.3724229,
              27.6546327
            ],
            [
              75.3716719,
              27.6551554
            ],
            [
              75.3710389,
              27.6558681
            ],
            [
              75.371393,
              27.6585099
            ],
            [
              75.3719079,
              27.6623205
            ],
            [
              75.3724122,
              27.6660645
            ],
            [
              75.3727126,
              27.6688581
            ],
            [
              75.3729916,
              27.6723642
            ],
            [
              75.3729379,
              27.6747586
            ],
            [
              75.3723907,
              27.6784926
            ],
            [
              75.3744399,
              27.6796708
            ],
            [
              75.3785384,
              27.6815899
            ],
            [
              75.3778195,
              27.6840126
            ],
            [
              75.3765964,
              27.6841076
            ],
            [
              75.3746116,
              27.6834901
            ],
            [
              75.3728843,
              27.6851527
            ],
            [
              75.3696442,
              27.6883163
            ],
            [
              75.3682923,
              27.6901119
            ],
            [
              75.3666615,
              27.6927434
            ],
            [
              75.3654063,
              27.6943013
            ],
            [
              75.3614688,
              27.6953843
            ],
            [
              75.357424,
              27.6967427
            ],
            [
              75.3564477,
              27.6972842
            ],
            [
              75.3542161,
              27.6997825
            ],
            [
              75.3524244,
              27.6997635
            ],
            [
              75.3522313,
              27.7002575
            ],
            [
              75.3505683,
              27.7017964
            ],
            [
              75.3441524,
              27.7008085
            ],
            [
              75.3419959,
              27.7002765
            ],
            [
              75.3389382,
              27.7000105
            ],
            [
              75.3367388,
              27.6983196
            ],
            [
              75.3360307,
              27.699716
            ],
            [
              75.3343785,
              27.6993931
            ],
            [
              75.3294968,
              27.6982342
            ],
            [
              75.3294003,
              27.6975882
            ],
            [
              75.328145,
              27.6975312
            ],
            [
              75.3282308,
              27.6980062
            ],
            [
              75.3258705,
              27.6974932
            ],
            [
              75.3232419,
              27.7029363
            ],
            [
              75.3225768,
              27.7031547
            ],
            [
              75.3211927,
              27.7072297
            ],
            [
              75.3228664,
              27.7081891
            ],
            [
              75.3221583,
              27.7093764
            ],
            [
              75.321579,
              27.7097563
            ],
            [
              75.3183067,
              27.7099083
            ],
            [
              75.3158283,
              27.7103262
            ],
            [
              75.3135431,
              27.7105637
            ],
            [
              75.3075242,
              27.7104402
            ],
            [
              75.3068161,
              27.7112191
            ],
            [
              75.3049385,
              27.7109816
            ],
            [
              75.3042197,
              27.7120454
            ],
            [
              75.3019881,
              27.7130997
            ],
            [
              75.2998638,
              27.7148283
            ],
            [
              75.2972782,
              27.7143344
            ],
            [
              75.2935123,
              27.7155787
            ],
            [
              75.2931046,
              27.7171078
            ],
            [
              75.2900362,
              27.7183235
            ],
            [
              75.2860236,
              27.7186274
            ],
            [
              75.2861309,
              27.7229678
            ],
            [
              75.2855301,
              27.7242024
            ],
            [
              75.2838242,
              27.7274314
            ],
            [
              75.2823007,
              27.7303564
            ],
            [
              75.2805412,
              27.7334997
            ],
            [
              75.2797151,
              27.7360732
            ],
            [
              75.278449,
              27.7366145
            ],
            [
              75.2778268,
              27.7420176
            ],
            [
              75.2766251,
              27.7416662
            ],
            [
              75.2759814,
              27.7442015
            ],
            [
              75.2752733,
              27.7451131
            ],
            [
              75.2750051,
              27.7467083
            ],
            [
              75.2738893,
              27.7481326
            ],
            [
              75.2732992,
              27.7507722
            ],
            [
              75.2716684,
              27.751038
            ],
            [
              75.271368,
              27.7524053
            ],
            [
              75.2719903,
              27.7525192
            ],
            [
              75.2715397,
              27.7547979
            ],
            [
              75.2687073,
              27.7544751
            ],
            [
              75.2676773,
              27.7549498
            ],
            [
              75.2671838,
              27.7610831
            ],
            [
              75.2657676,
              27.7610451
            ],
            [
              75.2649522,
              27.7634565
            ],
            [
              75.2600598,
              27.7668552
            ],
            [
              75.2610254,
              27.7675197
            ],
            [
              75.2630639,
              27.7672349
            ],
            [
              75.2654457,
              27.7674913
            ],
            [
              75.2735674,
              27.7689437
            ],
            [
              75.2763033,
              27.769276
            ],
            [
              75.2873433,
              27.7722853
            ],
            [
              75.2877188,
              27.7726175
            ],
            [
              75.2871609,
              27.7737757
            ],
            [
              75.2890384,
              27.7738516
            ],
            [
              75.2896178,
              27.7741649
            ],
            [
              75.2895641,
              27.7768703
            ],
            [
              75.2896821,
              27.7812747
            ],
            [
              75.2898645,
              27.7841034
            ],
            [
              75.2904975,
              27.7872072
            ],
            [
              75.2910018,
              27.7894757
            ],
            [
              75.2907121,
              27.7925888
            ],
            [
              75.2902508,
              27.7948382
            ],
            [
              75.2895105,
              27.7962713
            ],
            [
              75.2893603,
              27.7982264
            ],
            [
              75.2895641,
              27.7996785
            ],
            [
              75.2901649,
              27.8004662
            ],
            [
              75.2903259,
              27.8012634
            ],
            [
              75.289489,
              27.8026869
            ],
            [
              75.2879119,
              27.8052683
            ],
            [
              75.2875256,
              27.8092445
            ],
            [
              75.2876329,
              27.8111235
            ],
            [
              75.2880835,
              27.8135812
            ],
            [
              75.2879226,
              27.8172156
            ],
            [
              75.287472,
              27.8205177
            ],
            [
              75.2865493,
              27.8213338
            ],
            [
              75.2847469,
              27.8211725
            ],
            [
              75.2838778,
              27.8216943
            ],
            [
              75.2803266,
              27.8216659
            ],
            [
              75.2761853,
              27.8221308
            ],
            [
              75.2702415,
              27.8234307
            ],
            [
              75.2685571,
              27.8230038
            ],
            [
              75.2648449,
              27.8217987
            ],
            [
              75.261637,
              27.8209732
            ],
            [
              75.2574956,
              27.8208498
            ],
            [
              75.2529681,
              27.8195024
            ],
            [
              75.2483547,
              27.8183258
            ],
            [
              75.2456617,
              27.8174908
            ],
            [
              75.2442455,
              27.8159346
            ],
            [
              75.2426779,
              27.8148528
            ],
            [
              75.2403515,
              27.8141062
            ],
            [
              75.2400398,
              27.8157543
            ],
            [
              75.2392888,
              27.8176711
            ],
            [
              75.2388382,
              27.820271
            ],
            [
              75.2383017,
              27.8255467
            ],
            [
              75.2398038,
              27.8258882
            ],
            [
              75.2410483,
              27.8264385
            ],
            [
              75.2387094,
              27.8321124
            ],
            [
              75.2427006,
              27.8345412
            ],
            [
              75.2422285,
              27.8356228
            ],
            [
              75.2438164,
              27.8360402
            ],
            [
              75.2435589,
              27.8366284
            ],
            [
              75.2431512,
              27.8371597
            ],
            [
              75.2428293,
              27.8380705
            ],
            [
              75.2429151,
              27.8389623
            ],
            [
              75.2434087,
              27.8395315
            ],
            [
              75.2440095,
              27.8399679
            ],
            [
              75.2444172,
              27.8405561
            ],
            [
              75.244503,
              27.8412202
            ],
            [
              75.2442455,
              27.8437626
            ],
            [
              75.2436447,
              27.8469122
            ],
            [
              75.2411771,
              27.8485628
            ],
            [
              75.2398467,
              27.8500427
            ],
            [
              75.238409,
              27.85323
            ],
            [
              75.2370786,
              27.8570812
            ],
            [
              75.236392,
              27.8608374
            ],
            [
              75.235641,
              27.862962
            ],
            [
              75.2335596,
              27.867382
            ],
            [
              75.2318644,
              27.8708722
            ],
            [
              75.231092,
              27.8728639
            ],
            [
              75.2306199,
              27.8747797
            ],
            [
              75.229547,
              27.8793509
            ],
            [
              75.2266931,
              27.8793888
            ],
            [
              75.2260065,
              27.8798251
            ],
            [
              75.2241611,
              27.8811338
            ],
            [
              75.2209639,
              27.8817028
            ],
            [
              75.2167153,
              27.8819494
            ],
            [
              75.2139687,
              27.8825563
            ],
            [
              75.2117371,
              27.8825184
            ],
            [
              75.2099776,
              27.8822528
            ],
            [
              75.2036476,
              27.8894599
            ],
            [
              75.2019739,
              27.8920582
            ],
            [
              75.2032399,
              27.8925702
            ],
            [
              75.2037763,
              27.8928357
            ],
            [
              75.2041626,
              27.8933288
            ],
            [
              75.2043557,
              27.8939167
            ],
            [
              75.2044844,
              27.8960976
            ],
            [
              75.2038193,
              27.8982595
            ],
            [
              75.2032399,
              27.9003834
            ],
            [
              75.2024245,
              27.9023367
            ],
            [
              75.2023601,
              27.9030762
            ],
            [
              75.2025962,
              27.9050104
            ],
            [
              75.2028537,
              27.9069257
            ],
            [
              75.2031326,
              27.9085943
            ],
            [
              75.2030897,
              27.9095424
            ],
            [
              75.2027464,
              27.9096372
            ],
            [
              75.2017379,
              27.9100354
            ],
            [
              75.2012872,
              27.9103388
            ],
            [
              75.2007293,
              27.9128607
            ],
            [
              75.1939702,
              27.9117609
            ],
            [
              75.1933694,
              27.9121212
            ],
            [
              75.1928758,
              27.9130314
            ],
            [
              75.1923394,
              27.9147189
            ],
            [
              75.19176,
              27.9157238
            ],
            [
              75.1915669,
              27.9168235
            ],
            [
              75.19176,
              27.9172407
            ],
            [
              75.1921034,
              27.9184162
            ],
            [
              75.1929005,
              27.9201169
            ],
            [
              75.193018,
              27.9242536
            ],
            [
              75.1927101,
              27.9342152
            ],
            [
              75.1945281,
              27.9344934
            ],
            [
              75.1941419,
              27.9365218
            ],
            [
              75.1937878,
              27.9377635
            ],
            [
              75.1942599,
              27.9380858
            ],
            [
              75.194689,
              27.9383322
            ],
            [
              75.1948821,
              27.9387208
            ],
            [
              75.1947641,
              27.939517
            ],
            [
              75.1942062,
              27.9410904
            ],
            [
              75.1936698,
              27.9425216
            ],
            [
              75.1936912,
              27.9442371
            ],
            [
              75.1941097,
              27.9483789
            ],
            [
              75.1943779,
              27.9518665
            ],
            [
              75.1941418,
              27.9550414
            ],
            [
              75.1930922,
              27.9586074
            ],
            [
              75.1816964,
              27.9593249
            ],
            [
              75.1789284,
              27.9587563
            ],
            [
              75.1780915,
              27.9587563
            ],
            [
              75.176804,
              27.9587942
            ],
            [
              75.1750874,
              27.9595333
            ],
            [
              75.1737571,
              27.9602346
            ],
            [
              75.1727271,
              27.9602157
            ],
            [
              75.1706886,
              27.960064
            ],
            [
              75.1656031,
              27.9590785
            ],
            [
              75.1640796,
              27.9633239
            ],
            [
              75.1635861,
              27.9659583
            ],
            [
              75.1635647,
              27.9674934
            ],
            [
              75.1635217,
              27.9689526
            ],
            [
              75.1622343,
              27.9706014
            ],
            [
              75.1616764,
              27.9766087
            ],
            [
              75.1596594,
              27.9830895
            ],
            [
              75.1585865,
              27.9879593
            ],
            [
              75.1578784,
              27.9892477
            ],
            [
              75.1579213,
              27.9900625
            ],
            [
              75.15908,
              27.9907446
            ],
            [
              75.1611185,
              27.9917678
            ],
            [
              75.1601958,
              27.9944393
            ],
            [
              75.1597667,
              27.9961256
            ],
            [
              75.1584148,
              27.9990433
            ],
            [
              75.1562047,
              28.001961
            ],
            [
              75.1550889,
              28.0037229
            ],
            [
              75.1548099,
              28.004727
            ],
            [
              75.1533079,
              28.0093117
            ],
            [
              75.1517844,
              28.0136877
            ],
            [
              75.1509261,
              28.0149759
            ],
            [
              75.1498532,
              28.0188782
            ],
            [
              75.1488232,
              28.0192381
            ],
            [
              75.1482224,
              28.0212838
            ],
            [
              75.146935,
              28.0207535
            ],
            [
              75.1442742,
              28.0275914
            ],
            [
              75.143137,
              28.0272316
            ],
            [
              75.1424074,
              28.028709
            ],
            [
              75.1376009,
              28.0266633
            ],
            [
              75.1370215,
              28.0276672
            ],
            [
              75.1282453,
              28.0251291
            ],
            [
              75.1273012,
              28.0273073
            ],
            [
              75.1267218,
              28.027099
            ],
            [
              75.1262283,
              28.0281218
            ],
            [
              75.1247692,
              28.0279892
            ],
            [
              75.1245117,
              28.0284627
            ],
            [
              75.1244473,
              28.0292582
            ],
            [
              75.124619,
              28.0300159
            ],
            [
              75.1250267,
              28.0306788
            ],
            [
              75.1235246,
              28.0344858
            ],
            [
              75.1217651,
              28.0393722
            ],
            [
              75.1200485,
              28.0382548
            ],
            [
              75.1167011,
              28.0430842
            ],
            [
              75.1178169,
              28.0438038
            ],
            [
              75.1169371,
              28.0460007
            ],
            [
              75.1151991,
              28.0454325
            ],
            [
              75.1138472,
              28.0483489
            ],
            [
              75.1129889,
              28.0482921
            ],
            [
              75.1117444,
              28.0482164
            ],
            [
              75.1111007,
              28.0486519
            ],
            [
              75.1108646,
              28.0490117
            ],
            [
              75.1101994,
              28.0498829
            ],
            [
              75.1091909,
              28.0501101
            ],
            [
              75.1078176,
              28.0500912
            ],
            [
              75.107131,
              28.0503563
            ],
            [
              75.1067018,
              28.0513031
            ],
            [
              75.1061654,
              28.0526287
            ],
            [
              75.1060796,
              28.0535566
            ],
            [
              75.1064014,
              28.0545034
            ],
            [
              75.1062512,
              28.0554692
            ],
            [
              75.1064229,
              28.0574385
            ],
            [
              75.1057577,
              28.0596919
            ],
            [
              75.1053929,
              28.0601842
            ],
            [
              75.1053071,
              28.0605629
            ],
            [
              75.1053071,
              28.0609795
            ],
            [
              75.1050925,
              28.0614718
            ],
            [
              75.1037192,
              28.0610174
            ],
            [
              75.103333,
              28.0619641
            ],
            [
              75.1022172,
              28.0633274
            ],
            [
              75.1015949,
              28.0645203
            ],
            [
              75.1011228,
              28.0656185
            ],
            [
              75.1007366,
              28.0665653
            ],
            [
              75.1006293,
              28.0673605
            ],
            [
              75.1003933,
              28.0680042
            ],
            [
              75.099256,
              28.0684587
            ],
            [
              75.0986981,
              28.0690645
            ],
            [
              75.0983763,
              28.0698598
            ],
            [
              75.0977969,
              28.0707875
            ],
            [
              75.0976896,
              28.0718857
            ],
            [
              75.0990629,
              28.0729648
            ],
            [
              75.0999856,
              28.0738547
            ],
            [
              75.1007795,
              28.0749149
            ],
            [
              75.1013374,
              28.0764674
            ],
            [
              75.10005,
              28.0770733
            ],
            [
              75.1002645,
              28.0794209
            ],
            [
              75.1041269,
              28.0805378
            ],
            [
              75.1041484,
              28.0825825
            ],
            [
              75.1085472,
              28.0846081
            ],
            [
              75.1100492,
              28.0854221
            ],
            [
              75.1097274,
              28.0871448
            ],
            [
              75.1145768,
              28.089
            ],
            [
              75.1143837,
              28.0907227
            ],
            [
              75.1146197,
              28.0907795
            ],
            [
              75.1146841,
              28.0942247
            ],
            [
              75.1138043,
              28.0988812
            ],
            [
              75.1139545,
              28.1016448
            ],
            [
              75.1144695,
              28.1049571
            ],
            [
              75.1136327,
              28.1048625
            ],
            [
              75.1130104,
              28.105629
            ],
            [
              75.1126456,
              28.1071811
            ],
            [
              75.1127744,
              28.1086101
            ],
            [
              75.1128387,
              28.1127266
            ],
            [
              75.1122808,
              28.1130483
            ],
            [
              75.1113152,
              28.1133038
            ],
            [
              75.1103175,
              28.1136729
            ],
            [
              75.1089871,
              28.1141366
            ],
            [
              75.1086867,
              28.1145529
            ],
            [
              75.1087725,
              28.1149788
            ],
            [
              75.10903,
              28.1156412
            ],
            [
              75.1095343,
              28.1161332
            ],
            [
              75.1103067,
              28.11619
            ],
            [
              75.1130962,
              28.1158493
            ],
            [
              75.1137614,
              28.1158683
            ],
            [
              75.1142764,
              28.1159629
            ],
            [
              75.1148987,
              28.1164171
            ],
            [
              75.114963,
              28.1168335
            ],
            [
              75.1147377,
              28.1174202
            ],
            [
              75.1145768,
              28.1177797
            ],
            [
              75.1146412,
              28.1182434
            ],
            [
              75.1155317,
              28.1184894
            ],
            [
              75.1174307,
              28.1190099
            ],
            [
              75.1214003,
              28.1204292
            ],
            [
              75.1245546,
              28.1213755
            ],
            [
              75.1257563,
              28.1213755
            ],
            [
              75.1268935,
              28.1212241
            ],
            [
              75.1279127,
              28.1209307
            ],
            [
              75.1284921,
              28.1208929
            ],
            [
              75.1289213,
              28.1211105
            ],
            [
              75.1292217,
              28.1220662
            ],
            [
              75.1290071,
              28.1235612
            ],
            [
              75.1286638,
              28.125728
            ],
            [
              75.1286745,
              28.1279421
            ],
            [
              75.1285627,
              28.1314439
            ],
            [
              75.1284625,
              28.1336854
            ],
            [
              75.1284625,
              28.1354896
            ],
            [
              75.1272557,
              28.1372762
            ],
            [
              75.1253271,
              28.1376778
            ],
            [
              75.1240611,
              28.1378102
            ],
            [
              75.1207781,
              28.1381698
            ],
            [
              75.1192331,
              28.1380373
            ],
            [
              75.1183319,
              28.1405917
            ],
            [
              75.113976,
              28.140043
            ],
            [
              75.1124954,
              28.1430136
            ],
            [
              75.1109075,
              28.1428433
            ],
            [
              75.1077747,
              28.1459652
            ],
            [
              75.1071739,
              28.1470247
            ],
            [
              75.1080537,
              28.1481599
            ],
            [
              75.1099634,
              28.1488789
            ],
            [
              75.1100921,
              28.1496357
            ],
            [
              75.1090193,
              28.1509033
            ],
            [
              75.1067233,
              28.1502033
            ],
            [
              75.1085686,
              28.1518303
            ],
            [
              75.1023674,
              28.1503925
            ],
            [
              75.1006722,
              28.1527763
            ],
            [
              75.0997066,
              28.152606
            ],
            [
              75.0986552,
              28.1560492
            ],
            [
              75.0965524,
              28.1552546
            ],
            [
              75.0950503,
              28.1546493
            ],
            [
              75.0936556,
              28.1546303
            ],
            [
              75.0920677,
              28.154933
            ],
            [
              75.0914883,
              28.1557087
            ],
            [
              75.0911236,
              28.1565789
            ],
            [
              75.0903296,
              28.1577897
            ],
            [
              75.0897717,
              28.1589437
            ],
            [
              75.0890422,
              28.161857
            ],
            [
              75.0869822,
              28.1617435
            ],
            [
              75.0858021,
              28.1615733
            ],
            [
              75.0836348,
              28.1619327
            ],
            [
              75.0825834,
              28.1618381
            ],
            [
              75.0811243,
              28.161649
            ],
            [
              75.0771332,
              28.1601734
            ],
            [
              75.075202,
              28.1601923
            ],
            [
              75.0730562,
              28.1608544
            ],
            [
              75.0723052,
              28.162784
            ],
            [
              75.0688076,
              28.1616679
            ],
            [
              75.0657391,
              28.1597572
            ],
            [
              75.0653314,
              28.1626894
            ],
            [
              75.060761,
              28.1614598
            ],
            [
              75.0585294,
              28.160949
            ],
            [
              75.05692,
              28.1603815
            ],
            [
              75.0556969,
              28.1598707
            ],
            [
              75.0543451,
              28.1592464
            ],
            [
              75.0535941,
              28.1591707
            ],
            [
              75.0534439,
              28.1595491
            ],
            [
              75.0537443,
              28.1602491
            ],
            [
              75.0541949,
              28.1608923
            ],
            [
              75.054667,
              28.1614976
            ],
            [
              75.0550318,
              28.1620841
            ],
            [
              75.0550318,
              28.1629353
            ],
            [
              75.0547957,
              28.1640136
            ],
            [
              75.0533795,
              28.1659621
            ],
            [
              75.0532508,
              28.1679483
            ],
            [
              75.0565552,
              28.1696508
            ],
            [
              75.0583362,
              28.170956
            ],
            [
              75.0585937,
              28.1723557
            ],
            [
              75.0621557,
              28.1732448
            ],
            [
              75.0659108,
              28.1743608
            ],
            [
              75.0685072,
              28.1760253
            ],
            [
              75.0767469,
              28.1820968
            ],
            [
              75.0783992,
              28.1828912
            ],
            [
              75.0803518,
              28.1836856
            ],
            [
              75.0820255,
              28.1844043
            ],
            [
              75.0832057,
              28.1851987
            ],
            [
              75.083828,
              28.1865793
            ],
            [
              75.0795579,
              28.1938984
            ],
            [
              75.0767684,
              28.1927259
            ],
            [
              75.0765109,
              28.1936337
            ],
            [
              75.0737428,
              28.1932365
            ],
            [
              75.0727772,
              28.195279
            ],
            [
              75.0659966,
              28.1949197
            ],
            [
              75.0631857,
              28.1945982
            ],
            [
              75.0613189,
              28.1943523
            ],
            [
              75.0587868,
              28.1939174
            ],
            [
              75.0576281,
              28.1944658
            ],
            [
              75.0551176,
              28.1935958
            ],
            [
              75.0557184,
              28.1925179
            ],
            [
              75.0541734,
              28.1925179
            ],
            [
              75.0526714,
              28.192064
            ],
            [
              75.0511908,
              28.1916668
            ],
            [
              75.048573,
              28.1918559
            ],
            [
              75.0455689,
              28.1913264
            ],
            [
              75.0454831,
              28.1916668
            ],
            [
              75.04529,
              28.192499
            ],
            [
              75.0449466,
              28.1930852
            ],
            [
              75.0445175,
              28.1940876
            ],
            [
              75.0433588,
              28.1937282
            ],
            [
              75.0431013,
              28.1950899
            ],
            [
              75.0413632,
              28.194428
            ],
            [
              75.0398397,
              28.1939552
            ],
            [
              75.038681,
              28.1936148
            ],
            [
              75.0381446,
              28.1941632
            ],
            [
              75.0375867,
              28.1976051
            ],
            [
              75.0319648,
              28.1963569
            ],
            [
              75.0309348,
              28.1974727
            ],
            [
              75.0299263,
              28.1996853
            ],
            [
              75.0284672,
              28.2038645
            ],
            [
              75.0269663,
              28.2031867
            ],
            [
              75.0244609,
              28.2031577
            ],
            [
              75.0251198,
              28.199654
            ],
            [
              75.0252056,
              28.198475
            ],
            [
              75.0242507,
              28.1980779
            ],
            [
              75.0229418,
              28.1979171
            ],
            [
              75.0217616,
              28.1978131
            ],
            [
              75.0202274,
              28.1976902
            ],
            [
              75.0186717,
              28.1964988
            ],
            [
              75.0183821,
              28.1961773
            ],
            [
              75.0149059,
              28.194948
            ],
            [
              75.0146055,
              28.1945225
            ],
            [
              75.012095,
              28.1934918
            ],
            [
              75.0108075,
              28.1968581
            ],
            [
              75.008533,
              28.1993354
            ],
            [
              75.0079,
              28.1996853
            ],
            [
              75.0055504,
              28.1990896
            ],
            [
              75.0057864,
              28.2009618
            ],
            [
              75.0053787,
              28.2016425
            ],
            [
              75.0047779,
              28.2022477
            ],
            [
              75.0042093,
              28.2026353
            ],
            [
              75.0037157,
              28.2028622
            ],
            [
              75.0031471,
              28.2029473
            ],
            [
              74.9995208,
              28.2019356
            ],
            [
              74.9970639,
              28.2015858
            ],
            [
              74.9931049,
              28.19995
            ],
            [
              74.987601,
              28.2001581
            ],
            [
              74.9857879,
              28.2000162
            ],
            [
              74.9830842,
              28.1990707
            ],
            [
              74.9808741,
              28.1983237
            ],
            [
              74.9771404,
              28.1974727
            ],
            [
              74.973321,
              28.1963286
            ],
            [
              74.9684286,
              28.1955532
            ],
            [
              74.9642551,
              28.1945982
            ],
            [
              74.962399,
              28.1938133
            ],
            [
              74.958483,
              28.1916763
            ],
            [
              74.9538052,
              28.1892649
            ],
            [
              74.9491382,
              28.1868252
            ],
            [
              74.9463057,
              28.1853405
            ],
            [
              74.945147,
              28.1875439
            ],
            [
              74.9439025,
              28.1878654
            ],
            [
              74.9421,
              28.1900971
            ],
            [
              74.9413705,
              28.19248
            ],
            [
              74.9404907,
              28.1947116
            ],
            [
              74.9311995,
              28.1947306
            ],
            [
              74.9305343,
              28.1964704
            ],
            [
              74.9269938,
              28.1951655
            ],
            [
              74.9230027,
              28.1943145
            ],
            [
              74.9220371,
              28.1942199
            ],
            [
              74.921565,
              28.1950521
            ],
            [
              74.9191618,
              28.1953168
            ],
            [
              74.9147844,
              28.1942956
            ],
            [
              74.911952,
              28.1934824
            ],
            [
              74.9075746,
              28.191837
            ],
            [
              74.9064159,
              28.1922153
            ],
            [
              74.9023175,
              28.1907969
            ],
            [
              74.9014592,
              28.1917992
            ],
            [
              74.8974681,
              28.1910805
            ],
            [
              74.8965239,
              28.1921396
            ],
            [
              74.8934769,
              28.190551
            ],
            [
              74.8884558,
              28.189473
            ],
            [
              74.8878765,
              28.1872224
            ],
            [
              74.8866319,
              28.1849906
            ],
            [
              74.8846578,
              28.1814537
            ],
            [
              74.8840141,
              28.1799595
            ],
            [
              74.8841214,
              28.1748147
            ],
            [
              74.8842716,
              28.1735852
            ],
            [
              74.8840356,
              28.170956
            ],
            [
              74.8840785,
              28.1691589
            ],
            [
              74.8832631,
              28.1679672
            ],
            [
              74.8830056,
              28.1669268
            ],
            [
              74.8824692,
              28.1660945
            ],
            [
              74.8809027,
              28.1649027
            ],
            [
              74.8789716,
              28.1620462
            ],
            [
              74.8783707,
              28.1609112
            ],
            [
              74.8773193,
              28.1575059
            ],
            [
              74.8765683,
              28.1560303
            ],
            [
              74.8758173,
              28.154933
            ],
            [
              74.8742938,
              28.153533
            ],
            [
              74.8725986,
              28.1518114
            ],
            [
              74.8723626,
              28.1506006
            ],
            [
              74.8725343,
              28.1482545
            ],
            [
              74.8715472,
              28.1472896
            ],
            [
              74.8709893,
              28.1460409
            ],
            [
              74.8686075,
              28.1457571
            ],
            [
              74.8677492,
              28.1456436
            ],
            [
              74.8662257,
              28.1456436
            ],
            [
              74.8656249,
              28.1453408
            ],
            [
              74.8655391,
              28.1442624
            ],
            [
              74.8654747,
              28.1416891
            ],
            [
              74.8639297,
              28.1407998
            ],
            [
              74.8625135,
              28.140516
            ],
            [
              74.8616338,
              28.1404593
            ],
            [
              74.8600244,
              28.1409134
            ],
            [
              74.8588657,
              28.1411783
            ],
            [
              74.8572349,
              28.1414242
            ],
            [
              74.8568851,
              28.1381546
            ],
            [
              74.8572349,
              28.1373372
            ],
            [
              74.858222,
              28.1350476
            ],
            [
              74.858737,
              28.1335528
            ],
            [
              74.8535657,
              28.1310928
            ],
            [
              74.8509693,
              28.1291627
            ],
            [
              74.8462915,
              28.1271
            ],
            [
              74.8401332,
              28.1239587
            ],
            [
              74.8392105,
              28.1235991
            ],
            [
              74.8378372,
              28.1233342
            ],
            [
              74.8367214,
              28.1229178
            ],
            [
              74.8367214,
              28.1219148
            ],
            [
              74.8367214,
              28.1214228
            ],
            [
              74.8359918,
              28.1209875
            ],
            [
              74.8351335,
              28.120363
            ],
            [
              74.8344898,
              28.1197574
            ],
            [
              74.8338246,
              28.1193789
            ],
            [
              74.8331165,
              28.1181488
            ],
            [
              74.8310351,
              28.1168997
            ],
            [
              74.8312068,
              28.1152721
            ],
            [
              74.8307562,
              28.1148557
            ],
            [
              74.8291468,
              28.1145529
            ],
            [
              74.8292327,
              28.1131524
            ],
            [
              74.8275375,
              28.1123386
            ],
            [
              74.8265075,
              28.1121683
            ],
            [
              74.8259282,
              28.1129632
            ],
            [
              74.8251128,
              28.1129064
            ],
            [
              74.8244262,
              28.1125846
            ],
            [
              74.8227095,
              28.1123764
            ],
            [
              74.8187399,
              28.1122061
            ],
            [
              74.8183107,
              28.1125279
            ],
            [
              74.8177957,
              28.1136823
            ],
            [
              74.816916,
              28.1132849
            ],
            [
              74.8158216,
              28.1129253
            ],
            [
              74.815135,
              28.1127928
            ],
            [
              74.8146629,
              28.1137202
            ],
            [
              74.814384,
              28.1143448
            ],
            [
              74.8136973,
              28.1147611
            ],
            [
              74.8104787,
              28.1145151
            ],
            [
              74.8088693,
              28.1144962
            ],
            [
              74.8079252,
              28.1151018
            ],
            [
              74.8076463,
              28.117581
            ],
            [
              74.8073888,
              28.1182623
            ],
            [
              74.8046636,
              28.1174864
            ],
            [
              74.8044491,
              28.1176378
            ],
            [
              74.8034405,
              28.1183948
            ],
            [
              74.8003292,
              28.1172214
            ],
            [
              74.7960591,
              28.1158967
            ],
            [
              74.7950506,
              28.115556
            ],
            [
              74.7947073,
              28.1143637
            ],
            [
              74.7945571,
              28.1133228
            ],
            [
              74.7939992,
              28.112225
            ],
            [
              74.7931623,
              28.1113734
            ],
            [
              74.7926259,
              28.1106352
            ],
            [
              74.7932696,
              28.1099539
            ],
            [
              74.7935056,
              28.1091022
            ],
            [
              74.7936988,
              28.1083829
            ],
            [
              74.7936988,
              28.1077205
            ],
            [
              74.793098,
              28.1070202
            ],
            [
              74.7942781,
              28.1051464
            ],
            [
              74.7904157,
              28.1032915
            ],
            [
              74.7900939,
              28.1004144
            ],
            [
              74.7890854,
              28.0984837
            ],
            [
              74.7887635,
              28.0980673
            ],
            [
              74.7897506,
              28.0955687
            ],
            [
              74.7883773,
              28.094395
            ],
            [
              74.78827,
              28.0936757
            ],
            [
              74.7872615,
              28.0928807
            ],
            [
              74.78827,
              28.0870691
            ],
            [
              74.7869825,
              28.0867852
            ],
            [
              74.7867036,
              28.0828475
            ],
            [
              74.7855234,
              28.0814276
            ],
            [
              74.7869181,
              28.0777738
            ],
            [
              74.7874975,
              28.0750285
            ],
            [
              74.7895574,
              28.0736275
            ],
            [
              74.7925401,
              28.0718478
            ],
            [
              74.7964668,
              28.0711094
            ],
            [
              74.7965526,
              28.0698219
            ],
            [
              74.7980332,
              28.0671522
            ],
            [
              74.7988915,
              28.067209
            ],
            [
              74.7998142,
              28.0671901
            ],
            [
              74.8002648,
              28.066641
            ],
            [
              74.8008656,
              28.0660162
            ],
            [
              74.80196,
              28.0660162
            ],
            [
              74.8023033,
              28.0655239
            ],
            [
              74.8030329,
              28.0643878
            ],
            [
              74.8032689,
              28.0638387
            ],
            [
              74.8053288,
              28.0639902
            ],
            [
              74.805243,
              28.0628162
            ],
            [
              74.8063373,
              28.0628919
            ],
            [
              74.8072171,
              28.0613393
            ],
            [
              74.807496,
              28.0605819
            ],
            [
              74.8073888,
              28.0585368
            ],
            [
              74.8076033,
              28.0581013
            ],
            [
              74.80829,
              28.0579877
            ],
            [
              74.8091483,
              28.0545413
            ],
            [
              74.807496,
              28.0534619
            ],
            [
              74.8062515,
              28.0531589
            ],
            [
              74.8060798,
              28.0511516
            ],
            [
              74.8058224,
              28.0504888
            ],
            [
              74.8053932,
              28.049845
            ],
            [
              74.8041487,
              28.0491632
            ],
            [
              74.8039341,
              28.0486141
            ],
            [
              74.8051786,
              28.0455651
            ],
            [
              74.8057365,
              28.0442962
            ],
            [
              74.8039341,
              28.0431978
            ],
            [
              74.8040843,
              28.04191
            ],
            [
              74.8042989,
              28.040982
            ],
            [
              74.8042345,
              28.0403002
            ],
            [
              74.8032689,
              28.0390313
            ],
            [
              74.8025179,
              28.0377055
            ],
            [
              74.8021531,
              28.0363798
            ],
            [
              74.8023462,
              28.0350161
            ],
            [
              74.8031401,
              28.0308493
            ],
            [
              74.8026466,
              28.0291446
            ],
            [
              74.8014235,
              28.0277619
            ],
            [
              74.8006511,
              28.0269853
            ],
            [
              74.7974324,
              28.0273263
            ],
            [
              74.7957372,
              28.0263413
            ],
            [
              74.7946429,
              28.0257731
            ],
            [
              74.7929907,
              28.0247313
            ],
            [
              74.7932267,
              28.0241441
            ],
            [
              74.7936773,
              28.0233485
            ],
            [
              74.7933554,
              28.0192191
            ],
            [
              74.7945785,
              28.0169839
            ],
            [
              74.7937631,
              28.0160367
            ],
            [
              74.7927761,
              28.0152032
            ],
            [
              74.7931838,
              28.013934
            ],
            [
              74.7922182,
              28.0117934
            ],
            [
              74.7916388,
              28.0106378
            ],
            [
              74.7914028,
              28.0080803
            ],
            [
              74.7921316,
              28.0034661
            ],
            [
              74.7898364,
              28.0027757
            ],
            [
              74.7846651,
              28.0007864
            ],
            [
              74.783206,
              27.9999906
            ],
            [
              74.7799015,
              27.9992139
            ],
            [
              74.7752237,
              27.9982287
            ],
            [
              74.7745371,
              27.9972055
            ],
            [
              74.7719407,
              27.9955003
            ],
            [
              74.7701168,
              27.9942499
            ],
            [
              74.7689366,
              27.9926583
            ],
            [
              74.7683143,
              27.9917678
            ],
            [
              74.7669625,
              27.9918815
            ],
            [
              74.7660613,
              27.9921278
            ],
            [
              74.764924,
              27.9923551
            ],
            [
              74.7629285,
              27.991673
            ],
            [
              74.7628212,
              27.990953
            ],
            [
              74.7621774,
              27.9901004
            ],
            [
              74.7610402,
              27.9890393
            ],
            [
              74.7612119,
              27.9883003
            ],
            [
              74.7621345,
              27.9863487
            ],
            [
              74.7628212,
              27.9852686
            ],
            [
              74.7622204,
              27.9845107
            ],
            [
              74.7627353,
              27.9838853
            ],
            [
              74.7650742,
              27.9806261
            ],
            [
              74.7664046,
              27.9804176
            ],
            [
              74.7679496,
              27.9804366
            ],
            [
              74.7690868,
              27.9803987
            ],
            [
              74.7693443,
              27.9800197
            ],
            [
              74.7693658,
              27.9781058
            ],
            [
              74.7694731,
              27.9767603
            ],
            [
              74.7698164,
              27.9751685
            ],
            [
              74.770267,
              27.9748653
            ],
            [
              74.771769,
              27.9746948
            ],
            [
              74.7723269,
              27.9743726
            ],
            [
              74.7738719,
              27.971151
            ],
            [
              74.7753739,
              27.9673607
            ],
            [
              74.775331,
              27.9663373
            ],
            [
              74.7752023,
              27.9656929
            ],
            [
              74.7752881,
              27.9646127
            ],
            [
              74.7756314,
              27.9635134
            ],
            [
              74.7767043,
              27.9633618
            ],
            [
              74.7779918,
              27.9626795
            ],
            [
              74.7795152,
              27.9605189
            ],
            [
              74.7807812,
              27.9588131
            ],
            [
              74.7817468,
              27.9584341
            ],
            [
              74.7825408,
              27.9578655
            ],
            [
              74.7827339,
              27.9565956
            ],
            [
              74.7829056,
              27.9559322
            ],
            [
              74.7836351,
              27.9552119
            ],
            [
              74.7850084,
              27.9536198
            ],
            [
              74.7868538,
              27.9535061
            ],
            [
              74.7877979,
              27.9524636
            ],
            [
              74.789257,
              27.9528048
            ],
            [
              74.7905016,
              27.9528427
            ],
            [
              74.791274,
              27.9523878
            ],
            [
              74.7920251,
              27.951895
            ],
            [
              74.7935486,
              27.9521603
            ],
            [
              74.7939563,
              27.9516486
            ],
            [
              74.7946429,
              27.9504544
            ],
            [
              74.7955012,
              27.9504734
            ],
            [
              74.7960806,
              27.94981
            ],
            [
              74.796381,
              27.9481988
            ],
            [
              74.7969389,
              27.9470236
            ],
            [
              74.7975182,
              27.9463033
            ],
            [
              74.7987199,
              27.9470615
            ],
            [
              74.8002648,
              27.9467392
            ],
            [
              74.8012948,
              27.9460189
            ],
            [
              74.803741,
              27.9412231
            ],
            [
              74.8043847,
              27.940389
            ],
            [
              74.8056507,
              27.940389
            ],
            [
              74.8094487,
              27.9409198
            ],
            [
              74.8121524,
              27.9413558
            ],
            [
              74.8139334,
              27.9415643
            ],
            [
              74.814105,
              27.9407113
            ],
            [
              74.8188042,
              27.9417539
            ],
            [
              74.8198342,
              27.9417539
            ],
            [
              74.8212719,
              27.9363512
            ],
            [
              74.8204779,
              27.9353844
            ],
            [
              74.8223233,
              27.9308345
            ],
            [
              74.8233533,
              27.9306829
            ],
            [
              74.8245764,
              27.9302089
            ],
            [
              74.8268723,
              27.9248625
            ],
            [
              74.8277092,
              27.925109
            ],
            [
              74.829297,
              27.9253934
            ],
            [
              74.8301554,
              27.9254124
            ],
            [
              74.8315716,
              27.9253555
            ],
            [
              74.8318934,
              27.9245782
            ],
            [
              74.8321295,
              27.9235164
            ],
            [
              74.8316788,
              27.922796
            ],
            [
              74.8277735,
              27.918037
            ],
            [
              74.8271084,
              27.9168235
            ],
            [
              74.8284817,
              27.913221
            ],
            [
              74.8280096,
              27.9109835
            ],
            [
              74.8266578,
              27.909239
            ],
            [
              74.824748,
              27.9082909
            ],
            [
              74.8235464,
              27.9080634
            ],
            [
              74.8232889,
              27.9086702
            ],
            [
              74.8227525,
              27.9086702
            ],
            [
              74.8165297,
              27.9067171
            ],
            [
              74.8125386,
              27.9045553
            ],
            [
              74.8095774,
              27.9029435
            ],
            [
              74.8041057,
              27.9007438
            ],
            [
              74.8003936,
              27.8981268
            ],
            [
              74.795115,
              27.8959459
            ],
            [
              74.7937631,
              27.8949598
            ],
            [
              74.7924328,
              27.8945615
            ],
            [
              74.7919607,
              27.8949029
            ],
            [
              74.7916174,
              27.8956045
            ],
            [
              74.7921538,
              27.8961355
            ],
            [
              74.7919392,
              27.8968562
            ],
            [
              74.7903943,
              27.8985819
            ],
            [
              74.789021,
              27.9007438
            ],
            [
              74.7884846,
              27.9003645
            ],
            [
              74.787755,
              27.8995111
            ],
            [
              74.7868967,
              27.8991698
            ],
            [
              74.7865104,
              27.8994163
            ],
            [
              74.7859311,
              27.9002697
            ],
            [
              74.7837853,
              27.8993215
            ],
            [
              74.7830128,
              27.8996818
            ],
            [
              74.782176,
              27.8998714
            ],
            [
              74.7777343,
              27.8992267
            ],
            [
              74.777112,
              27.90008
            ],
            [
              74.7765755,
              27.9013506
            ],
            [
              74.7721123,
              27.90063
            ],
            [
              74.7644305,
              27.898032
            ],
            [
              74.7580428,
              27.8964562
            ],
            [
              74.7544407,
              27.8950386
            ],
            [
              74.7528648,
              27.8946282
            ],
            [
              74.7488265,
              27.893795
            ],
            [
              74.7462516,
              27.8930613
            ],
            [
              74.7442254,
              27.8920291
            ],
            [
              74.7361208,
              27.8907109
            ],
            [
              74.7343197,
              27.8894175
            ],
            [
              74.7333348,
              27.8875769
            ],
            [
              74.732969,
              27.8854627
            ],
            [
              74.7348544,
              27.8845672
            ],
            [
              74.7357831,
              27.8813087
            ],
            [
              74.7352765,
              27.8800401
            ],
            [
              74.7340665,
              27.8792192
            ],
            [
              74.7331097,
              27.878672
            ],
            [
              74.7319559,
              27.8779257
            ],
            [
              74.7315619,
              27.8761596
            ],
            [
              74.7324906,
              27.8752392
            ],
            [
              74.7336725,
              27.8752143
            ],
            [
              74.7358112,
              27.8753884
            ],
            [
              74.7378092,
              27.8755874
            ],
            [
              74.7396384,
              27.8761596
            ],
            [
              74.7411299,
              27.876682
            ],
            [
              74.7418053,
              27.8755626
            ],
            [
              74.7415239,
              27.8741944
            ],
            [
              74.7400887,
              27.8733983
            ],
            [
              74.738766,
              27.8728013
            ],
            [
              74.7367117,
              27.8722043
            ],
            [
              74.7344042,
              27.8721545
            ],
            [
              74.7323498,
              27.8720053
            ],
            [
              74.7319277,
              27.8710848
            ],
            [
              74.7329408,
              27.8664825
            ],
            [
              74.7330815,
              27.8647161
            ],
            [
              74.7339258,
              27.862701
            ],
            [
              74.7359519,
              27.8608351
            ],
            [
              74.7378937,
              27.8594169
            ],
            [
              74.7409048,
              27.8601633
            ],
            [
              74.743944,
              27.861258
            ],
            [
              74.746336,
              27.861258
            ],
            [
              74.7492346,
              27.8602628
            ],
            [
              74.7516266,
              27.859616
            ],
            [
              74.753906,
              27.8603126
            ],
            [
              74.7560729,
              27.8591184
            ],
            [
              74.7609132,
              27.8588447
            ],
            [
              74.763868,
              27.8590686
            ],
            [
              74.766063,
              27.8577002
            ],
            [
              74.7669635,
              27.8539931
            ],
            [
              74.7670761,
              27.8515298
            ],
            [
              74.7675263,
              27.8494895
            ],
            [
              74.7689334,
              27.8475736
            ],
            [
              74.7705937,
              27.8462051
            ],
            [
              74.7736611,
              27.8448614
            ],
            [
              74.7750119,
              27.8436919
            ],
            [
              74.7752933,
              27.841975
            ],
            [
              74.7757436,
              27.8406313
            ],
            [
              74.7764471,
              27.8393622
            ],
            [
              74.7779386,
              27.838317
            ],
            [
              74.7792894,
              27.837247
            ],
            [
              74.7795708,
              27.8353309
            ],
            [
              74.780218,
              27.8347087
            ],
            [
              74.7826944,
              27.8353309
            ],
            [
              74.7856493,
              27.8361023
            ],
            [
              74.7907147,
              27.8386903
            ],
            [
              74.7956208,
              27.8410263
            ],
            [
              74.7963429,
              27.8401087
            ],
            [
              74.7971411,
              27.8385774
            ],
            [
              74.7993059,
              27.8339146
            ],
            [
              74.8000235,
              27.8341883
            ],
            [
              74.8022621,
              27.8312266
            ],
            [
              74.8030923,
              27.8294858
            ],
            [
              74.8047066,
              27.8238008
            ],
            [
              74.807306,
              27.8201309
            ],
            [
              74.8094459,
              27.8171116
            ],
            [
              74.8118618,
              27.8136995
            ],
            [
              74.8128034,
              27.8107065
            ],
            [
              74.813432,
              27.8108325
            ],
            [
              74.8156636,
              27.8058176
            ],
            [
              74.8169135,
              27.8018936
            ],
            [
              74.8175924,
              27.8018267
            ],
            [
              74.8175395,
              27.8012653
            ],
            [
              74.8130567,
              27.7983734
            ],
            [
              74.8085256,
              27.7967447
            ],
            [
              74.8045886,
              27.7952152
            ],
            [
              74.798736,
              27.7919656
            ],
            [
              74.7998518,
              27.7896248
            ],
            [
              74.7999714,
              27.7887743
            ],
            [
              74.7969881,
              27.7881354
            ],
            [
              74.7969198,
              27.7871894
            ],
            [
              74.7945391,
              27.7863858
            ],
            [
              74.792108,
              27.7850168
            ],
            [
              74.7903014,
              27.7839799
            ],
            [
              74.7911224,
              27.7813479
            ],
            [
              74.7875629,
              27.7792752
            ],
            [
              74.7864091,
              27.7787773
            ],
            [
              74.7859627,
              27.7786605
            ],
            [
              74.7851097,
              27.7782572
            ],
            [
              74.7859978,
              27.7755517
            ],
            [
              74.7836889,
              27.7745569
            ],
            [
              74.7795557,
              27.7733674
            ],
            [
              74.7758702,
              27.7715597
            ],
            [
              74.7753482,
              27.7722927
            ],
            [
              74.7699718,
              27.7696415
            ],
            [
              74.7680547,
              27.7682623
            ],
            [
              74.7667947,
              27.7673734
            ],
            [
              74.7651625,
              27.7664271
            ],
            [
              74.7638398,
              27.765954
            ],
            [
              74.763277,
              27.7661781
            ],
            [
              74.7622921,
              27.7671742
            ],
            [
              74.7620568,
              27.7682216
            ],
            [
              74.7595117,
              27.7681045
            ],
            [
              74.7573455,
              27.766961
            ],
            [
              74.7567201,
              27.7693405
            ],
            [
              74.7554538,
              27.769714
            ],
            [
              74.753315,
              27.7697887
            ],
            [
              74.7494597,
              27.768718
            ],
            [
              74.747124,
              27.7676473
            ],
            [
              74.7433531,
              27.766452
            ],
            [
              74.7412987,
              27.7650576
            ],
            [
              74.7390475,
              27.762941
            ],
            [
              74.7382876,
              27.761422
            ],
            [
              74.7366555,
              27.757836
            ],
            [
              74.7338976,
              27.756043
            ],
            [
              74.7343479,
              27.7545488
            ],
            [
              74.734967,
              27.7535028
            ],
            [
              74.7354735,
              27.7522825
            ],
            [
              74.7350233,
              27.7513611
            ],
            [
              74.7342635,
              27.7503898
            ],
            [
              74.7337569,
              27.748522
            ],
            [
              74.7337851,
              27.7462058
            ],
            [
              74.7330815,
              27.7447114
            ],
            [
              74.7315619,
              27.7436405
            ],
            [
              74.7313649,
              27.7412744
            ],
            [
              74.7291699,
              27.7363178
            ],
            [
              74.7284945,
              27.733304
            ],
            [
              74.727988,
              27.7305142
            ],
            [
              74.7286634,
              27.7277991
            ],
            [
              74.7287759,
              27.7265536
            ],
            [
              74.7285789,
              27.7253081
            ],
            [
              74.7281568,
              27.7244362
            ],
            [
              74.7270874,
              27.7223935
            ],
            [
              74.7275377,
              27.7212476
            ],
            [
              74.7282412,
              27.7205252
            ],
            [
              74.7297609,
              27.7211231
            ],
            [
              74.7323217,
              27.7222441
            ],
            [
              74.7344886,
              27.7231658
            ],
            [
              74.736571,
              27.7241373
            ],
            [
              74.7387942,
              27.7245109
            ],
            [
              74.7400887,
              27.7213722
            ],
            [
              74.7400605,
              27.7198526
            ],
            [
              74.7406515,
              27.7186817
            ],
            [
              74.743944,
              27.71918
            ],
            [
              74.7455762,
              27.7193045
            ],
            [
              74.7472928,
              27.7189558
            ],
            [
              74.7482778,
              27.7177102
            ],
            [
              74.7490094,
              27.7153933
            ],
            [
              74.7492908,
              27.7105104
            ],
            [
              74.7492346,
              27.7063497
            ],
            [
              74.7489532,
              27.7012172
            ],
            [
              74.7485873,
              27.6953868
            ],
            [
              74.7480808,
              27.6885094
            ],
            [
              74.7476587,
              27.6846719
            ],
            [
              74.7438315,
              27.6838745
            ],
            [
              74.7406515,
              27.6824042
            ],
            [
              74.7397791,
              27.6812329
            ],
            [
              74.7387942,
              27.6795882
            ],
            [
              74.7367962,
              27.6775696
            ],
            [
              74.7353328,
              27.6770213
            ],
            [
              74.7333629,
              27.6770213
            ],
            [
              74.7306051,
              27.6770462
            ],
            [
              74.7284101,
              27.6772207
            ],
            [
              74.7259618,
              27.6774699
            ],
            [
              74.7238512,
              27.6774201
            ],
            [
              74.7214029,
              27.6773453
            ],
            [
              74.7196863,
              27.6772954
            ],
            [
              74.7138892,
              27.6773204
            ],
            [
              74.7113002,
              27.6784667
            ],
            [
              74.7079796,
              27.6787409
            ],
            [
              74.7032519,
              27.6787159
            ],
            [
              74.7003815,
              27.6784418
            ],
            [
              74.6966105,
              27.6749279
            ],
            [
              74.6945562,
              27.6725603
            ],
            [
              74.6914044,
              27.6708407
            ],
            [
              74.68693,
              27.6704419
            ],
            [
              74.6812512,
              27.6684249
            ]
          ]
        ]
      }
    }
  ]
}