<?xml version="1.0" encoding="UTF-8"?>
<kml xmlns="http://www.opengis.net/kml/2.2">
<Document>
  <name>Bharatpur Forest Fire Risk Zones</name>
  <description>Forest fire density analysis for Bharatpur District, Rajasthan. Generated using KDE on NASA FIRMS data (2018-2025).</description>
  <Style id="zone0">
    <PolyStyle><color>8c0000FF</color><outline>1</outline></PolyStyle>
    <LineStyle><color>e60000FF</color><width>1</width></LineStyle>
  </Style>
  <Style id="zone1">
    <PolyStyle><color>80008CFF</color><outline>1</outline></PolyStyle>
    <LineStyle><color>e6008CFF</color><width>1</width></LineStyle>
  </Style>
  <Style id="zone2">
    <PolyStyle><color>7300D7FF</color><outline>1</outline></PolyStyle>
    <LineStyle><color>e600D7FF</color><width>1</width></LineStyle>
  </Style>
  <Style id="zone3">
    <PolyStyle><color>59228B22</color><outline>1</outline></PolyStyle>
    <LineStyle><color>e6228B22</color><width>1</width></LineStyle>
  </Style>
  <Style id="boundary">
    <LineStyle><color>ccffffff</color><width>2</width></LineStyle>
    <PolyStyle><fill>0</fill></PolyStyle>
  </Style>
  <Style id="firepoint">
    <IconStyle><color>ff4444ff</color><scale>0.6</scale>
      <Icon><href>http://maps.google.com/mapfiles/kml/shapes/shaded_dot.png</href></Icon>
    </IconStyle>
  </Style>
  <Folder><name>Fire Risk Zones</name>
    <Placemark><name>Low Fire Zone</name><styleUrl>#zone0</styleUrl>
      <Polygon><extrude>0</extrude><altitudeMode>clampToGround</altitudeMode><outerBoundaryIs><LinearRing><coordinates>76.9562861,27.1565859,0 76.957359,27.1529583,0 76.9581637,27.1507149,0 76.9587001,27.1487101,0 76.9600949,27.1461801,0 76.9602989,27.1433789,0 76.9609065,27.1421703,0 76.9611925,27.1392759,0 76.9618358,27.1342185,0 76.9595841,27.1255663,0 76.9628009,27.12528,0 76.9658747,27.1257253,0 76.9714862,27.1263615,0 76.9739881,27.1248346,0 76.9760254,27.1223851,0 76.981637,27.1182177,0 76.9846393,27.1164998,0 76.9881778,27.1141138,0 76.9922524,27.1109641,0 76.9929672,27.1079735,0 76.9921094,27.10616,0 76.990501,27.1044737,0 76.9888926,27.1042192,0 76.9866051,27.1045373,0 76.9846035,27.1050464,0 76.9826377,27.1050782,0 76.9806004,27.1035828,0 76.9799571,27.1015147,0 76.9822803,27.098842,0 76.9827807,27.0974738,0 76.9834598,27.0950873,0 76.9842819,27.0941009,0 76.9865336,27.0927327,0 76.9878561,27.0900279,0 76.9856758,27.0865594,0 76.9832096,27.0846501,0 76.9814582,27.0836317,0 76.9783844,27.0830271,0 76.9753106,27.0819769,0 76.9702352,27.081245,0 76.9694132,27.075644,0 76.969985,27.0708383,0 76.9720223,27.0695016,0 76.9768118,27.0677511,0 76.9828164,27.0653004,0 76.9851754,27.0646638,0 76.9881063,27.0636135,0 76.9930387,27.0616719,0 76.9947186,27.0600486,0 76.9938608,27.0533961,0 76.9931459,27.0515498,0 76.9938965,27.0491943,0 76.9963627,27.0488123,0 76.9986859,27.0482074,0 77.0024389,27.0465521,0 77.0078717,27.0444193,0 77.0120892,27.0426366,0 77.0120535,27.041395,0 77.0116603,27.0380205,0 77.0105523,27.0353781,0 77.009909,27.0341046,0 77.0078717,27.0338818,0 77.0064062,27.0340728,0 77.0028678,27.0355373,0 76.9973635,27.0369381,0 76.9941824,27.0369699,0 76.9902508,27.0370654,0 76.986891,27.0374474,0 76.9841389,27.0372246,0 76.9831381,27.0354099,0 76.9813868,27.0322263,0 76.9809579,27.0292017,0 76.9861405,27.0252218,0 76.9893215,27.0207642,0 76.9943254,27.0169433,0 76.9990076,27.0150009,0 77.0000624,27.0120126,0 77.0005667,27.0116398,0 77.0012641,27.0097663,0 77.0028734,27.0074626,0 77.0059097,27.0045281,0 77.0062745,27.0007999,0 77.0065856,26.9977218,0 77.0073151,26.9920528,0 77.0077872,26.9891178,0 77.0079374,26.9876359,0 77.0080125,26.9861062,0 77.0074654,26.984108,0 77.0073151,26.9826739,0 77.0068216,26.9815744,0 77.0068002,26.9807426,0 77.0068538,26.9775395,0 77.0064354,26.9743747,0 77.0078623,26.9749484,0 77.0100725,26.9757229,0 77.0115209,26.9766599,0 77.0125937,26.9774152,0 77.0136666,26.9779411,0 77.014364,26.9780654,0 77.0154798,26.9776734,0 77.0163274,26.9767746,0 77.0172715,26.9749866,0 77.0183658,26.9709133,0 77.0188486,26.9679969,0 77.0191812,26.9655107,0 77.0195031,26.9626897,0 77.0196855,26.9600696,0 77.0200503,26.9549151,0 77.0204043,26.9524764,0 77.0206189,26.9504489,0 77.0210051,26.948431,0 77.0212841,26.9466521,0 77.0207584,26.9465851,0 77.0210159,26.9462886,0 77.0214128,26.9461165,0 77.02196,26.9460974,0 77.0223892,26.9456765,0 77.0221424,26.9449497,0 77.0227647,26.9445384,0 77.0232475,26.9439454,0 77.0235693,26.9433524,0 77.0232046,26.9424534,0 77.0245457,26.9415448,0 77.0227647,26.9405979,0 77.019664,26.9377763,0 77.0127654,26.9323817,0 77.0152438,26.9290338,0 77.016896,26.9269868,0 77.0183551,26.9265181,0 77.0208979,26.9255711,0 77.0219922,26.9253989,0 77.0239985,26.925265,0 77.0256936,26.9248154,0 77.0274532,26.9239257,0 77.0281505,26.9239544,0 77.0287084,26.924184,0 77.0292127,26.9241075,0 77.0293951,26.9238301,0 77.0292234,26.9229691,0 77.0289874,26.9216012,0 77.0294809,26.9211324,0 77.0303607,26.9210464,0 77.0311224,26.9207307,0 77.0314765,26.9196114,0 77.0322168,26.9190948,0 77.0369267,26.916024,0 77.0367765,26.9141681,0 77.0381069,26.9139193,0 77.0376348,26.9125417,0 77.0392978,26.9120921,0 77.0390725,26.9109823,0 77.0401347,26.9109536,0 77.0411861,26.9084183,0 77.0441794,26.9105805,0 77.047795,26.9128287,0 77.048589,26.9128,0 77.050885,26.9130009,0 77.0524192,26.9131157,0 77.0538461,26.9134888,0 77.0557451,26.9143977,0 77.0570755,26.9147612,0 77.0582127,26.9147612,0 77.0595109,26.9144838,0 77.0593715,26.9111354,0 77.0607018,26.9105709,0 77.0600474,26.9071267,0 77.060262,26.906237,0 77.059629,26.905462,0 77.0602834,26.903979,0 77.0613885,26.9024386,0 77.0626223,26.9013957,0 77.0608413,26.9012235,0 77.06038,26.9006207,0 77.0585024,26.9006877,0 77.0594144,26.8984488,0 77.0598864,26.8981809,0 77.0611846,26.8977695,0 77.0608628,26.8959611,0 77.0606804,26.8950712,0 77.0597577,26.8935594,0 77.0593285,26.8922677,0 77.05935,26.8911098,0 77.0595646,26.8889664,0 77.0596611,26.8886985,0 77.0599294,26.8882009,0 77.0603478,26.887933,0 77.0604336,26.8873493,0 77.0602727,26.8869282,0 77.060219,26.8863732,0 77.0607555,26.8862201,0 77.0612919,26.8861914,0 77.0613456,26.8859713,0 77.0614207,26.8851005,0 77.0616567,26.8846604,0 77.0620751,26.8843637,0 77.0622468,26.8839809,0 77.0621824,26.8831006,0 77.0622575,26.8826795,0 77.0628905,26.8826986,0 77.0633089,26.8825838,0 77.0632124,26.8821532,0 77.0620215,26.8813111,0 77.0619142,26.8809187,0 77.0620537,26.8805455,0 77.0629012,26.880402,0 77.0634699,26.8802201,0 77.0641994,26.8798278,0 77.0645535,26.8791866,0 77.0645749,26.878555,0 77.0644998,26.8771482,0 77.0663667,26.8762391,0 77.0670104,26.8754735,0 77.0671606,26.8749567,0 77.0670318,26.8739232,0 77.0670962,26.8727556,0 77.067461,26.8724302,0 77.068963,26.8716646,0 77.069757,26.8708415,0 77.0707655,26.8699993,0 77.0717354,26.8697363,0 77.0755079,26.8582737,0 77.077707,26.8586099,0 77.0808506,26.8593947,0 77.0868587,26.8609644,0 77.0934677,26.8617876,0 77.0970297,26.8625532,0 77.0980811,26.8631084,0 77.0985746,26.8640846,0 77.0995831,26.8674153,0 77.1009135,26.8718368,0 77.1017074,26.8730427,0 77.102437,26.8738275,0 77.1035099,26.8740763,0 77.1044111,26.8738083,0 77.1058488,26.8725642,0 77.1088528,26.8693103,0 77.1101618,26.8674153,0 77.1127796,26.8624958,0 77.1147752,26.8587822,0 77.1160412,26.8571167,0 77.1161699,26.8540538,0 77.1184659,26.8526563,0 77.1197748,26.8518905,0 77.1218991,26.84944,0 77.1237016,26.8479468,0 77.1287012,26.8451708,0 77.1319628,26.8431222,0 77.1335935,26.8417437,0 77.1340871,26.8406141,0 77.1343875,26.8395036,0 77.1347952,26.8389484,0 77.1351599,26.83824,0 77.134881,26.8365551,0 77.1358466,26.8357126,0 77.1372413,26.8347362,0 77.14046,26.8337788,0 77.144773,26.8332618,0 77.1474981,26.8323811,0 77.1500945,26.8314237,0 77.1526694,26.8303514,0 77.1531629,26.8288579,0 77.1545148,26.8267324,0 77.155931,26.8245687,0 77.1565962,26.8235921,0 77.1576476,26.8234197,0 77.158463,26.8247027,0 77.1589136,26.8256601,0 77.1590209,26.8267899,0 77.1593642,26.8274409,0 77.1601796,26.8285898,0 77.1634412,26.8307344,0 77.1673679,26.8333576,0 77.1719169,26.829126,0 77.1717882,26.826024,0 77.1715092,26.8240899,0 77.1756506,26.8229793,0 77.1793198,26.8226346,0 77.1827745,26.8221559,0 77.186315,26.8226538,0 77.1889114,26.8209495,0 77.1905207,26.8195325,0 77.1929455,26.8190154,0 77.1956277,26.8173111,0 77.1995973,26.8157791,0 77.2043824,26.8137492,0 77.208631,26.811566,0 77.2029447,26.8040203,0 77.1975803,26.7993279,0 77.1963143,26.7976616,0 77.1963143,26.7969721,0 77.196486,26.7955356,0 77.196486,26.7924135,0 77.1972799,26.7909386,0 77.19949,26.7874333,0 77.1989321,26.7857285,0 77.202065,26.7824146,0 77.2053874,26.7796749,0 77.2169527,26.7863066,0 77.2286321,26.7950567,0 77.23979,26.8054815,0 77.247611,26.8116242,0 77.2556405,26.8210238,0 77.2668506,26.8137647,0 77.2759751,26.8022238,0 77.2822319,26.7944516,0 77.2882801,26.785236,0 77.2927641,26.7806279,0 77.2949019,26.780209,0 77.2984474,26.7804883,0 77.3013672,26.7815123,0 77.3042871,26.7835138,0 77.3078847,26.7860738,0 77.3106481,26.7870978,0 77.3134637,26.7886338,0 77.3146107,26.7894716,0 77.3159664,26.7908213,0 77.3174263,26.7931019,0 77.3177391,26.7952428,0 77.3203461,26.796546,0 77.3227446,26.7974768,0 77.3290535,26.8006415,0 77.331869,26.7999899,0 77.3346846,26.8014792,0 77.3337461,26.8033873,0 77.3336418,26.8052022,0 77.3349974,26.8065983,0 77.3368745,26.8075291,0 77.3386994,26.8059934,0 77.3404721,26.8044111,0 77.342297,26.8038061,0 77.3444347,26.8027357,0 77.3466768,26.8025496,0 77.3477717,26.8034338,0 77.3498573,26.8045042,0 77.3510044,26.8050626,0 77.3528293,26.8020377,0 77.3548106,26.7999434,0 77.356844,26.7978957,0 77.3578347,26.7967322,0 77.3554884,26.7944982,0 77.3528293,26.7896112,0 77.3503787,26.787284,0 77.3518386,26.7860738,0 77.3498052,26.7814658,0 77.3474589,26.7756007,0 77.3451647,26.7729008,0 77.3431313,26.7714578,0 77.3409935,26.7694561,0 77.3372916,26.7668491,0 77.3383865,26.7649404,0 77.3411499,26.7618679,0 77.3439655,26.7603315,0 77.3465725,26.759028,0 77.3489188,26.7577244,0 77.3498573,26.7560949,0 77.3492316,26.7545119,0 77.3484495,26.7532549,0 77.3474589,26.7512994,0 77.3470417,26.7481799,0 77.3470939,26.7442222,0 77.3489188,26.7401246,0 77.3496487,26.7373308,0 77.3502744,26.735375,0 77.350483,26.732907,0 77.3494923,26.7306252,0 77.3490752,26.7287625,0 77.3495445,26.7260614,0 77.3489709,26.7233138,0 77.3483192,26.7210318,0 77.3477717,26.7192854,0 77.3474067,26.717958,0 77.34712,26.7159321,0 77.3462336,26.7126253,0 77.3488354,26.7122637,0 77.3516035,26.7116695,0 77.3549509,26.7107877,0 77.3569464,26.7104235,0 77.3606157,26.709446,0 77.3642206,26.7080084,0 77.367053,26.707625,0 77.373147,26.7078934,0 77.3752928,26.7080275,0 77.3789191,26.7082767,0 77.3798632,26.7067816,0 77.3818588,26.7061299,0 77.3843479,26.7063599,0 77.3859143,26.707395,0 77.3876524,26.709446,0 77.3891973,26.7113053,0 77.3915791,26.7128195,0 77.3954844,26.7141996,0 77.3996901,26.7153304,0 77.4065351,26.7165763,0 77.4113631,26.7178605,0 77.4175644,26.7198538,0 77.4238515,26.7224604,0 77.4273062,26.7238403,0 77.4331641,26.7278458,0 77.4353099,26.7288233,0 77.436018,26.7297048,0 77.4373913,26.7300306,0 77.4384641,26.7326753,0 77.4400735,26.7357224,0 77.4426055,26.7375429,0 77.4453199,26.7391718,0 77.4474549,26.7403503,0 77.4497926,26.7421399,0 77.4546504,26.7419435,0 77.4556947,26.747929,0 77.4582052,26.7515409,0 77.460351,26.7546066,0 77.4613595,26.7556508,0 77.4621749,26.7557658,0 77.4620676,26.7566089,0 77.4620247,26.7574902,0 77.4630761,26.7567813,0 77.4637413,26.7573561,0 77.469414,26.7646814,0 77.467432,26.7735069,0 77.4608455,26.777372,0 77.4548149,26.7781428,0 77.4494934,26.7742731,0 77.4429273,26.77048,0 77.4338226,26.7672636,0 77.4327889,26.7707079,0 77.4336576,26.7754609,0 77.4349611,26.7844719,0 77.4280986,26.793582,0 77.4288352,26.7980388,0 77.4291068,26.8015196,0 77.4254731,26.8013912,0 77.4235667,26.8025219,0 77.4234438,26.805495,0 77.420984,26.8101902,0 77.4081206,26.8168136,0 77.4027913,26.8240809,0 77.3979471,26.8304371,0 77.405591,26.8348319,0 77.417493,26.8379937,0 77.421963,26.8408106,0 77.4252529,26.8433125,0 77.4284863,26.8469512,0 77.4307608,26.8483297,0 77.4313848,26.8523281,0 77.4304819,26.8537283,0 77.4272974,26.8573412,0 77.4269304,26.8585519,0 77.4263367,26.8597453,0 77.4264461,26.8625883,0 77.4271738,26.8641317,0 77.4377851,26.862989,0 77.4432304,26.8662331,0 77.4466173,26.8697382,0 77.447996,26.8751499,0 77.4498678,26.874924,0 77.4517415,26.8728368,0 77.4551582,26.8713966,0 77.4575185,26.8715498,0 77.460713,26.8738216,0 77.4621963,26.8785168,0 77.4601363,26.8854068,0 77.4681846,26.8871144,0 77.4699211,26.8889282,0 77.4707579,26.8897702,0 77.4727351,26.8915644,0 77.4772811,26.8941335,0 77.4798131,26.8957027,0 77.4826455,26.8971954,0 77.4857783,26.898822,0 77.4900698,26.9003337,0 77.4909282,26.8998553,0 77.491765,26.8996065,0 77.4930525,26.9000084,0 77.4971938,26.9012714,0 77.5022149,26.90263,0 77.5094032,26.9052898,0 77.5185227,26.9086575,0 77.521398,26.9098821,0 77.5246167,26.9106475,0 77.5280499,26.9113363,0 77.5316548,26.9121208,0 77.5348735,26.9127522,0 77.5375771,26.9137663,0 77.5394654,26.9144742,0 77.5416541,26.9152013,0 77.5434994,26.9158709,0 77.5447225,26.9152778,0 77.5453448,26.9151439,0 77.5472331,26.9158901,0 77.5515461,26.9182052,0 77.5543356,26.9197741,0 77.5569105,26.9205968,0 77.5603008,26.9211899,0 77.5634336,26.9206924,0 77.566266,26.9207115,0 77.5678539,26.9208263,0 77.5695061,26.9209411,0 77.5714373,26.9213812,0 77.5741625,26.922223,0 77.57972,26.9230457,0 77.5831103,26.9239449,0 77.5835824,26.925265,0 77.5840544,26.9263172,0 77.5849128,26.9282303,0 77.5862431,26.9298373,0 77.5877237,26.9313678,0 77.5881743,26.9331852,0 77.5880456,26.9337399,0 77.5878739,26.9345817,0 77.5885606,26.9353277,0 77.589376,26.9355573,0 77.5906205,26.935653,0 77.5910496,26.9365712,0 77.5912642,26.9374511,0 77.5915861,26.9387519,0 77.592363,26.9403013,0 77.5975279,26.9383136,0 77.5969076,26.936686,0 77.5974655,26.9355382,0 77.5991821,26.9342373,0 77.6007271,26.9333573,0 77.6016497,26.9333382,0 77.6033664,26.933893,0 77.6067138,26.9361121,0 77.6083874,26.9373938,0 77.6103186,26.9392876,0 77.6121855,26.9414874,0 77.6134515,26.9430368,0 77.6140952,26.9437063,0 77.6155972,26.9447775,0 77.6176786,26.9460209,0 77.6196956,26.9471877,0 77.6233434,26.9495021,0 77.6254463,26.9507071,0 77.6287722,26.9517974,0 77.6312184,26.9526772,0 77.6333365,26.9545547,0 77.6355221,26.9559848,0 77.6395121,26.9582734,0 77.6417741,26.9593005,0 77.6436407,26.9602801,0 77.6458555,26.9611508,0 77.6475189,26.9619146,0 77.6502414,26.9633601,0 77.6515341,26.964358,0 77.6529259,26.9654054,0 77.6542328,26.9668642,0 77.6572186,26.9690926,0 77.6610369,26.9713041,0 77.6613879,26.9705022,0 77.6627612,26.9686089,0 77.6630616,26.967557,0 77.6630401,26.9663904,0 77.6630616,26.9645736,0 77.6635337,26.9636747,0 77.6644349,26.9630436,0 77.6654005,26.9630818,0 77.6663232,26.9633687,0 77.6668381,26.9634835,0 77.6676106,26.9634452,0 77.6678896,26.9629479,0 77.66819,26.9619343,0 77.6688981,26.9619917,0 77.6692843,26.9625081,0 77.6701641,26.9631966,0 77.6707005,26.9630627,0 77.6706791,26.9627567,0 77.6705289,26.9619534,0 77.670207,26.9612267,0 77.6708293,26.9605955,0 77.6719022,26.9607103,0 77.6729915,26.9622774,0 77.6736675,26.9624658,0 77.673498,26.9637054,0 77.6742608,26.9641697,0 77.6752231,26.9648903,0 77.6760326,26.964616,0 77.6766028,26.9650977,0 77.6770113,26.9660631,0 77.6772537,26.9676506,0 77.6768317,26.9693119,0 77.6765114,26.9713036,0 77.676225,26.9732383,0 77.67839,26.9736146,0 77.6803565,26.9733898,0 77.6819912,26.9729324,0 77.6834929,26.9730126,0 77.6846667,26.9731755,0 77.6866538,26.9738776,0 77.6881918,26.9740798,0 77.6920509,26.9742886,0 77.6947546,26.9739827,0 77.697072,26.9744225,0 77.6994967,26.9751301,0 77.7017283,26.9761245,0 77.7049255,26.9780176,0 77.7073502,26.9789355,0 77.7087591,26.9792522,0 77.7128219,26.9817847,0 77.7153539,26.9838881,0 77.7191161,26.9855988,0 77.7229714,26.9877697,0 77.7247524,26.9866607,0 77.7264046,26.9858385,0 77.7280354,26.9844426,0 77.7293229,26.9831997,0 77.7303314,26.9829129,0 77.7321124,26.982607,0 77.733314,26.9827982,0 77.7349233,26.9835057,0 77.7359748,26.9839837,0 77.7388716,26.9846721,0 77.7405453,26.9832953,0 77.7421117,26.9836587,0 77.7435922,26.9830276,0 77.7447939,26.9847868,0 77.746489,26.9876168,0 77.7469611,26.9908673,0 77.7465105,26.9918042,0 77.7462101,26.9926264,0 77.7463603,26.9934677,0 77.7459955,26.9944619,0 77.7467036,26.9947296,0 77.7476907,26.9947105,0 77.7488494,26.9945575,0 77.7499223,26.9939074,0 77.7508878,26.9932956,0 77.7524543,26.9930088,0 77.7537632,26.9934103,0 77.7560591,26.9943089,0 77.7587199,26.9969283,0 77.7578401,26.9973681,0 77.755866,26.9978269,0 77.7518964,26.9980564,0 77.7511239,26.9991462,0 77.7499223,27.0016507,0 77.7509737,27.0016316,0 77.7533555,27.0017655,0 77.7565098,27.0015743,0 77.758398,27.0013257,0 77.7590847,27.000886,0 77.7597499,26.9998536,0 77.7603936,26.9996433,0 77.7613807,26.9999683,0 77.7623033,27.0007713,0 77.7626896,27.0019566,0 77.7628612,27.0029317,0 77.7629041,27.0042317,0 77.7628183,27.0067935,0 77.7616596,27.0066597,0 77.7603078,27.0062391,0 77.7595353,27.0062009,0 77.7590847,27.0072141,0 77.7589559,27.0082656,0 77.7584624,27.0090303,0 77.7574539,27.0095465,0 77.7568745,27.0100817,0 77.7569389,27.0108464,0 77.756896,27.0116302,0 77.7571106,27.012242,0 77.7576899,27.0134463,0 77.7580547,27.0153389,0 77.7593794,27.0177548,0 77.7594853,27.0180163,0 77.7587518,27.0180026,0 77.7568316,27.0187989,0 77.7543854,27.0200223,0 77.7518105,27.0207486,0 77.7497077,27.0213986,0 77.7499652,27.0225455,0 77.7505445,27.0237497,0 77.7508878,27.0249731,0 77.750802,27.0258523,0 77.7505231,27.0268845,0 77.7514457,27.0287768,0 77.7504372,27.0292356,0 77.7499437,27.0295987,0 77.7493429,27.0307647,0 77.7478409,27.0306309,0 77.7455663,27.0299619,0 77.7424979,27.0295032,0 77.7413392,27.0292547,0 77.739408,27.0292547,0 77.7372622,27.0293502,0 77.7353525,27.027974,0 77.7334642,27.0260053,0 77.7326917,27.0238644,0 77.7326059,27.0223543,0 77.7324557,27.0210354,0 77.7317476,27.0191047,0 77.732799,27.0185121,0 77.731061,27.0141919,0 77.7300095,27.0108464,0 77.7290654,27.0085715,0 77.7289152,27.0049965,0 77.7293873,27.0016125,0 77.7297091,26.9991271,0 77.7303314,26.9941942,0 77.7281213,26.9947487,0 77.7250957,26.9952458,0 77.7225423,26.99559,0 77.7202034,26.9955517,0 77.7185726,26.9956664,0 77.714796,26.9959915,0 77.7124357,26.9962018,0 77.7106976,26.9977505,0 77.708745,27.0001404,0 77.7065778,27.0017272,0 77.7050972,27.0031037,0 77.7052474,27.0038876,0 77.7055692,27.0046906,0 77.7058911,27.0054553,0 77.7060842,27.006698,0 77.7060413,27.0092406,0 77.7057409,27.0098906,0 77.7053332,27.0105406,0 77.7052045,27.0111141,0 77.7052903,27.0120699,0 77.7057409,27.013714,0 77.7055049,27.0146889,0 77.7040887,27.0157594,0 77.7022218,27.0167535,0 77.6972008,27.0203663,0 77.6934886,27.023635,0 77.6912784,27.0253936,0 77.6896047,27.026636,0 77.6912784,27.0312616,0 77.6926732,27.035199,0 77.6932096,27.0386201,0 77.6930809,27.0404931,0 77.6875877,27.0429012,0 77.6829529,27.0454239,0 77.6792836,27.0465324,0 77.6775026,27.0439715,0 77.6755714,27.0406842,0 77.6750994,27.0383525,0 77.6747131,27.0330201,0 77.6746487,27.0290826,0 77.6733827,27.0290253,0 77.671752,27.0255465,0 77.6693916,27.0213986,0 77.6676321,27.0189518,0 77.6658511,27.0177093,0 77.6638126,27.0185312,0 77.6599502,27.0206148,0 77.657547,27.0211883,0 77.65553,27.0220867,0 77.6501226,27.0236733,0 77.6457453,27.0251451,0 77.6440501,27.0256039,0 77.6429128,27.0257568,0 77.6417327,27.0256039,0 77.6401663,27.0238453,0 77.6383424,27.0210545,0 77.6378703,27.020309,0 77.6366687,27.0185312,0 77.6358962,27.017174,0 77.6349735,27.0148801,0 77.6341581,27.0132552,0 77.6331281,27.0118405,0 77.6316476,27.0120126,0 77.6309609,27.0101773,0 77.629137,27.0107508,0 77.6294589,27.0115729,0 77.629931,27.0125861,0 77.6297807,27.0133125,0 77.6280212,27.0146889,0 77.6283216,27.0157976,0 77.6279998,27.0165049,0 77.6282143,27.0172122,0 77.6287937,27.0181872,0 77.6285147,27.0187224,0 77.6263261,27.0200987,0 77.6232362,27.0214368,0 77.6216697,27.0222588,0 77.6200604,27.0221249,0 77.6188588,27.0221823,0 77.617228,27.0226602,0 77.6150608,27.0233483,0 77.6075077,27.022794,0 77.6028943,27.0225264,0 77.6017785,27.0224499,0 77.6008129,27.0229469,0 77.599504,27.0236159,0 77.5977659,27.0244187,0 77.5967145,27.0255465,0 77.5963068,27.0282416,0 77.5967788,27.0325231,0 77.5949979,27.0327334,0 77.5865865,27.0351034,0 77.5826597,27.0353901,0 77.5815439,27.0356386,0 77.5809002,27.0363648,0 77.5795698,27.0373969,0 77.57869,27.0372058,0 77.5781965,27.0368809,0 77.5755572,27.0363457,0 77.5738406,27.0349696,0 77.5701284,27.032676,0 77.5631118,27.0287577,0 77.5642919,27.0334406,0 77.5653863,27.0380085,0 77.566781,27.0422132,0 77.5672316,27.0464368,0 77.5681972,27.0468572,0 77.5693559,27.0474306,0 77.5709867,27.0479275,0 77.5728535,27.0489212,0 77.5726175,27.0523228,0 77.574377,27.0541574,0 77.5757718,27.0565461,0 77.5755787,27.0595653,0 77.5734973,27.0622787,0 77.5732183,27.0631004,0 77.5732398,27.0639411,0 77.5734114,27.0649156,0 77.5737762,27.066043,0 77.574656,27.0667691,0 77.5763082,27.0674761,0 77.5773597,27.0683359,0 77.5737548,27.0704186,0 77.5711584,27.0716605,0 77.567811,27.072826,0 77.5666737,27.072463,0 77.5643563,27.0722337,0 77.5625324,27.0717561,0 77.5613308,27.0716796,0 77.5601506,27.0720427,0 77.5590563,27.0727687,0 77.5587129,27.0722528,0 77.5579405,27.0718134,0 77.557404,27.072291,0 77.5567603,27.0730744,0 77.5565457,27.0741826,0 77.5551939,27.0750424,0 77.5533485,27.0752334,0 77.5522756,27.0739915,0 77.5510955,27.0740488,0 77.5497651,27.0741253,0 77.5490784,27.0736094,0 77.5488639,27.0720618,0 77.5485205,27.0708007,0 77.5464821,27.0717369,0 77.5453877,27.0713739,0 77.5445938,27.0698836,0 77.5428128,27.0656226,0 77.5418257,27.0625462,0 77.5399804,27.0625653,0 77.539165,27.0625845,0 77.5366974,27.0629666,0 77.5348091,27.0636545,0 77.5309038,27.0639602,0 77.5268268,27.0636545,0 77.5248098,27.0638647,0 77.5225997,27.0645908,0 77.5187158,27.0665207,0 77.5206041,27.0700364,0 77.522192,27.0726158,0 77.5250244,27.0760932,0 77.5261616,27.0779465,0 77.5270629,27.0810988,0 77.5271702,27.0834296,0 77.5252604,27.0870977,0 77.5235438,27.0893137,0 77.5215482,27.0900206,0 77.5165486,27.0903644,0 77.5121283,27.0904982,0 77.5112057,27.0900588,0 77.5106048,27.0892946,0 77.5096822,27.0888744,0 77.5072145,27.0893329,0 77.5059593,27.0919691,0 77.5072483,27.0955774,0 77.5120854,27.0972988,0 77.5162911,27.1010046,0 77.5211191,27.102953,0 77.5274077,27.1012736,0 77.5372982,27.0977955,0 77.5381518,27.1020907,0 77.5389719,27.1067732,0 77.5417614,27.1039845,0 77.5440359,27.1063912,0 77.548542,27.1081866,0 77.5508165,27.1113573,0 77.5620603,27.1100967,0 77.5673389,27.1131145,0 77.5792155,27.1191472,0 77.5879812,27.1167433,0 77.5895367,27.1200947,0 77.5935602,27.1196846,0 77.5963068,27.1183094,0 77.6006412,27.1202575,0 77.6038599,27.1243827,0 77.6020145,27.1301501,0 77.5990533,27.1353443,0 77.59768,27.1395835,0 77.5982424,27.143781,0 77.6033232,27.1427697,0 77.6092672,27.1467248,0 77.6135723,27.151774,0 77.6096749,27.1587724,0 77.6098251,27.1631062,0 77.614932,27.1657216,0 77.6184922,27.1697409,0 77.6187515,27.1732813,0 77.6202535,27.1735485,0 77.6291335,27.1697599,0 77.6338577,27.1676307,0 77.6369262,27.1640607,0 77.6422691,27.1640798,0 77.6463246,27.1682988,0 77.6492429,27.1705705,0 77.6582515,27.1703276,0 77.6639991,27.1747833,0 77.6690054,27.179027,0 77.6748848,27.1842953,0 77.6793479,27.1915483,0 77.6800775,27.1951747,0 77.6729117,27.2002414,0 77.6667308,27.2087246,0 77.6607227,27.2081521,0 77.6510238,27.2079995,0 77.6462414,27.2107781,0 77.6456165,27.2170828,0 77.647376,27.2234941,0 77.6515817,27.226547,0 77.6512384,27.2339881,0 77.6427841,27.2359341,0 77.644367,27.2390444,0 77.6439976,27.2398554,0 77.6443148,27.2436006,0 77.6437712,27.2479339,0 77.636733,27.2516347,0 77.6349306,27.2575863,0 77.6309824,27.2594937,0 77.625575,27.2591504,0 77.6223315,27.2564675,0 77.6198029,27.2558695,0 77.6169061,27.2569377,0 77.6158118,27.2616301,0 77.613816,27.2643059,0 77.6140308,27.267562,0 77.6194811,27.2720632,0 77.621541,27.2749049,0 77.6174855,27.2770028,0 77.6149532,27.2786936,0 77.6140382,27.2791854,0 77.6159405,27.2823428,0 77.6157689,27.2877015,0 77.6128936,27.2910387,0 77.6067996,27.2916489,0 77.6007391,27.2949328,0 77.5988653,27.2971664,0 77.595801,27.2973725,0 77.593559,27.2976042,0 77.592412,27.2983455,0 77.5912649,27.3001525,0 77.5918384,27.302747,0 77.5926205,27.3050636,0 77.5932462,27.3083067,0 77.5921513,27.3099745,0 77.5906392,27.3105304,0 77.5864159,27.3102988,0 77.5851645,27.3096039,0 77.5828704,27.3096965,0 77.5805762,27.3108547,0 77.5771871,27.3099282,0 77.5760922,27.308631,0 77.5729116,27.3056195,0 77.567437,27.2986698,0 77.5652471,27.2954728,0 77.5620144,27.2937584,0 77.5607109,27.2938511,0 77.5586775,27.2947778,0 77.5552362,27.2959825,0 77.5519514,27.2977895,0 77.549188,27.2995501,0 77.5486145,27.3010791,0 77.5489273,27.3037663,0 77.5508043,27.3071948,0 77.5490316,27.3091406,0 77.5421491,27.3108084,0 77.5400635,27.3117813,0 77.5390729,27.3136343,0 77.5403242,27.3153021,0 77.5420448,27.3172014,0 77.5445476,27.3188691,0 77.5473631,27.3210927,0 77.5486666,27.3237794,0 77.5485623,27.3262808,0 77.5442869,27.3274852,0 77.5390207,27.3277168,0 77.5350581,27.3252154,0 77.5328161,27.322575,0 77.5298963,27.3217412,0 77.5282278,27.3225287,0 77.5263507,27.3233625,0 77.524213,27.3252617,0 77.5215539,27.3272999,0 77.5182691,27.3289674,0 77.5144629,27.3286895,0 77.5138372,27.3262345,0 77.5145671,27.3222045,0 77.5138893,27.3204442,0 77.511178,27.3202125,0 77.5095096,27.321,0 77.5076847,27.3231309,0 77.5015322,27.3236868,0 77.4971003,27.322853,0 77.4920427,27.3222971,0 77.4864637,27.3217875,0 77.4837525,27.3207684,0 77.4813019,27.3174794,0 77.480207,27.3150705,0 77.4793206,27.3130784,0 77.4782256,27.3091869,0 77.4798941,27.3039053,0 77.4799984,27.3017741,0 77.4809891,27.2994111,0 77.4831789,27.2967238,0 77.4844303,27.2954728,0 77.4864637,27.2928781,0 77.4890186,27.2920903,0 77.4901657,27.2935731,0 77.489905,27.2961215,0 77.4898528,27.2989941,0 77.4899571,27.3006158,0 77.4907392,27.3016814,0 77.4926684,27.3012181,0 77.4943369,27.3006621,0 77.496266,27.3003378,0 77.4969439,27.3014498,0 77.4983516,27.3020057,0 77.5012715,27.3009401,0 77.5023143,27.3006621,0 77.503722,27.2990405,0 77.5033571,27.2957045,0 77.5050777,27.2936194,0 77.5071633,27.2925074,0 77.510031,27.2910246,0 77.5128465,27.2897735,0 77.5159749,27.2882444,0 77.517122,27.2858349,0 77.5142022,27.2806448,0 77.512638,27.2790693,0 77.5098745,27.2761034,0 77.5078932,27.2681786,0 77.5078108,27.2660428,0 77.5074761,27.2631268,0 77.5062769,27.2608094,0 77.5052341,27.260763,0 77.5036699,27.2620144,0 77.50148,27.2636366,0 77.4990816,27.2651661,0 77.4969439,27.2657686,0 77.494389,27.2674834,0 77.4924598,27.2694762,0 77.4908956,27.2710056,0 77.4904264,27.2731374,0 77.4892793,27.275918,0 77.4871416,27.2738326,0 77.4868287,27.2708202,0 77.4833354,27.271191,0 77.4814062,27.2713764,0 77.4793727,27.2698006,0 77.47687,27.2677614,0 77.469779,27.2727667,0 77.4658164,27.2761497,0 77.4635743,27.2778644,0 77.4613323,27.2798571,0 77.4580475,27.2810619,0 77.4546063,27.2810156,0 77.4527814,27.2799961,0 77.4508001,27.277679,0 77.4510086,27.2766595,0 77.4528335,27.2768912,0 77.4555969,27.2765668,0 77.456379,27.275779,0 77.4561705,27.2723496,0 77.4526771,27.2714227,0 77.4499658,27.2706812,0 77.4488709,27.2705422,0 77.4472024,27.2729521,0 77.4439698,27.2724886,0 77.442927,27.2698933,0 77.4427705,27.2670199,0 77.4420927,27.263822,0 77.4381301,27.2590017,0 77.4366702,27.2566379,0 77.4352624,27.255062,0 77.4332289,27.2532079,0 77.4311955,27.2521882,0 77.429527,27.2530225,0 77.4284842,27.2545985,0 77.4283278,27.2561744,0 77.4274414,27.2583528,0 77.4253558,27.2599751,0 77.4214453,27.2590481,0 77.4193597,27.2571014,0 77.4178998,27.2552474,0 77.4180041,27.252559,0 77.4202461,27.2524199,0 77.4227488,27.2523736,0 77.4270243,27.2521418,0 77.4290056,27.2510757,0 77.4273893,27.2492679,0 77.4247823,27.248619,0 77.4197769,27.2500559,0 77.4161271,27.2506585,0 77.4152928,27.2502877,0 77.4147856,27.2499846,0 77.4138522,27.2487637,0 77.4131334,27.2479434,0 77.4120498,27.2477241,0 77.4096787,27.2475524,0 77.4092495,27.2443188,0 77.4094105,27.2429643,0 77.4092173,27.2415908,0 77.4091422,27.2408181,0 77.4087882,27.2397974,0 77.4069428,27.2376607,0 77.4038744,27.2340071,0 77.4040353,27.2337782,0 77.4001086,27.2271671,0 77.399497,27.2267283,0 77.3985314,27.2241333,0 77.402147,27.2218627,0 77.4035954,27.2209086,0 77.4032307,27.2201168,0 77.4028873,27.2195825,0 77.402308,27.218762,0 77.4014389,27.21631,0 77.3993683,27.213524,0 77.3974907,27.210528,0 77.3961174,27.2110146,0 77.3954093,27.2105566,0 77.3943043,27.208591,0 77.3931777,27.209049,0 77.392416,27.2094975,0 77.3915148,27.2099459,0 77.3890042,27.2103467,0 77.3880064,27.2110909,0 77.3870087,27.2102417,0 77.3861396,27.2107092,0 77.3860001,27.2098505,0 77.3857963,27.2089727,0 77.3852277,27.2095166,0 77.3848843,27.2100032,0 77.384069,27.2104898,0 77.3829961,27.2101749,0 77.3823416,27.2094402,0 77.3813116,27.2096788,0 77.3813116,27.2083143,0 77.3808825,27.2073506,0 77.3818588,27.2065205,0 77.3808503,27.2056331,0 77.3788118,27.208133,0 77.3787582,27.2090967,0 77.3777819,27.2103944,0 77.3762905,27.2121977,0 77.37481,27.2136289,0 77.3736513,27.2116348,0 77.3717201,27.2124744,0 77.3707116,27.2103371,0 77.3689949,27.2106615,0 77.3664629,27.2118638,0 77.3667741,27.2130278,0 77.3635983,27.2138961,0 77.3636413,27.2146498,0 77.3638129,27.2154417,0 77.3641133,27.2163958,0 77.3641133,27.2171686,0 77.3633945,27.2195348,0 77.3624396,27.220298,0 77.3614311,27.2212426,0 77.3603368,27.2211567,0 77.3583627,27.2209182,0 77.3585665,27.2185425,0 77.3588347,27.2169301,0 77.3586523,27.2163386,0 77.354908,27.2153654,0 77.3537493,27.2151269,0 77.3529553,27.215041,0 77.3510563,27.2141918,0 77.3509383,27.2150219,0 77.3513675,27.2160619,0 77.3478591,27.2176743,0 77.3459387,27.2180464,0 77.3449302,27.2191341,0 77.3427737,27.2196111,0 77.3397696,27.2187811,0 77.3370659,27.217369,0 77.3358321,27.2156898,0 77.3357355,27.215165,0 77.3356712,27.2125126,0 77.335993,27.211005,0 77.3359501,27.2094975,0 77.3354137,27.2075987,0 77.3350167,27.2064632,0 77.3345125,27.2041636,0 77.3337936,27.2014345,0 77.3326671,27.2001559,0 77.3298776,27.2012723,0 77.3284829,27.2003563,0 77.3288262,27.1998028,0 77.3297489,27.1991062,0 77.3290622,27.1980088,0 77.3294806,27.1977989,0 77.3289442,27.1973695,0 77.3279893,27.1977034,0 77.3269057,27.1965011,0 77.3255432,27.1963388,0 77.3254041,27.1944995,0 77.3223674,27.1947166,0 77.322185,27.1955277,0 77.3214233,27.1954323,0 77.3214555,27.1976653,0 77.3232579,27.1982187,0 77.3212731,27.2005566,0 77.3203504,27.2014536,0 77.3187518,27.2025605,0 77.3181617,27.2009002,0 77.3164666,27.2014536,0 77.3131943,27.2021598,0 77.3120141,27.2025891,0 77.3108768,27.2033239,0 77.3094606,27.2039632,0 77.3080337,27.2045071,0 77.3070145,27.2042113,0 77.3059952,27.2042972,0 77.304461,27.2045834,0 77.3034847,27.2045453,0 77.302165,27.2039918,0 77.2987533,27.2017971,0 77.2968328,27.20007,0 77.2957277,27.1985909,0 77.293936,27.1959762,0 77.2920155,27.1954037,0 77.2903418,27.193476,0 77.2891295,27.1940581,0 77.2897196,27.1948693,0 77.2879171,27.1956995,0 77.2883892,27.1966156,0 77.2865438,27.1970545,0 77.2873914,27.2005853,0 77.2858786,27.2009383,0 77.2846985,27.1977702,0 77.2820914,27.1982855,0 77.2815013,27.198715,0 77.2816086,27.1994497,0 77.2818339,27.2000891,0 77.2820699,27.2013773,0 77.282145,27.2033907,0 77.2825527,27.2044594,0 77.2833252,27.2086006,0 77.2835398,27.2097837,0 77.2839045,27.2182086,0 77.2847628,27.2185998,0 77.2850203,27.2199164,0 77.2858357,27.2229885,0 77.2837114,27.2233224,0 77.2822308,27.2233701,0 77.2799671,27.2235418,0 77.2788834,27.2234846,0 77.2767806,27.2233415,0 77.2743451,27.2229121,0 77.27368,27.2229885,0 77.2721887,27.223351,0 77.2706652,27.2219867,0 77.2667384,27.2225973,0 77.2659981,27.2230266,0 77.2651505,27.2234273,0 77.2631442,27.2237517,0 77.2602153,27.2244291,0 77.2609448,27.2271862,0 77.2620392,27.2296952,0 77.262243,27.2316795,0 77.2625005,27.2332153,0 77.2630799,27.2346653,0 77.2631872,27.2356861,0 77.2618461,27.2357242,0 77.2611272,27.2360772,0 77.2608161,27.238462,0 77.2609234,27.240427,0 77.2603977,27.2413714,0 77.2591102,27.2431837,0 77.2589278,27.2435557,0 77.2590351,27.2441281,0 77.2598934,27.2450342,0 77.2611487,27.2463696,0 77.2621894,27.247457,0 77.2634447,27.2479434,0 77.2647214,27.2490594,0 77.2667277,27.2528556,0 77.26794,27.2550779,0 77.2680473,27.2556597,0 77.2681653,27.2561938,0 77.268734,27.2570235,0 77.2685623,27.2575195,0 77.2692168,27.2585686,0 77.2710943,27.2605905,0 77.2703326,27.2621546,0 77.2707081,27.2624979,0 77.2709548,27.2647296,0 77.2718239,27.2671614,0 77.272768,27.2688685,0 77.272886,27.269536,0 77.2710407,27.2700987,0 77.2679937,27.2707662,0 77.2659445,27.2716627,0 77.2630477,27.2735794,0 77.2628331,27.2741325,0 77.2626078,27.2752292,0 77.2615135,27.2778706,0 77.2613096,27.2787288,0 77.2615456,27.2795012,0 77.261374,27.279978,0 77.2606337,27.2805406,0 77.2595179,27.2810269,0 77.2588956,27.2811318,0 77.2547972,27.2808266,0 77.2523403,27.2809697,0 77.2499478,27.281475,0 77.2486174,27.2806931,0 77.2429311,27.2802354,0 77.2414398,27.2801401,0 77.2408175,27.2800924,0 77.2393048,27.280121,0 77.2386289,27.2805215,0 77.2383392,27.2816276,0 77.2363114,27.2828672,0 77.2362471,27.2834012,0 77.2356141,27.2839638,0 77.2324705,27.2861187,0 77.2302496,27.287854,0 77.2286403,27.288121,0 77.2267091,27.2892652,0 77.2247243,27.2894464,0 77.2231364,27.289904,0 77.2229862,27.2902473,0 77.2221064,27.2905715,0 77.2208834,27.2908861,0 77.2200036,27.2910959,0 77.2190487,27.2912484,0 77.2173643,27.2913247,0 77.2161627,27.2914296,0 77.2145319,27.2918682,0 77.2138667,27.2928597,0 77.2123968,27.295701,0 77.2119892,27.2977889,0 77.2126329,27.2977889,0 77.2128367,27.2983228,0 77.2130299,27.2998292,0 77.2133517,27.3014976,0 77.2142959,27.3031183,0 77.2147679,27.3031183,0 77.2167957,27.3048916,0 77.2175467,27.3049392,0 77.2182763,27.3070747,0 77.2187376,27.3092196,0 77.2190595,27.3107544,0 77.2197032,27.3134046,0 77.2202825,27.3137954,0 77.2212589,27.3143864,0 77.2225678,27.3150918,0 77.2224069,27.3171604,0 77.2220099,27.3172462,0 77.2213232,27.3172843,0 77.22054,27.3175131,0 77.2207117,27.3178848,0 77.2215807,27.3190382,0 77.221173,27.3193337,0 77.2218811,27.3199914,0 77.2223854,27.3204966,0 77.222439,27.3211353,0 77.2220421,27.3214975,0 77.2232115,27.3234515,0 77.224617,27.3259012,0 77.2249925,27.3279505,0 77.2255826,27.3306383,0 77.225647,27.3331545,0 77.2261619,27.3349845,0 77.2260117,27.3357469,0 77.2217202,27.3387395,0 77.219204,27.3418364,0 77.2172329,27.34245,0 77.2144139,27.3427899,0 77.2084057,27.341389,0 77.2082609,27.3413461,0 77.2054982,27.3387205,0 77.2030306,27.3354801,0 77.2034812,27.334241,0 77.2021508,27.3318964,0 77.20052,27.3303143,0 77.1988463,27.3291896,0 77.1968508,27.3288846,0 77.1945119,27.3288083,0 77.1930313,27.3274167,0 77.1911645,27.3267305,0 77.1889543,27.3265208,0 77.185843,27.327493,0 77.1852851,27.3253198,0 77.1800279,27.3260632,0 77.1796632,27.3253388,0 77.1766376,27.3256057,0 77.1761656,27.3253198,0 77.1733546,27.3252054,0 77.1721959,27.3245191,0 77.1705007,27.3227081,0 77.1693635,27.322689,0 77.1642351,27.3166647,0 77.1597504,27.3183233,0 77.153399,27.3194481,0 77.1499872,27.3194863,0 77.1468758,27.3205348,0 77.1469188,27.3196388,0 77.1449661,27.3149489,0 77.1445584,27.3142434,0 77.1429705,27.3129089,0 77.142756,27.311479,0 77.1433139,27.3101062,0 77.1422195,27.3028228,0 77.1410394,27.3023652,0 77.1393657,27.3010114,0 77.1389365,27.2997911,0 77.1376061,27.2991046,0 77.1377563,27.2982275,0 77.1316838,27.2948334,0 77.130804,27.2895703,0 77.1288514,27.2850126,0 77.1274352,27.2840782,0 77.1299028,27.2824381,0 77.1279502,27.2776894,0 77.1266842,27.2750194,0 77.1258259,27.2705374,0 77.1239805,27.2649108,0 77.1230149,27.263423,0 77.1244097,27.2630225,0 77.1228647,27.2609243,0 77.119925,27.2569949,0 77.1124148,27.2560793,0 77.1104193,27.2544388,0 77.1098399,27.2547822,0 77.1070719,27.2520735,0 77.1032524,27.2463887,0 77.1007633,27.2470755,0 77.1004629,27.2475905,0 77.0961714,27.2496508,0 77.09409,27.2500514,0 77.0913648,27.2512913,0 77.0908284,27.249956,0 77.0885539,27.2478958,0 77.0870304,27.2445764,0 77.0848202,27.2418674,0 77.0827174,27.2381472,0 77.0814729,27.2383952,0 77.0805073,27.2362012,0 77.07937,27.2360104,0 77.0764088,27.2366591,0 77.0760655,27.2358005,0 77.0766663,27.2355144,0 77.0767092,27.2326907,0 77.0719027,27.2332249,0 77.0671391,27.2336828,0 77.0628476,27.2346749,0 77.0561099,27.2373268,0 77.0541358,27.2374413,0 77.0494365,27.2383952,0 77.0486855,27.2359532,0 77.0485782,27.2335874,0 77.0474624,27.2310498,0 77.0457029,27.2299432,0 77.0434499,27.2257838,0 77.0419478,27.2227118,0 77.0484066,27.2178842,0 77.0517754,27.2154608,0 77.0552087,27.214106,0 77.0627832,27.2106329,0 77.0629334,27.212732,0 77.0688772,27.2113199,0 77.0681047,27.2074269,0 77.0718813,27.2065491,0 77.0742845,27.2055949,0 77.0847988,27.2016063,0 77.0851636,27.2004994,0 77.0873093,27.1997933,0 77.0871806,27.1989917,0 77.0881462,27.1986291,0 77.0881033,27.1960335,0 77.0894766,27.1938577,0 77.0852279,27.1866049,0 77.0834255,27.1871584,0 77.0826745,27.1843335,0 77.0808291,27.1840853,0 77.0801854,27.1798096,0 77.0819878,27.1797906,0 77.0811724,27.1777863,0 77.0823097,27.1770227,0 77.0829534,27.1772518,0 77.0857429,27.1762974,0 77.0860004,27.17687,0 77.0935106,27.1745221,0 77.0936823,27.173014,0 77.1004414,27.1713723,0 77.0973091,27.1683816,0 77.095812,27.1646,0 77.095008,27.1622753,0 77.0939398,27.1625143,0 77.0934409,27.1618509,0 77.090292,27.1631253,0 77.0872235,27.1633544,0 77.0836615,27.1642707,0 77.0804214,27.1654162,0 77.0790911,27.1656453,0 77.0773315,27.1663134,0 77.0753574,27.1665043,0 77.0725679,27.1661034,0 77.0703363,27.1650725,0 77.0690489,27.163698,0 77.0696282,27.1630489,0 77.0688128,27.1615407,0 77.0681476,27.1615789,0 77.0678472,27.1608534,0 77.0658088,27.1602806,0 77.0655727,27.1594979,0 77.0643711,27.1593261,0 77.0640921,27.1585051,0 77.0620107,27.1588679,0 77.0617962,27.1575696,0 77.0603156,27.157436,0 77.0590925,27.1574932,0 77.0580196,27.1578942,0 77.0546293,27.1581233,0 77.0524621,27.1602997,0 77.0439863,27.1637553,0 77.0417547,27.1644044,0 77.0381284,27.1651489,0 77.0381069,27.1643662,0 77.0342445,27.1648434,0 77.0340943,27.1639653,0 77.0275497,27.1650916,0 77.0279145,27.1667334,0 77.024374,27.1673825,0 77.0242238,27.1710478,0 77.0249748,27.1766982,0 77.0171213,27.1755911,0 77.0119929,27.1746175,0 77.004075,27.1742739,0 77.0001268,27.1737012,0 76.9980966,27.1733573,0 76.9948565,27.1725746,0 76.9916378,27.1730519,0 76.9897066,27.1747222,0 76.9866489,27.1767265,0 76.9835912,27.1783014,0 76.9789777,27.1793512,0 76.9747398,27.1804488,0 76.9709311,27.1808783,0 76.9681952,27.1813555,0 76.9668004,27.1753903,0 76.9644937,27.1717156,0 76.962187,27.1678021,0 76.9591829,27.1635544,0 76.9574663,27.1583042,0 76.9562861,27.1565859,0</coordinates></LinearRing></outerBoundaryIs><innerBoundaryIs><LinearRing><coordinates>77.1823597,27.2937193,0 77.1883646,27.3014192,0 77.1924754,27.3061104,0 77.1973116,27.307507,0 77.2003342,27.3066476,0 77.2030344,27.3037469,0 77.2038001,27.2997001,0 77.2020268,27.2945788,0 77.2009387,27.2904958,0 77.1987221,27.2874873,0 77.196304,27.2862696,0 77.1923948,27.286377,0 77.1885258,27.2872366,0 77.1831254,27.2902093,0 77.1823597,27.2937193,0</coordinates></LinearRing></innerBoundaryIs></Polygon>
    </Placemark>
    <Placemark><name>Moderate Fire Zone</name><styleUrl>#zone1</styleUrl>
      <MultiGeometry><Polygon><extrude>0</extrude><altitudeMode>clampToGround</altitudeMode><outerBoundaryIs><LinearRing><coordinates>77.13889485132245,26.83424435234843,0 77.14046,26.8337788,0 77.144773,26.8332618,0 77.1474981,26.8323811,0 77.1500945,26.8314237,0 77.1526694,26.8303514,0 77.1531629,26.8288579,0 77.1545148,26.8267324,0 77.155931,26.8245687,0 77.1565962,26.8235921,0 77.1576476,26.8234197,0 77.158463,26.8247027,0 77.1589136,26.8256601,0 77.1590209,26.8267899,0 77.1593642,26.8274409,0 77.1601796,26.8285898,0 77.1634412,26.8307344,0 77.1673679,26.8333576,0 77.1719169,26.829126,0 77.1717882,26.826024,0 77.1715092,26.8240899,0 77.1756506,26.8229793,0 77.1793198,26.8226346,0 77.1827745,26.8221559,0 77.186315,26.8226538,0 77.1889114,26.8209495,0 77.1905207,26.8195325,0 77.1929455,26.8190154,0 77.1956277,26.8173111,0 77.1995973,26.8157791,0 77.2043824,26.8137492,0 77.208631,26.811566,0 77.2029447,26.8040203,0 77.1975803,26.7993279,0 77.1963143,26.7976616,0 77.1963143,26.7969721,0 77.196486,26.7955356,0 77.196486,26.7924135,0 77.1972799,26.7909386,0 77.19949,26.7874333,0 77.1989321,26.7857285,0 77.202065,26.7824146,0 77.2053874,26.7796749,0 77.2169527,26.7863066,0 77.2286321,26.7950567,0 77.23979,26.8054815,0 77.247611,26.8116242,0 77.2556405,26.8210238,0 77.2668506,26.8137647,0 77.2759751,26.8022238,0 77.2822319,26.7944516,0 77.2882801,26.785236,0 77.2927641,26.7806279,0 77.2949019,26.780209,0 77.2984474,26.7804883,0 77.3013672,26.7815123,0 77.3042871,26.7835138,0 77.3078847,26.7860738,0 77.3106481,26.7870978,0 77.3134637,26.7886338,0 77.3146107,26.7894716,0 77.3159664,26.7908213,0 77.3174263,26.7931019,0 77.3177391,26.7952428,0 77.3203461,26.796546,0 77.3227446,26.7974768,0 77.3290535,26.8006415,0 77.331869,26.7999899,0 77.3346846,26.8014792,0 77.3337461,26.8033873,0 77.3336418,26.8052022,0 77.3349974,26.8065983,0 77.3368745,26.8075291,0 77.3386994,26.8059934,0 77.3404721,26.8044111,0 77.342297,26.8038061,0 77.3444347,26.8027357,0 77.3466768,26.8025496,0 77.3477717,26.8034338,0 77.3498573,26.8045042,0 77.3510044,26.8050626,0 77.3528293,26.8020377,0 77.3548106,26.7999434,0 77.356844,26.7978957,0 77.3578347,26.7967322,0 77.3554884,26.7944982,0 77.3528293,26.7896112,0 77.3503787,26.787284,0 77.3518386,26.7860738,0 77.3498052,26.7814658,0 77.3474589,26.7756007,0 77.3451647,26.7729008,0 77.3431313,26.7714578,0 77.3409935,26.7694561,0 77.3372916,26.7668491,0 77.3383865,26.7649404,0 77.3411499,26.7618679,0 77.3439655,26.7603315,0 77.3465725,26.759028,0 77.3489188,26.7577244,0 77.3498573,26.7560949,0 77.3492316,26.7545119,0 77.3484495,26.7532549,0 77.3474589,26.7512994,0 77.3470417,26.7481799,0 77.3470939,26.7442222,0 77.3489188,26.7401246,0 77.3496487,26.7373308,0 77.3502744,26.735375,0 77.350483,26.732907,0 77.3494923,26.7306252,0 77.3490752,26.7287625,0 77.3495445,26.7260614,0 77.3489709,26.7233138,0 77.3483192,26.7210318,0 77.3477717,26.7192854,0 77.3474067,26.717958,0 77.34712,26.7159321,0 77.3462336,26.7126253,0 77.3488354,26.7122637,0 77.3516035,26.7116695,0 77.3549509,26.7107877,0 77.3569464,26.7104235,0 77.3606157,26.709446,0 77.3642206,26.7080084,0 77.367053,26.707625,0 77.373147,26.7078934,0 77.3752928,26.7080275,0 77.3789191,26.7082767,0 77.3798632,26.7067816,0 77.3818588,26.7061299,0 77.3843479,26.7063599,0 77.3859143,26.707395,0 77.3876524,26.709446,0 77.3891973,26.7113053,0 77.3915791,26.7128195,0 77.3954844,26.7141996,0 77.3996901,26.7153304,0 77.4065351,26.7165763,0 77.4113631,26.7178605,0 77.4175644,26.7198538,0 77.4238515,26.7224604,0 77.4273062,26.7238403,0 77.4331641,26.7278458,0 77.4353099,26.7288233,0 77.436018,26.7297048,0 77.4373913,26.7300306,0 77.4384641,26.7326753,0 77.4400735,26.7357224,0 77.4426055,26.7375429,0 77.4453199,26.7391718,0 77.4474549,26.7403503,0 77.4497926,26.7421399,0 77.4546504,26.7419435,0 77.4556947,26.747929,0 77.4582052,26.7515409,0 77.460351,26.7546066,0 77.4613595,26.7556508,0 77.4621749,26.7557658,0 77.4620676,26.7566089,0 77.4620247,26.7574902,0 77.4623387788671,26.757278434250626,0 77.46185164788558,26.7767815707595,0 77.4608455,26.777372,0 77.4548149,26.7781428,0 77.4494934,26.7742731,0 77.4429273,26.77048,0 77.4338226,26.7672636,0 77.4327889,26.7707079,0 77.4336576,26.7754609,0 77.4349611,26.7844719,0 77.4280986,26.793582,0 77.4288352,26.7980388,0 77.4291068,26.8015196,0 77.4254731,26.8013912,0 77.4235667,26.8025219,0 77.4234438,26.805495,0 77.420984,26.8101902,0 77.41582384137448,26.812847179852938,0 77.39844423504555,26.81339948413469,0 77.37068415001227,26.83183503619937,0 77.3571280081379,26.833975321412126,0 77.34947175906241,26.842413548702762,0 77.32742579528993,26.844138541682867,0 77.32262153889897,26.870107818094368,0 77.3017498057195,26.89105643399832,0 77.28713346278494,26.89397534056513,0 77.27815690005657,26.902769817146247,0 77.22441532773358,26.902769810521324,0 77.21543873453567,26.8939753379623,0 77.20188599431995,26.891835016586942,0 77.1954395828552,26.883975298602106,0 77.18188634178706,26.881835013658687,0 77.17544049820216,26.873975295963888,0 77.16082328742569,26.871056406728005,0 77.15755318833891,26.855531329170756,0 77.13890475924657,26.8378510086825,0 77.13889485132245,26.83424435234843,0</coordinates></LinearRing></outerBoundaryIs></Polygon><Polygon><extrude>0</extrude><altitudeMode>clampToGround</altitudeMode><outerBoundaryIs><LinearRing><coordinates>77.24872166558917,26.98598318191107,0 77.25854045597187,26.97450890108755,0 77.25994762687475,26.93215151938414,0 77.27456875408262,26.92869381445545,0 77.28441681909605,26.91948967688488,0 77.30815536126964,26.91948967547812,0 77.31800342913266,26.92869424332511,0 77.34068681919922,26.930424238359883,0 77.3465277462974,26.937919394387105,0 77.38068765950491,26.95042432064932,0 77.38800643193358,26.958693803749846,0 77.40068800684038,26.960424319802097,0 77.40800738979407,26.968694674279565,0 77.43815552281679,26.969489592389948,0 77.44963568224843,26.979173786077403,0 77.47815564563484,26.979489592282736,0 77.48963682419271,26.989173786382374,0 77.51947391114732,26.989845712675386,0 77.52801043786872,26.998694254522913,0 77.54947434407609,26.99984578325791,0 77.57801241965741,27.0186938066705,0 77.5906900913579,27.020424322113698,0 77.59649731657335,27.026982190589067,0 77.5963068,27.0282416,0 77.5967788,27.0325231,0 77.5949979,27.0327334,0 77.5865865,27.0351034,0 77.5826597,27.0353901,0 77.5815439,27.0356386,0 77.5809002,27.0363648,0 77.5795698,27.0373969,0 77.57869,27.0372058,0 77.5781965,27.0368809,0 77.5755572,27.0363457,0 77.5738406,27.0349696,0 77.5701284,27.032676,0 77.5631118,27.0287577,0 77.5642919,27.0334406,0 77.5653863,27.0380085,0 77.566781,27.0422132,0 77.5672316,27.0464368,0 77.5681972,27.0468572,0 77.5693559,27.0474306,0 77.5709867,27.0479275,0 77.5728535,27.0489212,0 77.5726175,27.0523228,0 77.574377,27.0541574,0 77.5757718,27.0565461,0 77.5755787,27.0595653,0 77.5734973,27.0622787,0 77.5732183,27.0631004,0 77.5732398,27.0639411,0 77.5734114,27.0649156,0 77.5737762,27.066043,0 77.574656,27.0667691,0 77.5763082,27.0674761,0 77.5773597,27.0683359,0 77.5737548,27.0704186,0 77.5711584,27.0716605,0 77.567811,27.072826,0 77.5666737,27.072463,0 77.5643563,27.0722337,0 77.5625324,27.0717561,0 77.5613308,27.0716796,0 77.5601506,27.0720427,0 77.5590563,27.0727687,0 77.5587129,27.0722528,0 77.5579405,27.0718134,0 77.557404,27.072291,0 77.5567603,27.0730744,0 77.5565457,27.0741826,0 77.5551939,27.0750424,0 77.5533485,27.0752334,0 77.5522756,27.0739915,0 77.5510955,27.0740488,0 77.5497651,27.0741253,0 77.5490784,27.0736094,0 77.5488639,27.0720618,0 77.5485205,27.0708007,0 77.5464821,27.0717369,0 77.5453877,27.0713739,0 77.5445938,27.0698836,0 77.5428128,27.0656226,0 77.5418257,27.0625462,0 77.5399804,27.0625653,0 77.539165,27.0625845,0 77.5366974,27.0629666,0 77.5348091,27.0636545,0 77.5309038,27.0639602,0 77.5268268,27.0636545,0 77.5248098,27.0638647,0 77.5225997,27.0645908,0 77.5187158,27.0665207,0 77.5206041,27.0700364,0 77.522192,27.0726158,0 77.5250244,27.0760932,0 77.5261616,27.0779465,0 77.5270629,27.0810988,0 77.5271702,27.0834296,0 77.5252604,27.0870977,0 77.5235438,27.0893137,0 77.5215482,27.0900206,0 77.5165486,27.0903644,0 77.5121283,27.0904982,0 77.5112057,27.0900588,0 77.5106048,27.0892946,0 77.5096822,27.0888744,0 77.5072145,27.0893329,0 77.5059593,27.0919691,0 77.5072483,27.0955774,0 77.5120854,27.0972988,0 77.5162911,27.1010046,0 77.5211191,27.102953,0 77.5274077,27.1012736,0 77.5372982,27.0977955,0 77.5381518,27.1020907,0 77.5389719,27.1067732,0 77.5417614,27.1039845,0 77.5440359,27.1063912,0 77.548542,27.1081866,0 77.5508165,27.1113573,0 77.5620603,27.1100967,0 77.5673389,27.1131145,0 77.5792155,27.1191472,0 77.5879812,27.1167433,0 77.5895367,27.1200947,0 77.5935602,27.1196846,0 77.5963068,27.1183094,0 77.6006412,27.1202575,0 77.6038599,27.1243827,0 77.6020145,27.1301501,0 77.5990533,27.1353443,0 77.59768,27.1395835,0 77.5982424,27.143781,0 77.6033232,27.1427697,0 77.6092672,27.1467248,0 77.6135723,27.151774,0 77.6096749,27.1587724,0 77.6098251,27.1631062,0 77.614932,27.1657216,0 77.6184922,27.1697409,0 77.6187515,27.1732813,0 77.6202535,27.1735485,0 77.6291335,27.1697599,0 77.6338577,27.1676307,0 77.6369262,27.1640607,0 77.6422691,27.1640798,0 77.6463246,27.1682988,0 77.6492429,27.1705705,0 77.6582515,27.1703276,0 77.6639991,27.1747833,0 77.6690054,27.179027,0 77.6748848,27.1842953,0 77.6793479,27.1915483,0 77.6800775,27.1951747,0 77.6729117,27.2002414,0 77.6667308,27.2087246,0 77.6607227,27.2081521,0 77.6510238,27.2079995,0 77.6462414,27.2107781,0 77.6456165,27.2170828,0 77.647376,27.2234941,0 77.6515817,27.226547,0 77.6512384,27.2339881,0 77.6427841,27.2359341,0 77.644367,27.2390444,0 77.6439976,27.2398554,0 77.6443148,27.2436006,0 77.6437712,27.2479339,0 77.636733,27.2516347,0 77.6349306,27.2575863,0 77.6309824,27.2594937,0 77.625575,27.2591504,0 77.6223315,27.2564675,0 77.6198029,27.2558695,0 77.6169061,27.2569377,0 77.6158118,27.2616301,0 77.613816,27.2643059,0 77.6140308,27.267562,0 77.6194811,27.2720632,0 77.621541,27.2749049,0 77.6174855,27.2770028,0 77.6149532,27.2786936,0 77.6140382,27.2791854,0 77.6159405,27.2823428,0 77.6157689,27.2877015,0 77.6128936,27.2910387,0 77.6067996,27.2916489,0 77.6007391,27.2949328,0 77.5988653,27.2971664,0 77.595801,27.2973725,0 77.593559,27.2976042,0 77.592412,27.2983455,0 77.5912649,27.3001525,0 77.5918384,27.302747,0 77.5926205,27.3050636,0 77.5932462,27.3083067,0 77.5921513,27.3099745,0 77.5906392,27.3105304,0 77.5864159,27.3102988,0 77.5851645,27.3096039,0 77.5828704,27.3096965,0 77.5805762,27.3108547,0 77.5771871,27.3099282,0 77.5760922,27.308631,0 77.5729116,27.3056195,0 77.567437,27.2986698,0 77.5652471,27.2954728,0 77.5620144,27.2937584,0 77.5607109,27.2938511,0 77.5586775,27.2947778,0 77.5552362,27.2959825,0 77.5519514,27.2977895,0 77.549188,27.2995501,0 77.5486145,27.3010791,0 77.5489273,27.3037663,0 77.5508043,27.3071948,0 77.5490316,27.3091406,0 77.5421491,27.3108084,0 77.5400635,27.3117813,0 77.5390729,27.3136343,0 77.5403242,27.3153021,0 77.5420448,27.3172014,0 77.5445476,27.3188691,0 77.5473631,27.3210927,0 77.5486666,27.3237794,0 77.5485623,27.3262808,0 77.5442869,27.3274852,0 77.5390207,27.3277168,0 77.5350581,27.3252154,0 77.5328161,27.322575,0 77.5298963,27.3217412,0 77.5282278,27.3225287,0 77.5263507,27.3233625,0 77.524213,27.3252617,0 77.5215539,27.3272999,0 77.5182691,27.3289674,0 77.5144629,27.3286895,0 77.5138372,27.3262345,0 77.5145671,27.3222045,0 77.5138893,27.3204442,0 77.511178,27.3202125,0 77.5095096,27.321,0 77.5076847,27.3231309,0 77.5015322,27.3236868,0 77.4971003,27.322853,0 77.4920427,27.3222971,0 77.4864637,27.3217875,0 77.4837525,27.3207684,0 77.4813019,27.3174794,0 77.480207,27.3150705,0 77.4793206,27.3130784,0 77.4782256,27.3091869,0 77.4798941,27.3039053,0 77.4799984,27.3017741,0 77.4809891,27.2994111,0 77.4831789,27.2967238,0 77.4844303,27.2954728,0 77.4864637,27.2928781,0 77.4890186,27.2920903,0 77.4901657,27.2935731,0 77.489905,27.2961215,0 77.4898528,27.2989941,0 77.4899571,27.3006158,0 77.4907392,27.3016814,0 77.4926684,27.3012181,0 77.4943369,27.3006621,0 77.496266,27.3003378,0 77.4969439,27.3014498,0 77.4983516,27.3020057,0 77.5012715,27.3009401,0 77.5023143,27.3006621,0 77.503722,27.2990405,0 77.5033571,27.2957045,0 77.5050777,27.2936194,0 77.5071633,27.2925074,0 77.510031,27.2910246,0 77.5128465,27.2897735,0 77.5159749,27.2882444,0 77.517122,27.2858349,0 77.5142022,27.2806448,0 77.512638,27.2790693,0 77.5098745,27.2761034,0 77.5078932,27.2681786,0 77.5078108,27.2660428,0 77.5074761,27.2631268,0 77.5062769,27.2608094,0 77.5052341,27.260763,0 77.5036699,27.2620144,0 77.50148,27.2636366,0 77.4990816,27.2651661,0 77.4969439,27.2657686,0 77.494389,27.2674834,0 77.4924598,27.2694762,0 77.4908956,27.2710056,0 77.4904264,27.2731374,0 77.4892793,27.275918,0 77.4871416,27.2738326,0 77.4868287,27.2708202,0 77.4833354,27.271191,0 77.4814062,27.2713764,0 77.4793727,27.2698006,0 77.47687,27.2677614,0 77.469779,27.2727667,0 77.4658164,27.2761497,0 77.4635743,27.2778644,0 77.4613323,27.2798571,0 77.4580475,27.2810619,0 77.4546063,27.2810156,0 77.4527814,27.2799961,0 77.4508001,27.277679,0 77.4510086,27.2766595,0 77.4528335,27.2768912,0 77.4555969,27.2765668,0 77.456379,27.275779,0 77.4561705,27.2723496,0 77.4526771,27.2714227,0 77.4499658,27.2706812,0 77.4488709,27.2705422,0 77.4472024,27.2729521,0 77.4439698,27.2724886,0 77.442927,27.2698933,0 77.4427705,27.2670199,0 77.4420927,27.263822,0 77.4381301,27.2590017,0 77.4366702,27.2566379,0 77.4352624,27.255062,0 77.4332289,27.2532079,0 77.4311955,27.2521882,0 77.429527,27.2530225,0 77.4284842,27.2545985,0 77.4283278,27.2561744,0 77.4274414,27.2583528,0 77.4253558,27.2599751,0 77.4214453,27.2590481,0 77.4193597,27.2571014,0 77.4178998,27.2552474,0 77.4180041,27.252559,0 77.4202461,27.2524199,0 77.4227488,27.2523736,0 77.4270243,27.2521418,0 77.4290056,27.2510757,0 77.4273893,27.2492679,0 77.4247823,27.248619,0 77.4197769,27.2500559,0 77.4161271,27.2506585,0 77.4152928,27.2502877,0 77.4147856,27.2499846,0 77.4138522,27.2487637,0 77.4131334,27.2479434,0 77.4120498,27.2477241,0 77.4096787,27.2475524,0 77.4092495,27.2443188,0 77.4094105,27.2429643,0 77.4092173,27.2415908,0 77.4091422,27.2408181,0 77.4087882,27.2397974,0 77.4069428,27.2376607,0 77.4038744,27.2340071,0 77.4040353,27.2337782,0 77.4001086,27.2271671,0 77.399497,27.2267283,0 77.3985314,27.2241333,0 77.402147,27.2218627,0 77.4035954,27.2209086,0 77.4032307,27.2201168,0 77.4028873,27.2195825,0 77.402308,27.218762,0 77.4014389,27.21631,0 77.3993683,27.213524,0 77.3974907,27.210528,0 77.3961174,27.2110146,0 77.3954093,27.2105566,0 77.3943043,27.208591,0 77.3931777,27.209049,0 77.392416,27.2094975,0 77.3915148,27.2099459,0 77.3890042,27.2103467,0 77.3880064,27.2110909,0 77.3870087,27.2102417,0 77.3861396,27.2107092,0 77.3860001,27.2098505,0 77.3857963,27.2089727,0 77.3852277,27.2095166,0 77.3848843,27.2100032,0 77.384069,27.2104898,0 77.3829961,27.2101749,0 77.3823416,27.2094402,0 77.3813116,27.2096788,0 77.3813116,27.2083143,0 77.3808825,27.2073506,0 77.3818588,27.2065205,0 77.3808503,27.2056331,0 77.3788118,27.208133,0 77.3787582,27.2090967,0 77.3777819,27.2103944,0 77.3762905,27.2121977,0 77.37481,27.2136289,0 77.3736513,27.2116348,0 77.3717201,27.2124744,0 77.3707116,27.2103371,0 77.3689949,27.2106615,0 77.3664629,27.2118638,0 77.3667741,27.2130278,0 77.3635983,27.2138961,0 77.3636413,27.2146498,0 77.3638129,27.2154417,0 77.3641133,27.2163958,0 77.3641133,27.2171686,0 77.3633945,27.2195348,0 77.3624396,27.220298,0 77.3614311,27.2212426,0 77.3603368,27.2211567,0 77.3583627,27.2209182,0 77.3585665,27.2185425,0 77.3588347,27.2169301,0 77.3586523,27.2163386,0 77.354908,27.2153654,0 77.3537493,27.2151269,0 77.3529553,27.215041,0 77.3510563,27.2141918,0 77.3509383,27.2150219,0 77.3513675,27.2160619,0 77.3478591,27.2176743,0 77.3459387,27.2180464,0 77.3449302,27.2191341,0 77.3427737,27.2196111,0 77.3397696,27.2187811,0 77.3370659,27.217369,0 77.3358321,27.2156898,0 77.3357355,27.215165,0 77.3356712,27.2125126,0 77.335993,27.211005,0 77.3359501,27.2094975,0 77.3354137,27.2075987,0 77.3350167,27.2064632,0 77.3345125,27.2041636,0 77.3337936,27.2014345,0 77.3326671,27.2001559,0 77.3298776,27.2012723,0 77.3284829,27.2003563,0 77.3288262,27.1998028,0 77.3297489,27.1991062,0 77.3290622,27.1980088,0 77.3294806,27.1977989,0 77.3289442,27.1973695,0 77.3279893,27.1977034,0 77.3269057,27.1965011,0 77.3255432,27.1963388,0 77.3254041,27.1944995,0 77.3223674,27.1947166,0 77.322185,27.1955277,0 77.3214233,27.1954323,0 77.3214555,27.1976653,0 77.3232579,27.1982187,0 77.3212731,27.2005566,0 77.3203504,27.2014536,0 77.3187518,27.2025605,0 77.31867393529744,27.202341420580147,0 77.31857421245927,27.197960740141447,0 77.3088832921774,27.187851059095696,0 77.30817853078429,27.166700157519777,0 77.289286032879,27.149025460285646,0 77.28818125005286,27.126701119967255,0 77.27928777521117,27.119025459027476,0 77.2775348772989,27.105525343155403,0 77.25928951473632,27.08902545586918,0 77.25818532061562,27.06670256178113,0 77.24889130052607,27.057851045206732,0 77.24872166558917,26.98598318191107,0</coordinates></LinearRing></outerBoundaryIs></Polygon></MultiGeometry>
    </Placemark>
    <Placemark><name>High Fire Zone</name><styleUrl>#zone2</styleUrl>
      <Polygon><extrude>0</extrude><altitudeMode>clampToGround</altitudeMode><outerBoundaryIs><LinearRing><coordinates>77.35871347734899,27.1159831744666,0 77.36853206371646,27.104512025625453,0 77.36993977301358,27.082151592748858,0 77.39081528610116,27.061202845470604,0 77.40455560755711,27.058693884815863,0 77.41309843003266,27.049845146998948,0 77.53947376260976,27.04984514459923,0 77.56801741118404,27.06869380514647,0 77.57507282550239,27.069657122091087,0 77.5737548,27.0704186,0 77.5711584,27.0716605,0 77.567811,27.072826,0 77.5666737,27.072463,0 77.5643563,27.0722337,0 77.5625324,27.0717561,0 77.5613308,27.0716796,0 77.5601506,27.0720427,0 77.5590563,27.0727687,0 77.5587129,27.0722528,0 77.5579405,27.0718134,0 77.557404,27.072291,0 77.5567603,27.0730744,0 77.5565457,27.0741826,0 77.5551939,27.0750424,0 77.5533485,27.0752334,0 77.5522756,27.0739915,0 77.5510955,27.0740488,0 77.5497651,27.0741253,0 77.5490784,27.0736094,0 77.5488639,27.0720618,0 77.5485205,27.0708007,0 77.5464821,27.0717369,0 77.5453877,27.0713739,0 77.5445938,27.0698836,0 77.5428128,27.0656226,0 77.5418257,27.0625462,0 77.5399804,27.0625653,0 77.539165,27.0625845,0 77.5366974,27.0629666,0 77.5348091,27.0636545,0 77.5309038,27.0639602,0 77.5268268,27.0636545,0 77.5248098,27.0638647,0 77.5225997,27.0645908,0 77.5187158,27.0665207,0 77.5206041,27.0700364,0 77.522192,27.0726158,0 77.5250244,27.0760932,0 77.5261616,27.0779465,0 77.5270629,27.0810988,0 77.5271702,27.0834296,0 77.5252604,27.0870977,0 77.5235438,27.0893137,0 77.5215482,27.0900206,0 77.5165486,27.0903644,0 77.5121283,27.0904982,0 77.5112057,27.0900588,0 77.5106048,27.0892946,0 77.5096822,27.0888744,0 77.5072145,27.0893329,0 77.5059593,27.0919691,0 77.5072483,27.0955774,0 77.5120854,27.0972988,0 77.5162911,27.1010046,0 77.5211191,27.102953,0 77.5274077,27.1012736,0 77.5372982,27.0977955,0 77.5381518,27.1020907,0 77.5389719,27.1067732,0 77.5417614,27.1039845,0 77.5440359,27.1063912,0 77.548542,27.1081866,0 77.5508165,27.1113573,0 77.5620603,27.1100967,0 77.5673389,27.1131145,0 77.5792155,27.1191472,0 77.5879812,27.1167433,0 77.5895367,27.1200947,0 77.5935602,27.1196846,0 77.5963068,27.1183094,0 77.6006412,27.1202575,0 77.6038599,27.1243827,0 77.6020145,27.1301501,0 77.5990533,27.1353443,0 77.59768,27.1395835,0 77.5982424,27.143781,0 77.6033232,27.1427697,0 77.6092672,27.1467248,0 77.6135723,27.151774,0 77.6096749,27.1587724,0 77.6098251,27.1631062,0 77.614932,27.1657216,0 77.6184922,27.1697409,0 77.6187515,27.1732813,0 77.6202535,27.1735485,0 77.6291335,27.1697599,0 77.6338577,27.1676307,0 77.6369262,27.1640607,0 77.6422691,27.1640798,0 77.6463246,27.1682988,0 77.6492429,27.1705705,0 77.6582515,27.1703276,0 77.6639991,27.1747833,0 77.6690054,27.179027,0 77.6748848,27.1842953,0 77.6793479,27.1915483,0 77.6800775,27.1951747,0 77.6729117,27.2002414,0 77.6667308,27.2087246,0 77.6607227,27.2081521,0 77.6510238,27.2079995,0 77.6462414,27.2107781,0 77.6456165,27.2170828,0 77.647376,27.2234941,0 77.6515817,27.226547,0 77.6512384,27.2339881,0 77.6427841,27.2359341,0 77.644367,27.2390444,0 77.6439976,27.2398554,0 77.6443148,27.2436006,0 77.6437712,27.2479339,0 77.636733,27.2516347,0 77.6349306,27.2575863,0 77.6309824,27.2594937,0 77.625575,27.2591504,0 77.6223315,27.2564675,0 77.6198029,27.2558695,0 77.6169061,27.2569377,0 77.6158118,27.2616301,0 77.613816,27.2643059,0 77.6140308,27.267562,0 77.6194811,27.2720632,0 77.621541,27.2749049,0 77.6174855,27.2770028,0 77.6149532,27.2786936,0 77.6140382,27.2791854,0 77.6159405,27.2823428,0 77.6157689,27.2877015,0 77.6128936,27.2910387,0 77.6067996,27.2916489,0 77.6007391,27.2949328,0 77.5988653,27.2971664,0 77.595801,27.2973725,0 77.593559,27.2976042,0 77.592412,27.2983455,0 77.5912649,27.3001525,0 77.5918384,27.302747,0 77.5926205,27.3050636,0 77.5932462,27.3083067,0 77.5921513,27.3099745,0 77.5906392,27.3105304,0 77.5864159,27.3102988,0 77.5851645,27.3096039,0 77.5828704,27.3096965,0 77.5805762,27.3108547,0 77.5771871,27.3099282,0 77.5760922,27.308631,0 77.5729116,27.3056195,0 77.567437,27.2986698,0 77.5652471,27.2954728,0 77.5620144,27.2937584,0 77.5607109,27.2938511,0 77.5586775,27.2947778,0 77.5552362,27.2959825,0 77.5519514,27.2977895,0 77.549188,27.2995501,0 77.5486145,27.3010791,0 77.5489273,27.3037663,0 77.5508043,27.3071948,0 77.5490316,27.3091406,0 77.5421491,27.3108084,0 77.5400635,27.3117813,0 77.5390729,27.3136343,0 77.5403242,27.3153021,0 77.5420448,27.3172014,0 77.5445476,27.3188691,0 77.5473631,27.3210927,0 77.5486666,27.3237794,0 77.5485623,27.3262808,0 77.5442869,27.3274852,0 77.5390207,27.3277168,0 77.5350581,27.3252154,0 77.5328161,27.322575,0 77.5298963,27.3217412,0 77.5282278,27.3225287,0 77.5263507,27.3233625,0 77.524213,27.3252617,0 77.5215539,27.3272999,0 77.5182691,27.3289674,0 77.5144629,27.3286895,0 77.5138372,27.3262345,0 77.5145671,27.3222045,0 77.5138893,27.3204442,0 77.511178,27.3202125,0 77.5095096,27.321,0 77.5076847,27.3231309,0 77.5015322,27.3236868,0 77.4971003,27.322853,0 77.4920427,27.3222971,0 77.4864637,27.3217875,0 77.4837525,27.3207684,0 77.4813019,27.3174794,0 77.480207,27.3150705,0 77.4793206,27.3130784,0 77.4782256,27.3091869,0 77.4798941,27.3039053,0 77.4799984,27.3017741,0 77.4809891,27.2994111,0 77.4831789,27.2967238,0 77.4844303,27.2954728,0 77.4864637,27.2928781,0 77.4890186,27.2920903,0 77.4901657,27.2935731,0 77.489905,27.2961215,0 77.4898528,27.2989941,0 77.4899571,27.3006158,0 77.4907392,27.3016814,0 77.4926684,27.3012181,0 77.4943369,27.3006621,0 77.496266,27.3003378,0 77.4969439,27.3014498,0 77.4983516,27.3020057,0 77.5012715,27.3009401,0 77.5023143,27.3006621,0 77.503722,27.2990405,0 77.5033571,27.2957045,0 77.5050777,27.2936194,0 77.5071633,27.2925074,0 77.510031,27.2910246,0 77.5128465,27.2897735,0 77.5159749,27.2882444,0 77.517122,27.2858349,0 77.5142022,27.2806448,0 77.512638,27.2790693,0 77.5098745,27.2761034,0 77.5078932,27.2681786,0 77.5078108,27.2660428,0 77.5074761,27.2631268,0 77.5062769,27.2608094,0 77.5052341,27.260763,0 77.5036699,27.2620144,0 77.50148,27.2636366,0 77.4990816,27.2651661,0 77.4969439,27.2657686,0 77.494389,27.2674834,0 77.4924598,27.2694762,0 77.4908956,27.2710056,0 77.4904264,27.2731374,0 77.4892793,27.275918,0 77.4871416,27.2738326,0 77.4868287,27.2708202,0 77.4833354,27.271191,0 77.4814062,27.2713764,0 77.4793727,27.2698006,0 77.47687,27.2677614,0 77.469779,27.2727667,0 77.4658164,27.2761497,0 77.4635743,27.2778644,0 77.4613323,27.2798571,0 77.4580475,27.2810619,0 77.4546063,27.2810156,0 77.4527814,27.2799961,0 77.4508001,27.277679,0 77.4510086,27.2766595,0 77.4528335,27.2768912,0 77.4555969,27.2765668,0 77.456379,27.275779,0 77.4561705,27.2723496,0 77.4526771,27.2714227,0 77.4499658,27.2706812,0 77.4488709,27.2705422,0 77.4472024,27.2729521,0 77.4439698,27.2724886,0 77.442927,27.2698933,0 77.4427705,27.2670199,0 77.4420927,27.263822,0 77.4381301,27.2590017,0 77.4366702,27.2566379,0 77.4352624,27.255062,0 77.4332289,27.2532079,0 77.4311955,27.2521882,0 77.429527,27.2530225,0 77.4284842,27.2545985,0 77.4283278,27.2561744,0 77.4274414,27.2583528,0 77.4253558,27.2599751,0 77.4214453,27.2590481,0 77.4193597,27.2571014,0 77.4178998,27.2552474,0 77.4180041,27.252559,0 77.4202461,27.2524199,0 77.4227488,27.2523736,0 77.4270243,27.2521418,0 77.4290056,27.2510757,0 77.4273893,27.2492679,0 77.4247823,27.248619,0 77.4197769,27.2500559,0 77.4161271,27.2506585,0 77.4152928,27.2502877,0 77.4147856,27.2499846,0 77.4138522,27.2487637,0 77.4131334,27.2479434,0 77.4120498,27.2477241,0 77.4096787,27.2475524,0 77.4092495,27.2443188,0 77.4094105,27.2429643,0 77.4092173,27.2415908,0 77.4091422,27.2408181,0 77.4087882,27.2397974,0 77.4069428,27.2376607,0 77.4038744,27.2340071,0 77.4040353,27.2337782,0 77.4001086,27.2271671,0 77.399497,27.2267283,0 77.3985314,27.2241333,0 77.402147,27.2218627,0 77.4035954,27.2209086,0 77.4032307,27.2201168,0 77.4028873,27.2195825,0 77.402308,27.218762,0 77.4014389,27.21631,0 77.3993683,27.213524,0 77.3974907,27.210528,0 77.3961174,27.2110146,0 77.3954093,27.2105566,0 77.3943043,27.208591,0 77.3931777,27.209049,0 77.392416,27.2094975,0 77.3915148,27.2099459,0 77.3890042,27.2103467,0 77.3880064,27.2110909,0 77.3870087,27.2102417,0 77.3861396,27.2107092,0 77.3860001,27.2098505,0 77.3857963,27.2089727,0 77.3852277,27.2095166,0 77.3848843,27.2100032,0 77.384069,27.2104898,0 77.3829961,27.2101749,0 77.3823416,27.2094402,0 77.3813116,27.2096788,0 77.3813116,27.2083143,0 77.3808825,27.2073506,0 77.3818588,27.2065205,0 77.3808503,27.2056331,0 77.3788118,27.208133,0 77.3787582,27.2090967,0 77.3777819,27.2103944,0 77.3762905,27.2121977,0 77.37487976465091,27.213561458481333,0 77.37463589782939,27.213329273575216,0 77.3736513,27.2116348,0 77.37310543037557,27.211872119871927,0 77.36888204494136,27.207851046630218,0 77.3685754949926,27.1779612232543,0 77.35888452045461,27.167851042370085,0 77.35871347734899,27.1159831744666,0</coordinates></LinearRing></outerBoundaryIs></Polygon>
    </Placemark>
    <Placemark><name>Very High Fire Zone</name><styleUrl>#zone3</styleUrl>
      <Polygon><extrude>0</extrude><altitudeMode>clampToGround</altitudeMode><outerBoundaryIs><LinearRing><coordinates>77.41871157783727,27.14598317784744,0 77.42799165004084,27.135963054294276,0 77.43081262206165,27.121202845864605,0 77.44454974872174,27.11869381417865,0 77.45309522093947,27.109845781273563,0 77.47455075329943,27.108694258921986,0 77.48441511735676,27.09948958764386,0 77.51484463916339,27.099730069108983,0 77.5162911,27.1010046,0 77.5211191,27.102953,0 77.5274077,27.1012736,0 77.5301686352415,27.100302687623127,0 77.53884159685893,27.10602921212287,0 77.5389719,27.1067732,0 77.5393682599811,27.10637695369088,0 77.55802243285298,27.118693804921772,0 77.57069357328874,27.12042431745397,0 77.57802343827896,27.12869380548078,0 77.59069392323062,27.130424317817518,0 77.59822121058522,27.13791285271764,0 77.59768,27.1395835,0 77.5982424,27.143781,0 77.60313987088503,27.142806190460945,0 77.613066689737,27.152681903439372,0 77.6096749,27.1587724,0 77.6098251,27.1631062,0 77.614932,27.1657216,0 77.6184922,27.1697409,0 77.6187515,27.1732813,0 77.6202535,27.1735485,0 77.6291335,27.1697599,0 77.62989023664467,27.16941883830409,0 77.63263713557654,27.17215159547801,0 77.6332914187947,27.239025454425587,0 77.60176666851655,27.271056431058607,0 77.58716854994579,27.273975389785235,0 77.57948331591116,27.282413190116444,0 77.51519704521391,27.28241319035028,0 77.5142022,27.2806448,0 77.512638,27.2790693,0 77.5098745,27.2761034,0 77.5078932,27.2681786,0 77.5078108,27.2660428,0 77.5074761,27.2631268,0 77.5062769,27.2608094,0 77.5052341,27.260763,0 77.5036699,27.2620144,0 77.50148,27.2636366,0 77.4990816,27.2651661,0 77.4969439,27.2657686,0 77.494389,27.2674834,0 77.4924598,27.2694762,0 77.4908956,27.2710056,0 77.4904264,27.2731374,0 77.4892793,27.275918,0 77.4871416,27.2738326,0 77.4868287,27.2708202,0 77.4833354,27.271191,0 77.48266228170259,27.271255688022155,0 77.47658811557784,27.264755726183754,0 77.46080597947325,27.261056431091607,0 77.43928078208259,27.239025456219974,0 77.43817442539202,27.22669871259176,0 77.42993242812688,27.22010780961088,0 77.42817579140083,27.20669919604875,0 77.41888266438123,27.197851047430298,0 77.41871157783727,27.14598317784744,0</coordinates></LinearRing></outerBoundaryIs></Polygon>
    </Placemark>
  </Folder>
  <Folder><name>District Boundary</name>
    <Placemark><name>Bharatpur District</name><styleUrl>#boundary</styleUrl>
      <Polygon><extrude>0</extrude><altitudeMode>clampToGround</altitudeMode><outerBoundaryIs><LinearRing><coordinates>76.9562861,27.1565859,0 76.957359,27.1529583,0 76.9581637,27.1507149,0 76.9587001,27.1487101,0 76.9600949,27.1461801,0 76.9602989,27.1433789,0 76.9609065,27.1421703,0 76.9611925,27.1392759,0 76.9618358,27.1342185,0 76.9595841,27.1255663,0 76.9628009,27.12528,0 76.9658747,27.1257253,0 76.9714862,27.1263615,0 76.9739881,27.1248346,0 76.9760254,27.1223851,0 76.981637,27.1182177,0 76.9846393,27.1164998,0 76.9881778,27.1141138,0 76.9922524,27.1109641,0 76.9929672,27.1079735,0 76.9921094,27.10616,0 76.990501,27.1044737,0 76.9888926,27.1042192,0 76.9866051,27.1045373,0 76.9846035,27.1050464,0 76.9826377,27.1050782,0 76.9806004,27.1035828,0 76.9799571,27.1015147,0 76.9822803,27.098842,0 76.9827807,27.0974738,0 76.9834598,27.0950873,0 76.9842819,27.0941009,0 76.9865336,27.0927327,0 76.9878561,27.0900279,0 76.9856758,27.0865594,0 76.9832096,27.0846501,0 76.9814582,27.0836317,0 76.9783844,27.0830271,0 76.9753106,27.0819769,0 76.9702352,27.081245,0 76.9694132,27.075644,0 76.969985,27.0708383,0 76.9720223,27.0695016,0 76.9768118,27.0677511,0 76.9828164,27.0653004,0 76.9851754,27.0646638,0 76.9881063,27.0636135,0 76.9930387,27.0616719,0 76.9947186,27.0600486,0 76.9938608,27.0533961,0 76.9931459,27.0515498,0 76.9938965,27.0491943,0 76.9963627,27.0488123,0 76.9986859,27.0482074,0 77.0024389,27.0465521,0 77.0078717,27.0444193,0 77.0120892,27.0426366,0 77.0120535,27.041395,0 77.0116603,27.0380205,0 77.0105523,27.0353781,0 77.009909,27.0341046,0 77.0078717,27.0338818,0 77.0064062,27.0340728,0 77.0028678,27.0355373,0 76.9973635,27.0369381,0 76.9941824,27.0369699,0 76.9902508,27.0370654,0 76.986891,27.0374474,0 76.9841389,27.0372246,0 76.9831381,27.0354099,0 76.9813868,27.0322263,0 76.9809579,27.0292017,0 76.9861405,27.0252218,0 76.9893215,27.0207642,0 76.9943254,27.0169433,0 76.9990076,27.0150009,0 77.0000624,27.0120126,0 77.0005667,27.0116398,0 77.0012641,27.0097663,0 77.0028734,27.0074626,0 77.0059097,27.0045281,0 77.0062745,27.0007999,0 77.0065856,26.9977218,0 77.0073151,26.9920528,0 77.0077872,26.9891178,0 77.0079374,26.9876359,0 77.0080125,26.9861062,0 77.0074654,26.984108,0 77.0073151,26.9826739,0 77.0068216,26.9815744,0 77.0068002,26.9807426,0 77.0068538,26.9775395,0 77.0064354,26.9743747,0 77.0078623,26.9749484,0 77.0100725,26.9757229,0 77.0115209,26.9766599,0 77.0125937,26.9774152,0 77.0136666,26.9779411,0 77.014364,26.9780654,0 77.0154798,26.9776734,0 77.0163274,26.9767746,0 77.0172715,26.9749866,0 77.0183658,26.9709133,0 77.0188486,26.9679969,0 77.0191812,26.9655107,0 77.0195031,26.9626897,0 77.0196855,26.9600696,0 77.0200503,26.9549151,0 77.0204043,26.9524764,0 77.0206189,26.9504489,0 77.0210051,26.948431,0 77.0212841,26.9466521,0 77.0207584,26.9465851,0 77.0210159,26.9462886,0 77.0214128,26.9461165,0 77.02196,26.9460974,0 77.0223892,26.9456765,0 77.0221424,26.9449497,0 77.0227647,26.9445384,0 77.0232475,26.9439454,0 77.0235693,26.9433524,0 77.0232046,26.9424534,0 77.0245457,26.9415448,0 77.0227647,26.9405979,0 77.019664,26.9377763,0 77.0127654,26.9323817,0 77.0152438,26.9290338,0 77.016896,26.9269868,0 77.0183551,26.9265181,0 77.0208979,26.9255711,0 77.0219922,26.9253989,0 77.0239985,26.925265,0 77.0256936,26.9248154,0 77.0274532,26.9239257,0 77.0281505,26.9239544,0 77.0287084,26.924184,0 77.0292127,26.9241075,0 77.0293951,26.9238301,0 77.0292234,26.9229691,0 77.0289874,26.9216012,0 77.0294809,26.9211324,0 77.0303607,26.9210464,0 77.0311224,26.9207307,0 77.0314765,26.9196114,0 77.0322168,26.9190948,0 77.0369267,26.916024,0 77.0367765,26.9141681,0 77.0381069,26.9139193,0 77.0376348,26.9125417,0 77.0392978,26.9120921,0 77.0390725,26.9109823,0 77.0401347,26.9109536,0 77.0411861,26.9084183,0 77.0441794,26.9105805,0 77.047795,26.9128287,0 77.048589,26.9128,0 77.050885,26.9130009,0 77.0524192,26.9131157,0 77.0538461,26.9134888,0 77.0557451,26.9143977,0 77.0570755,26.9147612,0 77.0582127,26.9147612,0 77.0595109,26.9144838,0 77.0593715,26.9111354,0 77.0607018,26.9105709,0 77.0600474,26.9071267,0 77.060262,26.906237,0 77.059629,26.905462,0 77.0602834,26.903979,0 77.0613885,26.9024386,0 77.0626223,26.9013957,0 77.0608413,26.9012235,0 77.06038,26.9006207,0 77.0585024,26.9006877,0 77.0594144,26.8984488,0 77.0598864,26.8981809,0 77.0611846,26.8977695,0 77.0608628,26.8959611,0 77.0606804,26.8950712,0 77.0597577,26.8935594,0 77.0593285,26.8922677,0 77.05935,26.8911098,0 77.0595646,26.8889664,0 77.0596611,26.8886985,0 77.0599294,26.8882009,0 77.0603478,26.887933,0 77.0604336,26.8873493,0 77.0602727,26.8869282,0 77.060219,26.8863732,0 77.0607555,26.8862201,0 77.0612919,26.8861914,0 77.0613456,26.8859713,0 77.0614207,26.8851005,0 77.0616567,26.8846604,0 77.0620751,26.8843637,0 77.0622468,26.8839809,0 77.0621824,26.8831006,0 77.0622575,26.8826795,0 77.0628905,26.8826986,0 77.0633089,26.8825838,0 77.0632124,26.8821532,0 77.0620215,26.8813111,0 77.0619142,26.8809187,0 77.0620537,26.8805455,0 77.0629012,26.880402,0 77.0634699,26.8802201,0 77.0641994,26.8798278,0 77.0645535,26.8791866,0 77.0645749,26.878555,0 77.0644998,26.8771482,0 77.0663667,26.8762391,0 77.0670104,26.8754735,0 77.0671606,26.8749567,0 77.0670318,26.8739232,0 77.0670962,26.8727556,0 77.067461,26.8724302,0 77.068963,26.8716646,0 77.069757,26.8708415,0 77.0707655,26.8699993,0 77.0717354,26.8697363,0 77.0755079,26.8582737,0 77.077707,26.8586099,0 77.0808506,26.8593947,0 77.0868587,26.8609644,0 77.0934677,26.8617876,0 77.0970297,26.8625532,0 77.0980811,26.8631084,0 77.0985746,26.8640846,0 77.0995831,26.8674153,0 77.1009135,26.8718368,0 77.1017074,26.8730427,0 77.102437,26.8738275,0 77.1035099,26.8740763,0 77.1044111,26.8738083,0 77.1058488,26.8725642,0 77.1088528,26.8693103,0 77.1101618,26.8674153,0 77.1127796,26.8624958,0 77.1147752,26.8587822,0 77.1160412,26.8571167,0 77.1161699,26.8540538,0 77.1184659,26.8526563,0 77.1197748,26.8518905,0 77.1218991,26.84944,0 77.1237016,26.8479468,0 77.1287012,26.8451708,0 77.1319628,26.8431222,0 77.1335935,26.8417437,0 77.1340871,26.8406141,0 77.1343875,26.8395036,0 77.1347952,26.8389484,0 77.1351599,26.83824,0 77.134881,26.8365551,0 77.1358466,26.8357126,0 77.1372413,26.8347362,0 77.14046,26.8337788,0 77.144773,26.8332618,0 77.1474981,26.8323811,0 77.1500945,26.8314237,0 77.1526694,26.8303514,0 77.1531629,26.8288579,0 77.1545148,26.8267324,0 77.155931,26.8245687,0 77.1565962,26.8235921,0 77.1576476,26.8234197,0 77.158463,26.8247027,0 77.1589136,26.8256601,0 77.1590209,26.8267899,0 77.1593642,26.8274409,0 77.1601796,26.8285898,0 77.1634412,26.8307344,0 77.1673679,26.8333576,0 77.1719169,26.829126,0 77.1717882,26.826024,0 77.1715092,26.8240899,0 77.1756506,26.8229793,0 77.1793198,26.8226346,0 77.1827745,26.8221559,0 77.186315,26.8226538,0 77.1889114,26.8209495,0 77.1905207,26.8195325,0 77.1929455,26.8190154,0 77.1956277,26.8173111,0 77.1995973,26.8157791,0 77.2043824,26.8137492,0 77.208631,26.811566,0 77.2029447,26.8040203,0 77.1975803,26.7993279,0 77.1963143,26.7976616,0 77.1963143,26.7969721,0 77.196486,26.7955356,0 77.196486,26.7946928,0 77.196486,26.7924135,0 77.1972799,26.7909386,0 77.19949,26.7874333,0 77.1989321,26.7857285,0 77.202065,26.7824146,0 77.2053874,26.7796749,0 77.2169527,26.7863066,0 77.2286321,26.7950567,0 77.23979,26.8054815,0 77.247611,26.8116242,0 77.2556405,26.8210238,0 77.2668506,26.8137647,0 77.2759751,26.8022238,0 77.2822319,26.7944516,0 77.2882801,26.785236,0 77.2927641,26.7806279,0 77.2949019,26.780209,0 77.2984474,26.7804883,0 77.3013672,26.7815123,0 77.3042871,26.7835138,0 77.3078847,26.7860738,0 77.3106481,26.7870978,0 77.3134637,26.7886338,0 77.3146107,26.7894716,0 77.3159664,26.7908213,0 77.3174263,26.7931019,0 77.3177391,26.7952428,0 77.3203461,26.796546,0 77.3227446,26.7974768,0 77.3290535,26.8006415,0 77.331869,26.7999899,0 77.3346846,26.8014792,0 77.3337461,26.8033873,0 77.3336418,26.8052022,0 77.3349974,26.8065983,0 77.3368745,26.8075291,0 77.3386994,26.8059934,0 77.3404721,26.8044111,0 77.342297,26.8038061,0 77.3444347,26.8027357,0 77.3466768,26.8025496,0 77.3477717,26.8034338,0 77.3498573,26.8045042,0 77.3510044,26.8050626,0 77.3528293,26.8020377,0 77.3548106,26.7999434,0 77.356844,26.7978957,0 77.3578347,26.7967322,0 77.3554884,26.7944982,0 77.3528293,26.7896112,0 77.3503787,26.787284,0 77.3518386,26.7860738,0 77.3498052,26.7814658,0 77.3474589,26.7756007,0 77.3451647,26.7729008,0 77.3431313,26.7714578,0 77.3409935,26.7694561,0 77.3372916,26.7668491,0 77.3383865,26.7649404,0 77.3411499,26.7618679,0 77.3439655,26.7603315,0 77.3465725,26.759028,0 77.3489188,26.7577244,0 77.3498573,26.7560949,0 77.3492316,26.7545119,0 77.3484495,26.7532549,0 77.3474589,26.7512994,0 77.3470417,26.7481799,0 77.3470939,26.7442222,0 77.3489188,26.7401246,0 77.3496487,26.7373308,0 77.3502744,26.735375,0 77.350483,26.732907,0 77.3494923,26.7306252,0 77.3490752,26.7287625,0 77.3495445,26.7260614,0 77.3489709,26.7233138,0 77.3483192,26.7210318,0 77.3477717,26.7192854,0 77.3474067,26.717958,0 77.34712,26.7159321,0 77.3462336,26.7126253,0 77.3488354,26.7122637,0 77.3516035,26.7116695,0 77.3549509,26.7107877,0 77.3569464,26.7104235,0 77.3606157,26.709446,0 77.3642206,26.7080084,0 77.367053,26.707625,0 77.373147,26.7078934,0 77.3752928,26.7080275,0 77.3789191,26.7082767,0 77.3798632,26.7067816,0 77.3818588,26.7061299,0 77.3843479,26.7063599,0 77.3859143,26.707395,0 77.3876524,26.709446,0 77.3891973,26.7113053,0 77.3915791,26.7128195,0 77.3954844,26.7141996,0 77.3996901,26.7153304,0 77.4065351,26.7165763,0 77.4113631,26.7178605,0 77.4175644,26.7198538,0 77.4238515,26.7224604,0 77.4273062,26.7238403,0 77.4331641,26.7278458,0 77.4353099,26.7288233,0 77.436018,26.7297048,0 77.4373913,26.7300306,0 77.4384641,26.7326753,0 77.4400735,26.7357224,0 77.4426055,26.7375429,0 77.4453199,26.7391718,0 77.4474549,26.7403503,0 77.4497926,26.7421399,0 77.4546504,26.7419435,0 77.4556947,26.747929,0 77.4582052,26.7515409,0 77.460351,26.7546066,0 77.4613595,26.7556508,0 77.4621749,26.7557658,0 77.4620676,26.7566089,0 77.4620247,26.7574902,0 77.4630761,26.7567813,0 77.4637413,26.7573561,0 77.469414,26.7646814,0 77.467432,26.7735069,0 77.4608455,26.777372,0 77.4548149,26.7781428,0 77.4494934,26.7742731,0 77.4429273,26.77048,0 77.4338226,26.7672636,0 77.4327889,26.7707079,0 77.4336576,26.7754609,0 77.4349611,26.7844719,0 77.4280986,26.793582,0 77.4288352,26.7980388,0 77.4291068,26.8015196,0 77.4254731,26.8013912,0 77.4235667,26.8025219,0 77.4234438,26.805495,0 77.420984,26.8101902,0 77.4081206,26.8168136,0 77.4027913,26.8240809,0 77.3979471,26.8304371,0 77.405591,26.8348319,0 77.417493,26.8379937,0 77.421963,26.8408106,0 77.4252529,26.8433125,0 77.4284863,26.8469512,0 77.4307608,26.8483297,0 77.4313848,26.8523281,0 77.4304819,26.8537283,0 77.4272974,26.8573412,0 77.4269304,26.8585519,0 77.4263367,26.8597453,0 77.4264461,26.8625883,0 77.4271738,26.8641317,0 77.4377851,26.862989,0 77.4432304,26.8662331,0 77.4466173,26.8697382,0 77.447996,26.8751499,0 77.4498678,26.874924,0 77.4517415,26.8728368,0 77.4551582,26.8713966,0 77.4575185,26.8715498,0 77.460713,26.8738216,0 77.4621963,26.8785168,0 77.4601363,26.8854068,0 77.4681846,26.8871144,0 77.4699211,26.8889282,0 77.4707579,26.8897702,0 77.4727351,26.8915644,0 77.4772811,26.8941335,0 77.4798131,26.8957027,0 77.4826455,26.8971954,0 77.4857783,26.898822,0 77.4900698,26.9003337,0 77.4909282,26.8998553,0 77.491765,26.8996065,0 77.4930525,26.9000084,0 77.4971938,26.9012714,0 77.5022149,26.90263,0 77.5094032,26.9052898,0 77.5185227,26.9086575,0 77.521398,26.9098821,0 77.5246167,26.9106475,0 77.5280499,26.9113363,0 77.5316548,26.9121208,0 77.5348735,26.9127522,0 77.5375771,26.9137663,0 77.5394654,26.9144742,0 77.5416541,26.9152013,0 77.5434994,26.9158709,0 77.5447225,26.9152778,0 77.5453448,26.9151439,0 77.5472331,26.9158901,0 77.5515461,26.9182052,0 77.5543356,26.9197741,0 77.5569105,26.9205968,0 77.5603008,26.9211899,0 77.5634336,26.9206924,0 77.566266,26.9207115,0 77.5678539,26.9208263,0 77.5695061,26.9209411,0 77.5714373,26.9213812,0 77.5741625,26.922223,0 77.57972,26.9230457,0 77.5831103,26.9239449,0 77.5835824,26.925265,0 77.5840544,26.9263172,0 77.5849128,26.9282303,0 77.5862431,26.9298373,0 77.5877237,26.9313678,0 77.5881743,26.9331852,0 77.5880456,26.9337399,0 77.5878739,26.9345817,0 77.5885606,26.9353277,0 77.589376,26.9355573,0 77.5906205,26.935653,0 77.5910496,26.9365712,0 77.5912642,26.9374511,0 77.5915861,26.9387519,0 77.592363,26.9403013,0 77.5975279,26.9383136,0 77.5969076,26.936686,0 77.5974655,26.9355382,0 77.5991821,26.9342373,0 77.6007271,26.9333573,0 77.6016497,26.9333382,0 77.6033664,26.933893,0 77.6067138,26.9361121,0 77.6083874,26.9373938,0 77.6103186,26.9392876,0 77.6121855,26.9414874,0 77.6134515,26.9430368,0 77.6140952,26.9437063,0 77.6155972,26.9447775,0 77.6176786,26.9460209,0 77.6196956,26.9471877,0 77.6233434,26.9495021,0 77.6254463,26.9507071,0 77.6287722,26.9517974,0 77.6312184,26.9526772,0 77.6333365,26.9545547,0 77.6355221,26.9559848,0 77.6395121,26.9582734,0 77.6417741,26.9593005,0 77.6436407,26.9602801,0 77.6458555,26.9611508,0 77.6475189,26.9619146,0 77.6502414,26.9633601,0 77.6515341,26.964358,0 77.6529259,26.9654054,0 77.6542328,26.9668642,0 77.6572186,26.9690926,0 77.6610369,26.9713041,0 77.6613879,26.9705022,0 77.6627612,26.9686089,0 77.6630616,26.967557,0 77.6630401,26.9663904,0 77.6630616,26.9645736,0 77.6635337,26.9636747,0 77.6644349,26.9630436,0 77.6654005,26.9630818,0 77.6663232,26.9633687,0 77.6668381,26.9634835,0 77.6676106,26.9634452,0 77.6678896,26.9629479,0 77.66819,26.9619343,0 77.6688981,26.9619917,0 77.6692843,26.9625081,0 77.6701641,26.9631966,0 77.6707005,26.9630627,0 77.6706791,26.9627567,0 77.6705289,26.9619534,0 77.670207,26.9612267,0 77.6708293,26.9605955,0 77.6719022,26.9607103,0 77.6729915,26.9622774,0 77.6736675,26.9624658,0 77.673498,26.9637054,0 77.6742608,26.9641697,0 77.6752231,26.9648903,0 77.6760326,26.964616,0 77.6766028,26.9650977,0 77.6770113,26.9660631,0 77.6772537,26.9676506,0 77.6768317,26.9693119,0 77.6765114,26.9713036,0 77.676225,26.9732383,0 77.67839,26.9736146,0 77.6803565,26.9733898,0 77.6819912,26.9729324,0 77.6834929,26.9730126,0 77.6846667,26.9731755,0 77.6866538,26.9738776,0 77.6881918,26.9740798,0 77.6920509,26.9742886,0 77.6947546,26.9739827,0 77.697072,26.9744225,0 77.6994967,26.9751301,0 77.7017283,26.9761245,0 77.7049255,26.9780176,0 77.7073502,26.9789355,0 77.7087591,26.9792522,0 77.7128219,26.9817847,0 77.7153539,26.9838881,0 77.7191161,26.9855988,0 77.7229714,26.9877697,0 77.7247524,26.9866607,0 77.7264046,26.9858385,0 77.7280354,26.9844426,0 77.7293229,26.9831997,0 77.7303314,26.9829129,0 77.7321124,26.982607,0 77.733314,26.9827982,0 77.7349233,26.9835057,0 77.7359748,26.9839837,0 77.7388716,26.9846721,0 77.7405453,26.9832953,0 77.7421117,26.9836587,0 77.7435922,26.9830276,0 77.7447939,26.9847868,0 77.746489,26.9876168,0 77.7469611,26.9908673,0 77.7465105,26.9918042,0 77.7462101,26.9926264,0 77.7463603,26.9934677,0 77.7459955,26.9944619,0 77.7467036,26.9947296,0 77.7476907,26.9947105,0 77.7488494,26.9945575,0 77.7499223,26.9939074,0 77.7508878,26.9932956,0 77.7524543,26.9930088,0 77.7537632,26.9934103,0 77.7560591,26.9943089,0 77.7587199,26.9969283,0 77.7578401,26.9973681,0 77.755866,26.9978269,0 77.7518964,26.9980564,0 77.7511239,26.9991462,0 77.7499223,27.0016507,0 77.7509737,27.0016316,0 77.7533555,27.0017655,0 77.7565098,27.0015743,0 77.758398,27.0013257,0 77.7590847,27.000886,0 77.7597499,26.9998536,0 77.7603936,26.9996433,0 77.7613807,26.9999683,0 77.7623033,27.0007713,0 77.7626896,27.0019566,0 77.7628612,27.0029317,0 77.7629041,27.0042317,0 77.7628183,27.0067935,0 77.7616596,27.0066597,0 77.7603078,27.0062391,0 77.7595353,27.0062009,0 77.7590847,27.0072141,0 77.7589559,27.0082656,0 77.7584624,27.0090303,0 77.7574539,27.0095465,0 77.7568745,27.0100817,0 77.7569389,27.0108464,0 77.756896,27.0116302,0 77.7571106,27.012242,0 77.7576899,27.0134463,0 77.7580547,27.0153389,0 77.7593794,27.0177548,0 77.7594853,27.0180163,0 77.7587518,27.0180026,0 77.7568316,27.0187989,0 77.7543854,27.0200223,0 77.7518105,27.0207486,0 77.7497077,27.0213986,0 77.7499652,27.0225455,0 77.7505445,27.0237497,0 77.7508878,27.0249731,0 77.750802,27.0258523,0 77.7505231,27.0268845,0 77.7514457,27.0287768,0 77.7504372,27.0292356,0 77.7499437,27.0295987,0 77.7493429,27.0307647,0 77.7478409,27.0306309,0 77.7455663,27.0299619,0 77.7424979,27.0295032,0 77.7413392,27.0292547,0 77.739408,27.0292547,0 77.7372622,27.0293502,0 77.7353525,27.027974,0 77.7334642,27.0260053,0 77.7326917,27.0238644,0 77.7326059,27.0223543,0 77.7324557,27.0210354,0 77.7317476,27.0191047,0 77.732799,27.0185121,0 77.731061,27.0141919,0 77.7300095,27.0108464,0 77.7290654,27.0085715,0 77.7289152,27.0049965,0 77.7293873,27.0016125,0 77.7297091,26.9991271,0 77.7303314,26.9941942,0 77.7281213,26.9947487,0 77.7250957,26.9952458,0 77.7225423,26.99559,0 77.7202034,26.9955517,0 77.7185726,26.9956664,0 77.714796,26.9959915,0 77.7124357,26.9962018,0 77.7106976,26.9977505,0 77.708745,27.0001404,0 77.7065778,27.0017272,0 77.7050972,27.0031037,0 77.7052474,27.0038876,0 77.7055692,27.0046906,0 77.7058911,27.0054553,0 77.7060842,27.006698,0 77.7060413,27.0092406,0 77.7057409,27.0098906,0 77.7053332,27.0105406,0 77.7052045,27.0111141,0 77.7052903,27.0120699,0 77.7057409,27.013714,0 77.7055049,27.0146889,0 77.7040887,27.0157594,0 77.7022218,27.0167535,0 77.6972008,27.0203663,0 77.6934886,27.023635,0 77.6912784,27.0253936,0 77.6896047,27.026636,0 77.6912784,27.0312616,0 77.6926732,27.035199,0 77.6932096,27.0386201,0 77.6930809,27.0404931,0 77.6875877,27.0429012,0 77.6829529,27.0454239,0 77.6792836,27.0465324,0 77.6775026,27.0439715,0 77.6755714,27.0406842,0 77.6750994,27.0383525,0 77.6747131,27.0330201,0 77.6746487,27.0290826,0 77.6733827,27.0290253,0 77.671752,27.0255465,0 77.6693916,27.0213986,0 77.6676321,27.0189518,0 77.6658511,27.0177093,0 77.6638126,27.0185312,0 77.6599502,27.0206148,0 77.657547,27.0211883,0 77.65553,27.0220867,0 77.6501226,27.0236733,0 77.6457453,27.0251451,0 77.6440501,27.0256039,0 77.6429128,27.0257568,0 77.6417327,27.0256039,0 77.6401663,27.0238453,0 77.6383424,27.0210545,0 77.6378703,27.020309,0 77.6366687,27.0185312,0 77.6358962,27.017174,0 77.6349735,27.0148801,0 77.6341581,27.0132552,0 77.6331281,27.0118405,0 77.6316476,27.0120126,0 77.6309609,27.0101773,0 77.629137,27.0107508,0 77.6294589,27.0115729,0 77.629931,27.0125861,0 77.6297807,27.0133125,0 77.6280212,27.0146889,0 77.6283216,27.0157976,0 77.6279998,27.0165049,0 77.6282143,27.0172122,0 77.6287937,27.0181872,0 77.6285147,27.0187224,0 77.6263261,27.0200987,0 77.6232362,27.0214368,0 77.6216697,27.0222588,0 77.6200604,27.0221249,0 77.6188588,27.0221823,0 77.617228,27.0226602,0 77.6150608,27.0233483,0 77.6075077,27.022794,0 77.6028943,27.0225264,0 77.6017785,27.0224499,0 77.6008129,27.0229469,0 77.599504,27.0236159,0 77.5977659,27.0244187,0 77.5967145,27.0255465,0 77.5963068,27.0282416,0 77.5967788,27.0325231,0 77.5949979,27.0327334,0 77.5865865,27.0351034,0 77.5826597,27.0353901,0 77.5815439,27.0356386,0 77.5809002,27.0363648,0 77.5795698,27.0373969,0 77.57869,27.0372058,0 77.5781965,27.0368809,0 77.5755572,27.0363457,0 77.5738406,27.0349696,0 77.5701284,27.032676,0 77.5631118,27.0287577,0 77.5642919,27.0334406,0 77.5653863,27.0380085,0 77.566781,27.0422132,0 77.5672316,27.0464368,0 77.5681972,27.0468572,0 77.5693559,27.0474306,0 77.5709867,27.0479275,0 77.5728535,27.0489212,0 77.5726175,27.0523228,0 77.574377,27.0541574,0 77.5757718,27.0565461,0 77.5755787,27.0595653,0 77.5734973,27.0622787,0 77.5732183,27.0631004,0 77.5732398,27.0639411,0 77.5734114,27.0649156,0 77.5737762,27.066043,0 77.574656,27.0667691,0 77.5763082,27.0674761,0 77.5773597,27.0683359,0 77.5737548,27.0704186,0 77.5711584,27.0716605,0 77.567811,27.072826,0 77.5666737,27.072463,0 77.5643563,27.0722337,0 77.5625324,27.0717561,0 77.5613308,27.0716796,0 77.5601506,27.0720427,0 77.5590563,27.0727687,0 77.5587129,27.0722528,0 77.5579405,27.0718134,0 77.557404,27.072291,0 77.5567603,27.0730744,0 77.5565457,27.0741826,0 77.5551939,27.0750424,0 77.5533485,27.0752334,0 77.5522756,27.0739915,0 77.5510955,27.0740488,0 77.5497651,27.0741253,0 77.5490784,27.0736094,0 77.5488639,27.0720618,0 77.5485205,27.0708007,0 77.5464821,27.0717369,0 77.5453877,27.0713739,0 77.5445938,27.0698836,0 77.5428128,27.0656226,0 77.5418257,27.0625462,0 77.5399804,27.0625653,0 77.539165,27.0625845,0 77.5366974,27.0629666,0 77.5348091,27.0636545,0 77.5309038,27.0639602,0 77.5268268,27.0636545,0 77.5248098,27.0638647,0 77.5225997,27.0645908,0 77.5187158,27.0665207,0 77.5206041,27.0700364,0 77.522192,27.0726158,0 77.5250244,27.0760932,0 77.5261616,27.0779465,0 77.5270629,27.0810988,0 77.5271702,27.0834296,0 77.5252604,27.0870977,0 77.5235438,27.0893137,0 77.5215482,27.0900206,0 77.5165486,27.0903644,0 77.5121283,27.0904982,0 77.5112057,27.0900588,0 77.5106048,27.0892946,0 77.5096822,27.0888744,0 77.5072145,27.0893329,0 77.5059593,27.0919691,0 77.5072483,27.0955774,0 77.5120854,27.0972988,0 77.5162911,27.1010046,0 77.5211191,27.102953,0 77.5274077,27.1012736,0 77.5372982,27.0977955,0 77.5381518,27.1020907,0 77.5389719,27.1067732,0 77.5417614,27.1039845,0 77.5440359,27.1063912,0 77.548542,27.1081866,0 77.5508165,27.1113573,0 77.5620603,27.1100967,0 77.5673389,27.1131145,0 77.5792155,27.1191472,0 77.5879812,27.1167433,0 77.5895367,27.1200947,0 77.5935602,27.1196846,0 77.5963068,27.1183094,0 77.6006412,27.1202575,0 77.6038599,27.1243827,0 77.6020145,27.1301501,0 77.5990533,27.1353443,0 77.59768,27.1395835,0 77.5982424,27.143781,0 77.6033232,27.1427697,0 77.6092672,27.1467248,0 77.6135723,27.151774,0 77.6096749,27.1587724,0 77.6098251,27.1631062,0 77.614932,27.1657216,0 77.6184922,27.1697409,0 77.6187515,27.1732813,0 77.6202535,27.1735485,0 77.6291335,27.1697599,0 77.6338577,27.1676307,0 77.6369262,27.1640607,0 77.6422691,27.1640798,0 77.6463246,27.1682988,0 77.6492429,27.1705705,0 77.6582515,27.1703276,0 77.6639991,27.1747833,0 77.6690054,27.179027,0 77.6748848,27.1842953,0 77.6793479,27.1915483,0 77.6800775,27.1951747,0 77.6729117,27.2002414,0 77.6667308,27.2087246,0 77.6607227,27.2081521,0 77.6510238,27.2079995,0 77.6462414,27.2107781,0 77.6456165,27.2170828,0 77.647376,27.2234941,0 77.6515817,27.226547,0 77.6512384,27.2339881,0 77.6427841,27.2359341,0 77.644367,27.2390444,0 77.6439976,27.2398554,0 77.6443148,27.2436006,0 77.6437712,27.2479339,0 77.636733,27.2516347,0 77.6349306,27.2575863,0 77.6309824,27.2594937,0 77.625575,27.2591504,0 77.6223315,27.2564675,0 77.6198029,27.2558695,0 77.6169061,27.2569377,0 77.6158118,27.2616301,0 77.613816,27.2643059,0 77.6140308,27.267562,0 77.6194811,27.2720632,0 77.621541,27.2749049,0 77.6174855,27.2770028,0 77.6149532,27.2786936,0 77.6140382,27.2791854,0 77.6159405,27.2823428,0 77.6157689,27.2877015,0 77.6128936,27.2910387,0 77.6067996,27.2916489,0 77.6007391,27.2949328,0 77.5988653,27.2971664,0 77.595801,27.2973725,0 77.593559,27.2976042,0 77.592412,27.2983455,0 77.5912649,27.3001525,0 77.5918384,27.302747,0 77.5926205,27.3050636,0 77.5932462,27.3083067,0 77.5921513,27.3099745,0 77.5906392,27.3105304,0 77.5864159,27.3102988,0 77.5851645,27.3096039,0 77.5828704,27.3096965,0 77.5805762,27.3108547,0 77.5771871,27.3099282,0 77.5760922,27.308631,0 77.5729116,27.3056195,0 77.567437,27.2986698,0 77.5652471,27.2954728,0 77.5620144,27.2937584,0 77.5607109,27.2938511,0 77.5586775,27.2947778,0 77.5552362,27.2959825,0 77.5519514,27.2977895,0 77.549188,27.2995501,0 77.5486145,27.3010791,0 77.5489273,27.3037663,0 77.5508043,27.3071948,0 77.5490316,27.3091406,0 77.5421491,27.3108084,0 77.5400635,27.3117813,0 77.5390729,27.3136343,0 77.5403242,27.3153021,0 77.5420448,27.3172014,0 77.5445476,27.3188691,0 77.5473631,27.3210927,0 77.5486666,27.3237794,0 77.5485623,27.3262808,0 77.5442869,27.3274852,0 77.5390207,27.3277168,0 77.5350581,27.3252154,0 77.5328161,27.322575,0 77.5298963,27.3217412,0 77.5282278,27.3225287,0 77.5263507,27.3233625,0 77.524213,27.3252617,0 77.5215539,27.3272999,0 77.5182691,27.3289674,0 77.5144629,27.3286895,0 77.5138372,27.3262345,0 77.5145671,27.3222045,0 77.5138893,27.3204442,0 77.511178,27.3202125,0 77.5095096,27.321,0 77.5076847,27.3231309,0 77.5015322,27.3236868,0 77.4971003,27.322853,0 77.4920427,27.3222971,0 77.4864637,27.3217875,0 77.4837525,27.3207684,0 77.4813019,27.3174794,0 77.480207,27.3150705,0 77.4793206,27.3130784,0 77.4782256,27.3091869,0 77.4798941,27.3039053,0 77.4799984,27.3017741,0 77.4809891,27.2994111,0 77.4831789,27.2967238,0 77.4844303,27.2954728,0 77.4864637,27.2928781,0 77.4890186,27.2920903,0 77.4901657,27.2935731,0 77.489905,27.2961215,0 77.4898528,27.2989941,0 77.4899571,27.3006158,0 77.4907392,27.3016814,0 77.4926684,27.3012181,0 77.4943369,27.3006621,0 77.496266,27.3003378,0 77.4969439,27.3014498,0 77.4983516,27.3020057,0 77.5012715,27.3009401,0 77.5023143,27.3006621,0 77.503722,27.2990405,0 77.5033571,27.2957045,0 77.5050777,27.2936194,0 77.5071633,27.2925074,0 77.510031,27.2910246,0 77.5128465,27.2897735,0 77.5159749,27.2882444,0 77.517122,27.2858349,0 77.5142022,27.2806448,0 77.512638,27.2790693,0 77.5098745,27.2761034,0 77.5078932,27.2681786,0 77.5078108,27.2660428,0 77.5074761,27.2631268,0 77.5062769,27.2608094,0 77.5052341,27.260763,0 77.5036699,27.2620144,0 77.50148,27.2636366,0 77.4990816,27.2651661,0 77.4969439,27.2657686,0 77.494389,27.2674834,0 77.4924598,27.2694762,0 77.4908956,27.2710056,0 77.4904264,27.2731374,0 77.4892793,27.275918,0 77.4871416,27.2738326,0 77.4868287,27.2708202,0 77.4833354,27.271191,0 77.4814062,27.2713764,0 77.4793727,27.2698006,0 77.47687,27.2677614,0 77.469779,27.2727667,0 77.4658164,27.2761497,0 77.4635743,27.2778644,0 77.4613323,27.2798571,0 77.4580475,27.2810619,0 77.4546063,27.2810156,0 77.4527814,27.2799961,0 77.4508001,27.277679,0 77.4510086,27.2766595,0 77.4528335,27.2768912,0 77.4555969,27.2765668,0 77.456379,27.275779,0 77.4561705,27.2723496,0 77.4526771,27.2714227,0 77.4499658,27.2706812,0 77.4488709,27.2705422,0 77.4472024,27.2729521,0 77.4439698,27.2724886,0 77.442927,27.2698933,0 77.4427705,27.2670199,0 77.4420927,27.263822,0 77.4381301,27.2590017,0 77.4366702,27.2566379,0 77.4352624,27.255062,0 77.4332289,27.2532079,0 77.4311955,27.2521882,0 77.429527,27.2530225,0 77.4284842,27.2545985,0 77.4283278,27.2561744,0 77.4274414,27.2583528,0 77.4253558,27.2599751,0 77.4214453,27.2590481,0 77.4193597,27.2571014,0 77.4178998,27.2552474,0 77.4180041,27.252559,0 77.4202461,27.2524199,0 77.4227488,27.2523736,0 77.4270243,27.2521418,0 77.4290056,27.2510757,0 77.4273893,27.2492679,0 77.4247823,27.248619,0 77.4197769,27.2500559,0 77.4161271,27.2506585,0 77.4152928,27.2502877,0 77.4147856,27.2499846,0 77.4138522,27.2487637,0 77.4131334,27.2479434,0 77.4120498,27.2477241,0 77.4096787,27.2475524,0 77.4092495,27.2443188,0 77.4094105,27.2429643,0 77.4092173,27.2415908,0 77.4091422,27.2408181,0 77.4087882,27.2397974,0 77.4069428,27.2376607,0 77.4038744,27.2340071,0 77.4040353,27.2337782,0 77.4001086,27.2271671,0 77.399497,27.2267283,0 77.3985314,27.2241333,0 77.402147,27.2218627,0 77.4035954,27.2209086,0 77.4032307,27.2201168,0 77.4028873,27.2195825,0 77.402308,27.218762,0 77.4014389,27.21631,0 77.3993683,27.213524,0 77.3974907,27.210528,0 77.3961174,27.2110146,0 77.3954093,27.2105566,0 77.3943043,27.208591,0 77.3931777,27.209049,0 77.392416,27.2094975,0 77.3915148,27.2099459,0 77.3890042,27.2103467,0 77.3880064,27.2110909,0 77.3870087,27.2102417,0 77.3861396,27.2107092,0 77.3860001,27.2098505,0 77.3857963,27.2089727,0 77.3852277,27.2095166,0 77.3848843,27.2100032,0 77.384069,27.2104898,0 77.3829961,27.2101749,0 77.3823416,27.2094402,0 77.3813116,27.2096788,0 77.3813116,27.2083143,0 77.3808825,27.2073506,0 77.3818588,27.2065205,0 77.3808503,27.2056331,0 77.3788118,27.208133,0 77.3787582,27.2090967,0 77.3777819,27.2103944,0 77.3762905,27.2121977,0 77.37481,27.2136289,0 77.3736513,27.2116348,0 77.3717201,27.2124744,0 77.3707116,27.2103371,0 77.3689949,27.2106615,0 77.3664629,27.2118638,0 77.3667741,27.2130278,0 77.3635983,27.2138961,0 77.3636413,27.2146498,0 77.3638129,27.2154417,0 77.3641133,27.2163958,0 77.3641133,27.2171686,0 77.3633945,27.2195348,0 77.3624396,27.220298,0 77.3614311,27.2212426,0 77.3603368,27.2211567,0 77.3583627,27.2209182,0 77.3585665,27.2185425,0 77.3588347,27.2169301,0 77.3586523,27.2163386,0 77.354908,27.2153654,0 77.3537493,27.2151269,0 77.3529553,27.215041,0 77.3510563,27.2141918,0 77.3509383,27.2150219,0 77.3513675,27.2160619,0 77.3478591,27.2176743,0 77.3459387,27.2180464,0 77.3449302,27.2191341,0 77.3427737,27.2196111,0 77.3397696,27.2187811,0 77.3370659,27.217369,0 77.3358321,27.2156898,0 77.3357355,27.215165,0 77.3356712,27.2125126,0 77.335993,27.211005,0 77.3359501,27.2094975,0 77.3354137,27.2075987,0 77.3350167,27.2064632,0 77.3345125,27.2041636,0 77.3337936,27.2014345,0 77.3326671,27.2001559,0 77.3298776,27.2012723,0 77.3284829,27.2003563,0 77.3288262,27.1998028,0 77.3297489,27.1991062,0 77.3290622,27.1980088,0 77.3294806,27.1977989,0 77.3289442,27.1973695,0 77.3279893,27.1977034,0 77.3269057,27.1965011,0 77.3255432,27.1963388,0 77.3254041,27.1944995,0 77.3223674,27.1947166,0 77.322185,27.1955277,0 77.3214233,27.1954323,0 77.3214555,27.1976653,0 77.3232579,27.1982187,0 77.3212731,27.2005566,0 77.3203504,27.2014536,0 77.3187518,27.2025605,0 77.3181617,27.2009002,0 77.3164666,27.2014536,0 77.3131943,27.2021598,0 77.3120141,27.2025891,0 77.3108768,27.2033239,0 77.3094606,27.2039632,0 77.3080337,27.2045071,0 77.3070145,27.2042113,0 77.3059952,27.2042972,0 77.304461,27.2045834,0 77.3034847,27.2045453,0 77.302165,27.2039918,0 77.2987533,27.2017971,0 77.2968328,27.20007,0 77.2957277,27.1985909,0 77.293936,27.1959762,0 77.2920155,27.1954037,0 77.2903418,27.193476,0 77.2891295,27.1940581,0 77.2897196,27.1948693,0 77.2879171,27.1956995,0 77.2883892,27.1966156,0 77.2865438,27.1970545,0 77.2873914,27.2005853,0 77.2858786,27.2009383,0 77.2846985,27.1977702,0 77.2820914,27.1982855,0 77.2815013,27.198715,0 77.2816086,27.1994497,0 77.2818339,27.2000891,0 77.2820699,27.2013773,0 77.282145,27.2033907,0 77.2825527,27.2044594,0 77.2833252,27.2086006,0 77.2835398,27.2097837,0 77.2839045,27.2182086,0 77.2847628,27.2185998,0 77.2850203,27.2199164,0 77.2858357,27.2229885,0 77.2837114,27.2233224,0 77.2822308,27.2233701,0 77.2799671,27.2235418,0 77.2788834,27.2234846,0 77.2767806,27.2233415,0 77.2743451,27.2229121,0 77.27368,27.2229885,0 77.2721887,27.223351,0 77.2706652,27.2219867,0 77.2667384,27.2225973,0 77.2659981,27.2230266,0 77.2651505,27.2234273,0 77.2631442,27.2237517,0 77.2602153,27.2244291,0 77.2609448,27.2271862,0 77.2620392,27.2296952,0 77.262243,27.2316795,0 77.2625005,27.2332153,0 77.2630799,27.2346653,0 77.2631872,27.2356861,0 77.2618461,27.2357242,0 77.2611272,27.2360772,0 77.2608161,27.238462,0 77.2609234,27.240427,0 77.2603977,27.2413714,0 77.2591102,27.2431837,0 77.2589278,27.2435557,0 77.2590351,27.2441281,0 77.2598934,27.2450342,0 77.2611487,27.2463696,0 77.2621894,27.247457,0 77.2634447,27.2479434,0 77.2647214,27.2490594,0 77.2667277,27.2528556,0 77.26794,27.2550779,0 77.2680473,27.2556597,0 77.2681653,27.2561938,0 77.268734,27.2570235,0 77.2685623,27.2575195,0 77.2692168,27.2585686,0 77.2710943,27.2605905,0 77.2703326,27.2621546,0 77.2707081,27.2624979,0 77.2709548,27.2647296,0 77.2718239,27.2671614,0 77.272768,27.2688685,0 77.272886,27.269536,0 77.2710407,27.2700987,0 77.2679937,27.2707662,0 77.2659445,27.2716627,0 77.2630477,27.2735794,0 77.2628331,27.2741325,0 77.2626078,27.2752292,0 77.2615135,27.2778706,0 77.2613096,27.2787288,0 77.2615456,27.2795012,0 77.261374,27.279978,0 77.2606337,27.2805406,0 77.2595179,27.2810269,0 77.2588956,27.2811318,0 77.2547972,27.2808266,0 77.2523403,27.2809697,0 77.2499478,27.281475,0 77.2486174,27.2806931,0 77.2429311,27.2802354,0 77.2414398,27.2801401,0 77.2408175,27.2800924,0 77.2393048,27.280121,0 77.2386289,27.2805215,0 77.2383392,27.2816276,0 77.2363114,27.2828672,0 77.2362471,27.2834012,0 77.2356141,27.2839638,0 77.2324705,27.2861187,0 77.2302496,27.287854,0 77.2286403,27.288121,0 77.2267091,27.2892652,0 77.2247243,27.2894464,0 77.2231364,27.289904,0 77.2229862,27.2902473,0 77.2221064,27.2905715,0 77.2208834,27.2908861,0 77.2200036,27.2910959,0 77.2190487,27.2912484,0 77.2173643,27.2913247,0 77.2161627,27.2914296,0 77.2145319,27.2918682,0 77.2138667,27.2928597,0 77.2123968,27.295701,0 77.2119892,27.2977889,0 77.2126329,27.2977889,0 77.2128367,27.2983228,0 77.2130299,27.2998292,0 77.2133517,27.3014976,0 77.2142959,27.3031183,0 77.2147679,27.3031183,0 77.2167957,27.3048916,0 77.2175467,27.3049392,0 77.2182763,27.3070747,0 77.2187376,27.3092196,0 77.2190595,27.3107544,0 77.2197032,27.3134046,0 77.2202825,27.3137954,0 77.2212589,27.3143864,0 77.2225678,27.3150918,0 77.2224069,27.3171604,0 77.2220099,27.3172462,0 77.2213232,27.3172843,0 77.22054,27.3175131,0 77.2207117,27.3178848,0 77.2215807,27.3190382,0 77.221173,27.3193337,0 77.2218811,27.3199914,0 77.2223854,27.3204966,0 77.222439,27.3211353,0 77.2220421,27.3214975,0 77.2232115,27.3234515,0 77.224617,27.3259012,0 77.2249925,27.3279505,0 77.2255826,27.3306383,0 77.225647,27.3331545,0 77.2261619,27.3349845,0 77.2260117,27.3357469,0 77.2217202,27.3387395,0 77.219204,27.3418364,0 77.2172329,27.34245,0 77.2144139,27.3427899,0 77.2084057,27.341389,0 77.2082609,27.3413461,0 77.2054982,27.3387205,0 77.2030306,27.3354801,0 77.2034812,27.334241,0 77.2021508,27.3318964,0 77.20052,27.3303143,0 77.1988463,27.3291896,0 77.1968508,27.3288846,0 77.1945119,27.3288083,0 77.1930313,27.3274167,0 77.1911645,27.3267305,0 77.1889543,27.3265208,0 77.185843,27.327493,0 77.1852851,27.3253198,0 77.1800279,27.3260632,0 77.1796632,27.3253388,0 77.1766376,27.3256057,0 77.1761656,27.3253198,0 77.1733546,27.3252054,0 77.1721959,27.3245191,0 77.1705007,27.3227081,0 77.1693635,27.322689,0 77.1642351,27.3166647,0 77.1597504,27.3183233,0 77.153399,27.3194481,0 77.1499872,27.3194863,0 77.1468758,27.3205348,0 77.1469188,27.3196388,0 77.1449661,27.3149489,0 77.1445584,27.3142434,0 77.1429705,27.3129089,0 77.142756,27.311479,0 77.1433139,27.3101062,0 77.1422195,27.3028228,0 77.1410394,27.3023652,0 77.1393657,27.3010114,0 77.1389365,27.2997911,0 77.1376061,27.2991046,0 77.1377563,27.2982275,0 77.1316838,27.2948334,0 77.130804,27.2895703,0 77.1288514,27.2850126,0 77.1274352,27.2840782,0 77.1299028,27.2824381,0 77.1279502,27.2776894,0 77.1266842,27.2750194,0 77.1258259,27.2705374,0 77.1239805,27.2649108,0 77.1230149,27.263423,0 77.1244097,27.2630225,0 77.1228647,27.2609243,0 77.119925,27.2569949,0 77.1124148,27.2560793,0 77.1104193,27.2544388,0 77.1098399,27.2547822,0 77.1070719,27.2520735,0 77.1032524,27.2463887,0 77.1007633,27.2470755,0 77.1004629,27.2475905,0 77.0961714,27.2496508,0 77.09409,27.2500514,0 77.0913648,27.2512913,0 77.0908284,27.249956,0 77.0885539,27.2478958,0 77.0870304,27.2445764,0 77.0848202,27.2418674,0 77.0827174,27.2381472,0 77.0814729,27.2383952,0 77.0805073,27.2362012,0 77.07937,27.2360104,0 77.0764088,27.2366591,0 77.0760655,27.2358005,0 77.0766663,27.2355144,0 77.0767092,27.2326907,0 77.0719027,27.2332249,0 77.0671391,27.2336828,0 77.0628476,27.2346749,0 77.0561099,27.2373268,0 77.0541358,27.2374413,0 77.0494365,27.2383952,0 77.0486855,27.2359532,0 77.0485782,27.2335874,0 77.0474624,27.2310498,0 77.0457029,27.2299432,0 77.0434499,27.2257838,0 77.0419478,27.2227118,0 77.0484066,27.2178842,0 77.0517754,27.2154608,0 77.0552087,27.214106,0 77.0627832,27.2106329,0 77.0629334,27.212732,0 77.0688772,27.2113199,0 77.0681047,27.2074269,0 77.0718813,27.2065491,0 77.0742845,27.2055949,0 77.0847988,27.2016063,0 77.0851636,27.2004994,0 77.0873093,27.1997933,0 77.0871806,27.1989917,0 77.0881462,27.1986291,0 77.0881033,27.1960335,0 77.0894766,27.1938577,0 77.0852279,27.1866049,0 77.0834255,27.1871584,0 77.0826745,27.1843335,0 77.0808291,27.1840853,0 77.0801854,27.1798096,0 77.0819878,27.1797906,0 77.0811724,27.1777863,0 77.0823097,27.1770227,0 77.0829534,27.1772518,0 77.0857429,27.1762974,0 77.0860004,27.17687,0 77.0935106,27.1745221,0 77.0936823,27.173014,0 77.1004414,27.1713723,0 77.0973091,27.1683816,0 77.095812,27.1646,0 77.095008,27.1622753,0 77.0939398,27.1625143,0 77.0934409,27.1618509,0 77.090292,27.1631253,0 77.0872235,27.1633544,0 77.0836615,27.1642707,0 77.0804214,27.1654162,0 77.0790911,27.1656453,0 77.0773315,27.1663134,0 77.0753574,27.1665043,0 77.0725679,27.1661034,0 77.0703363,27.1650725,0 77.0690489,27.163698,0 77.0696282,27.1630489,0 77.0688128,27.1615407,0 77.0681476,27.1615789,0 77.0678472,27.1608534,0 77.0658088,27.1602806,0 77.0655727,27.1594979,0 77.0643711,27.1593261,0 77.0640921,27.1585051,0 77.0620107,27.1588679,0 77.0617962,27.1575696,0 77.0603156,27.157436,0 77.0590925,27.1574932,0 77.0580196,27.1578942,0 77.0546293,27.1581233,0 77.0524621,27.1602997,0 77.0439863,27.1637553,0 77.0417547,27.1644044,0 77.0381284,27.1651489,0 77.0381069,27.1643662,0 77.0342445,27.1648434,0 77.0340943,27.1639653,0 77.0275497,27.1650916,0 77.0279145,27.1667334,0 77.024374,27.1673825,0 77.0242238,27.1710478,0 77.0249748,27.1766982,0 77.0171213,27.1755911,0 77.0119929,27.1746175,0 77.004075,27.1742739,0 77.0001268,27.1737012,0 76.9980966,27.1733573,0 76.9948565,27.1725746,0 76.9916378,27.1730519,0 76.9897066,27.1747222,0 76.9866489,27.1767265,0 76.9835912,27.1783014,0 76.9789777,27.1793512,0 76.9747398,27.1804488,0 76.9709311,27.1808783,0 76.9681952,27.1813555,0 76.9668004,27.1753903,0 76.9644937,27.1717156,0 76.962187,27.1678021,0 76.9591829,27.1635544,0 76.9574663,27.1583042,0 76.9562861,27.1565859,0</coordinates></LinearRing></outerBoundaryIs><innerBoundaryIs><LinearRing><coordinates>77.1823597,27.2937193,0 77.1883646,27.3014192,0 77.1924754,27.3061104,0 77.1973116,27.307507,0 77.2003342,27.3066476,0 77.2030344,27.3037469,0 77.2038001,27.2997001,0 77.2020268,27.2945788,0 77.2009387,27.2904958,0 77.1987221,27.2874873,0 77.196304,27.2862696,0 77.1923948,27.286377,0 77.1885258,27.2872366,0 77.1831254,27.2902093,0 77.1823597,27.2937193,0</coordinates></LinearRing></innerBoundaryIs></Polygon>
    </Placemark>
  </Folder>
  <Folder><name>Fire Incidents</name>
    <Placemark><name>Fire 2018-03-12</name>
      <description>Brightness: 301.4</description>
      <styleUrl>#firepoint</styleUrl>
      <Point><coordinates>77.4901,27.2057,0</coordinates></Point>
    </Placemark>
    <Placemark><name>Fire 2018-03-26</name>
      <description>Brightness: 344.2</description>
      <styleUrl>#firepoint</styleUrl>
      <Point><coordinates>77.5483,27.2957,0</coordinates></Point>
    </Placemark>
    <Placemark><name>Fire 2018-04-09</name>
      <description>Brightness: 338.8</description>
      <styleUrl>#firepoint</styleUrl>
      <Point><coordinates>77.3194,27.0107,0</coordinates></Point>
    </Placemark>
    <Placemark><name>Fire 2021-04-24</name>
      <description>Brightness: 350.8</description>
      <styleUrl>#firepoint</styleUrl>
      <Point><coordinates>77.3957,27.1688,0</coordinates></Point>
    </Placemark>
    <Placemark><name>Fire 2021-04-28</name>
      <description>Brightness: 394.2</description>
      <styleUrl>#firepoint</styleUrl>
      <Point><coordinates>77.5218,27.2203,0</coordinates></Point>
    </Placemark>
    <Placemark><name>Fire 2021-04-29</name>
      <description>Brightness: 326.6</description>
      <styleUrl>#firepoint</styleUrl>
      <Point><coordinates>77.4992,27.0905,0</coordinates></Point>
    </Placemark>
    <Placemark><name>Fire 2022-05-15</name>
      <description>Brightness: 305.5</description>
      <styleUrl>#firepoint</styleUrl>
      <Point><coordinates>77.6627,27.1873,0</coordinates></Point>
    </Placemark>
    <Placemark><name>Fire 2023-03-13</name>
      <description>Brightness: 366.6</description>
      <styleUrl>#firepoint</styleUrl>
      <Point><coordinates>77.3886,26.7414,0</coordinates></Point>
    </Placemark>
    <Placemark><name>Fire 2023-03-31</name>
      <description>Brightness: 355.7</description>
      <styleUrl>#firepoint</styleUrl>
      <Point><coordinates>77.6588,27.1959,0</coordinates></Point>
    </Placemark>
    <Placemark><name>Fire 2023-04-21</name>
      <description>Brightness: 349</description>
      <styleUrl>#firepoint</styleUrl>
      <Point><coordinates>77.208,26.8035,0</coordinates></Point>
    </Placemark>
    <Placemark><name>Fire 2024-04-19</name>
      <description>Brightness: 303.5</description>
      <styleUrl>#firepoint</styleUrl>
      <Point><coordinates>77.5397,27.2111,0</coordinates></Point>
    </Placemark>
    <Placemark><name>Fire 2025-04-06</name>
      <description>Brightness: 310.8</description>
      <styleUrl>#firepoint</styleUrl>
      <Point><coordinates>77.4882,27.1316,0</coordinates></Point>
    </Placemark>
  </Folder>
</Document></kml>