<?xml version="1.0" encoding="UTF-8"?>
<kml xmlns="http://www.opengis.net/kml/2.2">
<Document>
  <name>Bhilwara Forest Fire Risk Zones</name>
  <description>Forest fire density analysis for Bhilwara District, Rajasthan. Generated using KDE on NASA FIRMS data (2018-2025).</description>
  <Style id="zone0">
    <PolyStyle><color>8c0000FF</color><outline>1</outline></PolyStyle>
    <LineStyle><color>e60000FF</color><width>1</width></LineStyle>
  </Style>
  <Style id="zone1">
    <PolyStyle><color>80008CFF</color><outline>1</outline></PolyStyle>
    <LineStyle><color>e6008CFF</color><width>1</width></LineStyle>
  </Style>
  <Style id="zone2">
    <PolyStyle><color>7300D7FF</color><outline>1</outline></PolyStyle>
    <LineStyle><color>e600D7FF</color><width>1</width></LineStyle>
  </Style>
  <Style id="zone3">
    <PolyStyle><color>59228B22</color><outline>1</outline></PolyStyle>
    <LineStyle><color>e6228B22</color><width>1</width></LineStyle>
  </Style>
  <Style id="boundary">
    <LineStyle><color>ccffffff</color><width>2</width></LineStyle>
    <PolyStyle><fill>0</fill></PolyStyle>
  </Style>
  <Style id="firepoint">
    <IconStyle><color>ff4444ff</color><scale>0.6</scale>
      <Icon><href>http://maps.google.com/mapfiles/kml/shapes/shaded_dot.png</href></Icon>
    </IconStyle>
  </Style>
  <Folder><name>Fire Risk Zones</name>
    <Placemark><name>Low Fire Zone</name><styleUrl>#zone0</styleUrl>
      <Polygon><extrude>0</extrude><altitudeMode>clampToGround</altitudeMode><outerBoundaryIs><LinearRing><coordinates>74.0125427,25.3881385,0 74.0148299,25.3880565,0 74.0141191,25.3864527,0 74.0129801,25.3856782,0 74.0131806,25.3849219,0 74.0127888,25.3839105,0 74.0133537,25.3833547,0 74.0133993,25.3827624,0 74.0133355,25.3818056,0 74.0131624,25.3809309,0 74.013299,25.3800652,0 74.0139916,25.3780879,0 74.0149392,25.3772132,0 74.0166978,25.3763384,0 74.0197412,25.3756003,0 74.0209896,25.3755183,0 74.0212994,25.3748532,0 74.0215181,25.3727938,0 74.0219372,25.368411,0 74.0237687,25.3664883,0 74.0243975,25.3659963,0 74.0259374,25.3647206,0 74.0256276,25.3627251,0 74.0247437,25.3600006,0 74.0242061,25.3580324,0 74.0241059,25.3569025,0 74.0238599,25.3553352,0 74.0236412,25.3545425,0 74.02314,25.3534035,0 74.0227846,25.3527474,0 74.0214087,25.3521916,0 74.0218005,25.3499045,0 74.0220557,25.3477814,0 74.0240421,25.3462415,0 74.026721,25.344173,0 74.0277689,25.342214,0 74.0291084,25.3401911,0 74.0302109,25.3400818,0 74.0316324,25.3393163,0 74.0325983,25.3371568,0 74.0341746,25.3341043,0 74.0358604,25.3328195,0 74.0373638,25.3305962,0 74.0405348,25.330587,0 74.0422114,25.3296576,0 74.04592,25.3290927,0 74.0482436,25.3282999,0 74.0483256,25.3275983,0 74.0491001,25.3254205,0 74.0496742,25.324072,0 74.0507403,25.3233703,0 74.0514783,25.3232883,0 74.052508,25.3233612,0 74.0547222,25.3237166,0 74.0577292,25.3239079,0 74.0600436,25.3237439,0 74.0614104,25.323507,0 74.0632966,25.3225776,0 74.0652101,25.3214933,0 74.067725,25.3195342,0 74.0688292,25.3205726,0 74.0713516,25.323589,0 74.075124,25.3261039,0 74.0781127,25.3233157,0 74.0789692,25.3223498,0 74.0814295,25.3209101,0 74.0819215,25.320254,0 74.0829785,25.3147868,0 74.081229,25.3131649,0 74.0802814,25.3124906,0 74.0788781,25.3102673,0 74.0795342,25.3087729,0 74.0797347,25.3085907,0 74.0806823,25.3088823,0 74.0810103,25.3082991,0 74.0816299,25.3087182,0 74.0813748,25.3096477,0 74.082614,25.3104313,0 74.0833612,25.3098299,0 74.0838715,25.3091921,0 74.0834523,25.3080804,0 74.08245,25.307151,0 74.0816846,25.3073879,0 74.0801903,25.3075337,0 74.0794248,25.3063127,0 74.0809921,25.3051099,0 74.0792062,25.3035426,0 74.0770739,25.3006268,0 74.0760352,25.3004992,0 74.0738118,25.3004628,0 74.0724997,25.3006268,0 74.0709142,25.3011553,0 74.0690007,25.3017931,0 74.0677979,25.3019207,0 74.0669414,25.3018296,0 74.0626952,25.3012828,0 74.0621667,25.3007361,0 74.0609457,25.3011917,0 74.0591962,25.3013922,0 74.0582668,25.301702,0 74.0555544,25.3028238,0 74.0540476,25.3033602,0 74.0527996,25.3031964,0 74.0515057,25.3021758,0 74.0499384,25.301866,0 74.0478244,25.3017384,0 74.0462754,25.3016838,0 74.0450361,25.3007179,0 74.0455829,25.3020665,0 74.0457469,25.3031599,0 74.0456193,25.3041805,0 74.0454006,25.3056202,0 74.0439245,25.3062762,0 74.0429586,25.3068229,0 74.0418834,25.3074243,0 74.0414642,25.3082444,0 74.0412091,25.3091921,0 74.0411544,25.3099939,0 74.0384755,25.3119803,0 74.0375096,25.3124177,0 74.0319513,25.3143495,0 74.0277416,25.3140214,0 74.0255729,25.3133654,0 74.0243154,25.3163177,0 74.0226206,25.3158074,0 74.0225826,25.3127851,0 74.0224978,25.3109462,0 74.0224832,25.3085678,0 74.0237586,25.3087491,0 74.0252813,25.3082626,0 74.0276687,25.3064949,0 74.0298738,25.3044174,0 74.031277,25.302923,0 74.0325891,25.302759,0 74.0337737,25.3023581,0 74.0355232,25.3020847,0 74.0363797,25.3019025,0 74.0367989,25.3013011,0 74.0365255,25.3000983,0 74.0369082,25.2996427,0 74.0373456,25.2988226,0 74.0374367,25.2958521,0 74.0367624,25.2943577,0 74.0361975,25.2913143,0 74.035505,25.2899111,0 74.0343204,25.2885807,0 74.0329901,25.2878153,0 74.031605,25.2873962,0 74.0317691,25.2865943,0 74.030056,25.2857013,0 74.028835,25.2843345,0 74.0287621,25.2837878,0 74.0288714,25.2830042,0 74.0288532,25.2824757,0 74.0282518,25.2817103,0 74.0276869,25.2780837,0 74.0280878,25.2765529,0 74.0278873,25.2752954,0 74.0275958,25.2745847,0 74.0283247,25.2725983,0 74.0279602,25.2716688,0 74.0308396,25.2681152,0 74.0299831,25.2663474,0 74.0298373,25.2622835,0 74.0346667,25.2616456,0 74.0388946,25.2630853,0 74.0409904,25.2600966,0 74.0425941,25.2566523,0 74.0435053,25.2540827,0 74.0444894,25.2494355,0 74.0460202,25.2465015,0 74.0472595,25.244588,0 74.0477151,25.2433487,0 74.0474235,25.2407609,0 74.0471319,25.2383189,0 74.0474964,25.2374077,0 74.0506856,25.2359862,0 74.0528542,25.2378086,0 74.0563532,25.2400502,0 74.05772,25.2412894,0 74.0590686,25.2419455,0 74.0627863,25.2434581,0 74.0692741,25.2429478,0 74.0728095,25.241909,0 74.0755431,25.241089,0 74.0757983,25.2415628,0 74.0771651,25.2409978,0 74.0773291,25.2415446,0 74.0798258,25.2406516,0 74.0803907,25.2414899,0 74.0848009,25.2399591,0 74.0890107,25.2381184,0 74.0891929,25.2376628,0 74.091963,25.2354942,0 74.0934027,25.2343825,0 74.0972661,25.2337082,0 74.0980498,25.2359862,0 74.0994895,25.236296,0 74.1017675,25.2374624,0 74.1053758,25.2402871,0 74.1081277,25.2426198,0 74.1097678,25.2438408,0 74.112793,25.2472304,0 74.115563,25.2456996,0 74.1203377,25.2439319,0 74.1236171,25.2428598,0 74.1233063,25.2409176,0 74.1220531,25.2371357,0 74.1206658,25.2347288,0 74.1184607,25.2305737,0 74.1151074,25.2243593,0 74.1139958,25.2218808,0 74.1127019,25.2200584,0 74.1124832,25.2184183,0 74.1099136,25.2133885,0 74.1078725,25.2098166,0 74.1044464,25.2043494,0 74.1038815,25.2020531,0 74.1032254,25.1915561,0 74.1029885,25.1894421,0 74.1022777,25.1880935,0 74.1008927,25.1864352,0 74.1005647,25.1855057,0 74.1004189,25.1849226,0 74.0988334,25.1851412,0 74.0977946,25.1852688,0 74.0966465,25.1857426,0 74.0953162,25.1857426,0 74.0937489,25.1855786,0 74.0923274,25.1848497,0 74.0907784,25.1853782,0 74.0901041,25.1842665,0 74.0893752,25.1832642,0 74.0879719,25.1828268,0 74.085949,25.1824076,0 74.0846734,25.1815693,0 74.0841449,25.1794554,0 74.0839262,25.1785077,0 74.083507,25.1775783,0 74.0818851,25.1775236,0 74.0806094,25.1778516,0 74.075124,25.1798016,0 74.0733541,25.1766274,0 74.0705852,25.1698257,0 74.0697941,25.1673198,0 74.0690031,25.1640722,0 74.0657539,25.158574,0 74.0622789,25.1513585,0 74.0591555,25.1485191,0 74.057479,25.1474248,0 74.0598068,25.1430204,0 74.0606541,25.1414401,0 74.0636198,25.1407849,0 74.0660728,25.1408242,0 74.0687273,25.1410027,0 74.0716979,25.1430802,0 74.0748142,25.1444653,0 74.0765454,25.1461419,0 74.0773838,25.1473811,0 74.0793337,25.148511,0 74.0796618,25.1503334,0 74.080901,25.1501329,0 74.083671,25.150224,0 74.0868602,25.1503152,0 74.0894116,25.1505156,0 74.0934573,25.1509712,0 74.0943503,25.1508072,0 74.0929288,25.1420415,0 74.0976124,25.141349,0 74.0972844,25.1397817,0 74.0996353,25.1390345,0 74.0990885,25.1371028,0 74.1096585,25.134114,0 74.1100594,25.135007,0 74.1095674,25.135335,0 74.1115538,25.1386154,0 74.1118271,25.1385789,0 74.1130117,25.1404378,0 74.1203377,25.1380322,0 74.1200826,25.1371574,0 74.1254587,25.1349341,0 74.1287208,25.1331664,0 74.1322198,25.1322552,0 74.1322198,25.1291389,0 74.1408944,25.1288473,0 74.1452864,25.1288291,0 74.1469083,25.129066,0 74.1501704,25.1274623,0 74.150462,25.1254394,0 74.1518106,25.1241819,0 74.1529769,25.123125,0 74.15469,25.1231432,0 74.1564031,25.1234712,0 74.1591731,25.1246375,0 74.1608497,25.1249109,0 74.1661529,25.1256763,0 74.1663351,25.1239997,0 74.1684673,25.1218675,0 74.1700893,25.1197353,0 74.1754289,25.1160358,0 74.1760485,25.115398,0 74.1757934,25.1142499,0 74.1787275,25.1131746,0 74.1784541,25.1108966,0 74.1783265,25.1098943,0 74.1766681,25.1063771,0 74.1775247,25.1059397,0 74.1778709,25.1050832,0 74.177634,25.1037528,0 74.1787639,25.103115,0 74.1792377,25.1022767,0 74.1804041,25.1012379,0 74.1830101,25.1002538,0 74.1843405,25.1000716,0 74.1862722,25.0998893,0 74.1883315,25.099616,0 74.1883315,25.0979029,0 74.1890422,25.0976296,0 74.1888965,25.0959894,0 74.1882222,25.0958983,0 74.1879853,25.0940394,0 74.1837391,25.0951693,0 74.1828825,25.0927273,0 74.1821536,25.0908502,0 74.180969,25.0901942,0 74.1809143,25.0895017,0 74.1815704,25.0895017,0 74.1831012,25.0895928,0 74.1862722,25.0889732,0 74.1879124,25.0885176,0 74.1876026,25.0877704,0 74.1872198,25.0871143,0 74.186582,25.0863125,0 74.1875479,25.0850914,0 74.1880035,25.0828681,0 74.1886778,25.0812097,0 74.1889694,25.0774191,0 74.1887871,25.0754509,0 74.187967,25.0738108,0 74.1869647,25.072116,0 74.1878577,25.0685258,0 74.1883315,25.067724,0 74.1878577,25.0627488,0 74.1876026,25.0603432,0 74.1891151,25.0571358,0 74.1907371,25.0576461,0 74.191138,25.0557508,0 74.1922861,25.0558784,0 74.192924,25.0545116,0 74.1975346,25.0562975,0 74.1996486,25.055933,0 74.2023275,25.0555686,0 74.204314,25.0539466,0 74.2052434,25.0533999,0 74.2092891,25.0523976,0 74.2092709,25.0516686,0 74.2108382,25.0514864,0 74.2110386,25.0493542,0 74.2126241,25.0487528,0 74.2157769,25.0492995,0 74.2191848,25.0498827,0 74.2210801,25.0500102,0 74.2259276,25.0500102,0 74.2256361,25.0504294,0 74.2246337,25.0510854,0 74.2231576,25.0521789,0 74.2220277,25.0531265,0 74.2212623,25.0543475,0 74.2195857,25.0564069,0 74.2185105,25.0575003,0 74.2192394,25.0593956,0 74.220752,25.0623114,0 74.2219913,25.0650997,0 74.2251987,25.0672501,0 74.2268935,25.0684529,0 74.2323789,25.0693641,0 74.2382653,25.0700931,0 74.2399783,25.0698744,0 74.2406709,25.07033,0 74.2422017,25.0696739,0 74.2434045,25.0694552,0 74.243933,25.0695464,0 74.2448806,25.0704029,0 74.2504025,25.0681067,0 74.2540655,25.0664301,0 74.2538468,25.0659016,0 74.2603529,25.0637416,0 74.262626,25.0679074,0 74.2739479,25.0663754,0 74.274203,25.0691637,0 74.2774651,25.0744122,0 74.2788502,25.0786037,0 74.2799254,25.0821209,0 74.2783946,25.0835424,0 74.282258,25.0884264,0 74.2834973,25.0919801,0 74.2825861,25.0924904,0 74.2831875,25.0935656,0 74.2817478,25.0948413,0 74.2838071,25.1005819,0 74.2848459,25.1003267,0 74.2852103,25.1008552,0 74.2959078,25.09783,0 74.29722,25.0997071,0 74.2993157,25.1016753,0 74.3007554,25.1023678,0 74.3012292,25.1029327,0 74.3008283,25.103443,0 74.3009012,25.104008,0 74.3018489,25.1039897,0 74.3028876,25.1057757,0 74.3046371,25.1050103,0 74.3059493,25.1063042,0 74.3068058,25.1060673,0 74.3114894,25.1124275,0 74.3124188,25.115726,0 74.3178131,25.1192979,0 74.3192163,25.1203185,0 74.320328,25.1221955,0 74.3249387,25.1240908,0 74.3324834,25.1214666,0 74.3367478,25.1214848,0 74.3370576,25.1219222,0 74.3404473,25.1214483,0 74.3453496,25.1205007,0 74.3454042,25.1254758,0 74.3461696,25.1259132,0 74.346607,25.1326926,0 74.3474453,25.136064,0 74.3470808,25.1371939,0 74.3472813,25.1388523,0 74.3472813,25.1401462,0 74.3476458,25.1412578,0 74.3490308,25.1424788,0 74.3500878,25.1434812,0 74.3508714,25.1449755,0 74.3521836,25.14729,0 74.3553181,25.1525385,0 74.3593092,25.1573132,0 74.3616418,25.1576959,0 74.3641385,25.1588076,0 74.3654871,25.159573,0 74.372722,25.1565113,0 74.3738884,25.1566025,0 74.3781892,25.1538324,0 74.379556,25.1548712,0 74.3816153,25.1577688,0 74.3833466,25.1614683,0 74.3857886,25.1674093,0 74.3871008,25.1741886,0 74.3874652,25.176011,0 74.3869732,25.1767764,0 74.3878844,25.1809315,0 74.3872101,25.1818974,0 74.3812873,25.1851412,0 74.3725945,25.189515,0 74.3730318,25.1912645,0 74.3739066,25.1927589,0 74.3771687,25.1934514,0 74.3813966,25.1938705,0 74.3838569,25.1938705,0 74.3862442,25.1934878,0 74.388832,25.1965495,0 74.3909825,25.1991373,0 74.3920759,25.2002307,0 74.3965955,25.2032559,0 74.3980488,25.2045452,0 74.3998758,25.2032195,0 74.4014431,25.20147,0 74.4022996,25.2010508,0 74.4014431,25.1985177,0 74.4008599,25.1963126,0 74.4006594,25.1946542,0 74.400459,25.1940163,0 74.4006048,25.1915014,0 74.3985454,25.1906813,0 74.3978347,25.1885309,0 74.3991651,25.1878202,0 74.4000945,25.1873464,0 74.401516,25.186909,0 74.4024272,25.1866721,0 74.4037393,25.1869454,0 74.4043953,25.1866538,0 74.4068009,25.1852688,0 74.4081677,25.1846856,0 74.4100448,25.1868361,0 74.4065458,25.1885309,0 74.4075663,25.1911916,0 74.4083135,25.1937065,0 74.4084229,25.1946724,0 74.4084046,25.1961485,0 74.4109013,25.1978981,0 74.4136714,25.200741,0 74.4157489,25.203748,0 74.4185007,25.2025816,0 74.4189746,25.201962,0 74.4185554,25.2008321,0 74.4182638,25.1999027,0 74.4183732,25.199356,0 74.4187194,25.1985541,0 74.419011,25.1978252,0 74.4194302,25.1968411,0 74.41974,25.1962579,0 74.4207058,25.1953467,0 74.4211068,25.1951098,0 74.4222731,25.195128,0 74.4237675,25.1947635,0 74.4233483,25.1938705,0 74.4233301,25.1934878,0 74.4237492,25.1929047,0 74.4237675,25.1922668,0 74.4246422,25.191465,0 74.4251343,25.1908818,0 74.425517,25.1904627,0 74.4257174,25.1900071,0 74.4258268,25.189351,0 74.426173,25.1887496,0 74.4263188,25.1881664,0 74.4263735,25.1873464,0 74.4263006,25.1863987,0 74.426574,25.1859431,0 74.4272665,25.1856333,0 74.4276674,25.1853964,0 74.4271754,25.1845581,0 74.4277585,25.1838656,0 74.4287791,25.1836104,0 74.4292347,25.1830273,0 74.4291982,25.1820614,0 74.4297632,25.1815147,0 74.4309477,25.1808222,0 74.4328248,25.1800568,0 74.434228,25.1791638,0 74.4351575,25.1785077,0 74.4354491,25.1785624,0 74.4390939,25.1796376,0 74.4411896,25.1801296,0 74.4419186,25.1801479,0 74.442684,25.1792002,0 74.4444882,25.1787082,0 74.4459461,25.1786171,0 74.4468391,25.1784348,0 74.4490806,25.178289,0 74.4501376,25.1776694,0 74.449518,25.1766306,0 74.4487161,25.1753732,0 74.4487344,25.1747353,0 74.4488437,25.1740611,0 74.4491171,25.173241,0 74.4494815,25.172348,0 74.4495362,25.1716919,0 74.44919,25.1702158,0 74.45196,25.1701247,0 74.4556413,25.1691041,0 74.4591949,25.1676462,0 74.4637692,25.165186,0 74.4660654,25.1680289,0 74.4698195,25.1719288,0 74.4730452,25.1751727,0 74.4774189,25.179182,0 74.4784759,25.1811684,0 74.4789315,25.1834464,0 74.4797698,25.1853782,0 74.4806811,25.186581,0 74.4845263,25.19008,0 74.4877702,25.1941804,0 74.4893739,25.1956929,0 74.4915426,25.1971691,0 74.494021,25.1999574,0 74.4962261,25.2022536,0 74.4981579,25.2028914,0 74.5007821,25.2032741,0 74.5025499,25.2033288,0 74.5040442,25.2025452,0 74.5055204,25.2019802,0 74.5068872,25.2020531,0 74.5082175,25.2024723,0 74.5103862,25.2020349,0 74.5114249,25.201962,0 74.5104773,25.1987546,0 74.5095843,25.1950551,0 74.5086549,25.1898248,0 74.5079988,25.1858702,0 74.5090376,25.1847403,0 74.5091469,25.1828086,0 74.510368,25.1824623,0 74.5120263,25.1822801,0 74.5137941,25.182353,0 74.5196622,25.1825717,0 74.5235986,25.1826081,0 74.5256579,25.182517,0 74.5288289,25.181788,0 74.5309246,25.1816058,0 74.5360274,25.1815876,0 74.5401824,25.181624,0 74.541859,25.1811502,0 74.5431529,25.1818609,0 74.5448113,25.1800932,0 74.547636,25.1784348,0 74.5500598,25.1779792,0 74.5538504,25.177633,0 74.5533766,25.1757559,0 74.5531579,25.1747536,0 74.5531032,25.1740793,0 74.5523561,25.1735508,0 74.5511897,25.1732592,0 74.5504243,25.1721475,0 74.5497865,25.1706349,0 74.5483468,25.1693957,0 74.5470893,25.1682658,0 74.5439548,25.1687579,0 74.5435721,25.1669172,0 74.5443375,25.1666621,0 74.5442646,25.1648033,0 74.5450482,25.1655504,0 74.5458319,25.1662612,0 74.5468706,25.1663341,0 74.5463421,25.1649673,0 74.5477818,25.1645846,0 74.5469253,25.1625253,0 74.5465426,25.1615229,0 74.5461964,25.1604659,0 74.5479641,25.1594272,0 74.5491851,25.1573861,0 74.5498594,25.1564384,0 74.5496042,25.1555455,0 74.549094,25.1549258,0 74.5482192,25.1540146,0 74.5471622,25.153559,0 74.545358,25.1525932,0 74.5446655,25.1520647,0 74.5445197,25.1515544,0 74.5444833,25.1510806,0 74.544137,25.1507343,0 74.5435174,25.1505885,0 74.5429525,25.1504427,0 74.5420231,25.1501147,0 74.5413852,25.1498413,0 74.5411301,25.1488755,0 74.5403829,25.1488937,0 74.5391619,25.149003,0 74.5384329,25.1488208,0 74.5382142,25.148511,0 74.5378498,25.1481465,0 74.5372119,25.1478732,0 74.5370843,25.1475223,0 74.5370479,25.1471989,0 74.5370764,25.1470015,0 74.540146,25.1457409,0 74.5434719,25.1444288,0 74.5445198,25.1438821,0 74.5450027,25.1433263,0 74.5456405,25.1422693,0 74.5463239,25.1406838,0 74.546734,25.1405562,0 74.5473262,25.1406655,0 74.5486839,25.140055,0 74.5497227,25.1391621,0 74.5502785,25.1387703,0 74.550807,25.1385789,0 74.5514631,25.1386427,0 74.5522467,25.1386336,0 74.5526021,25.138506,0 74.5536955,25.1382235,0 74.5548983,25.1371483,0 74.5555635,25.1362371,0 74.5566934,25.1349614,0 74.5581969,25.1342325,0 74.5600102,25.1334397,0 74.5615136,25.1328748,0 74.5621333,25.1325559,0 74.5628349,25.1322278,0 74.5640559,25.1319362,0 74.5657416,25.1323007,0 74.5668168,25.1330024,0 74.5672178,25.1337769,0 74.5683659,25.136638,0 74.5689308,25.1377224,0 74.5700789,25.1397088,0 74.5709628,25.1414492,0 74.5719195,25.1426337,0 74.5736782,25.1445108,0 74.5769676,25.1479096,0 74.5779608,25.1487206,0 74.5797741,25.1486477,0 74.5823437,25.1486386,0 74.5847492,25.1486386,0 74.5885398,25.1483014,0 74.5903714,25.1481192,0 74.5911094,25.1481283,0 74.5922302,25.1482923,0 74.5929956,25.1482832,0 74.5935423,25.1480189,0 74.594244,25.1478094,0 74.5947816,25.1477091,0 74.5953374,25.1477091,0 74.5965311,25.1478276,0 74.6002305,25.1464334,0 74.6033195,25.1450029,0 74.6068367,25.1435541,0 74.6117846,25.1417681,0 74.6144817,25.140784,0 74.6161765,25.1431896,0 74.6177711,25.1453582,0 74.620933,25.1480736,0 74.6237486,25.1503334,0 74.625243,25.1514997,0 74.6258444,25.1526934,0 74.6273114,25.1557824,0 74.6283775,25.1562562,0 74.6295985,25.1568485,0 74.6306829,25.1576503,0 74.6314027,25.1582791,0 74.6320314,25.159336,0 74.6328515,25.1606664,0 74.633216,25.1600194,0 74.6343914,25.1597643,0 74.6353209,25.1596459,0 74.6363779,25.161286,0 74.6368972,25.1617234,0 74.6377447,25.1620788,0 74.639722,25.1629991,0 74.6411617,25.1640014,0 74.6428292,25.1655322,0 74.6437221,25.1671906,0 74.6440411,25.1681747,0 74.644852,25.1703616,0 74.6469842,25.1731043,0 74.6487884,25.1749176,0 74.6500459,25.1764028,0 74.6519321,25.1778607,0 74.6545107,25.1795829,0 74.658356,25.1819429,0 74.661199,25.1813871,0 74.6674316,25.1802208,0 74.6708212,25.1795556,0 74.6735275,25.1809406,0 74.6783204,25.1784075,0 74.6804891,25.1771956,0 74.6813729,25.1767217,0 74.6822568,25.1759655,0 74.6827762,25.176093,0 74.6832682,25.1772502,0 74.6842979,25.1792093,0 74.6848537,25.1807584,0 74.6852455,25.1809133,0 74.6890999,25.1790271,0 74.691788,25.1774507,0 74.6924805,25.1772138,0 74.6931274,25.1776694,0 74.6936195,25.178207,0 74.6939475,25.1784257,0 74.6941206,25.1785441,0 74.695123,25.1790818,0 74.6963622,25.1811684,0 74.6968725,25.1834555,0 74.6973463,25.1853599,0 74.6982484,25.1881026,0 74.6998703,25.1913192,0 74.7014193,25.1945266,0 74.7036427,25.1981623,0 74.7049366,25.2000849,0 74.7069686,25.2020987,0 74.7091008,25.2030828,0 74.7108412,25.2038391,0 74.7147411,25.2045225,0 74.7186501,25.205297,0 74.720755,25.2057161,0 74.7217664,25.2058255,0 74.7225865,25.2059895,0 74.723598,25.2051876,0 74.7242814,25.2025907,0 74.7258031,25.1959845,0 74.7267689,25.1919752,0 74.7274068,25.1889136,0 74.7283544,25.1878748,0 74.7288009,25.1871094,0 74.7292201,25.1855331,0 74.7269694,25.185451,0 74.7262313,25.1848679,0 74.7248919,25.1842938,0 74.7236526,25.1836286,0 74.7232153,25.1834464,0 74.7224043,25.1832551,0 74.72173,25.1829726,0 74.7216844,25.1824076,0 74.7215295,25.1819156,0 74.7190146,25.1784621,0 74.715707,25.1742159,0 74.7193882,25.1729949,0 74.7241082,25.1713457,0 74.7255024,25.1709265,0 74.7284364,25.1727307,0 74.7318443,25.1752912,0 74.7327373,25.175847,0 74.7339401,25.1772411,0 74.7365279,25.1766124,0 74.7375849,25.1758379,0 74.7389152,25.1761386,0 74.7397262,25.1758288,0 74.7405007,25.1754552,0 74.7410292,25.1751727,0 74.7413937,25.1752092,0 74.7417582,25.1755007,0 74.7423414,25.1763573,0 74.7429154,25.1772958,0 74.744428,25.1793916,0 74.7472618,25.1819703,0 74.7477903,25.1825534,0 74.7486651,25.1828632,0 74.7488929,25.1832368,0 74.7489749,25.1844305,0 74.7489384,25.1858338,0 74.7490387,25.1923033,0 74.748902,25.1968957,0 74.7478541,25.1980985,0 74.7470249,25.1994744,0 74.7481548,25.202609,0 74.749148,25.2054154,0 74.7489202,25.2076843,0 74.7490569,25.2097345,0 74.7524192,25.2138805,0 74.7541148,25.215647,0 74.7608752,25.2103451,0 74.7653036,25.2087413,0 74.7715909,25.2068096,0 74.7778782,25.2052606,0 74.7772585,25.2040031,0 74.7801379,25.2027092,0 74.7792814,25.2009779,0 74.7819786,25.19952,0 74.7823066,25.1989186,0 74.7817416,25.1971144,0 74.7812678,25.1953467,0 74.7831631,25.1936154,0 74.7839832,25.1926131,0 74.7851131,25.192121,0 74.786571,25.1922486,0 74.7871906,25.1862347,0 74.7874093,25.1857973,0 74.7889584,25.1854511,0 74.7888126,25.1838109,0 74.7885939,25.1819703,0 74.7890495,25.1808586,0 74.7884299,25.1801843,0 74.7874275,25.1804395,0 74.7866439,25.1793096,0 74.7870813,25.1782708,0 74.7849309,25.1757012,0 74.7882658,25.1731316,0 74.791692,25.1711088,0 74.7936966,25.1701611,0 74.7946442,25.169742,0 74.7958288,25.1691223,0 74.7970498,25.1686485,0 74.7981797,25.1683205,0 74.7996376,25.1687214,0 74.7990271,25.1653454,0 74.7986214,25.1621287,0 74.7974912,25.1596225,0 74.7967001,25.1576278,0 74.7960221,25.1556331,0 74.7957395,25.1543032,0 74.7957113,25.1529222,0 74.795847,25.1526023,0 74.7967218,25.1522925,0 74.7984804,25.1515271,0 74.8006126,25.1506067,0 74.8029088,25.1500327,0 74.8052142,25.1494769,0 74.8066812,25.148921,0 74.8079569,25.1487935,0 74.8102076,25.1488026,0 74.81203,25.149003,0 74.8174789,25.1500236,0 74.8187911,25.1504063,0 74.8205497,25.1507343,0 74.8243403,25.1504518,0 74.8255066,25.1503243,0 74.8270465,25.1495771,0 74.8287778,25.1487935,0 74.8329602,25.1468344,0 74.8356665,25.14575,0 74.8382543,25.1444835,0 74.8398489,25.1462603,0 74.8409879,25.1473446,0 74.8427556,25.1485292,0 74.8446509,25.1492035,0 74.845553,25.1498322,0 74.8462091,25.1504701,0 74.8473572,25.1523927,0 74.8491978,25.154698,0 74.8507924,25.1572585,0 74.8517492,25.1586982,0 74.8529155,25.1618418,0 74.8536992,25.164129,0 74.854583,25.1660789,0 74.8562232,25.1687487,0 74.8559225,25.1690494,0 74.8540819,25.1692317,0 74.8530978,25.1692955,0 74.8519588,25.1699606,0 74.8502093,25.1706805,0 74.8481591,25.1709903,0 74.846446,25.1710632,0 74.845553,25.1721475,0 74.8448514,25.1738697,0 74.8443685,25.1752092,0 74.843922,25.1763117,0 74.8438673,25.1773505,0 74.8439949,25.1790089,0 74.8444049,25.1800932,0 74.8464369,25.1843941,0 74.8471932,25.1859795,0 74.847175,25.1868361,0 74.8469107,25.1879295,0 74.8484871,25.1877564,0 74.8492343,25.1876653,0 74.8511296,25.1872097,0 74.8518221,25.1872006,0 74.8521957,25.1870001,0 74.8525146,25.1865445,0 74.8531342,25.1864534,0 74.8538176,25.1862529,0 74.8545466,25.1856606,0 74.855476,25.1849134,0 74.8557129,25.1840478,0 74.8561776,25.1836378,0 74.8572164,25.1833735,0 74.8582552,25.1826354,0 74.8589203,25.1820432,0 74.8590023,25.1818245,0 74.8583007,25.1814782,0 74.8582096,25.1814327,0 74.8578998,25.1813324,0 74.8573348,25.1809862,0 74.8569248,25.1801023,0 74.8566332,25.1797743,0 74.8566606,25.17951,0 74.8568884,25.1791547,0 74.8569886,25.1788631,0 74.856943,25.1783801,0 74.8569704,25.1778334,0 74.8574077,25.1776329,0 74.857754,25.1774872,0 74.8580182,25.1772958,0 74.8584283,25.1769404,0 74.8588019,25.1769131,0 74.859385,25.1768584,0 74.8601505,25.1767491,0 74.860524,25.1770042,0 74.8611437,25.1773687,0 74.8618453,25.1780612,0 74.8620002,25.1768584,0 74.8624193,25.1751818,0 74.8624102,25.1738059,0 74.865317,25.174708,0 74.8672943,25.1753549,0 74.8677863,25.175601,0 74.8685062,25.1761933,0 74.8690073,25.1768767,0 74.8696452,25.177396,0 74.8711942,25.1780612,0 74.8742923,25.1790453,0 74.8766614,25.1804212,0 74.8786114,25.1809406,0 74.8799144,25.180895,0 74.8813723,25.1807219,0 74.8824931,25.1809133,0 74.8834134,25.1813598,0 74.8848622,25.1818427,0 74.8879603,25.1832095,0 74.8895059,25.1845285,0 74.8915231,25.1863121,0 74.8951132,25.1841207,0 74.8996328,25.1821525,0 74.9061023,25.1794918,0 74.9101298,25.1768858,0 74.9095466,25.175847,0 74.9088541,25.1746078,0 74.908763,25.1734597,0 74.9087265,25.1716737,0 74.9075966,25.1705803,0 74.9055738,25.1693593,0 74.9050635,25.1683752,0 74.9047173,25.1668079,0 74.9043892,25.1659696,0 74.9030953,25.1631995,0 74.9027126,25.1603748,0 74.9022206,25.1566936,0 74.9021112,25.1546889,0 74.9012911,25.1527572,0 74.8997603,25.1495498,0 74.897701,25.1476727,0 74.8956781,25.1460143,0 74.8925254,25.1425517,0 74.896316,25.1423331,0 74.9013823,25.1425153,0 74.903314,25.1416223,0 74.9060476,25.1398546,0 74.90982,25.1423331,0 74.9135741,25.1439368,0 74.9168362,25.1423877,0 74.9202441,25.1402555,0 74.9215745,25.1390345,0 74.9229595,25.1369752,0 74.9256566,25.1324374,0 74.9286272,25.1273894,0 74.9301944,25.1239997,0 74.9310327,25.1258586,0 74.931543,25.128337,0 74.9328733,25.1342963,0 74.9334565,25.1375766,0 74.935206,25.1421873,0 74.936263,25.1453036,0 74.9369373,25.1475998,0 74.9379761,25.1499142,0 74.9395433,25.1508983,0 74.9412199,25.1482012,0 74.9425685,25.1447204,0 74.9436073,25.1421508,0 74.945703,25.1414947,0 74.9466142,25.1418046,0 74.9502044,25.1451396,0 74.95343,25.1439914,0 74.9572935,25.1421326,0 74.9599178,25.1400186,0 74.9614121,25.1377224,0 74.9632163,25.1318907,0 74.9637448,25.1296856,0 74.9640364,25.1276627,0 74.9637266,25.1256581,0 74.9642733,25.1209016,0 74.9651481,25.1177671,0 74.9665878,25.1156531,0 74.9673896,25.1117714,0 74.9687746,25.1091471,0 74.970105,25.1063771,0 74.9724559,25.1057575,0 74.9735493,25.1041355,0 74.9746428,25.1049192,0 74.9765927,25.1069603,0 74.977996,25.1076345,0 74.9821146,25.108163,0 74.9839552,25.1109878,0 74.9890033,25.1121176,0 74.992156,25.1140494,0 74.9939967,25.1143045,0 74.9964387,25.1156531,0 74.9976597,25.1176942,0 74.9985344,25.1186236,0 75.0001928,25.1203549,0 75.0004115,25.1215212,0 75.0020335,25.123125,0 75.0028171,25.1276445,0 75.003783,25.1287015,0 75.005168,25.1298496,0 75.0077558,25.1299772,0 75.0127856,25.1292664,0 75.0140249,25.1307426,0 75.0154645,25.1328383,0 75.0181617,25.1356084,0 75.0205126,25.1370116,0 75.0272373,25.137121,0 75.028112,25.1355902,0 75.0268546,25.1306879,0 75.0296611,25.1249109,0 75.0306816,25.1232343,0 75.0325951,25.1239997,0 75.0375885,25.1212479,0 75.0427823,25.1194255,0 75.0528238,25.117111,0 75.0630839,25.1148877,0 75.0753304,25.1229427,0 75.077408,25.1244735,0 75.079686,25.1249291,0 75.0811621,25.1247287,0 75.083841,25.1242184,0 75.0900372,25.1225236,0 75.0912764,25.1222137,0 75.1038145,25.1252207,0 75.110357,25.1264782,0 75.1128901,25.1273529,0 75.1158788,25.1272982,0 75.120289,25.1264235,0 75.1244806,25.1237446,0 75.1260295,25.1217952,0 75.128581,25.1181862,0 75.126343,25.1150206,0 75.1258565,25.1128102,0 75.1256469,25.112309,0 75.1220112,25.1089193,0 75.1253371,25.1040262,0 75.1507596,25.1053201,0 75.1686191,25.0985225,0 75.1724097,25.0994702,0 75.1796264,25.096445,0 75.1837997,25.0918161,0 75.1857315,25.0912876,0 75.1889024,25.0921988,0 75.1991261,25.0904858,0 75.2038097,25.0896657,0 75.1976682,25.0820845,0 75.1954995,25.0695099,0 75.1942056,25.0647717,0 75.191472,25.0573363,0 75.1898865,25.0537826,0 75.1898501,25.0509032,0 75.1908706,25.0497733,0 75.1917089,25.0492266,0 75.1922921,25.0483154,0 75.192857,25.046493,0 75.1921281,25.0422286,0 75.1917818,25.0390576,0 75.1910529,25.0369436,0 75.1906702,25.0365427,0 75.1927356,25.0335749,0 75.1954615,25.0341277,0 75.1966789,25.0338461,0 75.1976455,25.0335082,0 75.1986372,25.0332917,0 75.1988322,25.0351465,0 75.2012337,25.0371176,0 75.203268,25.038116,0 75.2058108,25.0385511,0 75.2080993,25.0379112,0 75.2120799,25.0360677,0 75.2152192,25.0345833,0 75.2168862,25.0341738,0 75.2184119,25.0345321,0 75.2202623,25.0355762,0 75.2223552,25.0353215,0 75.225099,25.0337444,0 75.2269094,25.0338714,0 75.2278768,25.0346345,0 75.2287244,25.0358889,0 75.2299393,25.0368105,0 75.2317475,25.036964,0 75.2347424,25.0364521,0 75.2362963,25.0359913,0 75.2385566,25.0350953,0 75.2410994,25.0348649,0 75.2442073,25.0345321,0 75.2477955,25.0350441,0 75.2495755,25.0361193,0 75.251525,25.0373736,0 75.2533332,25.0385511,0 75.2553392,25.0392423,0 75.2580515,25.0399079,0 75.2603346,25.0397886,0 75.2643027,25.0410219,0 75.2670533,25.0419557,0 75.2694595,25.0410798,0 75.2707184,25.0404172,0 75.2735823,25.0394282,0 75.2751449,25.0387047,0 75.2809014,25.0382964,0 75.2897044,25.0382132,0 75.2931706,25.0382952,0 75.2948376,25.0387815,0 75.296674,25.0400614,0 75.2996407,25.0413925,0 75.3015336,25.0416997,0 75.30402,25.0417253,0 75.3089926,25.0415205,0 75.3142294,25.0408015,0 75.3168871,25.0407439,0 75.3194707,25.0398812,0 75.3209832,25.0394679,0 75.3224745,25.0394489,0 75.3249218,25.0389594,0 75.3287026,25.040315,0 75.3318427,25.0416007,0 75.3335156,25.0408394,0 75.3350407,25.0403606,0 75.3378449,25.0377796,0 75.3396059,25.0362875,0 75.3416834,25.0348843,0 75.3443034,25.0342887,0 75.3472309,25.0321436,0 75.3464481,25.0307532,0 75.3449587,25.0310803,0 75.3426422,25.0306959,0 75.3442812,25.0293738,0 75.3456352,25.0285802,0 75.3465489,25.0273873,0 75.3471722,25.0262455,0 75.3476918,25.0255929,0 75.347827,25.0251369,0 75.3488017,25.0236008,0 75.3501849,25.0223371,0 75.3502618,25.0175397,0 75.3496776,25.0168162,0 75.3494516,25.0153057,0 75.3506947,25.0145376,0 75.3523334,25.0143327,0 75.3556391,25.0146912,0 75.3601314,25.0140255,0 75.3637196,25.0150496,0 75.371009,25.0160226,0 75.379146,25.0178404,0 75.3856161,25.0182244,0 75.3875938,25.0183524,0 75.3885544,25.0191461,0 75.389176,25.0207334,0 75.3899388,25.0222439,0 75.3913233,25.0234216,0 75.3929055,25.0235752,0 75.3941486,25.0227816,0 75.39542,25.0220391,0 75.3962676,25.0215015,0 75.3986974,25.0206054,0 75.4007882,25.0203494,0 75.4041221,25.0202726,0 75.4086427,25.0193509,0 75.4114115,25.0195557,0 75.4134458,25.0202726,0 75.4170905,25.0205542,0 75.4192942,25.020503,0 75.4236453,25.0206054,0 75.4285049,25.0198629,0 75.4311042,25.0201958,0 75.4371222,25.0217575,0 75.4462692,25.0231133,0 75.4471184,25.0249522,0 75.4477198,25.0263555,0 75.4489043,25.030219,0 75.4497244,25.0327885,0 75.4503076,25.0372534,0 75.4499978,25.0390941,0 75.4487403,25.0418641,0 75.4501071,25.0451809,0 75.4514922,25.0484976,0 75.4488315,25.0489168,0 75.4468997,25.0484612,0 75.444968,25.0482425,0 75.4425806,25.0485159,0 75.4430909,25.0507574,0 75.4432549,25.0515228,0 75.4438381,25.0527985,0 75.4443483,25.0540013,0 75.4440385,25.0557326,0 75.4441114,25.0572452,0 75.4446035,25.0595596,0 75.4420157,25.060325,0 75.4399381,25.0603432,0 75.4388629,25.0596143,0 75.4376419,25.0599788,0 75.4364209,25.0612909,0 75.4363116,25.0627124,0 75.4362387,25.0647352,0 75.4362933,25.068216,0 75.4363116,25.0721524,0 75.435619,25.0730454,0 75.434234,25.0742482,0 75.4320836,25.0747402,0 75.4307715,25.0751776,0 75.4272724,25.0777289,0 75.4234819,25.0803168,0 75.4202015,25.082613,0 75.4195637,25.0854742,0 75.4195819,25.0876246,0 75.419181,25.0910507,0 75.4182516,25.0930918,0 75.4173586,25.0946955,0 75.4158095,25.0951693,0 75.413896,25.0953333,0 75.4127661,25.0958801,0 75.4090302,25.0983585,0 75.4048205,25.1012744,0 75.4035083,25.1022402,0 75.4035266,25.1032243,0 75.4054219,25.1054477,0 75.407627,25.1071243,0 75.4084653,25.1093658,0 75.4095223,25.1137396,0 75.4107433,25.1168559,0 75.411782,25.1182774,0 75.4130759,25.1198264,0 75.4140418,25.1231614,0 75.4149712,25.1259679,0 75.4156091,25.126387,0 75.4220239,25.1282823,0 75.4246482,25.1295034,0 75.4264524,25.1309066,0 75.4300972,25.1329295,0 75.4339789,25.1350617,0 75.4390816,25.1388705,0 75.4415965,25.1408022,0 75.4425259,25.1421326,0 75.4426353,25.1441372,0 75.44269,25.14534,0 75.4438381,25.1485839,0 75.4446764,25.1504974,0 75.4455147,25.1514451,0 75.446845,25.1535408,0 75.4472277,25.1557824,0 75.4464087,25.1577404,0 75.4460614,25.1585706,0 75.4442572,25.1613225,0 75.4505445,25.1720746,0 75.4506356,25.1738241,0 75.4501071,25.1776147,0 75.4499613,25.1826081,0 75.4502894,25.1843576,0 75.4508908,25.1867632,0 75.451401,25.1889136,0 75.4514739,25.1915379,0 75.4515286,25.1935425,0 75.4521847,25.1960028,0 75.451966,25.1987181,0 75.4525127,25.2017615,0 75.4520753,25.2047321,0 75.45213,25.2080124,0 75.450909,25.2095979,0 75.4493964,25.2120581,0 75.4490137,25.2143361,0 75.4488497,25.2165594,0 75.4481754,25.2184365,0 75.4463165,25.2215528,0 75.4452231,25.2239037,0 75.4449133,25.2255439,0 75.4450773,25.2273298,0 75.446353,25.2289882,0 75.4476469,25.231084,0 75.4491959,25.2343825,0 75.4506539,25.2374259,0 75.4510366,25.2393394,0 75.4510366,25.2413623,0 75.4509454,25.2430207,0 75.4472642,25.2457725,0 75.4444759,25.2478683,0 75.4443301,25.2491622,0 75.4438198,25.2516771,0 75.4429633,25.2541373,0 75.4454782,25.2582924,0 75.4458792,25.261354,0 75.4455876,25.2621741,0 75.4443301,25.2648348,0 75.4427629,25.2672404,0 75.4414507,25.2697735,0 75.4395008,25.272981,0 75.4378606,25.2743478,0 75.435291,25.2766804,0 75.4321565,25.2775916,0 75.429678,25.2786304,0 75.427728,25.2799972,0 75.4255594,25.2808902,0 75.4202927,25.2826944,0 75.41991,25.2833686,0 75.419017,25.2838971,0 75.4181422,25.2832046,0 75.4156638,25.2828584,0 75.4119643,25.2826032,0 75.4101419,25.2830224,0 75.4089573,25.2840065,0 75.4079003,25.286084,0 75.4060962,25.2867401,0 75.4003009,25.2914966,0 75.3993897,25.2924807,0 75.3969477,25.2947769,0 75.3894029,25.3011553,0 75.3823138,25.305766,0 75.3793317,25.3073983,0 75.3767191,25.3083538,0 75.3746962,25.3095019,0 75.371999,25.3102673,0 75.371341,25.3105917,0 75.3707051,25.311461,0 75.3698304,25.3138392,0 75.3687552,25.3155887,0 75.3676799,25.3169373,0 75.364673,25.3182312,0 75.3622856,25.318541,0 75.3607913,25.318541,0 75.3560348,25.3196891,0 75.3535381,25.3201994,0 75.34767,25.3216755,0 75.3415467,25.3229694,0 75.3393416,25.326268,0 75.3347674,25.3292749,0 75.3338926,25.3343776,0 75.3331819,25.3391888,0 75.332617,25.3403733,0 75.3307034,25.3440364,0 75.3278605,25.3478634,0 75.3267488,25.3500321,0 75.3251451,25.3521278,0 75.3240699,25.3544241,0 75.3234503,25.3555904,0 75.3233045,25.3575586,0 75.323268,25.3583604,0 75.3228489,25.3599459,0 75.3223933,25.3614767,0 75.3206073,25.3637183,0 75.3185116,25.3635725,0 75.3156322,25.3653402,0 75.3142289,25.3664337,0 75.3116958,25.3698598,0 75.3097823,25.3726298,0 75.3083061,25.3733224,0 75.3072491,25.3737597,0 75.3063926,25.3747074,0 75.3059188,25.375655,0 75.3054085,25.3763293,0 75.3046796,25.3767485,0 75.3033127,25.3773681,0 75.3016088,25.3781335,0 75.3014175,25.3797099,0 75.2998775,25.3805846,0 75.2969344,25.3819605,0 75.2960596,25.3827077,0 75.2921597,25.3866805,0 75.2901003,25.389724,0 75.2878588,25.3909085,0 75.2852163,25.3926762,0 75.2838495,25.3948814,0 75.2842687,25.3977607,0 75.2852345,25.403556,0 75.2843051,25.402827,0 75.2833028,25.4027541,0 75.2825009,25.4028999,0 75.2815351,25.402171,0 75.280551,25.4015513,0 75.2800954,25.4013691,0 75.2794029,25.4012051,0 75.2785645,25.4012962,0 75.2773982,25.4015513,0 75.2765781,25.4000387,0 75.2759403,25.3990729,0 75.2753024,25.3983621,0 75.2739356,25.3983075,0 75.2722955,25.3985079,0 75.2675026,25.3992004,0 75.2664091,25.4001299,0 75.2634022,25.4032279,0 75.2625274,25.4059251,0 75.26127,25.4100255,0 75.2604863,25.4140895,0 75.2599943,25.4168413,0 75.2606868,25.4215795,0 75.2660082,25.4262631,0 75.2683044,25.4279215,0 75.2747922,25.4306369,0 75.2788197,25.4324046,0 75.2843051,25.4355027,0 75.2859635,25.4342999,0 75.2876037,25.4318214,0 75.2904466,25.4298714,0 75.2932166,25.4276117,0 75.2949115,25.4263178,0 75.2970984,25.4253883,0 75.2991577,25.4236935,0 75.3003422,25.4225272,0 75.3016726,25.4209052,0 75.3025291,25.421215,0 75.3033127,25.4235659,0 75.3041146,25.4246958,0 75.305773,25.4252061,0 75.3081603,25.4262813,0 75.3086342,25.4272107,0 75.3087253,25.4293976,0 75.3080692,25.4311836,0 75.3080692,25.4325504,0 75.3086706,25.4336803,0 75.3098187,25.4345732,0 75.3149032,25.4377624,0 75.3170354,25.4392568,0 75.3177462,25.4404414,0 75.3186756,25.4427376,0 75.3202246,25.4456899,0 75.3207531,25.4470385,0 75.3206256,25.4482777,0 75.3202611,25.4493711,0 75.3200424,25.4512118,0 75.3206256,25.452943,0 75.3216097,25.4540183,0 75.3234685,25.4568248,0 75.3254002,25.4575902,0 75.3270586,25.4583373,0 75.3293913,25.4588476,0 75.3335464,25.4604149,0 75.3361524,25.4615812,0 75.3396696,25.4634583,0 75.3421117,25.4650802,0 75.3440252,25.4677592,0 75.3460663,25.4701647,0 75.3487088,25.4718778,0 75.3504218,25.4736273,0 75.3512419,25.4747754,0 75.3520437,25.4755408,0 75.3527363,25.4758142,0 75.3539026,25.4759053,0 75.3562353,25.4771445,0 75.3574198,25.4775819,0 75.3586591,25.4780739,0 75.3595156,25.4785295,0 75.3596614,25.4795136,0 75.3604268,25.4802973,0 75.3609553,25.480844,0 75.3624132,25.4831584,0 75.3625043,25.4876051,0 75.3634884,25.4893546,0 75.3640169,25.4915233,0 75.3614656,25.4970998,0 75.3624861,25.498904,0 75.3635066,25.5002526,0 75.3652015,25.501674,0 75.3679898,25.5024577,0 75.3681173,25.503296,0 75.367844,25.5041525,0 75.366951,25.5047721,0 75.3662585,25.5047721,0 75.3653108,25.5053188,0 75.3651468,25.50623,0 75.3649463,25.5090548,0 75.3641445,25.5102211,0 75.3635978,25.5110047,0 75.3633062,25.5117519,0 75.3623768,25.5141028,0 75.3613927,25.5147953,0 75.3608095,25.5157065,0 75.3607001,25.5164719,0 75.3611557,25.5172191,0 75.3618847,25.5177476,0 75.362395,25.5188593,0 75.3618118,25.5195518,0 75.36183,25.5203901,0 75.362231,25.5209186,0 75.3626866,25.521684,0 75.3626137,25.5225405,0 75.3625226,25.5232877,0 75.3630693,25.5239802,0 75.3622127,25.5242718,0 75.3619394,25.5246727,0 75.3621398,25.525347,0 75.3623403,25.5257297,0 75.3625226,25.5265134,0 75.3614473,25.5269325,0 75.3611193,25.5279166,0 75.3612104,25.529247,0 75.3602445,25.5295568,0 75.3595156,25.5296661,0 75.3588777,25.5303951,0 75.3586044,25.5311969,0 75.3588595,25.5319441,0 75.3586591,25.5326366,0 75.3584586,25.5330193,0 75.3583675,25.5335478,0 75.3584768,25.5343861,0 75.3585679,25.5349146,0 75.3584586,25.5362632,0 75.357839,25.5369193,0 75.3575109,25.5379398,0 75.360445,25.5408374,0 75.3667141,25.54707,0 75.372564,25.5529017,0 75.3750789,25.5547423,0 75.377448,25.5559451,0 75.3796531,25.5571844,0 75.3806008,25.5581867,0 75.3813115,25.5590068,0 75.3817671,25.5598815,0 75.3822592,25.5614306,0 75.3826783,25.5677725,0 75.3835348,25.5728388,0 75.3867423,25.5736589,0 75.3900773,25.5744061,0 75.3952529,25.574971,0 75.3965832,25.5755542,0 75.3978589,25.5764289,0 75.3984967,25.5776681,0 75.399572,25.5809485,0 75.40185,25.5829167,0 75.4048205,25.5857778,0 75.4092125,25.5892404,0 75.4102512,25.5904067,0 75.4126568,25.5953637,0 75.4137138,25.59848,0 75.4152811,25.6010131,0 75.4168119,25.6029813,0 75.4188712,25.6054051,0 75.4204931,25.6079018,0 75.4212768,25.6102891,0 75.4223155,25.6133872,0 75.4238828,25.6155194,0 75.4263612,25.6181254,0 75.4287668,25.6210231,0 75.4300425,25.6227543,0 75.4306621,25.6246314,0 75.4297145,25.6304449,0 75.4293318,25.6343813,0 75.4290584,25.6351467,0 75.42935,25.636477,0 75.4299149,25.6382812,0 75.4311906,25.6399578,0 75.4323569,25.640705,0 75.434398,25.6448418,0 75.4346896,25.6459535,0 75.4348536,25.6478124,0 75.4353092,25.6494161,0 75.4353275,25.6516212,0 75.435455,25.6547739,0 75.4352546,25.655922,0 75.4346714,25.656815,0 75.4341429,25.6574529,0 75.433742,25.6582183,0 75.4338513,25.6598949,0 75.4336509,25.6616262,0 75.4325027,25.6635214,0 75.4315551,25.665271,0 75.4313,25.6668929,0 75.430735,25.6698452,0 75.4289855,25.6693714,0 75.4281472,25.6727246,0 75.4272542,25.676424,0 75.4255958,25.6808707,0 75.4232085,25.6846977,0 75.4218781,25.6885066,0 75.4240104,25.6892537,0 75.4263066,25.690493,0 75.4273453,25.691714,0 75.4283477,25.6929897,0 75.4309537,25.6949214,0 75.4348536,25.6970536,0 75.4419063,25.7013545,0 75.4450226,25.7035596,0 75.4488315,25.7069128,0 75.4503076,25.7079334,0 75.4524216,25.7087899,0 75.456358,25.7125076,0 75.4589458,25.7150407,0 75.4594014,25.7158608,0 75.4601486,25.7180477,0 75.4606224,25.7193598,0 75.460841,25.7207587,0 75.4579733,25.7253785,0 75.4539613,25.7298582,0 75.4486779,25.7354321,0 75.4454852,25.7383589,0 75.4442138,25.7395296,0 75.44201,25.7411584,0 75.4400605,25.7433725,0 75.4389022,25.745154,0 75.437998,25.7463501,0 75.4365854,25.747139,0 75.4352292,25.7475461,0 75.4343816,25.7470372,0 75.4338165,25.7458411,0 75.4328277,25.744874,0 75.431641,25.744645,0 75.4282788,25.7455612,0 75.4271204,25.7462737,0 75.4248037,25.7480806,0 75.4234475,25.7498365,0 75.4227129,25.7518977,0 75.4225151,25.7551041,0 75.4212155,25.7578014,0 75.4188987,25.7622544,0 75.4156495,25.7660711,0 75.4125416,25.7678522,0 75.4089252,25.7695315,0 75.4059303,25.7704729,0 75.4021444,25.7728392,0 75.3997993,25.7746456,0 75.3981324,25.7748491,0 75.3968327,25.7742894,0 75.3934705,25.7705238,0 75.391182,25.7681321,0 75.3899953,25.7657913,0 75.3904192,25.7649516,0 75.3923686,25.7634758,0 75.3912668,25.7607277,0 75.3889217,25.7572161,0 75.3879046,25.7543152,0 75.3875373,25.752763,0 75.3867462,25.7508544,0 75.3851923,25.7495311,0 75.3832428,25.7496838,0 75.3815758,25.7502182,0 75.379372,25.7514651,0 75.379146,25.7528902,0 75.3777333,25.7542389,0 75.3751623,25.7557148,0 75.3727042,25.7566563,0 75.371235,25.7575215,0 75.371009,25.7587938,0 75.3702462,25.7596844,0 75.3683249,25.7597099,0 75.3649062,25.759888,0 75.3616571,25.760117,0 75.3597924,25.7595317,0 75.3579841,25.7587938,0 75.3559781,25.7581322,0 75.3535766,25.7581577,0 75.350723,25.7587938,0 75.3479824,25.7593791,0 75.344931,25.760575,0 75.3419644,25.7616692,0 75.3389978,25.7620763,0 75.3368223,25.7617201,0 75.3355226,25.7606005,0 75.3340393,25.7593409,0 75.3331776,25.7589974,0 75.332217,25.7588447,0 75.3303098,25.7592773,0 75.3273432,25.760117,0 75.3256198,25.761033,0 75.3244049,25.7620127,0 75.3224836,25.7637302,0 75.3205765,25.7643918,0 75.3177279,25.7664689,0 75.3167803,25.7657217,0 75.3158873,25.7649016,0 75.3141014,25.7640997,0 75.3123336,25.763553,0 75.3103654,25.7625507,0 75.3052627,25.7582316,0 75.3034403,25.7553158,0 75.3013081,25.7517621,0 75.3003969,25.7500308,0 75.2989208,25.7487916,0 75.2978638,25.7480079,0 75.2972077,25.7473519,0 75.2969161,25.7464589,0 75.2967157,25.745493,0 75.2962601,25.7443814,0 75.2956404,25.7435431,0 75.2942554,25.7427412,0 75.2931255,25.7418118,0 75.2910662,25.7393698,0 75.2898999,25.7378025,0 75.2893714,25.7365815,0 75.288934,25.7357614,0 75.2881504,25.7350871,0 75.2866013,25.7343764,0 75.2852345,25.7333558,0 75.2845238,25.7322806,0 75.2839771,25.7314423,0 75.2827196,25.7306222,0 75.2823187,25.7296199,0 75.2809883,25.7281256,0 75.2782912,25.7262485,0 75.2760861,25.724827,0 75.275266,25.7238976,0 75.2748833,25.7227859,0 75.2748104,25.7216378,0 75.2745188,25.7201434,0 75.2736987,25.7186491,0 75.2737716,25.7180841,0 75.2743093,25.7168358,0 75.2741999,25.716207,0 75.2741088,25.7149587,0 75.2740541,25.7137468,0 75.2734983,25.71238,0 75.2729607,25.7111043,0 75.2728331,25.7102022,0 75.2731247,25.7089357,0 75.2734801,25.7079242,0 75.2740177,25.707095,0 75.2748286,25.705956,0 75.2749835,25.7051997,0 75.2750747,25.703514,0 75.2751111,25.7018556,0 75.2746464,25.7006073,0 75.2715939,25.7020834,0 75.2676119,25.7036416,0 75.2643225,25.7046348,0 75.2624545,25.7049811,0 75.2602039,25.7039058,0 75.2587004,25.7027486,0 75.2580717,25.7011085,0 75.2576525,25.6988031,0 75.2570238,25.6970627,0 75.2560944,25.6953406,0 75.2548278,25.6940375,0 75.2541079,25.6932539,0 75.253625,25.6922243,0 75.2531238,25.6907663,0 75.2531603,25.6886068,0 75.2516841,25.6856636,0 75.2509492,25.6854239,0 75.2493315,25.6851335,0 75.2478457,25.6847987,0 75.2458895,25.6843971,0 75.2431656,25.6844194,0 75.2407141,25.6846425,0 75.2379903,25.6850665,0 75.2321463,25.6862046,0 75.2266738,25.6876328,0 75.2226871,25.6884585,0 75.2198642,25.6891725,0 75.2155803,25.6905784,0 75.2107021,25.6919396,0 75.2080773,25.6931892,0 75.2051058,25.6948627,0 75.2016886,25.6978304,0 75.1989895,25.6993254,0 75.1973551,25.7003741,0 75.198098,25.7024938,0 75.1978752,25.7035201,0 75.1967608,25.704011,0 75.1952256,25.7044573,0 75.1942598,25.7049258,0 75.1937398,25.7062645,0 75.1930465,25.7073132,0 75.1920312,25.7083395,0 75.1894807,25.7094774,0 75.186113,25.7102359,0 75.183711,25.7106821,0 75.182151,25.710816,0 75.1796252,25.7112622,0 75.1778671,25.71153,0 75.1756633,25.7121323,0 75.1739299,25.7135602,0 75.1703641,25.7155458,0 75.1684574,25.7166613,0 75.1660554,25.718803,0 75.1655602,25.7205431,0 75.1645202,25.7217255,0 75.1630592,25.7223948,0 75.1615734,25.7229748,0 75.1595677,25.7236663,0 75.1580819,25.7238002,0 75.1570667,25.7237556,0 75.1550114,25.7234879,0 75.152238,25.7222609,0 75.1492665,25.7217255,0 75.1472608,25.7215247,0 75.1458741,25.7212124,0 75.144834,25.7206324,0 75.1440664,25.7185353,0 75.1438931,25.7169513,0 75.1436455,25.7145865,0 75.143175,25.7127347,0 75.1410454,25.708875,0 75.1399559,25.7072908,0 75.1391635,25.7059298,0 75.1382472,25.7051712,0 75.1356967,25.7049035,0 75.1341367,25.7048142,0 75.1306452,25.7048589,0 75.125247,25.7063091,0 75.122325,25.707157,0 75.1196507,25.7075586,0 75.1180411,25.7077594,0 75.1159363,25.7077371,0 75.1146487,25.7070008,0 75.1138315,25.705439,0 75.1131877,25.7037433,0 75.1129153,25.7026277,0 75.1120734,25.7013558,0 75.1104289,25.6983237,0 75.1080619,25.6974957,0 75.105598,25.6991357,0 75.1033199,25.70101,0 75.1012893,25.7021256,0 75.0994445,25.702438,0 75.0956063,25.7031855,0 75.0927339,25.704435,0 75.0896633,25.704435,0 75.0871871,25.7042118,0 75.0851566,25.7042118,0 75.084067,25.7054613,0 75.0833737,25.7079602,0 75.0832746,25.7097451,0 75.0834232,25.7119762,0 75.0841661,25.7149658,0 75.0880786,25.721614,0 75.0884748,25.7233541,0 75.0874843,25.7247818,0 75.0846613,25.7267895,0 75.0814422,25.7284849,0 75.0792136,25.7293772,0 75.0764897,25.7313402,0 75.0687639,25.7355339,0 75.0667333,25.7370953,0 75.0657429,25.7385228,0 75.0651486,25.7407534,0 75.0652971,25.7445006,0 75.0673276,25.7477124,0 75.0697356,25.7504864,0 75.0707197,25.7525093,0 75.0712118,25.7538943,0 75.0719407,25.755006,0 75.071795,25.7554798,0 75.0712665,25.7558989,0 75.0680773,25.7569742,0 75.0670203,25.7565732,0 75.067239,25.757448,0 75.0662913,25.7578489,0 75.0694441,25.7615484,0 75.0711389,25.7640269,0 75.0720136,25.7650109,0 75.0735445,25.7663777,0 75.0758042,25.7691478,0 75.0771346,25.7723552,0 75.0764239,25.7728655,0 75.0771164,25.7742505,0 75.0777542,25.7755809,0 75.0759683,25.7778953,0 75.0757313,25.7794626,0 75.0757131,25.7824695,0 75.0734169,25.7817588,0 75.0699361,25.7808476,0 75.0660908,25.7802644,0 75.0627194,25.7806289,0 75.0564321,25.782506,0 75.0530789,25.7824331,0 75.0504364,25.7826882,0 75.0447323,25.7839092,0 75.0388277,25.7857499,0 75.0341806,25.7879185,0 75.030226,25.7908708,0 75.0278386,25.7925656,0 75.0257611,25.7947343,0 75.0250868,25.7967572,0 75.024121,25.7982698,0 75.0218794,25.8008029,0 75.0206219,25.799837,0 75.0153552,25.8046299,0 75.0141524,25.8062883,0 75.0124576,25.8079103,0 75.0108903,25.8087121,0 75.0095053,25.8090402,0 75.0114188,25.8116644,0 75.0127856,25.8129583,0 75.0144076,25.8147807,0 75.0183622,25.8177695,0 75.0196014,25.8187171,0 75.020221,25.8192456,0 75.0208042,25.8203755,0 75.0238294,25.822453,0 75.0260162,25.8244577,0 75.0272737,25.8242207,0 75.0282942,25.8262072,0 75.0299891,25.8297062,0 75.033725,25.830508,0 75.0373151,25.8316926,0 75.0375703,25.8343351,0 75.0368595,25.8345173,0 75.0372422,25.8362121,0 75.0363128,25.8366313,0 75.0375156,25.8399298,0 75.0391011,25.8411144,0 75.0413791,25.8468367,0 75.0390646,25.8474199,0 75.0369507,25.8479666,0 75.0351647,25.8490601,0 75.0311736,25.8510465,0 75.0297157,25.8516843,0 75.0258705,25.8529782,0 75.0234831,25.8544726,0 75.0207495,25.8563679,0 75.0175239,25.8591562,0 75.0150454,25.8579534,0 75.0120136,25.8559687,0 75.0100779,25.85401,0 75.0026536,25.8497231,0 75.0012159,25.8476376,0 74.9996924,25.8459382,0 74.9949503,25.8429642,0 74.9916029,25.8449919,0 74.9872041,25.8471741,0 74.9866032,25.8479465,0 74.9870538,25.8542803,0 74.9845004,25.8548403,0 74.982934,25.8568485,0 74.9828051,25.8583491,0 74.9829835,25.863431,0 74.9766839,25.8640949,0 74.9682279,25.8640402,0 74.9621775,25.8641678,0 74.9584599,25.8636757,0 74.9559814,25.8627463,0 74.9477259,25.8622725,0 74.944318,25.8619809,0 74.9419489,25.8623636,0 74.9420218,25.8629285,0 74.9401812,25.8640038,0 74.9385775,25.8650425,0 74.9356798,25.8703457,0 74.9317617,25.8729882,0 74.9249641,25.8779633,0 74.9234515,25.8779269,0 74.9197703,25.8778905,0 74.9159432,25.8782185,0 74.9123713,25.8791479,0 74.9073597,25.8805694,0 74.902093,25.8817539,0 74.8991772,25.8801502,0 74.8957328,25.87769,0 74.8919787,25.8746648,0 74.891195,25.8738447,0 74.8897736,25.8712205,0 74.8887712,25.8718948,0 74.8882974,25.8731704,0 74.8874227,25.874191,0 74.8861652,25.8747195,0 74.8841059,25.8745372,0 74.8804793,25.8742092,0 74.8769621,25.8742639,0 74.8747934,25.8752662,0 74.8735178,25.8757947,0 74.8720052,25.8764872,0 74.8701099,25.877125,0 74.8629843,25.8776535,0 74.8617815,25.8775806,0 74.8606152,25.8779269,0 74.8588657,25.8788199,0 74.8562049,25.8797857,0 74.8538905,25.8798769,0 74.8505737,25.8791297,0 74.8459266,25.87769,0 74.8423183,25.8765783,0 74.8380903,25.8755396,0 74.8351015,25.8752662,0 74.8299988,25.8755213,0 74.827976,25.8753209,0 74.8268643,25.8741545,0 74.8259531,25.8744826,0 74.8253153,25.8744643,0 74.8229644,25.8728606,0 74.8198845,25.8722228,0 74.8142897,25.8729335,0 74.8117384,25.8735531,0 74.8099524,25.8736443,0 74.8074011,25.873626,0 74.8051777,25.8729517,0 74.8033189,25.8729517,0 74.8000203,25.8732616,0 74.7945349,25.8745372,0 74.7922205,25.8756307,0 74.7893411,25.8763414,0 74.7864981,25.8777264,0 74.7830356,25.8802231,0 74.7776777,25.8838133,0 74.7760922,25.8840137,0 74.7747254,25.8838315,0 74.7710259,25.8852165,0 74.7696774,25.8862553,0 74.7691489,25.8870025,0 74.7689302,25.8883146,0 74.7693493,25.889809,0 74.769404,25.890629,0 74.7689405,25.891619,0 74.7675538,25.894114,0 74.7655233,25.8960743,0 74.7624527,25.8964307,0 74.7597475,25.8961796,0 74.7585793,25.8968676,0 74.7568081,25.897814,0 74.7498982,25.903336,0 74.7473229,25.9054743,0 74.7421723,25.9093945,0 74.7402409,25.9108868,0 74.7386561,25.9118446,0 74.7365017,25.9122232,0 74.7354865,25.9121787,0 74.7329112,25.9116887,0 74.7313511,25.9118446,0 74.7301378,25.9127355,0 74.7283797,25.9141832,0 74.7268691,25.9157423,0 74.7237738,25.916945,0 74.7188461,25.9187935,0 74.713547,25.9200185,0 74.7099812,25.9204194,0 74.7062668,25.9204862,0 74.7038518,25.9202599,0 74.6953218,25.9186154,0 74.6876207,25.918749,0 74.6828168,25.9187045,0 74.6769233,25.9181254,0 74.6714756,25.9175018,0 74.668405,25.9174127,0 74.6648393,25.9172345,0 74.6597382,25.9167891,0 74.656321,25.9161655,0 74.6507247,25.9141164,0 74.6442369,25.9117555,0 74.6371549,25.9092609,0 74.6330443,25.9080136,0 74.6279433,25.9062762,0 74.6239813,25.9053853,0 74.6196231,25.9052071,0 74.6164535,25.9055634,0 74.6137296,25.9056525,0 74.6155355,25.9131324,0 74.6064495,25.9149648,0 74.598422,25.916046,0 74.5934296,25.9161695,0 74.592632,25.9094836,0 74.5859462,25.9111319,0 74.5806966,25.9128692,0 74.5759917,25.9138937,0 74.5724259,25.9143391,0 74.5680677,25.9143837,0 74.5625705,25.9140719,0 74.5587075,25.9131364,0 74.5566069,25.9027832,0 74.5625251,25.8996317,0 74.5680469,25.8967887,0 74.571473,25.8899365,0 74.5756463,25.8884968,0 74.5721838,25.8837404,0 74.5714184,25.8803871,0 74.5694137,25.8764143,0 74.5667348,25.8771068,0 74.5617414,25.8808792,0 74.5562378,25.8812983,0 74.5519734,25.8791844,0 74.5424422,25.8775442,0 74.5406927,25.8756671,0 74.5378133,25.8731887,0 74.5359909,25.8712569,0 74.5311251,25.8654252,0 74.5251841,25.8673205,0 74.5250201,25.868414,0 74.5266602,25.8706008,0 74.5268971,25.8718765,0 74.5268789,25.8743368,0 74.5273892,25.8768881,0 74.5295396,25.8812437,0 74.5312162,25.8826105,0 74.5331115,25.884196,0 74.5330568,25.8851072,0 74.5319634,25.888187,0 74.5318723,25.8890435,0 74.5323461,25.892579,0 74.5317083,25.8929435,0 74.5320545,25.894693,0 74.5292116,25.8957135,0 74.5297583,25.8972079,0 74.5314714,25.8966612,0 74.5322914,25.8984836,0 74.5315078,25.8985565,0 74.5310886,25.8997775,0 74.531362,25.9032765,0 74.5273527,25.9031125,0 74.5246556,25.9118782,0 74.5150151,25.9159604,0 74.5076344,25.9192772,0 74.4973013,25.9217374,0 74.4909047,25.923815,0 74.4842529,25.9280247,0 74.4762343,25.9261284,0 74.4738416,25.9184141,0 74.4720677,25.9145982,0 74.4694532,25.9094606,0 74.4678058,25.9070306,0 74.4663023,25.9069395,0 74.4682739,25.9031314,0 74.4681794,25.8998043,0 74.4685501,25.8970205,0 74.4692728,25.8942465,0 74.4769857,25.883943,0 74.4641095,25.8817805,0 74.457929,25.87761,0 74.4558688,25.8786912,0 74.4517484,25.8822439,0 74.447113,25.881935,0 74.4419625,25.8791546,0 74.4376705,25.8756019,0 74.4393873,25.8705042,0 74.4419625,25.8664878,0 74.447113,25.8650974,0 74.4515767,25.8627802,0 74.4568989,25.8593814,0 74.4562122,25.8541286,0 74.4488298,25.8397594,0 74.4459112,25.8303335,0 74.4376705,25.8216795,0 74.4278846,25.8260066,0 74.4134633,25.8120976,0 74.4052225,25.8068427,0 74.4026473,25.8097793,0 74.3985269,25.8137977,0 74.3940632,25.8137977,0 74.3839339,25.8150341,0 74.3837622,25.8113249,0 74.3846206,25.8046788,0 74.3877109,25.801433,0 74.3932048,25.7997327,0 74.4009305,25.7974142,0 74.4045358,25.7903036,0 74.4126049,25.7836565,0 74.4119181,25.7799462,0 74.4088278,25.7737623,0 74.4072827,25.7666503,0 74.4069393,25.7620119,0 74.4062526,25.7566001,0 74.4045358,25.7473222,0 74.3933764,25.7446933,0 74.381702,25.7420644,0 74.3866808,25.7518066,0 74.3823888,25.7550538,0 74.3708861,25.7564455,0 74.369856,25.7658773,0 74.3834189,25.7677326,0 74.3959517,25.7680418,0 74.3986986,25.7717524,0 74.3985269,25.7776273,0 74.3918313,25.7876757,0 74.3835905,25.7816468,0 74.381187,25.7839656,0 74.37741,25.7875211,0 74.3717445,25.7957139,0 74.3580099,25.7881395,0 74.3513143,25.7818014,0 74.3392965,25.779637,0 74.330369,25.7807192,0 74.3250469,25.7794824,0 74.3138875,25.7779365,0 74.3207548,25.760311,0 74.3145743,25.7576825,0 74.3095955,25.7566001,0 74.3027282,25.7533529,0 74.3030715,25.7493325,0 74.3008397,25.7442294,0 74.2939724,25.7440748,0 74.2938007,25.7511881,0 74.2879635,25.751652,0 74.2774909,25.7531983,0 74.2711386,25.7502603,0 74.2673616,25.737889,0 74.2583055,25.7289575,0 74.2453453,25.721246,0 74.2433779,25.723914,0 74.2434227,25.7296381,0 74.2449353,25.7345951,0 74.2463385,25.738003,0 74.247924,25.7404268,0 74.2500198,25.741502,0 74.2499287,25.7428688,0 74.2491997,25.7441991,0 74.2441699,25.7427777,0 74.2388302,25.7411193,0 74.2368256,25.740773,0 74.2323972,25.7392422,0 74.2251987,25.7356156,0 74.2227202,25.7344128,0 74.2228113,25.7336474,0 74.2220095,25.7331007,0 74.2211712,25.733283,0 74.2207702,25.7334287,0 74.2171437,25.7329002,0 74.2155035,25.7326998,0 74.2111297,25.7314606,0 74.2068289,25.7277246,0 74.2030201,25.7229317,0 74.200979,25.7215285,0 74.1992841,25.720435,0 74.1989926,25.718722,0 74.1985734,25.7169725,0 74.1963865,25.7122342,0 74.1920128,25.7093913,0 74.1902997,25.7099015,0 74.1872927,25.7083707,0 74.1872563,25.7124347,0 74.1850147,25.7136192,0 74.182354,25.7158061,0 74.1799849,25.7182664,0 74.1790737,25.7198336,0 74.1781261,25.7228406,0 74.1772513,25.7276882,0 74.1760485,25.7318068,0 74.1744022,25.7356508,0 74.1726922,25.7339519,0 74.1712374,25.7322988,0 74.1695699,25.7310778,0 74.1682851,25.7308409,0 74.1643123,25.7294012,0 74.1638384,25.7298751,0 74.1623623,25.7305493,0 74.1612324,25.7312236,0 74.1597198,25.73239,0 74.1572049,25.7333194,0 74.1534325,25.732554,0 74.1513732,25.7316063,0 74.1498606,25.731169,0 74.1484756,25.7312236,0 74.1470177,25.7308774,0 74.1459242,25.7289639,0 74.1452864,25.7279798,0 74.1444299,25.7267952,0 74.1439378,25.7266312,0 74.1432453,25.7267405,0 74.1420972,25.7267952,0 74.1394183,25.7258658,0 74.137523,25.7244808,0 74.1364842,25.7241163,0 74.134352,25.7238794,0 74.1285932,25.7225672,0 74.1228891,25.7223485,0 74.1194812,25.7218565,0 74.1167294,25.7206719,0 74.1152897,25.7198701,0 74.1138318,25.7197607,0 74.1123374,25.7205079,0 74.1093851,25.7221845,0 74.107745,25.7220934,0 74.1049931,25.720836,0 74.1023142,25.7191047,0 74.1010932,25.7187402,0 74.1007105,25.7172458,0 74.1000909,25.7158244,0 74.0989428,25.7147309,0 74.0969381,25.7135099,0 74.0954255,25.7129996,0 74.0946237,25.7126898,0 74.0940223,25.7116875,0 74.0934027,25.7109221,0 74.0925826,25.7103936,0 74.091963,25.7097375,0 74.0913433,25.709045,0 74.0910153,25.7086988,0 74.0903775,25.708389,0 74.0896485,25.7080427,0 74.0889742,25.7076418,0 74.0882635,25.707332,0 74.08717,25.7074778,0 74.0866598,25.7071315,0 74.0866233,25.7060927,0 74.0856575,25.7058923,0 74.0850925,25.7050722,0 74.0843453,25.7043068,0 74.0837439,25.7027395,0 74.0838351,25.7016278,0 74.0840902,25.701318,0 74.0844729,25.7009171,0 74.0846369,25.6999877,0 74.0848374,25.6993498,0 74.0851107,25.698712,0 74.0857121,25.6974728,0 74.0856575,25.6967985,0 74.0846005,25.6949396,0 74.0826687,25.6916229,0 74.0818486,25.6891809,0 74.0814295,25.6863926,0 74.0807187,25.6841146,0 74.0802267,25.6830394,0 74.0797893,25.6825655,0 74.0793337,25.682037,0 74.0797529,25.677882,0 74.0818669,25.6758409,0 74.0830514,25.6760231,0 74.0848556,25.676096,0 74.0858944,25.6760413,0 74.0886826,25.6744559,0 74.0916714,25.6732895,0 74.0946419,25.669827,0 74.097011,25.6668929,0 74.098068,25.6655808,0 74.0988334,25.6634668,0 74.10051,25.6619177,0 74.1033347,25.6601865,0 74.1063964,25.6581089,0 74.1076356,25.6578538,0 74.1089113,25.6579449,0 74.1099865,25.6586374,0 74.1121187,25.6586921,0 74.1157635,25.6585281,0 74.1170392,25.6578902,0 74.1187887,25.6562683,0 74.1198457,25.6546464,0 74.119955,25.6528786,0 74.1198821,25.6515847,0 74.1213947,25.6511656,0 74.1226522,25.6506917,0 74.1255498,25.6489422,0 74.1275362,25.6469923,0 74.1260965,25.6464638,0 74.1254222,25.6459535,0 74.1238185,25.6448054,0 74.1219779,25.6430559,0 74.1187158,25.639812,0 74.1167841,25.6377709,0 74.1164378,25.634928,0 74.1160733,25.6320668,0 74.1149434,25.629315,0 74.1134855,25.6273103,0 74.114178,25.6240482,0 74.1150163,25.6207679,0 74.115563,25.6151549,0 74.115964,25.6137335,0 74.1176588,25.6115101,0 74.1183695,25.6093415,0 74.1190256,25.6064985,0 74.1175859,25.6062252,0 74.114579,25.6058789,0 74.1110799,25.6048948,0 74.1099501,25.6040383,0 74.1090206,25.6029631,0 74.1082734,25.6010678,0 74.1073258,25.5978421,0 74.1060501,25.5946711,0 74.1051936,25.5932132,0 74.1041548,25.5919193,0 74.1014212,25.5911357,0 74.0993437,25.5908077,0 74.0974302,25.5911539,0 74.0953891,25.5921927,0 74.093184,25.5937964,0 74.0903592,25.5957828,0 74.0890836,25.5950539,0 74.0882453,25.5935413,0 74.0843635,25.5860694,0 74.0831972,25.5834634,0 74.0816117,25.5837003,0 74.0797347,25.5837003,0 74.0766183,25.5834816,0 74.0739759,25.5833358,0 74.0709142,25.5828255,0 74.0663765,25.5820419,0 74.0655564,25.581641,0 74.0629321,25.5797092,0 74.0617293,25.5781055,0 74.0598887,25.5758457,0 74.0582303,25.5744789,0 74.0556061,25.5731304,0 74.0546037,25.572365,0 74.0545308,25.5691758,0 74.0550047,25.5660777,0 74.058777,25.5645286,0 74.0602714,25.5634899,0 74.0627499,25.5618497,0 74.0643536,25.5618133,0 74.0663947,25.5619408,0 74.0665405,25.5637268,0 74.0709507,25.5619044,0 74.0725544,25.5604282,0 74.075288,25.5606469,0 74.0793702,25.5596446,0 74.0841266,25.558296,0 74.0838168,25.5560727,0 74.0826869,25.5513345,0 74.0820309,25.5481088,0 74.080336,25.5445187,0 74.0788234,25.5416028,0 74.0778758,25.5385412,0 74.0799351,25.5339305,0 74.0810286,25.5296479,0 74.0817575,25.5273699,0 74.0840355,25.5244358,0 74.0857303,25.5238527,0 74.0941134,25.5207181,0 74.0938036,25.5195336,0 74.095298,25.5189504,0 74.0960451,25.5188957,0 74.0998904,25.5159799,0 74.1015123,25.5148135,0 74.1038268,25.5142304,0 74.104173,25.5130094,0 74.1026969,25.5125902,0 74.1019133,25.5122622,0 74.1004736,25.5116426,0 74.0984325,25.5123351,0 74.0979769,25.5118795,0 74.098068,25.5107678,0 74.0992161,25.509073,0 74.0978493,25.5085627,0 74.0977946,25.5075239,0 74.0969017,25.5068132,0 74.0953344,25.5054646,0 74.0921634,25.5053371,0 74.0912158,25.505738,0 74.0898308,25.5056833,0 74.0894298,25.5053553,0 74.0885733,25.5049544,0 74.0873158,25.5044988,0 74.0874981,25.5031684,0 74.0866233,25.5008357,0 74.0856028,25.5010726,0 74.0835617,25.4999245,0 74.0846369,25.4991227,0 74.086514,25.4977559,0 74.090341,25.4951134,0 74.092455,25.4955325,0 74.0930928,25.4980839,0 74.0952068,25.4973732,0 74.0934391,25.492234,0 74.0924915,25.4917966,0 74.0888649,25.492963,0 74.0868238,25.4932728,0 74.0852019,25.4929447,0 74.0840537,25.492398,0 74.0830332,25.4918695,0 74.078459,25.492562,0 74.076837,25.4929083,0 74.0766183,25.4923251,0 74.0761627,25.4917602,0 74.0757436,25.4918877,0 74.0755431,25.492726,0 74.074723,25.4929447,0 74.0748688,25.4938559,0 74.073502,25.4934732,0 74.0721535,25.4923251,0 74.070896,25.4909401,0 74.0691647,25.4884252,0 74.0679073,25.488571,0 74.064791,25.4895368,0 74.0623854,25.4906303,0 74.0607452,25.491341,0 74.0593238,25.4924709,0 74.0589228,25.492726,0 74.0565173,25.4933821,0 74.0551687,25.4950041,0 74.0545126,25.4949858,0 74.0514874,25.4947307,0 74.0503211,25.4957512,0 74.0485898,25.4966989,0 74.0461843,25.4982844,0 74.0424119,25.4987582,0 74.0422479,25.495241,0 74.0392591,25.4939835,0 74.0354321,25.488006,0 74.0373456,25.4869855,0 74.0406806,25.486293,0 74.0386942,25.4818645,0 74.0375278,25.4792038,0 74.0369811,25.4773632,0 74.0376554,25.473281,0 74.0398423,25.4721147,0 74.040954,25.471732,0 74.044289,25.4712582,0 74.0455464,25.4707297,0 74.0479155,25.4688526,0 74.0441432,25.4664653,0 74.0449086,25.4656452,0 74.0470955,25.4665382,0 74.0485169,25.4663377,0 74.0504304,25.4656634,0 74.0522893,25.4640961,0 74.0532916,25.4625653,0 74.0500842,25.4604331,0 74.0468768,25.4602873,0 74.0427581,25.4600686,0 74.0395872,25.4602144,0 74.0384755,25.4620368,0 74.0367624,25.4637134,0 74.0354321,25.463513,0 74.0338284,25.4634218,0 74.0324069,25.4636588,0 74.0303476,25.4636588,0 74.0275593,25.4635859,0 74.0280149,25.4627293,0 74.0290537,25.462055,0 74.0282154,25.4605425,0 74.028999,25.4597041,0 74.029728,25.4591757,0 74.029728,25.4576631,0 74.0293088,25.4574626,0 74.0286345,25.4576084,0 74.0276504,25.4579729,0 74.0268668,25.4582645,0 74.0262654,25.4572439,0 74.0254818,25.4567336,0 74.0242425,25.4557678,0 74.0236229,25.4545832,0 74.0235318,25.4535627,0 74.0231673,25.4528155,0 74.0224019,25.4530706,0 74.0220192,25.4535262,0 74.0213085,25.4540912,0 74.0210351,25.4525968,0 74.0194314,25.4526697,0 74.0188118,25.4526697,0 74.0179006,25.4526515,0 74.0169529,25.4526332,0 74.0152763,25.4525239,0 74.0147843,25.4521412,0 74.0155315,25.4517585,0 74.0161146,25.4514669,0 74.0167343,25.4511753,0 74.0180828,25.4512118,0 74.0194314,25.4514851,0 74.0202515,25.4516309,0 74.0207982,25.4514851,0 74.0203608,25.4498267,0 74.0198688,25.4477128,0 74.0198141,25.4459632,0 74.019158,25.445453,0 74.0184109,25.4453072,0 74.0177001,25.445781,0 74.0170076,25.4385096,0 74.017281,25.4371793,0 74.019065,25.4366966,0 74.0262107,25.4351017,0 74.0277247,25.4359567,0 74.030211,25.4367732,0 74.0319062,25.4376662,0 74.03411,25.4385847,0 74.0393665,25.439321,0 74.0427035,25.438619,0 74.0485898,25.4381998,0 74.0525991,25.4378171,0 74.0567906,25.4369424,0 74.0578112,25.437398,0 74.0582485,25.4379994,0 74.0590322,25.4393479,0 74.0597976,25.438947,0 74.061292,25.4372613,0 74.0624482,25.4363394,0 74.0634562,25.4350382,0 74.0651008,25.433334,0 74.0652283,25.4320766,0 74.0650643,25.4304182,0 74.0644994,25.4291789,0 74.0624218,25.4267916,0 74.0606359,25.4253701,0 74.0594513,25.4244771,0 74.0579934,25.4234019,0 74.0563897,25.417716,0 74.061055,25.4150189,0 74.0623125,25.4155656,0 74.0683811,25.4146726,0 74.0736661,25.4128867,0 74.0767641,25.4117568,0 74.0765819,25.4086587,0 74.0750329,25.406162,0 74.0728824,25.4043214,0 74.071461,25.4032462,0 74.0701124,25.4024261,0 74.0669596,25.4051232,0 74.0610186,25.4023714,0 74.0599434,25.4021527,0 74.0586859,25.4025172,0 74.0566084,25.4022985,0 74.0552598,25.4016971,0 74.0543668,25.4002939,0 74.0533463,25.3985262,0 74.0522346,25.3969589,0 74.0513963,25.395665,0 74.0502482,25.3953187,0 74.0483165,25.3952823,0 74.0461478,25.3957743,0 74.0418834,25.3969224,0 74.0395143,25.3983621,0 74.0380928,25.3959383,0 74.0353551,25.391356,0 74.0353,25.3913094,0 74.0340534,25.3900103,0 74.0308653,25.3860661,0 74.0287894,25.3886214,0 74.026475,25.3908265,0 74.0234225,25.3927309,0 74.0222744,25.3920384,0 74.0209531,25.3914643,0 74.0201604,25.3916101,0 74.0194679,25.391765,0 74.0181922,25.3926762,0 74.0172992,25.3921113,0 74.0174997,25.3912821,0 74.0126248,25.3886852,0 74.0125427,25.3881385,0</coordinates></LinearRing></outerBoundaryIs><innerBoundaryIs><LinearRing><coordinates>74.1277002,25.6698087,0 74.1283016,25.6706653,0 74.1292128,25.6712484,0 74.1307983,25.675768,0 74.1356824,25.6766063,0 74.1397827,25.6777726,0 74.1419332,25.6789754,0 74.1444116,25.6810894,0 74.1468901,25.6829483,0 74.1490041,25.6846978,0 74.1504985,25.684151,0 74.1538152,25.6820371,0 74.1579338,25.6790119,0 74.1575694,25.6697541,0 74.1565488,25.6686242,0 74.1519564,25.6681139,0 74.1484209,25.6673485,0 74.1478377,25.6661822,0 74.1456144,25.6664555,0 74.1428626,25.6666378,0 74.1370674,25.6670387,0 74.1346983,25.6668018,0 74.1322745,25.6665284,0 74.1294315,25.6668382,0 74.1283199,25.667713,0 74.1278096,25.6688611,0 74.1277002,25.6698087,0</coordinates></LinearRing></innerBoundaryIs></Polygon>
    </Placemark>
    <Placemark><name>Moderate Fire Zone</name><styleUrl>#zone1</styleUrl>
      <MultiGeometry><Polygon><extrude>0</extrude><altitudeMode>clampToGround</altitudeMode><outerBoundaryIs><LinearRing><coordinates>74.06507705252207,25.343878747697087,0 74.0743681646103,25.333816669532336,0 74.07597314712359,25.325311718780736,0 74.0781127,25.3233157,0 74.0789692,25.3223498,0 74.0814295,25.3209101,0 74.0819215,25.320254,0 74.0823265622773,25.318158866147183,0 74.09097895933569,25.316589560865918,0 74.09939365107986,25.307741301326654,0 74.16439230053642,25.30738522285996,0 74.17410644667125,25.316589516284335,0 74.18689009412215,25.318320019078747,0 74.19410728845583,25.3265894814836,0 74.20689041521244,25.328320012909696,0 74.21410814598991,25.33659070997603,0 74.25569253399811,25.33774133527012,0 74.26265245132646,25.345815076006105,0 74.27689105845876,25.348319994070344,0 74.28571471566217,25.357069825861444,0 74.32569298020057,25.357741317427063,0 74.37141353161995,25.404780083859055,0 74.38689298410355,25.408319967915848,0 74.39411549105363,25.416589799701,0 74.42242827947148,25.40581498156675,0 74.43489479039617,25.39236756466226,0 74.43494381333339,25.365899217953043,0 74.42524799680146,25.355746634925392,0 74.424946159662,25.32590012557163,0 74.41525024600172,25.315746628561694,0 74.41455664272003,25.29463950241137,0 74.40525193021016,25.28574662185572,0 74.40455849691213,25.26464018010865,0 74.39525361150588,25.255746610796812,0 74.39563962238337,25.20261608210332,0 74.3965955,25.2032559,0 74.3980488,25.2045452,0 74.3998758,25.2032195,0 74.4014431,25.20147,0 74.4022996,25.2010508,0 74.4014431,25.1985177,0 74.40095719124807,25.196680461678874,0 74.40437702658812,25.193813352517182,0 74.40513945586244,25.186225359748303,0 74.4068009,25.1852688,0 74.4081677,25.1846856,0 74.4100448,25.1868361,0 74.4065458,25.1885309,0 74.4075663,25.1911916,0 74.4083135,25.1937065,0 74.4084229,25.1946724,0 74.4084046,25.1961485,0 74.4109013,25.1978981,0 74.4136714,25.200741,0 74.4157489,25.203748,0 74.4185007,25.2025816,0 74.4189746,25.201962,0 74.4185554,25.2008321,0 74.4182638,25.1999027,0 74.4183732,25.199356,0 74.4187194,25.1985541,0 74.419011,25.1978252,0 74.4194302,25.1968411,0 74.41974,25.1962579,0 74.4207058,25.1953467,0 74.4211068,25.1951098,0 74.4222731,25.195128,0 74.4237675,25.1947635,0 74.4233483,25.1938705,0 74.4233301,25.1934878,0 74.4237492,25.1929047,0 74.4237675,25.1922668,0 74.4246422,25.191465,0 74.4251343,25.1908818,0 74.425517,25.1904627,0 74.4257174,25.1900071,0 74.4258268,25.189351,0 74.426173,25.1887496,0 74.4263188,25.1881664,0 74.4263735,25.1873464,0 74.4263006,25.1863987,0 74.426574,25.1859431,0 74.4272665,25.1856333,0 74.4276674,25.1853964,0 74.4271754,25.1845581,0 74.4277585,25.1838656,0 74.4287791,25.1836104,0 74.4292347,25.1830273,0 74.4291982,25.1820614,0 74.4297632,25.1815147,0 74.4309477,25.1808222,0 74.4328248,25.1800568,0 74.434228,25.1791638,0 74.4351575,25.1785077,0 74.4354491,25.1785624,0 74.4390939,25.1796376,0 74.4411896,25.1801296,0 74.4419186,25.1801479,0 74.442684,25.1792002,0 74.4444882,25.1787082,0 74.4459461,25.1786171,0 74.4468391,25.1784348,0 74.4490806,25.178289,0 74.4501376,25.1776694,0 74.449518,25.1766306,0 74.4487161,25.1753732,0 74.4487344,25.1747353,0 74.4488437,25.1740611,0 74.4491171,25.173241,0 74.4494815,25.172348,0 74.4495362,25.1716919,0 74.44919,25.1702158,0 74.45196,25.1701247,0 74.4556413,25.1691041,0 74.4591949,25.1676462,0 74.4637692,25.165186,0 74.4660654,25.1680289,0 74.4698195,25.1719288,0 74.4730452,25.1751727,0 74.4774189,25.179182,0 74.4784759,25.1811684,0 74.4789315,25.1834464,0 74.4797698,25.1853782,0 74.4806811,25.186581,0 74.4845263,25.19008,0 74.4877702,25.1941804,0 74.4893739,25.1956929,0 74.4915426,25.1971691,0 74.494021,25.1999574,0 74.4962261,25.2022536,0 74.4981579,25.2028914,0 74.5007821,25.2032741,0 74.5025499,25.2033288,0 74.5040442,25.2025452,0 74.5055204,25.2019802,0 74.5068872,25.2020531,0 74.5082175,25.2024723,0 74.5103862,25.2020349,0 74.5114249,25.201962,0 74.5104773,25.1987546,0 74.5095843,25.1950551,0 74.5086549,25.1898248,0 74.5079988,25.1858702,0 74.5090376,25.1847403,0 74.5091469,25.1828086,0 74.510368,25.1824623,0 74.5120263,25.1822801,0 74.5137941,25.182353,0 74.5196622,25.1825717,0 74.5235986,25.1826081,0 74.5256579,25.182517,0 74.5288289,25.181788,0 74.5309246,25.1816058,0 74.5360274,25.1815876,0 74.5401824,25.181624,0 74.541859,25.1811502,0 74.5431529,25.1818609,0 74.5448113,25.1800932,0 74.547636,25.1784348,0 74.5500598,25.1779792,0 74.5538504,25.177633,0 74.5533766,25.1757559,0 74.5531579,25.1747536,0 74.5531032,25.1740793,0 74.5523561,25.1735508,0 74.5511897,25.1732592,0 74.5504243,25.1721475,0 74.5497865,25.1706349,0 74.5483468,25.1693957,0 74.5470893,25.1682658,0 74.5439548,25.1687579,0 74.5435721,25.1669172,0 74.5443375,25.1666621,0 74.5442646,25.1648033,0 74.5450482,25.1655504,0 74.5458319,25.1662612,0 74.5468706,25.1663341,0 74.5463421,25.1649673,0 74.5477818,25.1645846,0 74.5469253,25.1625253,0 74.5465426,25.1615229,0 74.5461964,25.1604659,0 74.5479641,25.1594272,0 74.5491851,25.1573861,0 74.5498594,25.1564384,0 74.5496042,25.1555455,0 74.549094,25.1549258,0 74.5482192,25.1540146,0 74.5471622,25.153559,0 74.545358,25.1525932,0 74.5446655,25.1520647,0 74.5445197,25.1515544,0 74.5444833,25.1510806,0 74.544137,25.1507343,0 74.5435174,25.1505885,0 74.5429525,25.1504427,0 74.5420231,25.1501147,0 74.5413852,25.1498413,0 74.5411301,25.1488755,0 74.5403829,25.1488937,0 74.5391619,25.149003,0 74.5384329,25.1488208,0 74.5382142,25.148511,0 74.5378498,25.1481465,0 74.5372119,25.1478732,0 74.5370843,25.1475223,0 74.5370479,25.1471989,0 74.5370764,25.1470015,0 74.540146,25.1457409,0 74.5434719,25.1444288,0 74.5445198,25.1438821,0 74.5450027,25.1433263,0 74.5456405,25.1422693,0 74.5463239,25.1406838,0 74.546734,25.1405562,0 74.5473262,25.1406655,0 74.5486839,25.140055,0 74.5497227,25.1391621,0 74.5502785,25.1387703,0 74.550807,25.1385789,0 74.5514631,25.1386427,0 74.5522467,25.1386336,0 74.5526021,25.138506,0 74.5536955,25.1382235,0 74.5548983,25.1371483,0 74.5555635,25.1362371,0 74.5566934,25.1349614,0 74.5581969,25.1342325,0 74.5600102,25.1334397,0 74.5615136,25.1328748,0 74.5621333,25.1325559,0 74.5628349,25.1322278,0 74.5640559,25.1319362,0 74.5657416,25.1323007,0 74.5668168,25.1330024,0 74.5672178,25.1337769,0 74.5683659,25.136638,0 74.5689308,25.1377224,0 74.5700789,25.1397088,0 74.5709628,25.1414492,0 74.5719195,25.1426337,0 74.5736782,25.1445108,0 74.5769676,25.1479096,0 74.5779608,25.1487206,0 74.5797741,25.1486477,0 74.5823437,25.1486386,0 74.5847492,25.1486386,0 74.5885398,25.1483014,0 74.5903714,25.1481192,0 74.5911094,25.1481283,0 74.5922302,25.1482923,0 74.5929956,25.1482832,0 74.5935423,25.1480189,0 74.594244,25.1478094,0 74.5947816,25.1477091,0 74.5953374,25.1477091,0 74.5965311,25.1478276,0 74.6002305,25.1464334,0 74.6033195,25.1450029,0 74.6068367,25.1435541,0 74.6117846,25.1417681,0 74.6144817,25.140784,0 74.6161765,25.1431896,0 74.6177711,25.1453582,0 74.620933,25.1480736,0 74.6237486,25.1503334,0 74.625243,25.1514997,0 74.6258444,25.1526934,0 74.6273114,25.1557824,0 74.6283775,25.1562562,0 74.6295985,25.1568485,0 74.6306829,25.1576503,0 74.6314027,25.1582791,0 74.6320314,25.159336,0 74.6328515,25.1606664,0 74.633216,25.1600194,0 74.6343914,25.1597643,0 74.6353209,25.1596459,0 74.6363779,25.161286,0 74.6368972,25.1617234,0 74.6377447,25.1620788,0 74.639722,25.1629991,0 74.6411617,25.1640014,0 74.6428292,25.1655322,0 74.6437221,25.1671906,0 74.6440411,25.1681747,0 74.644852,25.1703616,0 74.6469842,25.1731043,0 74.6487884,25.1749176,0 74.6500459,25.1764028,0 74.6519321,25.1778607,0 74.6545107,25.1795829,0 74.658356,25.1819429,0 74.661199,25.1813871,0 74.6674316,25.1802208,0 74.6708212,25.1795556,0 74.6735275,25.1809406,0 74.6783204,25.1784075,0 74.6804891,25.1771956,0 74.6813729,25.1767217,0 74.6822568,25.1759655,0 74.6827762,25.176093,0 74.6832682,25.1772502,0 74.6842979,25.1792093,0 74.6848537,25.1807584,0 74.6852455,25.1809133,0 74.6890999,25.1790271,0 74.691788,25.1774507,0 74.6924805,25.1772138,0 74.6931274,25.1776694,0 74.6936195,25.178207,0 74.6939475,25.1784257,0 74.6941206,25.1785441,0 74.695123,25.1790818,0 74.6963622,25.1811684,0 74.6968725,25.1834555,0 74.6973463,25.1853599,0 74.6982484,25.1881026,0 74.6998703,25.1913192,0 74.7014193,25.1945266,0 74.7036427,25.1981623,0 74.7049366,25.2000849,0 74.7069686,25.2020987,0 74.7091008,25.2030828,0 74.7108412,25.2038391,0 74.7147411,25.2045225,0 74.7186501,25.205297,0 74.720755,25.2057161,0 74.7217664,25.2058255,0 74.7225865,25.2059895,0 74.723598,25.2051876,0 74.7242814,25.2025907,0 74.7258031,25.1959845,0 74.7267689,25.1919752,0 74.7274068,25.1889136,0 74.7283544,25.1878748,0 74.7288009,25.1871094,0 74.7292201,25.1855331,0 74.7269694,25.185451,0 74.7262313,25.1848679,0 74.7248919,25.1842938,0 74.7236526,25.1836286,0 74.7232153,25.1834464,0 74.7224043,25.1832551,0 74.72173,25.1829726,0 74.7216844,25.1824076,0 74.7215295,25.1819156,0 74.7190146,25.1784621,0 74.715707,25.1742159,0 74.7193882,25.1729949,0 74.7241082,25.1713457,0 74.7255024,25.1709265,0 74.7284364,25.1727307,0 74.7318443,25.1752912,0 74.7327373,25.175847,0 74.7339401,25.1772411,0 74.7365279,25.1766124,0 74.7375849,25.1758379,0 74.7389152,25.1761386,0 74.7397262,25.1758288,0 74.7405007,25.1754552,0 74.7410292,25.1751727,0 74.7413937,25.1752092,0 74.7417582,25.1755007,0 74.7423414,25.1763573,0 74.7429154,25.1772958,0 74.744428,25.1793916,0 74.7472618,25.1819703,0 74.7477903,25.1825534,0 74.7486651,25.1828632,0 74.7488929,25.1832368,0 74.7489749,25.1844305,0 74.7489384,25.1858338,0 74.7490387,25.1923033,0 74.748902,25.1968957,0 74.7478541,25.1980985,0 74.7470249,25.1994744,0 74.7481548,25.202609,0 74.749148,25.2054154,0 74.7489202,25.2076843,0 74.7490569,25.2097345,0 74.7524192,25.2138805,0 74.7541148,25.215647,0 74.7608752,25.2103451,0 74.7653036,25.2087413,0 74.7715909,25.2068096,0 74.7778782,25.2052606,0 74.7772585,25.2040031,0 74.7801379,25.2027092,0 74.7792814,25.2009779,0 74.7819786,25.19952,0 74.7823066,25.1989186,0 74.7817416,25.1971144,0 74.7812678,25.1953467,0 74.7831631,25.1936154,0 74.7839832,25.1926131,0 74.7851131,25.192121,0 74.786571,25.1922486,0 74.7871906,25.1862347,0 74.7874093,25.1857973,0 74.7889584,25.1854511,0 74.7888126,25.1838109,0 74.7885939,25.1819703,0 74.7890495,25.1808586,0 74.7884299,25.1801843,0 74.7874275,25.1804395,0 74.7866439,25.1793096,0 74.7870813,25.1782708,0 74.7849309,25.1757012,0 74.7882658,25.1731316,0 74.791692,25.1711088,0 74.7936966,25.1701611,0 74.7946442,25.169742,0 74.7958288,25.1691223,0 74.7970498,25.1686485,0 74.7981797,25.1683205,0 74.7996376,25.1687214,0 74.7990271,25.1653454,0 74.7986214,25.1621287,0 74.7974912,25.1596225,0 74.7967001,25.1576278,0 74.7960221,25.1556331,0 74.7957395,25.1543032,0 74.7957113,25.1529222,0 74.795847,25.1526023,0 74.7967218,25.1522925,0 74.7984804,25.1515271,0 74.8006126,25.1506067,0 74.8029088,25.1500327,0 74.8052142,25.1494769,0 74.8066812,25.148921,0 74.8079569,25.1487935,0 74.8102076,25.1488026,0 74.81203,25.149003,0 74.8174789,25.1500236,0 74.8187911,25.1504063,0 74.8205497,25.1507343,0 74.8243403,25.1504518,0 74.8255066,25.1503243,0 74.8270465,25.1495771,0 74.8287778,25.1487935,0 74.8329602,25.1468344,0 74.8356665,25.14575,0 74.8382543,25.1444835,0 74.8398489,25.1462603,0 74.8409879,25.1473446,0 74.8427556,25.1485292,0 74.8446509,25.1492035,0 74.845553,25.1498322,0 74.8462091,25.1504701,0 74.8473572,25.1523927,0 74.8491978,25.154698,0 74.8507924,25.1572585,0 74.8517492,25.1586982,0 74.8529155,25.1618418,0 74.8536992,25.164129,0 74.854583,25.1660789,0 74.8562232,25.1687487,0 74.8559225,25.1690494,0 74.8540819,25.1692317,0 74.8530978,25.1692955,0 74.8519588,25.1699606,0 74.8502093,25.1706805,0 74.8481591,25.1709903,0 74.846446,25.1710632,0 74.845553,25.1721475,0 74.8448514,25.1738697,0 74.8443685,25.1752092,0 74.843922,25.1763117,0 74.8438673,25.1773505,0 74.8439949,25.1790089,0 74.8444049,25.1800932,0 74.8464369,25.1843941,0 74.8471932,25.1859795,0 74.847175,25.1868361,0 74.8469107,25.1879295,0 74.8484871,25.1877564,0 74.8492343,25.1876653,0 74.8511296,25.1872097,0 74.8518221,25.1872006,0 74.8521957,25.1870001,0 74.8525146,25.1865445,0 74.8531342,25.1864534,0 74.8538176,25.1862529,0 74.8545466,25.1856606,0 74.855476,25.1849134,0 74.8557129,25.1840478,0 74.8561776,25.1836378,0 74.8572164,25.1833735,0 74.8582552,25.1826354,0 74.8589203,25.1820432,0 74.8590023,25.1818245,0 74.8583007,25.1814782,0 74.8582096,25.1814327,0 74.8578998,25.1813324,0 74.8573348,25.1809862,0 74.8569248,25.1801023,0 74.8566332,25.1797743,0 74.8566606,25.17951,0 74.8568884,25.1791547,0 74.8569886,25.1788631,0 74.856943,25.1783801,0 74.8569704,25.1778334,0 74.8574077,25.1776329,0 74.857754,25.1774872,0 74.8580182,25.1772958,0 74.8584283,25.1769404,0 74.8588019,25.1769131,0 74.859385,25.1768584,0 74.8601505,25.1767491,0 74.860524,25.1770042,0 74.8611437,25.1773687,0 74.8618453,25.1780612,0 74.8620002,25.1768584,0 74.8624193,25.1751818,0 74.8624102,25.1738059,0 74.865317,25.174708,0 74.8672943,25.1753549,0 74.8677863,25.175601,0 74.8685062,25.1761933,0 74.8690073,25.1768767,0 74.8696452,25.177396,0 74.8711942,25.1780612,0 74.8742923,25.1790453,0 74.8766614,25.1804212,0 74.8786114,25.1809406,0 74.8799144,25.180895,0 74.8813723,25.1807219,0 74.8824931,25.1809133,0 74.8834134,25.1813598,0 74.8848622,25.1818427,0 74.8879603,25.1832095,0 74.8895059,25.1845285,0 74.8915231,25.1863121,0 74.8951132,25.1841207,0 74.8996328,25.1821525,0 74.9061023,25.1794918,0 74.9101298,25.1768858,0 74.9095466,25.175847,0 74.9088541,25.1746078,0 74.908763,25.1734597,0 74.9087265,25.1716737,0 74.9075966,25.1705803,0 74.9055738,25.1693593,0 74.9050635,25.1683752,0 74.9047173,25.1668079,0 74.9043892,25.1659696,0 74.9030953,25.1631995,0 74.9027126,25.1603748,0 74.9022206,25.1566936,0 74.9021112,25.1546889,0 74.9012911,25.1527572,0 74.8997603,25.1495498,0 74.897701,25.1476727,0 74.8956781,25.1460143,0 74.8925254,25.1425517,0 74.896316,25.1423331,0 74.9013823,25.1425153,0 74.903314,25.1416223,0 74.9060476,25.1398546,0 74.90982,25.1423331,0 74.9135741,25.1439368,0 74.9168362,25.1423877,0 74.9202441,25.1402555,0 74.9215745,25.1390345,0 74.9229595,25.1369752,0 74.92395509895645,25.13530013087219,0 74.93735304269298,25.14852605615,0 74.9379761,25.1499142,0 74.93810157060956,25.149992987408666,0 74.94070648808867,25.16381261903466,0 74.9498271062769,25.172303952137458,0 74.94983066813217,25.235746643936093,0 74.94052567099322,25.244640682729937,0 74.93943848888757,25.26692105752639,0 74.93052752546163,25.27464000424327,0 74.92879979050693,25.28800341520799,0 74.911167164145,25.303463068721864,0 74.90880121905029,25.31800341791655,0 74.8911691795296,25.333462390160378,0 74.8888026491901,25.34800342014894,0 74.86117187083099,25.373461484337486,0 74.84880551426777,25.40800342318526,0 74.72794863703373,25.52895204625313,0 74.71326974376127,25.531870881143696,0 74.69204894794073,25.552405170953232,0 74.68881318469626,25.568003419180624,0 74.67054681257133,25.584632958762263,0 74.6694565664029,25.60692106199078,0 74.66054869078532,25.614632273315742,0 74.65945763764823,25.626921059475134,0 74.65054994522174,25.634631815853325,0 74.64881703755458,25.648003412699126,0 74.60795518557438,25.688952032208682,0 74.59328338007782,25.69187089937955,0 74.58570199651511,25.700309148923818,0 74.56458965509735,25.70129461221207,0 74.55439933751906,25.710665424123338,0 74.51459069901335,25.711295444494514,0 74.50439946486588,25.720665413273345,0 74.45068583902331,25.72066540762446,0 74.4404947550825,25.71129500307477,0 74.40938292892494,25.710309066471247,0 74.38180198507843,25.69187083045582,0 74.3681827888473,25.689730620143422,0 74.35297108290479,25.672651211825883,0 74.33713100077793,25.668952028959357,0 74.25297789012463,25.58265118353419,0 74.21713510788199,25.568952000049485,0 74.20563149936405,25.55692105695959,0 74.20454110333824,25.544633724392945,0 74.19563256830064,25.536921051487784,0 74.19390340907763,25.52345794247661,0 74.175634170072,25.50692104240645,0 74.17454422369177,25.49463485118208,0 74.16563523689172,25.48692103643442,0 74.16390679038663,25.47345906740237,0 74.10627940678268,25.418003346259336,0 74.10304768259334,25.4024084335033,0 74.09182748147163,25.391870736426352,0 74.07628078771205,25.388003261188114,0 74.07455168595311,25.37463753170488,0 74.06524743455402,25.365746601723803,0 74.06507705252207,25.343878747697087,0</coordinates></LinearRing></outerBoundaryIs></Polygon><Polygon><extrude>0</extrude><altitudeMode>clampToGround</altitudeMode><outerBoundaryIs><LinearRing><coordinates>74.14515058405877,25.128829662807405,0 74.1452864,25.1288291,0 74.1469083,25.129066,0 74.1501704,25.1274623,0 74.150462,25.1254394,0 74.1518106,25.1241819,0 74.1529769,25.123125,0 74.15469,25.1231432,0 74.1564031,25.1234712,0 74.1591731,25.1246375,0 74.1608497,25.1249109,0 74.1661529,25.1256763,0 74.1663351,25.1239997,0 74.1684673,25.1218675,0 74.1700893,25.1197353,0 74.1754289,25.1160358,0 74.1760485,25.115398,0 74.1757934,25.1142499,0 74.1787275,25.1131746,0 74.1784541,25.1108966,0 74.1783265,25.1098943,0 74.1766681,25.1063771,0 74.1775247,25.1059397,0 74.1778709,25.1050832,0 74.177634,25.1037528,0 74.1787639,25.103115,0 74.1792377,25.1022767,0 74.1804041,25.1012379,0 74.1830101,25.1002538,0 74.1843405,25.1000716,0 74.1862722,25.0998893,0 74.1883315,25.099616,0 74.1883315,25.0979029,0 74.1890422,25.0976296,0 74.1888965,25.0959894,0 74.1882222,25.0958983,0 74.1879853,25.0940394,0 74.1837391,25.0951693,0 74.1828825,25.0927273,0 74.1821536,25.0908502,0 74.180969,25.0901942,0 74.1809143,25.0895017,0 74.1815704,25.0895017,0 74.1831012,25.0895928,0 74.1862722,25.0889732,0 74.1879124,25.0885176,0 74.1876026,25.0877704,0 74.1872198,25.0871143,0 74.186582,25.0863125,0 74.1875479,25.0850914,0 74.1880035,25.0828681,0 74.1886778,25.0812097,0 74.1889694,25.0774191,0 74.1887871,25.0754509,0 74.187967,25.0738108,0 74.1869647,25.072116,0 74.18735186296345,25.070559457478847,0 74.19069492232786,25.06738532474537,0 74.22568692087636,25.06774147806678,0 74.23408454731018,25.076589465251473,0 74.24793001130958,25.07909855714642,0 74.26942969446326,25.10112963186913,0 74.26943322367545,25.166921116827424,0 74.24793487487779,25.188952025515857,0 74.23324098855615,25.19187079271141,0 74.22569107481392,25.2003090887851,0 74.18939444894325,25.200309060716254,0 74.18184440615524,25.191870809147286,0 74.16819886776298,25.189730543888913,0 74.1556516624643,25.176920958292207,0 74.15456465482924,25.16464234541194,0 74.1452592046433,25.15574653950064,0 74.14515058405877,25.128829662807405,0</coordinates></LinearRing></outerBoundaryIs></Polygon><Polygon><extrude>0</extrude><altitudeMode>clampToGround</altitudeMode><outerBoundaryIs><LinearRing><coordinates>75.2750608141846,25.623878704264335,0 75.28435026193794,25.61382293546158,0 75.28523464067295,25.59230393319965,0 75.29435219263215,25.583822253005525,0 75.29627222006863,25.570047219429743,0 75.32713671044215,25.539098501692543,0 75.34095874017353,25.536589510035792,0 75.349389019962,25.527741195215878,0 75.36119644155801,25.527685151807226,0 75.3611193,25.5279166,0 75.3612104,25.529247,0 75.3602445,25.5295568,0 75.3595156,25.5296661,0 75.3588777,25.5303951,0 75.3586044,25.5311969,0 75.3588595,25.5319441,0 75.3586591,25.5326366,0 75.3584586,25.5330193,0 75.3583675,25.5335478,0 75.3584768,25.5343861,0 75.3585679,25.5349146,0 75.3584586,25.5362632,0 75.357839,25.5369193,0 75.3575109,25.5379398,0 75.360445,25.5408374,0 75.3667141,25.54707,0 75.372564,25.5529017,0 75.3750789,25.5547423,0 75.377448,25.5559451,0 75.3796531,25.5571844,0 75.3806008,25.5581867,0 75.3813115,25.5590068,0 75.3817671,25.5598815,0 75.3822592,25.5614306,0 75.3826783,25.5677725,0 75.3835348,25.5728388,0 75.3867423,25.5736589,0 75.3900773,25.5744061,0 75.3952529,25.574971,0 75.3965832,25.5755542,0 75.3978589,25.5764289,0 75.3984967,25.5776681,0 75.399572,25.5809485,0 75.40185,25.5829167,0 75.4048205,25.5857778,0 75.4092125,25.5892404,0 75.4102512,25.5904067,0 75.4126568,25.5953637,0 75.4137138,25.59848,0 75.4152811,25.6010131,0 75.4168119,25.6029813,0 75.4188712,25.6054051,0 75.4204931,25.6079018,0 75.4212768,25.6102891,0 75.4223155,25.6133872,0 75.4238828,25.6155194,0 75.4263612,25.6181254,0 75.4287668,25.6210231,0 75.4300425,25.6227543,0 75.4306621,25.6246314,0 75.4297145,25.6304449,0 75.4293318,25.6343813,0 75.4290584,25.6351467,0 75.42935,25.636477,0 75.4299149,25.6382812,0 75.4311906,25.6399578,0 75.4323569,25.640705,0 75.434398,25.6448418,0 75.4346896,25.6459535,0 75.4348536,25.6478124,0 75.4353092,25.6494161,0 75.4353275,25.6516212,0 75.435455,25.6547739,0 75.4352546,25.655922,0 75.4346714,25.656815,0 75.4341429,25.6574529,0 75.433742,25.6582183,0 75.4338513,25.6598949,0 75.4336509,25.6616262,0 75.4325027,25.6635214,0 75.4315551,25.665271,0 75.4313,25.6668929,0 75.430735,25.6698452,0 75.4289855,25.6693714,0 75.4281472,25.6727246,0 75.4272542,25.676424,0 75.4255958,25.6808707,0 75.4232085,25.6846977,0 75.4218781,25.6885066,0 75.4240104,25.6892537,0 75.4263066,25.690493,0 75.4273453,25.691714,0 75.4283477,25.6929897,0 75.4309537,25.6949214,0 75.4348536,25.6970536,0 75.4419063,25.7013545,0 75.4450226,25.7035596,0 75.4488315,25.7069128,0 75.4503076,25.7079334,0 75.4524216,25.7087899,0 75.456358,25.7125076,0 75.4589458,25.7150407,0 75.4594014,25.7158608,0 75.4601486,25.7180477,0 75.4606224,25.7193598,0 75.460841,25.7207587,0 75.4579733,25.7253785,0 75.4539613,25.7298582,0 75.4486779,25.7354321,0 75.4454852,25.7383589,0 75.4442138,25.7395296,0 75.44201,25.7411584,0 75.4400605,25.7433725,0 75.4389022,25.745154,0 75.437998,25.7463501,0 75.4365854,25.747139,0 75.4352292,25.7475461,0 75.4343816,25.7470372,0 75.4338165,25.7458411,0 75.4328277,25.744874,0 75.431641,25.744645,0 75.4282788,25.7455612,0 75.4271204,25.7462737,0 75.4248037,25.7480806,0 75.4234475,25.7498365,0 75.4227129,25.7518977,0 75.4225151,25.7551041,0 75.4212155,25.7578014,0 75.4188987,25.7622544,0 75.4156495,25.7660711,0 75.4125416,25.7678522,0 75.4089252,25.7695315,0 75.4059303,25.7704729,0 75.4021444,25.7728392,0 75.3997993,25.7746456,0 75.3981324,25.7748491,0 75.3968327,25.7742894,0 75.3934705,25.7705238,0 75.391182,25.7681321,0 75.3899953,25.7657913,0 75.3904192,25.7649516,0 75.3923686,25.7634758,0 75.3912668,25.7607277,0 75.3889217,25.7572161,0 75.3879046,25.7543152,0 75.3875373,25.752763,0 75.3867462,25.7508544,0 75.3851923,25.7495311,0 75.3832428,25.7496838,0 75.3815758,25.7502182,0 75.379372,25.7514651,0 75.379146,25.7528902,0 75.3777333,25.7542389,0 75.3751623,25.7557148,0 75.3727042,25.7566563,0 75.371235,25.7575215,0 75.371009,25.7587938,0 75.3702462,25.7596844,0 75.3683249,25.7597099,0 75.3649062,25.759888,0 75.3616571,25.760117,0 75.3597924,25.7595317,0 75.3579841,25.7587938,0 75.3559781,25.7581322,0 75.3535766,25.7581577,0 75.350723,25.7587938,0 75.3479824,25.7593791,0 75.344931,25.760575,0 75.3419644,25.7616692,0 75.3389978,25.7620763,0 75.3368223,25.7617201,0 75.3355226,25.7606005,0 75.3340393,25.7593409,0 75.3331776,25.7589974,0 75.332217,25.7588447,0 75.3303098,25.7592773,0 75.3273432,25.760117,0 75.3256198,25.761033,0 75.3244049,25.7620127,0 75.3224836,25.7637302,0 75.3205765,25.7643918,0 75.3177279,25.7664689,0 75.3167803,25.7657217,0 75.3158873,25.7649016,0 75.3141014,25.7640997,0 75.3123336,25.763553,0 75.3103654,25.7625507,0 75.3052627,25.7582316,0 75.3034403,25.7553158,0 75.3013081,25.7517621,0 75.3003969,25.7500308,0 75.2989208,25.7487916,0 75.2978638,25.7480079,0 75.2972077,25.7473519,0 75.2969161,25.7464589,0 75.2967157,25.745493,0 75.2962601,25.7443814,0 75.2956404,25.7435431,0 75.2942554,25.7427412,0 75.2931255,25.7418118,0 75.2910662,25.7393698,0 75.2898999,25.7378025,0 75.2893714,25.7365815,0 75.288934,25.7357614,0 75.2881504,25.7350871,0 75.2866013,25.7343764,0 75.2852345,25.7333558,0 75.2845238,25.7322806,0 75.2839771,25.7314423,0 75.2827196,25.7306222,0 75.2823187,25.7296199,0 75.2809883,25.7281256,0 75.2782912,25.7262485,0 75.2760861,25.724827,0 75.275266,25.7238976,0 75.27522381361089,25.72377505333482,0 75.2750608141846,25.623878704264335,0</coordinates></LinearRing></outerBoundaryIs></Polygon></MultiGeometry>
    </Placemark>
    <Placemark><name>High Fire Zone</name><styleUrl>#zone2</styleUrl>
      <MultiGeometry><Polygon><extrude>0</extrude><altitudeMode>clampToGround</altitudeMode><outerBoundaryIs><LinearRing><coordinates>74.36506605776697,25.53387883747954,0 74.41713926772607,25.479098429469396,0 74.44096440642406,25.476589847459216,0 74.45359346527094,25.465323401414416,0 74.46436051502617,25.45381925807984,0 74.46627846357607,25.440047238579407,0 74.48350480061866,25.42513503137229,0 74.48563932404431,25.4111295635731,0 74.49436372392458,25.40381811342735,0 74.49494441116305,25.355899425598306,0 74.48524855673014,25.345746629379544,0 74.48494792811165,25.295900787405493,0 74.47508048824145,25.284171852205223,0 74.47525549293762,25.222303947707804,0 74.48437576290944,25.213813813651424,0 74.48525717111325,25.19230393585715,0 74.48584946882232,25.191752530422967,0 74.4877702,25.1941804,0 74.4893739,25.1956929,0 74.4915426,25.1971691,0 74.494021,25.1999574,0 74.4962261,25.2022536,0 74.4981579,25.2028914,0 74.5007821,25.2032741,0 74.5025499,25.2033288,0 74.5040442,25.2025452,0 74.5055204,25.2019802,0 74.5068872,25.2020531,0 74.5082175,25.2024723,0 74.5103862,25.2020349,0 74.5114249,25.201962,0 74.5104773,25.1987546,0 74.5095843,25.1950551,0 74.5086549,25.1898248,0 74.5079988,25.1858702,0 74.5090376,25.1847403,0 74.5091469,25.1828086,0 74.510368,25.1824623,0 74.5120263,25.1822801,0 74.5137941,25.182353,0 74.5196622,25.1825717,0 74.5235986,25.1826081,0 74.5256579,25.182517,0 74.5288289,25.181788,0 74.5309246,25.1816058,0 74.5360274,25.1815876,0 74.5401824,25.181624,0 74.541859,25.1811502,0 74.5431529,25.1818609,0 74.5448113,25.1800932,0 74.547636,25.1784348,0 74.5500598,25.1779792,0 74.5538504,25.177633,0 74.5533766,25.1757559,0 74.5531579,25.1747536,0 74.5531032,25.1740793,0 74.5523561,25.1735508,0 74.5511897,25.1732592,0 74.5504243,25.1721475,0 74.5497865,25.1706349,0 74.5483468,25.1693957,0 74.5470893,25.1682658,0 74.5439548,25.1687579,0 74.5435721,25.1669172,0 74.5443375,25.1666621,0 74.5442646,25.1648033,0 74.5450482,25.1655504,0 74.5458319,25.1662612,0 74.5468706,25.1663341,0 74.5463421,25.1649673,0 74.5477818,25.1645846,0 74.5469253,25.1625253,0 74.5465426,25.1615229,0 74.5461964,25.1604659,0 74.5479641,25.1594272,0 74.5491851,25.1573861,0 74.5498594,25.1564384,0 74.5496042,25.1555455,0 74.549094,25.1549258,0 74.5482192,25.1540146,0 74.5471622,25.153559,0 74.545358,25.1525932,0 74.5446655,25.1520647,0 74.5445197,25.1515544,0 74.5444833,25.1510806,0 74.544137,25.1507343,0 74.5435174,25.1505885,0 74.5429525,25.1504427,0 74.5420231,25.1501147,0 74.5413852,25.1498413,0 74.5411301,25.1488755,0 74.5403829,25.1488937,0 74.5391619,25.149003,0 74.5384329,25.1488208,0 74.5382142,25.148511,0 74.5378498,25.1481465,0 74.5372119,25.1478732,0 74.5370843,25.1475223,0 74.5370479,25.1471989,0 74.5370764,25.1470015,0 74.540146,25.1457409,0 74.5434719,25.1444288,0 74.5445198,25.1438821,0 74.5450027,25.1433263,0 74.5456405,25.1422693,0 74.5463239,25.1406838,0 74.546734,25.1405562,0 74.5473262,25.1406655,0 74.5486839,25.140055,0 74.5497227,25.1391621,0 74.5502785,25.1387703,0 74.550807,25.1385789,0 74.5514631,25.1386427,0 74.5522467,25.1386336,0 74.5526021,25.138506,0 74.5536955,25.1382235,0 74.5548983,25.1371483,0 74.5555635,25.1362371,0 74.5566934,25.1349614,0 74.5581969,25.1342325,0 74.5600102,25.1334397,0 74.5615136,25.1328748,0 74.5621333,25.1325559,0 74.5628349,25.1322278,0 74.5640559,25.1319362,0 74.5657416,25.1323007,0 74.5668168,25.1330024,0 74.5672178,25.1337769,0 74.5683659,25.136638,0 74.5689308,25.1377224,0 74.5700789,25.1397088,0 74.5709628,25.1414492,0 74.5719195,25.1426337,0 74.5736782,25.1445108,0 74.5769676,25.1479096,0 74.5779608,25.1487206,0 74.5797741,25.1486477,0 74.5823437,25.1486386,0 74.5847492,25.1486386,0 74.5885398,25.1483014,0 74.5903714,25.1481192,0 74.5911094,25.1481283,0 74.5922302,25.1482923,0 74.5929956,25.1482832,0 74.5935423,25.1480189,0 74.594244,25.1478094,0 74.5947816,25.1477091,0 74.5953374,25.1477091,0 74.5965311,25.1478276,0 74.6002305,25.1464334,0 74.6033195,25.1450029,0 74.6068367,25.1435541,0 74.6117846,25.1417681,0 74.6144817,25.140784,0 74.6161765,25.1431896,0 74.6177711,25.1453582,0 74.620933,25.1480736,0 74.6237486,25.1503334,0 74.625243,25.1514997,0 74.6258444,25.1526934,0 74.6273114,25.1557824,0 74.6283775,25.1562562,0 74.6295985,25.1568485,0 74.6306829,25.1576503,0 74.6314027,25.1582791,0 74.6320314,25.159336,0 74.6328515,25.1606664,0 74.633216,25.1600194,0 74.6343914,25.1597643,0 74.6353209,25.1596459,0 74.6363779,25.161286,0 74.6368972,25.1617234,0 74.6377447,25.1620788,0 74.639722,25.1629991,0 74.6411617,25.1640014,0 74.6428292,25.1655322,0 74.6437221,25.1671906,0 74.6440411,25.1681747,0 74.644852,25.1703616,0 74.6469842,25.1731043,0 74.6487884,25.1749176,0 74.6500459,25.1764028,0 74.6519321,25.1778607,0 74.6545107,25.1795829,0 74.658356,25.1819429,0 74.661199,25.1813871,0 74.6674316,25.1802208,0 74.6708212,25.1795556,0 74.6735275,25.1809406,0 74.6783204,25.1784075,0 74.6804891,25.1771956,0 74.6813729,25.1767217,0 74.6822568,25.1759655,0 74.6827762,25.176093,0 74.6832682,25.1772502,0 74.6842979,25.1792093,0 74.6848537,25.1807584,0 74.6852455,25.1809133,0 74.6890999,25.1790271,0 74.691788,25.1774507,0 74.6924805,25.1772138,0 74.6931274,25.1776694,0 74.6936195,25.178207,0 74.6939475,25.1784257,0 74.6941206,25.1785441,0 74.695123,25.1790818,0 74.6963622,25.1811684,0 74.6968725,25.1834555,0 74.6973463,25.1853599,0 74.6982484,25.1881026,0 74.6998703,25.1913192,0 74.7014193,25.1945266,0 74.7036427,25.1981623,0 74.7049366,25.2000849,0 74.7069686,25.2020987,0 74.7091008,25.2030828,0 74.7108412,25.2038391,0 74.7147411,25.2045225,0 74.7186501,25.205297,0 74.720755,25.2057161,0 74.7217664,25.2058255,0 74.7225865,25.2059895,0 74.723598,25.2051876,0 74.7242814,25.2025907,0 74.7258031,25.1959845,0 74.7267689,25.1919752,0 74.7274068,25.1889136,0 74.7283544,25.1878748,0 74.7288009,25.1871094,0 74.7292201,25.1855331,0 74.7269694,25.185451,0 74.7262313,25.1848679,0 74.7248919,25.1842938,0 74.7236526,25.1836286,0 74.7232153,25.1834464,0 74.7224043,25.1832551,0 74.72173,25.1829726,0 74.7216844,25.1824076,0 74.7215295,25.1819156,0 74.7190146,25.1784621,0 74.715707,25.1742159,0 74.7193882,25.1729949,0 74.7241082,25.1713457,0 74.7255024,25.1709265,0 74.7284364,25.1727307,0 74.7318443,25.1752912,0 74.7327373,25.175847,0 74.7339401,25.1772411,0 74.7365279,25.1766124,0 74.7375849,25.1758379,0 74.7389152,25.1761386,0 74.7397262,25.1758288,0 74.7405007,25.1754552,0 74.7410292,25.1751727,0 74.7413937,25.1752092,0 74.7417582,25.1755007,0 74.7423414,25.1763573,0 74.7429154,25.1772958,0 74.744428,25.1793916,0 74.7472618,25.1819703,0 74.7477903,25.1825534,0 74.7486651,25.1828632,0 74.7488929,25.1832368,0 74.7489749,25.1844305,0 74.7489384,25.1858338,0 74.7490387,25.1923033,0 74.748902,25.1968957,0 74.7478541,25.1980985,0 74.7470249,25.1994744,0 74.7481548,25.202609,0 74.749148,25.2054154,0 74.7489202,25.2076843,0 74.7490569,25.2097345,0 74.7524192,25.2138805,0 74.7541148,25.215647,0 74.7608752,25.2103451,0 74.7653036,25.2087413,0 74.7715909,25.2068096,0 74.7778782,25.2052606,0 74.7772585,25.2040031,0 74.7801379,25.2027092,0 74.7792814,25.2009779,0 74.7819786,25.19952,0 74.78211287719711,25.19927379784653,0 74.80688662555914,25.20831993617428,0 74.81409719360184,25.216589384315032,0 74.82688694393894,25.218319934876348,0 74.83879692885537,25.230047209758826,0 74.83983403298393,25.295746670920682,0 74.83052938458448,25.30463932664228,0 74.82983571728941,25.32574666942381,0 74.82053124103598,25.334638646221936,0 74.81880265148709,25.34800342635801,0 74.80117119957276,25.36346170898471,0 74.7994443118702,25.37692107289964,0 74.78117322038757,25.393461026419224,0 74.77880551412171,25.408003423921063,0 74.71794618711436,25.46895204113753,0 74.70209916836339,25.47265128551582,0 74.67794740798688,25.498952036424328,0 74.66210142875174,25.502651281818817,0 74.63204745179583,25.53240560542744,0 74.62945335452066,25.546921051895055,0 74.62054493496439,25.554633619903672,0 74.61945442241074,25.56692104859214,0 74.6105461893567,25.574633162532425,0 74.60985096653359,25.59574663882499,0 74.6005480647311,25.60463247644687,0 74.59945709594875,25.616921040196864,0 74.56690125501112,25.64973061488411,0 74.55327979440844,25.651870970217004,0 74.54265354142255,25.66082085599453,0 74.42818251396227,25.65972988197027,0 74.37562882590646,25.6069210772115,0 74.37453797982022,25.594632612010656,0 74.36523499467386,25.585746679266514,0 74.36506605776697,25.53387883747954,0</coordinates></LinearRing></outerBoundaryIs></Polygon><Polygon><extrude>0</extrude><altitudeMode>clampToGround</altitudeMode><outerBoundaryIs><LinearRing><coordinates>75.3650579009213,25.673878708301114,0 75.38818455098108,25.64832004012679,0 75.40690077581837,25.648320074130595,0 75.4287303629652,25.6703919481392,0 75.4281472,25.6727246,0 75.4272542,25.676424,0 75.4255958,25.6808707,0 75.4232085,25.6846977,0 75.4218781,25.6885066,0 75.4240104,25.6892537,0 75.4263066,25.690493,0 75.4273453,25.691714,0 75.4283477,25.6929897,0 75.42946121245015,25.6938150921719,0 75.42946194266203,25.70692109514033,0 75.41439914386179,25.720665447688535,0 75.37818175782958,25.719730492534737,0 75.37453105209374,25.704630141474365,0 75.36522874347085,25.695746593270638,0 75.3650579009213,25.673878708301114,0</coordinates></LinearRing></outerBoundaryIs></Polygon></MultiGeometry>
    </Placemark>
    <Placemark><name>Very High Fire Zone</name><styleUrl>#zone3</styleUrl>
      <MultiGeometry><Polygon><extrude>0</extrude><altitudeMode>clampToGround</altitudeMode><outerBoundaryIs><LinearRing><coordinates>74.46506547853862,25.543878805670236,0 74.47713713500342,25.529098469082058,0 74.490959774658,25.52658939490959,0 74.49938854186745,25.51774139197111,0 74.53569686762764,25.51774138857067,0 74.54001876043712,25.523878799128628,0 74.53945495628206,25.576921065932492,0 74.5268993409126,25.58973064404272,0 74.51327482947002,25.591870893718102,0 74.50569962139623,25.60030921801414,0 74.47938575612413,25.600309219184727,0 74.4652350013185,25.58574667353175,0 74.46506547853862,25.543878805670236,0</coordinates></LinearRing></outerBoundaryIs></Polygon><Polygon><extrude>0</extrude><altitudeMode>clampToGround</altitudeMode><outerBoundaryIs><LinearRing><coordinates>74.53507935201758,25.30387878732697,0 74.54490068632778,25.292365235155973,0 74.54525381495463,25.252303963920312,0 74.55437384840553,25.24381442116877,0 74.55628846459001,25.2300472052831,0 74.56437511220105,25.223813968316904,0 74.56628941273215,25.210047205377712,0 74.57819907980874,25.19831993186628,0 74.59099002301201,25.196589384451585,0 74.59939559027933,25.18774145443364,0 74.6243919077088,25.187385274802025,0 74.63569802888757,25.197069316949733,0 74.66688605100755,25.198319772268388,0 74.67409631851875,25.20658939914944,0 74.68793529433907,25.20909846144285,0 74.70264281298759,25.225814938866797,0 74.73688759126455,25.238319933419724,0 74.74793700204118,25.249098544628904,0 74.75018353425418,25.272364790632086,0 74.75983326609878,25.282303962562548,0 74.76000721559608,25.32417188930649,0 74.75053123936468,25.334638641469642,0 74.74944325315428,25.35692106586301,0 74.74117119880448,25.36346170613654,0 74.73944431281282,25.37692106777706,0 74.73053433997156,25.38463750902964,0 74.72944537354883,25.39692106898998,0 74.71689358003,25.40973064581043,0 74.70325954864005,25.411870878426587,0 74.68689421901801,25.429730647078504,0 74.6732612224426,25.431870891085104,0 74.66689453846786,25.439730647615328,0 74.65326207009153,25.441870891797603,0 74.62569726001,25.46030895916867,0 74.56068861125559,25.46066539752481,0 74.55507068013561,25.454171940963867,0 74.55494144685058,25.405898364307806,0 74.54524574414778,25.39574666233815,0 74.54494614959002,25.325900178833894,0 74.53564426435602,25.316921068351014,0 74.53507935201758,25.30387878732697,0</coordinates></LinearRing></outerBoundaryIs></Polygon></MultiGeometry>
    </Placemark>
  </Folder>
  <Folder><name>District Boundary</name>
    <Placemark><name>Bhilwara District</name><styleUrl>#boundary</styleUrl>
      <Polygon><extrude>0</extrude><altitudeMode>clampToGround</altitudeMode><outerBoundaryIs><LinearRing><coordinates>74.0125427,25.3881385,0 74.0148299,25.3880565,0 74.0141191,25.3864527,0 74.0129801,25.3856782,0 74.0131806,25.3849219,0 74.0127888,25.3839105,0 74.0133537,25.3833547,0 74.0133993,25.3827624,0 74.0133355,25.3818056,0 74.0131624,25.3809309,0 74.013299,25.3800652,0 74.0139916,25.3780879,0 74.0149392,25.3772132,0 74.0166978,25.3763384,0 74.0197412,25.3756003,0 74.0209896,25.3755183,0 74.0212994,25.3748532,0 74.0215181,25.3727938,0 74.0219372,25.368411,0 74.0237687,25.3664883,0 74.0243975,25.3659963,0 74.0259374,25.3647206,0 74.0256276,25.3627251,0 74.0247437,25.3600006,0 74.0242061,25.3580324,0 74.0241059,25.3569025,0 74.0238599,25.3553352,0 74.0236412,25.3545425,0 74.02314,25.3534035,0 74.0227846,25.3527474,0 74.0214087,25.3521916,0 74.0218005,25.3499045,0 74.0220557,25.3477814,0 74.0240421,25.3462415,0 74.026721,25.344173,0 74.0277689,25.342214,0 74.0291084,25.3401911,0 74.0302109,25.3400818,0 74.0316324,25.3393163,0 74.0325983,25.3371568,0 74.0341746,25.3341043,0 74.0358604,25.3328195,0 74.0373638,25.3305962,0 74.0405348,25.330587,0 74.0422114,25.3296576,0 74.04592,25.3290927,0 74.0482436,25.3282999,0 74.0483256,25.3275983,0 74.0491001,25.3254205,0 74.0496742,25.324072,0 74.0507403,25.3233703,0 74.0514783,25.3232883,0 74.052508,25.3233612,0 74.0547222,25.3237166,0 74.0577292,25.3239079,0 74.0600436,25.3237439,0 74.0614104,25.323507,0 74.0632966,25.3225776,0 74.0652101,25.3214933,0 74.067725,25.3195342,0 74.0688292,25.3205726,0 74.0713516,25.323589,0 74.075124,25.3261039,0 74.0781127,25.3233157,0 74.0789692,25.3223498,0 74.0814295,25.3209101,0 74.0819215,25.320254,0 74.0829785,25.3147868,0 74.081229,25.3131649,0 74.0802814,25.3124906,0 74.0788781,25.3102673,0 74.0795342,25.3087729,0 74.0797347,25.3085907,0 74.0806823,25.3088823,0 74.0810103,25.3082991,0 74.0816299,25.3087182,0 74.0813748,25.3096477,0 74.082614,25.3104313,0 74.0833612,25.3098299,0 74.0838715,25.3091921,0 74.0834523,25.3080804,0 74.08245,25.307151,0 74.0816846,25.3073879,0 74.0801903,25.3075337,0 74.0794248,25.3063127,0 74.0809921,25.3051099,0 74.0792062,25.3035426,0 74.0770739,25.3006268,0 74.0760352,25.3004992,0 74.0738118,25.3004628,0 74.0724997,25.3006268,0 74.0709142,25.3011553,0 74.0690007,25.3017931,0 74.0677979,25.3019207,0 74.0669414,25.3018296,0 74.0626952,25.3012828,0 74.0621667,25.3007361,0 74.0609457,25.3011917,0 74.0591962,25.3013922,0 74.0582668,25.301702,0 74.0555544,25.3028238,0 74.0540476,25.3033602,0 74.0527996,25.3031964,0 74.0515057,25.3021758,0 74.0499384,25.301866,0 74.0478244,25.3017384,0 74.0462754,25.3016838,0 74.0450361,25.3007179,0 74.0455829,25.3020665,0 74.0457469,25.3031599,0 74.0456193,25.3041805,0 74.0454006,25.3056202,0 74.0439245,25.3062762,0 74.0429586,25.3068229,0 74.0418834,25.3074243,0 74.0414642,25.3082444,0 74.0412091,25.3091921,0 74.0411544,25.3099939,0 74.0384755,25.3119803,0 74.0375096,25.3124177,0 74.0319513,25.3143495,0 74.0277416,25.3140214,0 74.0255729,25.3133654,0 74.0243154,25.3163177,0 74.0226206,25.3158074,0 74.0225826,25.3127851,0 74.0224978,25.3109462,0 74.0224832,25.3085678,0 74.0237586,25.3087491,0 74.0252813,25.3082626,0 74.0276687,25.3064949,0 74.0298738,25.3044174,0 74.031277,25.302923,0 74.0325891,25.302759,0 74.0337737,25.3023581,0 74.0355232,25.3020847,0 74.0363797,25.3019025,0 74.0367989,25.3013011,0 74.0365255,25.3000983,0 74.0369082,25.2996427,0 74.0373456,25.2988226,0 74.0374367,25.2958521,0 74.0367624,25.2943577,0 74.0361975,25.2913143,0 74.035505,25.2899111,0 74.0343204,25.2885807,0 74.0329901,25.2878153,0 74.031605,25.2873962,0 74.0317691,25.2865943,0 74.030056,25.2857013,0 74.028835,25.2843345,0 74.0287621,25.2837878,0 74.0288714,25.2830042,0 74.0288532,25.2824757,0 74.0282518,25.2817103,0 74.0276869,25.2780837,0 74.0280878,25.2765529,0 74.0278873,25.2752954,0 74.0275958,25.2745847,0 74.0283247,25.2725983,0 74.0279602,25.2716688,0 74.0308396,25.2681152,0 74.0299831,25.2663474,0 74.0298373,25.2622835,0 74.0346667,25.2616456,0 74.0388946,25.2630853,0 74.0409904,25.2600966,0 74.0425941,25.2566523,0 74.0435053,25.2540827,0 74.0444894,25.2494355,0 74.0460202,25.2465015,0 74.0472595,25.244588,0 74.0477151,25.2433487,0 74.0474235,25.2407609,0 74.0471319,25.2383189,0 74.0474964,25.2374077,0 74.0506856,25.2359862,0 74.0528542,25.2378086,0 74.0563532,25.2400502,0 74.05772,25.2412894,0 74.0590686,25.2419455,0 74.0627863,25.2434581,0 74.0692741,25.2429478,0 74.0728095,25.241909,0 74.0755431,25.241089,0 74.0757983,25.2415628,0 74.0771651,25.2409978,0 74.0773291,25.2415446,0 74.0798258,25.2406516,0 74.0803907,25.2414899,0 74.0848009,25.2399591,0 74.0890107,25.2381184,0 74.0891929,25.2376628,0 74.091963,25.2354942,0 74.0934027,25.2343825,0 74.0972661,25.2337082,0 74.0980498,25.2359862,0 74.0994895,25.236296,0 74.1017675,25.2374624,0 74.1053758,25.2402871,0 74.1081277,25.2426198,0 74.1097678,25.2438408,0 74.112793,25.2472304,0 74.115563,25.2456996,0 74.1203377,25.2439319,0 74.1236171,25.2428598,0 74.1233063,25.2409176,0 74.1220531,25.2371357,0 74.1206658,25.2347288,0 74.1184607,25.2305737,0 74.1151074,25.2243593,0 74.1139958,25.2218808,0 74.1127019,25.2200584,0 74.1124832,25.2184183,0 74.1099136,25.2133885,0 74.1078725,25.2098166,0 74.1044464,25.2043494,0 74.1038815,25.2020531,0 74.1032254,25.1915561,0 74.1029885,25.1894421,0 74.1022777,25.1880935,0 74.1008927,25.1864352,0 74.1005647,25.1855057,0 74.1004189,25.1849226,0 74.0988334,25.1851412,0 74.0977946,25.1852688,0 74.0966465,25.1857426,0 74.0953162,25.1857426,0 74.0937489,25.1855786,0 74.0923274,25.1848497,0 74.0907784,25.1853782,0 74.0901041,25.1842665,0 74.0893752,25.1832642,0 74.0879719,25.1828268,0 74.085949,25.1824076,0 74.0846734,25.1815693,0 74.0841449,25.1794554,0 74.0839262,25.1785077,0 74.083507,25.1775783,0 74.0818851,25.1775236,0 74.0806094,25.1778516,0 74.075124,25.1798016,0 74.0733541,25.1766274,0 74.0705852,25.1698257,0 74.0697941,25.1673198,0 74.0690031,25.1640722,0 74.0657539,25.158574,0 74.0622789,25.1513585,0 74.0591555,25.1485191,0 74.057479,25.1474248,0 74.0598068,25.1430204,0 74.0606541,25.1414401,0 74.0636198,25.1407849,0 74.0660728,25.1408242,0 74.0687273,25.1410027,0 74.0716979,25.1430802,0 74.0748142,25.1444653,0 74.0765454,25.1461419,0 74.0773838,25.1473811,0 74.0793337,25.148511,0 74.0796618,25.1503334,0 74.080901,25.1501329,0 74.083671,25.150224,0 74.0868602,25.1503152,0 74.0894116,25.1505156,0 74.0934573,25.1509712,0 74.0943503,25.1508072,0 74.0929288,25.1420415,0 74.0976124,25.141349,0 74.0972844,25.1397817,0 74.0996353,25.1390345,0 74.0990885,25.1371028,0 74.1096585,25.134114,0 74.1100594,25.135007,0 74.1095674,25.135335,0 74.1115538,25.1386154,0 74.1118271,25.1385789,0 74.1130117,25.1404378,0 74.1203377,25.1380322,0 74.1200826,25.1371574,0 74.1254587,25.1349341,0 74.1287208,25.1331664,0 74.1322198,25.1322552,0 74.1322198,25.1291389,0 74.1408944,25.1288473,0 74.1452864,25.1288291,0 74.1469083,25.129066,0 74.1501704,25.1274623,0 74.150462,25.1254394,0 74.1518106,25.1241819,0 74.1529769,25.123125,0 74.15469,25.1231432,0 74.1564031,25.1234712,0 74.1591731,25.1246375,0 74.1608497,25.1249109,0 74.1661529,25.1256763,0 74.1663351,25.1239997,0 74.1684673,25.1218675,0 74.1700893,25.1197353,0 74.1754289,25.1160358,0 74.1760485,25.115398,0 74.1757934,25.1142499,0 74.1787275,25.1131746,0 74.1784541,25.1108966,0 74.1783265,25.1098943,0 74.1766681,25.1063771,0 74.1775247,25.1059397,0 74.1778709,25.1050832,0 74.177634,25.1037528,0 74.1787639,25.103115,0 74.1792377,25.1022767,0 74.1804041,25.1012379,0 74.1830101,25.1002538,0 74.1843405,25.1000716,0 74.1862722,25.0998893,0 74.1883315,25.099616,0 74.1883315,25.0979029,0 74.1890422,25.0976296,0 74.1888965,25.0959894,0 74.1882222,25.0958983,0 74.1879853,25.0940394,0 74.1837391,25.0951693,0 74.1828825,25.0927273,0 74.1821536,25.0908502,0 74.180969,25.0901942,0 74.1809143,25.0895017,0 74.1815704,25.0895017,0 74.1831012,25.0895928,0 74.1862722,25.0889732,0 74.1879124,25.0885176,0 74.1876026,25.0877704,0 74.1872198,25.0871143,0 74.186582,25.0863125,0 74.1875479,25.0850914,0 74.1880035,25.0828681,0 74.1886778,25.0812097,0 74.1889694,25.0774191,0 74.1887871,25.0754509,0 74.187967,25.0738108,0 74.1869647,25.072116,0 74.1878577,25.0685258,0 74.1883315,25.067724,0 74.1878577,25.0627488,0 74.1876026,25.0603432,0 74.1891151,25.0571358,0 74.1907371,25.0576461,0 74.191138,25.0557508,0 74.1922861,25.0558784,0 74.192924,25.0545116,0 74.1975346,25.0562975,0 74.1996486,25.055933,0 74.2023275,25.0555686,0 74.204314,25.0539466,0 74.2052434,25.0533999,0 74.2092891,25.0523976,0 74.2092709,25.0516686,0 74.2108382,25.0514864,0 74.2110386,25.0493542,0 74.2126241,25.0487528,0 74.2157769,25.0492995,0 74.2191848,25.0498827,0 74.2210801,25.0500102,0 74.2228478,25.0500102,0 74.2259276,25.0500102,0 74.2256361,25.0504294,0 74.2246337,25.0510854,0 74.2231576,25.0521789,0 74.2220277,25.0531265,0 74.2212623,25.0543475,0 74.2195857,25.0564069,0 74.2185105,25.0575003,0 74.2192394,25.0593956,0 74.220752,25.0623114,0 74.2219913,25.0650997,0 74.2251987,25.0672501,0 74.2268935,25.0684529,0 74.2323789,25.0693641,0 74.2382653,25.0700931,0 74.2399783,25.0698744,0 74.2406709,25.07033,0 74.2422017,25.0696739,0 74.2434045,25.0694552,0 74.243933,25.0695464,0 74.2448806,25.0704029,0 74.2504025,25.0681067,0 74.2540655,25.0664301,0 74.2538468,25.0659016,0 74.2603529,25.0637416,0 74.262626,25.0679074,0 74.2739479,25.0663754,0 74.274203,25.0691637,0 74.2774651,25.0744122,0 74.2788502,25.0786037,0 74.2799254,25.0821209,0 74.2783946,25.0835424,0 74.282258,25.0884264,0 74.2834973,25.0919801,0 74.2825861,25.0924904,0 74.2831875,25.0935656,0 74.2817478,25.0948413,0 74.2838071,25.1005819,0 74.2848459,25.1003267,0 74.2852103,25.1008552,0 74.2959078,25.09783,0 74.29722,25.0997071,0 74.2993157,25.1016753,0 74.3007554,25.1023678,0 74.3012292,25.1029327,0 74.3008283,25.103443,0 74.3009012,25.104008,0 74.3018489,25.1039897,0 74.3028876,25.1057757,0 74.3046371,25.1050103,0 74.3059493,25.1063042,0 74.3068058,25.1060673,0 74.3114894,25.1124275,0 74.3124188,25.115726,0 74.3178131,25.1192979,0 74.3192163,25.1203185,0 74.320328,25.1221955,0 74.3249387,25.1240908,0 74.3324834,25.1214666,0 74.3367478,25.1214848,0 74.3370576,25.1219222,0 74.3404473,25.1214483,0 74.3453496,25.1205007,0 74.3454042,25.1254758,0 74.3461696,25.1259132,0 74.346607,25.1326926,0 74.3474453,25.136064,0 74.3470808,25.1371939,0 74.3472813,25.1388523,0 74.3472813,25.1401462,0 74.3476458,25.1412578,0 74.3490308,25.1424788,0 74.3500878,25.1434812,0 74.3508714,25.1449755,0 74.3521836,25.14729,0 74.3553181,25.1525385,0 74.3593092,25.1573132,0 74.3616418,25.1576959,0 74.3641385,25.1588076,0 74.3654871,25.159573,0 74.372722,25.1565113,0 74.3738884,25.1566025,0 74.3781892,25.1538324,0 74.379556,25.1548712,0 74.3816153,25.1577688,0 74.3833466,25.1614683,0 74.3857886,25.1674093,0 74.3871008,25.1741886,0 74.3874652,25.176011,0 74.3869732,25.1767764,0 74.3878844,25.1809315,0 74.3872101,25.1818974,0 74.3812873,25.1851412,0 74.3725945,25.189515,0 74.3730318,25.1912645,0 74.3739066,25.1927589,0 74.3771687,25.1934514,0 74.3813966,25.1938705,0 74.3838569,25.1938705,0 74.3862442,25.1934878,0 74.388832,25.1965495,0 74.3909825,25.1991373,0 74.3920759,25.2002307,0 74.3965955,25.2032559,0 74.3980488,25.2045452,0 74.3998758,25.2032195,0 74.4014431,25.20147,0 74.4022996,25.2010508,0 74.4014431,25.1985177,0 74.4008599,25.1963126,0 74.4006594,25.1946542,0 74.400459,25.1940163,0 74.4006048,25.1915014,0 74.3985454,25.1906813,0 74.3978347,25.1885309,0 74.3991651,25.1878202,0 74.4000945,25.1873464,0 74.401516,25.186909,0 74.4024272,25.1866721,0 74.4037393,25.1869454,0 74.4043953,25.1866538,0 74.4068009,25.1852688,0 74.4081677,25.1846856,0 74.4100448,25.1868361,0 74.4065458,25.1885309,0 74.4075663,25.1911916,0 74.4083135,25.1937065,0 74.4084229,25.1946724,0 74.4084046,25.1961485,0 74.4109013,25.1978981,0 74.4136714,25.200741,0 74.4157489,25.203748,0 74.4185007,25.2025816,0 74.4189746,25.201962,0 74.4185554,25.2008321,0 74.4182638,25.1999027,0 74.4183732,25.199356,0 74.4187194,25.1985541,0 74.419011,25.1978252,0 74.4194302,25.1968411,0 74.41974,25.1962579,0 74.4207058,25.1953467,0 74.4211068,25.1951098,0 74.4222731,25.195128,0 74.4237675,25.1947635,0 74.4233483,25.1938705,0 74.4233301,25.1934878,0 74.4237492,25.1929047,0 74.4237675,25.1922668,0 74.4246422,25.191465,0 74.4251343,25.1908818,0 74.425517,25.1904627,0 74.4257174,25.1900071,0 74.4258268,25.189351,0 74.426173,25.1887496,0 74.4263188,25.1881664,0 74.4263735,25.1873464,0 74.4263006,25.1863987,0 74.426574,25.1859431,0 74.4272665,25.1856333,0 74.4276674,25.1853964,0 74.4271754,25.1845581,0 74.4277585,25.1838656,0 74.4287791,25.1836104,0 74.4292347,25.1830273,0 74.4291982,25.1820614,0 74.4297632,25.1815147,0 74.4309477,25.1808222,0 74.4328248,25.1800568,0 74.434228,25.1791638,0 74.4351575,25.1785077,0 74.4354491,25.1785624,0 74.4390939,25.1796376,0 74.4411896,25.1801296,0 74.4419186,25.1801479,0 74.442684,25.1792002,0 74.4444882,25.1787082,0 74.4459461,25.1786171,0 74.4468391,25.1784348,0 74.4490806,25.178289,0 74.4501376,25.1776694,0 74.449518,25.1766306,0 74.4487161,25.1753732,0 74.4487344,25.1747353,0 74.4488437,25.1740611,0 74.4491171,25.173241,0 74.4494815,25.172348,0 74.4495362,25.1716919,0 74.44919,25.1702158,0 74.45196,25.1701247,0 74.4556413,25.1691041,0 74.4591949,25.1676462,0 74.4637692,25.165186,0 74.4660654,25.1680289,0 74.4698195,25.1719288,0 74.4730452,25.1751727,0 74.4774189,25.179182,0 74.4784759,25.1811684,0 74.4789315,25.1834464,0 74.4797698,25.1853782,0 74.4806811,25.186581,0 74.4845263,25.19008,0 74.4877702,25.1941804,0 74.4893739,25.1956929,0 74.4915426,25.1971691,0 74.494021,25.1999574,0 74.4962261,25.2022536,0 74.4981579,25.2028914,0 74.5007821,25.2032741,0 74.5025499,25.2033288,0 74.5040442,25.2025452,0 74.5055204,25.2019802,0 74.5068872,25.2020531,0 74.5082175,25.2024723,0 74.5103862,25.2020349,0 74.5114249,25.201962,0 74.5104773,25.1987546,0 74.5095843,25.1950551,0 74.5086549,25.1898248,0 74.5079988,25.1858702,0 74.5090376,25.1847403,0 74.5091469,25.1828086,0 74.510368,25.1824623,0 74.5120263,25.1822801,0 74.5137941,25.182353,0 74.5196622,25.1825717,0 74.5235986,25.1826081,0 74.5256579,25.182517,0 74.5288289,25.181788,0 74.5309246,25.1816058,0 74.5360274,25.1815876,0 74.5401824,25.181624,0 74.541859,25.1811502,0 74.5431529,25.1818609,0 74.5448113,25.1800932,0 74.547636,25.1784348,0 74.5500598,25.1779792,0 74.5538504,25.177633,0 74.5533766,25.1757559,0 74.5531579,25.1747536,0 74.5531032,25.1740793,0 74.5523561,25.1735508,0 74.5511897,25.1732592,0 74.5504243,25.1721475,0 74.5497865,25.1706349,0 74.5483468,25.1693957,0 74.5470893,25.1682658,0 74.5439548,25.1687579,0 74.5435721,25.1669172,0 74.5443375,25.1666621,0 74.5442646,25.1648033,0 74.5450482,25.1655504,0 74.5458319,25.1662612,0 74.5468706,25.1663341,0 74.5463421,25.1649673,0 74.5477818,25.1645846,0 74.5469253,25.1625253,0 74.5465426,25.1615229,0 74.5461964,25.1604659,0 74.5479641,25.1594272,0 74.5491851,25.1573861,0 74.5498594,25.1564384,0 74.5496042,25.1555455,0 74.549094,25.1549258,0 74.5482192,25.1540146,0 74.5471622,25.153559,0 74.545358,25.1525932,0 74.5446655,25.1520647,0 74.5445197,25.1515544,0 74.5444833,25.1510806,0 74.544137,25.1507343,0 74.5435174,25.1505885,0 74.5429525,25.1504427,0 74.5420231,25.1501147,0 74.5413852,25.1498413,0 74.5411301,25.1488755,0 74.5403829,25.1488937,0 74.5391619,25.149003,0 74.5384329,25.1488208,0 74.5382142,25.148511,0 74.5378498,25.1481465,0 74.5372119,25.1478732,0 74.5370843,25.1475223,0 74.5370479,25.1471989,0 74.5370764,25.1470015,0 74.540146,25.1457409,0 74.5434719,25.1444288,0 74.5445198,25.1438821,0 74.5450027,25.1433263,0 74.5456405,25.1422693,0 74.5463239,25.1406838,0 74.546734,25.1405562,0 74.5473262,25.1406655,0 74.5486839,25.140055,0 74.5497227,25.1391621,0 74.5502785,25.1387703,0 74.550807,25.1385789,0 74.5514631,25.1386427,0 74.5522467,25.1386336,0 74.5526021,25.138506,0 74.5536955,25.1382235,0 74.5548983,25.1371483,0 74.5555635,25.1362371,0 74.5566934,25.1349614,0 74.5581969,25.1342325,0 74.5600102,25.1334397,0 74.5615136,25.1328748,0 74.5621333,25.1325559,0 74.5628349,25.1322278,0 74.5640559,25.1319362,0 74.5657416,25.1323007,0 74.5668168,25.1330024,0 74.5672178,25.1337769,0 74.5683659,25.136638,0 74.5689308,25.1377224,0 74.5700789,25.1397088,0 74.5709628,25.1414492,0 74.5719195,25.1426337,0 74.5736782,25.1445108,0 74.5769676,25.1479096,0 74.5779608,25.1487206,0 74.5797741,25.1486477,0 74.5823437,25.1486386,0 74.5847492,25.1486386,0 74.5885398,25.1483014,0 74.5903714,25.1481192,0 74.5911094,25.1481283,0 74.5922302,25.1482923,0 74.5929956,25.1482832,0 74.5935423,25.1480189,0 74.594244,25.1478094,0 74.5947816,25.1477091,0 74.5953374,25.1477091,0 74.5965311,25.1478276,0 74.6002305,25.1464334,0 74.6033195,25.1450029,0 74.6068367,25.1435541,0 74.6117846,25.1417681,0 74.6144817,25.140784,0 74.6161765,25.1431896,0 74.6177711,25.1453582,0 74.620933,25.1480736,0 74.6237486,25.1503334,0 74.625243,25.1514997,0 74.6258444,25.1526934,0 74.6273114,25.1557824,0 74.6283775,25.1562562,0 74.6295985,25.1568485,0 74.6306829,25.1576503,0 74.6314027,25.1582791,0 74.6320314,25.159336,0 74.6328515,25.1606664,0 74.633216,25.1600194,0 74.6343914,25.1597643,0 74.6353209,25.1596459,0 74.6363779,25.161286,0 74.6368972,25.1617234,0 74.6377447,25.1620788,0 74.639722,25.1629991,0 74.6411617,25.1640014,0 74.6428292,25.1655322,0 74.6437221,25.1671906,0 74.6440411,25.1681747,0 74.644852,25.1703616,0 74.6469842,25.1731043,0 74.6487884,25.1749176,0 74.6500459,25.1764028,0 74.6519321,25.1778607,0 74.6545107,25.1795829,0 74.658356,25.1819429,0 74.661199,25.1813871,0 74.6674316,25.1802208,0 74.6708212,25.1795556,0 74.6735275,25.1809406,0 74.6783204,25.1784075,0 74.6804891,25.1771956,0 74.6813729,25.1767217,0 74.6822568,25.1759655,0 74.6827762,25.176093,0 74.6832682,25.1772502,0 74.6842979,25.1792093,0 74.6848537,25.1807584,0 74.6852455,25.1809133,0 74.6890999,25.1790271,0 74.691788,25.1774507,0 74.6924805,25.1772138,0 74.6931274,25.1776694,0 74.6936195,25.178207,0 74.6939475,25.1784257,0 74.6941206,25.1785441,0 74.695123,25.1790818,0 74.6963622,25.1811684,0 74.6968725,25.1834555,0 74.6973463,25.1853599,0 74.6982484,25.1881026,0 74.6998703,25.1913192,0 74.7014193,25.1945266,0 74.7036427,25.1981623,0 74.7049366,25.2000849,0 74.7069686,25.2020987,0 74.7091008,25.2030828,0 74.7108412,25.2038391,0 74.7147411,25.2045225,0 74.7186501,25.205297,0 74.720755,25.2057161,0 74.7217664,25.2058255,0 74.7225865,25.2059895,0 74.723598,25.2051876,0 74.7242814,25.2025907,0 74.7258031,25.1959845,0 74.7267689,25.1919752,0 74.7274068,25.1889136,0 74.7283544,25.1878748,0 74.7288009,25.1871094,0 74.7292201,25.1855331,0 74.7269694,25.185451,0 74.7262313,25.1848679,0 74.7248919,25.1842938,0 74.7236526,25.1836286,0 74.7232153,25.1834464,0 74.7224043,25.1832551,0 74.72173,25.1829726,0 74.7216844,25.1824076,0 74.7215295,25.1819156,0 74.7190146,25.1784621,0 74.715707,25.1742159,0 74.7193882,25.1729949,0 74.7241082,25.1713457,0 74.7255024,25.1709265,0 74.7284364,25.1727307,0 74.7318443,25.1752912,0 74.7327373,25.175847,0 74.7339401,25.1772411,0 74.7365279,25.1766124,0 74.7375849,25.1758379,0 74.7389152,25.1761386,0 74.7397262,25.1758288,0 74.7405007,25.1754552,0 74.7410292,25.1751727,0 74.7413937,25.1752092,0 74.7417582,25.1755007,0 74.7423414,25.1763573,0 74.7429154,25.1772958,0 74.744428,25.1793916,0 74.7472618,25.1819703,0 74.7477903,25.1825534,0 74.7486651,25.1828632,0 74.7488929,25.1832368,0 74.7489749,25.1844305,0 74.7489384,25.1858338,0 74.7490387,25.1923033,0 74.748902,25.1968957,0 74.7478541,25.1980985,0 74.7470249,25.1994744,0 74.7481548,25.202609,0 74.749148,25.2054154,0 74.7489202,25.2076843,0 74.7490569,25.2097345,0 74.7524192,25.2138805,0 74.7541148,25.215647,0 74.7608752,25.2103451,0 74.7653036,25.2087413,0 74.7715909,25.2068096,0 74.7778782,25.2052606,0 74.7772585,25.2040031,0 74.7801379,25.2027092,0 74.7792814,25.2009779,0 74.7819786,25.19952,0 74.7823066,25.1989186,0 74.7817416,25.1971144,0 74.7812678,25.1953467,0 74.7831631,25.1936154,0 74.7839832,25.1926131,0 74.7851131,25.192121,0 74.786571,25.1922486,0 74.7871906,25.1862347,0 74.7874093,25.1857973,0 74.7889584,25.1854511,0 74.7888126,25.1838109,0 74.7885939,25.1819703,0 74.7890495,25.1808586,0 74.7884299,25.1801843,0 74.7874275,25.1804395,0 74.7866439,25.1793096,0 74.7870813,25.1782708,0 74.7849309,25.1757012,0 74.7882658,25.1731316,0 74.791692,25.1711088,0 74.7936966,25.1701611,0 74.7946442,25.169742,0 74.7958288,25.1691223,0 74.7970498,25.1686485,0 74.7981797,25.1683205,0 74.7996376,25.1687214,0 74.7990271,25.1653454,0 74.7986214,25.1621287,0 74.7974912,25.1596225,0 74.7967001,25.1576278,0 74.7960221,25.1556331,0 74.7957395,25.1543032,0 74.7957113,25.1529222,0 74.795847,25.1526023,0 74.7967218,25.1522925,0 74.7984804,25.1515271,0 74.8006126,25.1506067,0 74.8029088,25.1500327,0 74.8052142,25.1494769,0 74.8066812,25.148921,0 74.8079569,25.1487935,0 74.8102076,25.1488026,0 74.81203,25.149003,0 74.8174789,25.1500236,0 74.8187911,25.1504063,0 74.8205497,25.1507343,0 74.8243403,25.1504518,0 74.8255066,25.1503243,0 74.8270465,25.1495771,0 74.8287778,25.1487935,0 74.8329602,25.1468344,0 74.8356665,25.14575,0 74.8382543,25.1444835,0 74.8398489,25.1462603,0 74.8409879,25.1473446,0 74.8427556,25.1485292,0 74.8446509,25.1492035,0 74.845553,25.1498322,0 74.8462091,25.1504701,0 74.8473572,25.1523927,0 74.8491978,25.154698,0 74.8507924,25.1572585,0 74.8517492,25.1586982,0 74.8529155,25.1618418,0 74.8536992,25.164129,0 74.854583,25.1660789,0 74.8562232,25.1687487,0 74.8559225,25.1690494,0 74.8540819,25.1692317,0 74.8530978,25.1692955,0 74.8519588,25.1699606,0 74.8502093,25.1706805,0 74.8481591,25.1709903,0 74.846446,25.1710632,0 74.845553,25.1721475,0 74.8448514,25.1738697,0 74.8443685,25.1752092,0 74.843922,25.1763117,0 74.8438673,25.1773505,0 74.8439949,25.1790089,0 74.8444049,25.1800932,0 74.8464369,25.1843941,0 74.8471932,25.1859795,0 74.847175,25.1868361,0 74.8469107,25.1879295,0 74.8484871,25.1877564,0 74.8492343,25.1876653,0 74.8511296,25.1872097,0 74.8518221,25.1872006,0 74.8521957,25.1870001,0 74.8525146,25.1865445,0 74.8531342,25.1864534,0 74.8538176,25.1862529,0 74.8545466,25.1856606,0 74.855476,25.1849134,0 74.8557129,25.1840478,0 74.8561776,25.1836378,0 74.8572164,25.1833735,0 74.8582552,25.1826354,0 74.8589203,25.1820432,0 74.8590023,25.1818245,0 74.8583007,25.1814782,0 74.8582096,25.1814327,0 74.8578998,25.1813324,0 74.8573348,25.1809862,0 74.8569248,25.1801023,0 74.8566332,25.1797743,0 74.8566606,25.17951,0 74.8568884,25.1791547,0 74.8569886,25.1788631,0 74.856943,25.1783801,0 74.8569704,25.1778334,0 74.8574077,25.1776329,0 74.857754,25.1774872,0 74.8580182,25.1772958,0 74.8584283,25.1769404,0 74.8588019,25.1769131,0 74.859385,25.1768584,0 74.8601505,25.1767491,0 74.860524,25.1770042,0 74.8611437,25.1773687,0 74.8618453,25.1780612,0 74.8620002,25.1768584,0 74.8624193,25.1751818,0 74.8624102,25.1738059,0 74.865317,25.174708,0 74.8672943,25.1753549,0 74.8677863,25.175601,0 74.8685062,25.1761933,0 74.8690073,25.1768767,0 74.8696452,25.177396,0 74.8711942,25.1780612,0 74.8742923,25.1790453,0 74.8766614,25.1804212,0 74.8786114,25.1809406,0 74.8799144,25.180895,0 74.8813723,25.1807219,0 74.8824931,25.1809133,0 74.8834134,25.1813598,0 74.8848622,25.1818427,0 74.8879603,25.1832095,0 74.8895059,25.1845285,0 74.8915231,25.1863121,0 74.8951132,25.1841207,0 74.8996328,25.1821525,0 74.9061023,25.1794918,0 74.9101298,25.1768858,0 74.9095466,25.175847,0 74.9088541,25.1746078,0 74.908763,25.1734597,0 74.9087265,25.1716737,0 74.9075966,25.1705803,0 74.9055738,25.1693593,0 74.9050635,25.1683752,0 74.9047173,25.1668079,0 74.9043892,25.1659696,0 74.9030953,25.1631995,0 74.9027126,25.1603748,0 74.9022206,25.1566936,0 74.9021112,25.1546889,0 74.9012911,25.1527572,0 74.8997603,25.1495498,0 74.897701,25.1476727,0 74.8956781,25.1460143,0 74.8925254,25.1425517,0 74.896316,25.1423331,0 74.9013823,25.1425153,0 74.903314,25.1416223,0 74.9060476,25.1398546,0 74.90982,25.1423331,0 74.9135741,25.1439368,0 74.9168362,25.1423877,0 74.9202441,25.1402555,0 74.9215745,25.1390345,0 74.9229595,25.1369752,0 74.9256566,25.1324374,0 74.9286272,25.1273894,0 74.9301944,25.1239997,0 74.9310327,25.1258586,0 74.931543,25.128337,0 74.9328733,25.1342963,0 74.9334565,25.1375766,0 74.935206,25.1421873,0 74.936263,25.1453036,0 74.9369373,25.1475998,0 74.9379761,25.1499142,0 74.9395433,25.1508983,0 74.9412199,25.1482012,0 74.9425685,25.1447204,0 74.9436073,25.1421508,0 74.945703,25.1414947,0 74.9466142,25.1418046,0 74.9502044,25.1451396,0 74.95343,25.1439914,0 74.9572935,25.1421326,0 74.9599178,25.1400186,0 74.9614121,25.1377224,0 74.9632163,25.1318907,0 74.9637448,25.1296856,0 74.9640364,25.1276627,0 74.9637266,25.1256581,0 74.9642733,25.1209016,0 74.9651481,25.1177671,0 74.9665878,25.1156531,0 74.9673896,25.1117714,0 74.9687746,25.1091471,0 74.970105,25.1063771,0 74.9724559,25.1057575,0 74.9735493,25.1041355,0 74.9746428,25.1049192,0 74.9765927,25.1069603,0 74.977996,25.1076345,0 74.9821146,25.108163,0 74.9839552,25.1109878,0 74.9890033,25.1121176,0 74.992156,25.1140494,0 74.9939967,25.1143045,0 74.9964387,25.1156531,0 74.9976597,25.1176942,0 74.9985344,25.1186236,0 75.0001928,25.1203549,0 75.0004115,25.1215212,0 75.0020335,25.123125,0 75.0028171,25.1276445,0 75.003783,25.1287015,0 75.005168,25.1298496,0 75.0077558,25.1299772,0 75.0127856,25.1292664,0 75.0140249,25.1307426,0 75.0154645,25.1328383,0 75.0181617,25.1356084,0 75.0205126,25.1370116,0 75.0272373,25.137121,0 75.028112,25.1355902,0 75.0268546,25.1306879,0 75.0296611,25.1249109,0 75.0306816,25.1232343,0 75.0325951,25.1239997,0 75.0375885,25.1212479,0 75.0427823,25.1194255,0 75.0528238,25.117111,0 75.0630839,25.1148877,0 75.0753304,25.1229427,0 75.077408,25.1244735,0 75.079686,25.1249291,0 75.0811621,25.1247287,0 75.083841,25.1242184,0 75.0900372,25.1225236,0 75.0912764,25.1222137,0 75.1038145,25.1252207,0 75.110357,25.1264782,0 75.1128901,25.1273529,0 75.1158788,25.1272982,0 75.120289,25.1264235,0 75.1244806,25.1237446,0 75.1260295,25.1217952,0 75.128581,25.1181862,0 75.126343,25.1150206,0 75.1258565,25.1128102,0 75.1256469,25.112309,0 75.1220112,25.1089193,0 75.1253371,25.1040262,0 75.1507596,25.1053201,0 75.1686191,25.0985225,0 75.1724097,25.0994702,0 75.1796264,25.096445,0 75.1837997,25.0918161,0 75.1857315,25.0912876,0 75.1889024,25.0921988,0 75.1991261,25.0904858,0 75.2038097,25.0896657,0 75.1976682,25.0820845,0 75.1954995,25.0695099,0 75.1942056,25.0647717,0 75.191472,25.0573363,0 75.1898865,25.0537826,0 75.1898501,25.0509032,0 75.1908706,25.0497733,0 75.1917089,25.0492266,0 75.1922921,25.0483154,0 75.192857,25.046493,0 75.1921281,25.0422286,0 75.1917818,25.0390576,0 75.1910529,25.0369436,0 75.1906702,25.0365427,0 75.1927356,25.0335749,0 75.1954615,25.0341277,0 75.1966789,25.0338461,0 75.1976455,25.0335082,0 75.1986372,25.0332917,0 75.1988322,25.0351465,0 75.2012337,25.0371176,0 75.203268,25.038116,0 75.2058108,25.0385511,0 75.2080993,25.0379112,0 75.2120799,25.0360677,0 75.2152192,25.0345833,0 75.2168862,25.0341738,0 75.2184119,25.0345321,0 75.2202623,25.0355762,0 75.2223552,25.0353215,0 75.225099,25.0337444,0 75.2269094,25.0338714,0 75.2278768,25.0346345,0 75.2287244,25.0358889,0 75.2299393,25.0368105,0 75.2317475,25.036964,0 75.2347424,25.0364521,0 75.2362963,25.0359913,0 75.2385566,25.0350953,0 75.2410994,25.0348649,0 75.2442073,25.0345321,0 75.2477955,25.0350441,0 75.2495755,25.0361193,0 75.251525,25.0373736,0 75.2533332,25.0385511,0 75.2553392,25.0392423,0 75.2580515,25.0399079,0 75.2603346,25.0397886,0 75.2643027,25.0410219,0 75.2670533,25.0419557,0 75.2694595,25.0410798,0 75.2707184,25.0404172,0 75.2735823,25.0394282,0 75.2751449,25.0387047,0 75.2809014,25.0382964,0 75.2897044,25.0382132,0 75.2931706,25.0382952,0 75.2948376,25.0387815,0 75.296674,25.0400614,0 75.2996407,25.0413925,0 75.3015336,25.0416997,0 75.30402,25.0417253,0 75.3089926,25.0415205,0 75.3142294,25.0408015,0 75.3168871,25.0407439,0 75.3194707,25.0398812,0 75.3209832,25.0394679,0 75.3224745,25.0394489,0 75.3249218,25.0389594,0 75.3287026,25.040315,0 75.3318427,25.0416007,0 75.3335156,25.0408394,0 75.3350407,25.0403606,0 75.3378449,25.0377796,0 75.3396059,25.0362875,0 75.3416834,25.0348843,0 75.3443034,25.0342887,0 75.3472309,25.0321436,0 75.3464481,25.0307532,0 75.3449587,25.0310803,0 75.3426422,25.0306959,0 75.3442812,25.0293738,0 75.3456352,25.0285802,0 75.3465489,25.0273873,0 75.3471722,25.0262455,0 75.3476918,25.0255929,0 75.347827,25.0251369,0 75.3488017,25.0236008,0 75.3501849,25.0223371,0 75.3502618,25.0175397,0 75.3496776,25.0168162,0 75.3494516,25.0153057,0 75.3506947,25.0145376,0 75.3523334,25.0143327,0 75.3556391,25.0146912,0 75.3601314,25.0140255,0 75.3637196,25.0150496,0 75.371009,25.0160226,0 75.379146,25.0178404,0 75.3856161,25.0182244,0 75.3875938,25.0183524,0 75.3885544,25.0191461,0 75.389176,25.0207334,0 75.3899388,25.0222439,0 75.3913233,25.0234216,0 75.3929055,25.0235752,0 75.3941486,25.0227816,0 75.39542,25.0220391,0 75.3962676,25.0215015,0 75.3986974,25.0206054,0 75.4007882,25.0203494,0 75.4041221,25.0202726,0 75.4086427,25.0193509,0 75.4114115,25.0195557,0 75.4134458,25.0202726,0 75.4170905,25.0205542,0 75.4192942,25.020503,0 75.4236453,25.0206054,0 75.4285049,25.0198629,0 75.4311042,25.0201958,0 75.4371222,25.0217575,0 75.4462692,25.0231133,0 75.4471184,25.0249522,0 75.4477198,25.0263555,0 75.4489043,25.030219,0 75.4497244,25.0327885,0 75.4503076,25.0372534,0 75.4499978,25.0390941,0 75.4487403,25.0418641,0 75.4501071,25.0451809,0 75.4514922,25.0484976,0 75.4488315,25.0489168,0 75.4468997,25.0484612,0 75.444968,25.0482425,0 75.4425806,25.0485159,0 75.4430909,25.0507574,0 75.4432549,25.0515228,0 75.4438381,25.0527985,0 75.4443483,25.0540013,0 75.4440385,25.0557326,0 75.4441114,25.0572452,0 75.4446035,25.0595596,0 75.4420157,25.060325,0 75.4399381,25.0603432,0 75.4388629,25.0596143,0 75.4376419,25.0599788,0 75.4364209,25.0612909,0 75.4363116,25.0627124,0 75.4362387,25.0647352,0 75.4362933,25.068216,0 75.4363116,25.0721524,0 75.435619,25.0730454,0 75.434234,25.0742482,0 75.4320836,25.0747402,0 75.4307715,25.0751776,0 75.4272724,25.0777289,0 75.4234819,25.0803168,0 75.4202015,25.082613,0 75.4195637,25.0854742,0 75.4195819,25.0876246,0 75.419181,25.0910507,0 75.4182516,25.0930918,0 75.4173586,25.0946955,0 75.4158095,25.0951693,0 75.413896,25.0953333,0 75.4127661,25.0958801,0 75.4090302,25.0983585,0 75.4048205,25.1012744,0 75.4035083,25.1022402,0 75.4035266,25.1032243,0 75.4054219,25.1054477,0 75.407627,25.1071243,0 75.4084653,25.1093658,0 75.4095223,25.1137396,0 75.4107433,25.1168559,0 75.411782,25.1182774,0 75.4130759,25.1198264,0 75.4140418,25.1231614,0 75.4149712,25.1259679,0 75.4156091,25.126387,0 75.4220239,25.1282823,0 75.4246482,25.1295034,0 75.4264524,25.1309066,0 75.4300972,25.1329295,0 75.4339789,25.1350617,0 75.4390816,25.1388705,0 75.4415965,25.1408022,0 75.4425259,25.1421326,0 75.4426353,25.1441372,0 75.44269,25.14534,0 75.4438381,25.1485839,0 75.4446764,25.1504974,0 75.4455147,25.1514451,0 75.446845,25.1535408,0 75.4472277,25.1557824,0 75.4464087,25.1577404,0 75.4460614,25.1585706,0 75.4442572,25.1613225,0 75.4505445,25.1720746,0 75.4506356,25.1738241,0 75.4501071,25.1776147,0 75.4500342,25.1801114,0 75.4499613,25.1826081,0 75.4502894,25.1843576,0 75.4508908,25.1867632,0 75.451401,25.1889136,0 75.4514739,25.1915379,0 75.4515286,25.1935425,0 75.4521847,25.1960028,0 75.451966,25.1987181,0 75.4525127,25.2017615,0 75.4520753,25.2047321,0 75.45213,25.2080124,0 75.450909,25.2095979,0 75.4493964,25.2120581,0 75.4490137,25.2143361,0 75.4488497,25.2165594,0 75.4481754,25.2184365,0 75.4463165,25.2215528,0 75.4452231,25.2239037,0 75.4449133,25.2255439,0 75.4450773,25.2273298,0 75.446353,25.2289882,0 75.4476469,25.231084,0 75.4491959,25.2343825,0 75.4506539,25.2374259,0 75.4510366,25.2393394,0 75.4510366,25.2413623,0 75.4509454,25.2430207,0 75.4472642,25.2457725,0 75.4444759,25.2478683,0 75.4443301,25.2491622,0 75.4438198,25.2516771,0 75.4429633,25.2541373,0 75.4454782,25.2582924,0 75.4458792,25.261354,0 75.4455876,25.2621741,0 75.4443301,25.2648348,0 75.4427629,25.2672404,0 75.4414507,25.2697735,0 75.4395008,25.272981,0 75.4378606,25.2743478,0 75.435291,25.2766804,0 75.4321565,25.2775916,0 75.429678,25.2786304,0 75.427728,25.2799972,0 75.4255594,25.2808902,0 75.4202927,25.2826944,0 75.41991,25.2833686,0 75.419017,25.2838971,0 75.4181422,25.2832046,0 75.4156638,25.2828584,0 75.4119643,25.2826032,0 75.4101419,25.2830224,0 75.4089573,25.2840065,0 75.4079003,25.286084,0 75.4060962,25.2867401,0 75.4003009,25.2914966,0 75.3993897,25.2924807,0 75.3969477,25.2947769,0 75.3894029,25.3011553,0 75.3823138,25.305766,0 75.3793317,25.3073983,0 75.3767191,25.3083538,0 75.3746962,25.3095019,0 75.371999,25.3102673,0 75.371341,25.3105917,0 75.3707051,25.311461,0 75.3698304,25.3138392,0 75.3687552,25.3155887,0 75.3676799,25.3169373,0 75.364673,25.3182312,0 75.3622856,25.318541,0 75.3607913,25.318541,0 75.3560348,25.3196891,0 75.3535381,25.3201994,0 75.34767,25.3216755,0 75.3415467,25.3229694,0 75.3393416,25.326268,0 75.3347674,25.3292749,0 75.3338926,25.3343776,0 75.3331819,25.3391888,0 75.332617,25.3403733,0 75.3307034,25.3440364,0 75.3278605,25.3478634,0 75.3267488,25.3500321,0 75.3251451,25.3521278,0 75.3240699,25.3544241,0 75.3234503,25.3555904,0 75.3233045,25.3575586,0 75.323268,25.3583604,0 75.3228489,25.3599459,0 75.3223933,25.3614767,0 75.3206073,25.3637183,0 75.3185116,25.3635725,0 75.3156322,25.3653402,0 75.3142289,25.3664337,0 75.3116958,25.3698598,0 75.3097823,25.3726298,0 75.3083061,25.3733224,0 75.3072491,25.3737597,0 75.3063926,25.3747074,0 75.3059188,25.375655,0 75.3054085,25.3763293,0 75.3046796,25.3767485,0 75.3033127,25.3773681,0 75.3016088,25.3781335,0 75.3014175,25.3797099,0 75.2998775,25.3805846,0 75.2969344,25.3819605,0 75.2960596,25.3827077,0 75.2921597,25.3866805,0 75.2901003,25.389724,0 75.2878588,25.3909085,0 75.2852163,25.3926762,0 75.2838495,25.3948814,0 75.2842687,25.3977607,0 75.2852345,25.403556,0 75.2843051,25.402827,0 75.2833028,25.4027541,0 75.2825009,25.4028999,0 75.2815351,25.402171,0 75.280551,25.4015513,0 75.2800954,25.4013691,0 75.2794029,25.4012051,0 75.2785645,25.4012962,0 75.2773982,25.4015513,0 75.2765781,25.4000387,0 75.2759403,25.3990729,0 75.2753024,25.3983621,0 75.2739356,25.3983075,0 75.2722955,25.3985079,0 75.2675026,25.3992004,0 75.2664091,25.4001299,0 75.2634022,25.4032279,0 75.2625274,25.4059251,0 75.26127,25.4100255,0 75.2604863,25.4140895,0 75.2599943,25.4168413,0 75.2606868,25.4215795,0 75.2660082,25.4262631,0 75.2683044,25.4279215,0 75.2747922,25.4306369,0 75.2788197,25.4324046,0 75.2843051,25.4355027,0 75.2859635,25.4342999,0 75.2876037,25.4318214,0 75.2904466,25.4298714,0 75.2932166,25.4276117,0 75.2949115,25.4263178,0 75.2970984,25.4253883,0 75.2991577,25.4236935,0 75.3003422,25.4225272,0 75.3016726,25.4209052,0 75.3025291,25.421215,0 75.3033127,25.4235659,0 75.3041146,25.4246958,0 75.305773,25.4252061,0 75.3081603,25.4262813,0 75.3086342,25.4272107,0 75.3087253,25.4293976,0 75.3080692,25.4311836,0 75.3080692,25.4325504,0 75.3086706,25.4336803,0 75.3098187,25.4345732,0 75.3149032,25.4377624,0 75.3170354,25.4392568,0 75.3177462,25.4404414,0 75.3186756,25.4427376,0 75.3202246,25.4456899,0 75.3207531,25.4470385,0 75.3206256,25.4482777,0 75.3202611,25.4493711,0 75.3200424,25.4512118,0 75.3206256,25.452943,0 75.3216097,25.4540183,0 75.3234685,25.4568248,0 75.3254002,25.4575902,0 75.3270586,25.4583373,0 75.3293913,25.4588476,0 75.3335464,25.4604149,0 75.3361524,25.4615812,0 75.3396696,25.4634583,0 75.3421117,25.4650802,0 75.3440252,25.4677592,0 75.3460663,25.4701647,0 75.3487088,25.4718778,0 75.3504218,25.4736273,0 75.3512419,25.4747754,0 75.3520437,25.4755408,0 75.3527363,25.4758142,0 75.3539026,25.4759053,0 75.3562353,25.4771445,0 75.3574198,25.4775819,0 75.3586591,25.4780739,0 75.3595156,25.4785295,0 75.3596614,25.4795136,0 75.3604268,25.4802973,0 75.3609553,25.480844,0 75.3624132,25.4831584,0 75.3625043,25.4876051,0 75.3634884,25.4893546,0 75.3640169,25.4915233,0 75.3614656,25.4970998,0 75.3624861,25.498904,0 75.3635066,25.5002526,0 75.3652015,25.501674,0 75.3679898,25.5024577,0 75.3681173,25.503296,0 75.367844,25.5041525,0 75.366951,25.5047721,0 75.3662585,25.5047721,0 75.3653108,25.5053188,0 75.3651468,25.50623,0 75.3649463,25.5090548,0 75.3641445,25.5102211,0 75.3635978,25.5110047,0 75.3633062,25.5117519,0 75.3623768,25.5141028,0 75.3613927,25.5147953,0 75.3608095,25.5157065,0 75.3607001,25.5164719,0 75.3611557,25.5172191,0 75.3618847,25.5177476,0 75.362395,25.5188593,0 75.3618118,25.5195518,0 75.36183,25.5203901,0 75.362231,25.5209186,0 75.3626866,25.521684,0 75.3626137,25.5225405,0 75.3625226,25.5232877,0 75.3630693,25.5239802,0 75.3622127,25.5242718,0 75.3619394,25.5246727,0 75.3621398,25.525347,0 75.3623403,25.5257297,0 75.3625226,25.5265134,0 75.3614473,25.5269325,0 75.3611193,25.5279166,0 75.3612104,25.529247,0 75.3602445,25.5295568,0 75.3595156,25.5296661,0 75.3588777,25.5303951,0 75.3586044,25.5311969,0 75.3588595,25.5319441,0 75.3586591,25.5326366,0 75.3584586,25.5330193,0 75.3583675,25.5335478,0 75.3584768,25.5343861,0 75.3585679,25.5349146,0 75.3584586,25.5362632,0 75.357839,25.5369193,0 75.3575109,25.5379398,0 75.360445,25.5408374,0 75.3667141,25.54707,0 75.372564,25.5529017,0 75.3750789,25.5547423,0 75.377448,25.5559451,0 75.3796531,25.5571844,0 75.3806008,25.5581867,0 75.3813115,25.5590068,0 75.3817671,25.5598815,0 75.3822592,25.5614306,0 75.3826783,25.5677725,0 75.3835348,25.5728388,0 75.3867423,25.5736589,0 75.3900773,25.5744061,0 75.3952529,25.574971,0 75.3965832,25.5755542,0 75.3978589,25.5764289,0 75.3984967,25.5776681,0 75.399572,25.5809485,0 75.40185,25.5829167,0 75.4048205,25.5857778,0 75.4092125,25.5892404,0 75.4102512,25.5904067,0 75.4126568,25.5953637,0 75.4137138,25.59848,0 75.4152811,25.6010131,0 75.4168119,25.6029813,0 75.4188712,25.6054051,0 75.4204931,25.6079018,0 75.4212768,25.6102891,0 75.4223155,25.6133872,0 75.4238828,25.6155194,0 75.4263612,25.6181254,0 75.4287668,25.6210231,0 75.4300425,25.6227543,0 75.4306621,25.6246314,0 75.4297145,25.6304449,0 75.4293318,25.6343813,0 75.4290584,25.6351467,0 75.42935,25.636477,0 75.4299149,25.6382812,0 75.4311906,25.6399578,0 75.4323569,25.640705,0 75.434398,25.6448418,0 75.4346896,25.6459535,0 75.4348536,25.6478124,0 75.4353092,25.6494161,0 75.4353275,25.6516212,0 75.435455,25.6547739,0 75.4352546,25.655922,0 75.4346714,25.656815,0 75.4341429,25.6574529,0 75.433742,25.6582183,0 75.4338513,25.6598949,0 75.4336509,25.6616262,0 75.4325027,25.6635214,0 75.4315551,25.665271,0 75.4313,25.6668929,0 75.430735,25.6698452,0 75.4289855,25.6693714,0 75.4281472,25.6727246,0 75.4272542,25.676424,0 75.4255958,25.6808707,0 75.4232085,25.6846977,0 75.4218781,25.6885066,0 75.4240104,25.6892537,0 75.4263066,25.690493,0 75.4273453,25.691714,0 75.4283477,25.6929897,0 75.4309537,25.6949214,0 75.4348536,25.6970536,0 75.4419063,25.7013545,0 75.4450226,25.7035596,0 75.4488315,25.7069128,0 75.4503076,25.7079334,0 75.4524216,25.7087899,0 75.456358,25.7125076,0 75.4589458,25.7150407,0 75.4594014,25.7158608,0 75.4601486,25.7180477,0 75.4606224,25.7193598,0 75.460841,25.7207587,0 75.4579733,25.7253785,0 75.4539613,25.7298582,0 75.4486779,25.7354321,0 75.4454852,25.7383589,0 75.4442138,25.7395296,0 75.44201,25.7411584,0 75.4400605,25.7433725,0 75.4389022,25.745154,0 75.437998,25.7463501,0 75.4365854,25.747139,0 75.4352292,25.7475461,0 75.4343816,25.7470372,0 75.4338165,25.7458411,0 75.4328277,25.744874,0 75.431641,25.744645,0 75.4282788,25.7455612,0 75.4271204,25.7462737,0 75.4248037,25.7480806,0 75.4234475,25.7498365,0 75.4227129,25.7518977,0 75.4225151,25.7551041,0 75.4212155,25.7578014,0 75.4188987,25.7622544,0 75.4156495,25.7660711,0 75.4125416,25.7678522,0 75.4089252,25.7695315,0 75.4059303,25.7704729,0 75.4021444,25.7728392,0 75.3997993,25.7746456,0 75.3981324,25.7748491,0 75.3968327,25.7742894,0 75.3934705,25.7705238,0 75.391182,25.7681321,0 75.3899953,25.7657913,0 75.3904192,25.7649516,0 75.3923686,25.7634758,0 75.3912668,25.7607277,0 75.3889217,25.7572161,0 75.3879046,25.7543152,0 75.3875373,25.752763,0 75.3867462,25.7508544,0 75.3851923,25.7495311,0 75.3832428,25.7496838,0 75.3815758,25.7502182,0 75.379372,25.7514651,0 75.379146,25.7528902,0 75.3777333,25.7542389,0 75.3751623,25.7557148,0 75.3727042,25.7566563,0 75.371235,25.7575215,0 75.371009,25.7587938,0 75.3702462,25.7596844,0 75.3683249,25.7597099,0 75.3649062,25.759888,0 75.3616571,25.760117,0 75.3597924,25.7595317,0 75.3579841,25.7587938,0 75.3559781,25.7581322,0 75.3535766,25.7581577,0 75.350723,25.7587938,0 75.3479824,25.7593791,0 75.344931,25.760575,0 75.3419644,25.7616692,0 75.3389978,25.7620763,0 75.3368223,25.7617201,0 75.3355226,25.7606005,0 75.3340393,25.7593409,0 75.3331776,25.7589974,0 75.332217,25.7588447,0 75.3303098,25.7592773,0 75.3273432,25.760117,0 75.3256198,25.761033,0 75.3244049,25.7620127,0 75.3224836,25.7637302,0 75.3205765,25.7643918,0 75.3177279,25.7664689,0 75.3167803,25.7657217,0 75.3158873,25.7649016,0 75.3141014,25.7640997,0 75.3123336,25.763553,0 75.3103654,25.7625507,0 75.3052627,25.7582316,0 75.3034403,25.7553158,0 75.3013081,25.7517621,0 75.3003969,25.7500308,0 75.2989208,25.7487916,0 75.2978638,25.7480079,0 75.2972077,25.7473519,0 75.2969161,25.7464589,0 75.2967157,25.745493,0 75.2962601,25.7443814,0 75.2956404,25.7435431,0 75.2942554,25.7427412,0 75.2931255,25.7418118,0 75.2910662,25.7393698,0 75.2898999,25.7378025,0 75.2893714,25.7365815,0 75.288934,25.7357614,0 75.2881504,25.7350871,0 75.2866013,25.7343764,0 75.2852345,25.7333558,0 75.2845238,25.7322806,0 75.2839771,25.7314423,0 75.2827196,25.7306222,0 75.2823187,25.7296199,0 75.2809883,25.7281256,0 75.2782912,25.7262485,0 75.2760861,25.724827,0 75.275266,25.7238976,0 75.2748833,25.7227859,0 75.2748104,25.7216378,0 75.2745188,25.7201434,0 75.2736987,25.7186491,0 75.2737716,25.7180841,0 75.2743093,25.7168358,0 75.2741999,25.716207,0 75.2741088,25.7149587,0 75.2740541,25.7137468,0 75.2734983,25.71238,0 75.2729607,25.7111043,0 75.2728331,25.7102022,0 75.2731247,25.7089357,0 75.2734801,25.7079242,0 75.2740177,25.707095,0 75.2748286,25.705956,0 75.2749835,25.7051997,0 75.2750747,25.703514,0 75.2751111,25.7018556,0 75.2746464,25.7006073,0 75.2715939,25.7020834,0 75.2676119,25.7036416,0 75.2643225,25.7046348,0 75.2624545,25.7049811,0 75.2602039,25.7039058,0 75.2587004,25.7027486,0 75.2580717,25.7011085,0 75.2576525,25.6988031,0 75.2570238,25.6970627,0 75.2560944,25.6953406,0 75.2548278,25.6940375,0 75.2541079,25.6932539,0 75.253625,25.6922243,0 75.2531238,25.6907663,0 75.2531603,25.6886068,0 75.2516841,25.6856636,0 75.2509492,25.6854239,0 75.2493315,25.6851335,0 75.2478457,25.6847987,0 75.2458895,25.6843971,0 75.2431656,25.6844194,0 75.2407141,25.6846425,0 75.2379903,25.6850665,0 75.2321463,25.6862046,0 75.2266738,25.6876328,0 75.2226871,25.6884585,0 75.2198642,25.6891725,0 75.2155803,25.6905784,0 75.2107021,25.6919396,0 75.2080773,25.6931892,0 75.2051058,25.6948627,0 75.2016886,25.6978304,0 75.1989895,25.6993254,0 75.1973551,25.7003741,0 75.198098,25.7024938,0 75.1978752,25.7035201,0 75.1967608,25.704011,0 75.1952256,25.7044573,0 75.1942598,25.7049258,0 75.1937398,25.7062645,0 75.1930465,25.7073132,0 75.1920312,25.7083395,0 75.1894807,25.7094774,0 75.186113,25.7102359,0 75.183711,25.7106821,0 75.182151,25.710816,0 75.1796252,25.7112622,0 75.1778671,25.71153,0 75.1756633,25.7121323,0 75.1739299,25.7135602,0 75.1703641,25.7155458,0 75.1684574,25.7166613,0 75.1660554,25.718803,0 75.1655602,25.7205431,0 75.1645202,25.7217255,0 75.1630592,25.7223948,0 75.1615734,25.7229748,0 75.1595677,25.7236663,0 75.1580819,25.7238002,0 75.1570667,25.7237556,0 75.1550114,25.7234879,0 75.152238,25.7222609,0 75.1492665,25.7217255,0 75.1472608,25.7215247,0 75.1458741,25.7212124,0 75.144834,25.7206324,0 75.1440664,25.7185353,0 75.1438931,25.7169513,0 75.1436455,25.7145865,0 75.143175,25.7127347,0 75.1410454,25.708875,0 75.1399559,25.7072908,0 75.1391635,25.7059298,0 75.1382472,25.7051712,0 75.1356967,25.7049035,0 75.1341367,25.7048142,0 75.1306452,25.7048589,0 75.125247,25.7063091,0 75.122325,25.707157,0 75.1196507,25.7075586,0 75.1180411,25.7077594,0 75.1159363,25.7077371,0 75.1146487,25.7070008,0 75.1138315,25.705439,0 75.1131877,25.7037433,0 75.1129153,25.7026277,0 75.1120734,25.7013558,0 75.1104289,25.6983237,0 75.1080619,25.6974957,0 75.105598,25.6991357,0 75.1033199,25.70101,0 75.1012893,25.7021256,0 75.0994445,25.702438,0 75.0956063,25.7031855,0 75.0927339,25.704435,0 75.0896633,25.704435,0 75.0871871,25.7042118,0 75.0851566,25.7042118,0 75.084067,25.7054613,0 75.0833737,25.7079602,0 75.0832746,25.7097451,0 75.0834232,25.7119762,0 75.0841661,25.7149658,0 75.0880786,25.721614,0 75.0884748,25.7233541,0 75.0874843,25.7247818,0 75.0846613,25.7267895,0 75.0814422,25.7284849,0 75.0792136,25.7293772,0 75.0764897,25.7313402,0 75.0687639,25.7355339,0 75.0667333,25.7370953,0 75.0657429,25.7385228,0 75.0651486,25.7407534,0 75.0652971,25.7445006,0 75.0673276,25.7477124,0 75.0697356,25.7504864,0 75.0707197,25.7525093,0 75.0712118,25.7538943,0 75.0719407,25.755006,0 75.071795,25.7554798,0 75.0712665,25.7558989,0 75.0680773,25.7569742,0 75.0670203,25.7565732,0 75.067239,25.757448,0 75.0662913,25.7578489,0 75.0694441,25.7615484,0 75.0711389,25.7640269,0 75.0720136,25.7650109,0 75.0735445,25.7663777,0 75.0758042,25.7691478,0 75.0771346,25.7723552,0 75.0764239,25.7728655,0 75.0771164,25.7742505,0 75.0777542,25.7755809,0 75.0759683,25.7778953,0 75.0757313,25.7794626,0 75.0757131,25.7824695,0 75.0734169,25.7817588,0 75.0699361,25.7808476,0 75.0660908,25.7802644,0 75.0627194,25.7806289,0 75.0564321,25.782506,0 75.0530789,25.7824331,0 75.0504364,25.7826882,0 75.0447323,25.7839092,0 75.0388277,25.7857499,0 75.0341806,25.7879185,0 75.030226,25.7908708,0 75.0278386,25.7925656,0 75.0257611,25.7947343,0 75.0250868,25.7967572,0 75.024121,25.7982698,0 75.0218794,25.8008029,0 75.0206219,25.799837,0 75.0153552,25.8046299,0 75.0141524,25.8062883,0 75.0124576,25.8079103,0 75.0108903,25.8087121,0 75.0095053,25.8090402,0 75.0114188,25.8116644,0 75.0127856,25.8129583,0 75.0144076,25.8147807,0 75.0183622,25.8177695,0 75.0196014,25.8187171,0 75.020221,25.8192456,0 75.0208042,25.8203755,0 75.0238294,25.822453,0 75.0260162,25.8244577,0 75.0272737,25.8242207,0 75.0282942,25.8262072,0 75.0299891,25.8297062,0 75.033725,25.830508,0 75.0373151,25.8316926,0 75.0375703,25.8343351,0 75.0368595,25.8345173,0 75.0372422,25.8362121,0 75.0363128,25.8366313,0 75.0375156,25.8399298,0 75.0391011,25.8411144,0 75.0413791,25.8468367,0 75.0390646,25.8474199,0 75.0369507,25.8479666,0 75.0351647,25.8490601,0 75.0311736,25.8510465,0 75.0297157,25.8516843,0 75.0258705,25.8529782,0 75.0234831,25.8544726,0 75.0207495,25.8563679,0 75.0175239,25.8591562,0 75.0150454,25.8579534,0 75.0120136,25.8559687,0 75.0100779,25.85401,0 75.0026536,25.8497231,0 75.0012159,25.8476376,0 74.9996924,25.8459382,0 74.9949503,25.8429642,0 74.9916029,25.8449919,0 74.9872041,25.8471741,0 74.9866032,25.8479465,0 74.9870538,25.8542803,0 74.9845004,25.8548403,0 74.982934,25.8568485,0 74.9828051,25.8583491,0 74.9829835,25.863431,0 74.9766839,25.8640949,0 74.9682279,25.8640402,0 74.9621775,25.8641678,0 74.9584599,25.8636757,0 74.9559814,25.8627463,0 74.9477259,25.8622725,0 74.944318,25.8619809,0 74.9419489,25.8623636,0 74.9420218,25.8629285,0 74.9401812,25.8640038,0 74.9385775,25.8650425,0 74.9356798,25.8703457,0 74.9317617,25.8729882,0 74.9249641,25.8779633,0 74.9234515,25.8779269,0 74.9197703,25.8778905,0 74.9159432,25.8782185,0 74.9123713,25.8791479,0 74.9073597,25.8805694,0 74.902093,25.8817539,0 74.8991772,25.8801502,0 74.8957328,25.87769,0 74.8919787,25.8746648,0 74.891195,25.8738447,0 74.8897736,25.8712205,0 74.8887712,25.8718948,0 74.8882974,25.8731704,0 74.8874227,25.874191,0 74.8861652,25.8747195,0 74.8841059,25.8745372,0 74.8804793,25.8742092,0 74.8769621,25.8742639,0 74.8747934,25.8752662,0 74.8735178,25.8757947,0 74.8720052,25.8764872,0 74.8701099,25.877125,0 74.8629843,25.8776535,0 74.8617815,25.8775806,0 74.8606152,25.8779269,0 74.8588657,25.8788199,0 74.8562049,25.8797857,0 74.8538905,25.8798769,0 74.8505737,25.8791297,0 74.8459266,25.87769,0 74.8423183,25.8765783,0 74.8380903,25.8755396,0 74.8351015,25.8752662,0 74.8299988,25.8755213,0 74.827976,25.8753209,0 74.8268643,25.8741545,0 74.8259531,25.8744826,0 74.8253153,25.8744643,0 74.8229644,25.8728606,0 74.8198845,25.8722228,0 74.8142897,25.8729335,0 74.8117384,25.8735531,0 74.8099524,25.8736443,0 74.8074011,25.873626,0 74.8051777,25.8729517,0 74.8033189,25.8729517,0 74.8000203,25.8732616,0 74.7945349,25.8745372,0 74.7922205,25.8756307,0 74.7893411,25.8763414,0 74.7864981,25.8777264,0 74.7830356,25.8802231,0 74.7776777,25.8838133,0 74.7760922,25.8840137,0 74.7747254,25.8838315,0 74.7710259,25.8852165,0 74.7696774,25.8862553,0 74.7691489,25.8870025,0 74.7689302,25.8883146,0 74.7693493,25.889809,0 74.769404,25.890629,0 74.7689405,25.891619,0 74.7675538,25.894114,0 74.7655233,25.8960743,0 74.7624527,25.8964307,0 74.7597475,25.8961796,0 74.7585793,25.8968676,0 74.7568081,25.897814,0 74.7498982,25.903336,0 74.7473229,25.9054743,0 74.7421723,25.9093945,0 74.7402409,25.9108868,0 74.7386561,25.9118446,0 74.7365017,25.9122232,0 74.7354865,25.9121787,0 74.7329112,25.9116887,0 74.7313511,25.9118446,0 74.7301378,25.9127355,0 74.7283797,25.9141832,0 74.7268691,25.9157423,0 74.7237738,25.916945,0 74.7188461,25.9187935,0 74.713547,25.9200185,0 74.7099812,25.9204194,0 74.7062668,25.9204862,0 74.7038518,25.9202599,0 74.6953218,25.9186154,0 74.6876207,25.918749,0 74.6828168,25.9187045,0 74.6769233,25.9181254,0 74.6714756,25.9175018,0 74.668405,25.9174127,0 74.6648393,25.9172345,0 74.6597382,25.9167891,0 74.656321,25.9161655,0 74.6507247,25.9141164,0 74.6442369,25.9117555,0 74.6371549,25.9092609,0 74.6330443,25.9080136,0 74.6279433,25.9062762,0 74.6239813,25.9053853,0 74.6196231,25.9052071,0 74.6164535,25.9055634,0 74.6137296,25.9056525,0 74.6155355,25.9131324,0 74.6064495,25.9149648,0 74.598422,25.916046,0 74.5934296,25.9161695,0 74.592632,25.9094836,0 74.5859462,25.9111319,0 74.5806966,25.9128692,0 74.5759917,25.9138937,0 74.5724259,25.9143391,0 74.5680677,25.9143837,0 74.5625705,25.9140719,0 74.5587075,25.9131364,0 74.5566069,25.9027832,0 74.5625251,25.8996317,0 74.5680469,25.8967887,0 74.571473,25.8899365,0 74.5756463,25.8884968,0 74.5721838,25.8837404,0 74.5714184,25.8803871,0 74.5694137,25.8764143,0 74.5667348,25.8771068,0 74.5617414,25.8808792,0 74.5562378,25.8812983,0 74.5519734,25.8791844,0 74.5424422,25.8775442,0 74.5406927,25.8756671,0 74.5378133,25.8731887,0 74.5359909,25.8712569,0 74.5311251,25.8654252,0 74.5251841,25.8673205,0 74.5250201,25.868414,0 74.5266602,25.8706008,0 74.5268971,25.8718765,0 74.5268789,25.8743368,0 74.5273892,25.8768881,0 74.5295396,25.8812437,0 74.5312162,25.8826105,0 74.5331115,25.884196,0 74.5330568,25.8851072,0 74.5319634,25.888187,0 74.5318723,25.8890435,0 74.5323461,25.892579,0 74.5317083,25.8929435,0 74.5320545,25.894693,0 74.5292116,25.8957135,0 74.5297583,25.8972079,0 74.5314714,25.8966612,0 74.5322914,25.8984836,0 74.5315078,25.8985565,0 74.5310886,25.8997775,0 74.531362,25.9032765,0 74.5273527,25.9031125,0 74.5246556,25.9118782,0 74.5150151,25.9159604,0 74.5076344,25.9192772,0 74.4973013,25.9217374,0 74.4909047,25.923815,0 74.4842529,25.9280247,0 74.4762343,25.9261284,0 74.4738416,25.9184141,0 74.4720677,25.9145982,0 74.4694532,25.9094606,0 74.4678058,25.9070306,0 74.4663023,25.9069395,0 74.4682739,25.9031314,0 74.4681794,25.8998043,0 74.4685501,25.8970205,0 74.4692728,25.8942465,0 74.4769857,25.883943,0 74.4641095,25.8817805,0 74.457929,25.87761,0 74.4558688,25.8786912,0 74.4517484,25.8822439,0 74.447113,25.881935,0 74.4419625,25.8791546,0 74.4376705,25.8756019,0 74.4393873,25.8705042,0 74.4419625,25.8664878,0 74.447113,25.8650974,0 74.4515767,25.8627802,0 74.4568989,25.8593814,0 74.4562122,25.8541286,0 74.4488298,25.8397594,0 74.4459112,25.8303335,0 74.4376705,25.8216795,0 74.4278846,25.8260066,0 74.4134633,25.8120976,0 74.4052225,25.8068427,0 74.4026473,25.8097793,0 74.3985269,25.8137977,0 74.3940632,25.8137977,0 74.3839339,25.8150341,0 74.3837622,25.8113249,0 74.3846206,25.8046788,0 74.3877109,25.801433,0 74.3932048,25.7997327,0 74.4009305,25.7974142,0 74.4045358,25.7903036,0 74.4126049,25.7836565,0 74.4119181,25.7799462,0 74.4088278,25.7737623,0 74.4072827,25.7666503,0 74.4069393,25.7620119,0 74.4062526,25.7566001,0 74.4045358,25.7473222,0 74.3933764,25.7446933,0 74.381702,25.7420644,0 74.3866808,25.7518066,0 74.3823888,25.7550538,0 74.3708861,25.7564455,0 74.369856,25.7658773,0 74.3834189,25.7677326,0 74.3959517,25.7680418,0 74.3986986,25.7717524,0 74.3985269,25.7776273,0 74.3918313,25.7876757,0 74.3835905,25.7816468,0 74.381187,25.7839656,0 74.37741,25.7875211,0 74.3717445,25.7957139,0 74.3580099,25.7881395,0 74.3513143,25.7818014,0 74.3392965,25.779637,0 74.330369,25.7807192,0 74.3250469,25.7794824,0 74.3138875,25.7779365,0 74.3207548,25.760311,0 74.3145743,25.7576825,0 74.3095955,25.7566001,0 74.3027282,25.7533529,0 74.3030715,25.7493325,0 74.3008397,25.7442294,0 74.2939724,25.7440748,0 74.2938007,25.7511881,0 74.2879635,25.751652,0 74.2774909,25.7531983,0 74.2711386,25.7502603,0 74.2673616,25.737889,0 74.2583055,25.7289575,0 74.2453453,25.721246,0 74.2433779,25.723914,0 74.2434227,25.7296381,0 74.2449353,25.7345951,0 74.2463385,25.738003,0 74.247924,25.7404268,0 74.2500198,25.741502,0 74.2499287,25.7428688,0 74.2491997,25.7441991,0 74.2441699,25.7427777,0 74.2388302,25.7411193,0 74.2368256,25.740773,0 74.2323972,25.7392422,0 74.2251987,25.7356156,0 74.2227202,25.7344128,0 74.2228113,25.7336474,0 74.2220095,25.7331007,0 74.2211712,25.733283,0 74.2207702,25.7334287,0 74.2171437,25.7329002,0 74.2155035,25.7326998,0 74.2111297,25.7314606,0 74.2068289,25.7277246,0 74.2030201,25.7229317,0 74.200979,25.7215285,0 74.1992841,25.720435,0 74.1989926,25.718722,0 74.1985734,25.7169725,0 74.1963865,25.7122342,0 74.1920128,25.7093913,0 74.1902997,25.7099015,0 74.1872927,25.7083707,0 74.1872563,25.7124347,0 74.1850147,25.7136192,0 74.182354,25.7158061,0 74.1799849,25.7182664,0 74.1790737,25.7198336,0 74.1781261,25.7228406,0 74.1772513,25.7276882,0 74.1760485,25.7318068,0 74.1744022,25.7356508,0 74.1726922,25.7339519,0 74.1712374,25.7322988,0 74.1695699,25.7310778,0 74.1682851,25.7308409,0 74.1643123,25.7294012,0 74.1638384,25.7298751,0 74.1623623,25.7305493,0 74.1612324,25.7312236,0 74.1597198,25.73239,0 74.1572049,25.7333194,0 74.1534325,25.732554,0 74.1513732,25.7316063,0 74.1498606,25.731169,0 74.1484756,25.7312236,0 74.1470177,25.7308774,0 74.1459242,25.7289639,0 74.1452864,25.7279798,0 74.1444299,25.7267952,0 74.1439378,25.7266312,0 74.1432453,25.7267405,0 74.1420972,25.7267952,0 74.1394183,25.7258658,0 74.137523,25.7244808,0 74.1364842,25.7241163,0 74.134352,25.7238794,0 74.1285932,25.7225672,0 74.1228891,25.7223485,0 74.1194812,25.7218565,0 74.1167294,25.7206719,0 74.1152897,25.7198701,0 74.1138318,25.7197607,0 74.1123374,25.7205079,0 74.1093851,25.7221845,0 74.107745,25.7220934,0 74.1049931,25.720836,0 74.1023142,25.7191047,0 74.1010932,25.7187402,0 74.1007105,25.7172458,0 74.1000909,25.7158244,0 74.0989428,25.7147309,0 74.0969381,25.7135099,0 74.0954255,25.7129996,0 74.0946237,25.7126898,0 74.0940223,25.7116875,0 74.0934027,25.7109221,0 74.0925826,25.7103936,0 74.091963,25.7097375,0 74.0913433,25.709045,0 74.0910153,25.7086988,0 74.0903775,25.708389,0 74.0896485,25.7080427,0 74.0889742,25.7076418,0 74.0882635,25.707332,0 74.08717,25.7074778,0 74.0866598,25.7071315,0 74.0866233,25.7060927,0 74.0856575,25.7058923,0 74.0850925,25.7050722,0 74.0843453,25.7043068,0 74.0837439,25.7027395,0 74.0838351,25.7016278,0 74.0840902,25.701318,0 74.0844729,25.7009171,0 74.0846369,25.6999877,0 74.0848374,25.6993498,0 74.0851107,25.698712,0 74.0857121,25.6974728,0 74.0856575,25.6967985,0 74.0846005,25.6949396,0 74.0826687,25.6916229,0 74.0818486,25.6891809,0 74.0814295,25.6863926,0 74.0807187,25.6841146,0 74.0802267,25.6830394,0 74.0797893,25.6825655,0 74.0793337,25.682037,0 74.0797529,25.677882,0 74.0818669,25.6758409,0 74.0830514,25.6760231,0 74.0848556,25.676096,0 74.0858944,25.6760413,0 74.0886826,25.6744559,0 74.0916714,25.6732895,0 74.0946419,25.669827,0 74.097011,25.6668929,0 74.098068,25.6655808,0 74.0988334,25.6634668,0 74.10051,25.6619177,0 74.1033347,25.6601865,0 74.1063964,25.6581089,0 74.1076356,25.6578538,0 74.1089113,25.6579449,0 74.1099865,25.6586374,0 74.1121187,25.6586921,0 74.1157635,25.6585281,0 74.1170392,25.6578902,0 74.1187887,25.6562683,0 74.1198457,25.6546464,0 74.119955,25.6528786,0 74.1198821,25.6515847,0 74.1213947,25.6511656,0 74.1226522,25.6506917,0 74.1255498,25.6489422,0 74.1275362,25.6469923,0 74.1260965,25.6464638,0 74.1254222,25.6459535,0 74.1238185,25.6448054,0 74.1219779,25.6430559,0 74.1187158,25.639812,0 74.1167841,25.6377709,0 74.1164378,25.634928,0 74.1160733,25.6320668,0 74.1149434,25.629315,0 74.1134855,25.6273103,0 74.114178,25.6240482,0 74.1150163,25.6207679,0 74.115563,25.6151549,0 74.115964,25.6137335,0 74.1176588,25.6115101,0 74.1183695,25.6093415,0 74.1190256,25.6064985,0 74.1175859,25.6062252,0 74.114579,25.6058789,0 74.1110799,25.6048948,0 74.1099501,25.6040383,0 74.1090206,25.6029631,0 74.1082734,25.6010678,0 74.1073258,25.5978421,0 74.1060501,25.5946711,0 74.1051936,25.5932132,0 74.1041548,25.5919193,0 74.1014212,25.5911357,0 74.0993437,25.5908077,0 74.0974302,25.5911539,0 74.0953891,25.5921927,0 74.093184,25.5937964,0 74.0903592,25.5957828,0 74.0890836,25.5950539,0 74.0882453,25.5935413,0 74.0843635,25.5860694,0 74.0831972,25.5834634,0 74.0816117,25.5837003,0 74.0797347,25.5837003,0 74.0766183,25.5834816,0 74.0739759,25.5833358,0 74.0709142,25.5828255,0 74.0663765,25.5820419,0 74.0655564,25.581641,0 74.0629321,25.5797092,0 74.0617293,25.5781055,0 74.0598887,25.5758457,0 74.0582303,25.5744789,0 74.0556061,25.5731304,0 74.0546037,25.572365,0 74.0545308,25.5691758,0 74.0550047,25.5660777,0 74.058777,25.5645286,0 74.0602714,25.5634899,0 74.0627499,25.5618497,0 74.0643536,25.5618133,0 74.0663947,25.5619408,0 74.0665405,25.5637268,0 74.0709507,25.5619044,0 74.0725544,25.5604282,0 74.075288,25.5606469,0 74.0793702,25.5596446,0 74.0841266,25.558296,0 74.0838168,25.5560727,0 74.0826869,25.5513345,0 74.0820309,25.5481088,0 74.080336,25.5445187,0 74.0788234,25.5416028,0 74.0778758,25.5385412,0 74.0799351,25.5339305,0 74.0810286,25.5296479,0 74.0817575,25.5273699,0 74.0840355,25.5244358,0 74.0857303,25.5238527,0 74.0941134,25.5207181,0 74.0938036,25.5195336,0 74.095298,25.5189504,0 74.0960451,25.5188957,0 74.0998904,25.5159799,0 74.1015123,25.5148135,0 74.1038268,25.5142304,0 74.104173,25.5130094,0 74.1026969,25.5125902,0 74.1019133,25.5122622,0 74.1004736,25.5116426,0 74.0984325,25.5123351,0 74.0979769,25.5118795,0 74.098068,25.5107678,0 74.0992161,25.509073,0 74.0978493,25.5085627,0 74.0977946,25.5075239,0 74.0969017,25.5068132,0 74.0953344,25.5054646,0 74.0921634,25.5053371,0 74.0912158,25.505738,0 74.0898308,25.5056833,0 74.0894298,25.5053553,0 74.0885733,25.5049544,0 74.0873158,25.5044988,0 74.0874981,25.5031684,0 74.0866233,25.5008357,0 74.0856028,25.5010726,0 74.0835617,25.4999245,0 74.0846369,25.4991227,0 74.086514,25.4977559,0 74.090341,25.4951134,0 74.092455,25.4955325,0 74.0930928,25.4980839,0 74.0952068,25.4973732,0 74.0934391,25.492234,0 74.0924915,25.4917966,0 74.0888649,25.492963,0 74.0868238,25.4932728,0 74.0852019,25.4929447,0 74.0840537,25.492398,0 74.0830332,25.4918695,0 74.078459,25.492562,0 74.076837,25.4929083,0 74.0766183,25.4923251,0 74.0761627,25.4917602,0 74.0757436,25.4918877,0 74.0755431,25.492726,0 74.074723,25.4929447,0 74.0748688,25.4938559,0 74.073502,25.4934732,0 74.0721535,25.4923251,0 74.070896,25.4909401,0 74.0691647,25.4884252,0 74.0679073,25.488571,0 74.064791,25.4895368,0 74.0623854,25.4906303,0 74.0607452,25.491341,0 74.0593238,25.4924709,0 74.0589228,25.492726,0 74.0565173,25.4933821,0 74.0551687,25.4950041,0 74.0545126,25.4949858,0 74.0514874,25.4947307,0 74.0503211,25.4957512,0 74.0485898,25.4966989,0 74.0461843,25.4982844,0 74.0424119,25.4987582,0 74.0422479,25.495241,0 74.0392591,25.4939835,0 74.0354321,25.488006,0 74.0373456,25.4869855,0 74.0406806,25.486293,0 74.0386942,25.4818645,0 74.0375278,25.4792038,0 74.0369811,25.4773632,0 74.0376554,25.473281,0 74.0398423,25.4721147,0 74.040954,25.471732,0 74.044289,25.4712582,0 74.0455464,25.4707297,0 74.0479155,25.4688526,0 74.0441432,25.4664653,0 74.0449086,25.4656452,0 74.0470955,25.4665382,0 74.0485169,25.4663377,0 74.0504304,25.4656634,0 74.0522893,25.4640961,0 74.0532916,25.4625653,0 74.0500842,25.4604331,0 74.0468768,25.4602873,0 74.0427581,25.4600686,0 74.0395872,25.4602144,0 74.0384755,25.4620368,0 74.0367624,25.4637134,0 74.0354321,25.463513,0 74.0338284,25.4634218,0 74.0324069,25.4636588,0 74.0303476,25.4636588,0 74.0275593,25.4635859,0 74.0280149,25.4627293,0 74.0290537,25.462055,0 74.0282154,25.4605425,0 74.028999,25.4597041,0 74.029728,25.4591757,0 74.029728,25.4584102,0 74.029728,25.4576631,0 74.0293088,25.4574626,0 74.0286345,25.4576084,0 74.0276504,25.4579729,0 74.0268668,25.4582645,0 74.0262654,25.4572439,0 74.0254818,25.4567336,0 74.0242425,25.4557678,0 74.0236229,25.4545832,0 74.0235318,25.4535627,0 74.0231673,25.4528155,0 74.0224019,25.4530706,0 74.0220192,25.4535262,0 74.0213085,25.4540912,0 74.0210351,25.4525968,0 74.0194314,25.4526697,0 74.0188118,25.4526697,0 74.0179006,25.4526515,0 74.0169529,25.4526332,0 74.0152763,25.4525239,0 74.0147843,25.4521412,0 74.0155315,25.4517585,0 74.0161146,25.4514669,0 74.0167343,25.4511753,0 74.0180828,25.4512118,0 74.0194314,25.4514851,0 74.0202515,25.4516309,0 74.0207982,25.4514851,0 74.0203608,25.4498267,0 74.0198688,25.4477128,0 74.0198141,25.4459632,0 74.019158,25.445453,0 74.0184109,25.4453072,0 74.0177001,25.445781,0 74.0170076,25.4385096,0 74.017281,25.4371793,0 74.019065,25.4366966,0 74.0262107,25.4351017,0 74.0277247,25.4359567,0 74.030211,25.4367732,0 74.0319062,25.4376662,0 74.03411,25.4385847,0 74.0393665,25.439321,0 74.0427035,25.438619,0 74.0485898,25.4381998,0 74.0525991,25.4378171,0 74.0567906,25.4369424,0 74.0578112,25.437398,0 74.0582485,25.4379994,0 74.0590322,25.4393479,0 74.0597976,25.438947,0 74.061292,25.4372613,0 74.0624482,25.4363394,0 74.0634562,25.4350382,0 74.0651008,25.433334,0 74.0652283,25.4320766,0 74.0650643,25.4304182,0 74.0644994,25.4291789,0 74.0624218,25.4267916,0 74.0606359,25.4253701,0 74.0594513,25.4244771,0 74.0579934,25.4234019,0 74.0563897,25.417716,0 74.061055,25.4150189,0 74.0623125,25.4155656,0 74.0683811,25.4146726,0 74.0736661,25.4128867,0 74.0767641,25.4117568,0 74.0765819,25.4086587,0 74.0750329,25.406162,0 74.0728824,25.4043214,0 74.071461,25.4032462,0 74.0701124,25.4024261,0 74.0669596,25.4051232,0 74.0610186,25.4023714,0 74.0599434,25.4021527,0 74.0586859,25.4025172,0 74.0566084,25.4022985,0 74.0552598,25.4016971,0 74.0543668,25.4002939,0 74.0533463,25.3985262,0 74.0522346,25.3969589,0 74.0513963,25.395665,0 74.0502482,25.3953187,0 74.0483165,25.3952823,0 74.0461478,25.3957743,0 74.0418834,25.3969224,0 74.0395143,25.3983621,0 74.0380928,25.3959383,0 74.0353551,25.391356,0 74.0353,25.3913094,0 74.0340534,25.3900103,0 74.0308653,25.3860661,0 74.0287894,25.3886214,0 74.026475,25.3908265,0 74.0234225,25.3927309,0 74.0222744,25.3920384,0 74.0209531,25.3914643,0 74.0201604,25.3916101,0 74.0194679,25.391765,0 74.0181922,25.3926762,0 74.0172992,25.3921113,0 74.0174997,25.3912821,0 74.0126248,25.3886852,0 74.0125427,25.3881385,0</coordinates></LinearRing></outerBoundaryIs><innerBoundaryIs><LinearRing><coordinates>74.1277002,25.6698087,0 74.1283016,25.6706653,0 74.1292128,25.6712484,0 74.1307983,25.675768,0 74.1356824,25.6766063,0 74.1397827,25.6777726,0 74.1419332,25.6789754,0 74.1444116,25.6810894,0 74.1468901,25.6829483,0 74.1490041,25.6846978,0 74.1504985,25.684151,0 74.1538152,25.6820371,0 74.1579338,25.6790119,0 74.1575694,25.6697541,0 74.1565488,25.6686242,0 74.1519564,25.6681139,0 74.1484209,25.6673485,0 74.1478377,25.6661822,0 74.1456144,25.6664555,0 74.1428626,25.6666378,0 74.1370674,25.6670387,0 74.1346983,25.6668018,0 74.1322745,25.6665284,0 74.1294315,25.6668382,0 74.1283199,25.667713,0 74.1278096,25.6688611,0 74.1277002,25.6698087,0</coordinates></LinearRing></innerBoundaryIs></Polygon>
    </Placemark>
  </Folder>
  <Folder><name>Fire Incidents</name>
    <Placemark><name>Fire 2018-02-08</name>
      <description>Brightness: 392.9</description>
      <styleUrl>#firepoint</styleUrl>
      <Point><coordinates>74.5948,25.3313,0</coordinates></Point>
    </Placemark>
    <Placemark><name>Fire 2018-04-19</name>
      <description>Brightness: 341.8</description>
      <styleUrl>#firepoint</styleUrl>
      <Point><coordinates>74.6478,25.2495,0</coordinates></Point>
    </Placemark>
    <Placemark><name>Fire 2018-05-13</name>
      <description>Brightness: 311.9</description>
      <styleUrl>#firepoint</styleUrl>
      <Point><coordinates>74.2734,25.4151,0</coordinates></Point>
    </Placemark>
    <Placemark><name>Fire 2018-08-28</name>
      <description>Brightness: 358.7</description>
      <styleUrl>#firepoint</styleUrl>
      <Point><coordinates>74.458,25.2252,0</coordinates></Point>
    </Placemark>
    <Placemark><name>Fire 2019-02-13</name>
      <description>Brightness: 369.8</description>
      <styleUrl>#firepoint</styleUrl>
      <Point><coordinates>74.7511,25.2915,0</coordinates></Point>
    </Placemark>
    <Placemark><name>Fire 2019-05-09</name>
      <description>Brightness: 368.7</description>
      <styleUrl>#firepoint</styleUrl>
      <Point><coordinates>74.6924,25.359,0</coordinates></Point>
    </Placemark>
    <Placemark><name>Fire 2019-05-17</name>
      <description>Brightness: 329.9</description>
      <styleUrl>#firepoint</styleUrl>
      <Point><coordinates>74.5302,25.5352,0</coordinates></Point>
    </Placemark>
    <Placemark><name>Fire 2019-06-09</name>
      <description>Brightness: 307.4</description>
      <styleUrl>#firepoint</styleUrl>
      <Point><coordinates>74.6193,25.4207,0</coordinates></Point>
    </Placemark>
    <Placemark><name>Fire 2020-01-02</name>
      <description>Brightness: 381.4</description>
      <styleUrl>#firepoint</styleUrl>
      <Point><coordinates>74.5767,25.5679,0</coordinates></Point>
    </Placemark>
    <Placemark><name>Fire 2020-01-17</name>
      <description>Brightness: 323.1</description>
      <styleUrl>#firepoint</styleUrl>
      <Point><coordinates>74.5839,25.1744,0</coordinates></Point>
    </Placemark>
    <Placemark><name>Fire 2020-02-09</name>
      <description>Brightness: 315.8</description>
      <styleUrl>#firepoint</styleUrl>
      <Point><coordinates>74.108,25.3543,0</coordinates></Point>
    </Placemark>
    <Placemark><name>Fire 2020-04-22</name>
      <description>Brightness: 369.6</description>
      <styleUrl>#firepoint</styleUrl>
      <Point><coordinates>74.2098,25.1327,0</coordinates></Point>
    </Placemark>
    <Placemark><name>Fire 2020-06-01</name>
      <description>Brightness: 364.8</description>
      <styleUrl>#firepoint</styleUrl>
      <Point><coordinates>75.4093,25.7071,0</coordinates></Point>
    </Placemark>
    <Placemark><name>Fire 2020-10-07</name>
      <description>Brightness: 307.4</description>
      <styleUrl>#firepoint</styleUrl>
      <Point><coordinates>75.3955,25.7308,0</coordinates></Point>
    </Placemark>
    <Placemark><name>Fire 2021-02-22</name>
      <description>Brightness: 354.1</description>
      <styleUrl>#firepoint</styleUrl>
      <Point><coordinates>74.576,25.392,0</coordinates></Point>
    </Placemark>
    <Placemark><name>Fire 2021-03-31</name>
      <description>Brightness: 356.7</description>
      <styleUrl>#firepoint</styleUrl>
      <Point><coordinates>74.2884,25.5218,0</coordinates></Point>
    </Placemark>
    <Placemark><name>Fire 2022-01-12</name>
      <description>Brightness: 300.9</description>
      <styleUrl>#firepoint</styleUrl>
      <Point><coordinates>74.6205,25.2229,0</coordinates></Point>
    </Placemark>
    <Placemark><name>Fire 2022-03-20</name>
      <description>Brightness: 358.4</description>
      <styleUrl>#firepoint</styleUrl>
      <Point><coordinates>74.7806,25.2627,0</coordinates></Point>
    </Placemark>
    <Placemark><name>Fire 2022-04-03</name>
      <description>Brightness: 328.6</description>
      <styleUrl>#firepoint</styleUrl>
      <Point><coordinates>74.5881,25.3647,0</coordinates></Point>
    </Placemark>
    <Placemark><name>Fire 2023-02-22</name>
      <description>Brightness: 375.1</description>
      <styleUrl>#firepoint</styleUrl>
      <Point><coordinates>75.3853,25.5938,0</coordinates></Point>
    </Placemark>
    <Placemark><name>Fire 2023-11-01</name>
      <description>Brightness: 362.2</description>
      <styleUrl>#firepoint</styleUrl>
      <Point><coordinates>74.7142,25.3971,0</coordinates></Point>
    </Placemark>
    <Placemark><name>Fire 2024-02-10</name>
      <description>Brightness: 310.1</description>
      <styleUrl>#firepoint</styleUrl>
      <Point><coordinates>74.4983,25.5792,0</coordinates></Point>
    </Placemark>
    <Placemark><name>Fire 2024-03-14</name>
      <description>Brightness: 369.3</description>
      <styleUrl>#firepoint</styleUrl>
      <Point><coordinates>74.8847,25.1988,0</coordinates></Point>
    </Placemark>
    <Placemark><name>Fire 2024-06-11</name>
      <description>Brightness: 321.1</description>
      <styleUrl>#firepoint</styleUrl>
      <Point><coordinates>74.6095,25.1643,0</coordinates></Point>
    </Placemark>
    <Placemark><name>Fire 2025-04-13</name>
      <description>Brightness: 331.6</description>
      <styleUrl>#firepoint</styleUrl>
      <Point><coordinates>74.4325,25.5892,0</coordinates></Point>
    </Placemark>
    <Placemark><name>Fire 2025-05-14</name>
      <description>Brightness: 387.7</description>
      <styleUrl>#firepoint</styleUrl>
      <Point><coordinates>74.4617,25.5722,0</coordinates></Point>
    </Placemark>
  </Folder>
</Document></kml>