<?xml version="1.0" encoding="UTF-8"?>
<kml xmlns="http://www.opengis.net/kml/2.2">
<Document>
  <name>Bikaner Forest Fire Risk Zones</name>
  <description>Forest fire density analysis for Bikaner District, Rajasthan. Generated using KDE on NASA FIRMS data (2018-2025).</description>
  <Style id="zone0">
    <PolyStyle><color>8c0000FF</color><outline>1</outline></PolyStyle>
    <LineStyle><color>e60000FF</color><width>1</width></LineStyle>
  </Style>
  <Style id="zone1">
    <PolyStyle><color>80008CFF</color><outline>1</outline></PolyStyle>
    <LineStyle><color>e6008CFF</color><width>1</width></LineStyle>
  </Style>
  <Style id="zone2">
    <PolyStyle><color>7300D7FF</color><outline>1</outline></PolyStyle>
    <LineStyle><color>e600D7FF</color><width>1</width></LineStyle>
  </Style>
  <Style id="zone3">
    <PolyStyle><color>59228B22</color><outline>1</outline></PolyStyle>
    <LineStyle><color>e6228B22</color><width>1</width></LineStyle>
  </Style>
  <Style id="boundary">
    <LineStyle><color>ccffffff</color><width>2</width></LineStyle>
    <PolyStyle><fill>0</fill></PolyStyle>
  </Style>
  <Style id="firepoint">
    <IconStyle><color>ff4444ff</color><scale>0.6</scale>
      <Icon><href>http://maps.google.com/mapfiles/kml/shapes/shaded_dot.png</href></Icon>
    </IconStyle>
  </Style>
  <Folder><name>Fire Risk Zones</name>
    <Placemark><name>Low Fire Zone</name><styleUrl>#zone0</styleUrl>
      <Polygon><extrude>0</extrude><altitudeMode>clampToGround</altitudeMode><outerBoundaryIs><LinearRing><coordinates>71.8729877,27.9034176,0 71.8776225,27.8995491,0 71.8832873,27.8979562,0 71.8853473,27.8951495,0 71.8851756,27.8784595,0 71.8934154,27.8704929,0 71.8981361,27.8743625,0 71.8994235,27.8795217,0 71.9021701,27.8825564,0 71.9162463,27.8822529,0 71.9193362,27.8745901,0 71.9220828,27.8711758,0 71.9274901,27.8717069,0 71.9329833,27.8737555,0 71.9380473,27.8766386,0 71.9401073,27.8801286,0 71.9407081,27.8838461,0 71.9401073,27.8874117,0 71.9383906,27.8893841,0 71.9349574,27.8914324,0 71.9453429,27.9060724,0 71.9541835,27.9189661,0 71.9594192,27.9250332,0 71.9621657,27.9294317,0 71.964569,27.9333749,0 71.9692039,27.9336783,0 71.9795894,27.9317066,0 71.9867133,27.9311758,0 71.9926356,27.9329958,0 72.0007896,27.9362943,0 72.0027637,27.9365597,0 72.0096731,27.9407302,0 72.0173978,27.9456209,0 72.0215606,27.9474027,0 72.0289421,27.9504734,0 72.0354223,27.945128,0 72.0422029,27.9424363,0 72.0506143,27.9384554,0 72.0673513,27.9299245,0 72.0747757,27.9231373,0 72.0787239,27.9200279,0 72.0819854,27.9103199,0 72.0885086,27.9037589,0 72.1003532,27.8971217,0 72.1172618,27.887753,0 72.1329689,27.8799768,0 72.1424102,27.8753867,0 72.1452856,27.8701515,0 72.1491909,27.8600216,0 72.1474742,27.8573278,0 72.1380114,27.8471588,0 72.1403932,27.8379756,0 72.1442985,27.827691,0 72.1490621,27.8158492,0 72.1509075,27.792921,0 72.1502637,27.7809236,0 72.1488905,27.7795946,0 72.1436119,27.7749623,0 72.1342563,27.7644439,0 72.1225404,27.7562031,0 72.1156311,27.7513419,0 72.1013832,27.7522913,0 72.0998382,27.7485694,0 72.0982074,27.749215,0 72.095375,27.7445814,0 72.0937013,27.7423405,0 72.0923709,27.7409731,0 72.0921993,27.7400995,0 72.092843,27.738884,0 72.0934438,27.7384282,0 72.0941305,27.7373647,0 72.0946884,27.7363771,0 72.0955896,27.7355414,0 72.0969629,27.7348957,0 72.0905256,27.7216762,0 72.0916843,27.7211823,0 72.092843,27.7204605,0 72.0934009,27.7190929,0 72.0937442,27.7169274,0 72.0950317,27.7149138,0 72.0972204,27.7146479,0 72.0979499,27.7139261,0 72.0989799,27.7133942,0 72.1001386,27.7117605,0 72.1051168,27.7079991,0 72.1073913,27.7098228,0 72.1093225,27.7112666,0 72.1112966,27.7124823,0 72.1140432,27.7137361,0 72.1409082,27.7137741,0 72.1472168,27.7115325,0 72.1637821,27.7056815,0 72.1855831,27.6974362,0 72.1949386,27.6912044,0 72.2101306,27.682046,0 72.2143364,27.6791197,0 72.2158384,27.6758133,0 72.2183275,27.668592,0 72.2206449,27.6605341,0 72.2321033,27.6668437,0 72.238326,27.6704544,0 72.2455787,27.6755853,0 72.2467804,27.6769155,0 72.2561788,27.6868723,0 72.2686672,27.700058,0 72.273302,27.7038577,0 72.2821855,27.7052635,0 72.2939872,27.7098228,0 72.3240709,27.6974362,0 72.3289632,27.6957643,0 72.3339414,27.6953843,0 72.3376751,27.6932944,0 72.3373317,27.6908244,0 72.3359584,27.6839081,0 72.3317098,27.674103,0 72.326045,27.6615984,0 72.3223114,27.6516012,0 72.3174619,27.6346457,0 72.3144579,27.6305395,0 72.3050594,27.6173454,0 72.2996521,27.6028947,0 72.2943735,27.5949079,0 72.2864341,27.582242,0 72.276349,27.5683954,0 72.2645044,27.5639062,0 72.2564792,27.5609387,0 72.2639036,27.558656,0 72.2757697,27.5549465,0 72.2800397,27.5533295,0 72.2909616,27.547489,0 72.2879362,27.531012,0 72.2828722,27.5293376,0 72.2843957,27.5255129,0 72.2759414,27.5174063,0 72.2613287,27.5150085,0 72.2498917,27.5132196,0 72.2475529,27.5130483,0 72.2468018,27.5124203,0 72.2465658,27.5114497,0 72.2465443,27.5034944,0 72.2465229,27.4989455,0 72.2472524,27.4966043,0 72.2483039,27.4953291,0 72.2494626,27.4936731,0 72.2503423,27.4930069,0 72.2501492,27.4921884,0 72.2496772,27.4917506,0 72.2491622,27.4909512,0 72.2423816,27.4759508,0 72.243154,27.4748276,0 72.2513723,27.4629856,0 72.2526383,27.4624905,0 72.2583675,27.4601867,0 72.2652769,27.4582827,0 72.2691822,27.461748,0 72.2827863,27.4729047,0 72.2876572,27.4763886,0 72.2889447,27.4774547,0 72.2910046,27.4836416,0 72.2938156,27.4912557,0 72.2982359,27.4939206,0 72.2979355,27.5000494,0 72.303257,27.5027521,0 72.3143077,27.5090137,0 72.3240065,27.5171589,0 72.3364305,27.5115829,0 72.3414516,27.5083285,0 72.3489618,27.5005824,0 72.3571157,27.4925501,0 72.3594331,27.494149,0 72.361021,27.5041605,0 72.3622226,27.5101746,0 72.3628449,27.521707,0 72.3657417,27.5308979,0 72.3709559,27.5359782,0 72.3756552,27.5401831,0 72.3808694,27.5461381,0 72.3817277,27.5467279,0 72.3854399,27.5487255,0 72.391169,27.5518265,0 72.3962974,27.5538621,0 72.4003529,27.5500002,0 72.4032926,27.5468611,0 72.4071765,27.5503616,0 72.4129915,27.5544708,0 72.4138284,27.5567727,0 72.4198794,27.5592837,0 72.4285483,27.5632785,0 72.4336552,27.5655231,0 72.4355221,27.5670638,0 72.4383974,27.5687758,0 72.4401355,27.573512,0 72.4425387,27.5794272,0 72.4444699,27.5839727,0 72.4463367,27.5890506,0 72.4528599,27.5899444,0 72.457366,27.5903818,0 72.4602842,27.5911425,0 72.4613571,27.5918081,0 72.4630523,27.5942043,0 72.4663996,27.5919412,0 72.4693608,27.5903438,0 72.4725795,27.5897352,0 72.4829864,27.5903438,0 72.4912691,27.5891266,0 72.4952388,27.5901536,0 72.4960327,27.5879285,0 72.4970412,27.5865022,0 72.4998951,27.5872249,0 72.502706,27.5900395,0 72.509315,27.5909143,0 72.5144648,27.5947177,0 72.5190568,27.5982358,0 72.5297212,27.6065075,0 72.5395703,27.6145124,0 72.5452566,27.6175545,0 72.5542044,27.6202543,0 72.5582599,27.6158243,0 72.5637102,27.6088273,0 72.5776577,27.6089604,0 72.5867986,27.6106336,0 72.5916481,27.6031228,0 72.5990724,27.6078956,0 72.6049304,27.600917,0 72.6174617,27.592816,0 72.6130628,27.5865402,0 72.616539,27.5816144,0 72.619586,27.5767834,0 72.6205945,27.5745391,0 72.620852,27.5730555,0 72.6292634,27.5683763,0 72.6352501,27.5651426,0 72.6385975,27.5626127,0 72.6420307,27.5549845,0 72.6431465,27.5518836,0 72.6471805,27.5432843,0 72.6491117,27.5442546,0 72.6557851,27.5363016,0 72.6629948,27.5427896,0 72.6668572,27.5462332,0 72.6662993,27.5498289,0 72.666471,27.5535387,0 72.6675224,27.5662079,0 72.668488,27.5712485,0 72.6700544,27.5757944,0 72.6721573,27.5791799,0 72.6746464,27.5820518,0 72.6778435,27.5851328,0 72.6827144,27.5934056,0 72.6903963,27.6052145,0 72.691834,27.6036552,0 72.7042794,27.5936908,0 72.7070904,27.5875672,0 72.7121544,27.5892788,0 72.7177119,27.5767644,0 72.7213383,27.5696698,0 72.722454,27.5671209,0 72.7239346,27.5597974,0 72.7236342,27.5571722,0 72.7241492,27.5563351,0 72.725265,27.5549845,0 72.7248788,27.5547562,0 72.7255654,27.5521499,0 72.726767,27.5502475,0 72.7291059,27.5488587,0 72.7340197,27.5452439,0 72.7409076,27.5410583,0 72.7454138,27.538014,0 72.7477312,27.5367773,0 72.7514648,27.5329338,0 72.7555632,27.5295849,0 72.7611851,27.52498,0 72.7651548,27.5279295,0 72.7644896,27.5287667,0 72.7703047,27.5341896,0 72.7727079,27.5359782,0 72.7730942,27.5384326,0 72.7739739,27.5402021,0 72.772944,27.5413246,0 72.7732014,27.5421998,0 72.7732658,27.5427706,0 72.7727723,27.5434745,0 72.7734804,27.544559,0 72.7737593,27.545301,0 72.7736521,27.5478123,0 72.7727294,27.5499431,0 72.7713132,27.5527016,0 72.7668929,27.5633165,0 72.7666569,27.56461,0 72.7672362,27.5651617,0 72.7688885,27.5660747,0 72.7722144,27.5671589,0 72.773931,27.5667595,0 72.7753472,27.5667595,0 72.7766347,27.5668546,0 72.7807116,27.569917,0 72.7817845,27.5671589,0 72.7851748,27.568985,0 72.7885222,27.57083,0 72.7913332,27.5707349,0 72.7937579,27.5714768,0 72.7944016,27.5707349,0 72.7957964,27.571705,0 72.7992081,27.5713246,0 72.8011179,27.5718001,0 72.8047871,27.5733218,0 72.8125334,27.5765552,0 72.815237,27.5776964,0 72.823348,27.5805113,0 72.822361,27.582242,0 72.8268456,27.5846764,0 72.8312874,27.5786474,0 72.8322959,27.579256,0 72.8370809,27.5737592,0 72.8395057,27.5714007,0 72.8409004,27.5646861,0 72.8420806,27.5596261,0 72.8430891,27.5577238,0 72.843368,27.5564112,0 72.8432607,27.5552698,0 72.8415012,27.5533865,0 72.840836,27.5523021,0 72.8406858,27.5513699,0 72.8406429,27.5444639,0 72.8412437,27.5408299,0 72.8407502,27.5387371,0 72.8390336,27.5347034,0 72.8356218,27.5302699,0 72.8321457,27.5270732,0 72.8262663,27.5220305,0 72.8261161,27.5211932,0 72.8239703,27.5199563,0 72.821095,27.5230391,0 72.8198933,27.5220876,0 72.8187132,27.5224492,0 72.8173399,27.5199944,0 72.816031,27.5211742,0 72.8133917,27.5177679,0 72.8137994,27.5167973,0 72.8140569,27.5154271,0 72.8163957,27.5145708,0 72.8164601,27.5131435,0 72.8176188,27.5124774,0 72.8174042,27.5096607,0 72.8206229,27.5072627,0 72.8179192,27.5000875,0 72.8218674,27.4982222,0 72.8192925,27.4963188,0 72.8204512,27.4940538,0 72.819314,27.4907989,0 72.8158593,27.4887622,0 72.8175759,27.4779497,0 72.8197431,27.4764457,0 72.8212452,27.4741422,0 72.8252578,27.4683546,0 72.8259229,27.4683736,0 72.8281331,27.470011,0 72.8303432,27.4697063,0 72.8341412,27.47102,0 72.8348493,27.4706011,0 72.8368878,27.4714959,0 72.8374886,27.4709819,0 72.8390121,27.4718767,0 72.8393125,27.4714959,0 72.8404712,27.4721813,0 72.8412437,27.47201,0 72.8479814,27.4742945,0 72.8494835,27.4733617,0 72.8537965,27.4768646,0 72.8564358,27.4795868,0 72.8609204,27.4788444,0 72.8703403,27.4784256,0 72.8715849,27.4773786,0 72.873795,27.4762934,0 72.8755331,27.4734568,0 72.8726792,27.4699729,0 72.8700828,27.4669077,0 72.8648686,27.4624525,0 72.8621006,27.4573687,0 72.8581738,27.4516374,0 72.8562426,27.4483241,0 72.8522301,27.4456011,0 72.8535819,27.4439253,0 72.8563499,27.4456772,0 72.8597402,27.4458867,0 72.8613925,27.4444395,0 72.8645897,27.4444585,0 72.8723788,27.4448584,0 72.8734302,27.4455439,0 72.8761124,27.4476957,0 72.8795242,27.4481908,0 72.8828931,27.449638,0 72.8836441,27.4492191,0 72.8880644,27.4509709,0 72.8887725,27.4495999,0 72.888987,27.4477719,0 72.8899741,27.439812,0 72.890532,27.4338702,0 72.8904462,27.4324418,0 72.8893089,27.427052,0 72.8891802,27.4263283,0 72.8892445,27.4248236,0 72.8954029,27.4150716,0 72.9071188,27.4269377,0 72.9073763,27.4279662,0 72.9177618,27.4374505,0 72.9223537,27.4400024,0 72.9228902,27.441583,0 72.9275036,27.4454297,0 72.9287696,27.4457915,0 72.9319882,27.4485907,0 72.9360652,27.4439824,0 72.9370308,27.4443633,0 72.9384255,27.4391645,0 72.9410863,27.4310325,0 72.9403996,27.4305564,0 72.9427814,27.4190525,0 72.9425239,27.4125001,0 72.9412579,27.4088047,0 72.9419875,27.4072998,0 72.9422664,27.404671,0 72.9425025,27.4031279,0 72.9466438,27.4033184,0 72.9501414,27.4024802,0 72.9509997,27.4023278,0 72.9530597,27.400118,0 72.9552698,27.3963078,0 72.956407,27.3951267,0 72.9605913,27.3941932,0 72.9621792,27.3929739,0 72.9634452,27.3912782,0 72.9638743,27.3888967,0 72.964046,27.3883061,0 72.9656338,27.3874678,0 72.9665565,27.3865533,0 72.9693246,27.3883442,0 72.9714918,27.3894302,0 72.9738307,27.3875059,0 72.9735517,27.3855053,0 72.9738307,27.3849338,0 72.9750967,27.3843622,0 72.9761481,27.3838096,0 72.977457,27.3832952,0 72.9786157,27.3825712,0 72.979002,27.3821901,0 72.9794526,27.3819043,0 72.9823923,27.3837906,0 72.9891944,27.3865914,0 72.9942584,27.3908019,0 72.9971123,27.3937359,0 73.0002022,27.3966889,0 73.0030131,27.3977176,0 73.0048156,27.3986702,0 73.00812,27.4019468,0 73.0139565,27.4091666,0 73.0168748,27.4109953,0 73.0230117,27.4152811,0 73.0306077,27.4201382,0 73.0336332,27.4216048,0 73.0367017,27.4205953,0 73.0395984,27.4210334,0 73.0431604,27.4218143,0 73.0453276,27.4227476,0 73.0474948,27.4241381,0 73.0477309,27.4231857,0 73.0505633,27.4234904,0 73.0530095,27.4233761,0 73.0546188,27.4245379,0 73.056035,27.4255283,0 73.0570006,27.4259664,0 73.0575585,27.4259093,0 73.0583739,27.4252617,0 73.059597,27.4246903,0 73.0602836,27.4243856,0 73.0607557,27.4242142,0 73.0637383,27.4261188,0 73.0663347,27.4251855,0 73.0682659,27.4257759,0 73.0694032,27.4267092,0 73.0713558,27.4276805,0 73.0716347,27.4285185,0 73.0716347,27.4292232,0 73.0726862,27.4294899,0 73.07554,27.4294899,0 73.0795741,27.4286138,0 73.0805826,27.428309,0 73.0816555,27.4281757,0 73.0836081,27.4255474,0 73.0853247,27.4264806,0 73.0867195,27.427471,0 73.087492,27.4284043,0 73.0890584,27.4271853,0 73.0902171,27.4276234,0 73.0915689,27.4282709,0 73.095324,27.426214,0 73.1030917,27.4221191,0 73.1094217,27.4185573,0 73.1102586,27.4170716,0 73.1109667,27.4162144,0 73.1110954,27.4151478,0 73.1112242,27.4142335,0 73.1116318,27.4135858,0 73.1124902,27.412843,0 73.1128335,27.4110524,0 73.113091,27.4093761,0 73.1133485,27.4085189,0 73.1150436,27.4070331,0 73.1163311,27.4065378,0 73.117361,27.4065378,0 73.1184554,27.4062521,0 73.1187773,27.4054139,0 73.1189489,27.4044614,0 73.1193352,27.4036804,0 73.1210732,27.4025374,0 73.1228542,27.4026707,0 73.1243562,27.4019087,0 73.1250644,27.4012229,0 73.1250214,27.4007848,0 73.1246352,27.3999846,0 73.1244206,27.3992607,0 73.1243992,27.3984987,0 73.1244206,27.3975652,0 73.1247425,27.3970127,0 73.1258368,27.3959459,0 73.1256008,27.3951838,0 73.1251287,27.3945932,0 73.1246781,27.3941169,0 73.1240344,27.3936026,0 73.1239486,27.3929167,0 73.1240773,27.3924023,0 73.1243348,27.3918879,0 73.1240344,27.3911068,0 73.1239486,27.3902494,0 73.1241846,27.3896398,0 73.1249141,27.3891063,0 73.1251716,27.388649,0 73.1246567,27.3874297,0 73.1211591,27.3834667,0 73.1218242,27.3826093,0 73.122468,27.3826283,0 73.1232834,27.3816185,0 73.1239056,27.3807992,0 73.1244635,27.38038,0 73.1252789,27.379694,0 73.1256437,27.3788557,0 73.1258368,27.3779792,0 73.1259656,27.3771217,0 73.1268668,27.3762262,0 73.125472,27.3743207,0 73.1249571,27.3729106,0 73.1253862,27.3719007,0 73.1256652,27.3711766,0 73.1258154,27.3703763,0 73.125751,27.3694997,0 73.1257295,27.3684135,0 73.1259441,27.3675751,0 73.1268024,27.3670415,0 73.1274462,27.3669081,0 73.1288838,27.3669653,0 73.1293988,27.3667938,0 73.1300211,27.3645261,0 73.1289482,27.3633445,0 73.1286692,27.3626585,0 73.128562,27.3616485,0 73.1274676,27.3606766,0 73.1268239,27.3599333,0 73.1260729,27.358828,0 73.1258368,27.3584659,0 73.1269741,27.35717,0 73.1296348,27.357189,0 73.1262231,27.3537967,0 73.1261802,27.3520814,0 73.1269955,27.3497372,0 73.1273818,27.3486889,0 73.127253,27.3475072,0 73.127017,27.3464971,0 73.1264162,27.3445149,0 73.1274461,27.3424183,0 73.1280469,27.340131,0 73.1289911,27.3395211,0 73.1292915,27.3355563,0 73.1298494,27.3317058,0 73.1300211,27.3285796,0 73.1310081,27.3226128,0 73.1315875,27.3211258,0 73.1325102,27.3202488,0 73.1312656,27.3188762,0 73.1321668,27.3182471,0 73.1306219,27.3166456,0 73.1306433,27.3163787,0 73.1312656,27.3139956,0 73.1313944,27.3128135,0 73.1316948,27.3122225,0 73.1322956,27.3113836,0 73.1327033,27.3108689,0 73.1339744,27.3095104,0 73.1371322,27.3074748,0 73.1393766,27.3056542,0 73.1404388,27.3050536,0 73.1416404,27.304434,0 73.1423807,27.3041575,0 73.1427562,27.3037952,0 73.1428957,27.3034997,0 73.1440759,27.3034139,0 73.1455886,27.3009637,0 73.1462538,27.3015453,0 73.1466508,27.3006586,0 73.1475842,27.3001438,0 73.149848,27.299343,0 73.1512427,27.2986756,0 73.1520688,27.2981608,0 73.1518435,27.2975887,0 73.1527662,27.2966544,0 73.154515,27.2954054,0 73.1578302,27.2938036,0 73.1586456,27.2935081,0 73.1601691,27.2935558,0 73.159858,27.2913438,0 73.1616819,27.2910386,0 73.1629693,27.2909719,0 73.1641495,27.2905524,0 73.1640315,27.2898373,0 73.1638491,27.2894654,0 73.1638276,27.2892175,0 73.1639671,27.2888933,0 73.1647396,27.2884833,0 73.1672501,27.2881592,0 73.1722176,27.2881306,0 73.1760263,27.2873201,0 73.1771743,27.2869578,0 73.1777322,27.2871199,0 73.1788587,27.2873106,0 73.180232,27.2873582,0 73.1812191,27.2874917,0 73.1818628,27.2878731,0 73.1822276,27.2883785,0 73.1822598,27.2897705,0 73.1819808,27.29142,0 73.1821632,27.2931267,0 73.1825066,27.2961586,0 73.1831288,27.2982466,0 73.1839442,27.2998483,0 73.1836975,27.3010305,0 73.1828821,27.3044435,0 73.1833219,27.3055112,0 73.1872809,27.308886,0 73.1875598,27.3098583,0 73.1874204,27.3113455,0 73.1869268,27.3139861,0 73.1870019,27.3146247,0 73.1875169,27.3150156,0 73.1885791,27.3155494,0 73.1909501,27.3164168,0 73.1920874,27.3171508,0 73.1926024,27.3178562,0 73.192817,27.3181136,0 73.1956816,27.3199724,0 73.1958532,27.3209732,0 73.1961,27.3212497,0 73.1976879,27.3219836,0 73.1999516,27.3238138,0 73.200767,27.3243761,0 73.2026124,27.3247193,0 73.2038677,27.3247955,0 73.2045114,27.3252816,0 73.2052946,27.3261681,0 73.2059491,27.327188,0 73.2064104,27.3271498,0 73.2068503,27.3266637,0 73.2071185,27.3264636,0 73.2076013,27.3268734,0 73.208245,27.3274167,0 73.2098436,27.328713,0 73.2121289,27.3303238,0 73.2137275,27.3318202,0 73.2167208,27.3331736,0 73.2187915,27.3347366,0 73.2197785,27.335299,0 73.2213342,27.3350798,0 73.2226324,27.3349273,0 73.2236409,27.3348129,0 73.2241452,27.3348129,0 73.2246709,27.3349463,0 73.2251966,27.3351655,0 73.2255614,27.335299,0 73.2260334,27.3353847,0 73.2277501,27.3349844,0 73.2285225,27.3343363,0 73.2286942,27.3338693,0 73.2287049,27.3333928,0 73.2285976,27.3327828,0 73.2284582,27.3322967,0 73.2286405,27.3320298,0 73.2294452,27.3316009,0 73.2298636,27.3311816,0 73.2300997,27.3306097,0 73.230443,27.3299139,0 73.2307649,27.3290752,0 73.230679,27.3284652,0 73.2306254,27.3280363,0 73.2305288,27.3278456,0 73.2301855,27.3274739,0 73.2300997,27.3270926,0 73.2301426,27.3265208,0 73.2306683,27.3255104,0 73.2309258,27.3250529,0 73.2314193,27.3243571,0 73.2316553,27.3240521,0 73.2320523,27.3239281,0 73.2325351,27.3241474,0 73.2330179,27.3244143,0 73.2337582,27.3247002,0 73.2341123,27.3247574,0 73.2345843,27.3241569,0 73.2350993,27.3234801,0 73.2352495,27.3231942,0 73.2351851,27.3229082,0 73.2349491,27.322527,0 73.2352388,27.3218693,0 73.2355177,27.3213641,0 73.2358289,27.3209923,0 73.2363868,27.3209447,0 73.2373202,27.3213545,0 73.2381248,27.3217072,0 73.2390153,27.3219455,0 73.2397878,27.3220694,0 73.2405603,27.322079,0 73.2410967,27.3218788,0 73.241322,27.3215452,0 73.2414508,27.3207826,0 73.24144,27.3191621,0 73.2413971,27.318371,0 73.2415903,27.3178848,0 73.2421482,27.3172176,0 73.2425129,27.31676,0 73.2427382,27.3164264,0 73.2446051,27.3148249,0 73.2447767,27.313681,0 73.2453561,27.3129375,0 73.2459247,27.3124418,0 73.246268,27.3120795,0 73.2465255,27.3116696,0 73.2448089,27.3099632,0 73.2427919,27.3074751,0 73.2418692,27.306741,0 73.241086,27.3062739,0 73.2406676,27.306007,0 73.2400775,27.3056638,0 73.2392514,27.305311,0 73.2391655,27.3051108,0 73.2392943,27.3046246,0 73.2394123,27.3043195,0 73.2392836,27.302737,0 73.2395089,27.3022984,0 73.2397771,27.301755,0 73.2400775,27.3011353,0 73.2407749,27.3007921,0 73.2417083,27.3004966,0 73.2422018,27.300344,0 73.2431352,27.3000103,0 73.2428992,27.2992667,0 73.2423413,27.2983705,0 73.2414293,27.2975125,0 73.2403028,27.2964732,0 73.2398951,27.2961681,0 73.2394338,27.2956438,0 73.2399166,27.295005,0 73.2406568,27.2944138,0 73.2396591,27.2927167,0 73.2433283,27.2897991,0 73.2438326,27.2890936,0 73.2448304,27.2887122,0 73.2455599,27.2884357,0 73.2463539,27.2880066,0 73.2464826,27.2878827,0 73.2462573,27.2856038,0 73.2478452,27.2866717,0 73.2497334,27.2844977,0 73.2492399,27.2835824,0 73.2498407,27.2831819,0 73.2514715,27.2843452,0 73.2517075,27.2839256,0 73.2515359,27.2829149,0 73.2536387,27.2808552,0 73.2549047,27.2792342,0 73.2569647,27.2759348,0 73.2608914,27.2689353,0 73.2607627,27.2675048,0 73.2594323,27.2659217,0 73.2582092,27.2636328,0 73.2572007,27.262126,0 73.2578444,27.2605238,0 73.2586384,27.2599897,0 73.2593465,27.2600087,0 73.2599473,27.2589406,0 73.2603121,27.2580059,0 73.2607627,27.257262,0 73.2611275,27.2564608,0 73.2614064,27.2556978,0 73.2617283,27.2550683,0 73.2624793,27.25524,0 73.2644963,27.2553545,0 73.2667494,27.2515012,0 73.2679724,27.2501086,0 73.2688951,27.2494219,0 73.2710624,27.2483154,0 73.2727146,27.2468847,0 73.2738304,27.2456256,0 73.2764053,27.2433936,0 73.2765341,27.2417529,0 73.2768988,27.2408181,0 73.2773709,27.2408181,0 73.2783794,27.2406273,0 73.2791734,27.2399978,0 73.2799673,27.2395781,0 73.2805252,27.2391583,0 73.2813835,27.2382426,0 73.2826924,27.2377275,0 73.283143,27.2369643,0 73.2834863,27.2362012,0 73.2837009,27.2359532,0 73.2854819,27.2357051,0 73.2865977,27.2352473,0 73.2877564,27.2345032,0 73.2880783,27.234217,0 73.2888937,27.2325571,0 73.2900524,27.2324426,0 73.2910824,27.2300386,0 73.292005,27.2289129,0 73.2927131,27.2283214,0 73.2934427,27.2273865,0 73.2942796,27.2263753,0 73.2957816,27.2248107,0 73.2972622,27.223227,0 73.298893,27.2188956,0 73.2999658,27.2164149,0 73.3005023,27.2151937,0 73.302691,27.2119496,0 73.3043217,27.2096788,0 73.3065748,27.2075796,0 73.3071327,27.2062438,0 73.3075189,27.2042018,0 73.3077335,27.2028468,0 73.3077335,27.201988,0 73.3079481,27.2012819,0 73.3084416,27.2004994,0 73.3088064,27.2000605,0 73.3107805,27.2003467,0 73.3116603,27.1993734,0 73.3127546,27.1981329,0 73.3133125,27.1972359,0 73.3136987,27.1965488,0 73.3144712,27.1955754,0 73.3159089,27.1964725,0 73.316853,27.197274,0 73.3173895,27.1976939,0 73.3181619,27.1966251,0 73.3187198,27.1959762,0 73.3192992,27.1955182,0 73.3194494,27.1952892,0 73.3219707,27.1954132,0 73.3231294,27.1956899,0 73.3241486,27.1959094,0 73.3249426,27.1950887,0 73.3257472,27.1948979,0 73.32829,27.191262,0 73.3269703,27.1895633,0 73.3260262,27.188399,0 73.3257043,27.1878169,0 73.3260155,27.1868434,0 73.3262837,27.1862995,0 73.3267021,27.1854405,0 73.3260906,27.1845243,0 73.327142,27.1829592,0 73.3312297,27.1854596,0 73.3310687,27.1871679,0 73.3311653,27.1881509,0 73.3328926,27.1890193,0 73.3370018,27.1906703,0 73.3361542,27.1917582,0 73.3359611,27.1923785,0 73.3378279,27.1936859,0 73.339051,27.1949742,0 73.339448,27.1955086,0 73.3395338,27.1960048,0 73.3394158,27.1965297,0 73.3395016,27.1970259,0 73.3395982,27.1971404,0 73.3407462,27.1975985,0 73.3412504,27.198276,0 73.3448124,27.2003944,0 73.3456492,27.2006902,0 73.3445334,27.2020739,0 73.3440077,27.2028182,0 73.3440828,27.2033811,0 73.3441472,27.2037628,0 73.3440077,27.2041445,0 73.3491468,27.2077227,0 73.3520114,27.2095738,0 73.3520973,27.2102608,0 73.3508313,27.2111482,0 73.3497906,27.2119019,0 73.3495009,27.2125984,0 73.3495653,27.2129706,0 73.3495867,27.2132473,0 73.3491039,27.2141155,0 73.3483422,27.2138102,0 73.3478594,27.2136957,0 73.3471298,27.2142682,0 73.3464539,27.2145639,0 73.3457887,27.2142205,0 73.3443618,27.2157757,0 73.3435893,27.2159188,0 73.3428705,27.2163195,0 73.3414006,27.2174263,0 73.3405423,27.218428,0 73.3400381,27.2188383,0 73.3381498,27.2191054,0 73.3355749,27.2195062,0 73.3365619,27.2209468,0 73.3375704,27.2221298,0 73.3378279,27.223227,0 73.337388,27.2253735,0 73.337152,27.2287984,0 73.3376026,27.2309258,0 73.3383429,27.2335778,0 73.3389223,27.2361249,0 73.338933,27.2377656,0 73.3389115,27.2387291,0 73.3388579,27.2394827,0 73.3387399,27.2399787,0 73.3398235,27.2406178,0 73.3403921,27.2412378,0 73.3407462,27.2417815,0 73.3416581,27.2422012,0 73.3421838,27.2425351,0 73.3428705,27.2432028,0 73.343246,27.2450056,0 73.3460033,27.2487256,0 73.3480203,27.2511864,0 73.3509385,27.2538475,0 73.3607983,27.2623167,0 73.3639097,27.2656165,0 73.3694029,27.2692976,0 73.3765268,27.273322,0 73.3770633,27.2707949,0 73.3767736,27.2692976,0 73.3767736,27.2686205,0 73.3768487,27.2682391,0 73.3778357,27.268487,0 73.3788657,27.2688399,0 73.3791876,27.2692595,0 73.3791017,27.2697363,0 73.3791554,27.2700701,0 73.3799708,27.2708425,0 73.3806252,27.2713384,0 73.3813226,27.2716436,0 73.3819342,27.2719678,0 73.3824062,27.2721681,0 73.3858502,27.2738083,0 73.388071,27.2752673,0 73.3884251,27.2756964,0 73.3883607,27.2764784,0 73.3887362,27.2770219,0 73.3890474,27.2773366,0 73.3919763,27.2795107,0 73.3931243,27.2805406,0 73.3931136,27.2813129,0 73.3932745,27.2817611,0 73.3937251,27.2821139,0 73.3966863,27.2839542,0 73.4002483,27.286071,0 73.4037459,27.2877778,0 73.4058487,27.288531,0 73.4075868,27.289761,0 73.4097004,27.2909242,0 73.4098184,27.2919349,0 73.4101295,27.2924402,0 73.4126347,27.2936225,0 73.4141314,27.294595,0 73.4148985,27.295167,0 73.4151506,27.2957153,0 73.4157729,27.2963207,0 73.4179723,27.2977079,0 73.4197319,27.2985564,0 73.4229505,27.2998912,0 73.4250641,27.3008255,0 73.4280521,27.3017693,0 73.4293073,27.3028132,0 73.4313351,27.3045388,0 73.4330517,27.3055827,0 73.4347308,27.3065647,0 73.4354067,27.3068125,0 73.4367649,27.307093,0 73.4378293,27.309677,0 73.4383678,27.3121081,0 73.4389472,27.3128898,0 73.4455561,27.3138049,0 73.4458565,27.3124132,0 73.4514999,27.313252,0 73.4556198,27.3147773,0 73.4592032,27.3163215,0 73.4657049,27.3181517,0 73.4707904,27.3193147,0 73.4727859,27.3197341,0 73.4755754,27.3203823,0 73.4773135,27.3210495,0 73.4785366,27.3216786,0 73.4826779,27.323299,0 73.4891581,27.3256629,0 73.4924197,27.3267305,0 73.4948659,27.3281411,0 73.4956383,27.3291514,0 73.4914541,27.3345651,0 73.4880852,27.3403216,0 73.4879136,27.3423229,0 73.4860682,27.349032,0 73.4857678,27.3519671,0 73.4857678,27.355531,0 73.4867978,27.3579132,0 73.4881711,27.3590948,0 73.4904241,27.3600858,0 73.4949732,27.3610768,0 73.4974408,27.3623727,0 73.5003161,27.3649072,0 73.5055733,27.3668509,0 73.5102296,27.3686231,0 73.5121608,27.3690805,0 73.5124826,27.3683564,0 73.5181045,27.3703572,0 73.5213661,27.3715958,0 73.5193491,27.3758641,0 73.5172891,27.3787985,0 73.5167956,27.3820948,0 73.5158086,27.3820758,0 73.5150575,27.382533,0 73.5128903,27.3859817,0 73.5117531,27.3856578,0 73.5106158,27.3873344,0 73.5077834,27.3854291,0 73.506217,27.3849909,0 73.5055733,27.3851052,0 73.5047149,27.3860198,0 73.5029125,27.3856006,0 73.5021615,27.386458,0 73.5023331,27.3880584,0 73.5019898,27.3896017,0 73.5017109,27.3911639,0 73.5000801,27.3913163,0 73.499608,27.3945361,0 73.5002517,27.3983844,0 73.5011315,27.4046138,0 73.501389,27.4068997,0 73.5010671,27.408938,0 73.5002732,27.4094333,0 73.4996295,27.4115858,0 73.500025,27.412597,0 73.5001659,27.4129572,0 73.501153,27.4144239,0 73.5010242,27.4157573,0 73.5029125,27.417624,0 73.5033631,27.4184049,0 73.502419,27.421262,0 73.5028267,27.423319,0 73.5030842,27.4246903,0 73.5026121,27.4257569,0 73.5018825,27.4267282,0 73.5022044,27.4282138,0 73.5026765,27.4303088,0 73.502419,27.4339083,0 73.5057294,27.4356982,0 73.5098862,27.4379457,0 73.5158515,27.4417163,0 73.5181904,27.4423638,0 73.5189843,27.4430684,0 73.5194305,27.4442203,0 73.5194564,27.4442871,0 73.5208726,27.4448774,0 73.5219025,27.4457153,0 73.516581,27.4512946,0 73.5212588,27.4532369,0 73.5171604,27.4575782,0 73.5183722,27.458523,0 73.5222888,27.4615766,0 73.5191774,27.4680119,0 73.5248637,27.4714579,0 73.5245633,27.4731713,0 73.5255503,27.4749037,0 73.524456,27.477607,0 73.5266661,27.4793774,0 73.5275244,27.4813763,0 73.5276961,27.4829753,0 73.530271,27.4857546,0 73.5390258,27.4911034,0 73.5415792,27.4938063,0 73.5417723,27.4949484,0 73.543961,27.4963188,0 73.5467934,27.4965472,0 73.549025,27.4954433,0 73.5506344,27.4951197,0 73.5517287,27.4950626,0 73.5525226,27.4945677,0 73.5529947,27.4939967,0 73.5532737,27.4938825,0 73.5539174,27.4941299,0 73.5544324,27.4931782,0 73.5545826,27.4925881,0 73.5549259,27.4921123,0 73.5560632,27.49196,0 73.5571146,27.491941,0 73.5582948,27.491941,0 73.5594749,27.4922455,0 73.5602045,27.4925881,0 73.5613632,27.4928737,0 73.5625863,27.4920933,0 73.5639381,27.4916745,0 73.5652256,27.4913128,0 73.5661483,27.4907037,0 73.5669207,27.4900185,0 73.5676074,27.489219,0 73.5685515,27.4878675,0 73.5706973,27.484936,0 73.5710406,27.4844411,0 73.5761475,27.4874487,0 73.5777569,27.4834703,0 73.5781431,27.4826707,0 73.5786366,27.4816618,0 73.5828423,27.4840604,0 73.5871339,27.4858878,0 73.5901594,27.4867634,0 73.5909104,27.4867063,0 73.5927772,27.4823471,0 73.5935926,27.4824423,0 73.5941076,27.4835464,0 73.5950947,27.4844411,0 73.5971331,27.4853929,0 73.5991072,27.4860591,0 73.6019397,27.4865921,0 73.6038494,27.4868967,0 73.6049866,27.487049,0 73.6067247,27.4880388,0 73.6072826,27.4873726,0 73.6086988,27.4882863,0 73.610909,27.4887241,0 73.6113381,27.4895997,0 73.61166,27.4902659,0 73.6128831,27.4905895,0 73.6132478,27.4911986,0 73.6127543,27.4916935,0 73.6123037,27.491941,0 73.6118102,27.4923026,0 73.6121106,27.494168,0 73.6112737,27.4943583,0 73.6104798,27.4945296,0 73.6105013,27.4952149,0 73.6114883,27.4960333,0 73.6120677,27.496395,0 73.6133337,27.4973276,0 73.6136555,27.4979938,0 73.6135053,27.4990216,0 73.6133766,27.4999542,0 73.6140203,27.5017053,0 73.6135912,27.5025427,0 73.6144709,27.5031518,0 73.6142993,27.503875,0 73.615222,27.5043318,0 73.615694,27.5049599,0 73.6153078,27.5071866,0 73.6173677,27.5087472,0 73.6217022,27.5125345,0 73.6257577,27.5157887,0 73.6277318,27.5168735,0 73.6288261,27.5175776,0 73.6267662,27.5213455,0 73.6237621,27.52694,0 73.6159515,27.537957,0 73.6200714,27.5412295,0 73.6210584,27.5397455,0 73.6254787,27.5409632,0 73.626337,27.5405826,0 73.6292553,27.5424852,0 73.6323452,27.5433985,0 73.6325168,27.5448444,0 73.6370229,27.5475079,0 73.6395549,27.5492963,0 73.6412715,27.550628,0 73.6435031,27.5550796,0 73.6490392,27.5591126,0 73.6512708,27.56033,0 73.6535883,27.5625366,0 73.6548757,27.5630693,0 73.6566352,27.5647812,0 73.6576223,27.5656182,0 73.6597251,27.5656563,0 73.6599397,27.5651997,0 73.6627721,27.5658845,0 73.66333,27.5658084,0 73.6641454,27.5652758,0 73.66539,27.5653519,0 73.6658191,27.5629171,0 73.6672782,27.5615094,0 73.6680507,27.5601398,0 73.6687374,27.5593789,0 73.6692953,27.5589984,0 73.6706256,27.558656,0 73.6707544,27.5570581,0 73.6723852,27.5563352,0 73.6747884,27.5549655,0 73.6754751,27.5535577,0 73.6786937,27.5543948,0 73.6797237,27.5539762,0 73.6807107,27.5531392,0 73.6813545,27.5525685,0 73.6819553,27.5514651,0 73.6825132,27.5510085,0 73.6835861,27.5509704,0 73.6850452,27.5493343,0 73.6856031,27.5480026,0 73.6863327,27.5466708,0 73.6869335,27.5463284,0 73.6889076,27.5462903,0 73.6886072,27.5439312,0 73.6893367,27.5427896,0 73.690238,27.5419525,0 73.6911821,27.5411915,0 73.6923408,27.5403163,0 73.6938428,27.5391747,0 73.6943149,27.5382234,0 73.6948299,27.5363968,0 73.6962032,27.5349888,0 73.6973619,27.5316019,0 73.6984777,27.5305744,0 73.7001514,27.5293566,0 73.7010097,27.5273777,0 73.7021255,27.5253226,0 73.7040138,27.5217832,0 73.7045717,27.5195377,0 73.7061166,27.519728,0 73.7103653,27.5202608,0 73.7113094,27.5202608,0 73.7138843,27.5193854,0 73.7171888,27.5194235,0 73.7207508,27.5199944,0 73.7240552,27.522316,0 73.7271452,27.5202227,0 73.7332391,27.5224682,0 73.7343549,27.5219735,0 73.7369299,27.5241047,0 73.7401914,27.5257032,0 73.7430667,27.526959,0 73.7451696,27.5277582,0 73.7455988,27.528291,0 73.74444,27.5300416,0 73.7440538,27.5313355,0 73.7442684,27.5328197,0 73.7468004,27.5336188,0 73.7482166,27.5343799,0 73.749504,27.5343038,0 73.7510919,27.5342658,0 73.7525081,27.535141,0 73.7541389,27.5351791,0 73.755083,27.5344941,0 73.7574434,27.5349127,0 73.7580013,27.5349888,0 73.7586879,27.5341516,0 73.7590098,27.5335237,0 73.7602544,27.5339613,0 73.7610483,27.5327055,0 73.7620568,27.533048,0 73.7634301,27.5318112,0 73.7644386,27.5306695,0 73.7655973,27.5295659,0 73.7665844,27.5288428,0 73.7678075,27.5285003,0 73.7695241,27.5286145,0 73.7707686,27.5284813,0 73.7714338,27.52831,0 73.7722277,27.5278343,0 73.7723779,27.5273206,0 73.7722277,27.5268068,0 73.7723136,27.526255,0 73.7731933,27.525627,0 73.7738371,27.5248468,0 73.7747812,27.5231723,0 73.7760258,27.5199944,0 73.7767982,27.518472,0 73.7778067,27.5183007,0 73.7783646,27.5168354,0 73.7786007,27.5160361,0 73.7791371,27.5150275,0 73.7793946,27.5145708,0 73.779459,27.5137334,0 73.7801027,27.5134099,0 73.7803387,27.5130102,0 73.7823772,27.5108217,0 73.7833643,27.509223,0 73.7844586,27.5079289,0 73.7856173,27.5069011,0 73.7870121,27.5060257,0 73.7880635,27.5054547,0 73.7887716,27.5046744,0 73.7889433,27.5043318,0 73.7890076,27.5035134,0 73.7893295,27.5022192,0 73.7905097,27.500982,0 73.7929559,27.4994594,0 73.7952733,27.4982032,0 73.7987494,27.4978415,0 73.8001227,27.498127,0 73.8001656,27.4995926,0 73.8016462,27.4999162,0 73.8025689,27.4994974,0 73.8037491,27.4989835,0 73.8054442,27.4989835,0 73.8067317,27.4991929,0 73.8079762,27.4995545,0 73.8087487,27.4983745,0 73.8094353,27.4979748,0 73.8107443,27.4983554,0 73.812375,27.4993261,0 73.813641,27.5002207,0 73.8146281,27.5001636,0 73.8163876,27.5000684,0 73.8188767,27.5002968,0 73.8204646,27.5014959,0 73.8233185,27.5031137,0 73.8260007,27.5042557,0 73.8276217,27.5049192,0 73.8291739,27.505686,0 73.8324567,27.5083607,0 73.834058,27.5106694,0 73.8368904,27.5118874,0 73.8393232,27.514955,0 73.843596,27.5168734,0 73.8439393,27.5195567,0 73.8433385,27.5212027,0 73.8453421,27.5226051,0 73.8469219,27.5247422,0 73.8479707,27.5258494,0 73.8505268,27.5284528,0 73.8538286,27.5306446,0 73.8568675,27.5315258,0 73.8614353,27.5359342,0 73.8647611,27.5353599,0 73.870823,27.5373137,0 73.8743438,27.5379504,0 73.8773557,27.5387957,0 73.8852855,27.5500228,0 73.8868304,27.5554256,0 73.8866159,27.5593064,0 73.8827964,27.5624261,0 73.8812944,27.564062,0 73.8801357,27.5713282,0 73.8782045,27.5808763,0 73.879449,27.5883316,0 73.8849421,27.5937325,0 73.8896628,27.5971555,0 73.893096,27.6003502,0 73.894126,27.6032406,0 73.8916369,27.6058266,0 73.8883754,27.6099338,0 73.8857146,27.6169307,0 73.883998,27.6232428,0 73.8807364,27.6291744,0 73.8766166,27.6383752,0 73.8750716,27.6462828,0 73.8670893,27.6497801,0 73.8631411,27.6556342,0 73.8596221,27.6591313,0 73.8621112,27.6620961,0 73.8689776,27.6610318,0 73.8712092,27.6624002,0 73.8730975,27.665441,0 73.8729258,27.6681776,0 73.8706111,27.673799,0 73.868637,27.6835282,0 73.8682937,27.6886204,0 73.8705253,27.6909764,0 73.8749885,27.6924964,0 73.8785075,27.6945484,0 73.8779925,27.7064034,0 73.8757609,27.7126344,0 73.8705253,27.722284,0 73.8678645,27.728818,0 73.8652896,27.7336802,0 73.8643455,27.7372508,0 73.8667487,27.7408212,0 73.8698386,27.7484934,0 73.8688087,27.7561651,0 73.8673495,27.7619376,0 73.8682937,27.7801642,0 73.8756751,27.7832776,0 73.879559,27.7868845,0 73.882842,27.7877387,0 73.8843441,27.7889157,0 73.8878202,27.7909848,0 73.8921547,27.7871313,0 73.894515,27.7888587,0 73.8963604,27.788555,0 73.9010167,27.7894282,0 73.9042568,27.7897319,0 73.9064669,27.7890485,0 73.9080333,27.7876248,0 73.9083981,27.787416,0 73.9091277,27.7872072,0 73.9103937,27.787416,0 73.9131617,27.7884791,0 73.9144492,27.786315,0 73.9159941,27.7860492,0 73.9171958,27.7840179,0 73.9199209,27.7838281,0 73.9212084,27.7828979,0 73.9244485,27.7823474,0 73.9289117,27.783904,0 73.9334178,27.7857265,0 73.9362502,27.7865807,0 73.9380955,27.7875299,0 73.9405632,27.789618,0 73.9451766,27.7906431,0 73.952558,27.794022,0 73.9544892,27.7953127,0 73.9565706,27.7982549,0 73.9585447,27.7995646,0 73.9580083,27.8007984,0 73.9603901,27.8019372,0 73.963952,27.8022219,0 73.9664197,27.8022029,0 73.9679432,27.8022599,0 73.9705395,27.8025826,0 73.9727497,27.8028103,0 73.9743805,27.8027724,0 73.9754319,27.8022789,0 73.9768266,27.8020701,0 73.978157,27.8019752,0 73.9809036,27.8018613,0 73.984251,27.8038163,0 73.9874697,27.8062647,0 73.988328,27.8067962,0 73.9900875,27.8067772,0 73.9909029,27.8075933,0 73.9913964,27.8087321,0 73.9917183,27.8096431,0 73.9927053,27.8105731,0 73.9934134,27.8074794,0 73.9972758,27.8002479,0 73.9987135,27.7967743,0 74.0001297,27.7957114,0 74.0018248,27.7905672,0 74.003005,27.7887638,0 74.0058803,27.7871692,0 74.0087986,27.7859922,0 74.0125108,27.7845305,0 74.0129399,27.7841508,0 74.0155148,27.7823853,0 74.020772,27.7782467,0 74.025085,27.7750002,0 74.0268016,27.7730447,0 74.0296554,27.7709373,0 74.0307712,27.7681083,0 74.0284324,27.76714,0 74.0270269,27.7693804,0 74.0240979,27.7687064,0 74.0222311,27.768488,0 74.0216625,27.7696082,0 74.0190983,27.7690007,0 74.0181541,27.7697791,0 74.0158689,27.7703582,0 74.0131438,27.7708898,0 74.0121889,27.7723897,0 74.0101612,27.7718581,0 74.008863,27.7731017,0 74.0076184,27.7725796,0 74.0058803,27.7749053,0 74.0045714,27.773975,0 74.0040886,27.7751047,0 73.9998615,27.775342,0 73.9992714,27.7760539,0 73.9969432,27.7762058,0 73.9947867,27.776633,0 73.9914179,27.7762912,0 73.9921474,27.7716208,0 73.9926517,27.7660103,0 73.9922225,27.763504,0 73.9918685,27.7601811,0 73.9915252,27.7570575,0 73.9908171,27.7548074,0 73.9909351,27.7542092,0 73.9934027,27.7543516,0 73.9951193,27.7548643,0 73.9989602,27.7560606,0 74.0000975,27.7571525,0 74.0025008,27.7583298,0 74.0052044,27.7596684,0 74.0082514,27.7606558,0 74.0118027,27.7626021,0 74.0142488,27.7629343,0 74.016062,27.7632286,0 74.0189373,27.7633995,0 74.0218878,27.7626305,0 74.0237653,27.76189,0 74.0230679,27.761216,0 74.02251,27.7607413,0 74.0223706,27.7597159,0 74.022156,27.7592317,0 74.0214157,27.7585386,0 74.0205896,27.757874,0 74.0197742,27.7568866,0 74.019227,27.7564024,0 74.0175104,27.7548643,0 74.0162873,27.7530604,0 74.0143561,27.7503829,0 74.013927,27.7499461,0 74.0102576,27.7443156,0 74.0060519,27.7396817,0 74.0006446,27.7345159,0 74.0039062,27.7298056,0 74.0132617,27.725779,0 74.0183257,27.7221321,0 74.0233897,27.7228159,0 74.0288829,27.7274504,0 74.035921,27.7306413,0 74.0368651,27.725627,0 74.0376376,27.722436,0 74.0405559,27.7193968,0 74.0463065,27.7218282,0 74.051113,27.7247153,0 74.0550613,27.725779,0 74.0623569,27.7274504,0 74.0668201,27.7290459,0 74.0676784,27.7333004,0 74.0681933,27.7380864,0 74.0693091,27.7409731,0 74.0751456,27.7456069,0 74.0759611,27.7486453,0 74.076755,27.7501645,0 74.0783214,27.752918,0 74.0827203,27.7600957,0 74.084394,27.7631717,0 74.0851879,27.7637983,0 74.0880632,27.7650135,0 74.087398,27.7672919,0 74.086647,27.7709183,0 74.0875697,27.771298,0 74.0873551,27.7720385,0 74.0883851,27.7730257,0 74.0914535,27.7744497,0 74.092462,27.7732346,0 74.0934491,27.7743358,0 74.0945649,27.7762153,0 74.0953803,27.7788542,0 74.0980196,27.7819487,0 74.0987921,27.7824423,0 74.0999508,27.7830308,0 74.1014313,27.7842268,0 74.104371,27.7843976,0 74.1047358,27.7860112,0 74.1059375,27.7862201,0 74.1070103,27.7873401,0 74.1103577,27.7884031,0 74.1102505,27.7897509,0 74.1111517,27.7905102,0 74.112246,27.7914973,0 74.1141343,27.7928261,0 74.1167736,27.7935095,0 74.1159153,27.7947813,0 74.1191983,27.7959012,0 74.1197347,27.7976665,0 74.1229105,27.7967933,0 74.126966,27.7968503,0 74.1293907,27.7966415,0 74.131794,27.7976855,0 74.1340899,27.7978373,0 74.1373086,27.7986915,0 74.1372227,27.7996215,0 74.1377806,27.8001151,0 74.1389179,27.8005706,0 74.1413212,27.8014437,0 74.143424,27.801178,0 74.1458487,27.8016145,0 74.146471,27.8006655,0 74.148016,27.8010831,0 74.1531873,27.7987484,0 74.1555905,27.8002289,0 74.1567278,27.7948951,0 74.1581225,27.7952368,0 74.15941,27.7955405,0 74.1617489,27.7957493,0 74.1639161,27.7957493,0 74.1689801,27.7946863,0 74.1710186,27.7947243,0 74.1762113,27.7947813,0 74.1764259,27.796091,0 74.183464,27.7984447,0 74.185996,27.7994697,0 74.1858673,27.7997734,0 74.1853523,27.8005516,0 74.1849017,27.8018043,0 74.1854167,27.8023548,0 74.1894722,27.803171,0 74.190309,27.8037214,0 74.1912102,27.8045375,0 74.192841,27.8049741,0 74.1940427,27.8074794,0 74.2040419,27.8109147,0 74.2053509,27.8095292,0 74.2090416,27.8101176,0 74.2096209,27.8119586,0 74.2078829,27.8119586,0 74.2082047,27.8149192,0 74.2151999,27.8146156,0 74.2149853,27.8136287,0 74.2203498,27.8127557,0 74.2193198,27.8159441,0 74.2235684,27.8171777,0 74.2240619,27.8162287,0 74.2269802,27.8172915,0 74.2268514,27.8198915,0 74.2278385,27.8205937,0 74.2268944,27.8219221,0 74.2296409,27.82363,0 74.2294049,27.8253379,0 74.2290401,27.8287347,0 74.230628,27.8296645,0 74.2304992,27.8306512,0 74.2300272,27.833896,0 74.2327308,27.8352243,0 74.2325592,27.8356987,0 74.2312932,27.8397971,0 74.2305422,27.844199,0 74.2293405,27.844199,0 74.228611,27.8481075,0 74.228847,27.8517502,0 74.2272162,27.8597181,0 74.2265081,27.8640054,0 74.2251134,27.8659782,0 74.2249417,27.869203,0 74.221015,27.8735847,0 74.220221,27.8750642,0 74.2198348,27.8754246,0 74.2191052,27.8759557,0 74.219234,27.8765437,0 74.2206287,27.876942,0 74.2201352,27.8782129,0 74.2199421,27.8813235,0 74.2191911,27.8840167,0 74.2218947,27.8852495,0 74.2204785,27.8896117,0 74.2240834,27.8909582,0 74.2224312,27.8981837,0 74.2245126,27.8993594,0 74.2228603,27.9004214,0 74.2226028,27.9031142,0 74.227345,27.9036262,0 74.2292976,27.9039485,0 74.2305851,27.90575,0 74.2355418,27.9057121,0 74.2355418,27.9068119,0 74.2354345,27.9080255,0 74.2360782,27.9095803,0 74.2360568,27.9106612,0 74.2364216,27.9114576,0 74.2374086,27.9124056,0 74.2380309,27.9130314,0 74.2377305,27.9142259,0 74.2378807,27.9147947,0 74.2394686,27.9169183,0 74.242022,27.9201037,0 74.2431593,27.9214119,0 74.2437386,27.9227391,0 74.2456054,27.924635,0 74.2474508,27.9261138,0 74.24788,27.9267964,0 74.2482233,27.9274978,0 74.2481375,27.9286733,0 74.2490387,27.9292989,0 74.2500257,27.9299245,0 74.2521071,27.9322564,0 74.252665,27.9336024,0 74.2530083,27.9343228,0 74.2525577,27.9349863,0 74.2521286,27.9352896,0 74.2512488,27.9354223,0 74.2493605,27.9352517,0 74.2481589,27.9352896,0 74.2465925,27.9364649,0 74.244833,27.9380384,0 74.2437601,27.9397066,0 74.2442751,27.9422846,0 74.245305,27.9433841,0 74.2464208,27.9440665,0 74.2487812,27.9445783,0 74.251399,27.9445783,0 74.2503261,27.9457156,0 74.2499399,27.9460568,0 74.2491245,27.9464739,0 74.2481375,27.9463601,0 74.2466569,27.9465307,0 74.2459059,27.9470804,0 74.2450046,27.9498289,0 74.2451334,27.9513832,0 74.2460131,27.9538662,0 74.2445755,27.9551172,0 74.2439103,27.9552499,0 74.2417645,27.9555721,0 74.2393398,27.9554204,0 74.2388463,27.9562355,0 74.238739,27.958055,0 74.2366147,27.9606895,0 74.233675,27.9640251,0 74.2347693,27.9650486,0 74.2372155,27.9665268,0 74.2399406,27.9675881,0 74.2433868,27.9694295,0 74.2457127,27.970772,0 74.245069,27.9734061,0 74.2438459,27.976116,0 74.2412495,27.9825968,0 74.243288,27.9836201,0 74.2432236,27.9844728,0 74.2433095,27.9848138,0 74.2428374,27.9866139,0 74.2424297,27.988414,0 74.2415714,27.9913509,0 74.2414212,27.9923172,0 74.2407131,27.9931699,0 74.2400908,27.9942499,0 74.2387604,27.9959551,0 74.2402839,27.9965235,0 74.2395973,27.9990054,0 74.2424726,27.9999717,0 74.2427087,28.000578,0 74.2433738,28.0014305,0 74.2459488,28.002662,0 74.2447042,28.0041776,0 74.2457342,28.0049923,0 74.2486524,28.0075877,0 74.2506265,28.0089517,0 74.2520427,28.0097474,0 74.254446,28.0121912,0 74.2555403,28.013593,0 74.2570853,28.0147865,0 74.2567205,28.0155631,0 74.2569136,28.0159609,0 74.2578792,28.0165671,0 74.2595744,28.0173627,0 74.2608833,28.0178174,0 74.2613339,28.0184235,0 74.2619777,28.0186319,0 74.2630935,28.0185372,0 74.2659259,28.0194085,0 74.2679858,28.0202799,0 74.2695522,28.0213596,0 74.2710113,28.0223825,0 74.2723846,28.0230455,0 74.2735433,28.0238031,0 74.2757106,28.024163,0 74.2757749,28.0249775,0 74.2754745,28.0264928,0 74.2754316,28.0281407,0 74.2758822,28.0285006,0 74.2767405,28.0289552,0 74.2771697,28.0294098,0 74.2780924,28.0303,0 74.2788863,28.0305841,0 74.2798519,28.0309818,0 74.280796,28.0315311,0 74.2816973,28.0323456,0 74.2833066,28.0329895,0 74.2836928,28.0337092,0 74.2855596,28.0352244,0 74.2860532,28.0361714,0 74.2859888,28.0369101,0 74.2868471,28.037876,0 74.2877912,28.0393343,0 74.2873192,28.0399593,0 74.2874694,28.0406411,0 74.2879629,28.0414365,0 74.2889714,28.0425728,0 74.2906022,28.043444,0 74.2940354,28.0436523,0 74.2964816,28.0443341,0 74.2969322,28.0473074,0 74.2969966,28.0490685,0 74.2959666,28.0523257,0 74.2945289,28.0556017,0 74.2934561,28.0605819,0 74.2933273,28.0624186,0 74.2930484,28.0644067,0 74.2919326,28.0662434,0 74.2897868,28.069235,0 74.2891216,28.0704278,0 74.2895508,28.070655,0 74.2891001,28.0756155,0 74.28792,28.0814466,0 74.2878771,28.0823174,0 74.2862892,28.0825446,0 74.2859244,28.0833397,0 74.2854523,28.0837373,0 74.2843151,28.0842863,0 74.2836714,28.0846649,0 74.2829633,28.0852139,0 74.2822122,28.0859711,0 74.2809462,28.0867284,0 74.2803883,28.087372,0 74.2804312,28.0879778,0 74.2806887,28.0892272,0 74.2798304,28.0905145,0 74.2791009,28.0912527,0 74.279015,28.0919342,0 74.2791009,28.0925021,0 74.2799592,28.0931646,0 74.2807531,28.0934296,0 74.2818904,28.0937325,0 74.2834139,28.094149,0 74.2855382,28.0940543,0 74.2860317,28.0950765,0 74.2863536,28.0960419,0 74.286139,28.097083,0 74.2859888,28.0977076,0 74.2859888,28.0995816,0 74.2867398,28.1003008,0 74.2872333,28.1012662,0 74.2877483,28.1020233,0 74.2878341,28.1037268,0 74.2894649,28.105241,0 74.292748,28.1088561,0 74.2920613,28.1098025,0 74.2916751,28.1107677,0 74.2912674,28.111468,0 74.2900228,28.1126225,0 74.2905164,28.1131335,0 74.2934346,28.1156696,0 74.2962026,28.1166537,0 74.2962456,28.1171457,0 74.2964601,28.1180163,0 74.2976403,28.1193221,0 74.2976832,28.1216499,0 74.2967176,28.1257186,0 74.2951941,28.1281787,0 74.291203,28.1331743,0 74.2930269,28.1341772,0 74.2953872,28.1358613,0 74.2977476,28.1372237,0 74.297769,28.1381887,0 74.296503,28.1401754,0 74.2958379,28.1428622,0 74.295516,28.1450192,0 74.2994642,28.146949,0 74.3057942,28.1496924,0 74.3110513,28.1517736,0 74.3183899,28.1546493,0 74.3228531,28.1567303,0 74.3262434,28.1588491,0 74.3309426,28.1608166,0 74.331522,28.1603436,0 74.3385172,28.1639758,0 74.3415856,28.1652432,0 74.3402123,28.1677213,0 74.3411565,28.1688563,0 74.3430018,28.1706155,0 74.343903,28.1705209,0 74.3444824,28.1726962,0 74.3466067,28.1737366,0 74.3473363,28.1751174,0 74.3497181,28.1762144,0 74.3491173,28.1769521,0 74.3487739,28.1783518,0 74.3481946,28.1790895,0 74.3481517,28.1823994,0 74.3474436,28.1856337,0 74.3459414,28.1885463,0 74.3522071,28.1902863,0 74.3543529,28.1935392,0 74.3550395,28.1970945,0 74.3583011,28.2026165,0 74.3575286,28.210861,0 74.3578933,28.2130355,0 74.3568635,28.2149453,0 74.3560266,28.2164578,0 74.3546963,28.2163444,0 74.3520784,28.2154935,0 74.3515205,28.216628,0 74.3521213,28.2181217,0 74.3508339,28.221128,0 74.3499326,28.2206931,0 74.3495035,28.2230186,0 74.3493962,28.2234913,0 74.3485379,28.2256277,0 74.3491173,28.2264218,0 74.3487096,28.2270079,0 74.3478083,28.2286905,0 74.3450188,28.2288417,0 74.3444609,28.2315641,0 74.3434095,28.2320178,0 74.341414,28.2357042,0 74.3399334,28.2352694,0 74.3397188,28.2359878,0 74.3395257,28.2369519,0 74.339118,28.2376136,0 74.3383026,28.2386722,0 74.337058,28.2398631,0 74.335556,28.2419425,0 74.3332386,28.2408461,0 74.3327451,28.2423017,0 74.3301487,28.2428877,0 74.3299985,28.2447213,0 74.3283248,28.2457987,0 74.3257499,28.2478024,0 74.3240118,28.2489743,0 74.3230247,28.2498816,0 74.3225527,28.2520553,0 74.3222952,28.2541344,0 74.3209433,28.2535485,0 74.3201065,28.2531705,0 74.3192696,28.2528303,0 74.3179178,28.2524711,0 74.3168878,28.2520553,0 74.3156862,28.2514504,0 74.3145704,28.2514883,0 74.3142271,28.2518852,0 74.3132829,28.2523199,0 74.3118238,28.2519608,0 74.3096137,28.2521876,0 74.307189,28.2519608,0 74.303863,28.2538887,0 74.2946362,28.2540966,0 74.2936277,28.2543235,0 74.2929411,28.2547015,0 74.2917394,28.255174,0 74.2904734,28.2548527,0 74.2892718,28.2549661,0 74.28792,28.2557977,0 74.2852592,28.2577256,0 74.2813325,28.259162,0 74.2780924,28.2589541,0 74.2749381,28.2575177,0 74.2718053,28.255363,0 74.2703461,28.2547204,0 74.2689085,28.2538509,0 74.2662263,28.2531138,0 74.2648959,28.2524333,0 74.2635655,28.252301,0 74.2616987,28.2509212,0 74.2583513,28.2517151,0 74.2577076,28.2509968,0 74.2573428,28.2504865,0 74.2569566,28.2500517,0 74.2557549,28.2492389,0 74.2550254,28.2497304,0 74.2540169,28.249428,0 74.2532658,28.2490499,0 74.2525363,28.2481615,0 74.2519784,28.2473865,0 74.2510342,28.2467816,0 74.2503476,28.2464036,0 74.249618,28.2462713,0 74.248867,28.2465548,0 74.2479014,28.2471975,0 74.2468714,28.2479725,0 74.2462277,28.2484451,0 74.2453265,28.24922,0 74.2444253,28.2492767,0 74.2437172,28.2487286,0 74.2428803,28.2480481,0 74.2426228,28.2481993,0 74.2420006,28.2487853,0 74.2412495,28.2492389,0 74.2405844,28.2487664,0 74.2399406,28.2491822,0 74.2397904,28.2497682,0 74.2396188,28.2505243,0 74.2392325,28.2511669,0 74.2388892,28.2519608,0 74.237988,28.2518474,0 74.2370438,28.2515639,0 74.2360997,28.2511669,0 74.2351126,28.25077,0 74.2343187,28.2514883,0 74.2338466,28.2523955,0 74.2341685,28.2529626,0 74.2343402,28.2535107,0 74.2345118,28.2540021,0 74.2345118,28.2548338,0 74.2342543,28.255741,0 74.2340827,28.2562135,0 74.2335033,28.2566672,0 74.2330527,28.257083,0 74.2324948,28.2578579,0 74.2317867,28.2582548,0 74.2306065,28.2582737,0 74.2283749,28.2581225,0 74.2263365,28.2610142,0 74.2256927,28.2629042,0 74.2251134,28.2640193,0 74.225049,28.2649642,0 74.224534,28.2653233,0 74.2226887,28.265569,0 74.2205429,28.2653422,0 74.2202639,28.2658336,0 74.2192125,28.2680448,0 74.2204141,28.2691976,0 74.2198992,28.2701803,0 74.2180967,28.2704827,0 74.2177748,28.2711252,0 74.2170238,28.2712764,0 74.2144274,28.2723347,0 74.2142558,28.2729394,0 74.2139554,28.2738843,0 74.2136335,28.2748859,0 74.2136764,28.2755851,0 74.2142129,28.2763977,0 74.2137408,28.2770024,0 74.2124319,28.2773425,0 74.2112732,28.2803093,0 74.2093634,28.2805172,0 74.2102003,28.282369,0 74.2079902,28.2822273,0 74.2039668,28.2813486,0 74.2022824,28.2803471,0 74.1991925,28.2793078,0 74.1985166,28.2807628,0 74.197669,28.2824635,0 74.197036,28.2831248,0 74.1965639,28.283635,0 74.1963494,28.2841263,0 74.1955984,28.2854585,0 74.1936028,28.2861765,0 74.1939998,28.287433,0 74.1950512,28.2882928,0 74.1955984,28.288784,0 74.1959846,28.2893509,0 74.1961563,28.2901256,0 74.1969287,28.2925346,0 74.1978943,28.2931298,0 74.1985059,28.293895,0 74.1988706,28.2943485,0 74.1993749,28.2952365,0 74.2007482,28.2959166,0 74.203881,28.2967952,0 74.2037201,28.2973053,0 74.2037201,28.2977115,0 74.2039668,28.298694,0 74.2069602,28.2997992,0 74.2070782,28.300451,0 74.2067671,28.3008006,0 74.2061448,28.3012068,0 74.2058229,28.3022175,0 74.2081296,28.3029165,0 74.2101467,28.3018869,0 74.2104149,28.3021042,0 74.2110908,28.3031527,0 74.210608,28.3051931,0 74.2089236,28.3052592,0 74.2083871,28.3058732,0 74.2073464,28.306166,0 74.2064452,28.3079418,0 74.2052007,28.3111628,0 74.2045998,28.3129291,0 74.203366,28.314242,0 74.2023146,28.3148087,0 74.2011022,28.3154698,0 74.2009091,28.3158382,0 74.2008769,28.3165088,0 74.2004371,28.3171322,0 74.1987634,28.3193612,0 74.1976368,28.3217412,0 74.1970146,28.3237718,0 74.1973686,28.324329,0 74.1972828,28.3257929,0 74.1972828,28.3264162,0 74.1973472,28.3273889,0 74.1975832,28.3285222,0 74.1978514,28.3289377,0 74.1980767,28.3294194,0 74.1980123,28.3297782,0 74.1977334,28.3302882,0 74.1976261,28.3316576,0 74.196918,28.3314781,0 74.1952872,28.3305526,0 74.1937315,28.3292399,0 74.1923153,28.3292966,0 74.1914999,28.3290983,0 74.1907918,28.3289094,0 74.190191,28.3285789,0 74.1902339,28.328135,0 74.1902769,28.3276156,0 74.1897833,28.3274173,0 74.1881204,28.3271906,0 74.1856098,28.3268884,0 74.1817903,28.3266806,0 74.1796875,28.3265673,0 74.1773486,28.3259345,0 74.173733,28.3246029,0 74.1720164,28.3241684,0 74.171083,28.3240268,0 74.1702139,28.3241684,0 74.1692912,28.3244801,0 74.16839,28.3244234,0 74.1676819,28.3241118,0 74.1661477,28.3229596,0 74.16309,28.3219018,0 74.1572213,28.3207306,0 74.1527688,28.3196917,0 74.1497862,28.3189645,0 74.1495073,28.3192951,0 74.1489494,28.320164,0 74.149121,28.3206362,0 74.1496253,28.3209951,0 74.149915,28.3212784,0 74.1500115,28.3216468,0 74.1503227,28.3221757,0 74.1520285,28.322884,0 74.1525972,28.3237623,0 74.1530478,28.3251695,0 74.1531551,28.3262273,0 74.1529727,28.3275117,0 74.1520178,28.3284278,0 74.1514385,28.3305999,0 74.1498184,28.3331969,0 74.1483807,28.3353972,0 74.1478014,28.3363037,0 74.1476834,28.3367854,0 74.1477692,28.3370592,0 74.1481018,28.3373708,0 74.1483915,28.3379752,0 74.1479087,28.3377202,0 74.1464174,28.3370781,0 74.1443574,28.3394578,0 74.1431236,28.3406853,0 74.1437566,28.3430838,0 74.1433382,28.3432727,0 74.1418576,28.3432632,0 74.1407525,28.3433765,0 74.1393471,28.3433104,0 74.138639,28.3431593,0 74.1375875,28.3429327,0 74.1365898,28.3428383,0 74.1352808,28.3430555,0 74.134798,28.3437731,0 74.1333067,28.3461432,0 74.13203,28.3461621,0 74.1309249,28.3461054,0 74.1299915,28.3460582,0 74.1291547,28.3460865,0 74.1281676,28.3462376,0 74.12673,28.3466436,0 74.1260648,28.3465398,0 74.1251635,28.3460582,0 74.12467,28.3457655,0 74.1238439,28.3452934,0 74.1231143,28.345029,0 74.1224491,28.3449251,0 74.1216767,28.3449818,0 74.1206145,28.3450384,0 74.1196811,28.345114,0 74.1179323,28.3451045,0 74.1162908,28.3447457,0 74.115529,28.3447835,0 74.1149819,28.3450384,0 74.1141772,28.3456899,0 74.1139948,28.345926,0 74.1135013,28.3461149,0 74.1126645,28.3460015,0 74.1122997,28.3458599,0 74.1115057,28.3457844,0 74.1105294,28.3461149,0 74.1097247,28.3464737,0 74.1091132,28.3461054,0 74.1085982,28.3452084,0 74.1079974,28.3449157,0 74.1064417,28.3443869,0 74.1063452,28.3456994,0 74.1054225,28.3456144,0 74.104414,28.3454822,0 74.1026437,28.3455389,0 74.1023755,28.3453028,0 74.1018712,28.3445474,0 74.1012382,28.3441886,0 74.1003477,28.3442358,0 74.0990174,28.3440375,0 74.0969574,28.3440658,0 74.0967536,28.343792,0 74.0966248,28.3434048,0 74.0964854,28.3429327,0 74.0941465,28.3415257,0 74.0934062,28.3411197,0 74.0922797,28.3408459,0 74.0900481,28.3403548,0 74.08934,28.3394955,0 74.0884387,28.3385984,0 74.0876341,28.3380791,0 74.0864217,28.3376069,0 74.0844691,28.337267,0 74.0833747,28.3369931,0 74.0817547,28.3365965,0 74.0803277,28.3361904,0 74.0798128,28.3362376,0 74.0793836,28.3362943,0 74.078933,28.3363415,0 74.0783107,28.3363415,0 74.0774953,28.3362943,0 74.0762937,28.3358882,0 74.0751672,28.3354633,0 74.0740836,28.3360582,0 74.0714335,28.3348684,0 74.0683865,28.3334707,0 74.065597,28.3328852,0 74.0644168,28.3324887,0 74.0617776,28.3319409,0 74.0611338,28.3327719,0 74.0610266,28.3336218,0 74.0613699,28.334925,0 74.0595674,28.3368326,0 74.0590524,28.3366815,0 74.0577221,28.3361338,0 74.0566921,28.3365304,0 74.0552974,28.3365304,0 74.0550184,28.3373803,0 74.0550828,28.3396655,0 74.0545893,28.3393822,0 74.053452,28.3406098,0 74.0509414,28.3442547,0 74.0503406,28.345029,0 74.0480232,28.3449723,0 74.0458989,28.3447646,0 74.0451908,28.3462943,0 74.0441394,28.3462565,0 74.0434742,28.3513553,0 74.04253,28.3520162,0 74.0419936,28.3525827,0 74.0402555,28.3534702,0 74.0397835,28.3553775,0 74.0388393,28.3559628,0 74.0383887,28.3564349,0 74.0383029,28.3570014,0 74.0383887,28.3582477,0 74.0378737,28.360117,0 74.0359211,28.3635724,0 74.0352988,28.3645354,0 74.0350413,28.365234,0 74.0350628,28.3661214,0 74.0353203,28.3667445,0 74.0353417,28.3675753,0 74.0337753,28.372201,0 74.0335178,28.3732961,0 74.0330672,28.3736737,0 74.0296984,28.3743156,0 74.0292477,28.3751274,0 74.0287328,28.3759015,0 74.0278744,28.3764678,0 74.0279388,28.3772041,0 74.0278315,28.3779593,0 74.0278315,28.3796207,0 74.0287542,28.3811687,0 74.0291834,28.381905,0 74.0287542,28.3824902,0 74.0280676,28.3835096,0 74.02884,28.3838683,0 74.0293336,28.3845668,0 74.0294838,28.3857183,0 74.0290546,28.3872663,0 74.0285182,28.3879836,0 74.0278101,28.3889086,0 74.0282607,28.3894183,0 74.0289044,28.3898525,0 74.0289044,28.3916269,0 74.0290975,28.3929105,0 74.0295052,28.3938166,0 74.0291834,28.3948359,0 74.028089,28.3952512,0 74.0280032,28.395893,0 74.0287113,28.3962139,0 74.0289044,28.3968934,0 74.0286684,28.397705,0 74.028883,28.3985544,0 74.0292692,28.4001211,0 74.0298271,28.4008006,0 74.0294838,28.403009,0 74.0293979,28.4037262,0 74.0298915,28.404349,0 74.0319085,28.4047454,0 74.0338826,28.4063308,0 74.0357494,28.4079918,0 74.0403414,28.4102755,0 74.0426373,28.4128045,0 74.0439462,28.4138236,0 74.0456199,28.4145974,0 74.0477013,28.4162015,0 74.0493536,28.4159751,0 74.0500617,28.4151069,0 74.0544605,28.4156165,0 74.0561557,28.4160506,0 74.0584731,28.4163148,0 74.0602541,28.4159751,0 74.0620994,28.4157108,0 74.0639448,28.4168432,0 74.0734505,28.419089,0 74.0737939,28.4198816,0 74.0738797,28.4212969,0 74.0740514,28.4220518,0 74.0740943,28.4228821,0 74.0746736,28.4234483,0 74.0752744,28.4235992,0 74.0758538,28.4240144,0 74.0773129,28.4239578,0 74.0779352,28.4237125,0 74.0786218,28.4239389,0 74.0785789,28.42509,0 74.0781498,28.4266185,0 74.0790295,28.4269016,0 74.0794372,28.4273922,0 74.0792441,28.4282414,0 74.0789437,28.428732,0 74.0759611,28.4298265,0 74.074223,28.4284678,0 74.0731716,28.428732,0 74.0725708,28.4281282,0 74.0717339,28.4276375,0 74.0703821,28.427713,0 74.0700388,28.4279583,0 74.069159,28.4287131,0 74.0685582,28.4296944,0 74.0681076,28.43077,0 74.0673136,28.4324682,0 74.0674424,28.4343363,0 74.0668201,28.435091,0 74.0651464,28.4341665,0 74.0637088,28.4375817,0 74.0655327,28.4386006,0 74.0664553,28.4404497,0 74.0640521,28.4399969,0 74.0616703,28.4415629,0 74.0625286,28.4425818,0 74.0595674,28.4447892,0 74.0581727,28.4476759,0 74.0566492,28.4549393,0 74.0578723,28.4559769,0 74.0611338,28.4579766,0 74.0623569,28.458901,0 74.0631938,28.4595612,0 74.0630865,28.4606554,0 74.0612411,28.4647866,0 74.0608763,28.4657487,0 74.0609622,28.4663711,0 74.0617347,28.4670691,0 74.0621209,28.4676916,0 74.0620565,28.4686913,0 74.0623355,28.4696156,0 74.0625715,28.4700494,0 74.0627861,28.4705965,0 74.0616488,28.4724261,0 74.0607261,28.472445,0 74.0597391,28.472162,0 74.0593314,28.4726147,0 74.0591597,28.4731052,0 74.0590524,28.4754063,0 74.0590739,28.4764626,0 74.0607261,28.4787448,0 74.0611553,28.4812533,0 74.0614772,28.48776,0 74.062829,28.4934743,0 74.0634298,28.4946058,0 74.064095,28.4953225,0 74.0636229,28.4961711,0 74.0631938,28.497114,0 74.0618205,28.4975666,0 74.0622282,28.4998106,0 74.0650391,28.5006969,0 74.064095,28.5018095,0 74.061799,28.5070139,0 74.0600395,28.5109548,0 74.0593314,28.5127837,0 74.0579152,28.5166678,0 74.0571856,28.5184024,0 74.0568852,28.521419,0 74.0550613,28.524115,0 74.0551471,28.5263585,0 74.0571427,28.52617,0 74.0570569,28.5271503,0 74.0585804,28.527961,0 74.0579581,28.5287905,0 74.0588379,28.5295446,0 74.0596318,28.5301855,0 74.0602755,28.5314486,0 74.0643525,28.5342009,0 74.0645027,28.5373302,0 74.0651679,28.5380842,0 74.0672922,28.5396865,0 74.07197,28.5410248,0 74.0716052,28.5420993,0 74.0728926,28.5429475,0 74.0743947,28.5434376,0 74.0739655,28.5458126,0 74.0745878,28.5460765,0 74.0741586,28.5467363,0 74.0753388,28.5471886,0 74.075017,28.5494316,0 74.076283,28.5499217,0 74.0769911,28.5512411,0 74.0799951,28.5519761,0 74.0827846,28.5537102,0 74.0816045,28.5562546,0 74.0841579,28.5571592,0 74.0859604,28.5578377,0 74.0862393,28.5600617,0 74.0884924,28.5610794,0 74.0902948,28.5623421,0 74.0895653,28.5633598,0 74.0893292,28.5649994,0 74.0908527,28.5654705,0 74.0908313,28.5698238,0 74.0926766,28.5706341,0 74.0977192,28.5724432,0 74.1002297,28.5749683,0 74.1017961,28.5772107,0 74.1012811,28.5821853,0 74.1090059,28.5853696,0 74.1078686,28.5886481,0 74.1074395,28.5899293,0 74.1088986,28.5956758,0 74.1083407,28.597409,0 74.1088557,28.6014784,0 74.1063022,28.6014596,0 74.1055298,28.6049071,0 74.1039419,28.6041724,0 74.1010666,28.6083922,0 74.1004443,28.6099745,0 74.0998864,28.6117453,0 74.0983414,28.613968,0 74.0953159,28.612932,0 74.091239,28.6210882,0 74.0903163,28.6238005,0 74.0904879,28.6270589,0 74.0920758,28.6271531,0 74.0924406,28.633067,0 74.090209,28.6330105,0 74.0893721,28.6348938,0 74.0879559,28.6346302,0 74.0878272,28.6399033,0 74.0913462,28.6412969,0 74.0901875,28.6446678,0 74.0893507,28.644536,0 74.0887928,28.6458165,0 74.0867543,28.6453269,0 74.0864324,28.6472665,0 74.0842867,28.6463061,0 74.0839863,28.6467957,0 74.0836644,28.6476808,0 74.0842438,28.6487165,0 74.0845227,28.6490931,0 74.0847373,28.6541584,0 74.0852523,28.6553824,0 74.0853381,28.6559284,0 74.0850806,28.6569452,0 74.0844154,28.6580185,0 74.0827203,28.6580938,0 74.0825486,28.6591482,0 74.0823555,28.6601461,0 74.0822267,28.6615959,0 74.0819049,28.662575,0 74.0807462,28.6655498,0 74.0802741,28.667715,0 74.0802741,28.6700872,0 74.0913462,28.6742855,0 74.0960455,28.6759987,0 74.0991568,28.6775612,0 74.1027617,28.6781824,0 74.1095209,28.6811945,0 74.1144562,28.6826628,0 74.1199708,28.6843947,0 74.1247988,28.6861829,0 74.1259146,28.6866347,0 74.1271806,28.6875947,0 74.1279959,28.6883665,0 74.1296911,28.6892512,0 74.131279,28.6896277,0 74.1326093,28.6898347,0 74.1340041,28.6903618,0 74.1360855,28.6917359,0 74.1420293,28.6941828,0 74.1458487,28.6953122,0 74.1481662,28.6960086,0 74.151771,28.6961592,0 74.1546678,28.6968368,0 74.1569638,28.6979849,0 74.1566849,28.6991895,0 74.1584015,28.6997918,0 74.162178,28.7011658,0 74.1637444,28.7022762,0 74.1653108,28.7025585,0 74.1653967,28.7030667,0 74.1695809,28.7044218,0 74.1746878,28.7061721,0 74.1795587,28.7082424,0 74.1834211,28.7096727,0 74.186511,28.7108207,0 74.1867471,28.709842,0 74.1882705,28.7097291,0 74.1909098,28.7093904,0 74.193356,28.7095033,0 74.1925621,28.7127402,0 74.192326,28.714114,0 74.1914677,28.7175767,0 74.1916179,28.7187246,0 74.191103,28.7194209,0 74.1906738,28.7200042,0 74.1902017,28.7214344,0 74.190588,28.722714,0 74.1899228,28.7233349,0 74.1893434,28.7247274,0 74.1877556,28.7250097,0 74.1861892,28.7238242,0 74.1824341,28.7226575,0 74.1807389,28.7262892,0 74.1774559,28.7325926,0 74.1757178,28.7343425,0 74.1748595,28.7343989,0 74.1740227,28.7343237,0 74.174838,28.7365627,0 74.1735291,28.7370707,0 74.1724777,28.7371459,0 74.1689372,28.7361864,0 74.1649675,28.7355467,0 74.162693,28.736732,0 74.1589165,28.7371083,0 74.15735,28.7362993,0 74.1568351,28.7368261,0 74.1562128,28.7376916,0 74.1555905,28.7377668,0 74.1548824,28.7377668,0 74.1539383,28.7377104,0 74.1530585,28.737541,0 74.1524362,28.7374846,0 74.1499471,28.7377104,0 74.1494965,28.7376727,0 74.1465568,28.7375599,0 74.1435098,28.737447,0 74.1422009,28.7375599,0 74.1398406,28.7368825,0 74.1390466,28.7396483,0 74.1394758,28.7409841,0 74.1400337,28.7421694,0 74.1402912,28.7429407,0 74.1404199,28.7451984,0 74.1406774,28.74644,0 74.1412568,28.7479075,0 74.1420722,28.750466,0 74.1437459,28.7523284,0 74.1446256,28.7539086,0 74.1453767,28.7547363,0 74.1467929,28.7551125,0 74.1470933,28.7557521,0 74.1474581,28.7562977,0 74.1484451,28.7559026,0 74.149239,28.75626,0 74.1515136,28.7562412,0 74.1513204,28.7580659,0 74.1622209,28.7635586,0 74.1624355,28.7644239,0 74.1592276,28.7646292,0 74.1600752,28.7766684,0 74.1596246,28.7786056,0 74.1590881,28.7794613,0 74.1583586,28.7801854,0 74.1574895,28.7803076,0 74.1571033,28.7818498,0 74.1515136,28.7820285,0 74.151299,28.7839843,0 74.148767,28.7841724,0 74.1483593,28.7846802,0 74.1459989,28.7848306,0 74.1450119,28.7860342,0 74.1437888,28.7867489,0 74.1421366,28.7903031,0 74.1413212,28.7916383,0 74.1395402,28.7921836,0 74.1385317,28.7941581,0 74.138639,28.7949291,0 74.1386604,28.7960009,0 74.1369438,28.7963206,0 74.135828,28.7965839,0 74.1344118,28.7962078,0 74.1332745,28.7960385,0 74.1306567,28.7957941,0 74.1290259,28.7957001,0 74.1276097,28.7956625,0 74.126966,28.7947975,0 74.1254854,28.7949479,0 74.1236615,28.7937632,0 74.1219449,28.7932179,0 74.1185546,28.7926537,0 74.116838,28.7923152,0 74.1152715,28.7923152,0 74.1141987,28.7924845,0 74.1126108,28.7917135,0 74.1097784,28.7893064,0 74.1075897,28.7876515,0 74.1068172,28.7865044,0 74.105401,28.7866172,0 74.1027832,28.7852632,0 74.0999722,28.785188,0 74.0990066,28.7840596,0 74.0959167,28.7834013,0 74.0931058,28.7825927,0 74.0926981,28.7844169,0 74.0922689,28.7857333,0 74.0916037,28.7866172,0 74.0911531,28.7874823,0 74.088664,28.7878772,0 74.0872478,28.7872754,0 74.0865183,28.786636,0 74.0855527,28.786053,0 74.084351,28.7857521,0 74.0834713,28.7856957,0 74.0822267,28.7855829,0 74.0809393,28.7850563,0 74.079566,28.7847366,0 74.0781712,28.7843417,0 74.0771842,28.7839655,0 74.0751242,28.783533,0 74.0729141,28.7829876,0 74.0712404,28.7822918,0 74.0701031,28.781784,0 74.0696955,28.7807308,0 74.0688801,28.7802418,0 74.0684509,28.7796964,0 74.0685582,28.7790382,0 74.0624428,28.7765932,0 74.0574431,28.7765744,0 74.0572071,28.7786056,0 74.0595674,28.7792826,0 74.0588808,28.7847366,0 74.0595889,28.7850187,0 74.0611338,28.7845485,0 74.0656614,28.7875763,0 74.0708756,28.7913938,0 74.07094,28.7943085,0 74.0707683,28.7957565,0 74.07094,28.797054,0 74.0715623,28.7976557,0 74.0714335,28.798389,0 74.0712619,28.79916,0 74.072206,28.7998369,0 74.0721416,28.8008523,0 74.0725493,28.802601,0 74.0752959,28.803748,0 74.0762186,28.8063992,0 74.0785575,28.8076213,0 74.079566,28.8086554,0 74.080038,28.8089562,0 74.0824628,28.8094075,0 74.0827632,28.810122,0 74.0834713,28.8114381,0 74.0837288,28.8137882,0 74.0832352,28.8155179,0 74.0860677,28.8173979,0 74.0879559,28.8186764,0 74.0903163,28.8200488,0 74.0900159,28.8239591,0 74.092462,28.8245982,0 74.0925479,28.8268917,0 74.095788,28.8268917,0 74.0966034,28.8276624,0 74.0978908,28.8298994,0 74.0999937,28.8311025,0 74.1006589,28.8315537,0 74.1007662,28.83208,0 74.1008734,28.8327191,0 74.1034055,28.8336966,0 74.1058516,28.8355387,0 74.1062593,28.8358019,0 74.1078686,28.8341289,0 74.108963,28.833565,0 74.1089844,28.8325499,0 74.1103577,28.8324935,0 74.1123533,28.8326063,0 74.1141557,28.8328883,0 74.1154432,28.8332266,0 74.117074,28.8345801,0 74.1175461,28.8353319,0 74.1182112,28.8357643,0 74.118576,28.8367041,0 74.1199922,28.8369109,0 74.121623,28.837268,0 74.1226315,28.8374748,0 74.1234255,28.83755,0 74.124155,28.8381327,0 74.1246485,28.8385838,0 74.1257643,28.8383582,0 74.1270089,28.8389973,0 74.1275024,28.839674,0 74.1277814,28.8405574,0 74.1266227,28.8400499,0 74.1263008,28.8411965,0 74.1232967,28.8411965,0 74.1220736,28.8413093,0 74.1208505,28.84161,0 74.1197777,28.841422,0 74.1195202,28.8420047,0 74.1202283,28.8430761,0 74.1198635,28.8448429,0 74.1185975,28.8448617,0 74.1185331,28.8462337,0 74.1199922,28.847399,0 74.1213012,28.8491657,0 74.1215801,28.8499551,0 74.1216874,28.8509888,0 74.1234255,28.8512519,0 74.1233825,28.8527554,0 74.1218161,28.8523232,0 74.1211295,28.8549731,0 74.1233611,28.8552926,0 74.123168,28.8563074,0 74.1233611,28.8569276,0 74.1243696,28.8577545,0 74.1225242,28.8582995,0 74.1228032,28.8629413,0 74.125936,28.8636366,0 74.1272449,28.8642943,0 74.128232,28.8650084,0 74.1285109,28.8658352,0 74.127953,28.8666057,0 74.1269231,28.8687667,0 74.1286611,28.8696123,0 74.129219,28.8706645,0 74.1300344,28.8712471,0 74.1306138,28.8713034,0 74.1312575,28.8715101,0 74.1313004,28.8744978,0 74.1318583,28.876358,0 74.1310429,28.8767526,0 74.1314292,28.8787818,0 74.1313433,28.8813183,0 74.1296911,28.8826335,0 74.1279745,28.8833663,0 74.1270733,28.8829154,0 74.1260433,28.8835918,0 74.1250348,28.8848506,0 74.1246056,28.8868421,0 74.1235113,28.8867294,0 74.1238332,28.8918959,0 74.1227388,28.8924031,0 74.1226744,28.893474,0 74.1234898,28.8945636,0 74.1238117,28.8952963,0 74.1238975,28.8959162,0 74.121623,28.8980954,0 74.1200137,28.8973252,0 74.1167092,28.8962732,0 74.1149282,28.8957471,0 74.1134691,28.8954654,0 74.1126537,28.8951084,0 74.1138339,28.8999927,0 74.1124606,28.9004436,0 74.1118169,28.9016083,0 74.1120529,28.9025287,0 74.1129756,28.9033365,0 74.1131258,28.9047829,0 74.1149282,28.904689,0 74.114263,28.9061354,0 74.1151428,28.9071122,0 74.1155934,28.9078635,0 74.1160226,28.9085022,0 74.1153574,28.9087088,0 74.1143918,28.9083331,0 74.1139841,28.9089718,0 74.1144562,28.9101552,0 74.1146493,28.9105684,0 74.1156578,28.9109816,0 74.1166448,28.9114888,0 74.1157436,28.9142499,0 74.1155076,28.9156023,0 74.1141128,28.916316,0 74.1134906,28.9167856,0 74.1131258,28.9178374,0 74.1125679,28.9179313,0 74.1119885,28.918044,0 74.1111731,28.9185323,0 74.1106581,28.9190394,0 74.1105294,28.9197531,0 74.1105294,28.9206922,0 74.1095209,28.9213308,0 74.108684,28.9228333,0 74.1083193,28.9242982,0 74.1132116,28.9266083,0 74.113276,28.9303268,0 74.1119027,28.9314536,0 74.1128897,28.9328433,0 74.1137481,28.934308,0 74.1149068,28.9349653,0 74.1145205,28.9361484,0 74.1144347,28.9374441,0 74.1150784,28.9381765,0 74.1152072,28.9386647,0 74.1150784,28.9392281,0 74.1119027,28.9384582,0 74.1116237,28.9397914,0 74.1099286,28.9400543,0 74.1085124,28.9395098,0 74.1070747,28.9390403,0 74.1056585,28.9383831,0 74.1041994,28.938045,0 74.1022682,28.937707,0 74.0996504,28.9373502,0 74.0983844,28.9371249,0 74.0971184,28.9379699,0 74.096303,28.938477,0 74.0948868,28.9380075,0 74.0933418,28.9374817,0 74.0925264,28.9371061,0 74.0924406,28.9361108,0 74.0923977,28.9351156,0 74.0916681,28.9346836,0 74.0887499,28.9334442,0 74.0871191,28.9329184,0 74.0849519,28.9319231,0 74.0831923,28.9316226,0 74.0823555,28.9318855,0 74.0814757,28.9331062,0 74.0809393,28.9337447,0 74.0789866,28.9338761,0 74.0776348,28.9341015,0 74.0766907,28.9345146,0 74.0761757,28.936524,0 74.0763902,28.9379136,0 74.0765404,28.938477,0 74.075489,28.939322,0 74.0745234,28.9394346,0 74.0734291,28.9388525,0 74.0728712,28.9384394,0 74.0722704,28.9379136,0 74.07197,28.9371249,0 74.0714121,28.936355,0 74.07094,28.9363925,0 74.0694165,28.9360733,0 74.0680647,28.935416,0 74.0674209,28.9352658,0 74.0654897,28.9381765,0 74.0653825,28.9396037,0 74.0650391,28.9420072,0 74.0655756,28.9439789,0 74.0664339,28.9464012,0 74.0683865,28.9478845,0 74.0692663,28.9490111,0 74.0690303,28.9502128,0 74.0690732,28.9515272,0 74.0692234,28.9536301,0 74.0686869,28.953968,0 74.0693092,28.9549068,0 74.0693307,28.9566717,0 74.0720987,28.9564839,0 74.0733862,28.9583614,0 74.0746736,28.9612715,0 74.07624,28.962811,0 74.0749526,28.9644255,0 74.0728283,28.9676358,0 74.0716696,28.9685369,0 74.0703821,28.9695131,0 74.0675068,28.9689687,0 74.0662193,28.9733427,0 74.0646958,28.9792557,0 74.0632152,28.9805885,0 74.0612626,28.9835542,0 74.0604901,28.9860506,0 74.0577864,28.9907805,0 74.0568638,28.992695,0 74.0570354,28.9949284,0 74.0569925,28.9959794,0 74.0556621,28.9967677,0 74.0546965,28.9969178,0 74.0548253,28.9982128,0 74.0540957,28.998682,0 74.0522933,28.9991887,0 74.050641,28.998926,0 74.0491605,28.9986444,0 74.0484738,28.9982691,0 74.047358,28.9981002,0 74.046092,28.9981377,0 74.0451908,28.997875,0 74.0447831,28.9969553,0 74.0444183,28.99658,0 74.0418863,28.9969178,0 74.0408993,28.9982691,0 74.0408134,29.0000708,0 74.0404486,29.0015909,0 74.0403843,29.0028108,0 74.0405988,29.003599,0 74.0410065,29.0051566,0 74.0420365,29.0061887,0 74.0419936,29.0070895,0 74.0414572,29.0082342,0 74.0414572,29.009773,0 74.0320372,29.0053818,0 74.0283036,29.0040681,0 74.0278101,29.003355,0 74.0281534,29.0021727,0 74.0285182,29.0014032,0 74.0293979,29.0008402,0 74.0303635,28.9999957,0 74.0298271,28.9989635,0 74.0291405,28.99795,0 74.0279174,28.997143,0 74.0262651,28.9953225,0 74.0244412,28.9928263,0 74.0236687,28.9920193,0 74.0233898,28.9904615,0 74.0231323,28.9898609,0 74.0228748,28.9894479,0 74.022274,28.9891664,0 74.0212869,28.9886221,0 74.0213728,28.9875898,0 74.0191841,28.9869516,0 74.0199351,28.9828222,0 74.0205788,28.977022,0 74.0207505,28.9739246,0 74.0203213,28.9709211,0 74.0186691,28.9695882,0 74.0202355,28.9679925,0 74.0204286,28.9657585,0 74.020493,28.9649887,0 74.0193558,28.9642941,0 74.0185833,28.9634681,0 74.0183687,28.9624167,0 74.018197,28.961478,0 74.0180039,28.9589059,0 74.0184545,28.9559207,0 74.0195918,28.9568031,0 74.0210509,28.9558643,0 74.0216946,28.9554513,0 74.0222311,28.9554701,0 74.0224886,28.9548693,0 74.0225744,28.953799,0 74.0225529,28.9533297,0 74.0225529,28.95271,0 74.0230036,28.9524472,0 74.0235615,28.9521655,0 74.0234113,28.9514896,0 74.023025,28.9505508,0 74.0228963,28.9496495,0 74.0228963,28.9490862,0 74.0240764,28.948767,0 74.0235615,28.9479596,0 74.0227675,28.9472461,0 74.0221882,28.9456313,0 74.0220165,28.9451055,0 74.0228748,28.9446737,0 74.0227246,28.9432278,0 74.0228104,28.942533,0 74.0229177,28.9422889,0 74.0242481,28.9422514,0 74.0246343,28.9417631,0 74.0245271,28.9415566,0 74.023776,28.9410308,0 74.0240764,28.9402984,0 74.02457,28.9392656,0 74.025321,28.9353785,0 74.0257931,28.9346085,0 74.0264153,28.9335005,0 74.0235185,28.932524,0 74.0201711,28.9318292,0 74.0167594,28.9316601,0 74.0152144,28.9315475,0 74.0137553,28.9298948,0 74.0121674,28.9276976,0 74.0130043,28.9264205,0 74.0119099,28.9252749,0 74.0115666,28.9242607,0 74.0106225,28.9234155,0 74.0094638,28.9226455,0 74.0077686,28.9214998,0 74.006288,28.9208988,0 74.0049147,28.9207861,0 74.0006447,28.9170485,0 73.9966535,28.9136864,0 73.9911818,28.9100237,0 73.9714622,28.9015143,0 73.9658618,28.9170109,0 73.9619994,28.9276224,0 73.9632439,28.9289746,0 73.9633727,28.930477,0 73.9631152,28.9326367,0 73.9630079,28.9339888,0 73.9627933,28.9350404,0 73.9617634,28.9369371,0 73.9613342,28.9385333,0 73.9600253,28.9384394,0 73.9589739,28.9395661,0 73.9592743,28.9407491,0 73.9597249,28.9418946,0 73.9595961,28.9424204,0 73.9589524,28.9430588,0 73.9582872,28.9438475,0 73.9580512,28.9445047,0 73.9587164,28.9452182,0 73.9592957,28.945575,0 73.9603686,28.9461946,0 73.9606261,28.9474339,0 73.9610338,28.9508324,0 73.96245,28.9555639,0 73.9648747,28.9567092,0 73.9645743,28.9584929,0 73.9664626,28.9594504,0 73.9663553,28.9677297,0 73.9671063,28.9707333,0 73.9672565,28.9731737,0 73.9683723,28.9739997,0 73.9681792,28.9748632,0 73.9679003,28.9753137,0 73.9637804,28.9742625,0 73.9623427,28.9744315,0 73.9532017,28.9704142,0 73.9376449,28.9659837,0 73.9353061,28.9639374,0 73.9281821,28.9641815,0 73.9267444,28.9645382,0 73.9258861,28.9620225,0 73.9230752,28.962398,0 73.9158225,28.9602577,0 73.9121103,28.9605956,0 73.9086771,28.9595442,0 73.9079475,28.954306,0 73.8970685,28.9491613,0 73.8908243,28.9462697,0 73.884108,28.9414251,0 73.8812756,28.9411622,0 73.878572,28.9392093,0 73.873744,28.9406552,0 73.8701391,28.9394534,0 73.8638091,28.9374629,0 73.8586592,28.9366179,0 73.8533377,28.9360733,0 73.8503766,28.9362611,0 73.8484883,28.9368244,0 73.8468361,28.9369934,0 73.8458705,28.9369371,0 73.845613,28.9381014,0 73.8454413,28.9414627,0 73.8447332,28.9453872,0 73.8482094,28.9467016,0 73.8480592,28.9481286,0 73.850913,28.9492177,0 73.8522863,28.9498936,0 73.8523292,28.9511141,0 73.8504624,28.9552823,0 73.8495827,28.9572349,0 73.8450765,28.9634305,0 73.8428449,28.9678798,0 73.8385963,28.966622,0 73.8374162,28.9686871,0 73.8328242,28.9655707,0 73.8306141,28.9657397,0 73.8290906,28.9674668,0 73.8282752,28.9697947,0 73.8283396,28.9732301,0 73.8262367,28.9782421,0 73.8267946,28.9822403,0 73.8251424,28.9840986,0 73.8243484,28.9859943,0 73.8228893,28.9867076,0 73.8213873,28.9874959,0 73.8199067,28.989767,0 73.8174176,28.9905178,0 73.8134479,28.9912498,0 73.8120317,28.991231,0 73.8087058,28.9901236,0 73.8070965,28.9951161,0 73.8064098,28.9972556,0 73.798685,29.0043121,0 73.7971401,29.0085908,0 73.7955093,29.0165096,0 73.7979126,29.0181233,0 73.8000583,29.0192116,0 73.8011312,29.02045,0 73.8014745,29.0214633,0 73.8015174,29.0228142,0 73.8008737,29.0326081,0 73.7998008,29.0363228,0 73.7973976,29.0380863,0 73.7943077,29.0391744,0 73.7920761,29.0390994,0 73.7886428,29.0383114,0 73.7838363,29.0367356,0 73.7822485,29.0413131,0 73.7832784,29.0425512,0 73.7830209,29.048329,0 73.7746524,29.0477662,0 73.7708759,29.0497921,0 73.7704467,29.0470909,0 73.7660265,29.0408628,0 73.7602758,29.0320078,0 73.7578725,29.0291935,0 73.7523794,29.0257788,0 73.7512207,29.0242402,0 73.7515211,29.0187988,0 73.7507915,29.0169975,0 73.7497615,29.0152336,0 73.7483453,29.0124565,0 73.7473154,29.0105424,0 73.7405347,29.0039743,0 73.7367582,29.0182734,0 73.7346124,29.0174478,0 73.7268447,29.0245404,0 73.7131977,29.0215008,0 73.7108373,29.0238274,0 73.7027692,29.0233021,0 73.6986064,29.0258913,0 73.6981773,29.0311823,0 73.6994648,29.0341841,0 73.6905813,29.0360602,0 73.6817836,29.0219136,0 73.682084,29.0205251,0 73.6781787,29.0172227,0 73.6737155,29.0155339,0 73.6701965,29.0156089,0 73.6677074,29.0159467,0 73.6666774,29.0151586,0 73.6632013,29.0179732,0 73.6543178,29.0166597,0 73.6511421,29.0219136,0 73.6496401,29.0213507,0 73.6459279,29.0215571,0 73.6391902,29.0278239,0 73.6332679,29.027974,0 73.6330747,29.0306944,0 73.6276245,29.036623,0 73.6251783,29.0352722,0 73.6186981,29.0328333,0 73.6177325,29.0340715,0 73.6127758,29.0303755,0 73.6120891,29.030732,0 73.6022401,29.0260414,0 73.5993647,29.0248219,0 73.6005664,29.0224202,0 73.5975623,29.0191366,0 73.5955667,29.0164533,0 73.5895157,29.0133947,0 73.5894727,29.011612,0 73.5856318,29.0076337,0 73.5793662,29.0038617,0 73.5744095,29.0014595,0 73.5673499,28.9995077,0 73.5622215,28.9985881,0 73.5588097,29.0026231,0 73.5583591,29.0030923,0 73.5494542,29.0015158,0 73.5420728,29.0005587,0 73.5375452,29.0001458,0 73.5330391,28.9984943,0 73.5282969,28.9966926,0 73.5195637,28.9935395,0 73.510927,29.0004367,0 73.5061848,29.0033925,0 73.5060131,29.0052692,0 73.4996375,29.0052761,0 73.4908318,29.0051754,0 73.481884,29.0054005,0 73.4809398,29.0020788,0 73.4804034,29.0000145,0 73.4765625,28.9948721,0 73.4713912,28.987327,0 73.4672928,28.9822591,0 73.4624004,28.9853374,0 73.4623575,28.9869328,0 73.4642887,28.9914938,0 73.4652543,28.994309,0 73.4642887,28.9966363,0 73.4653401,28.9984192,0 73.4647393,28.9990573,0 73.4645033,28.9996766,0 73.4650182,29.0014596,0 73.4467792,29.0016472,0 73.4467792,29.0037866,0 73.4391832,29.0038242,0 73.4389257,29.0058134,0 73.3999157,29.0064139,0 73.3998298,29.0126816,0 73.3644032,29.0127567,0 73.363931,29.0019287,0 73.3250712,29.0016848,0 73.3249855,28.9877587,0 73.3124113,28.9876836,0 73.312025,28.9741311,0 73.3097505,28.9742813,0 73.309493,28.9695882,0 73.302927,28.9696258,0 73.3000516,28.969025,0 73.2809972,28.9694756,0 73.279581,28.9675232,0 73.2810831,28.9675232,0 73.2812118,28.9436409,0 73.2808685,28.9356414,0 73.2496261,28.9364301,0 73.2477031,28.9340816,0 73.2459354,28.9327118,0 73.2428241,28.9322235,0 73.2429743,28.926721,0 73.2354426,28.9264768,0 73.2348203,28.9178749,0 73.231945,28.9199034,0 73.227911,28.919678,0 73.2228469,28.9189267,0 73.2208728,28.919077,0 73.2184696,28.920542,0 73.2170963,28.9209176,0 73.2148647,28.9208049,0 73.2122898,28.9204669,0 73.2107019,28.9209552,0 73.2087707,28.9216313,0 73.2091999,28.8941691,0 73.2118177,28.8942818,0 73.2143497,28.892328,0 73.2158517,28.8895475,0 73.2177829,28.8874058,0 73.2185125,28.8863912,0 73.2195854,28.8858276,0 73.220787,28.8853391,0 73.220787,28.8785376,0 73.216753,28.8771472,0 73.2116031,28.8762077,0 73.2088136,28.8748172,0 73.2072687,28.8769217,0 73.2064104,28.8774102,0 73.2046938,28.8769968,0 73.2030201,28.8756064,0 73.2019472,28.8748548,0 73.1995868,28.8742159,0 73.1993615,28.8741972,0 73.1990611,28.874169,0 73.2041788,28.8680902,0 73.2095861,28.8637681,0 73.2147359,28.8576418,0 73.2155513,28.8561383,0 73.2207441,28.850876,0 73.2151651,28.8482072,0 73.2122898,28.8514023,0 73.1998014,28.851703,0 73.1915187,28.8442602,0 73.1867981,28.8389973,0 73.181734,28.8349748,0 73.1731939,28.8295235,0 73.1669282,28.8253502,0 73.1641817,28.8261774,0 73.1552553,28.8172288,0 73.1559848,28.8155743,0 73.1568002,28.813619,0 73.1503629,28.8045565,0 73.1554269,28.7946658,0 73.1519079,28.791281,0 73.1473159,28.7841724,0 73.143754,28.7840596,0 73.1392049,28.7816523,0 73.1348276,28.7810129,0 73.1256008,28.7739037,0 73.1246566,28.7742422,0 73.1106233,28.765703,0 73.1056022,28.7634458,0 73.098607,28.7649882,0 73.0922126,28.7633329,0 73.0798101,28.7619786,0 73.0647039,28.7539651,0 73.0534172,28.7506917,0 73.0517005,28.7506541,0 73.0495548,28.7511056,0 73.047924,28.747456,0 73.032732,28.7475312,0 73.0327749,28.7410594,0 73.0376672,28.7407583,0 73.0378818,28.7316519,0 73.0147075,28.73184,0 73.01445,28.7292058,0 73.009901,28.7292434,0 73.0093431,28.7252543,0 72.9676294,28.7248027,0 72.9228686,28.7250662,0 72.8575515,28.7250662,0 72.8573798,28.738764,0 72.8933429,28.7385383,0 72.89433,28.7509927,0 72.8935575,28.7543789,0 72.8676366,28.7545294,0 72.8675508,28.7587431,0 72.8472089,28.7587431,0 72.847166,28.7631448,0 72.834506,28.7633705,0 72.8343772,28.7678849,0 72.8266954,28.7679977,0 72.8267812,28.7748441,0 72.8062248,28.7747312,0 72.8063535,28.7771762,0 72.7995086,28.7768753,0 72.7930068,28.7786433,0 72.791376,28.7841349,0 72.7489757,28.7843605,0 72.7472162,28.7953804,0 72.7408218,28.7957189,0 72.7450617,28.8061172,0 72.7531385,28.8135814,0 72.7497911,28.8158375,0 72.748804,28.8139574,0 72.7256298,28.8139198,0 72.7264452,28.8159127,0 72.7114248,28.8159503,0 72.7111673,28.824899,0 72.7060604,28.8249366,0 72.7061033,28.8341853,0 72.7004814,28.8338846,0 72.6984214,28.8273805,0 72.6851606,28.8276437,0 72.6850747,28.8472675,0 72.6752686,28.847634,0 72.6771393,28.8563544,0 72.6791954,28.8563168,0 72.6789057,28.870035,0 72.6769638,28.8701008,0 72.6765775,28.8878191,0 72.6718139,28.8878191,0 72.6717494,28.8923281,0 72.6613398,28.8923979,0 72.6614216,28.9098062,0 72.641214,28.8991447,0 72.6377157,28.8972809,0 72.6341218,28.8953533,0 72.6303823,28.8933873,0 72.6270801,28.8916542,0 72.6235668,28.8897542,0 72.6200476,28.887854,0 72.6165386,28.885954,0 72.6130198,28.8840455,0 72.609519,28.88216,0 72.6059867,28.8802573,0 72.6025065,28.8783685,0 72.5989518,28.8764404,0 72.5954676,28.874565,0 72.5919153,28.8726435,0 72.5884372,28.8707591,0 72.5849007,28.8688521,0 72.5823327,28.8674541,0 72.5796559,28.8659914,0 72.5748803,28.863433,0 72.5708334,28.8612611,0 72.5677092,28.8595647,0 72.5638531,28.8574414,0 72.5604286,28.8554715,0 72.5569831,28.8534906,0 72.5546526,28.8523125,0 72.5497834,28.8498611,0 72.5462483,28.8479522,0 72.5427491,28.8460663,0 72.5395088,28.8443121,0 72.5357201,28.8422664,0 72.5319959,28.8402614,0 72.5286881,28.8384774,0 72.5252243,28.8366051,0 72.5216579,28.8346748,0 72.5181885,28.8328046,0 72.5146351,28.8308787,0 72.5106092,28.828719,0 72.5076011,28.8270901,0 72.5040854,28.8251888,0 72.5005746,28.8232989,0 72.4970868,28.82142,0 72.493556,28.8195123,0 72.4926727,28.8190362,0 72.490424,28.817824,0 72.4833315,28.8139947,0 72.4794979,28.8119237,0 72.476557,28.8107942,0 72.4748607,28.8101411,0 72.4719612,28.8090264,0 72.4696018,28.8081195,0 72.464401,28.8061193,0 72.4599877,28.8044186,0 72.4568405,28.8032061,0 72.4545788,28.8023402,0 72.4529623,28.8017232,0 72.4489653,28.8001793,0 72.44628,28.7991568,0 72.4437193,28.7981752,0 72.441718,28.797414,0 72.4391024,28.7964029,0 72.434172,28.7945185,0 72.4303901,28.7930736,0 72.4240901,28.7907044,0 72.4123846,28.7867595,0 72.403847,28.7829506,0 72.4006091,28.7798512,0 72.3981767,28.7775287,0 72.3943964,28.7738109,0 72.3921538,28.7715981,0 72.3902531,28.7697144,0 72.3881929,28.7674973,0 72.3819485,28.7607544,0 72.3793285,28.7579305,0 72.3765842,28.7552996,0 72.3737984,28.7526222,0 72.3710428,28.7499913,0 72.3689534,28.7478622,0 72.366091,28.7449455,0 72.3635144,28.7422979,0 72.3611439,28.7398864,0 72.3588951,28.7376454,0 72.3563879,28.73515,0 72.3546797,28.7334352,0 72.3513543,28.7294482,0 72.348983,28.7265907,0 72.345242,28.7221058,0 72.3425424,28.7189194,0 72.3401842,28.7161521,0 72.3375212,28.7130632,0 72.3350888,28.7102561,0 72.3333524,28.7082404,0 72.3300649,28.7044099,0 72.3273389,28.7014473,0 72.3248082,28.698701,0 72.3221065,28.6956063,0 72.3196649,28.6928233,0 72.3177897,28.6905519,0 72.3148081,28.6869303,0 72.3124153,28.6843911,0 72.3094773,28.6812917,0 72.3075333,28.6790302,0 72.3044429,28.6754335,0 72.301951,28.6726591,0 72.2993095,28.6697095,0 72.2970433,28.6626258,0 72.2954312,28.6576289,0 72.2939309,28.6529502,0 72.2914545,28.6450729,0 72.2893953,28.6382494,0 72.2882301,28.6341929,0 72.2870759,28.6304127,0 72.2849359,28.6229998,0 72.2801993,28.6071132,0 72.2778204,28.6003078,0 72.2742698,28.5902836,0 72.2724184,28.5852099,0 72.2710518,28.5814395,0 72.2701217,28.5790272,0 72.2692323,28.5763757,0 72.2670096,28.5692988,0 72.2657704,28.5662566,0 72.2641751,28.5623696,0 72.2635941,28.5607378,0 72.2617217,28.5553872,0 72.2591889,28.5483771,0 72.2566825,28.5413449,0 72.2541949,28.5343767,0 72.2532483,28.5317316,0 72.2516877,28.5273877,0 72.250673,28.5246076,0 72.2491908,28.5204216,0 72.2466922,28.513433,0 72.2461786,28.5119549,0 72.2411038,28.4977296,0 72.2324941,28.4733009,0 72.2299843,28.4658026,0 72.2295633,28.4645625,0 72.2240983,28.4481449,0 72.2202424,28.4364307,0 72.2168035,28.4261086,0 72.2136759,28.4165761,0 72.2118064,28.4108979,0 72.2066315,28.3947571,0 72.2061986,28.3938681,0 72.1929193,28.3788484,0 72.1910816,28.3769522,0 72.1847211,28.3703293,0 72.1811469,28.3666068,0 72.17755,28.3628596,0 72.1667189,28.3514729,0 72.1653317,28.3500119,0 72.1628523,28.3473653,0 72.1616845,28.3461022,0 72.1582026,28.3423218,0 72.1510533,28.3345506,0 72.1433871,28.3257509,0 72.1322575,28.3129475,0 72.1163278,28.3013332,0 72.1057281,28.2938417,0 72.0974741,28.2879821,0 72.0918356,28.283724,0 72.0863383,28.2795236,0 72.0786572,28.2737927,0 72.0749361,28.2710334,0 72.0696996,28.2672577,0 72.052747,28.2548707,0 72.0491238,28.252145,0 72.0415911,28.2465378,0 72.0338568,28.2407474,0 72.0285186,28.2367355,0 72.0043175,28.2185425,0 72.0021878,28.2158867,0 71.9993281,28.2122966,0 71.9903952,28.2010658,0 71.9868799,28.1967603,0 71.9759432,28.1829882,0 71.9719246,28.1779401,0 71.9569241,28.1590584,0 71.9500419,28.1503802,0 71.9467191,28.1461878,0 71.9448328,28.1437942,0 71.9399858,28.1377249,0 71.9341128,28.1302884,0 71.9314309,28.1268984,0 71.9277719,28.1222624,0 71.9273326,28.1217026,0 71.925708,28.1128529,0 71.9241179,28.104225,0 71.9220658,28.093106,0 71.921284,28.0889445,0 71.9210214,28.087491,0 71.9194061,28.0787279,0 71.9182743,28.0725834,0 71.9173996,28.0678663,0 71.9164827,28.0629083,0 71.9145125,28.0522192,0 71.9126807,28.0422796,0 71.9112782,28.034624,0 71.9105303,28.0303877,0 71.9087525,28.0199657,0 71.907759,28.0143108,0 71.9068333,28.0089933,0 71.9061671,28.005253,0 71.9054357,28.0011808,0 71.9034323,27.9896341,0 71.9025029,27.984433,0 71.9012821,27.9776856,0 71.9007866,27.9749092,0 71.9000501,27.9707616,0 71.8987279,27.9634063,0 71.8987123,27.9597403,0 71.8947845,27.9565856,0 71.8801887,27.9449911,0 71.8821287,27.9369768,0 71.8818282,27.9157049,0 71.8754768,27.914188,0 71.8729877,27.9034176,0</coordinates></LinearRing></outerBoundaryIs></Polygon>
    </Placemark>
    <Placemark><name>Moderate Fire Zone</name><styleUrl>#zone1</styleUrl>
      <Polygon><extrude>0</extrude><altitudeMode>clampToGround</altitudeMode><outerBoundaryIs><LinearRing><coordinates>73.0753695713979,27.82281247377417,0 73.08464522955607,27.8128089080188,0 73.08660326979522,27.7989808878723,0 73.1285579160711,27.757253440972974,0 73.15954762571141,27.756003129025704,0 73.17110914856693,27.746318807935722,0 73.2195490130806,27.746004075829976,0 73.23110878457459,27.73631888851171,0 73.2611884898607,27.735524002166972,0 73.32748958471734,27.66803213994825,0 73.34268213103906,27.664748671980615,0 73.35856159761244,27.64725361422894,0 73.37119776235089,27.645523111858676,0 73.39978528673032,27.626674713821185,0 73.4884833662829,27.62803159281232,0 73.5293651042742,27.668980880071405,0 73.5313207952474,27.682805698884177,0 73.54059731909454,27.69281244917637,0 73.54042546677908,27.744680317673417,0 73.53113586416707,27.753515134240857,0 73.53042866092274,27.794680324098447,0 73.52060470102342,27.80607974973992,0 73.52061152101516,27.909842293404758,0 73.53043675708251,27.921237655354943,0 73.5304415029226,27.99468034194837,0 73.52075288019367,28.00477024659033,0 73.52044537534728,28.05468034895101,0 73.5111578166576,28.063507450568164,0 73.51044731454193,28.084680354336296,0 73.50115995770852,28.093506705736342,0 73.49938905678788,28.10693710847839,0 73.49116138515589,28.113506209363997,0 73.48939015538954,28.126937109470607,0 73.4374337660374,28.178664327145455,0 73.4227633306999,28.18158503094948,0 73.40743465258933,28.198664240260143,0 73.38529353643233,28.200228407331075,0 73.37487595113416,28.209598948325514,0 73.2810994553017,28.20959894904349,0 73.27068186256705,28.20022840917582,0 73.24854075127517,28.198664240293287,0 73.23321207134767,28.18158503553041,0 73.21746553523673,28.17788572619481,0 73.20592690931635,28.165854756692305,0 73.20481115493611,28.1535052236697,0 73.19592813167043,28.145854756620807,0 73.19415875778218,28.132329460423012,0 73.18592935264896,28.125854755471302,0 73.1841618591237,28.092330455205648,0 73.14658908739429,28.056937106363165,0 73.1341672684274,28.022332190195417,0 73.10659237134695,27.99693710247099,0 73.10482327134692,27.98350943944136,0 73.09593848276846,27.975854748552543,0 73.09482469117683,27.963509934385673,0 73.0859396960285,27.95585474666833,0 73.08482611012093,27.943510429289983,0 73.07594090467548,27.93585473659033,0 73.0753695713979,27.82281247377417,0</coordinates></LinearRing></outerBoundaryIs></Polygon>
    </Placemark>
    <Placemark><name>High Fire Zone</name><styleUrl>#zone2</styleUrl>
      <Polygon><extrude>0</extrude><altitudeMode>clampToGround</altitudeMode><outerBoundaryIs><LinearRing><coordinates>73.12536628726484,27.872812466980747,0 73.13518364588597,27.861359826978262,0 73.13660110246855,27.838980886789262,0 73.15855544687147,27.817253613374955,0 73.17266859598163,27.81474868163618,0 73.18978002236602,27.796675076081392,0 73.21118217745901,27.795523579635834,0 73.22110815259002,27.786318888297018,0 73.25118325798891,27.78552401883883,0 73.25855705180271,27.7772535238571,0 73.28118424144269,27.775523584288692,0 73.29110866115964,27.76631884528543,0 73.32954650568475,27.766003606004418,0 73.34110956291872,27.75631871636542,0 73.4274168595662,27.757253080300398,0 73.44002442009325,27.770063217986568,0 73.44078703910411,27.7913580927278,0 73.45042905945064,27.801237639488615,0 73.45079040233541,27.84135933107297,0 73.46060779728116,27.852812468208764,0 73.46079444925002,27.901360818144216,0 73.47061174606327,27.912812478451624,0 73.47044344042502,28.02468033893748,0 73.46115568474791,28.033508202974666,0 73.46044537724359,28.054680347511248,0 73.45115782371745,28.063507457970633,0 73.44938741128925,28.076937105589256,0 73.44115924998279,28.083506961434143,0 73.43938850895697,28.096937106426488,0 73.39850799601807,28.13788572485653,0 73.38395295267817,28.140804700031886,0 73.37620648341831,28.14924247372392,0 73.28854181530241,28.14866379247188,0 73.24658634411983,28.10693710573095,0 73.24327734756349,28.091278236500234,0 73.21658853878341,28.066937105581548,0 73.21481828764016,28.05350771410249,0 73.20593422748185,28.045854751106827,0 73.20481971220828,28.033508210686033,0 73.19593544446798,28.02585475052729,0 73.19416803552396,28.012332444690983,0 73.15593848266117,27.97585474793015,0 73.15482468911976,27.963509945052476,0 73.14659455758512,27.95693710086552,0 73.14482610840672,27.943510440401454,0 73.13553776170917,27.934680338970036,0 73.1348282367695,27.913511183426333,0 73.12553969054537,27.904680336207583,0 73.12536628726484,27.872812466980747,0</coordinates></LinearRing></outerBoundaryIs></Polygon>
    </Placemark>
    <Placemark><name>Very High Fire Zone</name><styleUrl>#zone3</styleUrl>
      <Polygon><extrude>0</extrude><altitudeMode>clampToGround</altitudeMode><outerBoundaryIs><LinearRing><coordinates>73.19536562922944,27.882812470705993,0 73.20464088574128,27.872810377469868,0 73.2066000172551,27.858980886292834,0 73.2185543614123,27.847253612093798,0 73.23117694212617,27.84552313031997,0 73.24110751934226,27.83631888809285,0 73.27117802423679,27.835524027416106,0 73.28110767385975,27.826318882984577,0 73.32486772473355,27.82631888281066,0 73.33479737589285,27.835524026889306,0 73.36486787935998,27.836318887526406,0 73.3747984577696,27.84552312936795,0 73.38849410222826,27.848032137689927,0 73.39133379000204,27.862810127500527,0 73.40043354393782,27.87123764356484,0 73.40133596442743,27.89281087153167,0 73.40937755862143,27.89898088714969,0 73.41133741690801,27.91281136801246,0 73.42003347539023,27.92006322454301,0 73.42133959561268,27.942812112953877,0 73.43061438470492,27.952812473038538,0 73.43044021349907,27.974680343117058,0 73.42075154204456,27.984770762077027,0 73.42044343893123,28.024680344053852,0 73.41115568667733,28.033508210215732,0 73.40938631339591,28.056937105114724,0 73.38487401513913,28.079598990296944,0 73.29746957502114,28.077885178520532,0 73.26658963580297,28.04693710509694,0 73.26416648996332,28.032331950557626,0 73.23659182536285,28.00693710451815,0 73.22417112015607,27.97233343907818,0 73.20593969650494,27.95585474804306,0 73.20482610794932,27.943510445085362,0 73.19553776159674,27.934680339538648,0 73.19536562922944,27.882812470705993,0</coordinates></LinearRing></outerBoundaryIs></Polygon>
    </Placemark>
  </Folder>
  <Folder><name>District Boundary</name>
    <Placemark><name>Bikaner District</name><styleUrl>#boundary</styleUrl>
      <Polygon><extrude>0</extrude><altitudeMode>clampToGround</altitudeMode><outerBoundaryIs><LinearRing><coordinates>71.8729877,27.9034176,0 71.8776225,27.8995491,0 71.8832873,27.8979562,0 71.8853473,27.8951495,0 71.8851756,27.8784595,0 71.8934154,27.8704929,0 71.8981361,27.8743625,0 71.8994235,27.8795217,0 71.9021701,27.8825564,0 71.9162463,27.8822529,0 71.9193362,27.8745901,0 71.9220828,27.8711758,0 71.9274901,27.8717069,0 71.9329833,27.8737555,0 71.9380473,27.8766386,0 71.9401073,27.8801286,0 71.9407081,27.8838461,0 71.9401073,27.8874117,0 71.9383906,27.8893841,0 71.9349574,27.8914324,0 71.9453429,27.9060724,0 71.9541835,27.9189661,0 71.9594192,27.9250332,0 71.9621657,27.9294317,0 71.964569,27.9333749,0 71.9692039,27.9336783,0 71.9795894,27.9317066,0 71.9867133,27.9311758,0 71.9926356,27.9329958,0 72.0007896,27.9362943,0 72.0027637,27.9365597,0 72.0096731,27.9407302,0 72.0173978,27.9456209,0 72.0215606,27.9474027,0 72.0289421,27.9504734,0 72.0354223,27.945128,0 72.0422029,27.9424363,0 72.0506143,27.9384554,0 72.0673513,27.9299245,0 72.0747757,27.9231373,0 72.0787239,27.9200279,0 72.0819854,27.9103199,0 72.0885086,27.9037589,0 72.1003532,27.8971217,0 72.1172618,27.887753,0 72.1329689,27.8799768,0 72.1424102,27.8753867,0 72.1452856,27.8701515,0 72.1491909,27.8600216,0 72.1474742,27.8573278,0 72.1380114,27.8471588,0 72.1403932,27.8379756,0 72.1442985,27.827691,0 72.1490621,27.8158492,0 72.1509075,27.792921,0 72.1502637,27.7809236,0 72.1488905,27.7795946,0 72.1436119,27.7749623,0 72.1342563,27.7644439,0 72.1225404,27.7562031,0 72.1156311,27.7513419,0 72.1013832,27.7522913,0 72.0998382,27.7485694,0 72.0982074,27.749215,0 72.095375,27.7445814,0 72.0937013,27.7423405,0 72.0923709,27.7409731,0 72.0921993,27.7400995,0 72.092843,27.738884,0 72.0934438,27.7384282,0 72.0941305,27.7373647,0 72.0946884,27.7363771,0 72.0955896,27.7355414,0 72.0969629,27.7348957,0 72.0905256,27.7216762,0 72.0916843,27.7211823,0 72.092843,27.7204605,0 72.0934009,27.7190929,0 72.0937442,27.7169274,0 72.0950317,27.7149138,0 72.0972204,27.7146479,0 72.0979499,27.7139261,0 72.0989799,27.7133942,0 72.1001386,27.7117605,0 72.1051168,27.7079991,0 72.1073913,27.7098228,0 72.1093225,27.7112666,0 72.1112966,27.7124823,0 72.1140432,27.7137361,0 72.1409082,27.7137741,0 72.1472168,27.7115325,0 72.1637821,27.7056815,0 72.1855831,27.6974362,0 72.1949386,27.6912044,0 72.2101306,27.682046,0 72.2143364,27.6791197,0 72.2158384,27.6758133,0 72.2183275,27.668592,0 72.2206449,27.6605341,0 72.2321033,27.6668437,0 72.238326,27.6704544,0 72.2455787,27.6755853,0 72.2467804,27.6769155,0 72.2561788,27.6868723,0 72.2686672,27.700058,0 72.273302,27.7038577,0 72.2821855,27.7052635,0 72.2939872,27.7098228,0 72.3240709,27.6974362,0 72.3289632,27.6957643,0 72.3339414,27.6953843,0 72.3376751,27.6932944,0 72.3373317,27.6908244,0 72.3359584,27.6839081,0 72.3317098,27.674103,0 72.326045,27.6615984,0 72.3223114,27.6516012,0 72.3174619,27.6346457,0 72.3144579,27.6305395,0 72.3050594,27.6173454,0 72.2996521,27.6028947,0 72.2943735,27.5949079,0 72.2864341,27.582242,0 72.276349,27.5683954,0 72.2645044,27.5639062,0 72.2564792,27.5609387,0 72.2639036,27.558656,0 72.2757697,27.5549465,0 72.2800397,27.5533295,0 72.2909616,27.547489,0 72.2879362,27.531012,0 72.2828722,27.5293376,0 72.2843957,27.5255129,0 72.2759414,27.5174063,0 72.2613287,27.5150085,0 72.2498917,27.5132196,0 72.2475529,27.5130483,0 72.2468018,27.5124203,0 72.2465658,27.5114497,0 72.2465443,27.5034944,0 72.2465229,27.4989455,0 72.2472524,27.4966043,0 72.2483039,27.4953291,0 72.2494626,27.4936731,0 72.2503423,27.4930069,0 72.2501492,27.4921884,0 72.2496772,27.4917506,0 72.2491622,27.4909512,0 72.2423816,27.4759508,0 72.243154,27.4748276,0 72.2513723,27.4629856,0 72.2526383,27.4624905,0 72.2583675,27.4601867,0 72.2652769,27.4582827,0 72.2691822,27.461748,0 72.2827863,27.4729047,0 72.2876572,27.4763886,0 72.2889447,27.4774547,0 72.2910046,27.4836416,0 72.2938156,27.4912557,0 72.2982359,27.4939206,0 72.2979355,27.5000494,0 72.303257,27.5027521,0 72.3143077,27.5090137,0 72.3240065,27.5171589,0 72.3364305,27.5115829,0 72.3414516,27.5083285,0 72.3489618,27.5005824,0 72.3571157,27.4925501,0 72.3594331,27.494149,0 72.361021,27.5041605,0 72.3622226,27.5101746,0 72.3628449,27.521707,0 72.3657417,27.5308979,0 72.3709559,27.5359782,0 72.3756552,27.5401831,0 72.3808694,27.5461381,0 72.3817277,27.5467279,0 72.3854399,27.5487255,0 72.391169,27.5518265,0 72.3962974,27.5538621,0 72.4003529,27.5500002,0 72.4032926,27.5468611,0 72.4071765,27.5503616,0 72.4129915,27.5544708,0 72.4138284,27.5567727,0 72.4198794,27.5592837,0 72.4285483,27.5632785,0 72.4336552,27.5655231,0 72.4355221,27.5670638,0 72.4383974,27.5687758,0 72.4401355,27.573512,0 72.4425387,27.5794272,0 72.4444699,27.5839727,0 72.4463367,27.5890506,0 72.4528599,27.5899444,0 72.457366,27.5903818,0 72.4602842,27.5911425,0 72.4613571,27.5918081,0 72.4630523,27.5942043,0 72.4663996,27.5919412,0 72.4693608,27.5903438,0 72.4725795,27.5897352,0 72.4829864,27.5903438,0 72.4912691,27.5891266,0 72.4952388,27.5901536,0 72.4960327,27.5879285,0 72.4970412,27.5865022,0 72.4998951,27.5872249,0 72.502706,27.5900395,0 72.509315,27.5909143,0 72.5144648,27.5947177,0 72.5190568,27.5982358,0 72.5297212,27.6065075,0 72.5395703,27.6145124,0 72.5452566,27.6175545,0 72.5542044,27.6202543,0 72.5582599,27.6158243,0 72.5637102,27.6088273,0 72.5776577,27.6089604,0 72.5867986,27.6106336,0 72.5916481,27.6031228,0 72.5990724,27.6078956,0 72.6049304,27.600917,0 72.6174617,27.592816,0 72.6130628,27.5865402,0 72.616539,27.5816144,0 72.619586,27.5767834,0 72.6205945,27.5745391,0 72.620852,27.5730555,0 72.6292634,27.5683763,0 72.6352501,27.5651426,0 72.6385975,27.5626127,0 72.6420307,27.5549845,0 72.6431465,27.5518836,0 72.6471805,27.5432843,0 72.6491117,27.5442546,0 72.6557851,27.5363016,0 72.6629948,27.5427896,0 72.6668572,27.5462332,0 72.6662993,27.5498289,0 72.666471,27.5535387,0 72.6675224,27.5662079,0 72.668488,27.5712485,0 72.6700544,27.5757944,0 72.6721573,27.5791799,0 72.6746464,27.5820518,0 72.6778435,27.5851328,0 72.6827144,27.5934056,0 72.6903963,27.6052145,0 72.691834,27.6036552,0 72.7042794,27.5936908,0 72.7070904,27.5875672,0 72.7121544,27.5892788,0 72.7177119,27.5767644,0 72.7213383,27.5696698,0 72.722454,27.5671209,0 72.7239346,27.5597974,0 72.7236342,27.5571722,0 72.7241492,27.5563351,0 72.725265,27.5549845,0 72.7248788,27.5547562,0 72.7255654,27.5521499,0 72.726767,27.5502475,0 72.7291059,27.5488587,0 72.7340197,27.5452439,0 72.7409076,27.5410583,0 72.7454138,27.538014,0 72.7477312,27.5367773,0 72.7514648,27.5329338,0 72.7555632,27.5295849,0 72.7611851,27.52498,0 72.7651548,27.5279295,0 72.7644896,27.5287667,0 72.7703047,27.5341896,0 72.7727079,27.5359782,0 72.7730942,27.5384326,0 72.7739739,27.5402021,0 72.772944,27.5413246,0 72.7732014,27.5421998,0 72.7732658,27.5427706,0 72.7727723,27.5434745,0 72.7734804,27.544559,0 72.7737593,27.545301,0 72.7736521,27.5478123,0 72.7727294,27.5499431,0 72.7713132,27.5527016,0 72.7668929,27.5633165,0 72.7666569,27.56461,0 72.7672362,27.5651617,0 72.7688885,27.5660747,0 72.7722144,27.5671589,0 72.773931,27.5667595,0 72.7753472,27.5667595,0 72.7766347,27.5668546,0 72.7807116,27.569917,0 72.7817845,27.5671589,0 72.7851748,27.568985,0 72.7885222,27.57083,0 72.7913332,27.5707349,0 72.7937579,27.5714768,0 72.7944016,27.5707349,0 72.7957964,27.571705,0 72.7992081,27.5713246,0 72.8011179,27.5718001,0 72.8047871,27.5733218,0 72.8125334,27.5765552,0 72.815237,27.5776964,0 72.823348,27.5805113,0 72.822361,27.582242,0 72.8268456,27.5846764,0 72.8312874,27.5786474,0 72.8322959,27.579256,0 72.8370809,27.5737592,0 72.8395057,27.5714007,0 72.8409004,27.5646861,0 72.8420806,27.5596261,0 72.8430891,27.5577238,0 72.843368,27.5564112,0 72.8432607,27.5552698,0 72.8415012,27.5533865,0 72.840836,27.5523021,0 72.8406858,27.5513699,0 72.8406429,27.5444639,0 72.8412437,27.5408299,0 72.8407502,27.5387371,0 72.8390336,27.5347034,0 72.8356218,27.5302699,0 72.8321457,27.5270732,0 72.8262663,27.5220305,0 72.8261161,27.5211932,0 72.8239703,27.5199563,0 72.821095,27.5230391,0 72.8198933,27.5220876,0 72.8187132,27.5224492,0 72.8173399,27.5199944,0 72.816031,27.5211742,0 72.8133917,27.5177679,0 72.8137994,27.5167973,0 72.8140569,27.5154271,0 72.8163957,27.5145708,0 72.8164601,27.5131435,0 72.8176188,27.5124774,0 72.8174042,27.5096607,0 72.8206229,27.5072627,0 72.8179192,27.5000875,0 72.8218674,27.4982222,0 72.8192925,27.4963188,0 72.8204512,27.4940538,0 72.819314,27.4907989,0 72.8158593,27.4887622,0 72.8175759,27.4779497,0 72.8197431,27.4764457,0 72.8212452,27.4741422,0 72.8252578,27.4683546,0 72.8259229,27.4683736,0 72.8281331,27.470011,0 72.8303432,27.4697063,0 72.8341412,27.47102,0 72.8348493,27.4706011,0 72.8368878,27.4714959,0 72.8374886,27.4709819,0 72.8390121,27.4718767,0 72.8393125,27.4714959,0 72.8404712,27.4721813,0 72.8412437,27.47201,0 72.8479814,27.4742945,0 72.8494835,27.4733617,0 72.8537965,27.4768646,0 72.8564358,27.4795868,0 72.8609204,27.4788444,0 72.8703403,27.4784256,0 72.8715849,27.4773786,0 72.873795,27.4762934,0 72.8755331,27.4734568,0 72.8726792,27.4699729,0 72.8700828,27.4669077,0 72.8648686,27.4624525,0 72.8621006,27.4573687,0 72.8581738,27.4516374,0 72.8562426,27.4483241,0 72.8522301,27.4456011,0 72.8535819,27.4439253,0 72.8563499,27.4456772,0 72.8597402,27.4458867,0 72.8613925,27.4444395,0 72.8645897,27.4444585,0 72.8723788,27.4448584,0 72.8734302,27.4455439,0 72.8761124,27.4476957,0 72.8795242,27.4481908,0 72.8828931,27.449638,0 72.8836441,27.4492191,0 72.8880644,27.4509709,0 72.8887725,27.4495999,0 72.888987,27.4477719,0 72.8899741,27.439812,0 72.890532,27.4338702,0 72.8904462,27.4324418,0 72.8893089,27.427052,0 72.8891802,27.4263283,0 72.8892445,27.4248236,0 72.8954029,27.4150716,0 72.9071188,27.4269377,0 72.9073763,27.4279662,0 72.9177618,27.4374505,0 72.9223537,27.4400024,0 72.9228902,27.441583,0 72.9275036,27.4454297,0 72.9287696,27.4457915,0 72.9319882,27.4485907,0 72.9360652,27.4439824,0 72.9370308,27.4443633,0 72.9384255,27.4391645,0 72.9410863,27.4310325,0 72.9403996,27.4305564,0 72.9427814,27.4190525,0 72.9425239,27.4125001,0 72.9412579,27.4088047,0 72.9419875,27.4072998,0 72.9422664,27.404671,0 72.9425025,27.4031279,0 72.9466438,27.4033184,0 72.9501414,27.4024802,0 72.9509997,27.4023278,0 72.9530597,27.400118,0 72.9552698,27.3963078,0 72.956407,27.3951267,0 72.9605913,27.3941932,0 72.9621792,27.3929739,0 72.9634452,27.3912782,0 72.9638743,27.3888967,0 72.964046,27.3883061,0 72.9656338,27.3874678,0 72.9665565,27.3865533,0 72.9693246,27.3883442,0 72.9714918,27.3894302,0 72.9738307,27.3875059,0 72.9735517,27.3855053,0 72.9738307,27.3849338,0 72.9750967,27.3843622,0 72.9761481,27.3838096,0 72.977457,27.3832952,0 72.9786157,27.3825712,0 72.979002,27.3821901,0 72.9794526,27.3819043,0 72.9823923,27.3837906,0 72.9891944,27.3865914,0 72.9942584,27.3908019,0 72.9971123,27.3937359,0 73.0002022,27.3966889,0 73.0030131,27.3977176,0 73.0048156,27.3986702,0 73.00812,27.4019468,0 73.0139565,27.4091666,0 73.0168748,27.4109953,0 73.0230117,27.4152811,0 73.0306077,27.4201382,0 73.0336332,27.4216048,0 73.0367017,27.4205953,0 73.0395984,27.4210334,0 73.0431604,27.4218143,0 73.0453276,27.4227476,0 73.0474948,27.4241381,0 73.0477309,27.4231857,0 73.0505633,27.4234904,0 73.0530095,27.4233761,0 73.0546188,27.4245379,0 73.056035,27.4255283,0 73.0570006,27.4259664,0 73.0575585,27.4259093,0 73.0583739,27.4252617,0 73.059597,27.4246903,0 73.0602836,27.4243856,0 73.0607557,27.4242142,0 73.0637383,27.4261188,0 73.0663347,27.4251855,0 73.0682659,27.4257759,0 73.0694032,27.4267092,0 73.0713558,27.4276805,0 73.0716347,27.4285185,0 73.0716347,27.4292232,0 73.0726862,27.4294899,0 73.07554,27.4294899,0 73.0795741,27.4286138,0 73.0805826,27.428309,0 73.0816555,27.4281757,0 73.0836081,27.4255474,0 73.0853247,27.4264806,0 73.0867195,27.427471,0 73.087492,27.4284043,0 73.0890584,27.4271853,0 73.0902171,27.4276234,0 73.0915689,27.4282709,0 73.095324,27.426214,0 73.1030917,27.4221191,0 73.1094217,27.4185573,0 73.1102586,27.4170716,0 73.1109667,27.4162144,0 73.1110954,27.4151478,0 73.1112242,27.4142335,0 73.1116318,27.4135858,0 73.1124902,27.412843,0 73.1128335,27.4110524,0 73.113091,27.4093761,0 73.1133485,27.4085189,0 73.1150436,27.4070331,0 73.1163311,27.4065378,0 73.117361,27.4065378,0 73.1184554,27.4062521,0 73.1187773,27.4054139,0 73.1189489,27.4044614,0 73.1193352,27.4036804,0 73.1210732,27.4025374,0 73.1228542,27.4026707,0 73.1243562,27.4019087,0 73.1250644,27.4012229,0 73.1250214,27.4007848,0 73.1246352,27.3999846,0 73.1244206,27.3992607,0 73.1243992,27.3984987,0 73.1244206,27.3975652,0 73.1247425,27.3970127,0 73.1258368,27.3959459,0 73.1256008,27.3951838,0 73.1251287,27.3945932,0 73.1246781,27.3941169,0 73.1240344,27.3936026,0 73.1239486,27.3929167,0 73.1240773,27.3924023,0 73.1243348,27.3918879,0 73.1240344,27.3911068,0 73.1239486,27.3902494,0 73.1241846,27.3896398,0 73.1249141,27.3891063,0 73.1251716,27.388649,0 73.1246567,27.3874297,0 73.1211591,27.3834667,0 73.1218242,27.3826093,0 73.122468,27.3826283,0 73.1232834,27.3816185,0 73.1239056,27.3807992,0 73.1244635,27.38038,0 73.1252789,27.379694,0 73.1256437,27.3788557,0 73.1258368,27.3779792,0 73.1259656,27.3771217,0 73.1268668,27.3762262,0 73.125472,27.3743207,0 73.1249571,27.3729106,0 73.1253862,27.3719007,0 73.1256652,27.3711766,0 73.1258154,27.3703763,0 73.125751,27.3694997,0 73.1257295,27.3684135,0 73.1259441,27.3675751,0 73.1268024,27.3670415,0 73.1274462,27.3669081,0 73.1288838,27.3669653,0 73.1293988,27.3667938,0 73.1300211,27.3645261,0 73.1289482,27.3633445,0 73.1286692,27.3626585,0 73.128562,27.3616485,0 73.1274676,27.3606766,0 73.1268239,27.3599333,0 73.1260729,27.358828,0 73.1258368,27.3584659,0 73.1269741,27.35717,0 73.1296348,27.357189,0 73.1262231,27.3537967,0 73.1261802,27.3520814,0 73.1269955,27.3497372,0 73.1273818,27.3486889,0 73.127253,27.3475072,0 73.127017,27.3464971,0 73.1264162,27.3445149,0 73.1274461,27.3424183,0 73.1280469,27.340131,0 73.1289911,27.3395211,0 73.1292915,27.3355563,0 73.1298494,27.3317058,0 73.1300211,27.3285796,0 73.1310081,27.3226128,0 73.1315875,27.3211258,0 73.1325102,27.3202488,0 73.1312656,27.3188762,0 73.1321668,27.3182471,0 73.1306219,27.3166456,0 73.1306433,27.3163787,0 73.1312656,27.3139956,0 73.1313944,27.3128135,0 73.1316948,27.3122225,0 73.1322956,27.3113836,0 73.1327033,27.3108689,0 73.1339744,27.3095104,0 73.1371322,27.3074748,0 73.1393766,27.3056542,0 73.1404388,27.3050536,0 73.1416404,27.304434,0 73.1423807,27.3041575,0 73.1427562,27.3037952,0 73.1428957,27.3034997,0 73.1440759,27.3034139,0 73.1455886,27.3009637,0 73.1462538,27.3015453,0 73.1466508,27.3006586,0 73.1475842,27.3001438,0 73.149848,27.299343,0 73.1512427,27.2986756,0 73.1520688,27.2981608,0 73.1518435,27.2975887,0 73.1527662,27.2966544,0 73.154515,27.2954054,0 73.1578302,27.2938036,0 73.1586456,27.2935081,0 73.1601691,27.2935558,0 73.159858,27.2913438,0 73.1616819,27.2910386,0 73.1629693,27.2909719,0 73.1641495,27.2905524,0 73.1640315,27.2898373,0 73.1638491,27.2894654,0 73.1638276,27.2892175,0 73.1639671,27.2888933,0 73.1647396,27.2884833,0 73.1672501,27.2881592,0 73.1722176,27.2881306,0 73.1760263,27.2873201,0 73.1771743,27.2869578,0 73.1777322,27.2871199,0 73.1788587,27.2873106,0 73.180232,27.2873582,0 73.1812191,27.2874917,0 73.1818628,27.2878731,0 73.1822276,27.2883785,0 73.1822598,27.2897705,0 73.1819808,27.29142,0 73.1821632,27.2931267,0 73.1825066,27.2961586,0 73.1831288,27.2982466,0 73.1839442,27.2998483,0 73.1836975,27.3010305,0 73.1828821,27.3044435,0 73.1833219,27.3055112,0 73.1872809,27.308886,0 73.1875598,27.3098583,0 73.1874204,27.3113455,0 73.1869268,27.3139861,0 73.1870019,27.3146247,0 73.1875169,27.3150156,0 73.1885791,27.3155494,0 73.1909501,27.3164168,0 73.1920874,27.3171508,0 73.1926024,27.3178562,0 73.192817,27.3181136,0 73.1956816,27.3199724,0 73.1958532,27.3209732,0 73.1961,27.3212497,0 73.1976879,27.3219836,0 73.1999516,27.3238138,0 73.200767,27.3243761,0 73.2026124,27.3247193,0 73.2038677,27.3247955,0 73.2045114,27.3252816,0 73.2052946,27.3261681,0 73.2059491,27.327188,0 73.2064104,27.3271498,0 73.2068503,27.3266637,0 73.2071185,27.3264636,0 73.2076013,27.3268734,0 73.208245,27.3274167,0 73.2098436,27.328713,0 73.2121289,27.3303238,0 73.2137275,27.3318202,0 73.2167208,27.3331736,0 73.2187915,27.3347366,0 73.2197785,27.335299,0 73.2213342,27.3350798,0 73.2226324,27.3349273,0 73.2236409,27.3348129,0 73.2241452,27.3348129,0 73.2246709,27.3349463,0 73.2251966,27.3351655,0 73.2255614,27.335299,0 73.2260334,27.3353847,0 73.2277501,27.3349844,0 73.2285225,27.3343363,0 73.2286942,27.3338693,0 73.2287049,27.3333928,0 73.2285976,27.3327828,0 73.2284582,27.3322967,0 73.2286405,27.3320298,0 73.2294452,27.3316009,0 73.2298636,27.3311816,0 73.2300997,27.3306097,0 73.230443,27.3299139,0 73.2307649,27.3290752,0 73.230679,27.3284652,0 73.2306254,27.3280363,0 73.2305288,27.3278456,0 73.2301855,27.3274739,0 73.2300997,27.3270926,0 73.2301426,27.3265208,0 73.2306683,27.3255104,0 73.2309258,27.3250529,0 73.2314193,27.3243571,0 73.2316553,27.3240521,0 73.2320523,27.3239281,0 73.2325351,27.3241474,0 73.2330179,27.3244143,0 73.2337582,27.3247002,0 73.2341123,27.3247574,0 73.2345843,27.3241569,0 73.2350993,27.3234801,0 73.2352495,27.3231942,0 73.2351851,27.3229082,0 73.2349491,27.322527,0 73.2352388,27.3218693,0 73.2355177,27.3213641,0 73.2358289,27.3209923,0 73.2363868,27.3209447,0 73.2373202,27.3213545,0 73.2381248,27.3217072,0 73.2390153,27.3219455,0 73.2397878,27.3220694,0 73.2405603,27.322079,0 73.2410967,27.3218788,0 73.241322,27.3215452,0 73.2414508,27.3207826,0 73.24144,27.3191621,0 73.2413971,27.318371,0 73.2415903,27.3178848,0 73.2421482,27.3172176,0 73.2425129,27.31676,0 73.2427382,27.3164264,0 73.2446051,27.3148249,0 73.2447767,27.313681,0 73.2453561,27.3129375,0 73.2459247,27.3124418,0 73.246268,27.3120795,0 73.2465255,27.3116696,0 73.2448089,27.3099632,0 73.2427919,27.3074751,0 73.2418692,27.306741,0 73.241086,27.3062739,0 73.2406676,27.306007,0 73.2400775,27.3056638,0 73.2392514,27.305311,0 73.2391655,27.3051108,0 73.2392943,27.3046246,0 73.2394123,27.3043195,0 73.2392836,27.302737,0 73.2395089,27.3022984,0 73.2397771,27.301755,0 73.2400775,27.3011353,0 73.2407749,27.3007921,0 73.2417083,27.3004966,0 73.2422018,27.300344,0 73.2431352,27.3000103,0 73.2428992,27.2992667,0 73.2423413,27.2983705,0 73.2414293,27.2975125,0 73.2403028,27.2964732,0 73.2398951,27.2961681,0 73.2394338,27.2956438,0 73.2399166,27.295005,0 73.2406568,27.2944138,0 73.2396591,27.2927167,0 73.2433283,27.2897991,0 73.2438326,27.2890936,0 73.2448304,27.2887122,0 73.2455599,27.2884357,0 73.2463539,27.2880066,0 73.2464826,27.2878827,0 73.2462573,27.2856038,0 73.2478452,27.2866717,0 73.2497334,27.2844977,0 73.2492399,27.2835824,0 73.2498407,27.2831819,0 73.2514715,27.2843452,0 73.2517075,27.2839256,0 73.2515359,27.2829149,0 73.2536387,27.2808552,0 73.2549047,27.2792342,0 73.2569647,27.2759348,0 73.2608914,27.2689353,0 73.2607627,27.2675048,0 73.2594323,27.2659217,0 73.2582092,27.2636328,0 73.2572007,27.262126,0 73.2578444,27.2605238,0 73.2586384,27.2599897,0 73.2593465,27.2600087,0 73.2599473,27.2589406,0 73.2603121,27.2580059,0 73.2607627,27.257262,0 73.2611275,27.2564608,0 73.2614064,27.2556978,0 73.2617283,27.2550683,0 73.2624793,27.25524,0 73.2644963,27.2553545,0 73.2667494,27.2515012,0 73.2679724,27.2501086,0 73.2688951,27.2494219,0 73.2710624,27.2483154,0 73.2727146,27.2468847,0 73.2738304,27.2456256,0 73.2764053,27.2433936,0 73.2765341,27.2417529,0 73.2768988,27.2408181,0 73.2773709,27.2408181,0 73.2783794,27.2406273,0 73.2791734,27.2399978,0 73.2799673,27.2395781,0 73.2805252,27.2391583,0 73.2813835,27.2382426,0 73.2826924,27.2377275,0 73.283143,27.2369643,0 73.2834863,27.2362012,0 73.2837009,27.2359532,0 73.2854819,27.2357051,0 73.2865977,27.2352473,0 73.2877564,27.2345032,0 73.2880783,27.234217,0 73.2888937,27.2325571,0 73.2900524,27.2324426,0 73.2910824,27.2300386,0 73.292005,27.2289129,0 73.2927131,27.2283214,0 73.2934427,27.2273865,0 73.2942796,27.2263753,0 73.2957816,27.2248107,0 73.2972622,27.223227,0 73.298893,27.2188956,0 73.2999658,27.2164149,0 73.3005023,27.2151937,0 73.302691,27.2119496,0 73.3043217,27.2096788,0 73.3065748,27.2075796,0 73.3071327,27.2062438,0 73.3075189,27.2042018,0 73.3077335,27.2028468,0 73.3077335,27.201988,0 73.3079481,27.2012819,0 73.3084416,27.2004994,0 73.3088064,27.2000605,0 73.3107805,27.2003467,0 73.3116603,27.1993734,0 73.3127546,27.1981329,0 73.3133125,27.1972359,0 73.3136987,27.1965488,0 73.3144712,27.1955754,0 73.3159089,27.1964725,0 73.316853,27.197274,0 73.3173895,27.1976939,0 73.3181619,27.1966251,0 73.3187198,27.1959762,0 73.3192992,27.1955182,0 73.3194494,27.1952892,0 73.3219707,27.1954132,0 73.3231294,27.1956899,0 73.3241486,27.1959094,0 73.3249426,27.1950887,0 73.3257472,27.1948979,0 73.32829,27.191262,0 73.3269703,27.1895633,0 73.3260262,27.188399,0 73.3257043,27.1878169,0 73.3260155,27.1868434,0 73.3262837,27.1862995,0 73.3267021,27.1854405,0 73.3260906,27.1845243,0 73.327142,27.1829592,0 73.3312297,27.1854596,0 73.3310687,27.1871679,0 73.3311653,27.1881509,0 73.3328926,27.1890193,0 73.3370018,27.1906703,0 73.3361542,27.1917582,0 73.3359611,27.1923785,0 73.3378279,27.1936859,0 73.339051,27.1949742,0 73.339448,27.1955086,0 73.3395338,27.1960048,0 73.3394158,27.1965297,0 73.3395016,27.1970259,0 73.3395982,27.1971404,0 73.3407462,27.1975985,0 73.3412504,27.198276,0 73.3448124,27.2003944,0 73.3456492,27.2006902,0 73.3445334,27.2020739,0 73.3440077,27.2028182,0 73.3440828,27.2033811,0 73.3441472,27.2037628,0 73.3440077,27.2041445,0 73.3491468,27.2077227,0 73.3520114,27.2095738,0 73.3520973,27.2102608,0 73.3508313,27.2111482,0 73.3497906,27.2119019,0 73.3495009,27.2125984,0 73.3495653,27.2129706,0 73.3495867,27.2132473,0 73.3491039,27.2141155,0 73.3483422,27.2138102,0 73.3478594,27.2136957,0 73.3471298,27.2142682,0 73.3464539,27.2145639,0 73.3457887,27.2142205,0 73.3443618,27.2157757,0 73.3435893,27.2159188,0 73.3428705,27.2163195,0 73.3414006,27.2174263,0 73.3405423,27.218428,0 73.3400381,27.2188383,0 73.3381498,27.2191054,0 73.3355749,27.2195062,0 73.3365619,27.2209468,0 73.3375704,27.2221298,0 73.3378279,27.223227,0 73.337388,27.2253735,0 73.337152,27.2287984,0 73.3376026,27.2309258,0 73.3383429,27.2335778,0 73.3389223,27.2361249,0 73.338933,27.2377656,0 73.3389115,27.2387291,0 73.3388579,27.2394827,0 73.3387399,27.2399787,0 73.3398235,27.2406178,0 73.3403921,27.2412378,0 73.3407462,27.2417815,0 73.3416581,27.2422012,0 73.3421838,27.2425351,0 73.3428705,27.2432028,0 73.343246,27.2450056,0 73.3460033,27.2487256,0 73.3480203,27.2511864,0 73.3509385,27.2538475,0 73.3607983,27.2623167,0 73.3639097,27.2656165,0 73.3694029,27.2692976,0 73.3765268,27.273322,0 73.3770633,27.2707949,0 73.3767736,27.2692976,0 73.3767736,27.2686205,0 73.3768487,27.2682391,0 73.3778357,27.268487,0 73.3788657,27.2688399,0 73.3791876,27.2692595,0 73.3791017,27.2697363,0 73.3791554,27.2700701,0 73.3799708,27.2708425,0 73.3806252,27.2713384,0 73.3813226,27.2716436,0 73.3819342,27.2719678,0 73.3824062,27.2721681,0 73.3858502,27.2738083,0 73.388071,27.2752673,0 73.3884251,27.2756964,0 73.3883607,27.2764784,0 73.3887362,27.2770219,0 73.3890474,27.2773366,0 73.3919763,27.2795107,0 73.3931243,27.2805406,0 73.3931136,27.2813129,0 73.3932745,27.2817611,0 73.3937251,27.2821139,0 73.3966863,27.2839542,0 73.4002483,27.286071,0 73.4037459,27.2877778,0 73.4058487,27.288531,0 73.4075868,27.289761,0 73.4097004,27.2909242,0 73.4098184,27.2919349,0 73.4101295,27.2924402,0 73.4126347,27.2936225,0 73.4141314,27.294595,0 73.4148985,27.295167,0 73.4151506,27.2957153,0 73.4157729,27.2963207,0 73.4179723,27.2977079,0 73.4197319,27.2985564,0 73.4229505,27.2998912,0 73.4250641,27.3008255,0 73.4280521,27.3017693,0 73.4293073,27.3028132,0 73.4313351,27.3045388,0 73.4330517,27.3055827,0 73.4347308,27.3065647,0 73.4354067,27.3068125,0 73.4367649,27.307093,0 73.4378293,27.309677,0 73.4383678,27.3121081,0 73.4389472,27.3128898,0 73.4455561,27.3138049,0 73.4458565,27.3124132,0 73.4514999,27.313252,0 73.4556198,27.3147773,0 73.4592032,27.3163215,0 73.4657049,27.3181517,0 73.4707904,27.3193147,0 73.4727859,27.3197341,0 73.4755754,27.3203823,0 73.4773135,27.3210495,0 73.4785366,27.3216786,0 73.4826779,27.323299,0 73.4891581,27.3256629,0 73.4924197,27.3267305,0 73.4948659,27.3281411,0 73.4956383,27.3291514,0 73.4914541,27.3345651,0 73.4880852,27.3403216,0 73.4879136,27.3423229,0 73.4860682,27.349032,0 73.4857678,27.3519671,0 73.4857678,27.355531,0 73.4867978,27.3579132,0 73.4881711,27.3590948,0 73.4904241,27.3600858,0 73.4949732,27.3610768,0 73.4974408,27.3623727,0 73.5003161,27.3649072,0 73.5055733,27.3668509,0 73.5102296,27.3686231,0 73.5121608,27.3690805,0 73.5124826,27.3683564,0 73.5181045,27.3703572,0 73.5213661,27.3715958,0 73.5193491,27.3758641,0 73.5172891,27.3787985,0 73.5167956,27.3820948,0 73.5158086,27.3820758,0 73.5150575,27.382533,0 73.5128903,27.3859817,0 73.5117531,27.3856578,0 73.5106158,27.3873344,0 73.5077834,27.3854291,0 73.506217,27.3849909,0 73.5055733,27.3851052,0 73.5047149,27.3860198,0 73.5029125,27.3856006,0 73.5021615,27.386458,0 73.5023331,27.3880584,0 73.5019898,27.3896017,0 73.5017109,27.3911639,0 73.5000801,27.3913163,0 73.499608,27.3945361,0 73.5002517,27.3983844,0 73.5011315,27.4046138,0 73.501389,27.4068997,0 73.5010671,27.408938,0 73.5002732,27.4094333,0 73.4996295,27.4115858,0 73.500025,27.412597,0 73.5001659,27.4129572,0 73.501153,27.4144239,0 73.5010242,27.4157573,0 73.5029125,27.417624,0 73.5033631,27.4184049,0 73.502419,27.421262,0 73.5028267,27.423319,0 73.5030842,27.4246903,0 73.5026121,27.4257569,0 73.5018825,27.4267282,0 73.5022044,27.4282138,0 73.5026765,27.4303088,0 73.502419,27.4339083,0 73.5057294,27.4356982,0 73.5098862,27.4379457,0 73.5158515,27.4417163,0 73.5181904,27.4423638,0 73.5189843,27.4430684,0 73.5194305,27.4442203,0 73.5194564,27.4442871,0 73.5208726,27.4448774,0 73.5219025,27.4457153,0 73.516581,27.4512946,0 73.5212588,27.4532369,0 73.5171604,27.4575782,0 73.5183722,27.458523,0 73.5222888,27.4615766,0 73.5191774,27.4680119,0 73.5248637,27.4714579,0 73.5245633,27.4731713,0 73.5255503,27.4749037,0 73.524456,27.477607,0 73.5266661,27.4793774,0 73.5275244,27.4813763,0 73.5276961,27.4829753,0 73.530271,27.4857546,0 73.5390258,27.4911034,0 73.5415792,27.4938063,0 73.5417723,27.4949484,0 73.543961,27.4963188,0 73.5467934,27.4965472,0 73.549025,27.4954433,0 73.5506344,27.4951197,0 73.5517287,27.4950626,0 73.5525226,27.4945677,0 73.5529947,27.4939967,0 73.5532737,27.4938825,0 73.5539174,27.4941299,0 73.5544324,27.4931782,0 73.5545826,27.4925881,0 73.5549259,27.4921123,0 73.5560632,27.49196,0 73.5571146,27.491941,0 73.5582948,27.491941,0 73.5594749,27.4922455,0 73.5602045,27.4925881,0 73.5613632,27.4928737,0 73.5625863,27.4920933,0 73.5639381,27.4916745,0 73.5652256,27.4913128,0 73.5661483,27.4907037,0 73.5669207,27.4900185,0 73.5676074,27.489219,0 73.5685515,27.4878675,0 73.5706973,27.484936,0 73.5710406,27.4844411,0 73.5761475,27.4874487,0 73.5777569,27.4834703,0 73.5781431,27.4826707,0 73.5786366,27.4816618,0 73.5828423,27.4840604,0 73.5871339,27.4858878,0 73.5901594,27.4867634,0 73.5909104,27.4867063,0 73.5927772,27.4823471,0 73.5935926,27.4824423,0 73.5941076,27.4835464,0 73.5950947,27.4844411,0 73.5971331,27.4853929,0 73.5991072,27.4860591,0 73.6019397,27.4865921,0 73.6038494,27.4868967,0 73.6049866,27.487049,0 73.6067247,27.4880388,0 73.6072826,27.4873726,0 73.6086988,27.4882863,0 73.610909,27.4887241,0 73.6113381,27.4895997,0 73.61166,27.4902659,0 73.6128831,27.4905895,0 73.6132478,27.4911986,0 73.6127543,27.4916935,0 73.6123037,27.491941,0 73.6118102,27.4923026,0 73.6121106,27.494168,0 73.6112737,27.4943583,0 73.6104798,27.4945296,0 73.6105013,27.4952149,0 73.6114883,27.4960333,0 73.6120677,27.496395,0 73.6133337,27.4973276,0 73.6136555,27.4979938,0 73.6135053,27.4990216,0 73.6133766,27.4999542,0 73.6140203,27.5017053,0 73.6135912,27.5025427,0 73.6144709,27.5031518,0 73.6142993,27.503875,0 73.615222,27.5043318,0 73.615694,27.5049599,0 73.6153078,27.5071866,0 73.6173677,27.5087472,0 73.6217022,27.5125345,0 73.6257577,27.5157887,0 73.6277318,27.5168735,0 73.6288261,27.5175776,0 73.6267662,27.5213455,0 73.6237621,27.52694,0 73.6159515,27.537957,0 73.6200714,27.5412295,0 73.6210584,27.5397455,0 73.6254787,27.5409632,0 73.626337,27.5405826,0 73.6292553,27.5424852,0 73.6323452,27.5433985,0 73.6325168,27.5448444,0 73.6370229,27.5475079,0 73.6395549,27.5492963,0 73.6412715,27.550628,0 73.6435031,27.5550796,0 73.6490392,27.5591126,0 73.6512708,27.56033,0 73.6535883,27.5625366,0 73.6548757,27.5630693,0 73.6566352,27.5647812,0 73.6576223,27.5656182,0 73.6597251,27.5656563,0 73.6599397,27.5651997,0 73.6627721,27.5658845,0 73.66333,27.5658084,0 73.6641454,27.5652758,0 73.66539,27.5653519,0 73.6658191,27.5629171,0 73.6672782,27.5615094,0 73.6680507,27.5601398,0 73.6687374,27.5593789,0 73.6692953,27.5589984,0 73.6706256,27.558656,0 73.6707544,27.5570581,0 73.6723852,27.5563352,0 73.6747884,27.5549655,0 73.6754751,27.5535577,0 73.6786937,27.5543948,0 73.6797237,27.5539762,0 73.6807107,27.5531392,0 73.6813545,27.5525685,0 73.6819553,27.5514651,0 73.6825132,27.5510085,0 73.6835861,27.5509704,0 73.6850452,27.5493343,0 73.6856031,27.5480026,0 73.6863327,27.5466708,0 73.6869335,27.5463284,0 73.6889076,27.5462903,0 73.6886072,27.5439312,0 73.6893367,27.5427896,0 73.690238,27.5419525,0 73.6911821,27.5411915,0 73.6923408,27.5403163,0 73.6938428,27.5391747,0 73.6943149,27.5382234,0 73.6948299,27.5363968,0 73.6962032,27.5349888,0 73.6973619,27.5316019,0 73.6984777,27.5305744,0 73.7001514,27.5293566,0 73.7010097,27.5273777,0 73.7021255,27.5253226,0 73.7040138,27.5217832,0 73.7045717,27.5195377,0 73.7061166,27.519728,0 73.7103653,27.5202608,0 73.7113094,27.5202608,0 73.7138843,27.5193854,0 73.7171888,27.5194235,0 73.7207508,27.5199944,0 73.7240552,27.522316,0 73.7271452,27.5202227,0 73.7332391,27.5224682,0 73.7343549,27.5219735,0 73.7369299,27.5241047,0 73.7401914,27.5257032,0 73.7430667,27.526959,0 73.7451696,27.5277582,0 73.7455988,27.528291,0 73.74444,27.5300416,0 73.7440538,27.5313355,0 73.7442684,27.5328197,0 73.7468004,27.5336188,0 73.7482166,27.5343799,0 73.749504,27.5343038,0 73.7510919,27.5342658,0 73.7525081,27.535141,0 73.7541389,27.5351791,0 73.755083,27.5344941,0 73.7574434,27.5349127,0 73.7580013,27.5349888,0 73.7586879,27.5341516,0 73.7590098,27.5335237,0 73.7602544,27.5339613,0 73.7610483,27.5327055,0 73.7620568,27.533048,0 73.7634301,27.5318112,0 73.7644386,27.5306695,0 73.7655973,27.5295659,0 73.7665844,27.5288428,0 73.7678075,27.5285003,0 73.7695241,27.5286145,0 73.7707686,27.5284813,0 73.7714338,27.52831,0 73.7722277,27.5278343,0 73.7723779,27.5273206,0 73.7722277,27.5268068,0 73.7723136,27.526255,0 73.7731933,27.525627,0 73.7738371,27.5248468,0 73.7747812,27.5231723,0 73.7760258,27.5199944,0 73.7767982,27.518472,0 73.7778067,27.5183007,0 73.7783646,27.5168354,0 73.7786007,27.5160361,0 73.7791371,27.5150275,0 73.7793946,27.5145708,0 73.779459,27.5137334,0 73.7801027,27.5134099,0 73.7803387,27.5130102,0 73.7823772,27.5108217,0 73.7833643,27.509223,0 73.7844586,27.5079289,0 73.7856173,27.5069011,0 73.7870121,27.5060257,0 73.7880635,27.5054547,0 73.7887716,27.5046744,0 73.7889433,27.5043318,0 73.7890076,27.5035134,0 73.7893295,27.5022192,0 73.7905097,27.500982,0 73.7929559,27.4994594,0 73.7952733,27.4982032,0 73.7987494,27.4978415,0 73.8001227,27.498127,0 73.8001656,27.4995926,0 73.8016462,27.4999162,0 73.8025689,27.4994974,0 73.8037491,27.4989835,0 73.8054442,27.4989835,0 73.8067317,27.4991929,0 73.8079762,27.4995545,0 73.8087487,27.4983745,0 73.8094353,27.4979748,0 73.8107443,27.4983554,0 73.812375,27.4993261,0 73.813641,27.5002207,0 73.8146281,27.5001636,0 73.8163876,27.5000684,0 73.8188767,27.5002968,0 73.8204646,27.5014959,0 73.8233185,27.5031137,0 73.8260007,27.5042557,0 73.8276217,27.5049192,0 73.8291739,27.505686,0 73.8324567,27.5083607,0 73.834058,27.5106694,0 73.8368904,27.5118874,0 73.8393232,27.514955,0 73.843596,27.5168734,0 73.8439393,27.5195567,0 73.8433385,27.5212027,0 73.8453421,27.5226051,0 73.8469219,27.5247422,0 73.8479707,27.5258494,0 73.8505268,27.5284528,0 73.8538286,27.5306446,0 73.8568675,27.5315258,0 73.8614353,27.5359342,0 73.8647611,27.5353599,0 73.870823,27.5373137,0 73.8743438,27.5379504,0 73.8773557,27.5387957,0 73.8852855,27.5500228,0 73.8868304,27.5554256,0 73.8866159,27.5593064,0 73.8827964,27.5624261,0 73.8812944,27.564062,0 73.8801357,27.5713282,0 73.8782045,27.5808763,0 73.879449,27.5883316,0 73.8849421,27.5937325,0 73.8896628,27.5971555,0 73.893096,27.6003502,0 73.894126,27.6032406,0 73.8916369,27.6058266,0 73.8883754,27.6099338,0 73.8857146,27.6169307,0 73.883998,27.6232428,0 73.8807364,27.6291744,0 73.8766166,27.6383752,0 73.8750716,27.6462828,0 73.8670893,27.6497801,0 73.8631411,27.6556342,0 73.8596221,27.6591313,0 73.8621112,27.6620961,0 73.8689776,27.6610318,0 73.8712092,27.6624002,0 73.8730975,27.665441,0 73.8729258,27.6681776,0 73.8706111,27.673799,0 73.868637,27.6835282,0 73.8682937,27.6886204,0 73.8705253,27.6909764,0 73.8749885,27.6924964,0 73.8785075,27.6945484,0 73.8779925,27.7064034,0 73.8757609,27.7126344,0 73.8705253,27.722284,0 73.8678645,27.728818,0 73.8652896,27.7336802,0 73.8643455,27.7372508,0 73.8667487,27.7408212,0 73.8698386,27.7484934,0 73.8688087,27.7561651,0 73.8673495,27.7619376,0 73.8682937,27.7801642,0 73.8756751,27.7832776,0 73.879559,27.7868845,0 73.882842,27.7877387,0 73.8843441,27.7889157,0 73.8878202,27.7909848,0 73.8921547,27.7871313,0 73.894515,27.7888587,0 73.8963604,27.788555,0 73.9010167,27.7894282,0 73.9042568,27.7897319,0 73.9064669,27.7890485,0 73.9080333,27.7876248,0 73.9083981,27.787416,0 73.9091277,27.7872072,0 73.9103937,27.787416,0 73.9131617,27.7884791,0 73.9144492,27.786315,0 73.9159941,27.7860492,0 73.9171958,27.7840179,0 73.9199209,27.7838281,0 73.9212084,27.7828979,0 73.9244485,27.7823474,0 73.9289117,27.783904,0 73.9334178,27.7857265,0 73.9362502,27.7865807,0 73.9380955,27.7875299,0 73.9405632,27.789618,0 73.9451766,27.7906431,0 73.952558,27.794022,0 73.9544892,27.7953127,0 73.9565706,27.7982549,0 73.9585447,27.7995646,0 73.9580083,27.8007984,0 73.9603901,27.8019372,0 73.963952,27.8022219,0 73.9664197,27.8022029,0 73.9679432,27.8022599,0 73.9705395,27.8025826,0 73.9727497,27.8028103,0 73.9743805,27.8027724,0 73.9754319,27.8022789,0 73.9768266,27.8020701,0 73.978157,27.8019752,0 73.9809036,27.8018613,0 73.984251,27.8038163,0 73.9874697,27.8062647,0 73.988328,27.8067962,0 73.9900875,27.8067772,0 73.9909029,27.8075933,0 73.9913964,27.8087321,0 73.9917183,27.8096431,0 73.9927053,27.8105731,0 73.9934134,27.8074794,0 73.9972758,27.8002479,0 73.9987135,27.7967743,0 74.0001297,27.7957114,0 74.0018248,27.7905672,0 74.003005,27.7887638,0 74.0058803,27.7871692,0 74.0087986,27.7859922,0 74.0125108,27.7845305,0 74.0129399,27.7841508,0 74.0155148,27.7823853,0 74.020772,27.7782467,0 74.025085,27.7750002,0 74.0268016,27.7730447,0 74.0296554,27.7709373,0 74.0307712,27.7681083,0 74.0284324,27.76714,0 74.0270269,27.7693804,0 74.0240979,27.7687064,0 74.0222311,27.768488,0 74.0216625,27.7696082,0 74.0190983,27.7690007,0 74.0181541,27.7697791,0 74.0158689,27.7703582,0 74.0131438,27.7708898,0 74.0121889,27.7723897,0 74.0101612,27.7718581,0 74.008863,27.7731017,0 74.0076184,27.7725796,0 74.0058803,27.7749053,0 74.0045714,27.773975,0 74.0040886,27.7751047,0 73.9998615,27.775342,0 73.9992714,27.7760539,0 73.9969432,27.7762058,0 73.9947867,27.776633,0 73.9914179,27.7762912,0 73.9921474,27.7716208,0 73.9926517,27.7660103,0 73.9922225,27.763504,0 73.9918685,27.7601811,0 73.9915252,27.7570575,0 73.9908171,27.7548074,0 73.9909351,27.7542092,0 73.9934027,27.7543516,0 73.9951193,27.7548643,0 73.9989602,27.7560606,0 74.0000975,27.7571525,0 74.0025008,27.7583298,0 74.0052044,27.7596684,0 74.0082514,27.7606558,0 74.0118027,27.7626021,0 74.0142488,27.7629343,0 74.016062,27.7632286,0 74.0189373,27.7633995,0 74.0218878,27.7626305,0 74.0237653,27.76189,0 74.0230679,27.761216,0 74.02251,27.7607413,0 74.0223706,27.7597159,0 74.022156,27.7592317,0 74.0214157,27.7585386,0 74.0205896,27.757874,0 74.0197742,27.7568866,0 74.019227,27.7564024,0 74.0175104,27.7548643,0 74.0162873,27.7530604,0 74.0143561,27.7503829,0 74.013927,27.7499461,0 74.0102576,27.7443156,0 74.0060519,27.7396817,0 74.0006446,27.7345159,0 74.0039062,27.7298056,0 74.0132617,27.725779,0 74.0183257,27.7221321,0 74.0233897,27.7228159,0 74.0288829,27.7274504,0 74.035921,27.7306413,0 74.0368651,27.725627,0 74.0376376,27.722436,0 74.0405559,27.7193968,0 74.0463065,27.7218282,0 74.051113,27.7247153,0 74.0550613,27.725779,0 74.0623569,27.7274504,0 74.0668201,27.7290459,0 74.0676784,27.7333004,0 74.0681933,27.7380864,0 74.0693091,27.7409731,0 74.0751456,27.7456069,0 74.0759611,27.7486453,0 74.076755,27.7501645,0 74.0783214,27.752918,0 74.0827203,27.7600957,0 74.084394,27.7631717,0 74.0851879,27.7637983,0 74.0880632,27.7650135,0 74.087398,27.7672919,0 74.086647,27.7709183,0 74.0875697,27.771298,0 74.0873551,27.7720385,0 74.0883851,27.7730257,0 74.0914535,27.7744497,0 74.092462,27.7732346,0 74.0934491,27.7743358,0 74.0945649,27.7762153,0 74.0953803,27.7788542,0 74.0980196,27.7819487,0 74.0987921,27.7824423,0 74.0999508,27.7830308,0 74.1014313,27.7842268,0 74.104371,27.7843976,0 74.1047358,27.7860112,0 74.1059375,27.7862201,0 74.1070103,27.7873401,0 74.1103577,27.7884031,0 74.1102505,27.7897509,0 74.1111517,27.7905102,0 74.112246,27.7914973,0 74.1141343,27.7928261,0 74.1167736,27.7935095,0 74.1159153,27.7947813,0 74.1191983,27.7959012,0 74.1197347,27.7976665,0 74.1229105,27.7967933,0 74.126966,27.7968503,0 74.1293907,27.7966415,0 74.131794,27.7976855,0 74.1340899,27.7978373,0 74.1373086,27.7986915,0 74.1372227,27.7996215,0 74.1377806,27.8001151,0 74.1389179,27.8005706,0 74.1413212,27.8014437,0 74.143424,27.801178,0 74.1458487,27.8016145,0 74.146471,27.8006655,0 74.148016,27.8010831,0 74.1531873,27.7987484,0 74.1555905,27.8002289,0 74.1567278,27.7948951,0 74.1581225,27.7952368,0 74.15941,27.7955405,0 74.1617489,27.7957493,0 74.1639161,27.7957493,0 74.1689801,27.7946863,0 74.1710186,27.7947243,0 74.1762113,27.7947813,0 74.1764259,27.796091,0 74.183464,27.7984447,0 74.185996,27.7994697,0 74.1858673,27.7997734,0 74.1853523,27.8005516,0 74.1849017,27.8018043,0 74.1854167,27.8023548,0 74.1894722,27.803171,0 74.190309,27.8037214,0 74.1912102,27.8045375,0 74.192841,27.8049741,0 74.1940427,27.8074794,0 74.2040419,27.8109147,0 74.2053509,27.8095292,0 74.2090416,27.8101176,0 74.2096209,27.8119586,0 74.2078829,27.8119586,0 74.2082047,27.8149192,0 74.2151999,27.8146156,0 74.2149853,27.8136287,0 74.2203498,27.8127557,0 74.2193198,27.8159441,0 74.2235684,27.8171777,0 74.2240619,27.8162287,0 74.2269802,27.8172915,0 74.2268514,27.8198915,0 74.2278385,27.8205937,0 74.2268944,27.8219221,0 74.2296409,27.82363,0 74.2294049,27.8253379,0 74.2290401,27.8287347,0 74.230628,27.8296645,0 74.2304992,27.8306512,0 74.2300272,27.833896,0 74.2327308,27.8352243,0 74.2325592,27.8356987,0 74.2312932,27.8397971,0 74.2305422,27.844199,0 74.2293405,27.844199,0 74.228611,27.8481075,0 74.228847,27.8517502,0 74.2272162,27.8597181,0 74.2265081,27.8640054,0 74.2251134,27.8659782,0 74.2249417,27.869203,0 74.221015,27.8735847,0 74.220221,27.8750642,0 74.2198348,27.8754246,0 74.2191052,27.8759557,0 74.219234,27.8765437,0 74.2206287,27.876942,0 74.2201352,27.8782129,0 74.2199421,27.8813235,0 74.2191911,27.8840167,0 74.2218947,27.8852495,0 74.2204785,27.8896117,0 74.2240834,27.8909582,0 74.2224312,27.8981837,0 74.2245126,27.8993594,0 74.2228603,27.9004214,0 74.2226028,27.9031142,0 74.227345,27.9036262,0 74.2292976,27.9039485,0 74.2305851,27.90575,0 74.2355418,27.9057121,0 74.2355418,27.9068119,0 74.2354345,27.9080255,0 74.2360782,27.9095803,0 74.2360568,27.9106612,0 74.2364216,27.9114576,0 74.2374086,27.9124056,0 74.2380309,27.9130314,0 74.2377305,27.9142259,0 74.2378807,27.9147947,0 74.2394686,27.9169183,0 74.242022,27.9201037,0 74.2431593,27.9214119,0 74.2437386,27.9227391,0 74.2456054,27.924635,0 74.2474508,27.9261138,0 74.24788,27.9267964,0 74.2482233,27.9274978,0 74.2481375,27.9286733,0 74.2490387,27.9292989,0 74.2500257,27.9299245,0 74.2521071,27.9322564,0 74.252665,27.9336024,0 74.2530083,27.9343228,0 74.2525577,27.9349863,0 74.2521286,27.9352896,0 74.2512488,27.9354223,0 74.2493605,27.9352517,0 74.2481589,27.9352896,0 74.2465925,27.9364649,0 74.244833,27.9380384,0 74.2437601,27.9397066,0 74.2442751,27.9422846,0 74.245305,27.9433841,0 74.2464208,27.9440665,0 74.2487812,27.9445783,0 74.251399,27.9445783,0 74.2503261,27.9457156,0 74.2499399,27.9460568,0 74.2491245,27.9464739,0 74.2481375,27.9463601,0 74.2466569,27.9465307,0 74.2459059,27.9470804,0 74.2450046,27.9498289,0 74.2451334,27.9513832,0 74.2460131,27.9538662,0 74.2445755,27.9551172,0 74.2439103,27.9552499,0 74.2417645,27.9555721,0 74.2393398,27.9554204,0 74.2388463,27.9562355,0 74.238739,27.958055,0 74.2366147,27.9606895,0 74.233675,27.9640251,0 74.2347693,27.9650486,0 74.2372155,27.9665268,0 74.2399406,27.9675881,0 74.2433868,27.9694295,0 74.2457127,27.970772,0 74.245069,27.9734061,0 74.2438459,27.976116,0 74.2412495,27.9825968,0 74.243288,27.9836201,0 74.2432236,27.9844728,0 74.2433095,27.9848138,0 74.2428374,27.9866139,0 74.2424297,27.988414,0 74.2415714,27.9913509,0 74.2414212,27.9923172,0 74.2407131,27.9931699,0 74.2400908,27.9942499,0 74.2387604,27.9959551,0 74.2402839,27.9965235,0 74.2395973,27.9990054,0 74.2424726,27.9999717,0 74.2427087,28.000578,0 74.2433738,28.0014305,0 74.2459488,28.002662,0 74.2447042,28.0041776,0 74.2457342,28.0049923,0 74.2486524,28.0075877,0 74.2506265,28.0089517,0 74.2520427,28.0097474,0 74.254446,28.0121912,0 74.2555403,28.013593,0 74.2570853,28.0147865,0 74.2567205,28.0155631,0 74.2569136,28.0159609,0 74.2578792,28.0165671,0 74.2595744,28.0173627,0 74.2608833,28.0178174,0 74.2613339,28.0184235,0 74.2619777,28.0186319,0 74.2630935,28.0185372,0 74.2659259,28.0194085,0 74.2679858,28.0202799,0 74.2695522,28.0213596,0 74.2710113,28.0223825,0 74.2723846,28.0230455,0 74.2735433,28.0238031,0 74.2757106,28.024163,0 74.2757749,28.0249775,0 74.2754745,28.0264928,0 74.2754316,28.0281407,0 74.2758822,28.0285006,0 74.2767405,28.0289552,0 74.2771697,28.0294098,0 74.2780924,28.0303,0 74.2788863,28.0305841,0 74.2798519,28.0309818,0 74.280796,28.0315311,0 74.2816973,28.0323456,0 74.2833066,28.0329895,0 74.2836928,28.0337092,0 74.2855596,28.0352244,0 74.2860532,28.0361714,0 74.2859888,28.0369101,0 74.2868471,28.037876,0 74.2877912,28.0393343,0 74.2873192,28.0399593,0 74.2874694,28.0406411,0 74.2879629,28.0414365,0 74.2889714,28.0425728,0 74.2906022,28.043444,0 74.2940354,28.0436523,0 74.2964816,28.0443341,0 74.2969322,28.0473074,0 74.2969966,28.0490685,0 74.2959666,28.0523257,0 74.2945289,28.0556017,0 74.2934561,28.0605819,0 74.2933273,28.0624186,0 74.2930484,28.0644067,0 74.2919326,28.0662434,0 74.2897868,28.069235,0 74.2891216,28.0704278,0 74.2895508,28.070655,0 74.2891001,28.0756155,0 74.28792,28.0814466,0 74.2878771,28.0823174,0 74.2862892,28.0825446,0 74.2859244,28.0833397,0 74.2854523,28.0837373,0 74.2843151,28.0842863,0 74.2836714,28.0846649,0 74.2829633,28.0852139,0 74.2822122,28.0859711,0 74.2809462,28.0867284,0 74.2803883,28.087372,0 74.2804312,28.0879778,0 74.2806887,28.0892272,0 74.2798304,28.0905145,0 74.2791009,28.0912527,0 74.279015,28.0919342,0 74.2791009,28.0925021,0 74.2799592,28.0931646,0 74.2807531,28.0934296,0 74.2818904,28.0937325,0 74.2834139,28.094149,0 74.2855382,28.0940543,0 74.2860317,28.0950765,0 74.2863536,28.0960419,0 74.286139,28.097083,0 74.2859888,28.0977076,0 74.2859888,28.0995816,0 74.2867398,28.1003008,0 74.2872333,28.1012662,0 74.2877483,28.1020233,0 74.2878341,28.1037268,0 74.2894649,28.105241,0 74.292748,28.1088561,0 74.2920613,28.1098025,0 74.2916751,28.1107677,0 74.2912674,28.111468,0 74.2900228,28.1126225,0 74.2905164,28.1131335,0 74.2934346,28.1156696,0 74.2962026,28.1166537,0 74.2962456,28.1171457,0 74.2964601,28.1180163,0 74.2976403,28.1193221,0 74.2976832,28.1216499,0 74.2967176,28.1257186,0 74.2951941,28.1281787,0 74.291203,28.1331743,0 74.2930269,28.1341772,0 74.2953872,28.1358613,0 74.2977476,28.1372237,0 74.297769,28.1381887,0 74.296503,28.1401754,0 74.2958379,28.1428622,0 74.295516,28.1450192,0 74.2994642,28.146949,0 74.3057942,28.1496924,0 74.3110513,28.1517736,0 74.3183899,28.1546493,0 74.3228531,28.1567303,0 74.3262434,28.1588491,0 74.3309426,28.1608166,0 74.331522,28.1603436,0 74.3385172,28.1639758,0 74.3415856,28.1652432,0 74.3402123,28.1677213,0 74.3411565,28.1688563,0 74.3430018,28.1706155,0 74.343903,28.1705209,0 74.3444824,28.1726962,0 74.3466067,28.1737366,0 74.3473363,28.1751174,0 74.3497181,28.1762144,0 74.3491173,28.1769521,0 74.3487739,28.1783518,0 74.3481946,28.1790895,0 74.3481517,28.1823994,0 74.3474436,28.1856337,0 74.3459414,28.1885463,0 74.3522071,28.1902863,0 74.3543529,28.1935392,0 74.3550395,28.1970945,0 74.3583011,28.2026165,0 74.3575286,28.210861,0 74.3578933,28.2130355,0 74.3568635,28.2149453,0 74.3560266,28.2164578,0 74.3546963,28.2163444,0 74.3520784,28.2154935,0 74.3515205,28.216628,0 74.3521213,28.2181217,0 74.3508339,28.221128,0 74.3499326,28.2206931,0 74.3495035,28.2230186,0 74.3493962,28.2234913,0 74.3485379,28.2256277,0 74.3491173,28.2264218,0 74.3487096,28.2270079,0 74.3478083,28.2286905,0 74.3450188,28.2288417,0 74.3444609,28.2315641,0 74.3434095,28.2320178,0 74.341414,28.2357042,0 74.3399334,28.2352694,0 74.3397188,28.2359878,0 74.3395257,28.2369519,0 74.339118,28.2376136,0 74.3383026,28.2386722,0 74.337058,28.2398631,0 74.335556,28.2419425,0 74.3332386,28.2408461,0 74.3327451,28.2423017,0 74.3301487,28.2428877,0 74.3299985,28.2447213,0 74.3283248,28.2457987,0 74.3257499,28.2478024,0 74.3240118,28.2489743,0 74.3230247,28.2498816,0 74.3225527,28.2520553,0 74.3222952,28.2541344,0 74.3209433,28.2535485,0 74.3201065,28.2531705,0 74.3192696,28.2528303,0 74.3179178,28.2524711,0 74.3168878,28.2520553,0 74.3156862,28.2514504,0 74.3145704,28.2514883,0 74.3142271,28.2518852,0 74.3132829,28.2523199,0 74.3118238,28.2519608,0 74.3096137,28.2521876,0 74.307189,28.2519608,0 74.303863,28.2538887,0 74.2946362,28.2540966,0 74.2936277,28.2543235,0 74.2929411,28.2547015,0 74.2917394,28.255174,0 74.2904734,28.2548527,0 74.2892718,28.2549661,0 74.28792,28.2557977,0 74.2852592,28.2577256,0 74.2813325,28.259162,0 74.2780924,28.2589541,0 74.2749381,28.2575177,0 74.2718053,28.255363,0 74.2703461,28.2547204,0 74.2689085,28.2538509,0 74.2662263,28.2531138,0 74.2648959,28.2524333,0 74.2635655,28.252301,0 74.2616987,28.2509212,0 74.2583513,28.2517151,0 74.2577076,28.2509968,0 74.2573428,28.2504865,0 74.2569566,28.2500517,0 74.2557549,28.2492389,0 74.2550254,28.2497304,0 74.2540169,28.249428,0 74.2532658,28.2490499,0 74.2525363,28.2481615,0 74.2519784,28.2473865,0 74.2510342,28.2467816,0 74.2503476,28.2464036,0 74.249618,28.2462713,0 74.248867,28.2465548,0 74.2479014,28.2471975,0 74.2468714,28.2479725,0 74.2462277,28.2484451,0 74.2453265,28.24922,0 74.2444253,28.2492767,0 74.2437172,28.2487286,0 74.2428803,28.2480481,0 74.2426228,28.2481993,0 74.2420006,28.2487853,0 74.2412495,28.2492389,0 74.2405844,28.2487664,0 74.2399406,28.2491822,0 74.2397904,28.2497682,0 74.2396188,28.2505243,0 74.2392325,28.2511669,0 74.2388892,28.2519608,0 74.237988,28.2518474,0 74.2370438,28.2515639,0 74.2360997,28.2511669,0 74.2351126,28.25077,0 74.2343187,28.2514883,0 74.2338466,28.2523955,0 74.2341685,28.2529626,0 74.2343402,28.2535107,0 74.2345118,28.2540021,0 74.2345118,28.2548338,0 74.2342543,28.255741,0 74.2340827,28.2562135,0 74.2335033,28.2566672,0 74.2330527,28.257083,0 74.2324948,28.2578579,0 74.2317867,28.2582548,0 74.2306065,28.2582737,0 74.2283749,28.2581225,0 74.2263365,28.2610142,0 74.2256927,28.2629042,0 74.2251134,28.2640193,0 74.225049,28.2649642,0 74.224534,28.2653233,0 74.2226887,28.265569,0 74.2205429,28.2653422,0 74.2202639,28.2658336,0 74.2192125,28.2680448,0 74.2204141,28.2691976,0 74.2198992,28.2701803,0 74.2180967,28.2704827,0 74.2177748,28.2711252,0 74.2170238,28.2712764,0 74.2144274,28.2723347,0 74.2142558,28.2729394,0 74.2139554,28.2738843,0 74.2136335,28.2748859,0 74.2136764,28.2755851,0 74.2142129,28.2763977,0 74.2137408,28.2770024,0 74.2124319,28.2773425,0 74.2112732,28.2803093,0 74.2093634,28.2805172,0 74.2102003,28.282369,0 74.2079902,28.2822273,0 74.2039668,28.2813486,0 74.2022824,28.2803471,0 74.1991925,28.2793078,0 74.1985166,28.2807628,0 74.197669,28.2824635,0 74.197036,28.2831248,0 74.1965639,28.283635,0 74.1963494,28.2841263,0 74.1955984,28.2854585,0 74.1936028,28.2861765,0 74.1939998,28.287433,0 74.1950512,28.2882928,0 74.1955984,28.288784,0 74.1959846,28.2893509,0 74.1961563,28.2901256,0 74.1969287,28.2925346,0 74.1978943,28.2931298,0 74.1985059,28.293895,0 74.1988706,28.2943485,0 74.1993749,28.2952365,0 74.2007482,28.2959166,0 74.203881,28.2967952,0 74.2037201,28.2973053,0 74.2037201,28.2977115,0 74.2039668,28.298694,0 74.2069602,28.2997992,0 74.2070782,28.300451,0 74.2067671,28.3008006,0 74.2061448,28.3012068,0 74.2058229,28.3022175,0 74.2081296,28.3029165,0 74.2101467,28.3018869,0 74.2104149,28.3021042,0 74.2110908,28.3031527,0 74.210608,28.3051931,0 74.2089236,28.3052592,0 74.2083871,28.3058732,0 74.2073464,28.306166,0 74.2064452,28.3079418,0 74.2052007,28.3111628,0 74.2045998,28.3129291,0 74.203366,28.314242,0 74.2023146,28.3148087,0 74.2011022,28.3154698,0 74.2009091,28.3158382,0 74.2008769,28.3165088,0 74.2004371,28.3171322,0 74.1987634,28.3193612,0 74.1976368,28.3217412,0 74.1970146,28.3237718,0 74.1973686,28.324329,0 74.1972828,28.3257929,0 74.1972828,28.3264162,0 74.1973472,28.3273889,0 74.1975832,28.3285222,0 74.1978514,28.3289377,0 74.1980767,28.3294194,0 74.1980123,28.3297782,0 74.1977334,28.3302882,0 74.1976261,28.3316576,0 74.196918,28.3314781,0 74.1952872,28.3305526,0 74.1937315,28.3292399,0 74.1923153,28.3292966,0 74.1914999,28.3290983,0 74.1907918,28.3289094,0 74.190191,28.3285789,0 74.1902339,28.328135,0 74.1902769,28.3276156,0 74.1897833,28.3274173,0 74.1881204,28.3271906,0 74.1856098,28.3268884,0 74.1817903,28.3266806,0 74.1796875,28.3265673,0 74.1773486,28.3259345,0 74.173733,28.3246029,0 74.1720164,28.3241684,0 74.171083,28.3240268,0 74.1702139,28.3241684,0 74.1692912,28.3244801,0 74.16839,28.3244234,0 74.1676819,28.3241118,0 74.1661477,28.3229596,0 74.16309,28.3219018,0 74.1572213,28.3207306,0 74.1527688,28.3196917,0 74.1497862,28.3189645,0 74.1495073,28.3192951,0 74.1489494,28.320164,0 74.149121,28.3206362,0 74.1496253,28.3209951,0 74.149915,28.3212784,0 74.1500115,28.3216468,0 74.1503227,28.3221757,0 74.1520285,28.322884,0 74.1525972,28.3237623,0 74.1530478,28.3251695,0 74.1531551,28.3262273,0 74.1529727,28.3275117,0 74.1520178,28.3284278,0 74.1514385,28.3305999,0 74.1498184,28.3331969,0 74.1483807,28.3353972,0 74.1478014,28.3363037,0 74.1476834,28.3367854,0 74.1477692,28.3370592,0 74.1481018,28.3373708,0 74.1483915,28.3379752,0 74.1479087,28.3377202,0 74.1464174,28.3370781,0 74.1443574,28.3394578,0 74.1431236,28.3406853,0 74.1437566,28.3430838,0 74.1433382,28.3432727,0 74.1418576,28.3432632,0 74.1407525,28.3433765,0 74.1393471,28.3433104,0 74.138639,28.3431593,0 74.1375875,28.3429327,0 74.1365898,28.3428383,0 74.1352808,28.3430555,0 74.134798,28.3437731,0 74.1333067,28.3461432,0 74.13203,28.3461621,0 74.1309249,28.3461054,0 74.1299915,28.3460582,0 74.1291547,28.3460865,0 74.1281676,28.3462376,0 74.12673,28.3466436,0 74.1260648,28.3465398,0 74.1251635,28.3460582,0 74.12467,28.3457655,0 74.1238439,28.3452934,0 74.1231143,28.345029,0 74.1224491,28.3449251,0 74.1216767,28.3449818,0 74.1206145,28.3450384,0 74.1196811,28.345114,0 74.1179323,28.3451045,0 74.1162908,28.3447457,0 74.115529,28.3447835,0 74.1149819,28.3450384,0 74.1141772,28.3456899,0 74.1139948,28.345926,0 74.1135013,28.3461149,0 74.1126645,28.3460015,0 74.1122997,28.3458599,0 74.1115057,28.3457844,0 74.1105294,28.3461149,0 74.1097247,28.3464737,0 74.1091132,28.3461054,0 74.1085982,28.3452084,0 74.1079974,28.3449157,0 74.1064417,28.3443869,0 74.1063452,28.3456994,0 74.1054225,28.3456144,0 74.104414,28.3454822,0 74.1026437,28.3455389,0 74.1023755,28.3453028,0 74.1018712,28.3445474,0 74.1012382,28.3441886,0 74.1003477,28.3442358,0 74.0990174,28.3440375,0 74.0969574,28.3440658,0 74.0967536,28.343792,0 74.0966248,28.3434048,0 74.0964854,28.3429327,0 74.0941465,28.3415257,0 74.0934062,28.3411197,0 74.0922797,28.3408459,0 74.0900481,28.3403548,0 74.08934,28.3394955,0 74.0884387,28.3385984,0 74.0876341,28.3380791,0 74.0864217,28.3376069,0 74.0844691,28.337267,0 74.0833747,28.3369931,0 74.0817547,28.3365965,0 74.0803277,28.3361904,0 74.0798128,28.3362376,0 74.0793836,28.3362943,0 74.078933,28.3363415,0 74.0783107,28.3363415,0 74.0774953,28.3362943,0 74.0762937,28.3358882,0 74.0751672,28.3354633,0 74.0740836,28.3360582,0 74.0714335,28.3348684,0 74.0683865,28.3334707,0 74.065597,28.3328852,0 74.0644168,28.3324887,0 74.0617776,28.3319409,0 74.0611338,28.3327719,0 74.0610266,28.3336218,0 74.0613699,28.334925,0 74.0595674,28.3368326,0 74.0590524,28.3366815,0 74.0577221,28.3361338,0 74.0566921,28.3365304,0 74.0552974,28.3365304,0 74.0550184,28.3373803,0 74.0550828,28.3396655,0 74.0545893,28.3393822,0 74.053452,28.3406098,0 74.0509414,28.3442547,0 74.0503406,28.345029,0 74.0480232,28.3449723,0 74.0458989,28.3447646,0 74.0451908,28.3462943,0 74.0441394,28.3462565,0 74.0434742,28.3513553,0 74.04253,28.3520162,0 74.0419936,28.3525827,0 74.0402555,28.3534702,0 74.0397835,28.3553775,0 74.0388393,28.3559628,0 74.0383887,28.3564349,0 74.0383029,28.3570014,0 74.0383887,28.3582477,0 74.0378737,28.360117,0 74.0359211,28.3635724,0 74.0352988,28.3645354,0 74.0350413,28.365234,0 74.0350628,28.3661214,0 74.0353203,28.3667445,0 74.0353417,28.3675753,0 74.0337753,28.372201,0 74.0335178,28.3732961,0 74.0330672,28.3736737,0 74.0296984,28.3743156,0 74.0292477,28.3751274,0 74.0287328,28.3759015,0 74.0278744,28.3764678,0 74.0279388,28.3772041,0 74.0278315,28.3779593,0 74.0278315,28.3796207,0 74.0287542,28.3811687,0 74.0291834,28.381905,0 74.0287542,28.3824902,0 74.0280676,28.3835096,0 74.02884,28.3838683,0 74.0293336,28.3845668,0 74.0294838,28.3857183,0 74.0290546,28.3872663,0 74.0285182,28.3879836,0 74.0278101,28.3889086,0 74.0282607,28.3894183,0 74.0289044,28.3898525,0 74.0289044,28.3916269,0 74.0290975,28.3929105,0 74.0295052,28.3938166,0 74.0291834,28.3948359,0 74.028089,28.3952512,0 74.0280032,28.395893,0 74.0287113,28.3962139,0 74.0289044,28.3968934,0 74.0286684,28.397705,0 74.028883,28.3985544,0 74.0292692,28.4001211,0 74.0298271,28.4008006,0 74.0294838,28.403009,0 74.0293979,28.4037262,0 74.0298915,28.404349,0 74.0319085,28.4047454,0 74.0338826,28.4063308,0 74.0357494,28.4079918,0 74.0403414,28.4102755,0 74.0426373,28.4128045,0 74.0439462,28.4138236,0 74.0456199,28.4145974,0 74.0477013,28.4162015,0 74.0493536,28.4159751,0 74.0500617,28.4151069,0 74.0544605,28.4156165,0 74.0561557,28.4160506,0 74.0584731,28.4163148,0 74.0602541,28.4159751,0 74.0620994,28.4157108,0 74.0639448,28.4168432,0 74.0734505,28.419089,0 74.0737939,28.4198816,0 74.0738797,28.4212969,0 74.0740514,28.4220518,0 74.0740943,28.4228821,0 74.0746736,28.4234483,0 74.0752744,28.4235992,0 74.0758538,28.4240144,0 74.0773129,28.4239578,0 74.0779352,28.4237125,0 74.0786218,28.4239389,0 74.0785789,28.42509,0 74.0781498,28.4266185,0 74.0790295,28.4269016,0 74.0794372,28.4273922,0 74.0792441,28.4282414,0 74.0789437,28.428732,0 74.0759611,28.4298265,0 74.074223,28.4284678,0 74.0731716,28.428732,0 74.0725708,28.4281282,0 74.0717339,28.4276375,0 74.0703821,28.427713,0 74.0700388,28.4279583,0 74.069159,28.4287131,0 74.0685582,28.4296944,0 74.0681076,28.43077,0 74.0673136,28.4324682,0 74.0674424,28.4343363,0 74.0668201,28.435091,0 74.0651464,28.4341665,0 74.0637088,28.4375817,0 74.0655327,28.4386006,0 74.0664553,28.4404497,0 74.0640521,28.4399969,0 74.0616703,28.4415629,0 74.0625286,28.4425818,0 74.0595674,28.4447892,0 74.0581727,28.4476759,0 74.0566492,28.4549393,0 74.0578723,28.4559769,0 74.0611338,28.4579766,0 74.0623569,28.458901,0 74.0631938,28.4595612,0 74.0630865,28.4606554,0 74.0612411,28.4647866,0 74.0608763,28.4657487,0 74.0609622,28.4663711,0 74.0617347,28.4670691,0 74.0621209,28.4676916,0 74.0620565,28.4686913,0 74.0623355,28.4696156,0 74.0625715,28.4700494,0 74.0627861,28.4705965,0 74.0616488,28.4724261,0 74.0607261,28.472445,0 74.0597391,28.472162,0 74.0593314,28.4726147,0 74.0591597,28.4731052,0 74.0590524,28.4754063,0 74.0590739,28.4764626,0 74.0607261,28.4787448,0 74.0611553,28.4812533,0 74.0614772,28.48776,0 74.062829,28.4934743,0 74.0634298,28.4946058,0 74.064095,28.4953225,0 74.0636229,28.4961711,0 74.0631938,28.497114,0 74.0618205,28.4975666,0 74.0622282,28.4998106,0 74.0650391,28.5006969,0 74.064095,28.5018095,0 74.061799,28.5070139,0 74.0600395,28.5109548,0 74.0593314,28.5127837,0 74.0579152,28.5166678,0 74.0571856,28.5184024,0 74.0568852,28.521419,0 74.0550613,28.524115,0 74.0551471,28.5263585,0 74.0571427,28.52617,0 74.0570569,28.5271503,0 74.0585804,28.527961,0 74.0579581,28.5287905,0 74.0588379,28.5295446,0 74.0596318,28.5301855,0 74.0602755,28.5314486,0 74.0643525,28.5342009,0 74.0645027,28.5373302,0 74.0651679,28.5380842,0 74.0672922,28.5396865,0 74.07197,28.5410248,0 74.0716052,28.5420993,0 74.0728926,28.5429475,0 74.0743947,28.5434376,0 74.0739655,28.5458126,0 74.0745878,28.5460765,0 74.0741586,28.5467363,0 74.0753388,28.5471886,0 74.075017,28.5494316,0 74.076283,28.5499217,0 74.0769911,28.5512411,0 74.0799951,28.5519761,0 74.0827846,28.5537102,0 74.0816045,28.5562546,0 74.0841579,28.5571592,0 74.0859604,28.5578377,0 74.0862393,28.5600617,0 74.0884924,28.5610794,0 74.0902948,28.5623421,0 74.0895653,28.5633598,0 74.0893292,28.5649994,0 74.0908527,28.5654705,0 74.0908313,28.5698238,0 74.0926766,28.5706341,0 74.0977192,28.5724432,0 74.1002297,28.5749683,0 74.1017961,28.5772107,0 74.1012811,28.5821853,0 74.1090059,28.5853696,0 74.1078686,28.5886481,0 74.1074395,28.5899293,0 74.1088986,28.5956758,0 74.1083407,28.597409,0 74.1088557,28.6014784,0 74.1063022,28.6014596,0 74.1055298,28.6049071,0 74.1039419,28.6041724,0 74.1010666,28.6083922,0 74.1004443,28.6099745,0 74.0998864,28.6117453,0 74.0983414,28.613968,0 74.0953159,28.612932,0 74.091239,28.6210882,0 74.0903163,28.6238005,0 74.0904879,28.6270589,0 74.0920758,28.6271531,0 74.0924406,28.633067,0 74.090209,28.6330105,0 74.0893721,28.6348938,0 74.0879559,28.6346302,0 74.0878272,28.6399033,0 74.0913462,28.6412969,0 74.0901875,28.6446678,0 74.0893507,28.644536,0 74.0887928,28.6458165,0 74.0867543,28.6453269,0 74.0864324,28.6472665,0 74.0842867,28.6463061,0 74.0839863,28.6467957,0 74.0836644,28.6476808,0 74.0842438,28.6487165,0 74.0845227,28.6490931,0 74.0847373,28.6541584,0 74.0852523,28.6553824,0 74.0853381,28.6559284,0 74.0850806,28.6569452,0 74.0844154,28.6580185,0 74.0827203,28.6580938,0 74.0825486,28.6591482,0 74.0823555,28.6601461,0 74.0822267,28.6615959,0 74.0819049,28.662575,0 74.0807462,28.6655498,0 74.0802741,28.667715,0 74.0802741,28.6700872,0 74.0913462,28.6742855,0 74.0960455,28.6759987,0 74.0991568,28.6775612,0 74.1027617,28.6781824,0 74.1095209,28.6811945,0 74.1144562,28.6826628,0 74.1199708,28.6843947,0 74.1247988,28.6861829,0 74.1259146,28.6866347,0 74.1271806,28.6875947,0 74.1279959,28.6883665,0 74.1296911,28.6892512,0 74.131279,28.6896277,0 74.1326093,28.6898347,0 74.1340041,28.6903618,0 74.1360855,28.6917359,0 74.1420293,28.6941828,0 74.1458487,28.6953122,0 74.1481662,28.6960086,0 74.151771,28.6961592,0 74.1546678,28.6968368,0 74.1569638,28.6979849,0 74.1566849,28.6991895,0 74.1584015,28.6997918,0 74.162178,28.7011658,0 74.1637444,28.7022762,0 74.1653108,28.7025585,0 74.1653967,28.7030667,0 74.1695809,28.7044218,0 74.1746878,28.7061721,0 74.1795587,28.7082424,0 74.1834211,28.7096727,0 74.186511,28.7108207,0 74.1867471,28.709842,0 74.1882705,28.7097291,0 74.1909098,28.7093904,0 74.193356,28.7095033,0 74.1925621,28.7127402,0 74.192326,28.714114,0 74.1914677,28.7175767,0 74.1916179,28.7187246,0 74.191103,28.7194209,0 74.1906738,28.7200042,0 74.1902017,28.7214344,0 74.190588,28.722714,0 74.1899228,28.7233349,0 74.1893434,28.7247274,0 74.1877556,28.7250097,0 74.1861892,28.7238242,0 74.1824341,28.7226575,0 74.1807389,28.7262892,0 74.1774559,28.7325926,0 74.1757178,28.7343425,0 74.1748595,28.7343989,0 74.1740227,28.7343237,0 74.174838,28.7365627,0 74.1735291,28.7370707,0 74.1724777,28.7371459,0 74.1689372,28.7361864,0 74.1649675,28.7355467,0 74.162693,28.736732,0 74.1589165,28.7371083,0 74.15735,28.7362993,0 74.1568351,28.7368261,0 74.1562128,28.7376916,0 74.1555905,28.7377668,0 74.1548824,28.7377668,0 74.1539383,28.7377104,0 74.1530585,28.737541,0 74.1524362,28.7374846,0 74.1499471,28.7377104,0 74.1494965,28.7376727,0 74.1465568,28.7375599,0 74.1435098,28.737447,0 74.1422009,28.7375599,0 74.1398406,28.7368825,0 74.1390466,28.7396483,0 74.1394758,28.7409841,0 74.1400337,28.7421694,0 74.1402912,28.7429407,0 74.1404199,28.7451984,0 74.1406774,28.74644,0 74.1412568,28.7479075,0 74.1420722,28.750466,0 74.1437459,28.7523284,0 74.1446256,28.7539086,0 74.1453767,28.7547363,0 74.1467929,28.7551125,0 74.1470933,28.7557521,0 74.1474581,28.7562977,0 74.1484451,28.7559026,0 74.149239,28.75626,0 74.1515136,28.7562412,0 74.1513204,28.7580659,0 74.1622209,28.7635586,0 74.1624355,28.7644239,0 74.1592276,28.7646292,0 74.1600752,28.7766684,0 74.1596246,28.7786056,0 74.1590881,28.7794613,0 74.1583586,28.7801854,0 74.1574895,28.7803076,0 74.1571033,28.7818498,0 74.1515136,28.7820285,0 74.151299,28.7839843,0 74.148767,28.7841724,0 74.1483593,28.7846802,0 74.1459989,28.7848306,0 74.1450119,28.7860342,0 74.1437888,28.7867489,0 74.1421366,28.7903031,0 74.1413212,28.7916383,0 74.1395402,28.7921836,0 74.1385317,28.7941581,0 74.138639,28.7949291,0 74.1386604,28.7960009,0 74.1369438,28.7963206,0 74.135828,28.7965839,0 74.1344118,28.7962078,0 74.1332745,28.7960385,0 74.1306567,28.7957941,0 74.1290259,28.7957001,0 74.1276097,28.7956625,0 74.126966,28.7947975,0 74.1254854,28.7949479,0 74.1236615,28.7937632,0 74.1219449,28.7932179,0 74.1185546,28.7926537,0 74.116838,28.7923152,0 74.1152715,28.7923152,0 74.1141987,28.7924845,0 74.1126108,28.7917135,0 74.1097784,28.7893064,0 74.1075897,28.7876515,0 74.1068172,28.7865044,0 74.105401,28.7866172,0 74.1027832,28.7852632,0 74.0999722,28.785188,0 74.0990066,28.7840596,0 74.0959167,28.7834013,0 74.0931058,28.7825927,0 74.0926981,28.7844169,0 74.0922689,28.7857333,0 74.0916037,28.7866172,0 74.0911531,28.7874823,0 74.088664,28.7878772,0 74.0872478,28.7872754,0 74.0865183,28.786636,0 74.0855527,28.786053,0 74.084351,28.7857521,0 74.0834713,28.7856957,0 74.0822267,28.7855829,0 74.0809393,28.7850563,0 74.079566,28.7847366,0 74.0781712,28.7843417,0 74.0771842,28.7839655,0 74.0751242,28.783533,0 74.0729141,28.7829876,0 74.0712404,28.7822918,0 74.0701031,28.781784,0 74.0696955,28.7807308,0 74.0688801,28.7802418,0 74.0684509,28.7796964,0 74.0685582,28.7790382,0 74.0624428,28.7765932,0 74.0574431,28.7765744,0 74.0572071,28.7786056,0 74.0595674,28.7792826,0 74.0588808,28.7847366,0 74.0595889,28.7850187,0 74.0611338,28.7845485,0 74.0656614,28.7875763,0 74.0708756,28.7913938,0 74.07094,28.7943085,0 74.0707683,28.7957565,0 74.07094,28.797054,0 74.0715623,28.7976557,0 74.0714335,28.798389,0 74.0712619,28.79916,0 74.072206,28.7998369,0 74.0721416,28.8008523,0 74.0725493,28.802601,0 74.0752959,28.803748,0 74.0762186,28.8063992,0 74.0785575,28.8076213,0 74.079566,28.8086554,0 74.080038,28.8089562,0 74.0824628,28.8094075,0 74.0827632,28.810122,0 74.0834713,28.8114381,0 74.0837288,28.8137882,0 74.0832352,28.8155179,0 74.0860677,28.8173979,0 74.0879559,28.8186764,0 74.0903163,28.8200488,0 74.0900159,28.8239591,0 74.092462,28.8245982,0 74.0925479,28.8268917,0 74.095788,28.8268917,0 74.0966034,28.8276624,0 74.0978908,28.8298994,0 74.0999937,28.8311025,0 74.1006589,28.8315537,0 74.1007662,28.83208,0 74.1008734,28.8327191,0 74.1034055,28.8336966,0 74.1058516,28.8355387,0 74.1062593,28.8358019,0 74.1078686,28.8341289,0 74.108963,28.833565,0 74.1089844,28.8325499,0 74.1103577,28.8324935,0 74.1123533,28.8326063,0 74.1141557,28.8328883,0 74.1154432,28.8332266,0 74.117074,28.8345801,0 74.1175461,28.8353319,0 74.1182112,28.8357643,0 74.118576,28.8367041,0 74.1199922,28.8369109,0 74.121623,28.837268,0 74.1226315,28.8374748,0 74.1234255,28.83755,0 74.124155,28.8381327,0 74.1246485,28.8385838,0 74.1257643,28.8383582,0 74.1270089,28.8389973,0 74.1275024,28.839674,0 74.1277814,28.8405574,0 74.1266227,28.8400499,0 74.1263008,28.8411965,0 74.1232967,28.8411965,0 74.1220736,28.8413093,0 74.1208505,28.84161,0 74.1197777,28.841422,0 74.1195202,28.8420047,0 74.1202283,28.8430761,0 74.1198635,28.8448429,0 74.1185975,28.8448617,0 74.1185331,28.8462337,0 74.1199922,28.847399,0 74.1213012,28.8491657,0 74.1215801,28.8499551,0 74.1216874,28.8509888,0 74.1234255,28.8512519,0 74.1233825,28.8527554,0 74.1218161,28.8523232,0 74.1211295,28.8549731,0 74.1233611,28.8552926,0 74.123168,28.8563074,0 74.1233611,28.8569276,0 74.1243696,28.8577545,0 74.1225242,28.8582995,0 74.1228032,28.8629413,0 74.125936,28.8636366,0 74.1272449,28.8642943,0 74.128232,28.8650084,0 74.1285109,28.8658352,0 74.127953,28.8666057,0 74.1269231,28.8687667,0 74.1286611,28.8696123,0 74.129219,28.8706645,0 74.1300344,28.8712471,0 74.1306138,28.8713034,0 74.1312575,28.8715101,0 74.1313004,28.8744978,0 74.1318583,28.876358,0 74.1310429,28.8767526,0 74.1314292,28.8787818,0 74.1313433,28.8813183,0 74.1296911,28.8826335,0 74.1279745,28.8833663,0 74.1270733,28.8829154,0 74.1260433,28.8835918,0 74.1250348,28.8848506,0 74.1246056,28.8868421,0 74.1235113,28.8867294,0 74.1238332,28.8918959,0 74.1227388,28.8924031,0 74.1226744,28.893474,0 74.1234898,28.8945636,0 74.1238117,28.8952963,0 74.1238975,28.8959162,0 74.121623,28.8980954,0 74.1200137,28.8973252,0 74.1167092,28.8962732,0 74.1149282,28.8957471,0 74.1134691,28.8954654,0 74.1126537,28.8951084,0 74.1138339,28.8999927,0 74.1124606,28.9004436,0 74.1118169,28.9016083,0 74.1120529,28.9025287,0 74.1129756,28.9033365,0 74.1131258,28.9047829,0 74.1149282,28.904689,0 74.114263,28.9061354,0 74.1151428,28.9071122,0 74.1155934,28.9078635,0 74.1160226,28.9085022,0 74.1153574,28.9087088,0 74.1143918,28.9083331,0 74.1139841,28.9089718,0 74.1144562,28.9101552,0 74.1146493,28.9105684,0 74.1156578,28.9109816,0 74.1166448,28.9114888,0 74.1157436,28.9142499,0 74.1155076,28.9156023,0 74.1141128,28.916316,0 74.1134906,28.9167856,0 74.1131258,28.9178374,0 74.1125679,28.9179313,0 74.1119885,28.918044,0 74.1111731,28.9185323,0 74.1106581,28.9190394,0 74.1105294,28.9197531,0 74.1105294,28.9206922,0 74.1095209,28.9213308,0 74.108684,28.9228333,0 74.1083193,28.9242982,0 74.1132116,28.9266083,0 74.113276,28.9303268,0 74.1119027,28.9314536,0 74.1128897,28.9328433,0 74.1137481,28.934308,0 74.1149068,28.9349653,0 74.1145205,28.9361484,0 74.1144347,28.9374441,0 74.1150784,28.9381765,0 74.1152072,28.9386647,0 74.1150784,28.9392281,0 74.1119027,28.9384582,0 74.1116237,28.9397914,0 74.1099286,28.9400543,0 74.1085124,28.9395098,0 74.1070747,28.9390403,0 74.1056585,28.9383831,0 74.1041994,28.938045,0 74.1022682,28.937707,0 74.0996504,28.9373502,0 74.0983844,28.9371249,0 74.0971184,28.9379699,0 74.096303,28.938477,0 74.0948868,28.9380075,0 74.0933418,28.9374817,0 74.0925264,28.9371061,0 74.0924406,28.9361108,0 74.0923977,28.9351156,0 74.0916681,28.9346836,0 74.0887499,28.9334442,0 74.0871191,28.9329184,0 74.0849519,28.9319231,0 74.0831923,28.9316226,0 74.0823555,28.9318855,0 74.0814757,28.9331062,0 74.0809393,28.9337447,0 74.0789866,28.9338761,0 74.0776348,28.9341015,0 74.0766907,28.9345146,0 74.0761757,28.936524,0 74.0763902,28.9379136,0 74.0765404,28.938477,0 74.075489,28.939322,0 74.0745234,28.9394346,0 74.0734291,28.9388525,0 74.0728712,28.9384394,0 74.0722704,28.9379136,0 74.07197,28.9371249,0 74.0714121,28.936355,0 74.07094,28.9363925,0 74.0694165,28.9360733,0 74.0680647,28.935416,0 74.0674209,28.9352658,0 74.0654897,28.9381765,0 74.0653825,28.9396037,0 74.0650391,28.9420072,0 74.0655756,28.9439789,0 74.0664339,28.9464012,0 74.0683865,28.9478845,0 74.0692663,28.9490111,0 74.0690303,28.9502128,0 74.0690732,28.9515272,0 74.0692234,28.9536301,0 74.0686869,28.953968,0 74.0693092,28.9549068,0 74.0693307,28.9566717,0 74.0720987,28.9564839,0 74.0733862,28.9583614,0 74.0746736,28.9612715,0 74.07624,28.962811,0 74.0749526,28.9644255,0 74.0728283,28.9676358,0 74.0716696,28.9685369,0 74.0703821,28.9695131,0 74.0675068,28.9689687,0 74.0662193,28.9733427,0 74.0646958,28.9792557,0 74.0632152,28.9805885,0 74.0612626,28.9835542,0 74.0604901,28.9860506,0 74.0577864,28.9907805,0 74.0568638,28.992695,0 74.0570354,28.9949284,0 74.0569925,28.9959794,0 74.0556621,28.9967677,0 74.0546965,28.9969178,0 74.0548253,28.9982128,0 74.0540957,28.998682,0 74.0522933,28.9991887,0 74.050641,28.998926,0 74.0491605,28.9986444,0 74.0484738,28.9982691,0 74.047358,28.9981002,0 74.046092,28.9981377,0 74.0451908,28.997875,0 74.0447831,28.9969553,0 74.0444183,28.99658,0 74.0418863,28.9969178,0 74.0408993,28.9982691,0 74.0408134,29.0000708,0 74.0404486,29.0015909,0 74.0403843,29.0028108,0 74.0405988,29.003599,0 74.0410065,29.0051566,0 74.0420365,29.0061887,0 74.0419936,29.0070895,0 74.0414572,29.0082342,0 74.0414572,29.009773,0 74.0320372,29.0053818,0 74.0283036,29.0040681,0 74.0278101,29.003355,0 74.0281534,29.0021727,0 74.0285182,29.0014032,0 74.0293979,29.0008402,0 74.0303635,28.9999957,0 74.0298271,28.9989635,0 74.0291405,28.99795,0 74.0279174,28.997143,0 74.0262651,28.9953225,0 74.0244412,28.9928263,0 74.0236687,28.9920193,0 74.0233898,28.9904615,0 74.0231323,28.9898609,0 74.0228748,28.9894479,0 74.022274,28.9891664,0 74.0212869,28.9886221,0 74.0213728,28.9875898,0 74.0191841,28.9869516,0 74.0199351,28.9828222,0 74.0205788,28.977022,0 74.0207505,28.9739246,0 74.0203213,28.9709211,0 74.0186691,28.9695882,0 74.0202355,28.9679925,0 74.0204286,28.9657585,0 74.020493,28.9649887,0 74.0193558,28.9642941,0 74.0185833,28.9634681,0 74.0183687,28.9624167,0 74.018197,28.961478,0 74.0180039,28.9589059,0 74.0184545,28.9559207,0 74.0195918,28.9568031,0 74.0210509,28.9558643,0 74.0216946,28.9554513,0 74.0222311,28.9554701,0 74.0224886,28.9548693,0 74.0225744,28.953799,0 74.0225529,28.9533297,0 74.0225529,28.95271,0 74.0230036,28.9524472,0 74.0235615,28.9521655,0 74.0234113,28.9514896,0 74.023025,28.9505508,0 74.0228963,28.9496495,0 74.0228963,28.9490862,0 74.0240764,28.948767,0 74.0235615,28.9479596,0 74.0227675,28.9472461,0 74.0221882,28.9456313,0 74.0220165,28.9451055,0 74.0228748,28.9446737,0 74.0227246,28.9432278,0 74.0228104,28.942533,0 74.0229177,28.9422889,0 74.0242481,28.9422514,0 74.0246343,28.9417631,0 74.0245271,28.9415566,0 74.023776,28.9410308,0 74.0240764,28.9402984,0 74.02457,28.9392656,0 74.025321,28.9353785,0 74.0257931,28.9346085,0 74.0264153,28.9335005,0 74.0235185,28.932524,0 74.0201711,28.9318292,0 74.0167594,28.9316601,0 74.0152144,28.9315475,0 74.0137553,28.9298948,0 74.0121674,28.9276976,0 74.0130043,28.9264205,0 74.0119099,28.9252749,0 74.0115666,28.9242607,0 74.0106225,28.9234155,0 74.0094638,28.9226455,0 74.0077686,28.9214998,0 74.006288,28.9208988,0 74.0049147,28.9207861,0 74.0006447,28.9170485,0 73.9966535,28.9136864,0 73.9911818,28.9100237,0 73.9714622,28.9015143,0 73.9658618,28.9170109,0 73.9619994,28.9276224,0 73.9632439,28.9289746,0 73.9633727,28.930477,0 73.9631152,28.9326367,0 73.9630079,28.9339888,0 73.9627933,28.9350404,0 73.9617634,28.9369371,0 73.9613342,28.9385333,0 73.9600253,28.9384394,0 73.9589739,28.9395661,0 73.9592743,28.9407491,0 73.9597249,28.9418946,0 73.9595961,28.9424204,0 73.9589524,28.9430588,0 73.9582872,28.9438475,0 73.9580512,28.9445047,0 73.9587164,28.9452182,0 73.9592957,28.945575,0 73.9603686,28.9461946,0 73.9606261,28.9474339,0 73.9610338,28.9508324,0 73.96245,28.9555639,0 73.9648747,28.9567092,0 73.9645743,28.9584929,0 73.9664626,28.9594504,0 73.9663553,28.9677297,0 73.9671063,28.9707333,0 73.9672565,28.9731737,0 73.9683723,28.9739997,0 73.9681792,28.9748632,0 73.9679003,28.9753137,0 73.9637804,28.9742625,0 73.9623427,28.9744315,0 73.9532017,28.9704142,0 73.9376449,28.9659837,0 73.9353061,28.9639374,0 73.9281821,28.9641815,0 73.9267444,28.9645382,0 73.9258861,28.9620225,0 73.9230752,28.962398,0 73.9158225,28.9602577,0 73.9121103,28.9605956,0 73.9086771,28.9595442,0 73.9079475,28.954306,0 73.8970685,28.9491613,0 73.8908243,28.9462697,0 73.884108,28.9414251,0 73.8812756,28.9411622,0 73.878572,28.9392093,0 73.873744,28.9406552,0 73.8701391,28.9394534,0 73.8638091,28.9374629,0 73.8586592,28.9366179,0 73.8533377,28.9360733,0 73.8503766,28.9362611,0 73.8484883,28.9368244,0 73.8468361,28.9369934,0 73.8458705,28.9369371,0 73.845613,28.9381014,0 73.8454413,28.9414627,0 73.8447332,28.9453872,0 73.8482094,28.9467016,0 73.8480592,28.9481286,0 73.850913,28.9492177,0 73.8522863,28.9498936,0 73.8523292,28.9511141,0 73.8504624,28.9552823,0 73.8495827,28.9572349,0 73.8450765,28.9634305,0 73.8428449,28.9678798,0 73.8385963,28.966622,0 73.8374162,28.9686871,0 73.8328242,28.9655707,0 73.8306141,28.9657397,0 73.8290906,28.9674668,0 73.8282752,28.9697947,0 73.8283396,28.9732301,0 73.8262367,28.9782421,0 73.8267946,28.9822403,0 73.8251424,28.9840986,0 73.8243484,28.9859943,0 73.8228893,28.9867076,0 73.8213873,28.9874959,0 73.8199067,28.989767,0 73.8174176,28.9905178,0 73.8134479,28.9912498,0 73.8120317,28.991231,0 73.8087058,28.9901236,0 73.8070965,28.9951161,0 73.8064098,28.9972556,0 73.798685,29.0043121,0 73.7971401,29.0085908,0 73.7955093,29.0165096,0 73.7979126,29.0181233,0 73.8000583,29.0192116,0 73.8011312,29.02045,0 73.8014745,29.0214633,0 73.8015174,29.0228142,0 73.8008737,29.0326081,0 73.7998008,29.0363228,0 73.7973976,29.0380863,0 73.7943077,29.0391744,0 73.7920761,29.0390994,0 73.7886428,29.0383114,0 73.7838363,29.0367356,0 73.7822485,29.0413131,0 73.7832784,29.0425512,0 73.7830209,29.048329,0 73.7746524,29.0477662,0 73.7708759,29.0497921,0 73.7704467,29.0470909,0 73.7660265,29.0408628,0 73.7602758,29.0320078,0 73.7578725,29.0291935,0 73.7523794,29.0257788,0 73.7512207,29.0242402,0 73.7515211,29.0187988,0 73.7507915,29.0169975,0 73.7497615,29.0152336,0 73.7483453,29.0124565,0 73.7473154,29.0105424,0 73.7405347,29.0039743,0 73.7367582,29.0182734,0 73.7346124,29.0174478,0 73.7268447,29.0245404,0 73.7131977,29.0215008,0 73.7108373,29.0238274,0 73.7027692,29.0233021,0 73.6986064,29.0258913,0 73.6981773,29.0311823,0 73.6994648,29.0341841,0 73.6905813,29.0360602,0 73.6817836,29.0219136,0 73.682084,29.0205251,0 73.6781787,29.0172227,0 73.6737155,29.0155339,0 73.6701965,29.0156089,0 73.6677074,29.0159467,0 73.6666774,29.0151586,0 73.6632013,29.0179732,0 73.6543178,29.0166597,0 73.6511421,29.0219136,0 73.6496401,29.0213507,0 73.6459279,29.0215571,0 73.6391902,29.0278239,0 73.6332679,29.027974,0 73.6330747,29.0306944,0 73.6276245,29.036623,0 73.6251783,29.0352722,0 73.6186981,29.0328333,0 73.6177325,29.0340715,0 73.6127758,29.0303755,0 73.6120891,29.030732,0 73.6022401,29.0260414,0 73.5993647,29.0248219,0 73.6005664,29.0224202,0 73.5975623,29.0191366,0 73.5955667,29.0164533,0 73.5895157,29.0133947,0 73.5894727,29.011612,0 73.5856318,29.0076337,0 73.5793662,29.0038617,0 73.5744095,29.0014595,0 73.5673499,28.9995077,0 73.5622215,28.9985881,0 73.5588097,29.0026231,0 73.5583591,29.0030923,0 73.5494542,29.0015158,0 73.5420728,29.0005587,0 73.5375452,29.0001458,0 73.5330391,28.9984943,0 73.5282969,28.9966926,0 73.5195637,28.9935395,0 73.510927,29.0004367,0 73.5061848,29.0033925,0 73.5060131,29.0052692,0 73.4996375,29.0052761,0 73.4908318,29.0051754,0 73.481884,29.0054005,0 73.4809398,29.0020788,0 73.4804034,29.0000145,0 73.4765625,28.9948721,0 73.4713912,28.987327,0 73.4672928,28.9822591,0 73.4624004,28.9853374,0 73.4623575,28.9869328,0 73.4642887,28.9914938,0 73.4652543,28.994309,0 73.4642887,28.9966363,0 73.4653401,28.9984192,0 73.4647393,28.9990573,0 73.4645033,28.9996766,0 73.4650182,29.0014596,0 73.4467792,29.0016472,0 73.4467792,29.0037866,0 73.4391832,29.0038242,0 73.4389257,29.0058134,0 73.3999157,29.0064139,0 73.3998298,29.0126816,0 73.3644032,29.0127567,0 73.363931,29.0019287,0 73.3250712,29.0016848,0 73.3249855,28.9877587,0 73.3124113,28.9876836,0 73.312025,28.9741311,0 73.3097505,28.9742813,0 73.309493,28.9695882,0 73.302927,28.9696258,0 73.3000516,28.969025,0 73.2809972,28.9694756,0 73.279581,28.9675232,0 73.2810831,28.9675232,0 73.2812118,28.9436409,0 73.2808685,28.9356414,0 73.2496261,28.9364301,0 73.2477031,28.9340816,0 73.2459354,28.9327118,0 73.2428241,28.9322235,0 73.2429743,28.926721,0 73.2354426,28.9264768,0 73.2348203,28.9178749,0 73.231945,28.9199034,0 73.227911,28.919678,0 73.2228469,28.9189267,0 73.2208728,28.919077,0 73.2184696,28.920542,0 73.2170963,28.9209176,0 73.2148647,28.9208049,0 73.2122898,28.9204669,0 73.2107019,28.9209552,0 73.2087707,28.9216313,0 73.2091999,28.8941691,0 73.2118177,28.8942818,0 73.2143497,28.892328,0 73.2158517,28.8895475,0 73.2177829,28.8874058,0 73.2185125,28.8863912,0 73.2195854,28.8858276,0 73.220787,28.8853391,0 73.220787,28.8785376,0 73.216753,28.8771472,0 73.2116031,28.8762077,0 73.2088136,28.8748172,0 73.2072687,28.8769217,0 73.2064104,28.8774102,0 73.2046938,28.8769968,0 73.2030201,28.8756064,0 73.2019472,28.8748548,0 73.1995868,28.8742159,0 73.1993615,28.8741972,0 73.1990611,28.874169,0 73.2041788,28.8680902,0 73.2095861,28.8637681,0 73.2147359,28.8576418,0 73.2155513,28.8561383,0 73.2207441,28.850876,0 73.2151651,28.8482072,0 73.2122898,28.8514023,0 73.1998014,28.851703,0 73.1915187,28.8442602,0 73.1867981,28.8389973,0 73.181734,28.8349748,0 73.1731939,28.8295235,0 73.1669282,28.8253502,0 73.1641817,28.8261774,0 73.1552553,28.8172288,0 73.1559848,28.8155743,0 73.1568002,28.813619,0 73.1503629,28.8045565,0 73.1554269,28.7946658,0 73.1519079,28.791281,0 73.1473159,28.7841724,0 73.143754,28.7840596,0 73.1392049,28.7816523,0 73.1348276,28.7810129,0 73.1256008,28.7739037,0 73.1246566,28.7742422,0 73.1106233,28.765703,0 73.1056022,28.7634458,0 73.098607,28.7649882,0 73.0922126,28.7633329,0 73.0798101,28.7619786,0 73.0647039,28.7539651,0 73.0534172,28.7506917,0 73.0517005,28.7506541,0 73.0495548,28.7511056,0 73.047924,28.747456,0 73.032732,28.7475312,0 73.0327749,28.7410594,0 73.0376672,28.7407583,0 73.0378818,28.7316519,0 73.0147075,28.73184,0 73.01445,28.7292058,0 73.009901,28.7292434,0 73.0093431,28.7252543,0 72.9676294,28.7248027,0 72.9228686,28.7250662,0 72.8575515,28.7250662,0 72.8573798,28.738764,0 72.8933429,28.7385383,0 72.89433,28.7509927,0 72.8935575,28.7543789,0 72.8676366,28.7545294,0 72.8675508,28.7587431,0 72.8472089,28.7587431,0 72.847166,28.7631448,0 72.834506,28.7633705,0 72.8343772,28.7678849,0 72.8266954,28.7679977,0 72.8267812,28.7748441,0 72.8062248,28.7747312,0 72.8063535,28.7771762,0 72.7995086,28.7768753,0 72.7930068,28.7786433,0 72.791376,28.7841349,0 72.7489757,28.7843605,0 72.7472162,28.7953804,0 72.7408218,28.7957189,0 72.7450617,28.8061172,0 72.7531385,28.8135814,0 72.7497911,28.8158375,0 72.748804,28.8139574,0 72.7256298,28.8139198,0 72.7264452,28.8159127,0 72.7114248,28.8159503,0 72.7111673,28.824899,0 72.7060604,28.8249366,0 72.7061033,28.8341853,0 72.7004814,28.8338846,0 72.6984214,28.8273805,0 72.6851606,28.8276437,0 72.6850747,28.8472675,0 72.6752686,28.847634,0 72.6771393,28.8563544,0 72.6791954,28.8563168,0 72.6789057,28.870035,0 72.6769638,28.8701008,0 72.6765775,28.8878191,0 72.6718139,28.8878191,0 72.6717494,28.8923281,0 72.6613398,28.8923979,0 72.6614216,28.9098062,0 72.641214,28.8991447,0 72.6377157,28.8972809,0 72.6341218,28.8953533,0 72.6303823,28.8933873,0 72.6270801,28.8916542,0 72.6235668,28.8897542,0 72.6200476,28.887854,0 72.6165386,28.885954,0 72.6130198,28.8840455,0 72.609519,28.88216,0 72.6059867,28.8802573,0 72.6025065,28.8783685,0 72.5989518,28.8764404,0 72.5954676,28.874565,0 72.5919153,28.8726435,0 72.5884372,28.8707591,0 72.5849007,28.8688521,0 72.5823327,28.8674541,0 72.5796559,28.8659914,0 72.5748803,28.863433,0 72.5708334,28.8612611,0 72.5677092,28.8595647,0 72.5638531,28.8574414,0 72.5604286,28.8554715,0 72.5569831,28.8534906,0 72.5546526,28.8523125,0 72.5497834,28.8498611,0 72.5462483,28.8479522,0 72.5427491,28.8460663,0 72.5395088,28.8443121,0 72.5357201,28.8422664,0 72.5319959,28.8402614,0 72.5286881,28.8384774,0 72.5252243,28.8366051,0 72.5216579,28.8346748,0 72.5181885,28.8328046,0 72.5146351,28.8308787,0 72.5106092,28.828719,0 72.5076011,28.8270901,0 72.5040854,28.8251888,0 72.5005746,28.8232989,0 72.4970868,28.82142,0 72.493556,28.8195123,0 72.4926727,28.8190362,0 72.490424,28.817824,0 72.4833315,28.8139947,0 72.4794979,28.8119237,0 72.476557,28.8107942,0 72.4748607,28.8101411,0 72.4719612,28.8090264,0 72.4696018,28.8081195,0 72.464401,28.8061193,0 72.4599877,28.8044186,0 72.4568405,28.8032061,0 72.4545788,28.8023402,0 72.4529623,28.8017232,0 72.4489653,28.8001793,0 72.44628,28.7991568,0 72.4437193,28.7981752,0 72.441718,28.797414,0 72.4391024,28.7964029,0 72.434172,28.7945185,0 72.4303901,28.7930736,0 72.4240901,28.7907044,0 72.4123846,28.7867595,0 72.403847,28.7829506,0 72.4006091,28.7798512,0 72.3981767,28.7775287,0 72.3943964,28.7738109,0 72.3921538,28.7715981,0 72.3902531,28.7697144,0 72.3881929,28.7674973,0 72.3819485,28.7607544,0 72.3793285,28.7579305,0 72.3765842,28.7552996,0 72.3737984,28.7526222,0 72.3710428,28.7499913,0 72.3689534,28.7478622,0 72.366091,28.7449455,0 72.3635144,28.7422979,0 72.3611439,28.7398864,0 72.3588951,28.7376454,0 72.3563879,28.73515,0 72.3546797,28.7334352,0 72.3513543,28.7294482,0 72.348983,28.7265907,0 72.345242,28.7221058,0 72.3425424,28.7189194,0 72.3401842,28.7161521,0 72.3375212,28.7130632,0 72.3350888,28.7102561,0 72.3333524,28.7082404,0 72.3300649,28.7044099,0 72.3273389,28.7014473,0 72.3248082,28.698701,0 72.3221065,28.6956063,0 72.3196649,28.6928233,0 72.3177897,28.6905519,0 72.3148081,28.6869303,0 72.3124153,28.6843911,0 72.3094773,28.6812917,0 72.3075333,28.6790302,0 72.3044429,28.6754335,0 72.301951,28.6726591,0 72.2993095,28.6697095,0 72.2970433,28.6626258,0 72.2954312,28.6576289,0 72.2939309,28.6529502,0 72.2914545,28.6450729,0 72.2893953,28.6382494,0 72.2882301,28.6341929,0 72.2870759,28.6304127,0 72.2849359,28.6229998,0 72.2801993,28.6071132,0 72.2778204,28.6003078,0 72.2742698,28.5902836,0 72.2724184,28.5852099,0 72.2710518,28.5814395,0 72.2701217,28.5790272,0 72.2692323,28.5763757,0 72.2670096,28.5692988,0 72.2657704,28.5662566,0 72.2641751,28.5623696,0 72.2635941,28.5607378,0 72.2617217,28.5553872,0 72.2591889,28.5483771,0 72.2566825,28.5413449,0 72.2541949,28.5343767,0 72.2532483,28.5317316,0 72.2516877,28.5273877,0 72.250673,28.5246076,0 72.2491908,28.5204216,0 72.2466922,28.513433,0 72.2461786,28.5119549,0 72.2411038,28.4977296,0 72.2324941,28.4733009,0 72.2299843,28.4658026,0 72.2295633,28.4645625,0 72.2240983,28.4481449,0 72.2202424,28.4364307,0 72.2168035,28.4261086,0 72.2136759,28.4165761,0 72.2118064,28.4108979,0 72.2066315,28.3947571,0 72.2061986,28.3938681,0 72.1929193,28.3788484,0 72.1910816,28.3769522,0 72.1847211,28.3703293,0 72.1811469,28.3666068,0 72.17755,28.3628596,0 72.1667189,28.3514729,0 72.1653317,28.3500119,0 72.1628523,28.3473653,0 72.1616845,28.3461022,0 72.1582026,28.3423218,0 72.1510533,28.3345506,0 72.1433871,28.3257509,0 72.1322575,28.3129475,0 72.1163278,28.3013332,0 72.1057281,28.2938417,0 72.0974741,28.2879821,0 72.0918356,28.283724,0 72.0863383,28.2795236,0 72.0786572,28.2737927,0 72.0749361,28.2710334,0 72.0696996,28.2672577,0 72.052747,28.2548707,0 72.0491238,28.252145,0 72.0415911,28.2465378,0 72.0338568,28.2407474,0 72.0285186,28.2367355,0 72.0043175,28.2185425,0 72.0021878,28.2158867,0 71.9993281,28.2122966,0 71.9903952,28.2010658,0 71.9868799,28.1967603,0 71.9759432,28.1829882,0 71.9719246,28.1779401,0 71.9569241,28.1590584,0 71.9500419,28.1503802,0 71.9467191,28.1461878,0 71.9448328,28.1437942,0 71.9399858,28.1377249,0 71.9341128,28.1302884,0 71.9314309,28.1268984,0 71.9277719,28.1222624,0 71.9273326,28.1217026,0 71.925708,28.1128529,0 71.9241179,28.104225,0 71.9220658,28.093106,0 71.921284,28.0889445,0 71.9210214,28.087491,0 71.9194061,28.0787279,0 71.9182743,28.0725834,0 71.9173996,28.0678663,0 71.9164827,28.0629083,0 71.9145125,28.0522192,0 71.9126807,28.0422796,0 71.9112782,28.034624,0 71.9105303,28.0303877,0 71.9087525,28.0199657,0 71.907759,28.0143108,0 71.9068333,28.0089933,0 71.9061671,28.005253,0 71.9054357,28.0011808,0 71.9034323,27.9896341,0 71.9025029,27.984433,0 71.9012821,27.9776856,0 71.9007866,27.9749092,0 71.9000501,27.9707616,0 71.8987279,27.9634063,0 71.8987123,27.9597403,0 71.8947845,27.9565856,0 71.8801887,27.9449911,0 71.8821287,27.9369768,0 71.8818282,27.9157049,0 71.8754768,27.914188,0 71.8729877,27.9034176,0</coordinates></LinearRing></outerBoundaryIs></Polygon>
    </Placemark>
  </Folder>
  <Folder><name>Fire Incidents</name>
    <Placemark><name>Fire 2018-03-27</name>
      <description>Brightness: 334.7</description>
      <styleUrl>#firepoint</styleUrl>
      <Point><coordinates>73.3536,27.8299,0</coordinates></Point>
    </Placemark>
    <Placemark><name>Fire 2018-04-10</name>
      <description>Brightness: 382.5</description>
      <styleUrl>#firepoint</styleUrl>
      <Point><coordinates>73.2345,27.9133,0</coordinates></Point>
    </Placemark>
    <Placemark><name>Fire 2020-04-12</name>
      <description>Brightness: 315.2</description>
      <styleUrl>#firepoint</styleUrl>
      <Point><coordinates>73.2809,28.0761,0</coordinates></Point>
    </Placemark>
    <Placemark><name>Fire 2021-12-07</name>
      <description>Brightness: 384.2</description>
      <styleUrl>#firepoint</styleUrl>
      <Point><coordinates>73.3847,28.0048,0</coordinates></Point>
    </Placemark>
    <Placemark><name>Fire 2022-03-15</name>
      <description>Brightness: 385.6</description>
      <styleUrl>#firepoint</styleUrl>
      <Point><coordinates>73.395,27.9239,0</coordinates></Point>
    </Placemark>
    <Placemark><name>Fire 2022-04-16</name>
      <description>Brightness: 310.8</description>
      <styleUrl>#firepoint</styleUrl>
      <Point><coordinates>73.175,27.8589,0</coordinates></Point>
    </Placemark>
    <Placemark><name>Fire 2022-11-23</name>
      <description>Brightness: 351.4</description>
      <styleUrl>#firepoint</styleUrl>
      <Point><coordinates>73.4407,27.7188,0</coordinates></Point>
    </Placemark>
    <Placemark><name>Fire 2024-04-01</name>
      <description>Brightness: 365.7</description>
      <styleUrl>#firepoint</styleUrl>
      <Point><coordinates>73.3605,28.0868,0</coordinates></Point>
    </Placemark>
    <Placemark><name>Fire 2025-02-22</name>
      <description>Brightness: 375.8</description>
      <styleUrl>#firepoint</styleUrl>
      <Point><coordinates>73.2795,27.9227,0</coordinates></Point>
    </Placemark>
  </Folder>
</Document></kml>