{"type":"FeatureCollection","features":[{"type":"Feature","properties":{"zone":"Low Fire Zone","color":"#228B22","opacity":0.35,"fill":"#228B22","fill-opacity":0.35,"stroke":"#228B22","stroke-width":1,"stroke-opacity":0.8},"geometry":{"type":"Polygon","coordinates":[[[73.8596221,27.6591313],[73.8631411,27.6556342],[73.8670893,27.6497801],[73.8750716,27.6462828],[73.8766166,27.6383752],[73.8807364,27.6291744],[73.883998,27.6232428],[73.8857146,27.6169307],[73.8883754,27.6099338],[73.8916369,27.6058266],[73.894126,27.6032406],[73.893096,27.6003502],[73.8896628,27.5971555],[73.8849421,27.5937325],[73.879449,27.5883316],[73.8782045,27.5808763],[73.8801357,27.5713282],[73.8812944,27.564062],[73.8827964,27.5624261],[73.8866159,27.5593064],[73.8868304,27.5554256],[73.8852855,27.5500228],[73.8773557,27.5387957],[73.8780126,27.5381909],[73.8783751,27.5375802],[73.8798207,27.5337873],[73.8815868,27.5286335],[73.8830516,27.5254287],[73.886565,27.5166356],[73.8873824,27.5150317],[73.8880885,27.5147135],[73.8890968,27.5109841],[73.8911281,27.5059979],[73.8915346,27.5031797],[73.8916826,27.4998876],[73.8933103,27.4989459],[73.8944267,27.4981842],[73.8974011,27.495586],[73.8994206,27.4958531],[73.9008151,27.4933077],[73.9016819,27.4932068],[73.9024574,27.4919859],[73.9056837,27.4918268],[73.9067464,27.490374],[73.908323,27.4893808],[73.9104243,27.4895885],[73.9141324,27.4903108],[73.918322,27.4913506],[73.9200175,27.492531],[73.9219418,27.4932614],[73.9298888,27.4965651],[73.9332139,27.4984125],[73.9349283,27.4996426],[73.9371397,27.5002214],[73.94026,27.5003143],[73.9412903,27.5005278],[73.9420591,27.5008686],[73.9424756,27.5031321],[73.9451995,27.5041744],[73.9461911,27.5069881],[73.9516792,27.5083934],[73.9533876,27.508367],[73.9567745,27.5105171],[73.9576832,27.509105],[73.9591111,27.5066488],[73.9603284,27.5055119],[73.9628813,27.5051697],[73.9649347,27.5046346],[73.9698054,27.5037228],[73.9716933,27.5035039],[73.975352,27.5037228],[73.9778942,27.5043035],[73.9781141,27.506844],[73.9807749,27.5075958],[73.98083,27.5081607],[73.9832974,27.5091519],[73.9848428,27.5098615],[73.988327,27.5107622],[73.9892721,27.5088519],[73.9889102,27.5080314],[73.9888377,27.5064237],[73.9898528,27.5046231],[73.9920642,27.5051697],[73.9938962,27.50653],[73.9937031,27.5077671],[73.9959431,27.5087388],[73.9968187,27.5109112],[74.0000758,27.5098642],[74.0013084,27.5108931],[74.0013447,27.5121148],[74.0019972,27.5132402],[74.0039186,27.5133045],[74.0055499,27.5123399],[74.0063474,27.5122756],[74.0079425,27.51279],[74.0096826,27.513626],[74.0101177,27.5145263],[74.0094289,27.5157802],[74.007725,27.5171305],[74.0070362,27.5188345],[74.0076163,27.5202491],[74.0116402,27.5234319],[74.0148304,27.5250715],[74.016788,27.5264217],[74.0198332,27.5289936],[74.0225158,27.5322725],[74.0253435,27.5337513],[74.0283162,27.5349407],[74.0308901,27.5346835],[74.0318326,27.5309545],[74.0331014,27.528865],[74.0370167,27.526261],[74.0417294,27.5255216],[74.0485085,27.5206028],[74.0578616,27.5110217],[74.0620579,27.5087039],[74.0633777,27.5067818],[74.0657022,27.5041644],[74.0641713,27.5012668],[74.0660183,27.4970987],[74.0661442,27.496414],[74.0664983,27.4958906],[74.0669382,27.4954338],[74.0672171,27.4947105],[74.0675068,27.4938159],[74.0680969,27.4935018],[74.0694487,27.4929117],[74.070425,27.4923978],[74.0724099,27.4907894],[74.074105,27.4896092],[74.074856,27.4900375],[74.0764761,27.4890477],[74.0777957,27.4878865],[74.0791261,27.4862495],[74.0795767,27.4855452],[74.0797484,27.4848694],[74.0796518,27.4833275],[74.079448,27.4818522],[74.0795445,27.4806814],[74.080317,27.4796915],[74.0811109,27.4790919],[74.081465,27.4788349],[74.0823769,27.4781305],[74.082731,27.4778164],[74.083879,27.4773214],[74.0847802,27.4774928],[74.0854025,27.477845],[74.0860248,27.4781876],[74.0876233,27.4774071],[74.08993,27.4777593],[74.094125,27.4780068],[74.0962064,27.4779211],[74.0990603,27.4772072],[74.1023648,27.4763886],[74.1049182,27.4756271],[74.1060233,27.4757699],[74.1068172,27.4756652],[74.1073966,27.4753987],[74.1077292,27.4753606],[74.1099501,27.4748561],[74.111141,27.4745515],[74.1120529,27.4740184],[74.1135335,27.472305],[74.1172349,27.4666506],[74.1189194,27.4644516],[74.1199064,27.4644802],[74.1213333,27.4616623],[74.118619,27.4600058],[74.1192841,27.4589205],[74.1209257,27.4599677],[74.1223311,27.4605199],[74.1236079,27.4606532],[74.1249275,27.4602438],[74.1257536,27.4601201],[74.1268909,27.4601962],[74.1275775,27.4603771],[74.1289079,27.4608531],[74.1299379,27.4611673],[74.1309357,27.4613862],[74.1320836,27.4616337],[74.1326737,27.4601772],[74.133296,27.4591395],[74.1350341,27.4560169],[74.136225,27.4566357],[74.1400444,27.4536367],[74.1422117,27.4516659],[74.1431665,27.4502854],[74.1452587,27.4471244],[74.1460204,27.4450107],[74.1470611,27.4427065],[74.1482413,27.4388217],[74.1493571,27.435489],[74.1490567,27.4341844],[74.1491854,27.4329465],[74.149282,27.4323466],[74.1486919,27.4320038],[74.1489923,27.4308516],[74.1489172,27.4303659],[74.1467607,27.4294232],[74.1443789,27.4286804],[74.1419971,27.4278234],[74.141053,27.4272425],[74.141922,27.4250331],[74.1448724,27.4198144],[74.1461921,27.4171287],[74.1482735,27.4181287],[74.1500974,27.4154239],[74.1513848,27.4141001],[74.1523933,27.4139096],[74.1543245,27.4121572],[74.1555262,27.4110048],[74.1578543,27.412081],[74.1579616,27.4127953],[74.1592705,27.4134906],[74.1627359,27.415062],[74.167006,27.4160811],[74.1684115,27.4164906],[74.16839,27.417443],[74.1743016,27.4203191],[74.1773486,27.4217952],[74.1800308,27.4226809],[74.1812324,27.4235666],[74.1818976,27.4240237],[74.1826916,27.4242999],[74.1839039,27.4238999],[74.1855025,27.4238047],[74.1860497,27.4235856],[74.186672,27.423338],[74.1879487,27.4234428],[74.1906524,27.4236142],[74.1934311,27.4232523],[74.1941821,27.4230523],[74.1949224,27.4223],[74.1953301,27.4220905],[74.1967678,27.4225666],[74.1979372,27.4228619],[74.199686,27.4227571],[74.2006516,27.4229952],[74.2011773,27.4230618],[74.2018425,27.4222048],[74.2033982,27.422519],[74.2039025,27.4227571],[74.2038381,27.4242522],[74.203366,27.426633],[74.2025936,27.431223],[74.2022824,27.4341368],[74.2015743,27.4374029],[74.2012846,27.4399929],[74.2012203,27.4436873],[74.2009628,27.4452678],[74.2008018,27.4465151],[74.2018211,27.4490096],[74.2023146,27.4501426],[74.2023682,27.454903],[74.203645,27.4570451],[74.2039239,27.457959],[74.204117,27.459606],[74.2040956,27.4606627],[74.2040098,27.4621764],[74.2038166,27.4637091],[74.2037094,27.4643183],[74.2036772,27.4648038],[74.2055547,27.465851],[74.2077649,27.4669267],[74.2098019,27.4679351],[74.2090094,27.4705916],[74.2067563,27.4698967],[74.206413,27.4704203],[74.2056942,27.4704488],[74.2051577,27.4710009],[74.2047608,27.4711437],[74.2045569,27.4719433],[74.2036557,27.4721527],[74.2032695,27.473019],[74.2031944,27.4736091],[74.203366,27.4741422],[74.2034304,27.4746562],[74.2020035,27.4761316],[74.2015207,27.477112],[74.2001581,27.4767218],[74.1991281,27.4770644],[74.1985059,27.4771501],[74.198066,27.477074],[74.1971111,27.4776736],[74.196521,27.4774547],[74.1962421,27.4771882],[74.1955876,27.4769978],[74.1950083,27.4779877],[74.1941285,27.4796154],[74.1926587,27.4790728],[74.1915214,27.4811288],[74.194107,27.4825946],[74.193356,27.4852977],[74.1931736,27.4863542],[74.1935062,27.4869538],[74.1935491,27.4875915],[74.1935491,27.488134],[74.1937745,27.488686],[74.1943753,27.4891524],[74.1952872,27.4895331],[74.1960382,27.4897615],[74.1968858,27.4901612],[74.197154,27.490323],[74.1963065,27.4931877],[74.1964567,27.494187],[74.1970253,27.4945677],[74.1971648,27.4959857],[74.1966605,27.4973467],[74.1960597,27.4987456],[74.1975617,27.4994974],[74.198817,27.4999542],[74.2051172,27.5059093],[74.2099388,27.5077099],[74.2114613,27.5088674],[74.2138902,27.5110538],[74.2162829,27.5150085],[74.2191105,27.5155873],[74.2215032,27.5160052],[74.223497,27.5167768],[74.2261072,27.5195418],[74.2280285,27.5213422],[74.2295873,27.5225317],[74.232415,27.524107],[74.2358952,27.5237534],[74.2375265,27.5244928],[74.2390129,27.5263574],[74.2387229,27.5284792],[74.2375265,27.5299901],[74.237599,27.5306009],[74.2380341,27.5311796],[74.2390129,27.5330441],[74.2389041,27.5352943],[74.2399192,27.5412089],[74.240608,27.5447447],[74.2428556,27.545709],[74.2448857,27.5467375],[74.2443419,27.5512052],[74.2433994,27.5536479],[74.2434719,27.5546442],[74.247305,27.5577121],[74.2496725,27.5593683],[74.25332,27.561273],[74.2532595,27.5625194],[74.256541,27.5633444],[74.2562998,27.5694906],[74.2549251,27.5735678],[74.2549352,27.5752483],[74.2576315,27.576398],[74.2572797,27.5783922],[74.2562189,27.5827538],[74.255476,27.5860457],[74.2552175,27.5906672],[74.2548752,27.5937479],[74.2553472,27.5944135],[74.2541241,27.5984069],[74.2551681,27.5985504],[74.2542314,27.6010882],[74.2575052,27.6015867],[74.2569863,27.6027787],[74.2588234,27.6032179],[74.2633295,27.6053096],[74.2660761,27.6072586],[74.2684901,27.6090554],[74.2679214,27.6103959],[74.2749917,27.6137709],[74.2744768,27.6163377],[74.2750239,27.6168415],[74.2750561,27.6194558],[74.2755711,27.6217372],[74.2763114,27.6225547],[74.2787468,27.6238476],[74.2784572,27.6250643],[74.2801738,27.6262905],[74.2869222,27.6291612],[74.2894328,27.6302733],[74.2922115,27.6311858],[74.2951512,27.6322219],[74.2968142,27.6323835],[74.298681,27.632393],[74.300462,27.6329633],[74.3031013,27.6341229],[74.3049788,27.6345411],[74.3080151,27.6350259],[74.3096244,27.6358813],[74.3121672,27.6369934],[74.311223,27.6404816],[74.3103111,27.6424775],[74.3086803,27.6453287],[74.3109226,27.6464312],[74.3100321,27.6491682],[74.3133259,27.649843],[74.3134224,27.6503752],[74.3137765,27.6504988],[74.315182,27.6510024],[74.3172312,27.6516582],[74.3179285,27.6513351],[74.3186688,27.6515917],[74.320364,27.6527036],[74.3215871,27.6530742],[74.3228745,27.6536159],[74.3252134,27.6554405],[74.3271875,27.65717],[74.3310177,27.6596028],[74.3339145,27.6614273],[74.3340969,27.6633943],[74.3343115,27.6675088],[74.3338287,27.6696657],[74.3332493,27.6711955],[74.332906,27.6724877],[74.3331957,27.6736659],[74.334569,27.6744356],[74.3361354,27.6748441],[74.3360388,27.6743406],[74.3366074,27.6743025],[74.3371224,27.6749201],[74.3395042,27.6760888],[74.3411136,27.6770579],[74.3427336,27.6779796],[74.3426907,27.6784926],[74.341768,27.6812099],[74.3505335,27.6849912],[74.3536341,27.6858462],[74.3540525,27.6853712],[74.356327,27.6855042],[74.3567669,27.6843832],[74.3595779,27.6847157],[74.3616164,27.6850577],[74.3632471,27.6850197],[74.3647814,27.6846302],[74.3658972,27.6836326],[74.3672168,27.6840506],[74.3670237,27.682768],[74.3678069,27.682863],[74.3713796,27.6839081],[74.3720877,27.6827205],[74.3754673,27.6845257],[74.3787289,27.6866633],[74.3836105,27.6891618],[74.3840611,27.6897794],[74.3880737,27.6916129],[74.3888569,27.6921639],[74.3894148,27.6928764],[74.390552,27.6946148],[74.3926871,27.6955078],[74.3953049,27.6970182],[74.3953156,27.6979967],[74.4004011,27.6992506],[74.4036841,27.700495],[74.4054329,27.6975502],[74.4069028,27.6944913],[74.4073641,27.6944628],[74.4080078,27.6924869],[74.408834,27.6922209],[74.4092739,27.6904539],[74.409585,27.6898364],[74.4100463,27.6891143],[74.4151103,27.6907104],[74.4151747,27.6896654],[74.4183504,27.6904349],[74.4186187,27.6898269],[74.4216335,27.6905584],[74.4217837,27.6900644],[74.4237149,27.6908719],[74.4240045,27.6903019],[74.433918,27.6923444],[74.434154,27.6917174],[74.4395184,27.6923444],[74.4396472,27.6914704],[74.443016,27.6927814],[74.4428658,27.6933894],[74.4508266,27.6946243],[74.4511485,27.6934844],[74.4538951,27.6935984],[74.4548821,27.6911474],[74.4565987,27.6874993],[74.4570708,27.6877273],[74.4597745,27.6882593],[74.4609332,27.6866063],[74.4616842,27.6851432],[74.4630575,27.6814949],[74.4685721,27.6832431],[74.4715547,27.6844212],[74.473958,27.6858082],[74.47649,27.6861883],[74.4796443,27.6867393],[74.4832706,27.6871003],[74.4896865,27.6878603],[74.4919181,27.6882973],[74.4938707,27.6828631],[74.4948936,27.6786669],[74.4949883,27.6758733],[74.4941183,27.6721171],[74.493937,27.669067],[74.494082,27.6673975],[74.4946983,27.6661132],[74.4960397,27.6660811],[74.5017675,27.6668195],[74.5065527,27.6685533],[74.5130781,27.6704155],[74.5181534,27.6720529],[74.5261651,27.6751028],[74.5317479,27.6690028],[74.5353731,27.6665948],[74.5373669,27.6643794],[74.5401946,27.6635767],[74.5449799,27.6635125],[74.5521215,27.6648289],[74.5557105,27.6652142],[74.5585381,27.6660169],[74.5602782,27.6672048],[74.5601695,27.6692596],[74.5616558,27.6703512],[74.5639759,27.6706081],[74.5662961,27.6721492],[74.569595,27.676066],[74.5788393,27.6849585],[74.584132,27.6905441],[74.5885185,27.6942676],[74.592325,27.6975738],[74.5962402,27.7020353],[74.5983791,27.7031587],[74.6007355,27.7044746],[74.6047232,27.7061757],[74.6072971,27.7079088],[74.6091822,27.7080693],[74.6103785,27.7063683],[74.6119373,27.7032871],[74.6137862,27.7013934],[74.6152363,27.6996922],[74.6174476,27.6973491],[74.6197678,27.6969318],[74.6216891,27.6972849],[74.6237555,27.6976701],[74.6251693,27.6978305],[74.6258944,27.6970923],[74.6259669,27.6944602],[74.6228854,27.6908009],[74.6204566,27.6884254],[74.6188615,27.6865957],[74.6144387,27.6845412],[74.610161,27.6815878],[74.6064633,27.6786985],[74.6064995,27.6768044],[74.6100885,27.6722134],[74.611031,27.6710897],[74.6117198,27.6693239],[74.6115386,27.6665306],[74.6133874,27.6635767],[74.6158526,27.6603337],[74.6187165,27.6589209],[74.6202391,27.6587283],[74.6219429,27.6568017],[74.6235742,27.6545539],[74.6249518,27.6525631],[74.6257494,27.6491913],[74.627707,27.6482601],[74.6326372,27.6498336],[74.6386913,27.6530447],[74.6453254,27.6542328],[74.6502557,27.6553567],[74.6565092,27.6575883],[74.6626177,27.659836],[74.664539,27.6604461],[74.6659347,27.6619552],[74.6684542,27.6638335],[74.6721957,27.6653903],[74.6812512,27.6684249],[74.68693,27.6704419],[74.6914044,27.6708407],[74.6945562,27.6725603],[74.6966105,27.6749279],[74.7003815,27.6784418],[74.7032519,27.6787159],[74.7079796,27.6787409],[74.7113002,27.6784667],[74.7138892,27.6773204],[74.7196863,27.6772954],[74.7214029,27.6773453],[74.7238512,27.6774201],[74.7259618,27.6774699],[74.7284101,27.6772207],[74.7306051,27.6770462],[74.7333629,27.6770213],[74.7353328,27.6770213],[74.7367962,27.6775696],[74.7387942,27.6795882],[74.7397791,27.6812329],[74.7406515,27.6824042],[74.7438315,27.6838745],[74.7476587,27.6846719],[74.7480808,27.6885094],[74.7485873,27.6953868],[74.7489532,27.7012172],[74.7492346,27.7063497],[74.7492908,27.7105104],[74.7490094,27.7153933],[74.7482778,27.7177102],[74.7472928,27.7189558],[74.7455762,27.7193045],[74.743944,27.71918],[74.7406515,27.7186817],[74.7400605,27.7198526],[74.7400887,27.7213722],[74.7387942,27.7245109],[74.736571,27.7241373],[74.7344886,27.7231658],[74.7323217,27.7222441],[74.7297609,27.7211231],[74.7282412,27.7205252],[74.7275377,27.7212476],[74.7270874,27.7223935],[74.7281568,27.7244362],[74.7285789,27.7253081],[74.7287759,27.7265536],[74.7286634,27.7277991],[74.727988,27.7305142],[74.7284945,27.733304],[74.7291699,27.7363178],[74.7313649,27.7412744],[74.7315619,27.7436405],[74.7330815,27.7447114],[74.7337851,27.7462058],[74.7337569,27.748522],[74.7342635,27.7503898],[74.7350233,27.7513611],[74.7354735,27.7522825],[74.734967,27.7535028],[74.7343479,27.7545488],[74.7338976,27.756043],[74.7366555,27.757836],[74.7382876,27.761422],[74.7390475,27.762941],[74.7412987,27.7650576],[74.7433531,27.766452],[74.747124,27.7676473],[74.7494597,27.768718],[74.753315,27.7697887],[74.7554538,27.769714],[74.7567201,27.7693405],[74.7573455,27.766961],[74.7595117,27.7681045],[74.7620568,27.7682216],[74.7622921,27.7671742],[74.763277,27.7661781],[74.7638398,27.765954],[74.7651625,27.7664271],[74.7667947,27.7673734],[74.7680547,27.7682623],[74.7699718,27.7696415],[74.7753482,27.7722927],[74.7758702,27.7715597],[74.7795557,27.7733674],[74.7836889,27.7745569],[74.7859978,27.7755517],[74.7851097,27.7782572],[74.7859627,27.7786605],[74.7864091,27.7787773],[74.7875629,27.7792752],[74.7911224,27.7813479],[74.7903014,27.7839799],[74.792108,27.7850168],[74.7945391,27.7863858],[74.7969198,27.7871894],[74.7969881,27.7881354],[74.7999714,27.7887743],[74.7998518,27.7896248],[74.798736,27.7919656],[74.8045886,27.7952152],[74.8085256,27.7967447],[74.8130567,27.7983734],[74.8175395,27.8012653],[74.8175924,27.8018267],[74.8169135,27.8018936],[74.8156636,27.8058176],[74.813432,27.8108325],[74.8128034,27.8107065],[74.8118618,27.8136995],[74.8094459,27.8171116],[74.807306,27.8201309],[74.8047066,27.8238008],[74.8030923,27.8294858],[74.8022621,27.8312266],[74.8000235,27.8341883],[74.7993059,27.8339146],[74.7971411,27.8385774],[74.7963429,27.8401087],[74.7956208,27.8410263],[74.7907147,27.8386903],[74.7856493,27.8361023],[74.7826944,27.8353309],[74.780218,27.8347087],[74.7795708,27.8353309],[74.7792894,27.837247],[74.7779386,27.838317],[74.7764471,27.8393622],[74.7757436,27.8406313],[74.7752933,27.841975],[74.7750119,27.8436919],[74.7736611,27.8448614],[74.7705937,27.8462051],[74.7689334,27.8475736],[74.7675263,27.8494895],[74.7670761,27.8515298],[74.7669635,27.8539931],[74.766063,27.8577002],[74.763868,27.8590686],[74.7609132,27.8588447],[74.7560729,27.8591184],[74.753906,27.8603126],[74.7516266,27.859616],[74.7492346,27.8602628],[74.746336,27.861258],[74.743944,27.861258],[74.7409048,27.8601633],[74.7378937,27.8594169],[74.7359519,27.8608351],[74.7339258,27.862701],[74.7330815,27.8647161],[74.7329408,27.8664825],[74.7319277,27.8710848],[74.7323498,27.8720053],[74.7344042,27.8721545],[74.7367117,27.8722043],[74.738766,27.8728013],[74.7400887,27.8733983],[74.7415239,27.8741944],[74.7418053,27.8755626],[74.7411299,27.876682],[74.7396384,27.8761596],[74.7378092,27.8755874],[74.7358112,27.8753884],[74.7336725,27.8752143],[74.7324906,27.8752392],[74.7315619,27.8761596],[74.7319559,27.8779257],[74.7331097,27.878672],[74.7340665,27.8792192],[74.7352765,27.8800401],[74.7357831,27.8813087],[74.7348544,27.8845672],[74.732969,27.8854627],[74.7333348,27.8875769],[74.7343197,27.8894175],[74.7361208,27.8907109],[74.7442254,27.8920291],[74.7462516,27.8930613],[74.7488265,27.893795],[74.7528648,27.8946282],[74.7544407,27.8950386],[74.7580428,27.8964562],[74.7644305,27.898032],[74.7721123,27.90063],[74.7765755,27.9013506],[74.777112,27.90008],[74.7777343,27.8992267],[74.782176,27.8998714],[74.7830128,27.8996818],[74.7837853,27.8993215],[74.7859311,27.9002697],[74.7865104,27.8994163],[74.7868967,27.8991698],[74.787755,27.8995111],[74.7884846,27.9003645],[74.789021,27.9007438],[74.7903943,27.8985819],[74.7919392,27.8968562],[74.7921538,27.8961355],[74.7916174,27.8956045],[74.7919607,27.8949029],[74.7924328,27.8945615],[74.7937631,27.8949598],[74.795115,27.8959459],[74.8003936,27.8981268],[74.8041057,27.9007438],[74.8095774,27.9029435],[74.8125386,27.9045553],[74.8165297,27.9067171],[74.8227525,27.9086702],[74.8232889,27.9086702],[74.8235464,27.9080634],[74.824748,27.9082909],[74.8266578,27.909239],[74.8280096,27.9109835],[74.8284817,27.913221],[74.8271084,27.9168235],[74.8277735,27.918037],[74.8316788,27.922796],[74.8321295,27.9235164],[74.8318934,27.9245782],[74.8315716,27.9253555],[74.8301554,27.9254124],[74.829297,27.9253934],[74.8277092,27.925109],[74.8268723,27.9248625],[74.8245764,27.9302089],[74.8233533,27.9306829],[74.8223233,27.9308345],[74.8204779,27.9353844],[74.8212719,27.9363512],[74.8198342,27.9417539],[74.8188042,27.9417539],[74.814105,27.9407113],[74.8139334,27.9415643],[74.8121524,27.9413558],[74.8094487,27.9409198],[74.8056507,27.940389],[74.8043847,27.940389],[74.803741,27.9412231],[74.8012948,27.9460189],[74.8002648,27.9467392],[74.7987199,27.9470615],[74.7975182,27.9463033],[74.7969389,27.9470236],[74.796381,27.9481988],[74.7960806,27.94981],[74.7955012,27.9504734],[74.7946429,27.9504544],[74.7939563,27.9516486],[74.7935486,27.9521603],[74.7920251,27.951895],[74.791274,27.9523878],[74.7905016,27.9528427],[74.789257,27.9528048],[74.7877979,27.9524636],[74.7868538,27.9535061],[74.7850084,27.9536198],[74.7836351,27.9552119],[74.7829056,27.9559322],[74.7827339,27.9565956],[74.7825408,27.9578655],[74.7817468,27.9584341],[74.7807812,27.9588131],[74.7795152,27.9605189],[74.7779918,27.9626795],[74.7767043,27.9633618],[74.7756314,27.9635134],[74.7752881,27.9646127],[74.7752023,27.9656929],[74.775331,27.9663373],[74.7753739,27.9673607],[74.7738719,27.971151],[74.7723269,27.9743726],[74.771769,27.9746948],[74.770267,27.9748653],[74.7698164,27.9751685],[74.7694731,27.9767603],[74.7693658,27.9781058],[74.7693443,27.9800197],[74.7690868,27.9803987],[74.7679496,27.9804366],[74.7664046,27.9804176],[74.7650742,27.9806261],[74.7627353,27.9838853],[74.7622204,27.9845107],[74.7628212,27.9852686],[74.7621345,27.9863487],[74.7612119,27.9883003],[74.7610402,27.9890393],[74.7621774,27.9901004],[74.7628212,27.990953],[74.7629285,27.991673],[74.764924,27.9923551],[74.7660613,27.9921278],[74.7669625,27.9918815],[74.7683143,27.9917678],[74.7689366,27.9926583],[74.7701168,27.9942499],[74.7719407,27.9955003],[74.7745371,27.9972055],[74.7752237,27.9982287],[74.7799015,27.9992139],[74.783206,27.9999906],[74.7846651,28.0007864],[74.7898364,28.0027757],[74.7921316,28.0034661],[74.7914028,28.0080803],[74.7916388,28.0106378],[74.7922182,28.0117934],[74.7931838,28.013934],[74.7927761,28.0152032],[74.7937631,28.0160367],[74.7945785,28.0169839],[74.7933554,28.0192191],[74.7936773,28.0233485],[74.7932267,28.0241441],[74.7929907,28.0247313],[74.7946429,28.0257731],[74.7957372,28.0263413],[74.7974324,28.0273263],[74.8006511,28.0269853],[74.8014235,28.0277619],[74.8026466,28.0291446],[74.8031401,28.0308493],[74.8023462,28.0350161],[74.8021531,28.0363798],[74.8025179,28.0377055],[74.8032689,28.0390313],[74.8042345,28.0403002],[74.8042989,28.040982],[74.8040843,28.04191],[74.8039341,28.0431978],[74.8057365,28.0442962],[74.8051786,28.0455651],[74.8039341,28.0486141],[74.8041487,28.0491632],[74.8053932,28.049845],[74.8058224,28.0504888],[74.8060798,28.0511516],[74.8062515,28.0531589],[74.807496,28.0534619],[74.8091483,28.0545413],[74.80829,28.0579877],[74.8076033,28.0581013],[74.8073888,28.0585368],[74.807496,28.0605819],[74.8072171,28.0613393],[74.8063373,28.0628919],[74.805243,28.0628162],[74.8053288,28.0639902],[74.8032689,28.0638387],[74.8030329,28.0643878],[74.8023033,28.0655239],[74.80196,28.0660162],[74.8008656,28.0660162],[74.8002648,28.066641],[74.7998142,28.0671901],[74.7988915,28.067209],[74.7980332,28.0671522],[74.7965526,28.0698219],[74.7964668,28.0711094],[74.7925401,28.0718478],[74.7895574,28.0736275],[74.7874975,28.0750285],[74.7869181,28.0777738],[74.7855234,28.0814276],[74.7867036,28.0828475],[74.7869825,28.0867852],[74.78827,28.0870691],[74.7872615,28.0928807],[74.78827,28.0936757],[74.7883773,28.094395],[74.7897506,28.0955687],[74.7887635,28.0980673],[74.7890854,28.0984837],[74.7900939,28.1004144],[74.7904157,28.1032915],[74.7942781,28.1051464],[74.793098,28.1070202],[74.7936988,28.1077205],[74.7936988,28.1083829],[74.7935056,28.1091022],[74.7932696,28.1099539],[74.7926259,28.1106352],[74.7931623,28.1113734],[74.7939992,28.112225],[74.7945571,28.1133228],[74.7947073,28.1143637],[74.7950506,28.115556],[74.7960591,28.1158967],[74.8003292,28.1172214],[74.8034405,28.1183948],[74.8044491,28.1176378],[74.8046636,28.1174864],[74.8073888,28.1182623],[74.8076463,28.117581],[74.8079252,28.1151018],[74.8088693,28.1144962],[74.8104787,28.1145151],[74.8136973,28.1147611],[74.814384,28.1143448],[74.8146629,28.1137202],[74.815135,28.1127928],[74.8158216,28.1129253],[74.816916,28.1132849],[74.8177957,28.1136823],[74.8183107,28.1125279],[74.8187399,28.1122061],[74.8227095,28.1123764],[74.8244262,28.1125846],[74.8251128,28.1129064],[74.8259282,28.1129632],[74.8265075,28.1121683],[74.8275375,28.1123386],[74.8292327,28.1131524],[74.8291468,28.1145529],[74.8307562,28.1148557],[74.8312068,28.1152721],[74.8310351,28.1168997],[74.8331165,28.1181488],[74.8338246,28.1193789],[74.8344898,28.1197574],[74.8351335,28.120363],[74.8359918,28.1209875],[74.8367214,28.1214228],[74.8367214,28.1229178],[74.8378372,28.1233342],[74.8392105,28.1235991],[74.8401332,28.1239587],[74.8462915,28.1271],[74.8509693,28.1291627],[74.8535657,28.1310928],[74.858737,28.1335528],[74.858222,28.1350476],[74.8572349,28.1373372],[74.8568851,28.1381546],[74.8572349,28.1414242],[74.8588657,28.1411783],[74.8600244,28.1409134],[74.8616338,28.1404593],[74.8625135,28.140516],[74.8639297,28.1407998],[74.8654747,28.1416891],[74.8655391,28.1442624],[74.8656249,28.1453408],[74.8662257,28.1456436],[74.8677492,28.1456436],[74.8686075,28.1457571],[74.8709893,28.1460409],[74.8715472,28.1472896],[74.8725343,28.1482545],[74.8723626,28.1506006],[74.8725986,28.1518114],[74.8742938,28.153533],[74.8758173,28.154933],[74.8765683,28.1560303],[74.8773193,28.1575059],[74.8783707,28.1609112],[74.8789716,28.1620462],[74.8809027,28.1649027],[74.8824692,28.1660945],[74.8830056,28.1669268],[74.8832631,28.1679672],[74.8840785,28.1691589],[74.8840356,28.170956],[74.8842716,28.1735852],[74.8841214,28.1748147],[74.8840141,28.1799595],[74.8846578,28.1814537],[74.8866319,28.1849906],[74.8878765,28.1872224],[74.8884558,28.189473],[74.8934769,28.190551],[74.8965239,28.1921396],[74.8974681,28.1910805],[74.9014592,28.1917992],[74.9023175,28.1907969],[74.9064159,28.1922153],[74.9075746,28.191837],[74.911952,28.1934824],[74.9147844,28.1942956],[74.9191618,28.1953168],[74.921565,28.1950521],[74.9220371,28.1942199],[74.9230027,28.1943145],[74.9269938,28.1951655],[74.9305343,28.1964704],[74.9311995,28.1947306],[74.9404907,28.1947116],[74.9413705,28.19248],[74.9421,28.1900971],[74.9439025,28.1878654],[74.945147,28.1875439],[74.9463057,28.1853405],[74.9491382,28.1868252],[74.9538052,28.1892649],[74.958483,28.1916763],[74.962399,28.1938133],[74.9642551,28.1945982],[74.9684286,28.1955532],[74.973321,28.1963286],[74.9771404,28.1974727],[74.9808741,28.1983237],[74.9830842,28.1990707],[74.9857879,28.2000162],[74.987601,28.2001581],[74.9931049,28.19995],[74.9970639,28.2015858],[74.9995208,28.2019356],[75.0031471,28.2029473],[75.0037157,28.2028622],[75.0042093,28.2026353],[75.0047779,28.2022477],[75.0053787,28.2016425],[75.0057864,28.2009618],[75.0055504,28.1990896],[75.0079,28.1996853],[75.008533,28.1993354],[75.0108075,28.1968581],[75.012095,28.1934918],[75.0146055,28.1945225],[75.0149059,28.194948],[75.0183821,28.1961773],[75.0186717,28.1964988],[75.0202274,28.1976902],[75.0217616,28.1978131],[75.0229418,28.1979171],[75.0242507,28.1980779],[75.0252056,28.198475],[75.0251198,28.199654],[75.0244609,28.2031577],[75.0245404,28.2063984],[75.0271368,28.2074573],[75.0287676,28.2080057],[75.0284242,28.2119388],[75.0280165,28.2130544],[75.0275016,28.2145292],[75.0300979,28.2162309],[75.0329733,28.2173465],[75.0359344,28.2185188],[75.0359559,28.2192372],[75.034883,28.2215439],[75.0373935,28.222338],[75.0398612,28.2236426],[75.0408482,28.2237371],[75.0417924,28.2238883],[75.0431657,28.2241152],[75.0443673,28.2245123],[75.0453973,28.2251929],[75.0463414,28.2264407],[75.0467062,28.2271402],[75.0493669,28.2282935],[75.0490236,28.2305243],[75.0486803,28.2305054],[75.0475216,28.2303731],[75.0458479,28.2302218],[75.0448608,28.2304676],[75.0443029,28.2341919],[75.0460624,28.2346834],[75.0444746,28.2388045],[75.0434875,28.239693],[75.0413632,28.2427932],[75.0419426,28.2475377],[75.047028,28.2485963],[75.0474143,28.2496926],[75.0456977,28.2547015],[75.0522208,28.2569696],[75.0570488,28.2581792],[75.0604605,28.2588596],[75.0620699,28.2605606],[75.0657606,28.2621293],[75.0664902,28.2642461],[75.0727772,28.2677046],[75.0770473,28.2685172],[75.0796652,28.2640193],[75.0833988,28.2659092],[75.0879693,28.2671376],[75.0899863,28.2663817],[75.0910163,28.2667597],[75.0929904,28.2650965],[75.0982046,28.2654745],[75.1013374,28.2675534],[75.1010155,28.2684038],[75.1026463,28.2690653],[75.1033973,28.2701992],[75.1048994,28.2729961],[75.1101351,28.2740922],[75.111165,28.2753961],[75.1137185,28.2764165],[75.1136541,28.2796101],[75.1145339,28.2802148],[75.1149201,28.2822367],[75.1172375,28.2833327],[75.1178598,28.2852034],[75.1236319,28.288888],[75.1291895,28.288529],[75.1330733,28.2890013],[75.1373005,28.2897571],[75.1439094,28.2918733],[75.1444244,28.2926858],[75.1455402,28.2930637],[75.1455402,28.2942162],[75.1458192,28.2949153],[75.1462054,28.2955388],[75.1460981,28.296219],[75.145154,28.2969558],[75.143137,28.2981839],[75.1432872,28.3002243],[75.1425147,28.3022648],[75.143373,28.3054576],[75.1445961,28.30695],[75.1447248,28.3090092],[75.1459479,28.3093115],[75.1461839,28.3104071],[75.1467418,28.3108228],[75.1530289,28.3131463],[75.1508832,28.3166977],[75.1492095,28.3197201],[75.148437,28.3276534],[75.1478147,28.332583],[75.1513767,28.3351517],[75.1567626,28.3372103],[75.1587796,28.3373992],[75.162642,28.3387401],[75.1623845,28.3418374],[75.1641869,28.3431782],[75.1637792,28.344368],[75.1628995,28.3463132],[75.1608395,28.3474651],[75.1591873,28.3516574],[75.1582646,28.3518274],[75.1549172,28.3566049],[75.1532864,28.3612311],[75.1542306,28.3628172],[75.1533079,28.3644221],[75.1511407,28.3645165],[75.1498103,28.3705018],[75.1489091,28.3727297],[75.1463771,28.3787145],[75.1468491,28.3793186],[75.1460552,28.3817917],[75.1448107,28.3818295],[75.1435232,28.385303],[75.1406264,28.3859449],[75.1386094,28.3863979],[75.1357126,28.3879459],[75.1344895,28.3882668],[75.1341247,28.3892107],[75.131979,28.3896448],[75.1289534,28.3904754],[75.1288247,28.3927784],[75.128417,28.39376],[75.1274085,28.3945905],[75.1262283,28.3954399],[75.125606,28.3964592],[75.1259279,28.398007],[75.1281595,28.4009705],[75.1277947,28.4059722],[75.1286745,28.4067649],[75.1347899,28.4083126],[75.1404118,28.4105774],[75.1450038,28.4113135],[75.1500892,28.412125],[75.1504755,28.410634],[75.1506901,28.4100112],[75.1553464,28.4106718],[75.1582217,28.4087278],[75.158329,28.4077086],[75.1582861,28.4064441],[75.1591444,28.4029335],[75.1597667,28.3997813],[75.1607322,28.3973275],[75.1625561,28.3932314],[75.1635861,28.3909851],[75.1637363,28.3901545],[75.1639509,28.388078],[75.1624703,28.3869076],[75.1637363,28.3805268],[75.1683283,28.3817539],[75.1724481,28.3831321],[75.1739287,28.3849255],[75.1782846,28.3865678],[75.1809883,28.3840571],[75.1853227,28.3846045],[75.1870394,28.3824336],[75.1937771,28.3852086],[75.2007293,28.388399],[75.2046776,28.3895505],[75.2095055,28.3900413],[75.2119303,28.3909851],[75.2169299,28.3931748],[75.2210068,28.3946849],[75.2245903,28.3958363],[75.2253198,28.3971388],[75.2275944,28.4007628],[75.2288818,28.4045755],[75.2254915,28.4033864],[75.2232599,28.4031411],[75.2209639,28.4064063],[75.2201915,28.4080672],[75.2184319,28.4147861],[75.218668,28.4168432],[75.2174234,28.4175603],[75.2174449,28.4185039],[75.2174234,28.4207119],[75.2177667,28.422165],[75.2191615,28.4228255],[75.2183032,28.4245994],[75.2189255,28.424807],[75.2183032,28.4263921],[75.2188182,28.4268261],[75.2181101,28.4293736],[75.2197623,28.4300907],[75.2198481,28.4309398],[75.2225518,28.4319399],[75.222466,28.4329777],[75.2264571,28.4344684],[75.2275944,28.4356005],[75.2314138,28.4371477],[75.2313494,28.4382044],[75.2334952,28.4387327],[75.233345,28.4397327],[75.2348685,28.4399969],[75.2348041,28.4413365],[75.233109,28.441412],[75.2330017,28.4450911],[75.2332592,28.4498833],[75.2325035,28.4534676],[75.2322977,28.4565646],[75.2365487,28.458976],[75.2428738,28.4600905],[75.2469279,28.463275],[75.2505048,28.4644],[75.254416,28.4596333],[75.2564852,28.4567345],[75.2573368,28.4560899],[75.2606926,28.4527598],[75.261637,28.4521849],[75.2621305,28.4509681],[75.2652419,28.4516661],[75.2651238,28.4499776],[75.2694368,28.4505058],[75.2738571,28.4511945],[75.2778482,28.4517793],[75.2839207,28.4378081],[75.2900362,28.4252221],[75.2924609,28.4261845],[75.2934694,28.426996],[75.2937913,28.4276187],[75.2958941,28.4284867],[75.2974391,28.4292792],[75.2988982,28.4284867],[75.2997565,28.4281848],[75.300529,28.4280527],[75.3002286,28.4260524],[75.300765,28.4251466],[75.301516,28.424656],[75.301795,28.4244295],[75.3008508,28.4222594],[75.3010011,28.4208063],[75.3020096,28.4194475],[75.3031897,28.4182209],[75.3047132,28.4167677],[75.3064084,28.4152013],[75.3077173,28.4142199],[75.3097129,28.4141633],[75.3129315,28.4105963],[75.3145194,28.4086523],[75.3165579,28.4042924],[75.3207421,28.4045944],[75.3215575,28.4029523],[75.3223085,28.4026503],[75.323596,28.4018387],[75.3244114,28.4004797],[75.3250766,28.3990452],[75.3272009,28.394968],[75.3274154,28.3946283],[75.3300762,28.3950435],[75.3301191,28.3908718],[75.3302049,28.3856051],[75.3298402,28.3822637],[75.329647,28.3783369],[75.3307628,28.3741268],[75.3317928,28.3695955],[75.3325224,28.3666879],[75.3349256,28.3656872],[75.3361916,28.3654417],[75.337007,28.3651774],[75.3380155,28.3637235],[75.3388738,28.3623829],[75.3393674,28.3614765],[75.3399253,28.360608],[75.3402257,28.3603247],[75.3411269,28.3601925],[75.3430795,28.3607213],[75.3446245,28.3614388],[75.3462553,28.3618353],[75.3475427,28.3621752],[75.3493237,28.3604191],[75.3496885,28.3596638],[75.350225,28.359475],[75.3518986,28.3593051],[75.352757,28.3591918],[75.3523707,28.3570958],[75.3526068,28.3564916],[75.353229,28.3561894],[75.3568554,28.3570203],[75.3574562,28.3571147],[75.3574347,28.3517707],[75.3583789,28.3490514],[75.3586149,28.3479561],[75.3620481,28.3485226],[75.3624344,28.3474085],[75.3667474,28.3492214],[75.3692794,28.3466153],[75.3691292,28.3460677],[75.3708243,28.3462565],[75.3716612,28.3454067],[75.3729915,28.3455578],[75.3743219,28.3444247],[75.3774333,28.3442736],[75.378356,28.3387023],[75.3792143,28.3386645],[75.3812313,28.3386268],[75.3854425,28.3392898],[75.38975,28.3407231],[75.391016,28.3383246],[75.3913379,28.3372103],[75.397346,28.3389478],[75.4014015,28.3359449],[75.4033971,28.3374181],[75.4075384,28.3380035],[75.4080319,28.3369648],[75.4111647,28.3382868],[75.4104781,28.3411953],[75.4114222,28.3419318],[75.4147911,28.3422906],[75.4160571,28.3424228],[75.4173231,28.3425361],[75.4178381,28.3439148],[75.4192543,28.3445002],[75.4184389,28.3483905],[75.4183316,28.3515441],[75.4165935,28.3521862],[75.4161858,28.3535458],[75.4151344,28.3571713],[75.4154777,28.3585687],[75.4154348,28.3603625],[75.4154563,28.3641578],[75.4245972,28.3651585],[75.4302835,28.3653851],[75.4389095,28.3668956],[75.4428577,28.367783],[75.4436946,28.3662536],[75.44451,28.3664046],[75.4464841,28.3641389],[75.4487157,28.3643277],[75.4484796,28.3590218],[75.4487586,28.3577756],[75.4495525,28.3555663],[75.4505825,28.3538668],[75.4511189,28.3504677],[75.4521489,28.3470119],[75.4531359,28.344859],[75.4549813,28.3418374],[75.4571271,28.3399677],[75.4591226,28.3399677],[75.4615044,28.3408931],[75.4647231,28.3414597],[75.4674268,28.341894],[75.4711604,28.3420262],[75.472641,28.3424606],[75.4750871,28.3435937],[75.4767179,28.3437448],[75.478692,28.3437448],[75.4796147,28.3434804],[75.4802799,28.3431405],[75.4817605,28.3431782],[75.4824362,28.3421975],[75.484751,28.3427239],[75.4913481,28.3419403],[75.4921617,28.3383384],[75.4962659,28.3380602],[75.4980254,28.3392878],[75.4993343,28.3395711],[75.5011797,28.3396844],[75.5051064,28.3398355],[75.5065226,28.3404587],[75.5081963,28.3406665],[75.5090332,28.3408175],[75.510385,28.3443491],[75.5121445,28.3480505],[75.5122518,28.3510342],[75.5115652,28.3542822],[75.5113506,28.3606268],[75.5113292,28.3647053],[75.5120158,28.3662158],[75.5121445,28.3679718],[75.5123162,28.3699165],[75.5154919,28.371729],[75.5219507,28.3730317],[75.5246973,28.3734282],[75.5263495,28.3735037],[75.5282593,28.3736925],[75.5287742,28.3740135],[75.5288172,28.3748442],[75.5285811,28.3755805],[75.5283451,28.3762413],[75.5282378,28.3774873],[75.5285811,28.3854541],[75.532465,28.3856617],[75.5331731,28.3840948],[75.5390739,28.3845857],[75.5394387,28.383302],[75.5416059,28.3833208],[75.5418205,28.3824147],[75.5420995,28.378167],[75.5463266,28.3781103],[75.5480647,28.37879],[75.5495882,28.3796395],[75.5515623,28.3803569],[75.561583,28.3806212],[75.5675268,28.3805835],[75.5669474,28.3904566],[75.5656385,28.3908907],[75.5666685,28.3979127],[75.5683636,28.4126723],[75.5699086,28.4126157],[75.569973,28.4104642],[75.5856156,28.409445],[75.5944347,28.4088599],[75.5953359,28.4068404],[75.5959153,28.4060666],[75.5985117,28.4065007],[75.5985331,28.4080861],[75.6026745,28.4081994],[75.608747,28.4082937],[75.6113648,28.4080106],[75.6120944,28.4115022],[75.6119871,28.4160317],[75.6114936,28.418051],[75.6058073,28.4232407],[75.6005502,28.4283735],[75.5929327,28.4301661],[75.5935335,28.4328645],[75.59304,28.4340532],[75.5921173,28.4340155],[75.591259,28.4357137],[75.589242,28.4354873],[75.5881476,28.4374874],[75.587182,28.4379213],[75.5864954,28.4394874],[75.5861521,28.4406384],[75.5858731,28.4414308],[75.5857229,28.4426761],[75.5860233,28.4435817],[75.5870104,28.4458835],[75.5876112,28.4466005],[75.5885124,28.4470156],[75.5891347,28.4474118],[75.5902934,28.4475438],[75.5917311,28.4472042],[75.5919242,28.446959],[75.5929971,28.4472042],[75.593555,28.447657],[75.5940914,28.448223],[75.5957651,28.448506],[75.5979967,28.4482042],[75.5997777,28.4481853],[75.601387,28.4479023],[75.6020093,28.4495059],[75.6029105,28.449638],[75.6007433,28.4521283],[75.5998635,28.4568447],[75.6018805,28.4571277],[75.602653,28.4599763],[75.6054425,28.4663146],[75.6070733,28.4713887],[75.6078028,28.4737653],[75.6070304,28.4738219],[75.6093263,28.4801405],[75.6094551,28.4822906],[75.6106138,28.486157],[75.6110429,28.4935875],[75.6094551,28.4975854],[75.6091117,28.5003009],[75.6088543,28.5015832],[75.607481,28.5015455],[75.6079959,28.5085224],[75.6098628,28.5086167],[75.6111502,28.5094275],[75.6131029,28.5095406],[75.6144118,28.5093143],[75.615313,28.5089184],[75.6165147,28.5086732],[75.6169867,28.5088618],[75.6173944,28.5096349],[75.6173944,28.5103891],[75.6211495,28.5105399],[75.6300759,28.5121426],[75.6339812,28.5121426],[75.6365561,28.5120484],[75.6365347,28.5107096],[75.6374788,28.510276],[75.638144,28.5098611],[75.6390881,28.5093143],[75.6403971,28.5100308],[75.6420493,28.5100685],[75.6453323,28.5101251],[75.6466412,28.5102571],[75.6485081,28.5101817],[75.6496882,28.5101817],[75.6539798,28.5100874],[75.6588506,28.5099177],[75.6615543,28.5098988],[75.6630134,28.510012],[75.6654811,28.5106908],[75.6664681,28.5117278],[75.6670046,28.5128968],[75.6672835,28.5140659],[75.6676268,28.5157439],[75.6683564,28.5179876],[75.6692362,28.5185344],[75.6705665,28.5181573],[75.6711452,28.5178503],[75.6707782,28.5217093],[75.6707782,28.5231744],[75.6707101,28.5252972],[75.6702677,28.5275994],[75.6698934,28.5302603],[75.6692128,28.5322036],[75.6667627,28.5345056],[75.6656397,28.535552],[75.6632236,28.5368674],[75.6603991,28.5367179],[75.6576086,28.5365385],[75.655703,28.5365385],[75.6535251,28.536987],[75.6510409,28.5375251],[75.6484546,28.5382426],[75.6459364,28.5389003],[75.6441669,28.540126],[75.6419209,28.5421588],[75.6394367,28.5438029],[75.6346726,28.5437132],[75.6338218,28.5447894],[75.632835,28.5472107],[75.6320523,28.5491238],[75.631712,28.5509173],[75.6314057,28.5543847],[75.6286833,28.5584796],[75.6259609,28.564547],[75.6256206,28.5699864],[75.6253484,28.5735428],[75.6247699,28.5816413],[75.6239192,28.5871097],[75.623783,28.5909345],[75.6241574,28.5947591],[75.6238511,28.5970298],[75.6228642,28.5998384],[75.6217413,28.6016011],[75.6203801,28.6026468],[75.6178278,28.6032743],[75.613438,28.6037224],[75.6084356,28.6040212],[75.5989413,28.6036328],[75.5947556,28.6041407],[75.5916929,28.6046187],[75.5889706,28.6060229],[75.5879156,28.6074868],[75.5872691,28.610056],[75.5870309,28.6128343],[75.5831515,28.6132526],[75.5805312,28.6133721],[75.5772303,28.6131032],[75.5740655,28.612924],[75.5693013,28.612924],[75.5615085,28.6131032],[75.5611002,28.6163594],[75.5612363,28.6241559],[75.5609981,28.6352374],[75.5599091,28.6374177],[75.5576972,28.640046],[75.5557235,28.6419872],[75.5543623,28.6428533],[75.5524906,28.6422859],[75.550653,28.6413899],[75.5482709,28.6423158],[75.5474202,28.6470941],[75.5466035,28.6501104],[75.544936,28.6537835],[75.5445277,28.6559634],[75.5449701,28.6577551],[75.5452083,28.6592183],[75.5446298,28.6596961],[75.5423157,28.6602037],[75.5427921,28.6661159],[75.5440512,28.6724159],[75.5442895,28.6799396],[75.5446978,28.6822085],[75.5433366,28.6844476],[75.5422136,28.6877314],[75.5402399,28.6920002],[75.5397295,28.6943585],[75.5393892,28.6989255],[75.5392871,28.7026566],[75.5383002,28.7085963],[75.5385044,28.7154011],[75.5384363,28.7170724],[75.5397975,28.7199672],[75.5409205,28.7219667],[75.5400357,28.724384],[75.5372113,28.7270697],[75.5356799,28.7289796],[75.5349653,28.7304119],[75.5340465,28.7317547],[75.5330596,28.7333959],[75.5315283,28.7362605],[75.5313241,28.7381403],[75.5346931,28.7424071],[75.5365647,28.7439884],[75.5376877,28.7453907],[75.5396614,28.746793],[75.5397975,28.7481058],[75.5379259,28.7473599],[75.5358501,28.7464052],[75.5333319,28.7463156],[75.5317665,28.7469124],[75.5302692,28.7483445],[75.5291802,28.7497467],[75.5281253,28.7517755],[75.5263898,28.7535655],[75.5238376,28.7581002],[75.523225,28.7594426],[75.5227826,28.7611132],[75.5225104,28.7628732],[75.5224083,28.764156],[75.5225444,28.7661248],[75.522102,28.7676163],[75.5208089,28.768362],[75.5187671,28.7687796],[75.51744,28.7687796],[75.5169295,28.7696447],[75.5183247,28.7731048],[75.516317,28.7735522],[75.5148537,28.7737909],[75.5138328,28.7745067],[75.5130501,28.7761771],[75.5124376,28.7773105],[75.511757,28.7788317],[75.5110764,28.7801739],[75.5092728,28.7801142],[75.5075373,28.7805616],[75.5059039,28.7809792],[75.5039982,28.7820529],[75.5044065,28.7855723],[75.5052573,28.7867951],[75.5061421,28.7881372],[75.5067546,28.7905529],[75.5077074,28.7897476],[75.5091027,28.7902248],[75.5099874,28.7912388],[75.5109743,28.7924019],[75.5113486,28.794072],[75.5104638,28.7950859],[75.509477,28.7964279],[75.5090686,28.7980681],[75.5087283,28.8001555],[75.5104638,28.8029288],[75.5114507,28.8045092],[75.5134585,28.8078489],[75.5149558,28.8100853],[75.5165212,28.8119339],[75.518631,28.8130968],[75.5188692,28.8151541],[75.5188011,28.8173009],[75.5192095,28.8212365],[75.5204346,28.8286004],[75.5200262,28.8331616],[75.5176782,28.8333404],[75.5160447,28.8340261],[75.5161128,28.8359638],[75.5160107,28.8381399],[75.5133904,28.8381399],[75.5100555,28.8376629],[75.5078436,28.837961],[75.507231,28.8396304],[75.5072991,28.8417468],[75.5065164,28.8425814],[75.5058018,28.8435353],[75.5042704,28.847291],[75.5046448,28.8491689],[75.5038621,28.8502121],[75.5022967,28.8501525],[75.5012077,28.8497054],[75.5002889,28.8483641],[75.4995743,28.8477679],[75.4984854,28.8484535],[75.4983833,28.8502717],[75.4983833,28.8522091],[75.498077,28.8538484],[75.4972263,28.8558155],[75.4978728,28.8571567],[75.4981451,28.8648459],[75.4984513,28.8677366],[75.4990639,28.8716107],[75.4983152,28.875127],[75.498111,28.8798054],[75.4978388,28.8853774],[75.4972603,28.8904426],[75.4967158,28.8944052],[75.4956949,28.8961034],[75.4953546,28.8973547],[75.4932107,28.8997381],[75.4916454,28.9007808],[75.4898078,28.901615],[75.488923,28.9022406],[75.4876639,28.9032535],[75.4871194,28.9046537],[75.4862687,28.9063517],[75.4856221,28.9074539],[75.4840567,28.9089136],[75.4821851,28.9105818],[75.4795308,28.9133223],[75.4764,28.9176415],[75.4749368,28.9198755],[75.474086,28.9213946],[75.47412,28.9232711],[75.4737568,28.923979],[75.4740349,28.9250958],[75.4745995,28.9268365],[75.4763746,28.9320921],[75.4750871,28.9327494],[75.4748511,28.9329372],[75.4741215,28.933463],[75.4734564,28.9336883],[75.4725122,28.9340076],[75.4712677,28.9336132],[75.4710316,28.9338949],[75.4711818,28.9351156],[75.4712033,28.9368244],[75.470345,28.9376695],[75.4703235,28.9387962],[75.470066,28.9400919],[75.4689932,28.9415002],[75.4695296,28.9428335],[75.4677057,28.9443357],[75.4653239,28.9464199],[75.4638648,28.9468518],[75.4623842,28.9482413],[75.4598522,28.9513394],[75.4590797,28.9518276],[75.4577923,28.9521092],[75.454874,28.9544374],[75.4540372,28.9543248],[75.4531252,28.9562398],[75.4529965,28.9571035],[75.4530072,28.9581361],[75.4530394,28.9593846],[75.4529643,28.9601732],[75.4526317,28.9606144],[75.4521167,28.9609429],[75.4519236,28.9627922],[75.4520309,28.9669975],[75.4519987,28.9684149],[75.4516876,28.9692597],[75.4518056,28.9697384],[75.4522991,28.970142],[75.4528463,28.9703391],[75.4533076,28.9704799],[75.4536724,28.9711369],[75.4535329,28.971503],[75.4533076,28.9720474],[75.4528785,28.9723008],[75.452342,28.9724135],[75.4520309,28.9721413],[75.4519343,28.9717001],[75.4518056,28.9709023],[75.4514944,28.9705831],[75.4512155,28.9706958],[75.451237,28.9708553],[75.4512691,28.9713247],[75.4499388,28.9714279],[75.4494989,28.9712683],[75.4491448,28.9708647],[75.4485977,28.9708741],[75.4486406,28.973108],[75.4492843,28.9762711],[75.4497242,28.9761866],[75.4507434,28.9761303],[75.4514301,28.9762805],[75.4517734,28.9766841],[75.4518807,28.9773692],[75.4516125,28.9781482],[75.4514837,28.9790493],[75.4517627,28.9805791],[75.4524493,28.9821464],[75.4521596,28.9841736],[75.4505503,28.9843332],[75.4504216,28.9852905],[75.4482543,28.9856283],[75.4447782,28.9863885],[75.4440915,28.9869516],[75.4433942,28.9899828],[75.4421925,28.9903301],[75.4418385,28.9914187],[75.4406583,28.9911465],[75.4413021,28.9899453],[75.4361737,28.9900298],[75.4360449,28.9905741],[75.4342317,28.9904239],[75.4341674,28.9917002],[75.4349828,28.9919442],[75.4350042,28.993502],[75.4316997,28.9934269],[75.4323864,28.9987758],[75.4289961,28.9987946],[75.4287386,28.9996579],[75.4277086,28.9998643],[75.4274511,28.9987946],[75.4254341,28.9961108],[75.4227519,28.9960169],[75.4222369,28.9913061],[75.421443,28.9894104],[75.4212713,28.9860319],[75.4206705,28.981039],[75.4189968,28.9807199],[75.4189753,28.979237],[75.4162502,28.9792182],[75.4157567,28.9786926],[75.4154348,28.9783735],[75.4146409,28.9773974],[75.4143405,28.9765527],[75.4133534,28.975126],[75.4110789,28.9742625],[75.4089117,28.9740748],[75.4081177,28.9718221],[75.4071092,28.9710525],[75.4064655,28.9707333],[75.4050064,28.9703016],[75.4028606,28.9700387],[75.4027533,28.9692315],[75.4027319,28.9685932],[75.4026246,28.9676546],[75.4021311,28.9662841],[75.401895,28.9641252],[75.4012084,28.9630926],[75.4007363,28.9620976],[75.3998995,28.9615531],[75.3998995,28.9604454],[75.3995132,28.9586618],[75.3987193,28.9570284],[75.3989982,28.9530292],[75.3992557,28.9498561],[75.4007149,28.9458191],[75.3998995,28.9408618],[75.3967881,28.9408618],[75.3961444,28.9402421],[75.3945994,28.9397914],[75.3902221,28.9396975],[75.387218,28.9398665],[75.385158,28.9394722],[75.3829479,28.9388337],[75.3814244,28.9384018],[75.3786349,28.9380826],[75.3784418,28.9344583],[75.3788924,28.9310029],[75.3798795,28.9285239],[75.3806519,28.9264017],[75.3808665,28.9242982],[75.3790855,28.9242982],[75.3789997,28.9236972],[75.3782272,28.9235846],[75.3782701,28.922514],[75.3765964,28.9222135],[75.375545,28.9192085],[75.3746652,28.9169358],[75.3750944,28.9148697],[75.3712749,28.9148322],[75.3668546,28.9138179],[75.3649449,28.9132356],[75.3633785,28.9125782],[75.3620052,28.9124467],[75.3598809,28.9129727],[75.3568554,28.9133859],[75.3543234,28.9120711],[75.3508901,28.9124843],[75.3488302,28.9132544],[75.347929,28.9129351],[75.3465342,28.9132356],[75.3431654,28.9150576],[75.3431225,28.9176871],[75.3408694,28.9172363],[75.3375649,28.915715],[75.3337025,28.914757],[75.3335094,28.9154144],[75.3332519,28.917349],[75.3327584,28.9205983],[75.3308058,28.9215937],[75.3322649,28.9252561],[75.333488,28.9307024],[75.334239,28.9307024],[75.3345394,28.9332188],[75.3351831,28.9331625],[75.3354192,28.9342705],[75.3348398,28.9343832],[75.3349042,28.9361296],[75.3346896,28.9369747],[75.3346038,28.9379136],[75.3347754,28.9386835],[75.3353333,28.9394534],[75.3372645,28.9409369],[75.3392172,28.9411622],[75.3422856,28.9414063],[75.3449034,28.9417819],[75.3476071,28.9423077],[75.3507185,28.943209],[75.3547311,28.9441479],[75.3553748,28.94473],[75.3574776,28.9465889],[75.3578853,28.9486732],[75.3577351,28.9488234],[75.357306,28.949105],[75.3569841,28.949781],[75.3568339,28.9506071],[75.3573704,28.9523533],[75.357821,28.9551509],[75.3578639,28.9570847],[75.3578853,28.9579108],[75.3580355,28.9591875],[75.3583145,28.9605205],[75.3581428,28.9614217],[75.3574776,28.9633554],[75.3577351,28.9670726],[75.3540015,28.9666596],[75.3539586,28.9670163],[75.3537869,28.9684806],[75.3530788,28.9703016],[75.350461,28.9721413],[75.348444,28.9728171],[75.3480148,28.9738495],[75.3432083,28.976196],[75.3353977,28.9800629],[75.334003,28.9818273],[75.3327369,28.9815833],[75.3287244,28.9819963],[75.3244972,28.9823342],[75.3216219,28.9825969],[75.3179741,28.9834228],[75.3167295,28.98545],[75.3097987,28.9841736],[75.3044343,28.9823905],[75.3033399,28.9821652],[75.3013658,28.9822215],[75.3001857,28.9824092],[75.2979541,28.9823154],[75.2954221,28.9828973],[75.2941775,28.9789554],[75.2940702,28.9748444],[75.2927398,28.9718034],[75.2919888,28.9696257],[75.2948642,28.9627547],[75.2988982,28.963055],[75.2990055,28.9621163],[75.3021598,28.9620037],[75.3021812,28.9606144],[75.3059149,28.9598822],[75.3072881,28.9570096],[75.3072667,28.9552072],[75.3082752,28.9549068],[75.3084898,28.9509639],[75.3041124,28.9500063],[75.3005719,28.9497622],[75.3006363,28.948185],[75.3010654,28.9479033],[75.3011298,28.9473588],[75.2999282,28.9459881],[75.2992415,28.9415378],[75.2985763,28.936355],[75.2982759,28.9325991],[75.298512,28.9316601],[75.299263,28.9304958],[75.2989411,28.9266083],[75.297718,28.9265707],[75.2973318,28.925087],[75.2963662,28.92535],[75.2960443,28.9243358],[75.2966666,28.9241856],[75.2956581,28.9220821],[75.2939844,28.9222887],[75.2953148,28.9258758],[75.2941131,28.9263454],[75.2916455,28.9216313],[75.2949929,28.9213496],[75.294199,28.9177622],[75.2929544,28.9179688],[75.2923751,28.9166353],[75.2902508,28.9172363],[75.2908301,28.9216876],[75.2832341,28.9221947],[75.2831268,28.923716],[75.280509,28.9239602],[75.281024,28.9250683],[75.2803159,28.9254627],[75.2790928,28.9238099],[75.278213,28.9245048],[75.2783847,28.9255378],[75.2795219,28.9256505],[75.2796078,28.9261388],[75.2805948,28.9269463],[75.2806163,28.9292751],[75.2793503,28.9294817],[75.2792644,28.9303268],[75.2773547,28.9301953],[75.2770757,28.9308902],[75.2744794,28.9307024],[75.2733636,28.9296319],[75.2722692,28.9282234],[75.2673125,28.927829],[75.266068,28.927228],[75.2625704,28.9264956],[75.2623343,28.9275849],[75.259695,28.9270402],[75.2601671,28.9293314],[75.2576351,28.9289558],[75.2551675,28.9281295],[75.2508545,28.9272093],[75.2504682,28.9297446],[75.2519703,28.9302704],[75.2524853,28.9307399],[75.2524853,28.9312658],[75.253129,28.9328057],[75.2526569,28.9344207],[75.2516269,28.9342329],[75.2501893,28.9335193],[75.249331,28.9320921],[75.2480221,28.9320733],[75.2470135,28.9314911],[75.2455115,28.9313033],[75.2443099,28.9311531],[75.2441168,28.9288056],[75.2417779,28.9284675],[75.2405548,28.9270027],[75.2420783,28.9264956],[75.2433228,28.9256505],[75.2422929,28.9217816],[75.2413058,28.9180064],[75.240705,28.9118832],[75.2403617,28.9100425],[75.2411341,28.9028293],[75.2424001,28.90251],[75.2433872,28.9015331],[75.2449751,28.8994855],[75.2469277,28.8951648],[75.2492666,28.8902239],[75.2477217,28.8843621],[75.2420997,28.8822202],[75.2412629,28.8791952],[75.2401686,28.8758131],[75.2350616,28.872863],[75.2349114,28.8717356],[75.2327442,28.8694619],[75.2308774,28.8660231],[75.2286672,28.8657788],[75.2259207,28.8660983],[75.2254915,28.8673761],[75.2225089,28.866662],[75.2204704,28.8652715],[75.222938,28.8582055],[75.2169513,28.8582807],[75.2112007,28.8592016],[75.2057934,28.8601036],[75.1983261,28.8614567],[75.1981759,28.868015],[75.1976394,28.868466],[75.1934767,28.8684096],[75.1920175,28.8680526],[75.1894641,28.8672258],[75.1878977,28.8660795],[75.1874041,28.8651023],[75.1871466,28.8629601],[75.1866746,28.8614003],[75.1828337,28.8598405],[75.1791,28.8570404],[75.1756453,28.8535072],[75.1743793,28.8514774],[75.1734781,28.8505941],[75.1729846,28.8450872],[75.1721048,28.845106],[75.1701951,28.8454819],[75.1695084,28.8453879],[75.1679849,28.8444669],[75.1670193,28.8471923],[75.1670408,28.8520225],[75.1641226,28.8523044],[75.1636505,28.8530937],[75.1594877,28.8537327],[75.1566553,28.85471],[75.1556253,28.8601976],[75.1542091,28.86125],[75.1561832,28.8632044],[75.1572561,28.8641816],[75.1572561,28.864595],[75.1556253,28.8657225],[75.1527929,28.865497],[75.1527071,28.8666996],[75.150733,28.867752],[75.1500892,28.8713222],[75.1487159,28.8734268],[75.1467418,28.8743287],[75.1458406,28.8745729],[75.1446175,28.8746293],[75.1429653,28.8736898],[75.1405835,28.8721866],[75.1389742,28.8719799],[75.1323223,28.8722242],[75.1315498,28.873671],[75.1277947,28.8736898],[75.128181,28.8763956],[75.1227951,28.8769405],[75.121336,28.8754749],[75.1166582,28.8752682],[75.1135468,28.876358],[75.1084828,28.8761043],[75.1083326,28.8749957],[75.1051783,28.8746857],[75.0971746,28.8733892],[75.096724,28.872149],[75.0927758,28.8701948],[75.0895786,28.8671882],[75.0870681,28.8655721],[75.0852871,28.8649896],[75.0789141,28.8623775],[75.0734854,28.8611372],[75.069623,28.8600848],[75.0664902,28.8600848],[75.0655675,28.8594459],[75.0642156,28.8593519],[75.0627994,28.858976],[75.0586152,28.8571907],[75.0529504,28.8562698],[75.0460624,28.8542589],[75.0458479,28.853338],[75.045011,28.8525299],[75.0422859,28.8516654],[75.042243,28.8505565],[75.0399256,28.8502182],[75.0356555,28.8491281],[75.0316214,28.8500491],[75.0303125,28.8514022],[75.0277805,28.8508572],[75.0271153,28.8532441],[75.027008,28.8585626],[75.0280809,28.8656473],[75.0287246,28.870439],[75.0278449,28.8751742],[75.0280595,28.8763016],[75.0290465,28.8806983],[75.0298619,28.8818256],[75.0322866,28.8853766],[75.0335312,28.8855833],[75.0342607,28.886053],[75.0346684,28.8870112],[75.0357842,28.8871615],[75.0359988,28.8876688],[75.0369215,28.8879882],[75.0373077,28.8886081],[75.0380587,28.8890215],[75.0381446,28.8895851],[75.0388741,28.8926286],[75.0393677,28.8928352],[75.0404405,28.8932673],[75.0417709,28.8936619],[75.0425005,28.8942818],[75.0437665,28.8946012],[75.0436163,28.8954278],[75.0449037,28.8955405],[75.0442815,28.8962168],[75.0437236,28.8964047],[75.0431013,28.8988093],[75.0424146,28.9016646],[75.0408482,28.9073376],[75.0411701,28.908953],[75.0415993,28.9102866],[75.0419855,28.9112634],[75.0419426,28.9125031],[75.0431442,28.9139682],[75.0422215,28.9145692],[75.0421142,28.9171049],[75.0416207,28.9177059],[75.041492,28.9191521],[75.0413632,28.9207861],[75.0411486,28.9225892],[75.0397324,28.922946],[75.039432,28.9243921],[75.0420499,28.9250495],[75.0416422,28.9276412],[75.0422001,28.9279605],[75.0413418,28.9308714],[75.0399685,28.9305334],[75.03793,28.9312658],[75.0378656,28.9318667],[75.0390887,28.9328808],[75.0396895,28.9335381],[75.0398612,28.9345522],[75.0381446,28.9349653],[75.0379514,28.9362423],[75.0367713,28.9364676],[75.036664,28.9369559],[75.0360203,28.9367493],[75.0356769,28.938477],[75.0253987,28.9366554],[75.0213432,28.9358292],[75.0158071,28.9353785],[75.0157428,28.9339512],[75.0119662,28.9323926],[75.0097775,28.932017],[75.0096488,28.9313033],[75.0060224,28.9301202],[75.0057864,28.9306648],[75.0032758,28.9306836],[75.0020742,28.9205795],[75.0024819,28.919678],[75.0023532,28.9188516],[74.9988127,28.9171049],[74.9984693,28.9149824],[74.9975896,28.9142687],[74.997611,28.9116954],[74.9966454,28.9115076],[74.9963236,28.9094977],[74.992311,28.9094602],[74.9851012,28.909216],[74.978385,28.9088027],[74.9721622,28.9078823],[74.968493,28.9074879],[74.9614334,28.9075442],[74.9549532,28.9073752],[74.9473572,28.9067553],[74.9440312,28.8999927],[74.9433231,28.8977197],[74.9428296,28.8956532],[74.9430871,28.8939812],[74.9390101,28.8941691],[74.9336886,28.8939624],[74.9297619,28.8942442],[74.9279165,28.893474],[74.9231744,28.8935116],[74.9232387,28.8957847],[74.9164796,28.8964798],[74.9166727,28.898133],[74.9169946,28.9030172],[74.918561,28.9033365],[74.9187326,28.9048581],[74.9180245,28.9069807],[74.9171877,28.9113197],[74.9158358,28.9113573],[74.9155354,28.9148134],[74.9145055,28.9148134],[74.9134326,28.916316],[74.9110722,28.9205607],[74.9090552,28.9222135],[74.9045706,28.9246175],[74.9004507,28.9276412],[74.8996568,28.9287117],[74.8993563,28.9304019],[74.8992061,28.9319794],[74.8982405,28.9322987],[74.900558,28.9362047],[74.9019956,28.9388901],[74.9006653,28.9390779],[74.8986482,28.9390215],[74.8953223,28.9381765],[74.8922753,28.9375005],[74.8851514,28.9403923],[74.881804,28.9415754],[74.8778343,28.9423452],[74.8775983,28.9430025],[74.8758387,28.9427584],[74.8751306,28.941857],[74.8723197,28.9411247],[74.8713112,28.9423828],[74.8698735,28.9420448],[74.8693585,28.9419134],[74.8673844,28.9415941],[74.867363,28.9425142],[74.8656893,28.9427396],[74.8636937,28.9429649],[74.8622346,28.9430963],[74.8602175,28.9438475],[74.8600459,28.9427584],[74.8601317,28.942026],[74.8588657,28.9415002],[74.8569345,28.9406928],[74.8539734,28.9397351],[74.8480296,28.9380638],[74.8442101,28.9361108],[74.8424935,28.9348714],[74.8392534,28.9348339],[74.8388028,28.9344019],[74.8380303,28.9339512],[74.8339963,28.9336696],[74.8310995,28.9336132],[74.8236322,28.9337259],[74.8209071,28.9329935],[74.8194265,28.9325991],[74.8188686,28.9332001],[74.8180747,28.9335005],[74.8134827,28.9322048],[74.8083544,28.9306836],[74.8073458,28.9296131],[74.8055649,28.9292563],[74.8035478,28.9292375],[74.8031831,28.9284112],[74.8026037,28.9281107],[74.8006296,28.9278666],[74.8011875,28.9252561],[74.797647,28.9230775],[74.7914457,28.9189643],[74.790287,28.9191521],[74.7888922,28.9194151],[74.7881198,28.9187389],[74.7871542,28.9181379],[74.7848582,28.9176308],[74.7847938,28.9153957],[74.7826266,28.9148134],[74.7823906,28.9136676],[74.7827983,28.9103618],[74.7827983,28.9091596],[74.7815966,28.9087088],[74.7812319,28.9079387],[74.7805238,28.9072061],[74.7786999,28.9070183],[74.7789144,28.9025663],[74.7797513,28.902416],[74.779408,28.9004248],[74.7763181,28.9004248],[74.7762537,28.8998237],[74.7757172,28.8997297],[74.7752666,28.8995982],[74.7741294,28.8988468],[74.7739577,28.8980578],[74.7740006,28.8970997],[74.7735715,28.8958786],[74.7708463,28.894263],[74.7678208,28.8923092],[74.7668767,28.8911444],[74.7680783,28.8882324],[74.7688079,28.888176],[74.7694087,28.8867482],[74.7685075,28.8858463],[74.76825,28.8820135],[74.7688079,28.8811868],[74.7693872,28.8742723],[74.7696447,28.8741408],[74.7707176,28.8741596],[74.7712326,28.8738589],[74.7722196,28.8734643],[74.7755885,28.8740844],[74.777627,28.874385],[74.7782707,28.8739341],[74.777863,28.8723181],[74.7818112,28.8708149],[74.7844934,28.8693492],[74.787004,28.8688606],[74.7875619,28.8683345],[74.7873902,28.8663238],[74.7890425,28.8662674],[74.7897076,28.8657037],[74.7901797,28.8613439],[74.790802,28.8604043],[74.7918319,28.8585814],[74.7921753,28.8581679],[74.7936559,28.8583183],[74.7943854,28.8566645],[74.7977972,28.8575854],[74.7981834,28.8561383],[74.7985482,28.8556497],[74.7992134,28.8543717],[74.799664,28.8514022],[74.8004794,28.848226],[74.8003936,28.8461961],[74.8016596,28.8460458],[74.801166,28.8447677],[74.800415,28.8444669],[74.800415,28.8437339],[74.7988701,28.8434144],[74.7986769,28.8369485],[74.799664,28.8370989],[74.8002648,28.8364034],[74.8003506,28.8330011],[74.7992134,28.8329071],[74.7988915,28.8303318],[74.7975397,28.8303882],[74.7954154,28.8305762],[74.7932911,28.8308205],[74.7912311,28.8303506],[74.7856521,28.8286776],[74.7818112,28.8264781],[74.7779703,28.825369],[74.7735929,28.8236395],[74.7681856,28.8238651],[74.7632932,28.8237711],[74.7576499,28.8273053],[74.7574568,28.8280196],[74.7562766,28.8283204],[74.7544741,28.8298054],[74.7541523,28.8306326],[74.7541308,28.8331703],[74.7537231,28.8375876],[74.7537017,28.8388094],[74.7547531,28.839768],[74.7550964,28.8402567],[74.7554397,28.8411213],[74.7550535,28.8420047],[74.7538519,28.8432264],[74.7533154,28.8441286],[74.7525,28.8470043],[74.7512984,28.8499363],[74.7505903,28.8521164],[74.7500968,28.8538455],[74.7484875,28.8537139],[74.7463417,28.853432],[74.7451186,28.8533192],[74.7426939,28.8532817],[74.7396898,28.8527366],[74.7355485,28.8521352],[74.7319221,28.8514398],[74.7291541,28.8513647],[74.7266006,28.8510452],[74.7265148,28.8498799],[74.7211718,28.8505189],[74.7206998,28.8499927],[74.7198844,28.8492597],[74.719584,28.8486019],[74.7191119,28.8470983],[74.7185969,28.845933],[74.7167945,28.8457638],[74.7150349,28.8462337],[74.7133827,28.8457826],[74.7087478,28.8446737],[74.7082114,28.8439407],[74.7061085,28.8435272],[74.7061085,28.8425122],[74.7057009,28.8421927],[74.7042632,28.8418731],[74.7026539,28.8415724],[74.7010875,28.8412529],[74.6998644,28.8405574],[74.6999073,28.8395048],[74.6984482,28.8390913],[74.6981048,28.8380387],[74.6978473,28.8373432],[74.6970749,28.8360838],[74.6954226,28.8353132],[74.6947575,28.8339786],[74.6924829,28.8333394],[74.6915173,28.8344485],[74.690659,28.8356515],[74.6892643,28.8363658],[74.6878052,28.8365162],[74.6857452,28.836253],[74.6854448,28.8368357],[74.6850157,28.8375876],[74.6838784,28.8374936],[74.6811533,28.8373244],[74.6781277,28.8367605],[74.6766686,28.8364974],[74.6751022,28.8363094],[74.6742868,28.8374184],[74.6734714,28.8374184],[74.67139,28.8372492],[74.6698451,28.8366853],[74.6683216,28.8363094],[74.6656608,28.8361966],[74.6603393,28.8363846],[74.6555972,28.8365538],[74.653902,28.8371177],[74.6521425,28.8374748],[74.6519065,28.8365726],[74.6517133,28.8362154],[74.6507478,28.8357455],[74.6497822,28.8358583],[74.6486234,28.8361026],[74.647336,28.8362154],[74.6449113,28.8362342],[74.6443534,28.8367793],[74.6433878,28.8367981],[74.6403622,28.8366853],[74.6383238,28.8364034],[74.6355986,28.836347],[74.6342897,28.8353883],[74.6339464,28.8325688],[74.6330881,28.8205752],[74.6349763,28.8202744],[74.6349763,28.8183944],[74.6335172,28.8171912],[74.6336889,28.8128294],[74.6297622,28.8124345],[74.6241402,28.8123029],[74.6222091,28.8117013],[74.6205139,28.8114757],[74.6188831,28.8119833],[74.6171236,28.8107048],[74.6156859,28.8103476],[74.614141,28.8103476],[74.61236,28.8102912],[74.6101069,28.81031],[74.6079826,28.8108364],[74.6066737,28.8110056],[74.6053648,28.8107236],[74.603734,28.8098775],[74.6028328,28.8107048],[74.5995497,28.8106484],[74.5992279,28.8118329],[74.5965242,28.8114757],[74.5965028,28.8144462],[74.5958376,28.8170783],[74.5938849,28.8172663],[74.5926404,28.817586],[74.5922971,28.8181312],[74.5909238,28.8185824],[74.5906663,28.8237711],[74.5877695,28.8241283],[74.5876407,28.825651],[74.5855808,28.8261022],[74.5840358,28.8273053],[74.5831775,28.8292979],[74.5801305,28.8291099],[74.5742511,28.8267413],[74.5680284,28.8254254],[74.5613336,28.8233951],[74.5605611,28.8227935],[74.558115,28.8215152],[74.5536518,28.8205],[74.5524501,28.8211392],[74.5431375,28.818996],[74.5423221,28.81674],[74.5401334,28.8195976],[74.5397901,28.8236583],[74.5365071,28.8221355],[74.534533,28.8234327],[74.5250487,28.8255946],[74.5213365,28.825557],[74.5183968,28.8251058],[74.5096421,28.8229063],[74.4989776,28.8209888],[74.4929266,28.819466],[74.4892359,28.818996],[74.4878197,28.8186952],[74.4856524,28.8191464],[74.4839573,28.81909],[74.4827556,28.8186012],[74.4818544,28.8168903],[74.4782281,28.8149351],[74.4721341,28.8165143],[74.466083,28.8173039],[74.4644093,28.8196728],[74.4637441,28.8196164],[74.4613409,28.8226995],[74.458723,28.8257262],[74.4563627,28.82864],[74.4524359,28.8283204],[74.4506764,28.8290723],[74.4456553,28.8288843],[74.4382739,28.8287527],[74.4376302,28.8313281],[74.4381022,28.8317228],[74.4367289,28.8378883],[74.4358063,28.8418731],[74.4326949,28.8454819],[74.4319224,28.8470043],[74.4306993,28.8535072],[74.4298839,28.8579424],[74.4281673,28.8601412],[74.4272876,28.8650647],[74.4242406,28.8712658],[74.4233608,28.8755688],[74.4221806,28.8756815],[74.4205069,28.8802474],[74.4193268,28.8847378],[74.4175029,28.8846157],[74.4141126,28.8843715],[74.4124389,28.8842963],[74.4092631,28.8835824],[74.4077504,28.8829436],[74.4051862,28.8822108],[74.4039416,28.8824832],[74.4022787,28.8820887],[74.3998325,28.8812338],[74.3990707,28.8801346],[74.3986094,28.8793455],[74.3986094,28.8779269],[74.3972683,28.8779175],[74.3970752,28.8786973],[74.3937492,28.8778893],[74.3909812,28.8771471],[74.3873977,28.8766962],[74.3813038,28.875193],[74.3809819,28.8722242],[74.3772268,28.8692176],[74.377141,28.8682593],[74.3718624,28.8654594],[74.3679142,28.8641064],[74.3693733,28.8610244],[74.3654251,28.8588445],[74.363966,28.8584874],[74.363451,28.8578485],[74.3633222,28.8568336],[74.3633222,28.8560819],[74.3617773,28.855255],[74.3627,28.8532441],[74.3607902,28.8524359],[74.3597603,28.8523983],[74.3590092,28.8522856],[74.3577003,28.8516278],[74.3557048,28.8506881],[74.3554258,28.8494476],[74.3522286,28.8490154],[74.3513274,28.8481132],[74.3508124,28.8461397],[74.3503403,28.8452939],[74.3492675,28.845012],[74.3488598,28.8447677],[74.3488383,28.8437527],[74.3488812,28.843264],[74.3461132,28.842437],[74.3452334,28.8422867],[74.3442249,28.842625],[74.3371868,28.8399559],[74.3365645,28.8391665],[74.3351698,28.838565],[74.3350196,28.8374184],[74.3343758,28.8370613],[74.3321872,28.8362342],[74.3305349,28.8355763],[74.3299985,28.8350876],[74.3263936,28.8343169],[74.3247843,28.8331327],[74.3233895,28.8323056],[74.321115,28.8316476],[74.3202781,28.8312341],[74.3200636,28.8307078],[74.3204498,28.8300874],[74.3210721,28.8295047],[74.3214798,28.8288655],[74.3200207,28.8281888],[74.3205356,28.8274745],[74.3132615,28.8249742],[74.3119526,28.8255006],[74.3106007,28.8246734],[74.3096566,28.8236395],[74.3069315,28.8225679],[74.3060088,28.8219851],[74.3060303,28.8212332],[74.3061805,28.8205188],[74.3045497,28.8195224],[74.3036055,28.8189772],[74.3030691,28.8165331],[74.2971897,28.8147847],[74.296031,28.8147847],[74.2959022,28.813431],[74.2931127,28.8123029],[74.2892074,28.8099527],[74.2900872,28.8080537],[74.287169,28.8063427],[74.2856025,28.8061171],[74.2854953,28.8050642],[74.2751312,28.8001002],[74.2748093,28.7988027],[74.2741656,28.7980318],[74.2735004,28.7982198],[74.2725134,28.7984643],[74.2709684,28.7977873],[74.2705607,28.7970352],[74.270153,28.7964334],[74.2690587,28.7965275],[74.2680073,28.7963018],[74.2675781,28.7959445],[74.2641449,28.7956625],[74.262557,28.7963206],[74.2619347,28.7964898],[74.2610764,28.7977121],[74.2589521,28.7981446],[74.2576003,28.7984455],[74.256742,28.7990096],[74.2557764,28.8003634],[74.2554545,28.8005327],[74.2533302,28.7996677],[74.2522144,28.7991976],[74.2515707,28.7998181],[74.2513132,28.8003258],[74.251399,28.8018301],[74.2507338,28.8039548],[74.250133,28.8051018],[74.2500686,28.8059479],[74.2494893,28.8064556],[74.2495537,28.8083358],[74.2487812,28.8077153],[74.2480945,28.8076213],[74.2472791,28.8084486],[74.2468071,28.8092571],[74.2469573,28.810686],[74.2462492,28.8115133],[74.2450905,28.8121337],[74.2434382,28.8110244],[74.2421937,28.8100844],[74.2406916,28.8094263],[74.2388892,28.8091067],[74.2368936,28.8083734],[74.235692,28.8075649],[74.2332029,28.8070384],[74.2316365,28.8072077],[74.2274308,28.8101972],[74.2266369,28.8123405],[74.2232251,28.8114193],[74.2204141,28.8104792],[74.2179036,28.8092759],[74.2153501,28.8080726],[74.2138052,28.8079973],[74.211874,28.8071889],[74.2098784,28.8070948],[74.2074108,28.8074521],[74.2058658,28.8092947],[74.2030763,28.808505],[74.2012524,28.8082606],[74.1982269,28.8080537],[74.1975617,28.8076589],[74.1967678,28.8073017],[74.1948581,28.8085238],[74.1925192,28.8074333],[74.1903305,28.8062863],[74.1886568,28.8050642],[74.1877985,28.803842],[74.1866398,28.8031839],[74.1852665,28.8032591],[74.1846227,28.8033719],[74.1803527,28.8006831],[74.1779494,28.7985207],[74.1770267,28.798201],[74.1765332,28.7963394],[74.1752457,28.7951547],[74.174087,28.7948539],[74.1709971,28.7943274],[74.1711473,28.788479],[74.1722417,28.7859402],[74.1680574,28.782856],[74.1667485,28.7788313],[74.1662335,28.7776464],[74.1644311,28.7774771],[74.1635084,28.7775712],[74.1622209,28.7764991],[74.1617489,28.7764239],[74.1600752,28.7766684],[74.1592276,28.7646292],[74.1624355,28.7644239],[74.1622209,28.7635586],[74.1513204,28.7580659],[74.1515136,28.7562412],[74.149239,28.75626],[74.1484451,28.7559026],[74.1474581,28.7562977],[74.1470933,28.7557521],[74.1467929,28.7551125],[74.1453767,28.7547363],[74.1446256,28.7539086],[74.1437459,28.7523284],[74.1420722,28.750466],[74.1412568,28.7479075],[74.1406774,28.74644],[74.1404199,28.7451984],[74.1402912,28.7429407],[74.1400337,28.7421694],[74.1394758,28.7409841],[74.1390466,28.7396483],[74.1398406,28.7368825],[74.1422009,28.7375599],[74.1435098,28.737447],[74.1465568,28.7375599],[74.1494965,28.7376727],[74.1499471,28.7377104],[74.1524362,28.7374846],[74.1530585,28.737541],[74.1539383,28.7377104],[74.1548824,28.7377668],[74.1555905,28.7377668],[74.1562128,28.7376916],[74.1568351,28.7368261],[74.15735,28.7362993],[74.1589165,28.7371083],[74.162693,28.736732],[74.1649675,28.7355467],[74.1689372,28.7361864],[74.1724777,28.7371459],[74.1735291,28.7370707],[74.174838,28.7365627],[74.1740227,28.7343237],[74.1748595,28.7343989],[74.1757178,28.7343425],[74.1774559,28.7325926],[74.1807389,28.7262892],[74.1824341,28.7226575],[74.1861892,28.7238242],[74.1877556,28.7250097],[74.1893434,28.7247274],[74.1899228,28.7233349],[74.190588,28.722714],[74.1902017,28.7214344],[74.1906738,28.7200042],[74.191103,28.7194209],[74.1916179,28.7187246],[74.1914677,28.7175767],[74.192326,28.714114],[74.1925621,28.7127402],[74.193356,28.7095033],[74.1909098,28.7093904],[74.1882705,28.7097291],[74.1867471,28.709842],[74.186511,28.7108207],[74.1834211,28.7096727],[74.1795587,28.7082424],[74.1746878,28.7061721],[74.1695809,28.7044218],[74.1653967,28.7030667],[74.1653108,28.7025585],[74.1637444,28.7022762],[74.162178,28.7011658],[74.1584015,28.6997918],[74.1566849,28.6991895],[74.1569638,28.6979849],[74.1546678,28.6968368],[74.151771,28.6961592],[74.1481662,28.6960086],[74.1458487,28.6953122],[74.1420293,28.6941828],[74.1360855,28.6917359],[74.1340041,28.6903618],[74.1326093,28.6898347],[74.131279,28.6896277],[74.1296911,28.6892512],[74.1279959,28.6883665],[74.1271806,28.6875947],[74.1259146,28.6866347],[74.1247988,28.6861829],[74.1199708,28.6843947],[74.1144562,28.6826628],[74.1095209,28.6811945],[74.1027617,28.6781824],[74.0991568,28.6775612],[74.0960455,28.6759987],[74.0913462,28.6742855],[74.0802741,28.6700872],[74.0802741,28.667715],[74.0807462,28.6655498],[74.0819049,28.662575],[74.0822267,28.6615959],[74.0823555,28.6601461],[74.0825486,28.6591482],[74.0827203,28.6580938],[74.0844154,28.6580185],[74.0850806,28.6569452],[74.0853381,28.6559284],[74.0852523,28.6553824],[74.0847373,28.6541584],[74.0845227,28.6490931],[74.0842438,28.6487165],[74.0836644,28.6476808],[74.0839863,28.6467957],[74.0842867,28.6463061],[74.0864324,28.6472665],[74.0867543,28.6453269],[74.0887928,28.6458165],[74.0893507,28.644536],[74.0901875,28.6446678],[74.0913462,28.6412969],[74.0878272,28.6399033],[74.0879559,28.6346302],[74.0893721,28.6348938],[74.090209,28.6330105],[74.0924406,28.633067],[74.0920758,28.6271531],[74.0904879,28.6270589],[74.0903163,28.6238005],[74.091239,28.6210882],[74.0953159,28.612932],[74.0983414,28.613968],[74.0998864,28.6117453],[74.1004443,28.6099745],[74.1010666,28.6083922],[74.1039419,28.6041724],[74.1055298,28.6049071],[74.1063022,28.6014596],[74.1088557,28.6014784],[74.1083407,28.597409],[74.1088986,28.5956758],[74.1074395,28.5899293],[74.1078686,28.5886481],[74.1090059,28.5853696],[74.1012811,28.5821853],[74.1017961,28.5772107],[74.1002297,28.5749683],[74.0977192,28.5724432],[74.0926766,28.5706341],[74.0908313,28.5698238],[74.0908527,28.5654705],[74.0893292,28.5649994],[74.0895653,28.5633598],[74.0902948,28.5623421],[74.0884924,28.5610794],[74.0862393,28.5600617],[74.0859604,28.5578377],[74.0841579,28.5571592],[74.0816045,28.5562546],[74.0827846,28.5537102],[74.0799951,28.5519761],[74.0769911,28.5512411],[74.076283,28.5499217],[74.075017,28.5494316],[74.0753388,28.5471886],[74.0741586,28.5467363],[74.0745878,28.5460765],[74.0739655,28.5458126],[74.0743947,28.5434376],[74.0728926,28.5429475],[74.0716052,28.5420993],[74.07197,28.5410248],[74.0672922,28.5396865],[74.0651679,28.5380842],[74.0645027,28.5373302],[74.0643525,28.5342009],[74.0602755,28.5314486],[74.0596318,28.5301855],[74.0588379,28.5295446],[74.0579581,28.5287905],[74.0585804,28.527961],[74.0570569,28.5271503],[74.0571427,28.52617],[74.0551471,28.5263585],[74.0550613,28.524115],[74.0568852,28.521419],[74.0571856,28.5184024],[74.0579152,28.5166678],[74.0593314,28.5127837],[74.0600395,28.5109548],[74.061799,28.5070139],[74.064095,28.5018095],[74.0650391,28.5006969],[74.0622282,28.4998106],[74.0618205,28.4975666],[74.0631938,28.497114],[74.0636229,28.4961711],[74.064095,28.4953225],[74.0634298,28.4946058],[74.062829,28.4934743],[74.0614772,28.48776],[74.0611553,28.4812533],[74.0607261,28.4787448],[74.0590739,28.4764626],[74.0590524,28.4754063],[74.0591597,28.4731052],[74.0593314,28.4726147],[74.0597391,28.472162],[74.0607261,28.472445],[74.0616488,28.4724261],[74.0627861,28.4705965],[74.0625715,28.4700494],[74.0623355,28.4696156],[74.0620565,28.4686913],[74.0621209,28.4676916],[74.0617347,28.4670691],[74.0609622,28.4663711],[74.0608763,28.4657487],[74.0612411,28.4647866],[74.0630865,28.4606554],[74.0631938,28.4595612],[74.0623569,28.458901],[74.0611338,28.4579766],[74.0578723,28.4559769],[74.0566492,28.4549393],[74.0581727,28.4476759],[74.0595674,28.4447892],[74.0625286,28.4425818],[74.0616703,28.4415629],[74.0640521,28.4399969],[74.0664553,28.4404497],[74.0655327,28.4386006],[74.0637088,28.4375817],[74.0651464,28.4341665],[74.0668201,28.435091],[74.0674424,28.4343363],[74.0673136,28.4324682],[74.0681076,28.43077],[74.0685582,28.4296944],[74.069159,28.4287131],[74.0700388,28.4279583],[74.0703821,28.427713],[74.0717339,28.4276375],[74.0725708,28.4281282],[74.0731716,28.428732],[74.074223,28.4284678],[74.0759611,28.4298265],[74.0789437,28.428732],[74.0792441,28.4282414],[74.0794372,28.4273922],[74.0790295,28.4269016],[74.0781498,28.4266185],[74.0785789,28.42509],[74.0786218,28.4239389],[74.0779352,28.4237125],[74.0773129,28.4239578],[74.0758538,28.4240144],[74.0752744,28.4235992],[74.0746736,28.4234483],[74.0740943,28.4228821],[74.0740514,28.4220518],[74.0738797,28.4212969],[74.0737939,28.4198816],[74.0734505,28.419089],[74.0639448,28.4168432],[74.0620994,28.4157108],[74.0602541,28.4159751],[74.0584731,28.4163148],[74.0561557,28.4160506],[74.0544605,28.4156165],[74.0500617,28.4151069],[74.0493536,28.4159751],[74.0477013,28.4162015],[74.0456199,28.4145974],[74.0439462,28.4138236],[74.0426373,28.4128045],[74.0403414,28.4102755],[74.0357494,28.4079918],[74.0338826,28.4063308],[74.0319085,28.4047454],[74.0298915,28.404349],[74.0293979,28.4037262],[74.0294838,28.403009],[74.0298271,28.4008006],[74.0292692,28.4001211],[74.028883,28.3985544],[74.0286684,28.397705],[74.0289044,28.3968934],[74.0287113,28.3962139],[74.0280032,28.395893],[74.028089,28.3952512],[74.0291834,28.3948359],[74.0295052,28.3938166],[74.0290975,28.3929105],[74.0289044,28.3916269],[74.0289044,28.3898525],[74.0282607,28.3894183],[74.0278101,28.3889086],[74.0285182,28.3879836],[74.0290546,28.3872663],[74.0294838,28.3857183],[74.0293336,28.3845668],[74.02884,28.3838683],[74.0280676,28.3835096],[74.0287542,28.3824902],[74.0291834,28.381905],[74.0287542,28.3811687],[74.0278315,28.3796207],[74.0278315,28.3779593],[74.0279388,28.3772041],[74.0278744,28.3764678],[74.0287328,28.3759015],[74.0292477,28.3751274],[74.0296984,28.3743156],[74.0330672,28.3736737],[74.0335178,28.3732961],[74.0337753,28.372201],[74.0353417,28.3675753],[74.0353203,28.3667445],[74.0350628,28.3661214],[74.0350413,28.365234],[74.0352988,28.3645354],[74.0359211,28.3635724],[74.0378737,28.360117],[74.0383887,28.3582477],[74.0383029,28.3570014],[74.0383887,28.3564349],[74.0388393,28.3559628],[74.0397835,28.3553775],[74.0402555,28.3534702],[74.0419936,28.3525827],[74.04253,28.3520162],[74.0434742,28.3513553],[74.0441394,28.3462565],[74.0451908,28.3462943],[74.0458989,28.3447646],[74.0480232,28.3449723],[74.0503406,28.345029],[74.0509414,28.3442547],[74.053452,28.3406098],[74.0545893,28.3393822],[74.0550828,28.3396655],[74.0550184,28.3373803],[74.0552974,28.3365304],[74.0566921,28.3365304],[74.0577221,28.3361338],[74.0590524,28.3366815],[74.0595674,28.3368326],[74.0613699,28.334925],[74.0610266,28.3336218],[74.0611338,28.3327719],[74.0617776,28.3319409],[74.0644168,28.3324887],[74.065597,28.3328852],[74.0683865,28.3334707],[74.0714335,28.3348684],[74.0740836,28.3360582],[74.0751672,28.3354633],[74.0762937,28.3358882],[74.0774953,28.3362943],[74.0783107,28.3363415],[74.078933,28.3363415],[74.0793836,28.3362943],[74.0798128,28.3362376],[74.0803277,28.3361904],[74.0817547,28.3365965],[74.0833747,28.3369931],[74.0844691,28.337267],[74.0864217,28.3376069],[74.0876341,28.3380791],[74.0884387,28.3385984],[74.08934,28.3394955],[74.0900481,28.3403548],[74.0922797,28.3408459],[74.0934062,28.3411197],[74.0941465,28.3415257],[74.0964854,28.3429327],[74.0966248,28.3434048],[74.0967536,28.343792],[74.0969574,28.3440658],[74.0990174,28.3440375],[74.1003477,28.3442358],[74.1012382,28.3441886],[74.1018712,28.3445474],[74.1023755,28.3453028],[74.1026437,28.3455389],[74.104414,28.3454822],[74.1054225,28.3456144],[74.1063452,28.3456994],[74.1064417,28.3443869],[74.1079974,28.3449157],[74.1085982,28.3452084],[74.1091132,28.3461054],[74.1097247,28.3464737],[74.1105294,28.3461149],[74.1115057,28.3457844],[74.1122997,28.3458599],[74.1126645,28.3460015],[74.1135013,28.3461149],[74.1139948,28.345926],[74.1141772,28.3456899],[74.1149819,28.3450384],[74.115529,28.3447835],[74.1162908,28.3447457],[74.1179323,28.3451045],[74.1196811,28.345114],[74.1206145,28.3450384],[74.1216767,28.3449818],[74.1224491,28.3449251],[74.1231143,28.345029],[74.1238439,28.3452934],[74.12467,28.3457655],[74.1251635,28.3460582],[74.1260648,28.3465398],[74.12673,28.3466436],[74.1281676,28.3462376],[74.1291547,28.3460865],[74.1299915,28.3460582],[74.1309249,28.3461054],[74.13203,28.3461621],[74.1333067,28.3461432],[74.134798,28.3437731],[74.1352808,28.3430555],[74.1365898,28.3428383],[74.1375875,28.3429327],[74.138639,28.3431593],[74.1393471,28.3433104],[74.1407525,28.3433765],[74.1418576,28.3432632],[74.1433382,28.3432727],[74.1437566,28.3430838],[74.1431236,28.3406853],[74.1443574,28.3394578],[74.1464174,28.3370781],[74.1479087,28.3377202],[74.1483915,28.3379752],[74.1481018,28.3373708],[74.1477692,28.3370592],[74.1476834,28.3367854],[74.1478014,28.3363037],[74.1483807,28.3353972],[74.1498184,28.3331969],[74.1514385,28.3305999],[74.1520178,28.3284278],[74.1529727,28.3275117],[74.1531551,28.3262273],[74.1530478,28.3251695],[74.1525972,28.3237623],[74.1520285,28.322884],[74.1503227,28.3221757],[74.1500115,28.3216468],[74.149915,28.3212784],[74.1496253,28.3209951],[74.149121,28.3206362],[74.1489494,28.320164],[74.1495073,28.3192951],[74.1497862,28.3189645],[74.1527688,28.3196917],[74.1572213,28.3207306],[74.16309,28.3219018],[74.1661477,28.3229596],[74.1676819,28.3241118],[74.16839,28.3244234],[74.1692912,28.3244801],[74.1702139,28.3241684],[74.171083,28.3240268],[74.1720164,28.3241684],[74.173733,28.3246029],[74.1773486,28.3259345],[74.1796875,28.3265673],[74.1817903,28.3266806],[74.1856098,28.3268884],[74.1881204,28.3271906],[74.1897833,28.3274173],[74.1902769,28.3276156],[74.1902339,28.328135],[74.190191,28.3285789],[74.1907918,28.3289094],[74.1914999,28.3290983],[74.1923153,28.3292966],[74.1937315,28.3292399],[74.1952872,28.3305526],[74.196918,28.3314781],[74.1976261,28.3316576],[74.1977334,28.3302882],[74.1980123,28.3297782],[74.1980767,28.3294194],[74.1978514,28.3289377],[74.1975832,28.3285222],[74.1973472,28.3273889],[74.1972828,28.3264162],[74.1972828,28.3257929],[74.1973686,28.324329],[74.1970146,28.3237718],[74.1976368,28.3217412],[74.1987634,28.3193612],[74.2004371,28.3171322],[74.2008769,28.3165088],[74.2009091,28.3158382],[74.2011022,28.3154698],[74.2023146,28.3148087],[74.203366,28.314242],[74.2045998,28.3129291],[74.2052007,28.3111628],[74.2064452,28.3079418],[74.2073464,28.306166],[74.2083871,28.3058732],[74.2089236,28.3052592],[74.210608,28.3051931],[74.2110908,28.3031527],[74.2104149,28.3021042],[74.2101467,28.3018869],[74.2081296,28.3029165],[74.2058229,28.3022175],[74.2061448,28.3012068],[74.2067671,28.3008006],[74.2070782,28.300451],[74.2069602,28.2997992],[74.2039668,28.298694],[74.2037201,28.2977115],[74.2037201,28.2973053],[74.203881,28.2967952],[74.2007482,28.2959166],[74.1993749,28.2952365],[74.1988706,28.2943485],[74.1985059,28.293895],[74.1978943,28.2931298],[74.1969287,28.2925346],[74.1961563,28.2901256],[74.1959846,28.2893509],[74.1955984,28.288784],[74.1950512,28.2882928],[74.1939998,28.287433],[74.1936028,28.2861765],[74.1955984,28.2854585],[74.1963494,28.2841263],[74.1965639,28.283635],[74.197036,28.2831248],[74.197669,28.2824635],[74.1985166,28.2807628],[74.1991925,28.2793078],[74.2022824,28.2803471],[74.2039668,28.2813486],[74.2079902,28.2822273],[74.2102003,28.282369],[74.2093634,28.2805172],[74.2112732,28.2803093],[74.2124319,28.2773425],[74.2137408,28.2770024],[74.2142129,28.2763977],[74.2136764,28.2755851],[74.2136335,28.2748859],[74.2139554,28.2738843],[74.2142558,28.2729394],[74.2144274,28.2723347],[74.2170238,28.2712764],[74.2177748,28.2711252],[74.2180967,28.2704827],[74.2198992,28.2701803],[74.2204141,28.2691976],[74.2192125,28.2680448],[74.2202639,28.2658336],[74.2205429,28.2653422],[74.2226887,28.265569],[74.224534,28.2653233],[74.225049,28.2649642],[74.2251134,28.2640193],[74.2256927,28.2629042],[74.2263365,28.2610142],[74.2283749,28.2581225],[74.2306065,28.2582737],[74.2317867,28.2582548],[74.2324948,28.2578579],[74.2330527,28.257083],[74.2335033,28.2566672],[74.2340827,28.2562135],[74.2342543,28.255741],[74.2345118,28.2548338],[74.2345118,28.2540021],[74.2343402,28.2535107],[74.2341685,28.2529626],[74.2338466,28.2523955],[74.2343187,28.2514883],[74.2351126,28.25077],[74.2360997,28.2511669],[74.2370438,28.2515639],[74.237988,28.2518474],[74.2388892,28.2519608],[74.2392325,28.2511669],[74.2396188,28.2505243],[74.2397904,28.2497682],[74.2399406,28.2491822],[74.2405844,28.2487664],[74.2412495,28.2492389],[74.2420006,28.2487853],[74.2426228,28.2481993],[74.2428803,28.2480481],[74.2437172,28.2487286],[74.2444253,28.2492767],[74.2453265,28.24922],[74.2462277,28.2484451],[74.2468714,28.2479725],[74.2479014,28.2471975],[74.248867,28.2465548],[74.249618,28.2462713],[74.2503476,28.2464036],[74.2510342,28.2467816],[74.2519784,28.2473865],[74.2525363,28.2481615],[74.2532658,28.2490499],[74.2540169,28.249428],[74.2550254,28.2497304],[74.2557549,28.2492389],[74.2569566,28.2500517],[74.2573428,28.2504865],[74.2577076,28.2509968],[74.2583513,28.2517151],[74.2616987,28.2509212],[74.2635655,28.252301],[74.2648959,28.2524333],[74.2662263,28.2531138],[74.2689085,28.2538509],[74.2703461,28.2547204],[74.2718053,28.255363],[74.2749381,28.2575177],[74.2780924,28.2589541],[74.2813325,28.259162],[74.2852592,28.2577256],[74.28792,28.2557977],[74.2892718,28.2549661],[74.2904734,28.2548527],[74.2917394,28.255174],[74.2929411,28.2547015],[74.2936277,28.2543235],[74.2946362,28.2540966],[74.303863,28.2538887],[74.307189,28.2519608],[74.3096137,28.2521876],[74.3118238,28.2519608],[74.3132829,28.2523199],[74.3142271,28.2518852],[74.3145704,28.2514883],[74.3156862,28.2514504],[74.3168878,28.2520553],[74.3179178,28.2524711],[74.3192696,28.2528303],[74.3201065,28.2531705],[74.3209433,28.2535485],[74.3222952,28.2541344],[74.3225527,28.2520553],[74.3230247,28.2498816],[74.3240118,28.2489743],[74.3257499,28.2478024],[74.3283248,28.2457987],[74.3299985,28.2447213],[74.3301487,28.2428877],[74.3327451,28.2423017],[74.3332386,28.2408461],[74.335556,28.2419425],[74.337058,28.2398631],[74.3383026,28.2386722],[74.339118,28.2376136],[74.3395257,28.2369519],[74.3397188,28.2359878],[74.3399334,28.2352694],[74.341414,28.2357042],[74.3434095,28.2320178],[74.3444609,28.2315641],[74.3450188,28.2288417],[74.3478083,28.2286905],[74.3487096,28.2270079],[74.3491173,28.2264218],[74.3485379,28.2256277],[74.3493962,28.2234913],[74.3495035,28.2230186],[74.3499326,28.2206931],[74.3508339,28.221128],[74.3521213,28.2181217],[74.3515205,28.216628],[74.3520784,28.2154935],[74.3546963,28.2163444],[74.3560266,28.2164578],[74.3568635,28.2149453],[74.3578933,28.2130355],[74.3575286,28.210861],[74.3583011,28.2026165],[74.3550395,28.1970945],[74.3543529,28.1935392],[74.3522071,28.1902863],[74.3459414,28.1885463],[74.3474436,28.1856337],[74.3481517,28.1823994],[74.3481946,28.1790895],[74.3487739,28.1783518],[74.3491173,28.1769521],[74.3497181,28.1762144],[74.3473363,28.1751174],[74.3466067,28.1737366],[74.3444824,28.1726962],[74.343903,28.1705209],[74.3430018,28.1706155],[74.3411565,28.1688563],[74.3402123,28.1677213],[74.3415856,28.1652432],[74.3385172,28.1639758],[74.331522,28.1603436],[74.3309426,28.1608166],[74.3262434,28.1588491],[74.3228531,28.1567303],[74.3183899,28.1546493],[74.3110513,28.1517736],[74.3057942,28.1496924],[74.2994642,28.146949],[74.295516,28.1450192],[74.2958379,28.1428622],[74.296503,28.1401754],[74.297769,28.1381887],[74.2977476,28.1372237],[74.2953872,28.1358613],[74.2930269,28.1341772],[74.291203,28.1331743],[74.2951941,28.1281787],[74.2967176,28.1257186],[74.2976832,28.1216499],[74.2976403,28.1193221],[74.2964601,28.1180163],[74.2962456,28.1171457],[74.2962026,28.1166537],[74.2934346,28.1156696],[74.2905164,28.1131335],[74.2900228,28.1126225],[74.2912674,28.111468],[74.2916751,28.1107677],[74.2920613,28.1098025],[74.292748,28.1088561],[74.2894649,28.105241],[74.2878341,28.1037268],[74.2877483,28.1020233],[74.2872333,28.1012662],[74.2867398,28.1003008],[74.2859888,28.0995816],[74.2859888,28.0977076],[74.286139,28.097083],[74.2863536,28.0960419],[74.2860317,28.0950765],[74.2855382,28.0940543],[74.2834139,28.094149],[74.2818904,28.0937325],[74.2807531,28.0934296],[74.2799592,28.0931646],[74.2791009,28.0925021],[74.279015,28.0919342],[74.2791009,28.0912527],[74.2798304,28.0905145],[74.2806887,28.0892272],[74.2804312,28.0879778],[74.2803883,28.087372],[74.2809462,28.0867284],[74.2822122,28.0859711],[74.2829633,28.0852139],[74.2836714,28.0846649],[74.2843151,28.0842863],[74.2854523,28.0837373],[74.2859244,28.0833397],[74.2862892,28.0825446],[74.2878771,28.0823174],[74.28792,28.0814466],[74.2891001,28.0756155],[74.2895508,28.070655],[74.2891216,28.0704278],[74.2897868,28.069235],[74.2919326,28.0662434],[74.2930484,28.0644067],[74.2933273,28.0624186],[74.2934561,28.0605819],[74.2945289,28.0556017],[74.2959666,28.0523257],[74.2969966,28.0490685],[74.2969322,28.0473074],[74.2964816,28.0443341],[74.2940354,28.0436523],[74.2906022,28.043444],[74.2889714,28.0425728],[74.2879629,28.0414365],[74.2874694,28.0406411],[74.2873192,28.0399593],[74.2877912,28.0393343],[74.2868471,28.037876],[74.2859888,28.0369101],[74.2860532,28.0361714],[74.2855596,28.0352244],[74.2836928,28.0337092],[74.2833066,28.0329895],[74.2816973,28.0323456],[74.280796,28.0315311],[74.2798519,28.0309818],[74.2788863,28.0305841],[74.2780924,28.0303],[74.2771697,28.0294098],[74.2767405,28.0289552],[74.2758822,28.0285006],[74.2754316,28.0281407],[74.2754745,28.0264928],[74.2757749,28.0249775],[74.2757106,28.024163],[74.2735433,28.0238031],[74.2723846,28.0230455],[74.2710113,28.0223825],[74.2695522,28.0213596],[74.2679858,28.0202799],[74.2659259,28.0194085],[74.2630935,28.0185372],[74.2619777,28.0186319],[74.2613339,28.0184235],[74.2608833,28.0178174],[74.2595744,28.0173627],[74.2578792,28.0165671],[74.2569136,28.0159609],[74.2567205,28.0155631],[74.2570853,28.0147865],[74.2555403,28.013593],[74.254446,28.0121912],[74.2520427,28.0097474],[74.2506265,28.0089517],[74.2486524,28.0075877],[74.2457342,28.0049923],[74.2447042,28.0041776],[74.2459488,28.002662],[74.2433738,28.0014305],[74.2427087,28.000578],[74.2424726,27.9999717],[74.2395973,27.9990054],[74.2402839,27.9965235],[74.2387604,27.9959551],[74.2400908,27.9942499],[74.2407131,27.9931699],[74.2414212,27.9923172],[74.2415714,27.9913509],[74.2424297,27.988414],[74.2428374,27.9866139],[74.2433095,27.9848138],[74.2432236,27.9844728],[74.243288,27.9836201],[74.2412495,27.9825968],[74.2438459,27.976116],[74.245069,27.9734061],[74.2457127,27.970772],[74.2433868,27.9694295],[74.2399406,27.9675881],[74.2372155,27.9665268],[74.2347693,27.9650486],[74.233675,27.9640251],[74.2366147,27.9606895],[74.238739,27.958055],[74.2388463,27.9562355],[74.2393398,27.9554204],[74.2417645,27.9555721],[74.2439103,27.9552499],[74.2445755,27.9551172],[74.2460131,27.9538662],[74.2451334,27.9513832],[74.2450046,27.9498289],[74.2459059,27.9470804],[74.2466569,27.9465307],[74.2481375,27.9463601],[74.2491245,27.9464739],[74.2499399,27.9460568],[74.2503261,27.9457156],[74.251399,27.9445783],[74.2487812,27.9445783],[74.2464208,27.9440665],[74.245305,27.9433841],[74.2442751,27.9422846],[74.2437601,27.9397066],[74.244833,27.9380384],[74.2465925,27.9364649],[74.2481589,27.9352896],[74.2493605,27.9352517],[74.2512488,27.9354223],[74.2521286,27.9352896],[74.2525577,27.9349863],[74.2530083,27.9343228],[74.252665,27.9336024],[74.2521071,27.9322564],[74.2500257,27.9299245],[74.2490387,27.9292989],[74.2481375,27.9286733],[74.2482233,27.9274978],[74.24788,27.9267964],[74.2474508,27.9261138],[74.2456054,27.924635],[74.2437386,27.9227391],[74.2431593,27.9214119],[74.242022,27.9201037],[74.2394686,27.9169183],[74.2378807,27.9147947],[74.2377305,27.9142259],[74.2380309,27.9130314],[74.2374086,27.9124056],[74.2364216,27.9114576],[74.2360568,27.9106612],[74.2360782,27.9095803],[74.2354345,27.9080255],[74.2355418,27.9068119],[74.2355418,27.9057121],[74.2305851,27.90575],[74.2292976,27.9039485],[74.227345,27.9036262],[74.2226028,27.9031142],[74.2228603,27.9004214],[74.2245126,27.8993594],[74.2224312,27.8981837],[74.2240834,27.8909582],[74.2204785,27.8896117],[74.2218947,27.8852495],[74.2191911,27.8840167],[74.2199421,27.8813235],[74.2201352,27.8782129],[74.2206287,27.876942],[74.219234,27.8765437],[74.2191052,27.8759557],[74.2198348,27.8754246],[74.220221,27.8750642],[74.221015,27.8735847],[74.2249417,27.869203],[74.2251134,27.8659782],[74.2265081,27.8640054],[74.2272162,27.8597181],[74.228847,27.8517502],[74.228611,27.8481075],[74.2293405,27.844199],[74.2305422,27.844199],[74.2312932,27.8397971],[74.2325592,27.8356987],[74.2327308,27.8352243],[74.2300272,27.833896],[74.2304992,27.8306512],[74.230628,27.8296645],[74.2290401,27.8287347],[74.2294049,27.8253379],[74.2296409,27.82363],[74.2268944,27.8219221],[74.2278385,27.8205937],[74.2268514,27.8198915],[74.2269802,27.8172915],[74.2240619,27.8162287],[74.2235684,27.8171777],[74.2193198,27.8159441],[74.2203498,27.8127557],[74.2149853,27.8136287],[74.2151999,27.8146156],[74.2082047,27.8149192],[74.2078829,27.8119586],[74.2096209,27.8119586],[74.2090416,27.8101176],[74.2053509,27.8095292],[74.2040419,27.8109147],[74.1940427,27.8074794],[74.192841,27.8049741],[74.1912102,27.8045375],[74.190309,27.8037214],[74.1894722,27.803171],[74.1854167,27.8023548],[74.1849017,27.8018043],[74.1853523,27.8005516],[74.1858673,27.7997734],[74.185996,27.7994697],[74.183464,27.7984447],[74.1764259,27.796091],[74.1762113,27.7947813],[74.1710186,27.7947243],[74.1689801,27.7946863],[74.1639161,27.7957493],[74.1617489,27.7957493],[74.15941,27.7955405],[74.1581225,27.7952368],[74.1567278,27.7948951],[74.1555905,27.8002289],[74.1531873,27.7987484],[74.148016,27.8010831],[74.146471,27.8006655],[74.1458487,27.8016145],[74.143424,27.801178],[74.1413212,27.8014437],[74.1389179,27.8005706],[74.1377806,27.8001151],[74.1372227,27.7996215],[74.1373086,27.7986915],[74.1340899,27.7978373],[74.131794,27.7976855],[74.1293907,27.7966415],[74.126966,27.7968503],[74.1229105,27.7967933],[74.1197347,27.7976665],[74.1191983,27.7959012],[74.1159153,27.7947813],[74.1167736,27.7935095],[74.1141343,27.7928261],[74.112246,27.7914973],[74.1111517,27.7905102],[74.1102505,27.7897509],[74.1103577,27.7884031],[74.1070103,27.7873401],[74.1059375,27.7862201],[74.1047358,27.7860112],[74.104371,27.7843976],[74.1014313,27.7842268],[74.0999508,27.7830308],[74.0987921,27.7824423],[74.0980196,27.7819487],[74.0953803,27.7788542],[74.0945649,27.7762153],[74.0934491,27.7743358],[74.092462,27.7732346],[74.0914535,27.7744497],[74.0883851,27.7730257],[74.0873551,27.7720385],[74.0875697,27.771298],[74.086647,27.7709183],[74.087398,27.7672919],[74.0880632,27.7650135],[74.0851879,27.7637983],[74.084394,27.7631717],[74.0827203,27.7600957],[74.0783214,27.752918],[74.076755,27.7501645],[74.0759611,27.7486453],[74.0751456,27.7456069],[74.0693091,27.7409731],[74.0681933,27.7380864],[74.0676784,27.7333004],[74.0668201,27.7290459],[74.0623569,27.7274504],[74.0550613,27.725779],[74.051113,27.7247153],[74.0463065,27.7218282],[74.0405559,27.7193968],[74.0376376,27.722436],[74.0368651,27.725627],[74.035921,27.7306413],[74.0288829,27.7274504],[74.0233897,27.7228159],[74.0183257,27.7221321],[74.0132617,27.725779],[74.0039062,27.7298056],[74.0006446,27.7345159],[74.0060519,27.7396817],[74.0102576,27.7443156],[74.013927,27.7499461],[74.0143561,27.7503829],[74.0162873,27.7530604],[74.0175104,27.7548643],[74.019227,27.7564024],[74.0197742,27.7568866],[74.0205896,27.757874],[74.0214157,27.7585386],[74.022156,27.7592317],[74.0223706,27.7597159],[74.02251,27.7607413],[74.0230679,27.761216],[74.0237653,27.76189],[74.0218878,27.7626305],[74.0189373,27.7633995],[74.016062,27.7632286],[74.0142488,27.7629343],[74.0118027,27.7626021],[74.0082514,27.7606558],[74.0052044,27.7596684],[74.0025008,27.7583298],[74.0000975,27.7571525],[73.9989602,27.7560606],[73.9951193,27.7548643],[73.9934027,27.7543516],[73.9909351,27.7542092],[73.9908171,27.7548074],[73.9915252,27.7570575],[73.9918685,27.7601811],[73.9922225,27.763504],[73.9926517,27.7660103],[73.9921474,27.7716208],[73.9914179,27.7762912],[73.9947867,27.776633],[73.9969432,27.7762058],[73.9992714,27.7760539],[73.9998615,27.775342],[74.0040886,27.7751047],[74.0045714,27.773975],[74.0058803,27.7749053],[74.0076184,27.7725796],[74.008863,27.7731017],[74.0101612,27.7718581],[74.0121889,27.7723897],[74.0131438,27.7708898],[74.0158689,27.7703582],[74.0181541,27.7697791],[74.0190983,27.7690007],[74.0216625,27.7696082],[74.0222311,27.768488],[74.0240979,27.7687064],[74.0270269,27.7693804],[74.0284324,27.76714],[74.0307712,27.7681083],[74.0296554,27.7709373],[74.0268016,27.7730447],[74.025085,27.7750002],[74.020772,27.7782467],[74.0155148,27.7823853],[74.0129399,27.7841508],[74.0125108,27.7845305],[74.0087986,27.7859922],[74.0058803,27.7871692],[74.003005,27.7887638],[74.0018248,27.7905672],[74.0001297,27.7957114],[73.9987135,27.7967743],[73.9972758,27.8002479],[73.9934134,27.8074794],[73.9927053,27.8105731],[73.9917183,27.8096431],[73.9913964,27.8087321],[73.9909029,27.8075933],[73.9900875,27.8067772],[73.988328,27.8067962],[73.9874697,27.8062647],[73.984251,27.8038163],[73.9809036,27.8018613],[73.978157,27.8019752],[73.9768266,27.8020701],[73.9754319,27.8022789],[73.9743805,27.8027724],[73.9727497,27.8028103],[73.9705395,27.8025826],[73.9679432,27.8022599],[73.9664197,27.8022029],[73.963952,27.8022219],[73.9603901,27.8019372],[73.9580083,27.8007984],[73.9585447,27.7995646],[73.9565706,27.7982549],[73.9544892,27.7953127],[73.952558,27.794022],[73.9451766,27.7906431],[73.9405632,27.789618],[73.9380955,27.7875299],[73.9362502,27.7865807],[73.9334178,27.7857265],[73.9289117,27.783904],[73.9244485,27.7823474],[73.9212084,27.7828979],[73.9199209,27.7838281],[73.9171958,27.7840179],[73.9159941,27.7860492],[73.9144492,27.786315],[73.9131617,27.7884791],[73.9103937,27.787416],[73.9091277,27.7872072],[73.9083981,27.787416],[73.9080333,27.7876248],[73.9064669,27.7890485],[73.9042568,27.7897319],[73.9010167,27.7894282],[73.8963604,27.788555],[73.894515,27.7888587],[73.8921547,27.7871313],[73.8878202,27.7909848],[73.8843441,27.7889157],[73.882842,27.7877387],[73.879559,27.7868845],[73.8756751,27.7832776],[73.8682937,27.7801642],[73.8673495,27.7619376],[73.8688087,27.7561651],[73.8698386,27.7484934],[73.8667487,27.7408212],[73.8643455,27.7372508],[73.8652896,27.7336802],[73.8678645,27.728818],[73.8705253,27.722284],[73.8757609,27.7126344],[73.8779925,27.7064034],[73.8785075,27.6945484],[73.8749885,27.6924964],[73.8705253,27.6909764],[73.8682937,27.6886204],[73.868637,27.6835282],[73.8706111,27.673799],[73.8729258,27.6681776],[73.8730975,27.665441],[73.8712092,27.6624002],[73.8689776,27.6610318],[73.8621112,27.6620961],[73.8596221,27.6591313]]]}},{"type":"Feature","properties":{"zone":"Moderate Fire Zone","color":"#FFD700","opacity":0.45,"fill":"#FFD700","fill-opacity":0.45,"stroke":"#FFD700","stroke-width":1,"stroke-opacity":0.8},"geometry":{"type":"MultiPolygon","coordinates":[[[[74.54195330443676,28.580858141527408],[74.55122382563229,28.570873540610712],[74.55213203287526,28.54928330563846],[74.56122606705837,28.54087277987812],[74.56319752045114,28.52702654349972],[74.5951648919732,28.49529925955222],[74.60774250115566,28.49356882273724],[74.61773485809779,28.484364319852965],[74.69436684930572,28.4842136410383],[74.7077337106421,28.474364514828114],[74.73774484385355,28.473569655316282],[74.74516600509025,28.465299231961275],[74.77924433969932,28.452794301133093],[74.79639828595396,28.434720687325463],[74.81774909147124,28.43356920331452],[74.82773435224551,28.42436449754379],[74.85610126753652,28.424048744229815],[74.8677339985277,28.41436457411649],[74.89284559631894,28.414720741478995],[74.90149399349478,28.42356918129968],[74.92284566843047,28.42472067389007],[74.93149510363534,28.433568729948764],[74.94515605998748,28.436077733328325],[74.9760433265524,28.467026480472203],[74.97801364852906,28.480871180371867],[74.98710819744564,28.489283235062654],[74.98801588939165,28.510871936655885],[74.99711018115465,28.519283234609894],[74.99711241338116,28.552725934193507],[74.98782822080008,28.561540571054444],[74.98670879838208,28.583900339200824],[74.97783041330774,28.591539813003656],[74.97605119229134,28.60498269407303],[74.9440852458527,28.636709916788377],[74.93063656777998,28.63885033402873],[74.92151633875447,28.64764449973113],[74.83197843495448,28.64827721285078],[74.8040863605603,28.666709900765063],[74.79063976165217,28.66885022354324],[74.78408673469568,28.676709897530895],[74.77064078720753,28.678850208905146],[74.7540874841703,28.69670989208247],[74.74064274587626,28.698850230586324],[74.73285415799916,28.707288407272163],[74.71198484830636,28.70827398459154],[74.70151648079853,28.71764459546176],[74.62772756398306,28.717644586104758],[74.61860054011248,28.708850224344637],[74.60515624932597,28.706709898569326],[74.59860142088924,28.69885015500998],[74.5840752606657,28.695931309621542],[74.56318903503178,28.674982708473596],[74.56140867601901,28.661537930952],[74.55253100709078,28.653900371658896],[74.55141088017103,28.631538686729918],[74.54212713680806,28.62272598021913],[74.54195330443676,28.580858141527408]]],[[[74.65198496518853,28.11085803244597],[74.66180193538831,28.099411410096415],[74.66256673546592,28.078108797671906],[74.68038389954596,28.062177134709437],[74.68410640193326,28.046077827733214],[74.69518189417374,28.03529922235205],[74.70928319542304,28.03279433468509],[74.72518278332643,28.015299130210227],[74.74779372470914,28.013569259350803],[74.75641043475157,28.004720244483508],[74.79195452678367,28.004587191156414],[74.7914028,28.0080803],[74.7916388,28.0106378],[74.7922182,28.0117934],[74.7931838,28.013934],[74.7927761,28.0152032],[74.7937631,28.0160367],[74.7945785,28.0169839],[74.7933554,28.0192191],[74.7936773,28.0233485],[74.7932267,28.0241441],[74.7929907,28.0247313],[74.7946429,28.0257731],[74.7957372,28.0263413],[74.7974324,28.0273263],[74.8006511,28.0269853],[74.8014235,28.0277619],[74.8026466,28.0291446],[74.8031401,28.0308493],[74.8023462,28.0350161],[74.8021531,28.0363798],[74.8025179,28.0377055],[74.8032689,28.0390313],[74.8042345,28.0403002],[74.8042989,28.040982],[74.8040843,28.04191],[74.8039341,28.0431978],[74.8057365,28.0442962],[74.8051786,28.0455651],[74.8039341,28.0486141],[74.8041487,28.0491632],[74.8053932,28.049845],[74.8058224,28.0504888],[74.8060798,28.0511516],[74.8062515,28.0531589],[74.807496,28.0534619],[74.8091483,28.0545413],[74.80829,28.0579877],[74.8076033,28.0581013],[74.8073888,28.0585368],[74.807496,28.0605819],[74.8072171,28.0613393],[74.8063373,28.0628919],[74.805243,28.0628162],[74.8053288,28.0639902],[74.8032689,28.0638387],[74.8030329,28.0643878],[74.8023033,28.0655239],[74.80196,28.0660162],[74.8008656,28.0660162],[74.8002648,28.066641],[74.7998142,28.0671901],[74.7988915,28.067209],[74.7980332,28.0671522],[74.7965526,28.0698219],[74.7964668,28.0711094],[74.7925401,28.0718478],[74.7895574,28.0736275],[74.7874975,28.0750285],[74.7869181,28.0777738],[74.7855234,28.0814276],[74.7867036,28.0828475],[74.7869825,28.0867852],[74.78827,28.0870691],[74.7872615,28.0928807],[74.78827,28.0936757],[74.7883773,28.094395],[74.7897506,28.0955687],[74.7887635,28.0980673],[74.7890854,28.0984837],[74.7900939,28.1004144],[74.7904157,28.1032915],[74.7942781,28.1051464],[74.793098,28.1070202],[74.7936988,28.1077205],[74.7936988,28.1083829],[74.7935056,28.1091022],[74.7932696,28.1099539],[74.7926259,28.1106352],[74.7931623,28.1113734],[74.7939992,28.112225],[74.7945571,28.1133228],[74.7947073,28.1143637],[74.7950506,28.115556],[74.7960591,28.1158967],[74.8003292,28.1172214],[74.8034405,28.1183948],[74.8044491,28.1176378],[74.8046636,28.1174864],[74.8073888,28.1182623],[74.8076463,28.117581],[74.8079252,28.1151018],[74.8088693,28.1144962],[74.8104787,28.1145151],[74.8136973,28.1147611],[74.814384,28.1143448],[74.8146629,28.1137202],[74.815135,28.1127928],[74.8158216,28.1129253],[74.816916,28.1132849],[74.8177957,28.1136823],[74.8183107,28.1125279],[74.8187399,28.1122061],[74.8227095,28.1123764],[74.8244262,28.1125846],[74.8251128,28.1129064],[74.8259282,28.1129632],[74.8265075,28.1121683],[74.8275375,28.1123386],[74.8292327,28.1131524],[74.8291468,28.1145529],[74.8307562,28.1148557],[74.8312068,28.1152721],[74.8310351,28.1168997],[74.8331165,28.1181488],[74.8338246,28.1193789],[74.8344898,28.1197574],[74.8351335,28.120363],[74.8359918,28.1209875],[74.8367214,28.1214228],[74.8367214,28.1229178],[74.8378372,28.1233342],[74.8392105,28.1235991],[74.8401332,28.1239587],[74.8462915,28.1271],[74.8509693,28.1291627],[74.8535657,28.1310928],[74.858737,28.1335528],[74.858222,28.1350476],[74.8572349,28.1373372],[74.8568851,28.1381546],[74.8572349,28.1414242],[74.8588657,28.1411783],[74.8600244,28.1409134],[74.8616338,28.1404593],[74.8625135,28.140516],[74.8639297,28.1407998],[74.8654747,28.1416891],[74.8655391,28.1442624],[74.8656249,28.1453408],[74.8662257,28.1456436],[74.8677492,28.1456436],[74.8686075,28.1457571],[74.8709893,28.1460409],[74.8715472,28.1472896],[74.8725343,28.1482545],[74.8723626,28.1506006],[74.8725986,28.1518114],[74.8742938,28.153533],[74.8758173,28.154933],[74.8765683,28.1560303],[74.8773193,28.1575059],[74.8783707,28.1609112],[74.8789716,28.1620462],[74.8809027,28.1649027],[74.8824692,28.1660945],[74.8830056,28.1669268],[74.8832631,28.1679672],[74.8840785,28.1691589],[74.8840356,28.170956],[74.8842716,28.1735852],[74.8841214,28.1748147],[74.8840141,28.1799595],[74.8846578,28.1814537],[74.8866319,28.1849906],[74.8878765,28.1872224],[74.8884558,28.189473],[74.8934769,28.190551],[74.8965239,28.1921396],[74.8974681,28.1910805],[74.9014592,28.1917992],[74.9023175,28.1907969],[74.9064159,28.1922153],[74.9075746,28.191837],[74.911952,28.1934824],[74.9147844,28.1942956],[74.9191618,28.1953168],[74.921565,28.1950521],[74.9220371,28.1942199],[74.9230027,28.1943145],[74.9269938,28.1951655],[74.9305343,28.1964704],[74.9311995,28.1947306],[74.9404907,28.1947116],[74.9413705,28.19248],[74.9421,28.1900971],[74.9439025,28.1878654],[74.945147,28.1875439],[74.9463057,28.1853405],[74.9491382,28.1868252],[74.9538052,28.1892649],[74.958483,28.1916763],[74.962399,28.1938133],[74.9642551,28.1945982],[74.9684286,28.1955532],[74.973321,28.1963286],[74.9771404,28.1974727],[74.9808741,28.1983237],[74.9830842,28.1990707],[74.9857879,28.2000162],[74.987601,28.2001581],[74.9931049,28.19995],[74.9970639,28.2015858],[74.9995208,28.2019356],[75.0031471,28.2029473],[75.0037157,28.2028622],[75.0042093,28.2026353],[75.0047779,28.2022477],[75.0053787,28.2016425],[75.0057864,28.2009618],[75.0055504,28.1990896],[75.0079,28.1996853],[75.008533,28.1993354],[75.0108075,28.1968581],[75.012095,28.1934918],[75.0146055,28.1945225],[75.0149059,28.194948],[75.0183821,28.1961773],[75.0186717,28.1964988],[75.0202274,28.1976902],[75.0217616,28.1978131],[75.0229418,28.1979171],[75.0242507,28.1980779],[75.0252056,28.198475],[75.0251198,28.199654],[75.0244609,28.2031577],[75.0245404,28.2063984],[75.0271368,28.2074573],[75.0287676,28.2080057],[75.0284242,28.2119388],[75.0280165,28.2130544],[75.0275016,28.2145292],[75.0300979,28.2162309],[75.0329733,28.2173465],[75.0359344,28.2185188],[75.0359559,28.2192372],[75.034883,28.2215439],[75.0373935,28.222338],[75.0398612,28.2236426],[75.0408482,28.2237371],[75.0417924,28.2238883],[75.0431657,28.2241152],[75.0443673,28.2245123],[75.0453973,28.2251929],[75.0463414,28.2264407],[75.0467062,28.2271402],[75.04722782167124,28.227366300752976],[75.04723650020344,28.230347327400835],[75.0458479,28.2302218],[75.0448608,28.2304676],[75.0443029,28.2341919],[75.0460624,28.2346834],[75.0444746,28.2388045],[75.0434875,28.239693],[75.0413632,28.2427932],[75.04188499804019,28.247066018090567],[75.03780571273298,28.25154837336214],[75.03668954974094,28.273900348106242],[74.98515125710885,28.32593132005216],[74.970605970138,28.328850231044907],[74.96407402712585,28.33670992277421],[74.95060681683576,28.338850306021577],[74.94151191993006,28.347644583974674],[74.85952122075209,28.347800150327433],[74.8458674126274,28.33792160012396],[74.79639893535095,28.337288204140304],[74.76863920758379,28.318850210405877],[74.7551709208309,28.316709903105306],[74.74864019217954,28.308850207350012],[74.73517129385387,28.30670990003221],[74.72864117626733,28.298850204110074],[74.71517166686093,28.29670989674713],[74.67321256925673,28.254982667101054],[74.67143921064505,28.24154856940029],[74.66321367988299,28.23498266342734],[74.66144065242554,28.221549068982736],[74.65215415484563,28.21272588471921],[74.65198496518853,28.11085803244597]]],[[[75.33232156720901,28.367488258310175],[75.3325224,28.3666879],[75.3349256,28.3656872],[75.3361916,28.3654417],[75.337007,28.3651774],[75.3380155,28.3637235],[75.3388738,28.3623829],[75.3393674,28.3614765],[75.3399253,28.360608],[75.3402257,28.3603247],[75.3411269,28.3601925],[75.3430795,28.3607213],[75.3446245,28.3614388],[75.3462553,28.3618353],[75.3475427,28.3621752],[75.3493237,28.3604191],[75.3496885,28.3596638],[75.350225,28.359475],[75.3518986,28.3593051],[75.352757,28.3591918],[75.3523707,28.3570958],[75.3526068,28.3564916],[75.353229,28.3561894],[75.3568554,28.3570203],[75.3574562,28.3571147],[75.3574347,28.3517707],[75.3583789,28.3490514],[75.3586149,28.3479561],[75.3620481,28.3485226],[75.3624344,28.3474085],[75.3667474,28.3492214],[75.3692794,28.3466153],[75.3691292,28.3460677],[75.3708243,28.3462565],[75.3716612,28.3454067],[75.3729915,28.3455578],[75.3743219,28.3444247],[75.3774333,28.3442736],[75.378356,28.3387023],[75.3792143,28.3386645],[75.3812313,28.3386268],[75.3854425,28.3392898],[75.38975,28.3407231],[75.391016,28.3383246],[75.3913379,28.3372103],[75.397346,28.3389478],[75.4014015,28.3359449],[75.4033971,28.3374181],[75.4075384,28.3380035],[75.4080319,28.3369648],[75.4111647,28.3382868],[75.4104781,28.3411953],[75.4114222,28.3419318],[75.4147911,28.3422906],[75.4160571,28.3424228],[75.4173231,28.3425361],[75.4178381,28.3439148],[75.4192543,28.3445002],[75.4184389,28.3483905],[75.4183316,28.3515441],[75.4165935,28.3521862],[75.4161858,28.3535458],[75.4151344,28.3571713],[75.4154777,28.3585687],[75.4154348,28.3603625],[75.4154563,28.3641578],[75.4245972,28.3651585],[75.4302835,28.3653851],[75.4389095,28.3668956],[75.4428577,28.367783],[75.4436946,28.3662536],[75.44451,28.3664046],[75.4464841,28.3641389],[75.4487157,28.3643277],[75.4484796,28.3590218],[75.4487586,28.3577756],[75.4495525,28.3555663],[75.4505825,28.3538668],[75.4511189,28.3504677],[75.4521489,28.3470119],[75.4531359,28.344859],[75.4549813,28.3418374],[75.4571271,28.3399677],[75.4591226,28.3399677],[75.4615044,28.3408931],[75.4647231,28.3414597],[75.4674268,28.341894],[75.4711604,28.3420262],[75.472641,28.3424606],[75.4750871,28.3435937],[75.4767179,28.3437448],[75.478692,28.3437448],[75.4796147,28.3434804],[75.4802799,28.3431405],[75.4817605,28.3431782],[75.4824362,28.3421975],[75.484751,28.3427239],[75.4913481,28.3419403],[75.4921617,28.3383384],[75.4962659,28.3380602],[75.4980254,28.3392878],[75.4993343,28.3395711],[75.5011797,28.3396844],[75.5051064,28.3398355],[75.5065226,28.3404587],[75.5081963,28.3406665],[75.5090332,28.3408175],[75.510385,28.3443491],[75.5121445,28.3480505],[75.5122518,28.3510342],[75.5115652,28.3542822],[75.5113506,28.3606268],[75.5113292,28.3647053],[75.5120158,28.3662158],[75.5121445,28.3679718],[75.5123162,28.3699165],[75.5154919,28.371729],[75.5219507,28.3730317],[75.5246973,28.3734282],[75.5263495,28.3735037],[75.5282593,28.3736925],[75.5287742,28.3740135],[75.5288172,28.3748442],[75.5285811,28.3755805],[75.5283451,28.3762413],[75.5282378,28.3774873],[75.5285811,28.3854541],[75.532465,28.3856617],[75.5331731,28.3840948],[75.5390739,28.3845857],[75.5394387,28.383302],[75.5416059,28.3833208],[75.5418205,28.3824147],[75.5420995,28.378167],[75.5463266,28.3781103],[75.5480647,28.37879],[75.5495882,28.3796395],[75.5515623,28.3803569],[75.561583,28.3806212],[75.5675268,28.3805835],[75.5669474,28.3904566],[75.5656385,28.3908907],[75.5666685,28.3979127],[75.56724606716556,28.40294170143754],[75.56669821816762,28.413900325844413],[75.55781801187332,28.421544000507126],[75.5560416673594,28.43498267483043],[75.53515743792896,28.4559312878992],[75.50061970539029,28.46885024827424],[75.49284932295657,28.477288026421288],[75.40639491878956,28.47728803729379],[75.39862450144891,28.468850281435692],[75.38408630668496,28.465931295418308],[75.36862632379818,28.448850197265717],[75.35408725683861,28.44593130106647],[75.351425449513,28.43154381835752],[75.34254536804896,28.42390033414426],[75.34142690260464,28.411544323331967],[75.33254661233833,28.403900344795563],[75.33232156720901,28.367488258310175]]]]}},{"type":"Feature","properties":{"zone":"High Fire Zone","color":"#FF8C00","opacity":0.5,"fill":"#FF8C00","fill-opacity":0.5,"stroke":"#FF8C00","stroke-width":1,"stroke-opacity":0.8},"geometry":{"type":"MultiPolygon","coordinates":[[[[74.70198427964554,28.120858062645592],[74.71125794616528,28.110861946035698],[74.7132214045931,28.09702649381917],[74.75640793950642,28.05472069465863],[74.77778953005476,28.053569222074287],[74.78773952019375,28.044364460382543],[74.80573004596596,28.044310879196615],[74.8051786,28.0455651],[74.8039341,28.0486141],[74.8041487,28.0491632],[74.8053932,28.049845],[74.8058224,28.0504888],[74.8060798,28.0511516],[74.8062515,28.0531589],[74.807496,28.0534619],[74.8091483,28.0545413],[74.80829,28.0579877],[74.8076033,28.0581013],[74.8073888,28.0585368],[74.807496,28.0605819],[74.8072171,28.0613393],[74.8063373,28.0628919],[74.805243,28.0628162],[74.8053288,28.0639902],[74.8032689,28.0638387],[74.8030329,28.0643878],[74.8023033,28.0655239],[74.80196,28.0660162],[74.8008656,28.0660162],[74.8002648,28.066641],[74.7998142,28.0671901],[74.7988915,28.067209],[74.7980332,28.0671522],[74.7965526,28.0698219],[74.7964668,28.0711094],[74.7925401,28.0718478],[74.7895574,28.0736275],[74.7874975,28.0750285],[74.7869181,28.0777738],[74.7855234,28.0814276],[74.7867036,28.0828475],[74.7869825,28.0867852],[74.78827,28.0870691],[74.7872615,28.0928807],[74.78827,28.0936757],[74.7883773,28.094395],[74.7897506,28.0955687],[74.7887635,28.0980673],[74.7890854,28.0984837],[74.7900939,28.1004144],[74.7904157,28.1032915],[74.7942781,28.1051464],[74.793098,28.1070202],[74.7936988,28.1077205],[74.7936988,28.1083829],[74.7935056,28.1091022],[74.7932696,28.1099539],[74.7926259,28.1106352],[74.7931623,28.1113734],[74.7939992,28.112225],[74.7945571,28.1133228],[74.7947073,28.1143637],[74.7950506,28.115556],[74.7960591,28.1158967],[74.8003292,28.1172214],[74.8034405,28.1183948],[74.8044491,28.1176378],[74.8046636,28.1174864],[74.8073888,28.1182623],[74.8076463,28.117581],[74.8079252,28.1151018],[74.8088693,28.1144962],[74.8104787,28.1145151],[74.8136973,28.1147611],[74.814384,28.1143448],[74.8146629,28.1137202],[74.815135,28.1127928],[74.8158216,28.1129253],[74.816916,28.1132849],[74.8177957,28.1136823],[74.8183107,28.1125279],[74.8187399,28.1122061],[74.8227095,28.1123764],[74.8244262,28.1125846],[74.8251128,28.1129064],[74.8259282,28.1129632],[74.8265075,28.1121683],[74.8275375,28.1123386],[74.8292327,28.1131524],[74.8291468,28.1145529],[74.8307562,28.1148557],[74.8312068,28.1152721],[74.8310351,28.1168997],[74.8331165,28.1181488],[74.8338246,28.1193789],[74.8344898,28.1197574],[74.8351335,28.120363],[74.8359918,28.1209875],[74.8367214,28.1214228],[74.8367214,28.1229178],[74.8378372,28.1233342],[74.8392105,28.1235991],[74.8401332,28.1239587],[74.8462915,28.1271],[74.8509693,28.1291627],[74.8535657,28.1310928],[74.858737,28.1335528],[74.858222,28.1350476],[74.8572349,28.1373372],[74.8568851,28.1381546],[74.8572349,28.1414242],[74.8588657,28.1411783],[74.8600244,28.1409134],[74.8616338,28.1404593],[74.8625135,28.140516],[74.8639297,28.1407998],[74.8654747,28.1416891],[74.8655391,28.1442624],[74.8656249,28.1453408],[74.8662257,28.1456436],[74.8677492,28.1456436],[74.8686075,28.1457571],[74.8709893,28.1460409],[74.8715472,28.1472896],[74.8725343,28.1482545],[74.8723626,28.1506006],[74.8725986,28.1518114],[74.8742938,28.153533],[74.8758173,28.154933],[74.8765683,28.1560303],[74.8773193,28.1575059],[74.8783707,28.1609112],[74.8789716,28.1620462],[74.8809027,28.1649027],[74.8824692,28.1660945],[74.8830056,28.1669268],[74.8832631,28.1679672],[74.8840785,28.1691589],[74.8840356,28.170956],[74.8842716,28.1735852],[74.8841214,28.1748147],[74.8840141,28.1799595],[74.8846578,28.1814537],[74.8866319,28.1849906],[74.8878765,28.1872224],[74.8884558,28.189473],[74.8934769,28.190551],[74.8965239,28.1921396],[74.8974681,28.1910805],[74.9014592,28.1917992],[74.9023175,28.1907969],[74.9064159,28.1922153],[74.9075746,28.191837],[74.911952,28.1934824],[74.9147844,28.1942956],[74.9191618,28.1953168],[74.921565,28.1950521],[74.9220371,28.1942199],[74.9230027,28.1943145],[74.9269938,28.1951655],[74.9305343,28.1964704],[74.9311995,28.1947306],[74.9404907,28.1947116],[74.9413705,28.19248],[74.9421,28.1900971],[74.9439025,28.1878654],[74.945147,28.1875439],[74.9463057,28.1853405],[74.9491382,28.1868252],[74.9538052,28.1892649],[74.958483,28.1916763],[74.962399,28.1938133],[74.9642551,28.1945982],[74.9684286,28.1955532],[74.973321,28.1963286],[74.97693660034466,28.19741165188101],[74.97668770201753,28.243900348492495],[74.96780571816389,28.251548366234665],[74.96603218975068,28.26498269957064],[74.94514936158446,28.285931315929464],[74.9306018659925,28.28885031432315],[74.92151150230073,28.297644539140446],[74.82952072042433,28.29780015751901],[74.81587385826049,28.287920606736392],[74.78640061647477,28.287288347238597],[74.7786431926755,28.27885022639589],[74.76409530190544,28.275931305686825],[74.72255710960815,28.233900334189794],[74.72144064752615,28.221549068721995],[74.71321477566237,28.214982680659663],[74.71144208579668,28.201549567156608],[74.70215545182559,28.1927259169583],[74.70198427964554,28.120858062645592]]],[[[75.42310502158838,28.364995143772877],[75.4245972,28.3651585],[75.4302835,28.3653851],[75.4389095,28.3668956],[75.4428577,28.367783],[75.4436946,28.3662536],[75.44451,28.3664046],[75.4464841,28.3641389],[75.4487157,28.3643277],[75.4484796,28.3590218],[75.4487586,28.3577756],[75.4495525,28.3555663],[75.4505825,28.3538668],[75.4511189,28.3504677],[75.4521489,28.3470119],[75.4531359,28.344859],[75.4549813,28.3418374],[75.4571271,28.3399677],[75.4591226,28.3399677],[75.4615044,28.3408931],[75.4647231,28.3414597],[75.4674268,28.341894],[75.4711604,28.3420262],[75.472641,28.3424606],[75.4750871,28.3435937],[75.4767179,28.3437448],[75.47699489885413,28.3437448],[75.47603906693722,28.384982448609748],[75.4240899027479,28.385931103449742],[75.42310502158838,28.364995143772877]]]]}},{"type":"Feature","properties":{"zone":"Very High Fire Zone","color":"#FF0000","opacity":0.55,"fill":"#FF0000","fill-opacity":0.55,"stroke":"#FF0000","stroke-width":1,"stroke-opacity":0.8},"geometry":{"type":"Polygon","coordinates":[[[74.74198227684431,28.15085807049591],[74.75179916977488,28.139412331811428],[74.75322030777349,28.117026485361606],[74.77640798437575,28.094720304410846],[74.78875792573237,28.094720304319583],[74.7897506,28.0955687],[74.7887635,28.0980673],[74.7890854,28.0984837],[74.7900939,28.1004144],[74.7904157,28.1032915],[74.7942781,28.1051464],[74.793098,28.1070202],[74.7936988,28.1077205],[74.7936988,28.1083829],[74.7935056,28.1091022],[74.7932696,28.1099539],[74.7926259,28.1106352],[74.7931623,28.1113734],[74.7939992,28.112225],[74.7945571,28.1133228],[74.7947073,28.1143637],[74.7950506,28.115556],[74.7960591,28.1158967],[74.8003292,28.1172214],[74.8034405,28.1183948],[74.8044491,28.1176378],[74.8046636,28.1174864],[74.8073888,28.1182623],[74.8076463,28.117581],[74.8079252,28.1151018],[74.8088693,28.1144962],[74.8104787,28.1145151],[74.8136973,28.1147611],[74.814384,28.1143448],[74.8146629,28.1137202],[74.815135,28.1127928],[74.8158216,28.1129253],[74.816916,28.1132849],[74.8177957,28.1136823],[74.8183107,28.1125279],[74.8187399,28.1122061],[74.8227095,28.1123764],[74.8244262,28.1125846],[74.8251128,28.1129064],[74.8259282,28.1129632],[74.8265075,28.1121683],[74.8275375,28.1123386],[74.8292327,28.1131524],[74.8291468,28.1145529],[74.8307562,28.1148557],[74.8312068,28.1152721],[74.8310351,28.1168997],[74.8331165,28.1181488],[74.8338246,28.1193789],[74.8344898,28.1197574],[74.8351335,28.120363],[74.8359918,28.1209875],[74.8367214,28.1214228],[74.8367214,28.1229178],[74.8378372,28.1233342],[74.8392105,28.1235991],[74.8401332,28.1239587],[74.8462915,28.1271],[74.8509693,28.1291627],[74.8535657,28.1310928],[74.858737,28.1335528],[74.858222,28.1350476],[74.8572349,28.1373372],[74.8568851,28.1381546],[74.8572349,28.1414242],[74.8588657,28.1411783],[74.8600244,28.1409134],[74.8616338,28.1404593],[74.8625135,28.140516],[74.8639297,28.1407998],[74.8654747,28.1416891],[74.8655391,28.1442624],[74.8656249,28.1453408],[74.8662257,28.1456436],[74.8677492,28.1456436],[74.8686075,28.1457571],[74.8709893,28.1460409],[74.8715472,28.1472896],[74.8725343,28.1482545],[74.8723626,28.1506006],[74.8725986,28.1518114],[74.8742938,28.153533],[74.8758173,28.154933],[74.8765683,28.1560303],[74.8773193,28.1575059],[74.8783707,28.1609112],[74.8789716,28.1620462],[74.8809027,28.1649027],[74.8824692,28.1660945],[74.8830056,28.1669268],[74.8832631,28.1679672],[74.8840785,28.1691589],[74.8840356,28.170956],[74.8842716,28.1735852],[74.8841214,28.1748147],[74.8840141,28.1799595],[74.8846578,28.1814537],[74.8866319,28.1849906],[74.8878765,28.1872224],[74.8884558,28.189473],[74.8934769,28.190551],[74.8965239,28.1921396],[74.8974681,28.1910805],[74.9014592,28.1917992],[74.9023175,28.1907969],[74.9064159,28.1922153],[74.9075746,28.191837],[74.911952,28.1934824],[74.9147844,28.1942956],[74.9191618,28.1953168],[74.921565,28.1950521],[74.9220371,28.1942199],[74.9230027,28.1943145],[74.9269938,28.1951655],[74.9305343,28.1964704],[74.9311995,28.1947306],[74.93708886625858,28.19471855656547],[74.93709004978548,28.21272594161921],[74.90514747859672,28.245931321548053],[74.8905980205219,28.248850268738746],[74.88284303175818,28.257288287685537],[74.82640116938991,28.257288287959373],[74.81731083572397,28.24827399251395],[74.79640185156823,28.247288439796893],[74.78864711265679,28.238850242722815],[74.77517388423465,28.23670992488996],[74.76321422408995,28.22498270267257],[74.76144136410682,28.21154937030279],[74.75321533009091,28.20498270211993],[74.75144280127823,28.19154986992275],[74.74215610561079,28.182725940428647],[74.74198227684431,28.15085807049591]]]}},{"type":"Feature","properties":{"name":"Churu District Boundary","stroke":"#FFFFFF","stroke-width":2,"stroke-opacity":0.9,"fill":"none","fill-opacity":0},"bbox":[73.8596221,27.4110048,75.6711452,28.9998643],"geometry":{"type":"Polygon","coordinates":[[[73.8596221,27.6591313],[73.8631411,27.6556342],[73.8670893,27.6497801],[73.8750716,27.6462828],[73.8766166,27.6383752],[73.8807364,27.6291744],[73.883998,27.6232428],[73.8857146,27.6169307],[73.8883754,27.6099338],[73.8916369,27.6058266],[73.894126,27.6032406],[73.893096,27.6003502],[73.8896628,27.5971555],[73.8849421,27.5937325],[73.879449,27.5883316],[73.8782045,27.5808763],[73.8801357,27.5713282],[73.8812944,27.564062],[73.8827964,27.5624261],[73.8866159,27.5593064],[73.8868304,27.5554256],[73.8852855,27.5500228],[73.8773557,27.5387957],[73.8780126,27.5381909],[73.8783751,27.5375802],[73.8798207,27.5337873],[73.8815868,27.5286335],[73.8830516,27.5254287],[73.886565,27.5166356],[73.8873824,27.5150317],[73.8880885,27.5147135],[73.8890968,27.5109841],[73.8911281,27.5059979],[73.8915346,27.5031797],[73.8916826,27.4998876],[73.8933103,27.4989459],[73.8944267,27.4981842],[73.8974011,27.495586],[73.8994206,27.4958531],[73.9008151,27.4933077],[73.9016819,27.4932068],[73.9024574,27.4919859],[73.9056837,27.4918268],[73.9067464,27.490374],[73.908323,27.4893808],[73.9104243,27.4895885],[73.9141324,27.4903108],[73.918322,27.4913506],[73.9200175,27.492531],[73.9219418,27.4932614],[73.9298888,27.4965651],[73.9332139,27.4984125],[73.9349283,27.4996426],[73.9371397,27.5002214],[73.94026,27.5003143],[73.9412903,27.5005278],[73.9420591,27.5008686],[73.9424756,27.5031321],[73.9451995,27.5041744],[73.9461911,27.5069881],[73.9516792,27.5083934],[73.9533876,27.508367],[73.9567745,27.5105171],[73.9576832,27.509105],[73.9591111,27.5066488],[73.9603284,27.5055119],[73.9628813,27.5051697],[73.9649347,27.5046346],[73.9698054,27.5037228],[73.9716933,27.5035039],[73.975352,27.5037228],[73.9778942,27.5043035],[73.9781141,27.506844],[73.9807749,27.5075958],[73.98083,27.5081607],[73.9832974,27.5091519],[73.9848428,27.5098615],[73.988327,27.5107622],[73.9892721,27.5088519],[73.9889102,27.5080314],[73.9888377,27.5064237],[73.9898528,27.5046231],[73.9920642,27.5051697],[73.9938962,27.50653],[73.9937031,27.5077671],[73.9959431,27.5087388],[73.9968187,27.5109112],[74.0000758,27.5098642],[74.0013084,27.5108931],[74.0013447,27.5121148],[74.0019972,27.5132402],[74.0039186,27.5133045],[74.0055499,27.5123399],[74.0063474,27.5122756],[74.0079425,27.51279],[74.0096826,27.513626],[74.0101177,27.5145263],[74.0094289,27.5157802],[74.007725,27.5171305],[74.0070362,27.5188345],[74.0076163,27.5202491],[74.0116402,27.5234319],[74.0148304,27.5250715],[74.016788,27.5264217],[74.0198332,27.5289936],[74.0225158,27.5322725],[74.0253435,27.5337513],[74.0283162,27.5349407],[74.0308901,27.5346835],[74.0318326,27.5309545],[74.0331014,27.528865],[74.0370167,27.526261],[74.0417294,27.5255216],[74.0485085,27.5206028],[74.0578616,27.5110217],[74.0620579,27.5087039],[74.0633777,27.5067818],[74.0657022,27.5041644],[74.0641713,27.5012668],[74.0660183,27.4970987],[74.0661442,27.496414],[74.0664983,27.4958906],[74.0669382,27.4954338],[74.0672171,27.4947105],[74.0675068,27.4938159],[74.0680969,27.4935018],[74.0694487,27.4929117],[74.070425,27.4923978],[74.0724099,27.4907894],[74.074105,27.4896092],[74.074856,27.4900375],[74.0764761,27.4890477],[74.0777957,27.4878865],[74.0791261,27.4862495],[74.0795767,27.4855452],[74.0797484,27.4848694],[74.0796518,27.4833275],[74.079448,27.4818522],[74.0795445,27.4806814],[74.080317,27.4796915],[74.0811109,27.4790919],[74.081465,27.4788349],[74.0823769,27.4781305],[74.082731,27.4778164],[74.083879,27.4773214],[74.0847802,27.4774928],[74.0854025,27.477845],[74.0860248,27.4781876],[74.0876233,27.4774071],[74.08993,27.4777593],[74.094125,27.4780068],[74.0962064,27.4779211],[74.0990603,27.4772072],[74.1023648,27.4763886],[74.1049182,27.4756271],[74.1060233,27.4757699],[74.1068172,27.4756652],[74.1073966,27.4753987],[74.1077292,27.4753606],[74.1099501,27.4748561],[74.111141,27.4745515],[74.1120529,27.4740184],[74.1135335,27.472305],[74.1172349,27.4666506],[74.1189194,27.4644516],[74.1199064,27.4644802],[74.1213333,27.4616623],[74.118619,27.4600058],[74.1192841,27.4589205],[74.1209257,27.4599677],[74.1223311,27.4605199],[74.1236079,27.4606532],[74.1249275,27.4602438],[74.1257536,27.4601201],[74.1268909,27.4601962],[74.1275775,27.4603771],[74.1289079,27.4608531],[74.1299379,27.4611673],[74.1309357,27.4613862],[74.1320836,27.4616337],[74.1326737,27.4601772],[74.133296,27.4591395],[74.1350341,27.4560169],[74.136225,27.4566357],[74.1400444,27.4536367],[74.1422117,27.4516659],[74.1431665,27.4502854],[74.1452587,27.4471244],[74.1460204,27.4450107],[74.1470611,27.4427065],[74.1482413,27.4388217],[74.1493571,27.435489],[74.1490567,27.4341844],[74.1491854,27.4329465],[74.149282,27.4323466],[74.1486919,27.4320038],[74.1489923,27.4308516],[74.1489172,27.4303659],[74.1467607,27.4294232],[74.1443789,27.4286804],[74.1419971,27.4278234],[74.141053,27.4272425],[74.141922,27.4250331],[74.1448724,27.4198144],[74.1461921,27.4171287],[74.1482735,27.4181287],[74.1500974,27.4154239],[74.1513848,27.4141001],[74.1523933,27.4139096],[74.1543245,27.4121572],[74.1555262,27.4110048],[74.1578543,27.412081],[74.1579616,27.4127953],[74.1592705,27.4134906],[74.1627359,27.415062],[74.167006,27.4160811],[74.1684115,27.4164906],[74.16839,27.417443],[74.1743016,27.4203191],[74.1773486,27.4217952],[74.1800308,27.4226809],[74.1812324,27.4235666],[74.1818976,27.4240237],[74.1826916,27.4242999],[74.1839039,27.4238999],[74.1855025,27.4238047],[74.1860497,27.4235856],[74.186672,27.423338],[74.1879487,27.4234428],[74.1906524,27.4236142],[74.1934311,27.4232523],[74.1941821,27.4230523],[74.1949224,27.4223],[74.1953301,27.4220905],[74.1967678,27.4225666],[74.1979372,27.4228619],[74.199686,27.4227571],[74.2006516,27.4229952],[74.2011773,27.4230618],[74.2018425,27.4222048],[74.2033982,27.422519],[74.2039025,27.4227571],[74.2038381,27.4242522],[74.203366,27.426633],[74.2025936,27.431223],[74.2022824,27.4341368],[74.2015743,27.4374029],[74.2012846,27.4399929],[74.2012203,27.4436873],[74.2009628,27.4452678],[74.2008018,27.4465151],[74.2018211,27.4490096],[74.2023146,27.4501426],[74.2023682,27.454903],[74.203645,27.4570451],[74.2039239,27.457959],[74.204117,27.459606],[74.2040956,27.4606627],[74.2040098,27.4621764],[74.2038166,27.4637091],[74.2037094,27.4643183],[74.2036772,27.4648038],[74.2055547,27.465851],[74.2077649,27.4669267],[74.2098019,27.4679351],[74.2090094,27.4705916],[74.2067563,27.4698967],[74.206413,27.4704203],[74.2056942,27.4704488],[74.2051577,27.4710009],[74.2047608,27.4711437],[74.2045569,27.4719433],[74.2036557,27.4721527],[74.2032695,27.473019],[74.2031944,27.4736091],[74.203366,27.4741422],[74.2034304,27.4746562],[74.2020035,27.4761316],[74.2015207,27.477112],[74.2001581,27.4767218],[74.1991281,27.4770644],[74.1985059,27.4771501],[74.198066,27.477074],[74.1971111,27.4776736],[74.196521,27.4774547],[74.1962421,27.4771882],[74.1955876,27.4769978],[74.1950083,27.4779877],[74.1941285,27.4796154],[74.1926587,27.4790728],[74.1915214,27.4811288],[74.194107,27.4825946],[74.193356,27.4852977],[74.1931736,27.4863542],[74.1935062,27.4869538],[74.1935491,27.4875915],[74.1935491,27.488134],[74.1937745,27.488686],[74.1943753,27.4891524],[74.1952872,27.4895331],[74.1960382,27.4897615],[74.1968858,27.4901612],[74.197154,27.490323],[74.1963065,27.4931877],[74.1964567,27.494187],[74.1970253,27.4945677],[74.1971648,27.4959857],[74.1966605,27.4973467],[74.1960597,27.4987456],[74.1975617,27.4994974],[74.198817,27.4999542],[74.2051172,27.5059093],[74.2099388,27.5077099],[74.2114613,27.5088674],[74.2138902,27.5110538],[74.2162829,27.5150085],[74.2191105,27.5155873],[74.2215032,27.5160052],[74.223497,27.5167768],[74.2261072,27.5195418],[74.2280285,27.5213422],[74.2295873,27.5225317],[74.232415,27.524107],[74.2358952,27.5237534],[74.2375265,27.5244928],[74.2390129,27.5263574],[74.2387229,27.5284792],[74.2375265,27.5299901],[74.237599,27.5306009],[74.2380341,27.5311796],[74.2390129,27.5330441],[74.2389041,27.5352943],[74.2399192,27.5412089],[74.240608,27.5447447],[74.2428556,27.545709],[74.2448857,27.5467375],[74.2443419,27.5512052],[74.2433994,27.5536479],[74.2434719,27.5546442],[74.247305,27.5577121],[74.2496725,27.5593683],[74.25332,27.561273],[74.2532595,27.5625194],[74.256541,27.5633444],[74.2562998,27.5694906],[74.2549251,27.5735678],[74.2549352,27.5752483],[74.2576315,27.576398],[74.2572797,27.5783922],[74.2562189,27.5827538],[74.255476,27.5860457],[74.2552175,27.5906672],[74.2548752,27.5937479],[74.2553472,27.5944135],[74.2541241,27.5984069],[74.2551681,27.5985504],[74.2542314,27.6010882],[74.2575052,27.6015867],[74.2569863,27.6027787],[74.2588234,27.6032179],[74.2633295,27.6053096],[74.2660761,27.6072586],[74.2684901,27.6090554],[74.2679214,27.6103959],[74.2749917,27.6137709],[74.2744768,27.6163377],[74.2750239,27.6168415],[74.2750561,27.6194558],[74.2755711,27.6217372],[74.2763114,27.6225547],[74.2787468,27.6238476],[74.2784572,27.6250643],[74.2801738,27.6262905],[74.2869222,27.6291612],[74.2894328,27.6302733],[74.2922115,27.6311858],[74.2951512,27.6322219],[74.2968142,27.6323835],[74.298681,27.632393],[74.300462,27.6329633],[74.3031013,27.6341229],[74.3049788,27.6345411],[74.3080151,27.6350259],[74.3096244,27.6358813],[74.3121672,27.6369934],[74.311223,27.6404816],[74.3103111,27.6424775],[74.3086803,27.6453287],[74.3109226,27.6464312],[74.3100321,27.6491682],[74.3133259,27.649843],[74.3134224,27.6503752],[74.3137765,27.6504988],[74.315182,27.6510024],[74.3172312,27.6516582],[74.3179285,27.6513351],[74.3186688,27.6515917],[74.320364,27.6527036],[74.3215871,27.6530742],[74.3228745,27.6536159],[74.3252134,27.6554405],[74.3271875,27.65717],[74.3310177,27.6596028],[74.3339145,27.6614273],[74.3340969,27.6633943],[74.3343115,27.6675088],[74.3338287,27.6696657],[74.3332493,27.6711955],[74.332906,27.6724877],[74.3331957,27.6736659],[74.334569,27.6744356],[74.3361354,27.6748441],[74.3360388,27.6743406],[74.3366074,27.6743025],[74.3371224,27.6749201],[74.3395042,27.6760888],[74.3411136,27.6770579],[74.3427336,27.6779796],[74.3426907,27.6784926],[74.341768,27.6812099],[74.3505335,27.6849912],[74.3536341,27.6858462],[74.3540525,27.6853712],[74.356327,27.6855042],[74.3567669,27.6843832],[74.3595779,27.6847157],[74.3616164,27.6850577],[74.3632471,27.6850197],[74.3647814,27.6846302],[74.3658972,27.6836326],[74.3672168,27.6840506],[74.3670237,27.682768],[74.3678069,27.682863],[74.3713796,27.6839081],[74.3720877,27.6827205],[74.3754673,27.6845257],[74.3787289,27.6866633],[74.3836105,27.6891618],[74.3840611,27.6897794],[74.3880737,27.6916129],[74.3888569,27.6921639],[74.3894148,27.6928764],[74.390552,27.6946148],[74.3926871,27.6955078],[74.3953049,27.6970182],[74.3953156,27.6979967],[74.4004011,27.6992506],[74.4036841,27.700495],[74.4054329,27.6975502],[74.4069028,27.6944913],[74.4073641,27.6944628],[74.4080078,27.6924869],[74.408834,27.6922209],[74.4092739,27.6904539],[74.409585,27.6898364],[74.4100463,27.6891143],[74.4151103,27.6907104],[74.4151747,27.6896654],[74.4183504,27.6904349],[74.4186187,27.6898269],[74.4216335,27.6905584],[74.4217837,27.6900644],[74.4237149,27.6908719],[74.4240045,27.6903019],[74.433918,27.6923444],[74.434154,27.6917174],[74.4395184,27.6923444],[74.4396472,27.6914704],[74.443016,27.6927814],[74.4428658,27.6933894],[74.4508266,27.6946243],[74.4511485,27.6934844],[74.4538951,27.6935984],[74.4548821,27.6911474],[74.4565987,27.6874993],[74.4570708,27.6877273],[74.4597745,27.6882593],[74.4609332,27.6866063],[74.4616842,27.6851432],[74.4630575,27.6814949],[74.4685721,27.6832431],[74.4715547,27.6844212],[74.473958,27.6858082],[74.47649,27.6861883],[74.4796443,27.6867393],[74.4832706,27.6871003],[74.4896865,27.6878603],[74.4919181,27.6882973],[74.4938707,27.6828631],[74.4948936,27.6786669],[74.4949883,27.6758733],[74.4941183,27.6721171],[74.493937,27.669067],[74.494082,27.6673975],[74.4946983,27.6661132],[74.4960397,27.6660811],[74.5017675,27.6668195],[74.5065527,27.6685533],[74.5130781,27.6704155],[74.5181534,27.6720529],[74.5261651,27.6751028],[74.5317479,27.6690028],[74.5353731,27.6665948],[74.5373669,27.6643794],[74.5401946,27.6635767],[74.5449799,27.6635125],[74.5521215,27.6648289],[74.5557105,27.6652142],[74.5585381,27.6660169],[74.5602782,27.6672048],[74.5601695,27.6692596],[74.5616558,27.6703512],[74.5639759,27.6706081],[74.5662961,27.6721492],[74.569595,27.676066],[74.5788393,27.6849585],[74.584132,27.6905441],[74.5885185,27.6942676],[74.592325,27.6975738],[74.5962402,27.7020353],[74.5983791,27.7031587],[74.6007355,27.7044746],[74.6047232,27.7061757],[74.6072971,27.7079088],[74.6091822,27.7080693],[74.6103785,27.7063683],[74.6119373,27.7032871],[74.6137862,27.7013934],[74.6152363,27.6996922],[74.6174476,27.6973491],[74.6197678,27.6969318],[74.6216891,27.6972849],[74.6237555,27.6976701],[74.6251693,27.6978305],[74.6258944,27.6970923],[74.6259669,27.6944602],[74.6228854,27.6908009],[74.6204566,27.6884254],[74.6188615,27.6865957],[74.6144387,27.6845412],[74.610161,27.6815878],[74.6064633,27.6786985],[74.6064995,27.6768044],[74.6100885,27.6722134],[74.611031,27.6710897],[74.6117198,27.6693239],[74.6115386,27.6665306],[74.6133874,27.6635767],[74.6158526,27.6603337],[74.6187165,27.6589209],[74.6202391,27.6587283],[74.6219429,27.6568017],[74.6235742,27.6545539],[74.6249518,27.6525631],[74.6257494,27.6491913],[74.627707,27.6482601],[74.6326372,27.6498336],[74.6386913,27.6530447],[74.6453254,27.6542328],[74.6502557,27.6553567],[74.6565092,27.6575883],[74.6626177,27.659836],[74.664539,27.6604461],[74.6659347,27.6619552],[74.6684542,27.6638335],[74.6721957,27.6653903],[74.6812512,27.6684249],[74.68693,27.6704419],[74.6914044,27.6708407],[74.6945562,27.6725603],[74.6966105,27.6749279],[74.7003815,27.6784418],[74.7032519,27.6787159],[74.7079796,27.6787409],[74.7113002,27.6784667],[74.7138892,27.6773204],[74.7196863,27.6772954],[74.7214029,27.6773453],[74.7238512,27.6774201],[74.7259618,27.6774699],[74.7284101,27.6772207],[74.7306051,27.6770462],[74.7333629,27.6770213],[74.7353328,27.6770213],[74.7367962,27.6775696],[74.7387942,27.6795882],[74.7397791,27.6812329],[74.7406515,27.6824042],[74.7438315,27.6838745],[74.7476587,27.6846719],[74.7480808,27.6885094],[74.7485873,27.6953868],[74.7489532,27.7012172],[74.7492346,27.7063497],[74.7492908,27.7105104],[74.7490094,27.7153933],[74.7482778,27.7177102],[74.7472928,27.7189558],[74.7455762,27.7193045],[74.743944,27.71918],[74.7406515,27.7186817],[74.7400605,27.7198526],[74.7400887,27.7213722],[74.7387942,27.7245109],[74.736571,27.7241373],[74.7344886,27.7231658],[74.7323217,27.7222441],[74.7297609,27.7211231],[74.7282412,27.7205252],[74.7275377,27.7212476],[74.7270874,27.7223935],[74.7281568,27.7244362],[74.7285789,27.7253081],[74.7287759,27.7265536],[74.7286634,27.7277991],[74.727988,27.7305142],[74.7284945,27.733304],[74.7291699,27.7363178],[74.7313649,27.7412744],[74.7315619,27.7436405],[74.7330815,27.7447114],[74.7337851,27.7462058],[74.7337569,27.748522],[74.7342635,27.7503898],[74.7350233,27.7513611],[74.7354735,27.7522825],[74.734967,27.7535028],[74.7343479,27.7545488],[74.7338976,27.756043],[74.7366555,27.757836],[74.7382876,27.761422],[74.7390475,27.762941],[74.7412987,27.7650576],[74.7433531,27.766452],[74.747124,27.7676473],[74.7494597,27.768718],[74.753315,27.7697887],[74.7554538,27.769714],[74.7567201,27.7693405],[74.7573455,27.766961],[74.7595117,27.7681045],[74.7620568,27.7682216],[74.7622921,27.7671742],[74.763277,27.7661781],[74.7638398,27.765954],[74.7651625,27.7664271],[74.7667947,27.7673734],[74.7680547,27.7682623],[74.7699718,27.7696415],[74.7753482,27.7722927],[74.7758702,27.7715597],[74.7795557,27.7733674],[74.7836889,27.7745569],[74.7859978,27.7755517],[74.7851097,27.7782572],[74.7859627,27.7786605],[74.7864091,27.7787773],[74.7875629,27.7792752],[74.7911224,27.7813479],[74.7903014,27.7839799],[74.792108,27.7850168],[74.7945391,27.7863858],[74.7969198,27.7871894],[74.7969881,27.7881354],[74.7999714,27.7887743],[74.7998518,27.7896248],[74.798736,27.7919656],[74.8045886,27.7952152],[74.8085256,27.7967447],[74.8130567,27.7983734],[74.8175395,27.8012653],[74.8175924,27.8018267],[74.8169135,27.8018936],[74.8156636,27.8058176],[74.813432,27.8108325],[74.8128034,27.8107065],[74.8118618,27.8136995],[74.8094459,27.8171116],[74.807306,27.8201309],[74.8047066,27.8238008],[74.8030923,27.8294858],[74.8022621,27.8312266],[74.8000235,27.8341883],[74.7993059,27.8339146],[74.7971411,27.8385774],[74.7963429,27.8401087],[74.7956208,27.8410263],[74.7907147,27.8386903],[74.7856493,27.8361023],[74.7826944,27.8353309],[74.780218,27.8347087],[74.7795708,27.8353309],[74.7792894,27.837247],[74.7779386,27.838317],[74.7764471,27.8393622],[74.7757436,27.8406313],[74.7752933,27.841975],[74.7750119,27.8436919],[74.7736611,27.8448614],[74.7705937,27.8462051],[74.7689334,27.8475736],[74.7675263,27.8494895],[74.7670761,27.8515298],[74.7669635,27.8539931],[74.766063,27.8577002],[74.763868,27.8590686],[74.7609132,27.8588447],[74.7560729,27.8591184],[74.753906,27.8603126],[74.7516266,27.859616],[74.7492346,27.8602628],[74.746336,27.861258],[74.743944,27.861258],[74.7409048,27.8601633],[74.7378937,27.8594169],[74.7359519,27.8608351],[74.7339258,27.862701],[74.7330815,27.8647161],[74.7329408,27.8664825],[74.7319277,27.8710848],[74.7323498,27.8720053],[74.7344042,27.8721545],[74.7367117,27.8722043],[74.738766,27.8728013],[74.7400887,27.8733983],[74.7415239,27.8741944],[74.7418053,27.8755626],[74.7411299,27.876682],[74.7396384,27.8761596],[74.7378092,27.8755874],[74.7358112,27.8753884],[74.7336725,27.8752143],[74.7324906,27.8752392],[74.7315619,27.8761596],[74.7319559,27.8779257],[74.7331097,27.878672],[74.7340665,27.8792192],[74.7352765,27.8800401],[74.7357831,27.8813087],[74.7348544,27.8845672],[74.732969,27.8854627],[74.7333348,27.8875769],[74.7343197,27.8894175],[74.7361208,27.8907109],[74.7442254,27.8920291],[74.7462516,27.8930613],[74.7488265,27.893795],[74.7528648,27.8946282],[74.7544407,27.8950386],[74.7580428,27.8964562],[74.7644305,27.898032],[74.7721123,27.90063],[74.7765755,27.9013506],[74.777112,27.90008],[74.7777343,27.8992267],[74.782176,27.8998714],[74.7830128,27.8996818],[74.7837853,27.8993215],[74.7859311,27.9002697],[74.7865104,27.8994163],[74.7868967,27.8991698],[74.787755,27.8995111],[74.7884846,27.9003645],[74.789021,27.9007438],[74.7903943,27.8985819],[74.7919392,27.8968562],[74.7921538,27.8961355],[74.7916174,27.8956045],[74.7919607,27.8949029],[74.7924328,27.8945615],[74.7937631,27.8949598],[74.795115,27.8959459],[74.8003936,27.8981268],[74.8041057,27.9007438],[74.8095774,27.9029435],[74.8125386,27.9045553],[74.8165297,27.9067171],[74.8227525,27.9086702],[74.8232889,27.9086702],[74.8235464,27.9080634],[74.824748,27.9082909],[74.8266578,27.909239],[74.8280096,27.9109835],[74.8284817,27.913221],[74.8271084,27.9168235],[74.8277735,27.918037],[74.8316788,27.922796],[74.8321295,27.9235164],[74.8318934,27.9245782],[74.8315716,27.9253555],[74.8301554,27.9254124],[74.829297,27.9253934],[74.8277092,27.925109],[74.8268723,27.9248625],[74.8245764,27.9302089],[74.8233533,27.9306829],[74.8223233,27.9308345],[74.8204779,27.9353844],[74.8212719,27.9363512],[74.8198342,27.9417539],[74.8188042,27.9417539],[74.814105,27.9407113],[74.8139334,27.9415643],[74.8121524,27.9413558],[74.8094487,27.9409198],[74.8056507,27.940389],[74.8043847,27.940389],[74.803741,27.9412231],[74.8012948,27.9460189],[74.8002648,27.9467392],[74.7987199,27.9470615],[74.7975182,27.9463033],[74.7969389,27.9470236],[74.796381,27.9481988],[74.7960806,27.94981],[74.7955012,27.9504734],[74.7946429,27.9504544],[74.7939563,27.9516486],[74.7935486,27.9521603],[74.7920251,27.951895],[74.791274,27.9523878],[74.7905016,27.9528427],[74.789257,27.9528048],[74.7877979,27.9524636],[74.7868538,27.9535061],[74.7850084,27.9536198],[74.7836351,27.9552119],[74.7829056,27.9559322],[74.7827339,27.9565956],[74.7825408,27.9578655],[74.7817468,27.9584341],[74.7807812,27.9588131],[74.7795152,27.9605189],[74.7779918,27.9626795],[74.7767043,27.9633618],[74.7756314,27.9635134],[74.7752881,27.9646127],[74.7752023,27.9656929],[74.775331,27.9663373],[74.7753739,27.9673607],[74.7738719,27.971151],[74.7723269,27.9743726],[74.771769,27.9746948],[74.770267,27.9748653],[74.7698164,27.9751685],[74.7694731,27.9767603],[74.7693658,27.9781058],[74.7693443,27.9800197],[74.7690868,27.9803987],[74.7679496,27.9804366],[74.7664046,27.9804176],[74.7650742,27.9806261],[74.7627353,27.9838853],[74.7622204,27.9845107],[74.7628212,27.9852686],[74.7621345,27.9863487],[74.7612119,27.9883003],[74.7610402,27.9890393],[74.7621774,27.9901004],[74.7628212,27.990953],[74.7629285,27.991673],[74.764924,27.9923551],[74.7660613,27.9921278],[74.7669625,27.9918815],[74.7683143,27.9917678],[74.7689366,27.9926583],[74.7701168,27.9942499],[74.7719407,27.9955003],[74.7745371,27.9972055],[74.7752237,27.9982287],[74.7799015,27.9992139],[74.783206,27.9999906],[74.7846651,28.0007864],[74.7898364,28.0027757],[74.7921316,28.0034661],[74.7914028,28.0080803],[74.7916388,28.0106378],[74.7922182,28.0117934],[74.7931838,28.013934],[74.7927761,28.0152032],[74.7937631,28.0160367],[74.7945785,28.0169839],[74.7933554,28.0192191],[74.7936773,28.0233485],[74.7932267,28.0241441],[74.7929907,28.0247313],[74.7946429,28.0257731],[74.7957372,28.0263413],[74.7974324,28.0273263],[74.8006511,28.0269853],[74.8014235,28.0277619],[74.8026466,28.0291446],[74.8031401,28.0308493],[74.8023462,28.0350161],[74.8021531,28.0363798],[74.8025179,28.0377055],[74.8032689,28.0390313],[74.8042345,28.0403002],[74.8042989,28.040982],[74.8040843,28.04191],[74.8039341,28.0431978],[74.8057365,28.0442962],[74.8051786,28.0455651],[74.8039341,28.0486141],[74.8041487,28.0491632],[74.8053932,28.049845],[74.8058224,28.0504888],[74.8060798,28.0511516],[74.8062515,28.0531589],[74.807496,28.0534619],[74.8091483,28.0545413],[74.80829,28.0579877],[74.8076033,28.0581013],[74.8073888,28.0585368],[74.807496,28.0605819],[74.8072171,28.0613393],[74.8063373,28.0628919],[74.805243,28.0628162],[74.8053288,28.0639902],[74.8032689,28.0638387],[74.8030329,28.0643878],[74.8023033,28.0655239],[74.80196,28.0660162],[74.8008656,28.0660162],[74.8002648,28.066641],[74.7998142,28.0671901],[74.7988915,28.067209],[74.7980332,28.0671522],[74.7965526,28.0698219],[74.7964668,28.0711094],[74.7925401,28.0718478],[74.7895574,28.0736275],[74.7874975,28.0750285],[74.7869181,28.0777738],[74.7855234,28.0814276],[74.7867036,28.0828475],[74.7869825,28.0867852],[74.78827,28.0870691],[74.7872615,28.0928807],[74.78827,28.0936757],[74.7883773,28.094395],[74.7897506,28.0955687],[74.7887635,28.0980673],[74.7890854,28.0984837],[74.7900939,28.1004144],[74.7904157,28.1032915],[74.7942781,28.1051464],[74.793098,28.1070202],[74.7936988,28.1077205],[74.7936988,28.1083829],[74.7935056,28.1091022],[74.7932696,28.1099539],[74.7926259,28.1106352],[74.7931623,28.1113734],[74.7939992,28.112225],[74.7945571,28.1133228],[74.7947073,28.1143637],[74.7950506,28.115556],[74.7960591,28.1158967],[74.8003292,28.1172214],[74.8034405,28.1183948],[74.8044491,28.1176378],[74.8046636,28.1174864],[74.8073888,28.1182623],[74.8076463,28.117581],[74.8079252,28.1151018],[74.8088693,28.1144962],[74.8104787,28.1145151],[74.8136973,28.1147611],[74.814384,28.1143448],[74.8146629,28.1137202],[74.815135,28.1127928],[74.8158216,28.1129253],[74.816916,28.1132849],[74.8177957,28.1136823],[74.8183107,28.1125279],[74.8187399,28.1122061],[74.8227095,28.1123764],[74.8244262,28.1125846],[74.8251128,28.1129064],[74.8259282,28.1129632],[74.8265075,28.1121683],[74.8275375,28.1123386],[74.8292327,28.1131524],[74.8291468,28.1145529],[74.8307562,28.1148557],[74.8312068,28.1152721],[74.8310351,28.1168997],[74.8331165,28.1181488],[74.8338246,28.1193789],[74.8344898,28.1197574],[74.8351335,28.120363],[74.8359918,28.1209875],[74.8367214,28.1214228],[74.8367214,28.1219148],[74.8367214,28.1229178],[74.8378372,28.1233342],[74.8392105,28.1235991],[74.8401332,28.1239587],[74.8462915,28.1271],[74.8509693,28.1291627],[74.8535657,28.1310928],[74.858737,28.1335528],[74.858222,28.1350476],[74.8572349,28.1373372],[74.8568851,28.1381546],[74.8572349,28.1414242],[74.8588657,28.1411783],[74.8600244,28.1409134],[74.8616338,28.1404593],[74.8625135,28.140516],[74.8639297,28.1407998],[74.8654747,28.1416891],[74.8655391,28.1442624],[74.8656249,28.1453408],[74.8662257,28.1456436],[74.8677492,28.1456436],[74.8686075,28.1457571],[74.8709893,28.1460409],[74.8715472,28.1472896],[74.8725343,28.1482545],[74.8723626,28.1506006],[74.8725986,28.1518114],[74.8742938,28.153533],[74.8758173,28.154933],[74.8765683,28.1560303],[74.8773193,28.1575059],[74.8783707,28.1609112],[74.8789716,28.1620462],[74.8809027,28.1649027],[74.8824692,28.1660945],[74.8830056,28.1669268],[74.8832631,28.1679672],[74.8840785,28.1691589],[74.8840356,28.170956],[74.8842716,28.1735852],[74.8841214,28.1748147],[74.8840141,28.1799595],[74.8846578,28.1814537],[74.8866319,28.1849906],[74.8878765,28.1872224],[74.8884558,28.189473],[74.8934769,28.190551],[74.8965239,28.1921396],[74.8974681,28.1910805],[74.9014592,28.1917992],[74.9023175,28.1907969],[74.9064159,28.1922153],[74.9075746,28.191837],[74.911952,28.1934824],[74.9147844,28.1942956],[74.9191618,28.1953168],[74.921565,28.1950521],[74.9220371,28.1942199],[74.9230027,28.1943145],[74.9269938,28.1951655],[74.9305343,28.1964704],[74.9311995,28.1947306],[74.9404907,28.1947116],[74.9413705,28.19248],[74.9421,28.1900971],[74.9439025,28.1878654],[74.945147,28.1875439],[74.9463057,28.1853405],[74.9491382,28.1868252],[74.9538052,28.1892649],[74.958483,28.1916763],[74.962399,28.1938133],[74.9642551,28.1945982],[74.9684286,28.1955532],[74.973321,28.1963286],[74.9771404,28.1974727],[74.9808741,28.1983237],[74.9830842,28.1990707],[74.9857879,28.2000162],[74.987601,28.2001581],[74.9931049,28.19995],[74.9970639,28.2015858],[74.9995208,28.2019356],[75.0031471,28.2029473],[75.0037157,28.2028622],[75.0042093,28.2026353],[75.0047779,28.2022477],[75.0053787,28.2016425],[75.0057864,28.2009618],[75.0055504,28.1990896],[75.0079,28.1996853],[75.008533,28.1993354],[75.0108075,28.1968581],[75.012095,28.1934918],[75.0146055,28.1945225],[75.0149059,28.194948],[75.0183821,28.1961773],[75.0186717,28.1964988],[75.0202274,28.1976902],[75.0217616,28.1978131],[75.0229418,28.1979171],[75.0242507,28.1980779],[75.0252056,28.198475],[75.0251198,28.199654],[75.0244609,28.2031577],[75.0245404,28.2063984],[75.0271368,28.2074573],[75.0287676,28.2080057],[75.0284242,28.2119388],[75.0280165,28.2130544],[75.0275016,28.2145292],[75.0300979,28.2162309],[75.0329733,28.2173465],[75.0359344,28.2185188],[75.0359559,28.2192372],[75.034883,28.2215439],[75.0373935,28.222338],[75.0398612,28.2236426],[75.0408482,28.2237371],[75.0417924,28.2238883],[75.0431657,28.2241152],[75.0443673,28.2245123],[75.0453973,28.2251929],[75.0463414,28.2264407],[75.0467062,28.2271402],[75.0493669,28.2282935],[75.0490236,28.2305243],[75.0486803,28.2305054],[75.0475216,28.2303731],[75.0458479,28.2302218],[75.0448608,28.2304676],[75.0443029,28.2341919],[75.0460624,28.2346834],[75.0444746,28.2388045],[75.0434875,28.239693],[75.0413632,28.2427932],[75.0419426,28.2475377],[75.047028,28.2485963],[75.0474143,28.2496926],[75.0456977,28.2547015],[75.0522208,28.2569696],[75.0570488,28.2581792],[75.0604605,28.2588596],[75.0620699,28.2605606],[75.0657606,28.2621293],[75.0664902,28.2642461],[75.0727772,28.2677046],[75.0770473,28.2685172],[75.0796652,28.2640193],[75.0833988,28.2659092],[75.0879693,28.2671376],[75.0899863,28.2663817],[75.0910163,28.2667597],[75.0929904,28.2650965],[75.0982046,28.2654745],[75.1013374,28.2675534],[75.1010155,28.2684038],[75.1026463,28.2690653],[75.1033973,28.2701992],[75.1048994,28.2729961],[75.1101351,28.2740922],[75.111165,28.2753961],[75.1137185,28.2764165],[75.1136541,28.2796101],[75.1145339,28.2802148],[75.1149201,28.2822367],[75.1172375,28.2833327],[75.1178598,28.2852034],[75.1236319,28.288888],[75.1291895,28.288529],[75.1330733,28.2890013],[75.1373005,28.2897571],[75.1439094,28.2918733],[75.1444244,28.2926858],[75.1455402,28.2930637],[75.1455402,28.2942162],[75.1458192,28.2949153],[75.1462054,28.2955388],[75.1460981,28.296219],[75.145154,28.2969558],[75.143137,28.2981839],[75.1432872,28.3002243],[75.1425147,28.3022648],[75.143373,28.3054576],[75.1445961,28.30695],[75.1447248,28.3090092],[75.1459479,28.3093115],[75.1461839,28.3104071],[75.1467418,28.3108228],[75.1530289,28.3131463],[75.1508832,28.3166977],[75.1492095,28.3197201],[75.148437,28.3276534],[75.1478147,28.332583],[75.1513767,28.3351517],[75.1567626,28.3372103],[75.1587796,28.3373992],[75.162642,28.3387401],[75.1623845,28.3418374],[75.1641869,28.3431782],[75.1637792,28.344368],[75.1628995,28.3463132],[75.1608395,28.3474651],[75.1591873,28.3516574],[75.1582646,28.3518274],[75.1549172,28.3566049],[75.1532864,28.3612311],[75.1542306,28.3628172],[75.1533079,28.3644221],[75.1511407,28.3645165],[75.1498103,28.3705018],[75.1489091,28.3727297],[75.1463771,28.3787145],[75.1468491,28.3793186],[75.1460552,28.3817917],[75.1448107,28.3818295],[75.1435232,28.385303],[75.1406264,28.3859449],[75.1386094,28.3863979],[75.1357126,28.3879459],[75.1344895,28.3882668],[75.1341247,28.3892107],[75.131979,28.3896448],[75.1289534,28.3904754],[75.1288247,28.3927784],[75.128417,28.39376],[75.1274085,28.3945905],[75.1262283,28.3954399],[75.125606,28.3964592],[75.1259279,28.398007],[75.1281595,28.4009705],[75.1277947,28.4059722],[75.1286745,28.4067649],[75.1347899,28.4083126],[75.1404118,28.4105774],[75.1450038,28.4113135],[75.1500892,28.412125],[75.1504755,28.410634],[75.1506901,28.4100112],[75.1553464,28.4106718],[75.1582217,28.4087278],[75.158329,28.4077086],[75.1582861,28.4064441],[75.1591444,28.4029335],[75.1597667,28.3997813],[75.1607322,28.3973275],[75.1625561,28.3932314],[75.1635861,28.3909851],[75.1637363,28.3901545],[75.1639509,28.388078],[75.1624703,28.3869076],[75.1637363,28.3805268],[75.1683283,28.3817539],[75.1724481,28.3831321],[75.1739287,28.3849255],[75.1782846,28.3865678],[75.1809883,28.3840571],[75.1853227,28.3846045],[75.1870394,28.3824336],[75.1937771,28.3852086],[75.2007293,28.388399],[75.2046776,28.3895505],[75.2095055,28.3900413],[75.2119303,28.3909851],[75.2169299,28.3931748],[75.2210068,28.3946849],[75.2245903,28.3958363],[75.2253198,28.3971388],[75.2275944,28.4007628],[75.2288818,28.4045755],[75.2254915,28.4033864],[75.2232599,28.4031411],[75.2209639,28.4064063],[75.2201915,28.4080672],[75.2184319,28.4147861],[75.218668,28.4168432],[75.2174234,28.4175603],[75.2174449,28.4185039],[75.2174234,28.4207119],[75.2177667,28.422165],[75.2191615,28.4228255],[75.2183032,28.4245994],[75.2189255,28.424807],[75.2183032,28.4263921],[75.2188182,28.4268261],[75.2181101,28.4293736],[75.2197623,28.4300907],[75.2198481,28.4309398],[75.2225518,28.4319399],[75.222466,28.4329777],[75.2264571,28.4344684],[75.2275944,28.4356005],[75.2314138,28.4371477],[75.2313494,28.4382044],[75.2334952,28.4387327],[75.233345,28.4397327],[75.2348685,28.4399969],[75.2348041,28.4413365],[75.233109,28.441412],[75.2330017,28.4450911],[75.2332592,28.4498833],[75.2325035,28.4534676],[75.2322977,28.4565646],[75.2365487,28.458976],[75.2428738,28.4600905],[75.2469279,28.463275],[75.2505048,28.4644],[75.254416,28.4596333],[75.2564852,28.4567345],[75.2573368,28.4560899],[75.2606926,28.4527598],[75.261637,28.4521849],[75.2621305,28.4509681],[75.2652419,28.4516661],[75.2651238,28.4499776],[75.2694368,28.4505058],[75.2738571,28.4511945],[75.2778482,28.4517793],[75.2839207,28.4378081],[75.2900362,28.4252221],[75.2924609,28.4261845],[75.2934694,28.426996],[75.2937913,28.4276187],[75.2958941,28.4284867],[75.2974391,28.4292792],[75.2988982,28.4284867],[75.2997565,28.4281848],[75.300529,28.4280527],[75.3002286,28.4260524],[75.300765,28.4251466],[75.301516,28.424656],[75.301795,28.4244295],[75.3008508,28.4222594],[75.3010011,28.4208063],[75.3020096,28.4194475],[75.3031897,28.4182209],[75.3047132,28.4167677],[75.3064084,28.4152013],[75.3077173,28.4142199],[75.3097129,28.4141633],[75.3129315,28.4105963],[75.3145194,28.4086523],[75.3165579,28.4042924],[75.3207421,28.4045944],[75.3215575,28.4029523],[75.3223085,28.4026503],[75.323596,28.4018387],[75.3244114,28.4004797],[75.3250766,28.3990452],[75.3272009,28.394968],[75.3274154,28.3946283],[75.3300762,28.3950435],[75.3301191,28.3908718],[75.3302049,28.3856051],[75.3298402,28.3822637],[75.329647,28.3783369],[75.3307628,28.3741268],[75.3317928,28.3695955],[75.3325224,28.3666879],[75.3349256,28.3656872],[75.3361916,28.3654417],[75.337007,28.3651774],[75.3380155,28.3637235],[75.3388738,28.3623829],[75.3393674,28.3614765],[75.3399253,28.360608],[75.3402257,28.3603247],[75.3411269,28.3601925],[75.3430795,28.3607213],[75.3446245,28.3614388],[75.3462553,28.3618353],[75.3475427,28.3621752],[75.3493237,28.3604191],[75.3496885,28.3596638],[75.350225,28.359475],[75.3518986,28.3593051],[75.352757,28.3591918],[75.3523707,28.3570958],[75.3526068,28.3564916],[75.353229,28.3561894],[75.3568554,28.3570203],[75.3574562,28.3571147],[75.3574347,28.3517707],[75.3583789,28.3490514],[75.3586149,28.3479561],[75.3620481,28.3485226],[75.3624344,28.3474085],[75.3667474,28.3492214],[75.3692794,28.3466153],[75.3691292,28.3460677],[75.3708243,28.3462565],[75.3716612,28.3454067],[75.3729915,28.3455578],[75.3743219,28.3444247],[75.3774333,28.3442736],[75.378356,28.3387023],[75.3792143,28.3386645],[75.3812313,28.3386268],[75.3854425,28.3392898],[75.38975,28.3407231],[75.391016,28.3383246],[75.3913379,28.3372103],[75.397346,28.3389478],[75.4014015,28.3359449],[75.4033971,28.3374181],[75.4075384,28.3380035],[75.4080319,28.3369648],[75.4111647,28.3382868],[75.4104781,28.3411953],[75.4114222,28.3419318],[75.4147911,28.3422906],[75.4160571,28.3424228],[75.4173231,28.3425361],[75.4178381,28.3439148],[75.4192543,28.3445002],[75.4184389,28.3483905],[75.4183316,28.3515441],[75.4165935,28.3521862],[75.4161858,28.3535458],[75.4151344,28.3571713],[75.4154777,28.3585687],[75.4154348,28.3603625],[75.4154563,28.3641578],[75.4245972,28.3651585],[75.4302835,28.3653851],[75.4389095,28.3668956],[75.4428577,28.367783],[75.4436946,28.3662536],[75.44451,28.3664046],[75.4464841,28.3641389],[75.4487157,28.3643277],[75.4484796,28.3590218],[75.4487586,28.3577756],[75.4495525,28.3555663],[75.4505825,28.3538668],[75.4511189,28.3504677],[75.4521489,28.3470119],[75.4531359,28.344859],[75.4549813,28.3418374],[75.4571271,28.3399677],[75.4591226,28.3399677],[75.4615044,28.3408931],[75.4647231,28.3414597],[75.4674268,28.341894],[75.4711604,28.3420262],[75.472641,28.3424606],[75.4750871,28.3435937],[75.4767179,28.3437448],[75.478692,28.3437448],[75.4796147,28.3434804],[75.4802799,28.3431405],[75.4817605,28.3431782],[75.4824362,28.3421975],[75.484751,28.3427239],[75.4913481,28.3419403],[75.4921617,28.3383384],[75.4962659,28.3380602],[75.4980254,28.3392878],[75.4993343,28.3395711],[75.5011797,28.3396844],[75.5051064,28.3398355],[75.5065226,28.3404587],[75.5081963,28.3406665],[75.5090332,28.3408175],[75.510385,28.3443491],[75.5121445,28.3480505],[75.5122518,28.3510342],[75.5115652,28.3542822],[75.5113506,28.3606268],[75.5113292,28.3647053],[75.5120158,28.3662158],[75.5121445,28.3679718],[75.5123162,28.3699165],[75.5154919,28.371729],[75.5219507,28.3730317],[75.5246973,28.3734282],[75.5263495,28.3735037],[75.5282593,28.3736925],[75.5287742,28.3740135],[75.5288172,28.3748442],[75.5285811,28.3755805],[75.5283451,28.3762413],[75.5282378,28.3774873],[75.5285811,28.3854541],[75.532465,28.3856617],[75.5331731,28.3840948],[75.5390739,28.3845857],[75.5394387,28.383302],[75.5416059,28.3833208],[75.5418205,28.3824147],[75.5420995,28.378167],[75.5463266,28.3781103],[75.5480647,28.37879],[75.5495882,28.3796395],[75.5515623,28.3803569],[75.561583,28.3806212],[75.5675268,28.3805835],[75.5669474,28.3904566],[75.5656385,28.3908907],[75.5666685,28.3979127],[75.5683636,28.4126723],[75.5699086,28.4126157],[75.569973,28.4104642],[75.5856156,28.409445],[75.5944347,28.4088599],[75.5953359,28.4068404],[75.5959153,28.4060666],[75.5985117,28.4065007],[75.5985331,28.4080861],[75.6026745,28.4081994],[75.608747,28.4082937],[75.6113648,28.4080106],[75.6120944,28.4115022],[75.6119871,28.4160317],[75.6114936,28.418051],[75.6058073,28.4232407],[75.6005502,28.4283735],[75.5929327,28.4301661],[75.5935335,28.4328645],[75.59304,28.4340532],[75.5921173,28.4340155],[75.591259,28.4357137],[75.589242,28.4354873],[75.5881476,28.4374874],[75.587182,28.4379213],[75.5864954,28.4394874],[75.5861521,28.4406384],[75.5858731,28.4414308],[75.5857229,28.4426761],[75.5860233,28.4435817],[75.5870104,28.4458835],[75.5876112,28.4466005],[75.5885124,28.4470156],[75.5891347,28.4474118],[75.5902934,28.4475438],[75.5917311,28.4472042],[75.5919242,28.446959],[75.5929971,28.4472042],[75.593555,28.447657],[75.5940914,28.448223],[75.5957651,28.448506],[75.5979967,28.4482042],[75.5997777,28.4481853],[75.601387,28.4479023],[75.6020093,28.4495059],[75.6029105,28.449638],[75.6007433,28.4521283],[75.5998635,28.4568447],[75.6018805,28.4571277],[75.602653,28.4599763],[75.6054425,28.4663146],[75.6070733,28.4713887],[75.6078028,28.4737653],[75.6070304,28.4738219],[75.6093263,28.4801405],[75.6094551,28.4822906],[75.6106138,28.486157],[75.6110429,28.4935875],[75.6094551,28.4975854],[75.6091117,28.5003009],[75.6088543,28.5015832],[75.607481,28.5015455],[75.6079959,28.5085224],[75.6098628,28.5086167],[75.6111502,28.5094275],[75.6131029,28.5095406],[75.6144118,28.5093143],[75.615313,28.5089184],[75.6165147,28.5086732],[75.6169867,28.5088618],[75.6173944,28.5096349],[75.6173944,28.5103891],[75.6211495,28.5105399],[75.6300759,28.5121426],[75.6339812,28.5121426],[75.6365561,28.5120484],[75.6365347,28.5107096],[75.6374788,28.510276],[75.638144,28.5098611],[75.6390881,28.5093143],[75.6403971,28.5100308],[75.6420493,28.5100685],[75.6453323,28.5101251],[75.6466412,28.5102571],[75.6485081,28.5101817],[75.6496882,28.5101817],[75.6539798,28.5100874],[75.6588506,28.5099177],[75.6615543,28.5098988],[75.6630134,28.510012],[75.6654811,28.5106908],[75.6664681,28.5117278],[75.6670046,28.5128968],[75.6672835,28.5140659],[75.6676268,28.5157439],[75.6683564,28.5179876],[75.6692362,28.5185344],[75.6705665,28.5181573],[75.6711452,28.5178503],[75.6707782,28.5217093],[75.6707782,28.5231744],[75.6707101,28.5252972],[75.6702677,28.5275994],[75.6698934,28.5302603],[75.6692128,28.5322036],[75.6667627,28.5345056],[75.6656397,28.535552],[75.6632236,28.5368674],[75.6603991,28.5367179],[75.6576086,28.5365385],[75.655703,28.5365385],[75.6535251,28.536987],[75.6510409,28.5375251],[75.6484546,28.5382426],[75.6459364,28.5389003],[75.6441669,28.540126],[75.6419209,28.5421588],[75.6394367,28.5438029],[75.6346726,28.5437132],[75.6338218,28.5447894],[75.632835,28.5472107],[75.6320523,28.5491238],[75.631712,28.5509173],[75.6314057,28.5543847],[75.6286833,28.5584796],[75.6259609,28.564547],[75.6256206,28.5699864],[75.6253484,28.5735428],[75.6247699,28.5816413],[75.6239192,28.5871097],[75.623783,28.5909345],[75.6241574,28.5947591],[75.6238511,28.5970298],[75.6228642,28.5998384],[75.6217413,28.6016011],[75.6203801,28.6026468],[75.6178278,28.6032743],[75.613438,28.6037224],[75.6084356,28.6040212],[75.5989413,28.6036328],[75.5947556,28.6041407],[75.5916929,28.6046187],[75.5889706,28.6060229],[75.5879156,28.6074868],[75.5872691,28.610056],[75.5870309,28.6128343],[75.5831515,28.6132526],[75.5805312,28.6133721],[75.5772303,28.6131032],[75.5740655,28.612924],[75.5693013,28.612924],[75.5615085,28.6131032],[75.5611002,28.6163594],[75.5612363,28.6241559],[75.5609981,28.6352374],[75.5599091,28.6374177],[75.5576972,28.640046],[75.5557235,28.6419872],[75.5543623,28.6428533],[75.5524906,28.6422859],[75.550653,28.6413899],[75.5482709,28.6423158],[75.5474202,28.6470941],[75.5466035,28.6501104],[75.544936,28.6537835],[75.5445277,28.6559634],[75.5449701,28.6577551],[75.5452083,28.6592183],[75.5446298,28.6596961],[75.5423157,28.6602037],[75.5427921,28.6661159],[75.5440512,28.6724159],[75.5442895,28.6799396],[75.5446978,28.6822085],[75.5433366,28.6844476],[75.5422136,28.6877314],[75.5402399,28.6920002],[75.5397295,28.6943585],[75.5393892,28.6989255],[75.5392871,28.7026566],[75.5383002,28.7085963],[75.5385044,28.7154011],[75.5384363,28.7170724],[75.5397975,28.7199672],[75.5409205,28.7219667],[75.5400357,28.724384],[75.5372113,28.7270697],[75.5356799,28.7289796],[75.5349653,28.7304119],[75.5340465,28.7317547],[75.5330596,28.7333959],[75.5315283,28.7362605],[75.5313241,28.7381403],[75.5346931,28.7424071],[75.5365647,28.7439884],[75.5376877,28.7453907],[75.5396614,28.746793],[75.5397975,28.7481058],[75.5379259,28.7473599],[75.5358501,28.7464052],[75.5333319,28.7463156],[75.5317665,28.7469124],[75.5302692,28.7483445],[75.5291802,28.7497467],[75.5281253,28.7517755],[75.5263898,28.7535655],[75.5238376,28.7581002],[75.523225,28.7594426],[75.5227826,28.7611132],[75.5225104,28.7628732],[75.5224083,28.764156],[75.5225444,28.7661248],[75.522102,28.7676163],[75.5208089,28.768362],[75.5187671,28.7687796],[75.51744,28.7687796],[75.5169295,28.7696447],[75.5183247,28.7731048],[75.516317,28.7735522],[75.5148537,28.7737909],[75.5138328,28.7745067],[75.5130501,28.7761771],[75.5124376,28.7773105],[75.511757,28.7788317],[75.5110764,28.7801739],[75.5092728,28.7801142],[75.5075373,28.7805616],[75.5059039,28.7809792],[75.5039982,28.7820529],[75.5044065,28.7855723],[75.5052573,28.7867951],[75.5061421,28.7881372],[75.5067546,28.7905529],[75.5077074,28.7897476],[75.5091027,28.7902248],[75.5099874,28.7912388],[75.5109743,28.7924019],[75.5113486,28.794072],[75.5104638,28.7950859],[75.509477,28.7964279],[75.5090686,28.7980681],[75.5087283,28.8001555],[75.5104638,28.8029288],[75.5114507,28.8045092],[75.5134585,28.8078489],[75.5149558,28.8100853],[75.5165212,28.8119339],[75.518631,28.8130968],[75.5188692,28.8151541],[75.5188011,28.8173009],[75.5192095,28.8212365],[75.5204346,28.8286004],[75.5200262,28.8331616],[75.5176782,28.8333404],[75.5160447,28.8340261],[75.5161128,28.8359638],[75.5160107,28.8381399],[75.5133904,28.8381399],[75.5100555,28.8376629],[75.5078436,28.837961],[75.507231,28.8396304],[75.5072991,28.8417468],[75.5065164,28.8425814],[75.5058018,28.8435353],[75.5042704,28.847291],[75.5046448,28.8491689],[75.5038621,28.8502121],[75.5022967,28.8501525],[75.5012077,28.8497054],[75.5002889,28.8483641],[75.4995743,28.8477679],[75.4984854,28.8484535],[75.4983833,28.8502717],[75.4983833,28.8522091],[75.498077,28.8538484],[75.4972263,28.8558155],[75.4978728,28.8571567],[75.4981451,28.8648459],[75.4984513,28.8677366],[75.4990639,28.8716107],[75.4983152,28.875127],[75.498111,28.8798054],[75.4978388,28.8853774],[75.4972603,28.8904426],[75.4967158,28.8944052],[75.4956949,28.8961034],[75.4953546,28.8973547],[75.4932107,28.8997381],[75.4916454,28.9007808],[75.4898078,28.901615],[75.488923,28.9022406],[75.4876639,28.9032535],[75.4871194,28.9046537],[75.4862687,28.9063517],[75.4856221,28.9074539],[75.4840567,28.9089136],[75.4821851,28.9105818],[75.4795308,28.9133223],[75.4764,28.9176415],[75.4749368,28.9198755],[75.474086,28.9213946],[75.47412,28.9232711],[75.4737568,28.923979],[75.4740349,28.9250958],[75.4745995,28.9268365],[75.4763746,28.9320921],[75.4750871,28.9327494],[75.4748511,28.9329372],[75.4741215,28.933463],[75.4734564,28.9336883],[75.4725122,28.9340076],[75.4712677,28.9336132],[75.4710316,28.9338949],[75.4711818,28.9351156],[75.4712033,28.9368244],[75.470345,28.9376695],[75.4703235,28.9387962],[75.470066,28.9400919],[75.4689932,28.9415002],[75.4695296,28.9428335],[75.4677057,28.9443357],[75.4653239,28.9464199],[75.4638648,28.9468518],[75.4623842,28.9482413],[75.4598522,28.9513394],[75.4590797,28.9518276],[75.4577923,28.9521092],[75.454874,28.9544374],[75.4540372,28.9543248],[75.4531252,28.9562398],[75.4529965,28.9571035],[75.4530072,28.9581361],[75.4530394,28.9593846],[75.4529643,28.9601732],[75.4526317,28.9606144],[75.4521167,28.9609429],[75.4519236,28.9627922],[75.4520309,28.9669975],[75.4519987,28.9684149],[75.4516876,28.9692597],[75.4518056,28.9697384],[75.4522991,28.970142],[75.4528463,28.9703391],[75.4533076,28.9704799],[75.4536724,28.9711369],[75.4535329,28.971503],[75.4533076,28.9720474],[75.4528785,28.9723008],[75.452342,28.9724135],[75.4520309,28.9721413],[75.4519343,28.9717001],[75.4518056,28.9709023],[75.4514944,28.9705831],[75.4512155,28.9706958],[75.451237,28.9708553],[75.4512691,28.9713247],[75.4499388,28.9714279],[75.4494989,28.9712683],[75.4491448,28.9708647],[75.4485977,28.9708741],[75.4486406,28.973108],[75.4492843,28.9762711],[75.4497242,28.9761866],[75.4507434,28.9761303],[75.4514301,28.9762805],[75.4517734,28.9766841],[75.4518807,28.9773692],[75.4516125,28.9781482],[75.4514837,28.9790493],[75.4517627,28.9805791],[75.4524493,28.9821464],[75.4521596,28.9841736],[75.4505503,28.9843332],[75.4504216,28.9852905],[75.4482543,28.9856283],[75.4447782,28.9863885],[75.4440915,28.9869516],[75.4433942,28.9899828],[75.4421925,28.9903301],[75.4418385,28.9914187],[75.4406583,28.9911465],[75.4413021,28.9899453],[75.4361737,28.9900298],[75.4360449,28.9905741],[75.4342317,28.9904239],[75.4341674,28.9917002],[75.4349828,28.9919442],[75.4350042,28.993502],[75.4316997,28.9934269],[75.4323864,28.9987758],[75.4289961,28.9987946],[75.4287386,28.9996579],[75.4277086,28.9998643],[75.4274511,28.9987946],[75.4254341,28.9961108],[75.4227519,28.9960169],[75.4222369,28.9913061],[75.421443,28.9894104],[75.4212713,28.9860319],[75.4206705,28.981039],[75.4189968,28.9807199],[75.4189753,28.979237],[75.4162502,28.9792182],[75.4157567,28.9786926],[75.4154348,28.9783735],[75.4146409,28.9773974],[75.4143405,28.9765527],[75.4133534,28.975126],[75.4110789,28.9742625],[75.4089117,28.9740748],[75.4081177,28.9718221],[75.4071092,28.9710525],[75.4064655,28.9707333],[75.4050064,28.9703016],[75.4028606,28.9700387],[75.4027533,28.9692315],[75.4027319,28.9685932],[75.4026246,28.9676546],[75.4021311,28.9662841],[75.401895,28.9641252],[75.4012084,28.9630926],[75.4007363,28.9620976],[75.3998995,28.9615531],[75.3998995,28.9604454],[75.3995132,28.9586618],[75.3987193,28.9570284],[75.3989982,28.9530292],[75.3992557,28.9498561],[75.4007149,28.9458191],[75.3998995,28.9408618],[75.3967881,28.9408618],[75.3961444,28.9402421],[75.3945994,28.9397914],[75.3902221,28.9396975],[75.387218,28.9398665],[75.385158,28.9394722],[75.3829479,28.9388337],[75.3814244,28.9384018],[75.3786349,28.9380826],[75.3784418,28.9344583],[75.3788924,28.9310029],[75.3798795,28.9285239],[75.3806519,28.9264017],[75.3808665,28.9242982],[75.3790855,28.9242982],[75.3789997,28.9236972],[75.3782272,28.9235846],[75.3782701,28.922514],[75.3765964,28.9222135],[75.375545,28.9192085],[75.3746652,28.9169358],[75.3750944,28.9148697],[75.3712749,28.9148322],[75.3668546,28.9138179],[75.3649449,28.9132356],[75.3633785,28.9125782],[75.3620052,28.9124467],[75.3598809,28.9129727],[75.3568554,28.9133859],[75.3543234,28.9120711],[75.3508901,28.9124843],[75.3488302,28.9132544],[75.347929,28.9129351],[75.3465342,28.9132356],[75.3431654,28.9150576],[75.3431225,28.9176871],[75.3408694,28.9172363],[75.3375649,28.915715],[75.3337025,28.914757],[75.3335094,28.9154144],[75.3332519,28.917349],[75.3327584,28.9205983],[75.3308058,28.9215937],[75.3322649,28.9252561],[75.333488,28.9307024],[75.334239,28.9307024],[75.3345394,28.9332188],[75.3351831,28.9331625],[75.3354192,28.9342705],[75.3348398,28.9343832],[75.3349042,28.9361296],[75.3346896,28.9369747],[75.3346038,28.9379136],[75.3347754,28.9386835],[75.3353333,28.9394534],[75.3372645,28.9409369],[75.3392172,28.9411622],[75.3422856,28.9414063],[75.3449034,28.9417819],[75.3476071,28.9423077],[75.3507185,28.943209],[75.3547311,28.9441479],[75.3553748,28.94473],[75.3574776,28.9465889],[75.3578853,28.9486732],[75.3577351,28.9488234],[75.357306,28.949105],[75.3569841,28.949781],[75.3568339,28.9506071],[75.3573704,28.9523533],[75.357821,28.9551509],[75.3578639,28.9570847],[75.3578853,28.9579108],[75.3580355,28.9591875],[75.3583145,28.9605205],[75.3581428,28.9614217],[75.3574776,28.9633554],[75.3577351,28.9670726],[75.3540015,28.9666596],[75.3539586,28.9670163],[75.3537869,28.9684806],[75.3530788,28.9703016],[75.350461,28.9721413],[75.348444,28.9728171],[75.3480148,28.9738495],[75.3432083,28.976196],[75.3353977,28.9800629],[75.334003,28.9818273],[75.3327369,28.9815833],[75.3287244,28.9819963],[75.3244972,28.9823342],[75.3216219,28.9825969],[75.3179741,28.9834228],[75.3167295,28.98545],[75.3097987,28.9841736],[75.3044343,28.9823905],[75.3033399,28.9821652],[75.3013658,28.9822215],[75.3001857,28.9824092],[75.2979541,28.9823154],[75.2954221,28.9828973],[75.2941775,28.9789554],[75.2940702,28.9748444],[75.2927398,28.9718034],[75.2919888,28.9696257],[75.2948642,28.9627547],[75.2988982,28.963055],[75.2990055,28.9621163],[75.3021598,28.9620037],[75.3021812,28.9606144],[75.3059149,28.9598822],[75.3072881,28.9570096],[75.3072667,28.9552072],[75.3082752,28.9549068],[75.3084898,28.9509639],[75.3041124,28.9500063],[75.3005719,28.9497622],[75.3006363,28.948185],[75.3010654,28.9479033],[75.3011298,28.9473588],[75.2999282,28.9459881],[75.2992415,28.9415378],[75.2985763,28.936355],[75.2982759,28.9325991],[75.298512,28.9316601],[75.299263,28.9304958],[75.2989411,28.9266083],[75.297718,28.9265707],[75.2973318,28.925087],[75.2963662,28.92535],[75.2960443,28.9243358],[75.2966666,28.9241856],[75.2956581,28.9220821],[75.2939844,28.9222887],[75.2953148,28.9258758],[75.2941131,28.9263454],[75.2916455,28.9216313],[75.2949929,28.9213496],[75.294199,28.9177622],[75.2929544,28.9179688],[75.2923751,28.9166353],[75.2902508,28.9172363],[75.2908301,28.9216876],[75.2832341,28.9221947],[75.2831268,28.923716],[75.280509,28.9239602],[75.281024,28.9250683],[75.2803159,28.9254627],[75.2790928,28.9238099],[75.278213,28.9245048],[75.2783847,28.9255378],[75.2795219,28.9256505],[75.2796078,28.9261388],[75.2805948,28.9269463],[75.2806163,28.9292751],[75.2793503,28.9294817],[75.2792644,28.9303268],[75.2773547,28.9301953],[75.2770757,28.9308902],[75.2744794,28.9307024],[75.2733636,28.9296319],[75.2722692,28.9282234],[75.2673125,28.927829],[75.266068,28.927228],[75.2625704,28.9264956],[75.2623343,28.9275849],[75.259695,28.9270402],[75.2601671,28.9293314],[75.2576351,28.9289558],[75.2551675,28.9281295],[75.2508545,28.9272093],[75.2504682,28.9297446],[75.2519703,28.9302704],[75.2524853,28.9307399],[75.2524853,28.9312658],[75.253129,28.9328057],[75.2526569,28.9344207],[75.2516269,28.9342329],[75.2501893,28.9335193],[75.249331,28.9320921],[75.2480221,28.9320733],[75.2470135,28.9314911],[75.2455115,28.9313033],[75.2443099,28.9311531],[75.2441168,28.9288056],[75.2417779,28.9284675],[75.2405548,28.9270027],[75.2420783,28.9264956],[75.2433228,28.9256505],[75.2422929,28.9217816],[75.2413058,28.9180064],[75.240705,28.9118832],[75.2403617,28.9100425],[75.2411341,28.9028293],[75.2424001,28.90251],[75.2433872,28.9015331],[75.2449751,28.8994855],[75.2469277,28.8951648],[75.2492666,28.8902239],[75.2477217,28.8843621],[75.2420997,28.8822202],[75.2412629,28.8791952],[75.2401686,28.8758131],[75.2350616,28.872863],[75.2349114,28.8717356],[75.2327442,28.8694619],[75.2308774,28.8660231],[75.2286672,28.8657788],[75.2259207,28.8660983],[75.2254915,28.8673761],[75.2225089,28.866662],[75.2204704,28.8652715],[75.222938,28.8582055],[75.2169513,28.8582807],[75.2112007,28.8592016],[75.2057934,28.8601036],[75.1983261,28.8614567],[75.1981759,28.868015],[75.1976394,28.868466],[75.1934767,28.8684096],[75.1920175,28.8680526],[75.1894641,28.8672258],[75.1878977,28.8660795],[75.1874041,28.8651023],[75.1871466,28.8629601],[75.1866746,28.8614003],[75.1828337,28.8598405],[75.1791,28.8570404],[75.1756453,28.8535072],[75.1743793,28.8514774],[75.1734781,28.8505941],[75.1729846,28.8450872],[75.1721048,28.845106],[75.1701951,28.8454819],[75.1695084,28.8453879],[75.1679849,28.8444669],[75.1670193,28.8471923],[75.1670408,28.8520225],[75.1641226,28.8523044],[75.1636505,28.8530937],[75.1594877,28.8537327],[75.1566553,28.85471],[75.1556253,28.8601976],[75.1542091,28.86125],[75.1561832,28.8632044],[75.1572561,28.8641816],[75.1572561,28.864595],[75.1556253,28.8657225],[75.1527929,28.865497],[75.1527071,28.8666996],[75.150733,28.867752],[75.1500892,28.8713222],[75.1487159,28.8734268],[75.1467418,28.8743287],[75.1458406,28.8745729],[75.1446175,28.8746293],[75.1429653,28.8736898],[75.1405835,28.8721866],[75.1389742,28.8719799],[75.1323223,28.8722242],[75.1315498,28.873671],[75.1277947,28.8736898],[75.128181,28.8763956],[75.1227951,28.8769405],[75.121336,28.8754749],[75.1166582,28.8752682],[75.1135468,28.876358],[75.1084828,28.8761043],[75.1083326,28.8749957],[75.1051783,28.8746857],[75.0971746,28.8733892],[75.096724,28.872149],[75.0927758,28.8701948],[75.0895786,28.8671882],[75.0870681,28.8655721],[75.0852871,28.8649896],[75.0789141,28.8623775],[75.0734854,28.8611372],[75.069623,28.8600848],[75.0664902,28.8600848],[75.0655675,28.8594459],[75.0642156,28.8593519],[75.0627994,28.858976],[75.0586152,28.8571907],[75.0529504,28.8562698],[75.0460624,28.8542589],[75.0458479,28.853338],[75.045011,28.8525299],[75.0422859,28.8516654],[75.042243,28.8505565],[75.0399256,28.8502182],[75.0356555,28.8491281],[75.0316214,28.8500491],[75.0303125,28.8514022],[75.0277805,28.8508572],[75.0271153,28.8532441],[75.027008,28.8585626],[75.0280809,28.8656473],[75.0287246,28.870439],[75.0278449,28.8751742],[75.0280595,28.8763016],[75.0290465,28.8806983],[75.0298619,28.8818256],[75.0322866,28.8853766],[75.0335312,28.8855833],[75.0342607,28.886053],[75.0346684,28.8870112],[75.0357842,28.8871615],[75.0359988,28.8876688],[75.0369215,28.8879882],[75.0373077,28.8886081],[75.0380587,28.8890215],[75.0381446,28.8895851],[75.0388741,28.8926286],[75.0393677,28.8928352],[75.0404405,28.8932673],[75.0417709,28.8936619],[75.0425005,28.8942818],[75.0437665,28.8946012],[75.0436163,28.8954278],[75.0449037,28.8955405],[75.0442815,28.8962168],[75.0437236,28.8964047],[75.0431013,28.8988093],[75.0424146,28.9016646],[75.0408482,28.9073376],[75.0411701,28.908953],[75.0415993,28.9102866],[75.0419855,28.9112634],[75.0419426,28.9125031],[75.0431442,28.9139682],[75.0422215,28.9145692],[75.0421142,28.9171049],[75.0416207,28.9177059],[75.041492,28.9191521],[75.0413632,28.9207861],[75.0411486,28.9225892],[75.0397324,28.922946],[75.039432,28.9243921],[75.0420499,28.9250495],[75.0416422,28.9276412],[75.0422001,28.9279605],[75.0413418,28.9308714],[75.0399685,28.9305334],[75.03793,28.9312658],[75.0378656,28.9318667],[75.0390887,28.9328808],[75.0396895,28.9335381],[75.0398612,28.9345522],[75.0381446,28.9349653],[75.0379514,28.9362423],[75.0367713,28.9364676],[75.036664,28.9369559],[75.0360203,28.9367493],[75.0356769,28.938477],[75.0253987,28.9366554],[75.0213432,28.9358292],[75.0158071,28.9353785],[75.0157428,28.9339512],[75.0119662,28.9323926],[75.0097775,28.932017],[75.0096488,28.9313033],[75.0060224,28.9301202],[75.0057864,28.9306648],[75.0032758,28.9306836],[75.0020742,28.9205795],[75.0024819,28.919678],[75.0023532,28.9188516],[74.9988127,28.9171049],[74.9984693,28.9149824],[74.9975896,28.9142687],[74.997611,28.9116954],[74.9966454,28.9115076],[74.9963236,28.9094977],[74.992311,28.9094602],[74.9851012,28.909216],[74.978385,28.9088027],[74.9721622,28.9078823],[74.968493,28.9074879],[74.9614334,28.9075442],[74.9549532,28.9073752],[74.9473572,28.9067553],[74.9440312,28.8999927],[74.9433231,28.8977197],[74.9428296,28.8956532],[74.9430871,28.8939812],[74.9390101,28.8941691],[74.9336886,28.8939624],[74.9297619,28.8942442],[74.9279165,28.893474],[74.9231744,28.8935116],[74.9232387,28.8957847],[74.9164796,28.8964798],[74.9166727,28.898133],[74.9169946,28.9030172],[74.918561,28.9033365],[74.9187326,28.9048581],[74.9180245,28.9069807],[74.9171877,28.9113197],[74.9158358,28.9113573],[74.9155354,28.9148134],[74.9145055,28.9148134],[74.9134326,28.916316],[74.9110722,28.9205607],[74.9090552,28.9222135],[74.9045706,28.9246175],[74.9004507,28.9276412],[74.8996568,28.9287117],[74.8993563,28.9304019],[74.8992061,28.9319794],[74.8982405,28.9322987],[74.900558,28.9362047],[74.9019956,28.9388901],[74.9006653,28.9390779],[74.8986482,28.9390215],[74.8953223,28.9381765],[74.8922753,28.9375005],[74.8851514,28.9403923],[74.881804,28.9415754],[74.8778343,28.9423452],[74.8775983,28.9430025],[74.8758387,28.9427584],[74.8751306,28.941857],[74.8723197,28.9411247],[74.8713112,28.9423828],[74.8698735,28.9420448],[74.8693585,28.9419134],[74.8673844,28.9415941],[74.867363,28.9425142],[74.8656893,28.9427396],[74.8636937,28.9429649],[74.8622346,28.9430963],[74.8602175,28.9438475],[74.8600459,28.9427584],[74.8601317,28.942026],[74.8588657,28.9415002],[74.8569345,28.9406928],[74.8539734,28.9397351],[74.8480296,28.9380638],[74.8442101,28.9361108],[74.8424935,28.9348714],[74.8392534,28.9348339],[74.8388028,28.9344019],[74.8380303,28.9339512],[74.8339963,28.9336696],[74.8310995,28.9336132],[74.8236322,28.9337259],[74.8209071,28.9329935],[74.8194265,28.9325991],[74.8188686,28.9332001],[74.8180747,28.9335005],[74.8134827,28.9322048],[74.8083544,28.9306836],[74.8073458,28.9296131],[74.8055649,28.9292563],[74.8035478,28.9292375],[74.8031831,28.9284112],[74.8026037,28.9281107],[74.8006296,28.9278666],[74.8011875,28.9252561],[74.797647,28.9230775],[74.7914457,28.9189643],[74.790287,28.9191521],[74.7888922,28.9194151],[74.7881198,28.9187389],[74.7871542,28.9181379],[74.7848582,28.9176308],[74.7847938,28.9153957],[74.7826266,28.9148134],[74.7823906,28.9136676],[74.7827983,28.9103618],[74.7827983,28.9091596],[74.7815966,28.9087088],[74.7812319,28.9079387],[74.7805238,28.9072061],[74.7786999,28.9070183],[74.7789144,28.9025663],[74.7797513,28.902416],[74.779408,28.9004248],[74.7763181,28.9004248],[74.7762537,28.8998237],[74.7757172,28.8997297],[74.7752666,28.8995982],[74.7741294,28.8988468],[74.7739577,28.8980578],[74.7740006,28.8970997],[74.7735715,28.8958786],[74.7708463,28.894263],[74.7678208,28.8923092],[74.7668767,28.8911444],[74.7680783,28.8882324],[74.7688079,28.888176],[74.7694087,28.8867482],[74.7685075,28.8858463],[74.76825,28.8820135],[74.7688079,28.8811868],[74.7693872,28.8742723],[74.7696447,28.8741408],[74.7707176,28.8741596],[74.7712326,28.8738589],[74.7722196,28.8734643],[74.7755885,28.8740844],[74.777627,28.874385],[74.7782707,28.8739341],[74.777863,28.8723181],[74.7818112,28.8708149],[74.7844934,28.8693492],[74.787004,28.8688606],[74.7875619,28.8683345],[74.7873902,28.8663238],[74.7890425,28.8662674],[74.7897076,28.8657037],[74.7901797,28.8613439],[74.790802,28.8604043],[74.7918319,28.8585814],[74.7921753,28.8581679],[74.7936559,28.8583183],[74.7943854,28.8566645],[74.7977972,28.8575854],[74.7981834,28.8561383],[74.7985482,28.8556497],[74.7992134,28.8543717],[74.799664,28.8514022],[74.8004794,28.848226],[74.8003936,28.8461961],[74.8016596,28.8460458],[74.801166,28.8447677],[74.800415,28.8444669],[74.800415,28.8437339],[74.7988701,28.8434144],[74.7986769,28.8369485],[74.799664,28.8370989],[74.8002648,28.8364034],[74.8003506,28.8330011],[74.7992134,28.8329071],[74.7988915,28.8303318],[74.7975397,28.8303882],[74.7954154,28.8305762],[74.7932911,28.8308205],[74.7912311,28.8303506],[74.7856521,28.8286776],[74.7818112,28.8264781],[74.7779703,28.825369],[74.7735929,28.8236395],[74.7681856,28.8238651],[74.7632932,28.8237711],[74.7576499,28.8273053],[74.7574568,28.8280196],[74.7562766,28.8283204],[74.7544741,28.8298054],[74.7541523,28.8306326],[74.7541308,28.8331703],[74.7537231,28.8375876],[74.7537017,28.8388094],[74.7547531,28.839768],[74.7550964,28.8402567],[74.7554397,28.8411213],[74.7550535,28.8420047],[74.7538519,28.8432264],[74.7533154,28.8441286],[74.7525,28.8470043],[74.7512984,28.8499363],[74.7505903,28.8521164],[74.7500968,28.8538455],[74.7484875,28.8537139],[74.7463417,28.853432],[74.7451186,28.8533192],[74.7426939,28.8532817],[74.7396898,28.8527366],[74.7355485,28.8521352],[74.7319221,28.8514398],[74.7291541,28.8513647],[74.7266006,28.8510452],[74.7265148,28.8498799],[74.7211718,28.8505189],[74.7206998,28.8499927],[74.7198844,28.8492597],[74.719584,28.8486019],[74.7191119,28.8470983],[74.7185969,28.845933],[74.7167945,28.8457638],[74.7150349,28.8462337],[74.7133827,28.8457826],[74.7087478,28.8446737],[74.7082114,28.8439407],[74.7061085,28.8435272],[74.7061085,28.8425122],[74.7057009,28.8421927],[74.7042632,28.8418731],[74.7026539,28.8415724],[74.7010875,28.8412529],[74.6998644,28.8405574],[74.6999073,28.8395048],[74.6984482,28.8390913],[74.6981048,28.8380387],[74.6978473,28.8373432],[74.6970749,28.8360838],[74.6954226,28.8353132],[74.6947575,28.8339786],[74.6924829,28.8333394],[74.6915173,28.8344485],[74.690659,28.8356515],[74.6892643,28.8363658],[74.6878052,28.8365162],[74.6857452,28.836253],[74.6854448,28.8368357],[74.6850157,28.8375876],[74.6838784,28.8374936],[74.6811533,28.8373244],[74.6781277,28.8367605],[74.6766686,28.8364974],[74.6751022,28.8363094],[74.6742868,28.8374184],[74.6734714,28.8374184],[74.67139,28.8372492],[74.6698451,28.8366853],[74.6683216,28.8363094],[74.6656608,28.8361966],[74.6603393,28.8363846],[74.6555972,28.8365538],[74.653902,28.8371177],[74.6521425,28.8374748],[74.6519065,28.8365726],[74.6517133,28.8362154],[74.6507478,28.8357455],[74.6497822,28.8358583],[74.6486234,28.8361026],[74.647336,28.8362154],[74.6449113,28.8362342],[74.6443534,28.8367793],[74.6433878,28.8367981],[74.6403622,28.8366853],[74.6383238,28.8364034],[74.6355986,28.836347],[74.6342897,28.8353883],[74.6339464,28.8325688],[74.6330881,28.8205752],[74.6349763,28.8202744],[74.6349763,28.8183944],[74.6335172,28.8171912],[74.6336889,28.8128294],[74.6297622,28.8124345],[74.6241402,28.8123029],[74.6222091,28.8117013],[74.6205139,28.8114757],[74.6188831,28.8119833],[74.6171236,28.8107048],[74.6156859,28.8103476],[74.614141,28.8103476],[74.61236,28.8102912],[74.6101069,28.81031],[74.6079826,28.8108364],[74.6066737,28.8110056],[74.6053648,28.8107236],[74.603734,28.8098775],[74.6028328,28.8107048],[74.5995497,28.8106484],[74.5992279,28.8118329],[74.5965242,28.8114757],[74.5965028,28.8144462],[74.5958376,28.8170783],[74.5938849,28.8172663],[74.5926404,28.817586],[74.5922971,28.8181312],[74.5909238,28.8185824],[74.5906663,28.8237711],[74.5877695,28.8241283],[74.5876407,28.825651],[74.5855808,28.8261022],[74.5840358,28.8273053],[74.5831775,28.8292979],[74.5801305,28.8291099],[74.5742511,28.8267413],[74.5680284,28.8254254],[74.5613336,28.8233951],[74.5605611,28.8227935],[74.558115,28.8215152],[74.5536518,28.8205],[74.5524501,28.8211392],[74.5431375,28.818996],[74.5423221,28.81674],[74.5401334,28.8195976],[74.5397901,28.8236583],[74.5365071,28.8221355],[74.534533,28.8234327],[74.5250487,28.8255946],[74.5213365,28.825557],[74.5183968,28.8251058],[74.5096421,28.8229063],[74.4989776,28.8209888],[74.4929266,28.819466],[74.4892359,28.818996],[74.4878197,28.8186952],[74.4856524,28.8191464],[74.4839573,28.81909],[74.4827556,28.8186012],[74.4818544,28.8168903],[74.4782281,28.8149351],[74.4721341,28.8165143],[74.466083,28.8173039],[74.4644093,28.8196728],[74.4637441,28.8196164],[74.4613409,28.8226995],[74.458723,28.8257262],[74.4563627,28.82864],[74.4524359,28.8283204],[74.4506764,28.8290723],[74.4456553,28.8288843],[74.4382739,28.8287527],[74.4376302,28.8313281],[74.4381022,28.8317228],[74.4367289,28.8378883],[74.4358063,28.8418731],[74.4326949,28.8454819],[74.4319224,28.8470043],[74.4306993,28.8535072],[74.4298839,28.8579424],[74.4281673,28.8601412],[74.4272876,28.8650647],[74.4242406,28.8712658],[74.4233608,28.8755688],[74.4221806,28.8756815],[74.4205069,28.8802474],[74.4193268,28.8847378],[74.4175029,28.8846157],[74.4141126,28.8843715],[74.4124389,28.8842963],[74.4092631,28.8835824],[74.4077504,28.8829436],[74.4051862,28.8822108],[74.4039416,28.8824832],[74.4022787,28.8820887],[74.3998325,28.8812338],[74.3990707,28.8801346],[74.3986094,28.8793455],[74.3986094,28.8779269],[74.3972683,28.8779175],[74.3970752,28.8786973],[74.3937492,28.8778893],[74.3909812,28.8771471],[74.3873977,28.8766962],[74.3813038,28.875193],[74.3809819,28.8722242],[74.3772268,28.8692176],[74.377141,28.8682593],[74.3718624,28.8654594],[74.3679142,28.8641064],[74.3693733,28.8610244],[74.3654251,28.8588445],[74.363966,28.8584874],[74.363451,28.8578485],[74.3633222,28.8568336],[74.3633222,28.8560819],[74.3617773,28.855255],[74.3627,28.8532441],[74.3607902,28.8524359],[74.3597603,28.8523983],[74.3590092,28.8522856],[74.3577003,28.8516278],[74.3557048,28.8506881],[74.3554258,28.8494476],[74.3522286,28.8490154],[74.3513274,28.8481132],[74.3508124,28.8461397],[74.3503403,28.8452939],[74.3492675,28.845012],[74.3488598,28.8447677],[74.3488383,28.8437527],[74.3488812,28.843264],[74.3461132,28.842437],[74.3452334,28.8422867],[74.3442249,28.842625],[74.3371868,28.8399559],[74.3365645,28.8391665],[74.3351698,28.838565],[74.3350196,28.8374184],[74.3343758,28.8370613],[74.3321872,28.8362342],[74.3305349,28.8355763],[74.3299985,28.8350876],[74.3263936,28.8343169],[74.3247843,28.8331327],[74.3233895,28.8323056],[74.321115,28.8316476],[74.3202781,28.8312341],[74.3200636,28.8307078],[74.3204498,28.8300874],[74.3210721,28.8295047],[74.3214798,28.8288655],[74.3200207,28.8281888],[74.3205356,28.8274745],[74.3132615,28.8249742],[74.3119526,28.8255006],[74.3106007,28.8246734],[74.3096566,28.8236395],[74.3069315,28.8225679],[74.3060088,28.8219851],[74.3060303,28.8212332],[74.3061805,28.8205188],[74.3045497,28.8195224],[74.3036055,28.8189772],[74.3030691,28.8165331],[74.2971897,28.8147847],[74.296031,28.8147847],[74.2959022,28.813431],[74.2931127,28.8123029],[74.2892074,28.8099527],[74.2900872,28.8080537],[74.287169,28.8063427],[74.2856025,28.8061171],[74.2854953,28.8050642],[74.2751312,28.8001002],[74.2748093,28.7988027],[74.2741656,28.7980318],[74.2735004,28.7982198],[74.2725134,28.7984643],[74.2709684,28.7977873],[74.2705607,28.7970352],[74.270153,28.7964334],[74.2690587,28.7965275],[74.2680073,28.7963018],[74.2675781,28.7959445],[74.2641449,28.7956625],[74.262557,28.7963206],[74.2619347,28.7964898],[74.2610764,28.7977121],[74.2589521,28.7981446],[74.2576003,28.7984455],[74.256742,28.7990096],[74.2557764,28.8003634],[74.2554545,28.8005327],[74.2533302,28.7996677],[74.2522144,28.7991976],[74.2515707,28.7998181],[74.2513132,28.8003258],[74.251399,28.8018301],[74.2507338,28.8039548],[74.250133,28.8051018],[74.2500686,28.8059479],[74.2494893,28.8064556],[74.2495537,28.8083358],[74.2487812,28.8077153],[74.2480945,28.8076213],[74.2472791,28.8084486],[74.2468071,28.8092571],[74.2469573,28.810686],[74.2462492,28.8115133],[74.2450905,28.8121337],[74.2434382,28.8110244],[74.2421937,28.8100844],[74.2406916,28.8094263],[74.2388892,28.8091067],[74.2368936,28.8083734],[74.235692,28.8075649],[74.2332029,28.8070384],[74.2316365,28.8072077],[74.2274308,28.8101972],[74.2266369,28.8123405],[74.2232251,28.8114193],[74.2204141,28.8104792],[74.2179036,28.8092759],[74.2153501,28.8080726],[74.2138052,28.8079973],[74.211874,28.8071889],[74.2098784,28.8070948],[74.2074108,28.8074521],[74.2058658,28.8092947],[74.2030763,28.808505],[74.2012524,28.8082606],[74.1982269,28.8080537],[74.1975617,28.8076589],[74.1967678,28.8073017],[74.1948581,28.8085238],[74.1925192,28.8074333],[74.1903305,28.8062863],[74.1886568,28.8050642],[74.1877985,28.803842],[74.1866398,28.8031839],[74.1852665,28.8032591],[74.1846227,28.8033719],[74.1803527,28.8006831],[74.1779494,28.7985207],[74.1770267,28.798201],[74.1765332,28.7963394],[74.1752457,28.7951547],[74.174087,28.7948539],[74.1709971,28.7943274],[74.1711473,28.788479],[74.1722417,28.7859402],[74.1680574,28.782856],[74.1667485,28.7788313],[74.1662335,28.7776464],[74.1644311,28.7774771],[74.1635084,28.7775712],[74.1622209,28.7764991],[74.1617489,28.7764239],[74.1600752,28.7766684],[74.1592276,28.7646292],[74.1624355,28.7644239],[74.1622209,28.7635586],[74.1513204,28.7580659],[74.1515136,28.7562412],[74.149239,28.75626],[74.1484451,28.7559026],[74.1474581,28.7562977],[74.1470933,28.7557521],[74.1467929,28.7551125],[74.1453767,28.7547363],[74.1446256,28.7539086],[74.1437459,28.7523284],[74.1420722,28.750466],[74.1412568,28.7479075],[74.1406774,28.74644],[74.1404199,28.7451984],[74.1402912,28.7429407],[74.1400337,28.7421694],[74.1394758,28.7409841],[74.1390466,28.7396483],[74.1398406,28.7368825],[74.1422009,28.7375599],[74.1435098,28.737447],[74.1465568,28.7375599],[74.1494965,28.7376727],[74.1499471,28.7377104],[74.1524362,28.7374846],[74.1530585,28.737541],[74.1539383,28.7377104],[74.1548824,28.7377668],[74.1555905,28.7377668],[74.1562128,28.7376916],[74.1568351,28.7368261],[74.15735,28.7362993],[74.1589165,28.7371083],[74.162693,28.736732],[74.1649675,28.7355467],[74.1689372,28.7361864],[74.1724777,28.7371459],[74.1735291,28.7370707],[74.174838,28.7365627],[74.1740227,28.7343237],[74.1748595,28.7343989],[74.1757178,28.7343425],[74.1774559,28.7325926],[74.1807389,28.7262892],[74.1824341,28.7226575],[74.1861892,28.7238242],[74.1877556,28.7250097],[74.1893434,28.7247274],[74.1899228,28.7233349],[74.190588,28.722714],[74.1902017,28.7214344],[74.1906738,28.7200042],[74.191103,28.7194209],[74.1916179,28.7187246],[74.1914677,28.7175767],[74.192326,28.714114],[74.1925621,28.7127402],[74.193356,28.7095033],[74.1909098,28.7093904],[74.1882705,28.7097291],[74.1867471,28.709842],[74.186511,28.7108207],[74.1834211,28.7096727],[74.1795587,28.7082424],[74.1746878,28.7061721],[74.1695809,28.7044218],[74.1653967,28.7030667],[74.1653108,28.7025585],[74.1637444,28.7022762],[74.162178,28.7011658],[74.1584015,28.6997918],[74.1566849,28.6991895],[74.1569638,28.6979849],[74.1546678,28.6968368],[74.151771,28.6961592],[74.1481662,28.6960086],[74.1458487,28.6953122],[74.1420293,28.6941828],[74.1360855,28.6917359],[74.1340041,28.6903618],[74.1326093,28.6898347],[74.131279,28.6896277],[74.1296911,28.6892512],[74.1279959,28.6883665],[74.1271806,28.6875947],[74.1259146,28.6866347],[74.1247988,28.6861829],[74.1199708,28.6843947],[74.1144562,28.6826628],[74.1095209,28.6811945],[74.1027617,28.6781824],[74.0991568,28.6775612],[74.0960455,28.6759987],[74.0913462,28.6742855],[74.0802741,28.6700872],[74.0802741,28.667715],[74.0807462,28.6655498],[74.0819049,28.662575],[74.0822267,28.6615959],[74.0823555,28.6601461],[74.0825486,28.6591482],[74.0827203,28.6580938],[74.0844154,28.6580185],[74.0850806,28.6569452],[74.0853381,28.6559284],[74.0852523,28.6553824],[74.0847373,28.6541584],[74.0845227,28.6490931],[74.0842438,28.6487165],[74.0836644,28.6476808],[74.0839863,28.6467957],[74.0842867,28.6463061],[74.0864324,28.6472665],[74.0867543,28.6453269],[74.0887928,28.6458165],[74.0893507,28.644536],[74.0901875,28.6446678],[74.0913462,28.6412969],[74.0878272,28.6399033],[74.0879559,28.6346302],[74.0893721,28.6348938],[74.090209,28.6330105],[74.0924406,28.633067],[74.0920758,28.6271531],[74.0904879,28.6270589],[74.0903163,28.6238005],[74.091239,28.6210882],[74.0953159,28.612932],[74.0983414,28.613968],[74.0998864,28.6117453],[74.1004443,28.6099745],[74.1010666,28.6083922],[74.1039419,28.6041724],[74.1055298,28.6049071],[74.1063022,28.6014596],[74.1088557,28.6014784],[74.1083407,28.597409],[74.1088986,28.5956758],[74.1074395,28.5899293],[74.1078686,28.5886481],[74.1090059,28.5853696],[74.1012811,28.5821853],[74.1017961,28.5772107],[74.1002297,28.5749683],[74.0977192,28.5724432],[74.0926766,28.5706341],[74.0908313,28.5698238],[74.0908527,28.5654705],[74.0893292,28.5649994],[74.0895653,28.5633598],[74.0902948,28.5623421],[74.0884924,28.5610794],[74.0862393,28.5600617],[74.0859604,28.5578377],[74.0841579,28.5571592],[74.0816045,28.5562546],[74.0827846,28.5537102],[74.0799951,28.5519761],[74.0769911,28.5512411],[74.076283,28.5499217],[74.075017,28.5494316],[74.0753388,28.5471886],[74.0741586,28.5467363],[74.0745878,28.5460765],[74.0739655,28.5458126],[74.0743947,28.5434376],[74.0728926,28.5429475],[74.0716052,28.5420993],[74.07197,28.5410248],[74.0672922,28.5396865],[74.0651679,28.5380842],[74.0645027,28.5373302],[74.0643525,28.5342009],[74.0602755,28.5314486],[74.0596318,28.5301855],[74.0588379,28.5295446],[74.0579581,28.5287905],[74.0585804,28.527961],[74.0570569,28.5271503],[74.0571427,28.52617],[74.0551471,28.5263585],[74.0550613,28.524115],[74.0568852,28.521419],[74.0571856,28.5184024],[74.0579152,28.5166678],[74.0593314,28.5127837],[74.0600395,28.5109548],[74.061799,28.5070139],[74.064095,28.5018095],[74.0650391,28.5006969],[74.0622282,28.4998106],[74.0618205,28.4975666],[74.0631938,28.497114],[74.0636229,28.4961711],[74.064095,28.4953225],[74.0634298,28.4946058],[74.062829,28.4934743],[74.0614772,28.48776],[74.0611553,28.4812533],[74.0607261,28.4787448],[74.0590739,28.4764626],[74.0590524,28.4754063],[74.0591597,28.4731052],[74.0593314,28.4726147],[74.0597391,28.472162],[74.0607261,28.472445],[74.0616488,28.4724261],[74.0627861,28.4705965],[74.0625715,28.4700494],[74.0623355,28.4696156],[74.0620565,28.4686913],[74.0621209,28.4676916],[74.0617347,28.4670691],[74.0609622,28.4663711],[74.0608763,28.4657487],[74.0612411,28.4647866],[74.0630865,28.4606554],[74.0631938,28.4595612],[74.0623569,28.458901],[74.0611338,28.4579766],[74.0578723,28.4559769],[74.0566492,28.4549393],[74.0581727,28.4476759],[74.0595674,28.4447892],[74.0625286,28.4425818],[74.0616703,28.4415629],[74.0640521,28.4399969],[74.0664553,28.4404497],[74.0655327,28.4386006],[74.0637088,28.4375817],[74.0651464,28.4341665],[74.0668201,28.435091],[74.0674424,28.4343363],[74.0673136,28.4324682],[74.0681076,28.43077],[74.0685582,28.4296944],[74.069159,28.4287131],[74.0700388,28.4279583],[74.0703821,28.427713],[74.0717339,28.4276375],[74.0725708,28.4281282],[74.0731716,28.428732],[74.074223,28.4284678],[74.0759611,28.4298265],[74.0789437,28.428732],[74.0792441,28.4282414],[74.0794372,28.4273922],[74.0790295,28.4269016],[74.0781498,28.4266185],[74.0785789,28.42509],[74.0786218,28.4239389],[74.0779352,28.4237125],[74.0773129,28.4239578],[74.0758538,28.4240144],[74.0752744,28.4235992],[74.0746736,28.4234483],[74.0740943,28.4228821],[74.0740514,28.4220518],[74.0738797,28.4212969],[74.0737939,28.4198816],[74.0734505,28.419089],[74.0639448,28.4168432],[74.0620994,28.4157108],[74.0602541,28.4159751],[74.0584731,28.4163148],[74.0561557,28.4160506],[74.0544605,28.4156165],[74.0500617,28.4151069],[74.0493536,28.4159751],[74.0477013,28.4162015],[74.0456199,28.4145974],[74.0439462,28.4138236],[74.0426373,28.4128045],[74.0403414,28.4102755],[74.0357494,28.4079918],[74.0338826,28.4063308],[74.0319085,28.4047454],[74.0298915,28.404349],[74.0293979,28.4037262],[74.0294838,28.403009],[74.0298271,28.4008006],[74.0292692,28.4001211],[74.028883,28.3985544],[74.0286684,28.397705],[74.0289044,28.3968934],[74.0287113,28.3962139],[74.0280032,28.395893],[74.028089,28.3952512],[74.0291834,28.3948359],[74.0295052,28.3938166],[74.0290975,28.3929105],[74.0289044,28.3916269],[74.0289044,28.3898525],[74.0282607,28.3894183],[74.0278101,28.3889086],[74.0285182,28.3879836],[74.0290546,28.3872663],[74.0294838,28.3857183],[74.0293336,28.3845668],[74.02884,28.3838683],[74.0280676,28.3835096],[74.0287542,28.3824902],[74.0291834,28.381905],[74.0287542,28.3811687],[74.0278315,28.3796207],[74.0278315,28.3779593],[74.0279388,28.3772041],[74.0278744,28.3764678],[74.0287328,28.3759015],[74.0292477,28.3751274],[74.0296984,28.3743156],[74.0330672,28.3736737],[74.0335178,28.3732961],[74.0337753,28.372201],[74.0353417,28.3675753],[74.0353203,28.3667445],[74.0350628,28.3661214],[74.0350413,28.365234],[74.0352988,28.3645354],[74.0359211,28.3635724],[74.0378737,28.360117],[74.0383887,28.3582477],[74.0383029,28.3570014],[74.0383887,28.3564349],[74.0388393,28.3559628],[74.0397835,28.3553775],[74.0402555,28.3534702],[74.0419936,28.3525827],[74.04253,28.3520162],[74.0434742,28.3513553],[74.0441394,28.3462565],[74.0451908,28.3462943],[74.0458989,28.3447646],[74.0480232,28.3449723],[74.0503406,28.345029],[74.0509414,28.3442547],[74.053452,28.3406098],[74.0545893,28.3393822],[74.0550828,28.3396655],[74.0550184,28.3373803],[74.0552974,28.3365304],[74.0566921,28.3365304],[74.0577221,28.3361338],[74.0590524,28.3366815],[74.0595674,28.3368326],[74.0613699,28.334925],[74.0610266,28.3336218],[74.0611338,28.3327719],[74.0617776,28.3319409],[74.0644168,28.3324887],[74.065597,28.3328852],[74.0683865,28.3334707],[74.0714335,28.3348684],[74.0740836,28.3360582],[74.0751672,28.3354633],[74.0762937,28.3358882],[74.0774953,28.3362943],[74.0783107,28.3363415],[74.078933,28.3363415],[74.0793836,28.3362943],[74.0798128,28.3362376],[74.0803277,28.3361904],[74.0817547,28.3365965],[74.0833747,28.3369931],[74.0844691,28.337267],[74.0864217,28.3376069],[74.0876341,28.3380791],[74.0884387,28.3385984],[74.08934,28.3394955],[74.0900481,28.3403548],[74.0922797,28.3408459],[74.0934062,28.3411197],[74.0941465,28.3415257],[74.0964854,28.3429327],[74.0966248,28.3434048],[74.0967536,28.343792],[74.0969574,28.3440658],[74.0990174,28.3440375],[74.1003477,28.3442358],[74.1012382,28.3441886],[74.1018712,28.3445474],[74.1023755,28.3453028],[74.1026437,28.3455389],[74.104414,28.3454822],[74.1054225,28.3456144],[74.1063452,28.3456994],[74.1064417,28.3443869],[74.1079974,28.3449157],[74.1085982,28.3452084],[74.1091132,28.3461054],[74.1097247,28.3464737],[74.1105294,28.3461149],[74.1115057,28.3457844],[74.1122997,28.3458599],[74.1126645,28.3460015],[74.1135013,28.3461149],[74.1139948,28.345926],[74.1141772,28.3456899],[74.1149819,28.3450384],[74.115529,28.3447835],[74.1162908,28.3447457],[74.1179323,28.3451045],[74.1196811,28.345114],[74.1206145,28.3450384],[74.1216767,28.3449818],[74.1224491,28.3449251],[74.1231143,28.345029],[74.1238439,28.3452934],[74.12467,28.3457655],[74.1251635,28.3460582],[74.1260648,28.3465398],[74.12673,28.3466436],[74.1281676,28.3462376],[74.1291547,28.3460865],[74.1299915,28.3460582],[74.1309249,28.3461054],[74.13203,28.3461621],[74.1333067,28.3461432],[74.134798,28.3437731],[74.1352808,28.3430555],[74.1365898,28.3428383],[74.1375875,28.3429327],[74.138639,28.3431593],[74.1393471,28.3433104],[74.1407525,28.3433765],[74.1418576,28.3432632],[74.1433382,28.3432727],[74.1437566,28.3430838],[74.1431236,28.3406853],[74.1443574,28.3394578],[74.1464174,28.3370781],[74.1479087,28.3377202],[74.1483915,28.3379752],[74.1481018,28.3373708],[74.1477692,28.3370592],[74.1476834,28.3367854],[74.1478014,28.3363037],[74.1483807,28.3353972],[74.1498184,28.3331969],[74.1514385,28.3305999],[74.1520178,28.3284278],[74.1529727,28.3275117],[74.1531551,28.3262273],[74.1530478,28.3251695],[74.1525972,28.3237623],[74.1520285,28.322884],[74.1503227,28.3221757],[74.1500115,28.3216468],[74.149915,28.3212784],[74.1496253,28.3209951],[74.149121,28.3206362],[74.1489494,28.320164],[74.1495073,28.3192951],[74.1497862,28.3189645],[74.1527688,28.3196917],[74.1572213,28.3207306],[74.16309,28.3219018],[74.1661477,28.3229596],[74.1676819,28.3241118],[74.16839,28.3244234],[74.1692912,28.3244801],[74.1702139,28.3241684],[74.171083,28.3240268],[74.1720164,28.3241684],[74.173733,28.3246029],[74.1773486,28.3259345],[74.1796875,28.3265673],[74.1817903,28.3266806],[74.1856098,28.3268884],[74.1881204,28.3271906],[74.1897833,28.3274173],[74.1902769,28.3276156],[74.1902339,28.328135],[74.190191,28.3285789],[74.1907918,28.3289094],[74.1914999,28.3290983],[74.1923153,28.3292966],[74.1937315,28.3292399],[74.1952872,28.3305526],[74.196918,28.3314781],[74.1976261,28.3316576],[74.1977334,28.3302882],[74.1980123,28.3297782],[74.1980767,28.3294194],[74.1978514,28.3289377],[74.1975832,28.3285222],[74.1973472,28.3273889],[74.1972828,28.3264162],[74.1972828,28.3257929],[74.1973686,28.324329],[74.1970146,28.3237718],[74.1976368,28.3217412],[74.1987634,28.3193612],[74.2004371,28.3171322],[74.2008769,28.3165088],[74.2009091,28.3158382],[74.2011022,28.3154698],[74.2023146,28.3148087],[74.203366,28.314242],[74.2045998,28.3129291],[74.2052007,28.3111628],[74.2064452,28.3079418],[74.2073464,28.306166],[74.2083871,28.3058732],[74.2089236,28.3052592],[74.210608,28.3051931],[74.2110908,28.3031527],[74.2104149,28.3021042],[74.2101467,28.3018869],[74.2081296,28.3029165],[74.2058229,28.3022175],[74.2061448,28.3012068],[74.2067671,28.3008006],[74.2070782,28.300451],[74.2069602,28.2997992],[74.2039668,28.298694],[74.2037201,28.2977115],[74.2037201,28.2973053],[74.203881,28.2967952],[74.2007482,28.2959166],[74.1993749,28.2952365],[74.1988706,28.2943485],[74.1985059,28.293895],[74.1978943,28.2931298],[74.1969287,28.2925346],[74.1961563,28.2901256],[74.1959846,28.2893509],[74.1955984,28.288784],[74.1950512,28.2882928],[74.1939998,28.287433],[74.1936028,28.2861765],[74.1955984,28.2854585],[74.1963494,28.2841263],[74.1965639,28.283635],[74.197036,28.2831248],[74.197669,28.2824635],[74.1985166,28.2807628],[74.1991925,28.2793078],[74.2022824,28.2803471],[74.2039668,28.2813486],[74.2079902,28.2822273],[74.2102003,28.282369],[74.2093634,28.2805172],[74.2112732,28.2803093],[74.2124319,28.2773425],[74.2137408,28.2770024],[74.2142129,28.2763977],[74.2136764,28.2755851],[74.2136335,28.2748859],[74.2139554,28.2738843],[74.2142558,28.2729394],[74.2144274,28.2723347],[74.2170238,28.2712764],[74.2177748,28.2711252],[74.2180967,28.2704827],[74.2198992,28.2701803],[74.2204141,28.2691976],[74.2192125,28.2680448],[74.2202639,28.2658336],[74.2205429,28.2653422],[74.2226887,28.265569],[74.224534,28.2653233],[74.225049,28.2649642],[74.2251134,28.2640193],[74.2256927,28.2629042],[74.2263365,28.2610142],[74.2283749,28.2581225],[74.2306065,28.2582737],[74.2317867,28.2582548],[74.2324948,28.2578579],[74.2330527,28.257083],[74.2335033,28.2566672],[74.2340827,28.2562135],[74.2342543,28.255741],[74.2345118,28.2548338],[74.2345118,28.2540021],[74.2343402,28.2535107],[74.2341685,28.2529626],[74.2338466,28.2523955],[74.2343187,28.2514883],[74.2351126,28.25077],[74.2360997,28.2511669],[74.2370438,28.2515639],[74.237988,28.2518474],[74.2388892,28.2519608],[74.2392325,28.2511669],[74.2396188,28.2505243],[74.2397904,28.2497682],[74.2399406,28.2491822],[74.2405844,28.2487664],[74.2412495,28.2492389],[74.2420006,28.2487853],[74.2426228,28.2481993],[74.2428803,28.2480481],[74.2437172,28.2487286],[74.2444253,28.2492767],[74.2453265,28.24922],[74.2462277,28.2484451],[74.2468714,28.2479725],[74.2479014,28.2471975],[74.248867,28.2465548],[74.249618,28.2462713],[74.2503476,28.2464036],[74.2510342,28.2467816],[74.2519784,28.2473865],[74.2525363,28.2481615],[74.2532658,28.2490499],[74.2540169,28.249428],[74.2550254,28.2497304],[74.2557549,28.2492389],[74.2569566,28.2500517],[74.2573428,28.2504865],[74.2577076,28.2509968],[74.2583513,28.2517151],[74.2616987,28.2509212],[74.2635655,28.252301],[74.2648959,28.2524333],[74.2662263,28.2531138],[74.2689085,28.2538509],[74.2703461,28.2547204],[74.2718053,28.255363],[74.2749381,28.2575177],[74.2780924,28.2589541],[74.2813325,28.259162],[74.2852592,28.2577256],[74.28792,28.2557977],[74.2892718,28.2549661],[74.2904734,28.2548527],[74.2917394,28.255174],[74.2929411,28.2547015],[74.2936277,28.2543235],[74.2946362,28.2540966],[74.303863,28.2538887],[74.307189,28.2519608],[74.3096137,28.2521876],[74.3118238,28.2519608],[74.3132829,28.2523199],[74.3142271,28.2518852],[74.3145704,28.2514883],[74.3156862,28.2514504],[74.3168878,28.2520553],[74.3179178,28.2524711],[74.3192696,28.2528303],[74.3201065,28.2531705],[74.3209433,28.2535485],[74.3222952,28.2541344],[74.3225527,28.2520553],[74.3230247,28.2498816],[74.3240118,28.2489743],[74.3257499,28.2478024],[74.3283248,28.2457987],[74.3299985,28.2447213],[74.3301487,28.2428877],[74.3327451,28.2423017],[74.3332386,28.2408461],[74.335556,28.2419425],[74.337058,28.2398631],[74.3383026,28.2386722],[74.339118,28.2376136],[74.3395257,28.2369519],[74.3397188,28.2359878],[74.3399334,28.2352694],[74.341414,28.2357042],[74.3434095,28.2320178],[74.3444609,28.2315641],[74.3450188,28.2288417],[74.3478083,28.2286905],[74.3487096,28.2270079],[74.3491173,28.2264218],[74.3485379,28.2256277],[74.3493962,28.2234913],[74.3495035,28.2230186],[74.3499326,28.2206931],[74.3508339,28.221128],[74.3521213,28.2181217],[74.3515205,28.216628],[74.3520784,28.2154935],[74.3546963,28.2163444],[74.3560266,28.2164578],[74.3568635,28.2149453],[74.3578933,28.2130355],[74.3575286,28.210861],[74.3583011,28.2026165],[74.3550395,28.1970945],[74.3543529,28.1935392],[74.3522071,28.1902863],[74.3459414,28.1885463],[74.3474436,28.1856337],[74.3481517,28.1823994],[74.3481946,28.1790895],[74.3487739,28.1783518],[74.3491173,28.1769521],[74.3497181,28.1762144],[74.3473363,28.1751174],[74.3466067,28.1737366],[74.3444824,28.1726962],[74.343903,28.1705209],[74.3430018,28.1706155],[74.3411565,28.1688563],[74.3402123,28.1677213],[74.3415856,28.1652432],[74.3385172,28.1639758],[74.331522,28.1603436],[74.3309426,28.1608166],[74.3262434,28.1588491],[74.3228531,28.1567303],[74.3183899,28.1546493],[74.3110513,28.1517736],[74.3057942,28.1496924],[74.2994642,28.146949],[74.295516,28.1450192],[74.2958379,28.1428622],[74.296503,28.1401754],[74.297769,28.1381887],[74.2977476,28.1372237],[74.2953872,28.1358613],[74.2930269,28.1341772],[74.291203,28.1331743],[74.2951941,28.1281787],[74.2967176,28.1257186],[74.2976832,28.1216499],[74.2976403,28.1193221],[74.2964601,28.1180163],[74.2962456,28.1171457],[74.2962026,28.1166537],[74.2934346,28.1156696],[74.2905164,28.1131335],[74.2900228,28.1126225],[74.2912674,28.111468],[74.2916751,28.1107677],[74.2920613,28.1098025],[74.292748,28.1088561],[74.2894649,28.105241],[74.2878341,28.1037268],[74.2877483,28.1020233],[74.2872333,28.1012662],[74.2867398,28.1003008],[74.2859888,28.0995816],[74.2859888,28.0977076],[74.286139,28.097083],[74.2863536,28.0960419],[74.2860317,28.0950765],[74.2855382,28.0940543],[74.2834139,28.094149],[74.2818904,28.0937325],[74.2807531,28.0934296],[74.2799592,28.0931646],[74.2791009,28.0925021],[74.279015,28.0919342],[74.2791009,28.0912527],[74.2798304,28.0905145],[74.2806887,28.0892272],[74.2804312,28.0879778],[74.2803883,28.087372],[74.2809462,28.0867284],[74.2822122,28.0859711],[74.2829633,28.0852139],[74.2836714,28.0846649],[74.2843151,28.0842863],[74.2854523,28.0837373],[74.2859244,28.0833397],[74.2862892,28.0825446],[74.2878771,28.0823174],[74.28792,28.0814466],[74.2891001,28.0756155],[74.2895508,28.070655],[74.2891216,28.0704278],[74.2897868,28.069235],[74.2919326,28.0662434],[74.2930484,28.0644067],[74.2933273,28.0624186],[74.2934561,28.0605819],[74.2945289,28.0556017],[74.2959666,28.0523257],[74.2969966,28.0490685],[74.2969322,28.0473074],[74.2964816,28.0443341],[74.2940354,28.0436523],[74.2906022,28.043444],[74.2889714,28.0425728],[74.2879629,28.0414365],[74.2874694,28.0406411],[74.2873192,28.0399593],[74.2877912,28.0393343],[74.2868471,28.037876],[74.2859888,28.0369101],[74.2860532,28.0361714],[74.2855596,28.0352244],[74.2836928,28.0337092],[74.2833066,28.0329895],[74.2816973,28.0323456],[74.280796,28.0315311],[74.2798519,28.0309818],[74.2788863,28.0305841],[74.2780924,28.0303],[74.2771697,28.0294098],[74.2767405,28.0289552],[74.2758822,28.0285006],[74.2754316,28.0281407],[74.2754745,28.0264928],[74.2757749,28.0249775],[74.2757106,28.024163],[74.2735433,28.0238031],[74.2723846,28.0230455],[74.2710113,28.0223825],[74.2695522,28.0213596],[74.2679858,28.0202799],[74.2659259,28.0194085],[74.2630935,28.0185372],[74.2619777,28.0186319],[74.2613339,28.0184235],[74.2608833,28.0178174],[74.2595744,28.0173627],[74.2578792,28.0165671],[74.2569136,28.0159609],[74.2567205,28.0155631],[74.2570853,28.0147865],[74.2555403,28.013593],[74.254446,28.0121912],[74.2520427,28.0097474],[74.2506265,28.0089517],[74.2486524,28.0075877],[74.2457342,28.0049923],[74.2447042,28.0041776],[74.2459488,28.002662],[74.2433738,28.0014305],[74.2427087,28.000578],[74.2424726,27.9999717],[74.2395973,27.9990054],[74.2402839,27.9965235],[74.2387604,27.9959551],[74.2400908,27.9942499],[74.2407131,27.9931699],[74.2414212,27.9923172],[74.2415714,27.9913509],[74.2424297,27.988414],[74.2428374,27.9866139],[74.2433095,27.9848138],[74.2432236,27.9844728],[74.243288,27.9836201],[74.2412495,27.9825968],[74.2438459,27.976116],[74.245069,27.9734061],[74.2457127,27.970772],[74.2433868,27.9694295],[74.2399406,27.9675881],[74.2372155,27.9665268],[74.2347693,27.9650486],[74.233675,27.9640251],[74.2366147,27.9606895],[74.238739,27.958055],[74.2388463,27.9562355],[74.2393398,27.9554204],[74.2417645,27.9555721],[74.2439103,27.9552499],[74.2445755,27.9551172],[74.2460131,27.9538662],[74.2451334,27.9513832],[74.2450046,27.9498289],[74.2459059,27.9470804],[74.2466569,27.9465307],[74.2481375,27.9463601],[74.2491245,27.9464739],[74.2499399,27.9460568],[74.2503261,27.9457156],[74.251399,27.9445783],[74.2487812,27.9445783],[74.2464208,27.9440665],[74.245305,27.9433841],[74.2442751,27.9422846],[74.2437601,27.9397066],[74.244833,27.9380384],[74.2465925,27.9364649],[74.2481589,27.9352896],[74.2493605,27.9352517],[74.2512488,27.9354223],[74.2521286,27.9352896],[74.2525577,27.9349863],[74.2530083,27.9343228],[74.252665,27.9336024],[74.2521071,27.9322564],[74.2500257,27.9299245],[74.2490387,27.9292989],[74.2481375,27.9286733],[74.2482233,27.9274978],[74.24788,27.9267964],[74.2474508,27.9261138],[74.2456054,27.924635],[74.2437386,27.9227391],[74.2431593,27.9214119],[74.242022,27.9201037],[74.2394686,27.9169183],[74.2378807,27.9147947],[74.2377305,27.9142259],[74.2380309,27.9130314],[74.2374086,27.9124056],[74.2364216,27.9114576],[74.2360568,27.9106612],[74.2360782,27.9095803],[74.2354345,27.9080255],[74.2355418,27.9068119],[74.2355418,27.9057121],[74.2305851,27.90575],[74.2292976,27.9039485],[74.227345,27.9036262],[74.2226028,27.9031142],[74.2228603,27.9004214],[74.2245126,27.8993594],[74.2224312,27.8981837],[74.2240834,27.8909582],[74.2204785,27.8896117],[74.2218947,27.8852495],[74.2191911,27.8840167],[74.2199421,27.8813235],[74.2201352,27.8782129],[74.2206287,27.876942],[74.219234,27.8765437],[74.2191052,27.8759557],[74.2198348,27.8754246],[74.220221,27.8750642],[74.221015,27.8735847],[74.2249417,27.869203],[74.2251134,27.8659782],[74.2265081,27.8640054],[74.2272162,27.8597181],[74.228847,27.8517502],[74.228611,27.8481075],[74.2293405,27.844199],[74.2305422,27.844199],[74.2312932,27.8397971],[74.2325592,27.8356987],[74.2327308,27.8352243],[74.2300272,27.833896],[74.2304992,27.8306512],[74.230628,27.8296645],[74.2290401,27.8287347],[74.2294049,27.8253379],[74.2296409,27.82363],[74.2268944,27.8219221],[74.2278385,27.8205937],[74.2268514,27.8198915],[74.2269802,27.8172915],[74.2240619,27.8162287],[74.2235684,27.8171777],[74.2193198,27.8159441],[74.2203498,27.8127557],[74.2149853,27.8136287],[74.2151999,27.8146156],[74.2082047,27.8149192],[74.2078829,27.8119586],[74.2096209,27.8119586],[74.2090416,27.8101176],[74.2053509,27.8095292],[74.2040419,27.8109147],[74.1940427,27.8074794],[74.192841,27.8049741],[74.1912102,27.8045375],[74.190309,27.8037214],[74.1894722,27.803171],[74.1854167,27.8023548],[74.1849017,27.8018043],[74.1853523,27.8005516],[74.1858673,27.7997734],[74.185996,27.7994697],[74.183464,27.7984447],[74.1764259,27.796091],[74.1762113,27.7947813],[74.1710186,27.7947243],[74.1689801,27.7946863],[74.1639161,27.7957493],[74.1617489,27.7957493],[74.15941,27.7955405],[74.1581225,27.7952368],[74.1567278,27.7948951],[74.1555905,27.8002289],[74.1531873,27.7987484],[74.148016,27.8010831],[74.146471,27.8006655],[74.1458487,27.8016145],[74.143424,27.801178],[74.1413212,27.8014437],[74.1389179,27.8005706],[74.1377806,27.8001151],[74.1372227,27.7996215],[74.1373086,27.7986915],[74.1340899,27.7978373],[74.131794,27.7976855],[74.1293907,27.7966415],[74.126966,27.7968503],[74.1229105,27.7967933],[74.1197347,27.7976665],[74.1191983,27.7959012],[74.1159153,27.7947813],[74.1167736,27.7935095],[74.1141343,27.7928261],[74.112246,27.7914973],[74.1111517,27.7905102],[74.1102505,27.7897509],[74.1103577,27.7884031],[74.1070103,27.7873401],[74.1059375,27.7862201],[74.1047358,27.7860112],[74.104371,27.7843976],[74.1014313,27.7842268],[74.0999508,27.7830308],[74.0987921,27.7824423],[74.0980196,27.7819487],[74.0953803,27.7788542],[74.0945649,27.7762153],[74.0934491,27.7743358],[74.092462,27.7732346],[74.0914535,27.7744497],[74.0883851,27.7730257],[74.0873551,27.7720385],[74.0875697,27.771298],[74.086647,27.7709183],[74.087398,27.7672919],[74.0880632,27.7650135],[74.0851879,27.7637983],[74.084394,27.7631717],[74.0827203,27.7600957],[74.0783214,27.752918],[74.076755,27.7501645],[74.0759611,27.7486453],[74.0751456,27.7456069],[74.0693091,27.7409731],[74.0681933,27.7380864],[74.0676784,27.7333004],[74.0668201,27.7290459],[74.0623569,27.7274504],[74.0550613,27.725779],[74.051113,27.7247153],[74.0463065,27.7218282],[74.0405559,27.7193968],[74.0376376,27.722436],[74.0368651,27.725627],[74.035921,27.7306413],[74.0288829,27.7274504],[74.0233897,27.7228159],[74.0183257,27.7221321],[74.0132617,27.725779],[74.0039062,27.7298056],[74.0006446,27.7345159],[74.0060519,27.7396817],[74.0102576,27.7443156],[74.013927,27.7499461],[74.0143561,27.7503829],[74.0162873,27.7530604],[74.0175104,27.7548643],[74.019227,27.7564024],[74.0197742,27.7568866],[74.0205896,27.757874],[74.0214157,27.7585386],[74.022156,27.7592317],[74.0223706,27.7597159],[74.02251,27.7607413],[74.0230679,27.761216],[74.0237653,27.76189],[74.0218878,27.7626305],[74.0189373,27.7633995],[74.016062,27.7632286],[74.0142488,27.7629343],[74.0118027,27.7626021],[74.0082514,27.7606558],[74.0052044,27.7596684],[74.0025008,27.7583298],[74.0000975,27.7571525],[73.9989602,27.7560606],[73.9951193,27.7548643],[73.9934027,27.7543516],[73.9909351,27.7542092],[73.9908171,27.7548074],[73.9915252,27.7570575],[73.9918685,27.7601811],[73.9922225,27.763504],[73.9926517,27.7660103],[73.9921474,27.7716208],[73.9914179,27.7762912],[73.9947867,27.776633],[73.9969432,27.7762058],[73.9992714,27.7760539],[73.9998615,27.775342],[74.0040886,27.7751047],[74.0045714,27.773975],[74.0058803,27.7749053],[74.0076184,27.7725796],[74.008863,27.7731017],[74.0101612,27.7718581],[74.0121889,27.7723897],[74.0131438,27.7708898],[74.0158689,27.7703582],[74.0181541,27.7697791],[74.0190983,27.7690007],[74.0216625,27.7696082],[74.0222311,27.768488],[74.0240979,27.7687064],[74.0270269,27.7693804],[74.0284324,27.76714],[74.0307712,27.7681083],[74.0296554,27.7709373],[74.0268016,27.7730447],[74.025085,27.7750002],[74.020772,27.7782467],[74.0155148,27.7823853],[74.0129399,27.7841508],[74.0125108,27.7845305],[74.0087986,27.7859922],[74.0058803,27.7871692],[74.003005,27.7887638],[74.0018248,27.7905672],[74.0001297,27.7957114],[73.9987135,27.7967743],[73.9972758,27.8002479],[73.9934134,27.8074794],[73.9927053,27.8105731],[73.9917183,27.8096431],[73.9913964,27.8087321],[73.9909029,27.8075933],[73.9900875,27.8067772],[73.988328,27.8067962],[73.9874697,27.8062647],[73.984251,27.8038163],[73.9809036,27.8018613],[73.978157,27.8019752],[73.9768266,27.8020701],[73.9754319,27.8022789],[73.9743805,27.8027724],[73.9727497,27.8028103],[73.9705395,27.8025826],[73.9679432,27.8022599],[73.9664197,27.8022029],[73.963952,27.8022219],[73.9603901,27.8019372],[73.9580083,27.8007984],[73.9585447,27.7995646],[73.9565706,27.7982549],[73.9544892,27.7953127],[73.952558,27.794022],[73.9451766,27.7906431],[73.9405632,27.789618],[73.9380955,27.7875299],[73.9362502,27.7865807],[73.9334178,27.7857265],[73.9289117,27.783904],[73.9244485,27.7823474],[73.9212084,27.7828979],[73.9199209,27.7838281],[73.9171958,27.7840179],[73.9159941,27.7860492],[73.9144492,27.786315],[73.9131617,27.7884791],[73.9103937,27.787416],[73.9091277,27.7872072],[73.9083981,27.787416],[73.9080333,27.7876248],[73.9064669,27.7890485],[73.9042568,27.7897319],[73.9010167,27.7894282],[73.8963604,27.788555],[73.894515,27.7888587],[73.8921547,27.7871313],[73.8878202,27.7909848],[73.8843441,27.7889157],[73.882842,27.7877387],[73.879559,27.7868845],[73.8756751,27.7832776],[73.8682937,27.7801642],[73.8673495,27.7619376],[73.8688087,27.7561651],[73.8698386,27.7484934],[73.8667487,27.7408212],[73.8643455,27.7372508],[73.8652896,27.7336802],[73.8678645,27.728818],[73.8705253,27.722284],[73.8757609,27.7126344],[73.8779925,27.7064034],[73.8785075,27.6945484],[73.8749885,27.6924964],[73.8705253,27.6909764],[73.8682937,27.6886204],[73.868637,27.6835282],[73.8706111,27.673799],[73.8729258,27.6681776],[73.8730975,27.665441],[73.8712092,27.6624002],[73.8689776,27.6610318],[73.8621112,27.6620961],[73.8596221,27.6591313]]]}},{"type":"Feature","properties":{"date":"2018-10-08","brightness":338.8,"marker-color":"#FF4444","marker-size":"small"},"geometry":{"type":"Point","coordinates":[75.4507,28.3592]}},{"type":"Feature","properties":{"date":"2020-01-25","brightness":384.5,"marker-color":"#FF4444","marker-size":"small"},"geometry":{"type":"Point","coordinates":[74.8064,28.1357]}},{"type":"Feature","properties":{"date":"2020-04-25","brightness":308.1,"marker-color":"#FF4444","marker-size":"small"},"geometry":{"type":"Point","coordinates":[74.8015,28.1882]}},{"type":"Feature","properties":{"date":"2021-06-10","brightness":387.7,"marker-color":"#FF4444","marker-size":"small"},"geometry":{"type":"Point","coordinates":[74.9163,28.2103]}},{"type":"Feature","properties":{"date":"2022-02-10","brightness":306.1,"marker-color":"#FF4444","marker-size":"small"},"geometry":{"type":"Point","coordinates":[74.8766,28.5349]}},{"type":"Feature","properties":{"date":"2023-02-14","brightness":322.7,"marker-color":"#FF4444","marker-size":"small"},"geometry":{"type":"Point","coordinates":[74.6646,28.6006]}}]}