<?xml version="1.0" encoding="UTF-8"?>
<kml xmlns="http://www.opengis.net/kml/2.2">
<Document>
  <name>Dausa Forest Fire Risk Zones</name>
  <description>Forest fire density analysis for Dausa District, Rajasthan. Generated using KDE on NASA FIRMS data (2018-2025).</description>
  <Style id="zone0">
    <PolyStyle><color>8c0000FF</color><outline>1</outline></PolyStyle>
    <LineStyle><color>e60000FF</color><width>1</width></LineStyle>
  </Style>
  <Style id="zone1">
    <PolyStyle><color>80008CFF</color><outline>1</outline></PolyStyle>
    <LineStyle><color>e6008CFF</color><width>1</width></LineStyle>
  </Style>
  <Style id="zone2">
    <PolyStyle><color>7300D7FF</color><outline>1</outline></PolyStyle>
    <LineStyle><color>e600D7FF</color><width>1</width></LineStyle>
  </Style>
  <Style id="zone3">
    <PolyStyle><color>59228B22</color><outline>1</outline></PolyStyle>
    <LineStyle><color>e6228B22</color><width>1</width></LineStyle>
  </Style>
  <Style id="boundary">
    <LineStyle><color>ccffffff</color><width>2</width></LineStyle>
    <PolyStyle><fill>0</fill></PolyStyle>
  </Style>
  <Style id="firepoint">
    <IconStyle><color>ff4444ff</color><scale>0.6</scale>
      <Icon><href>http://maps.google.com/mapfiles/kml/shapes/shaded_dot.png</href></Icon>
    </IconStyle>
  </Style>
  <Folder><name>Fire Risk Zones</name>
    <Placemark><name>Low Fire Zone</name><styleUrl>#zone0</styleUrl>
      <Polygon><extrude>0</extrude><altitudeMode>clampToGround</altitudeMode><outerBoundaryIs><LinearRing><coordinates>76.1448347,26.6936983,0 76.1460256,26.6932957,0 76.1470878,26.6929602,0 76.1479676,26.6928164,0 76.1488151,26.6927877,0 76.1503494,26.6929794,0 76.1506605,26.6924905,0 76.1511004,26.6917716,0 76.1519694,26.6905734,0 76.1522913,26.6901133,0 76.1523878,26.6893944,0 76.1523342,26.6884358,0 76.1523878,26.6877552,0 76.1529994,26.6867008,0 76.1537504,26.6862502,0 76.1541045,26.6861544,0 76.1545122,26.6861544,0 76.154834,26.6861064,0 76.154952,26.6859435,0 76.1551881,26.6855792,0 76.1553812,26.6848507,0 76.1558425,26.6830293,0 76.1561322,26.6821665,0 76.156379,26.6812271,0 76.1561322,26.680441,0 76.155349,26.6795398,0 76.1530745,26.6770665,0 76.152581,26.6766734,0 76.1524093,26.6762133,0 76.1525595,26.6757052,0 76.1529994,26.6751012,0 76.1537719,26.6745643,0 76.154201,26.6741329,0 76.1546731,26.6735001,0 76.1549091,26.6729824,0 76.1548448,26.6722251,0 76.1550808,26.6718607,0 76.1556816,26.6710554,0 76.1557352,26.6697899,0 76.1557352,26.6693585,0 76.1556387,26.6689558,0 76.1551344,26.6686682,0 76.1543941,26.6683038,0 76.153332,26.6679491,0 76.1531281,26.6677286,0 76.1531818,26.6671821,0 76.1538148,26.6665973,0 76.1558318,26.6654947,0 76.1581278,26.6640853,0 76.1585355,26.6634812,0 76.1587071,26.6625224,0 76.1584175,26.6618129,0 76.1565184,26.6609021,0 76.1551237,26.6603268,0 76.1545336,26.659972,0 76.1541796,26.6596556,0 76.1541045,26.6592529,0 76.1547911,26.6577955,0 76.1558962,26.6560599,0 76.1588144,26.6520806,0 76.1613464,26.6490505,0 76.1634707,26.6465477,0 76.1642754,26.6453203,0 76.1644149,26.6449463,0 76.1643934,26.644323,0 76.1634064,26.6431722,0 76.163224,26.6427791,0 76.1631703,26.6423955,0 76.1633849,26.6414845,0 76.1637604,26.6404583,0 76.164329,26.6393076,0 76.1651873,26.6383965,0 76.1660349,26.6381088,0 76.1666572,26.6378882,0 76.1675906,26.6377636,0 76.1684596,26.6376964,0 76.1695862,26.6376868,0 76.1709702,26.6378786,0 76.1719251,26.6381663,0 76.1725259,26.6381951,0 76.1733413,26.6380513,0 76.1738241,26.6377156,0 76.1740601,26.6371786,0 76.1739206,26.6361908,0 76.1741674,26.6355387,0 76.1744571,26.6352126,0 76.1749077,26.6350495,0 76.1763239,26.6348481,0 76.1772358,26.6340617,0 76.1785984,26.6325273,0 76.179564,26.6315299,0 76.1799395,26.6305516,0 76.1801219,26.6296309,0 76.1801219,26.6287965,0 76.1803365,26.6282594,0 76.1809587,26.627262,0 76.180948,26.6256794,0 76.1807227,26.6249026,0 76.1797356,26.6230323,0 76.179328,26.6217758,0 76.1785233,26.621114,0 76.1768925,26.620222,0 76.1763024,26.6197808,0 76.1759484,26.6192245,0 76.1759484,26.6185147,0 76.1765277,26.6172869,0 76.1772787,26.6158865,0 76.1782229,26.6151959,0 76.1795854,26.6143614,0 76.1818707,26.6135173,0 76.183083,26.6129514,0 76.1834478,26.6124526,0 76.1834478,26.6120689,0 76.1833942,26.6116756,0 76.1829436,26.6111097,0 76.1817741,26.6100833,0 76.1803285,26.6087763,0 76.1786306,26.6060448,0 76.1780083,26.6046155,0 76.1773324,26.6028696,0 76.1769032,26.6024379,0 76.1760342,26.6018911,0 76.1751974,26.6017952,0 76.174103,26.6029847,0 76.1734915,26.6037521,0 76.1721611,26.6049992,0 76.1713457,26.605287,0 76.1703801,26.6052486,0 76.169908,26.6047594,0 76.1683524,26.6031861,0 76.167655,26.602342,0 76.1670649,26.6013347,0 76.1667859,26.6002603,0 76.1666894,26.5971424,0 76.1665177,26.5948496,0 76.1659598,26.592336,0 76.1659384,26.5903021,0 76.1657882,26.5869729,0 76.1640715,26.5827321,0 76.1632883,26.5801031,0 76.1623442,26.5779635,0 76.1601233,26.5766777,0 76.1576664,26.5756222,0 76.1569798,26.5751713,0 76.1567008,26.5748162,0 76.1563039,26.5733577,0 76.1559927,26.570978,0 76.1576986,26.5698553,0 76.1620223,26.5668518,0 76.1605739,26.5642129,0 76.1596835,26.5638098,0 76.1579776,26.5630133,0 76.1569476,26.5626679,0 76.156733,26.5622552,0 76.1567223,26.5608542,0 76.157012,26.5585126,0 76.1565614,26.5572266,0 76.1555743,26.554789,0 76.1552954,26.5526393,0 76.1541581,26.5486084,0 76.1533212,26.5474375,0 76.153686,26.545134,0 76.1540723,26.5431568,0 76.1538791,26.5387225,0 76.1534714,26.5356317,0 76.153686,26.5343263,0 76.1540723,26.5322914,0 76.1537075,26.5302372,0 76.1535144,26.5286821,0 76.1541581,26.5276646,0 76.1545443,26.5265703,0 76.1548662,26.525476,0 76.1550164,26.523748,0 76.1549306,26.5223849,0 76.154437,26.5211561,0 76.1531067,26.5198505,0 76.1515647,26.5189519,0 76.1494077,26.5167355,0 76.148531,26.5137284,0 76.1492324,26.5077052,0 76.1504792,26.5046892,0 76.152291,26.502754,0 76.1581355,26.5008013,0 76.1629864,26.4989184,0 76.1656554,26.4972097,0 76.1687919,26.4942283,0 76.1716947,26.4898344,0 76.1756587,26.4864379,0 76.1782551,26.4835762,0 76.1809373,26.4822702,0 76.183759,26.4814827,0 76.1867845,26.4810506,0 76.1909151,26.480484,0 76.1927819,26.4802151,0 76.1956143,26.4795621,0 76.2002921,26.4774686,0 76.2048411,26.4759704,0 76.2113642,26.4728588,0 76.2142396,26.4708035,0 76.217308,26.4679607,0 76.2205696,26.4655212,0 76.2223291,26.4643687,0 76.224432,26.4633698,0 76.2259125,26.4630048,0 76.2279725,26.4634466,0 76.2316417,26.4640997,0 76.2346244,26.4639653,0 76.2375641,26.46312,0 76.2411904,26.4619099,0 76.2443232,26.4600849,0 76.244967,26.4591821,0 76.2449884,26.4582408,0 76.2447095,26.4574724,0 76.2442374,26.4566079,0 76.2432718,26.4554168,0 76.2423277,26.4525544,0 76.2413621,26.448251,0 76.2417912,26.4472328,0 76.2423491,26.4465027,0 76.2438297,26.4452924,0 76.2476063,26.4432943,0 76.2499881,26.442641,0 76.251769,26.4427755,0 76.2561464,26.4438899,0 76.259923,26.4451579,0 76.2630987,26.4468294,0 76.2652015,26.4484432,0 76.2689996,26.4498264,0 76.2714028,26.4500954,0 76.2740207,26.4494037,0 76.2758875,26.4485392,0 76.2783336,26.4478092,0 76.2805009,26.4487698,0 76.2839556,26.4509599,0 76.2876463,26.4536687,0 76.2894916,26.4548597,0 76.2907791,26.4558203,0 76.2923884,26.4558971,0 76.2952423,26.4547829,0 76.2969804,26.4541105,0 76.2980747,26.4539568,0 76.2992978,26.45388,0 76.3004994,26.4542834,0 76.3027096,26.4558395,0 76.3048124,26.4569921,0 76.3078165,26.4579526,0 76.3127732,26.4581063,0 76.3178372,26.4582984,0 76.3217211,26.4568,0 76.3250899,26.4553208,0 76.3291669,26.4519589,0 76.3323426,26.4488658,0 76.3351106,26.4450618,0 76.3372564,26.4409119,0 76.3395953,26.4367041,0 76.340239,26.4349365,0 76.3411832,26.4304595,0 76.3416981,26.425329,0 76.3413548,26.423542,0 76.3403678,26.4217549,0 76.3401747,26.4201407,0 76.3398099,26.4164126,0 76.3398313,26.4135492,0 76.3400888,26.4119349,0 76.3405394,26.4106473,0 76.3410544,26.4098402,0 76.3416767,26.4092828,0 76.3431787,26.4086294,0 76.3473415,26.4074571,0 76.3533067,26.4060157,0 76.3559031,26.4051316,0 76.3601303,26.4037478,0 76.3635635,26.4028445,0 76.3675976,26.4005766,0 76.3726401,26.3964635,0 76.3774466,26.3931191,0 76.379292,26.3923694,0 76.3819098,26.3924655,0 76.3834977,26.391812,0 76.385386,26.3905819,0 76.3873815,26.3894478,0 76.3922095,26.3880254,0 76.394763,26.3871027,0 76.396029,26.386084,0 76.3983249,26.3834889,0 76.4017582,26.379702,0 76.4035109,26.3786817,0 76.4048266,26.3807208,0 76.4056635,26.3824125,0 76.4060497,26.3833351,0 76.4050841,26.3837773,0 76.4048695,26.3844693,0 76.4052772,26.3850459,0 76.4060068,26.3859494,0 76.4062643,26.3867759,0 76.4060497,26.388083,0 76.4058351,26.3890441,0 76.4061141,26.38964,0 76.4068222,26.389813,0 76.4071655,26.3893132,0 76.4075732,26.388775,0 76.4081096,26.3881984,0 76.4090752,26.3880446,0 76.4099979,26.3890634,0 76.4102983,26.3897361,0 76.4104271,26.3906203,0 76.4102983,26.3911585,0 76.4098906,26.3920235,0 76.4090752,26.3928307,0 76.4093756,26.3934458,0 76.4096331,26.3935996,0 76.409955,26.3940032,0 76.4101481,26.3947721,0 76.4110708,26.3950796,0 76.4117574,26.3947144,0 76.4120793,26.3947336,0 76.4125943,26.3959253,0 76.4135384,26.398693,0 76.4136243,26.3995003,0 76.4136886,26.3999423,0 76.4134741,26.4006727,0 76.412766,26.4013646,0 76.4127874,26.4025562,0 76.4129162,26.4035748,0 76.4136028,26.4041514,0 76.4136028,26.4054775,0 76.413989,26.4069766,0 76.4132809,26.40763,0 76.4134097,26.4087255,0 76.4140534,26.4089945,0 76.4139676,26.4097441,0 76.414032,26.4107434,0 76.4136672,26.4114545,0 76.4134526,26.4125115,0 76.4133024,26.4136453,0 76.4125943,26.4143948,0 76.4117789,26.4149713,0 76.4118004,26.4156247,0 76.4125085,26.4162973,0 76.4140534,26.4170083,0 76.4159417,26.4183343,0 76.4174652,26.419545,0 76.4214992,26.420083,0 76.424396,26.4245988,0 76.4249968,26.4283458,0 76.4267778,26.4349941,0 76.4283013,26.4351862,0 76.4303398,26.4347059,0 76.4320349,26.4350902,0 76.4346742,26.4368771,0 76.4382791,26.4401818,0 76.4393306,26.4422184,0 76.4422703,26.4434096,0 76.4424419,26.445984,0 76.4433217,26.4507486,0 76.4446091,26.4547829,0 76.4457893,26.4574724,0 76.4468193,26.4640037,0 76.4484286,26.4716103,0 76.4498448,26.4730509,0 76.4515614,26.4746643,0 76.4540505,26.4776222,0 76.4546942,26.4783905,0 76.4558959,26.4781984,0 76.4650583,26.4759704,0 76.4665389,26.4800999,0 76.4675259,26.4832689,0 76.4676332,26.484114,0 76.4674401,26.4849974,0 76.4687919,26.4867067,0 76.4705515,26.4901252,0 76.4707875,26.4909703,0 76.472311,26.4910663,0 76.4742207,26.4904517,0 76.4770961,26.4927947,0 76.4778256,26.4943502,0 76.4788341,26.5004762,0 76.4779226,26.5065121,0 76.4763293,26.5128861,0 76.4755326,26.516702,0 76.4738456,26.5167859,0 76.4725803,26.5164923,0 76.4702841,26.5171213,0 76.4671912,26.5181696,0 76.4655511,26.5204339,0 76.4632548,26.5216079,0 76.4612398,26.5242076,0 76.4594122,26.5289036,0 76.4581469,26.5345636,0 76.4581938,26.5385465,0 76.4585687,26.5429484,0 76.4558038,26.5461764,0 76.4528047,26.5491947,0 76.4498524,26.5510392,0 76.4480717,26.5527159,0 76.4476499,26.555273,0 76.4469001,26.5566982,0 76.4443696,26.5585425,0 76.4419796,26.5590455,0 76.4403395,26.5584168,0 76.4390274,26.5568658,0 76.4388399,26.554225,0 76.4383244,26.5523806,0 76.4369186,26.5499493,0 76.4351378,26.5493205,0 76.4324667,26.5481886,0 76.4277337,26.5461764,0 76.4251563,26.5444157,0 76.4225321,26.5436192,0 76.4200952,26.5433677,0 76.4158777,26.5439126,0 76.4137221,26.544248,0 76.4118007,26.5443319,0 76.4115196,26.5468472,0 76.4128785,26.5476437,0 76.4147062,26.5488593,0 76.4150342,26.5504523,0 76.4137689,26.5520033,0 76.4120819,26.5524644,0 76.409692,26.5533447,0 76.4083798,26.5541412,0 76.4062711,26.5573688,0 76.4067865,26.5606803,0 76.4059899,26.562776,0 76.4045372,26.5645365,0 76.4037405,26.5663807,0 76.4047715,26.5690631,0 76.4079581,26.5756014,0 76.4102543,26.5820135,0 76.4135815,26.5866233,0 76.4167681,26.5979375,0 76.4173304,26.603678,0 76.4188768,26.6074908,0 76.4219229,26.6087478,0 76.4246408,26.6111778,0 76.4270776,26.6156608,0 76.4342006,26.6254221,0 76.4386525,26.6328368,0 76.4431043,26.6428061,0 76.4451194,26.6470365,0 76.4470876,26.6491725,0 76.4494307,26.6510573,0 76.4523361,26.6567113,0 76.454726,26.6624488,0 76.4558507,26.665129,0 76.4589436,26.666511,0 76.4612867,26.667181,0 76.4627394,26.668563,0 76.4633486,26.6726249,0 76.4633017,26.6770217,0 76.4608649,26.6807484,0 76.4558507,26.6833026,0 76.4526641,26.6863172,0 76.4572565,26.6897505,0 76.4601619,26.694356,0 76.4623176,26.6983751,0 76.4671912,26.7069154,0 76.4689719,26.7113527,0 76.4726974,26.7165224,0 76.4738589,26.7174221,0 76.479371,26.7219591,0 76.4802646,26.7244173,0 76.4812117,26.7286312,0 76.4848931,26.7333557,0 76.4949367,26.7477515,0 76.5001729,26.7530975,0 76.5071248,26.7607252,0 76.5141302,26.7676663,0 76.526068,26.7732827,0 76.5311434,26.777431,0 76.535075,26.7799199,0 76.5370766,26.7811962,0 76.5402219,26.7804942,0 76.5415801,26.7777501,0 76.5422234,26.7751335,0 76.5433672,26.7720063,0 76.5492289,26.7746229,0 76.5534465,26.7769842,0 76.5561629,26.7753887,0 76.5595226,26.7741762,0 76.5668855,26.7721339,0 76.5698164,26.7713042,0 76.5722468,26.7746229,0 76.5744628,26.7780053,0 76.5748202,26.78126,0 76.5746058,26.7834936,0 76.5747488,26.787131,0 76.57818,26.7866843,0 76.5822546,26.7841955,0 76.5848995,26.7826001,0 76.5910472,26.7797284,0 76.5956936,26.7775586,0 76.5976237,26.7778139,0 76.6015553,26.7781968,0 76.6047007,26.7799837,0 76.6127069,26.7808133,0 76.6152803,26.7830468,0 76.6164955,26.7856632,0 76.616567,26.7882796,0 76.616853,26.7908959,0 76.6204272,26.7914702,0 76.6222143,26.792874,0 76.6300061,26.8014242,0 76.6344739,26.8043591,0 76.6451965,26.8101013,0 76.6524521,26.815588,0 76.6561336,26.8221908,0 76.6631748,26.8267519,0 76.6688578,26.8331627,0 76.6788298,26.8397964,0 76.6889806,26.8468123,0 76.6965222,26.8510536,0 76.7037421,26.8555498,0 76.7113551,26.8587384,0 76.7138571,26.8618633,0 76.7147864,26.8635532,0 76.7235432,26.8660083,0 76.7311563,26.8686547,0 76.7397701,26.8722893,0 76.7493133,26.8759876,0 76.7555681,26.8788569,0 76.7629015,26.8844594,0 76.7650795,26.8862201,0 76.7670536,26.8877225,0 76.7686951,26.8882296,0 76.770122,26.8893588,0 76.772064,26.8907749,0 76.7752719,26.8936168,0 76.7756688,26.8940857,0 76.7703903,26.9003241,0 76.7681909,26.9029074,0 76.7685342,26.9033284,0 76.7682874,26.903912,0 76.7677832,26.9046775,0 76.7673969,26.9056055,0 76.7668605,26.9074042,0 76.766721,26.9078634,0 76.7669892,26.9082174,0 76.76759,26.9087053,0 76.7690384,26.9097099,0 76.7703044,26.9103891,0 76.7708409,26.9109058,0 76.7714953,26.9115754,0 76.7728364,26.9122451,0 76.7747033,26.9128574,0 76.7760014,26.9133262,0 76.7767632,26.913728,0 76.7776215,26.9144168,0 76.778115,26.9150769,0 76.7788982,26.9154213,0 76.7800355,26.9154022,0 76.7809904,26.9153926,0 76.7817414,26.91545,0 76.7825568,26.9161388,0 76.7842305,26.9186644,0 76.7847669,26.9197549,0 76.7850566,26.9205489,0 76.7854643,26.9217447,0 76.7864835,26.9234474,0 76.7871058,26.9241266,0 76.7874062,26.925351,0 76.7882752,26.9270729,0 76.7915153,26.9311478,0 76.7928564,26.9327643,0 76.7934358,26.9342851,0 76.7933929,26.9356912,0 76.7936718,26.9386754,0 76.7947233,26.9418413,0 76.7959785,26.9452079,0 76.7962789,26.9478571,0 76.7963326,26.9523425,0 76.7964399,26.9548959,0 76.7972016,26.9583482,0 76.7978883,26.9624029,0 76.7980921,26.9637608,0 76.7976093,26.9653673,0 76.796397,26.96902,0 76.7960751,26.9710759,0 76.796236,26.9734089,0 76.7961717,26.9764687,0 76.7960966,26.9781323,0 76.7965042,26.9789164,0 76.796869,26.9796239,0 76.7964721,26.9802932,0 76.7966276,26.9816222,0 76.7969763,26.9833909,0 76.7972177,26.9847056,0 76.7982101,26.9857477,0 76.7994386,26.9858146,0 76.8001896,26.9859006,0 76.8008387,26.9863213,0 76.8012679,26.9866942,0 76.8022013,26.9877841,0 76.8037409,26.9891751,0 76.8041003,26.990069,0 76.8055218,26.9918329,0 76.8055755,26.9923061,0 76.806348,26.9931904,0 76.8078715,26.9948299,0 76.809403,26.9962137,0 76.8107107,26.9971968,0 76.8118036,26.9972723,0 76.8153119,26.9993182,0 76.8159342,26.9991079,0 76.8167925,26.9977122,0 76.8170929,26.9978269,0 76.8227362,26.9995094,0 76.8250108,26.9997962,0 76.8273282,26.9996433,0 76.8301606,26.9990888,0 76.8337655,26.9982093,0 76.8360185,26.997349,0 76.8386364,26.9954179,0 76.840074,26.9952841,0 76.842606,26.9956856,0 76.8435287,26.9954752,0 76.844666,26.9951693,0 76.8455887,26.9955135,0 76.8470478,26.9951693,0 76.8476486,26.9954752,0 76.8480992,26.9953032,0 76.8496871,26.9950929,0 76.8503523,26.9955708,0 76.8510389,26.9950929,0 76.8517899,26.9948825,0 76.8535924,26.9951885,0 76.8551588,26.9951885,0 76.8591285,26.9943281,0 76.8629908,26.9926073,0 76.8711233,26.9882095,0 76.8800068,26.983238,0 76.8800926,26.9792032,0 76.8815946,26.9788973,0 76.8816161,26.9769085,0 76.8820882,26.9767555,0 76.8822384,26.9761627,0 76.8820452,26.9751109,0 76.8870878,26.9736384,0 76.8925595,26.9726823,0 76.897881,26.9716496,0 76.900177,26.9716687,0 76.9013786,26.9717452,0 76.9022155,26.9713054,0 76.9022369,26.9703683,0 76.9022584,26.9687619,0 76.9063568,26.9662757,0 76.9118285,26.9619343,0 76.9141674,26.9587021,0 76.915605,26.9549533,0 76.915648,26.9531172,0 76.9176435,26.9507454,0 76.9197464,26.9493682,0 76.9234586,26.9469773,0 76.9274711,26.9427882,0 76.9322777,26.9387328,0 76.9328356,26.9389815,0 76.9343161,26.9372025,0 76.9382858,26.9331852,0 76.9427919,26.9288425,0 76.9443798,26.9256285,0 76.9464183,26.9228544,0 76.9512677,26.9172868,0 76.9528127,26.914876,0 76.9534349,26.9079878,0 76.9551515,26.9038355,0 76.9557524,26.9024769,0 76.9562888,26.9017115,0 76.95719,26.9007738,0 76.95719,26.8992812,0 76.9578552,26.8943632,0 76.9563961,26.8918179,0 76.9570398,26.8908802,0 76.9573402,26.8902104,0 76.9576406,26.8888899,0 76.9579196,26.8875885,0 76.9573831,26.886268,0 76.9564819,26.8854642,0 76.9551301,26.8816747,0 76.9531989,26.8744974,0 76.9527054,26.8721622,0 76.953671,26.8713775,0 76.9540787,26.8705736,0 76.9542074,26.8698462,0 76.9534349,26.8680278,0 76.955173,26.8665539,0 76.9598079,26.8633764,0 76.9604516,26.8625532,0 76.9638848,26.8609453,0 76.9670605,26.8601604,0 76.9720816,26.8600647,0 76.975429,26.860103,0 76.9775748,26.8599307,0 76.9806647,26.8592607,0 76.9837975,26.8589544,0 76.9861633,26.8577101,0 76.9866299,26.8610027,0 76.9909429,26.8645249,0 76.9942689,26.8669942,0 76.9965005,26.8687934,0 76.9986892,26.8709372,0 76.999805,26.8710521,0 77.0108771,26.8650034,0 77.0184731,26.8663625,0 77.0277428,26.8661902,0 77.0445167,26.8685052,0 77.0601654,26.8657691,0 77.0755079,26.8582737,0 77.0717354,26.8697363,0 77.0707655,26.8699993,0 77.069757,26.8708415,0 77.068963,26.8716646,0 77.067461,26.8724302,0 77.0670962,26.8727556,0 77.0670318,26.8739232,0 77.0671606,26.8749567,0 77.0670104,26.8754735,0 77.0663667,26.8762391,0 77.0644998,26.8771482,0 77.0645749,26.878555,0 77.0645535,26.8791866,0 77.0641994,26.8798278,0 77.0634699,26.8802201,0 77.0629012,26.880402,0 77.0620537,26.8805455,0 77.0619142,26.8809187,0 77.0620215,26.8813111,0 77.0632124,26.8821532,0 77.0633089,26.8825838,0 77.0628905,26.8826986,0 77.0622575,26.8826795,0 77.0621824,26.8831006,0 77.0622468,26.8839809,0 77.0620751,26.8843637,0 77.0616567,26.8846604,0 77.0614207,26.8851005,0 77.0613456,26.8859713,0 77.0612919,26.8861914,0 77.0607555,26.8862201,0 77.060219,26.8863732,0 77.0602727,26.8869282,0 77.0604336,26.8873493,0 77.0603478,26.887933,0 77.0599294,26.8882009,0 77.0596611,26.8886985,0 77.0595646,26.8889664,0 77.05935,26.8911098,0 77.0593285,26.8922677,0 77.0597577,26.8935594,0 77.0606804,26.8950712,0 77.0608628,26.8959611,0 77.0611846,26.8977695,0 77.0598864,26.8981809,0 77.0594144,26.8984488,0 77.0585024,26.9006877,0 77.06038,26.9006207,0 77.0608413,26.9012235,0 77.0626223,26.9013957,0 77.0613885,26.9024386,0 77.0602834,26.903979,0 77.059629,26.905462,0 77.060262,26.906237,0 77.0600474,26.9071267,0 77.0607018,26.9105709,0 77.0593715,26.9111354,0 77.0595109,26.9144838,0 77.0582127,26.9147612,0 77.0570755,26.9147612,0 77.0557451,26.9143977,0 77.0538461,26.9134888,0 77.0524192,26.9131157,0 77.050885,26.9130009,0 77.048589,26.9128,0 77.047795,26.9128287,0 77.0441794,26.9105805,0 77.0411861,26.9084183,0 77.0401347,26.9109536,0 77.0390725,26.9109823,0 77.0392978,26.9120921,0 77.0376348,26.9125417,0 77.0381069,26.9139193,0 77.0367765,26.9141681,0 77.0369267,26.916024,0 77.0322168,26.9190948,0 77.0314765,26.9196114,0 77.0311224,26.9207307,0 77.0303607,26.9210464,0 77.0294809,26.9211324,0 77.0289874,26.9216012,0 77.0292234,26.9229691,0 77.0293951,26.9238301,0 77.0292127,26.9241075,0 77.0287084,26.924184,0 77.0281505,26.9239544,0 77.0274532,26.9239257,0 77.0256936,26.9248154,0 77.0239985,26.925265,0 77.0219922,26.9253989,0 77.0208979,26.9255711,0 77.0183551,26.9265181,0 77.016896,26.9269868,0 77.0152438,26.9290338,0 77.0127654,26.9323817,0 77.019664,26.9377763,0 77.0227647,26.9405979,0 77.0245457,26.9415448,0 77.0232046,26.9424534,0 77.0235693,26.9433524,0 77.0232475,26.9439454,0 77.0227647,26.9445384,0 77.0221424,26.9449497,0 77.0223892,26.9456765,0 77.02196,26.9460974,0 77.0214128,26.9461165,0 77.0210159,26.9462886,0 77.0207584,26.9465851,0 77.0212841,26.9466521,0 77.0210051,26.948431,0 77.0206189,26.9504489,0 77.0204043,26.9524764,0 77.0200503,26.9549151,0 77.0196855,26.9600696,0 77.0195031,26.9626897,0 77.0191812,26.9655107,0 77.0188486,26.9679969,0 77.0183658,26.9709133,0 77.0172715,26.9749866,0 77.0163274,26.9767746,0 77.0154798,26.9776734,0 77.014364,26.9780654,0 77.0136666,26.9779411,0 77.0125937,26.9774152,0 77.0115209,26.9766599,0 77.0100725,26.9757229,0 77.0078623,26.9749484,0 77.0064354,26.9743747,0 77.0068538,26.9775395,0 77.0068002,26.9807426,0 77.0068216,26.9815744,0 77.0073151,26.9826739,0 77.0074654,26.984108,0 77.0080125,26.9861062,0 77.0079374,26.9876359,0 77.0077872,26.9891178,0 77.0073151,26.9920528,0 77.0065856,26.9977218,0 77.0062745,27.0007999,0 77.0059097,27.0045281,0 77.0028734,27.0074626,0 77.0012641,27.0097663,0 77.0005667,27.0116398,0 77.0000624,27.0120126,0 76.9990076,27.0150009,0 76.9943254,27.0169433,0 76.9893215,27.0207642,0 76.9861405,27.0252218,0 76.9809579,27.0292017,0 76.9813868,27.0322263,0 76.9831381,27.0354099,0 76.9841389,27.0372246,0 76.986891,27.0374474,0 76.9902508,27.0370654,0 76.9941824,27.0369699,0 76.9973635,27.0369381,0 77.0028678,27.0355373,0 77.0064062,27.0340728,0 77.0078717,27.0338818,0 77.009909,27.0341046,0 77.0105523,27.0353781,0 77.0116603,27.0380205,0 77.0120535,27.041395,0 77.0120892,27.0426366,0 77.0078717,27.0444193,0 77.0024389,27.0465521,0 76.9986859,27.0482074,0 76.9963627,27.0488123,0 76.9938965,27.0491943,0 76.9931459,27.0515498,0 76.9938608,27.0533961,0 76.9947186,27.0600486,0 76.9930387,27.0616719,0 76.9881063,27.0636135,0 76.9851754,27.0646638,0 76.9828164,27.0653004,0 76.9768118,27.0677511,0 76.9720223,27.0695016,0 76.969985,27.0708383,0 76.9694132,27.075644,0 76.9702352,27.081245,0 76.9753106,27.0819769,0 76.9783844,27.0830271,0 76.9814582,27.0836317,0 76.9832096,27.0846501,0 76.9856758,27.0865594,0 76.9878561,27.0900279,0 76.9865336,27.0927327,0 76.9842819,27.0941009,0 76.9834598,27.0950873,0 76.9827807,27.0974738,0 76.9822803,27.098842,0 76.9799571,27.1015147,0 76.9806004,27.1035828,0 76.9826377,27.1050782,0 76.9846035,27.1050464,0 76.9866051,27.1045373,0 76.9888926,27.1042192,0 76.990501,27.1044737,0 76.9921094,27.10616,0 76.9929672,27.1079735,0 76.9922524,27.1109641,0 76.9881778,27.1141138,0 76.9846393,27.1164998,0 76.981637,27.1182177,0 76.9760254,27.1223851,0 76.9739881,27.1248346,0 76.9714862,27.1263615,0 76.9658747,27.1257253,0 76.9628009,27.12528,0 76.9595841,27.1255663,0 76.9618358,27.1342185,0 76.9611925,27.1392759,0 76.9609065,27.1421703,0 76.9602989,27.1433789,0 76.9544014,27.1455099,0 76.9466811,27.1467185,0 76.9434643,27.1386398,0 76.938047,27.1396402,0 76.9352307,27.1397237,0 76.933476,27.1390115,0 76.9327899,27.1387331,0 76.929142,27.1367759,0 76.9258161,27.1374919,0 76.9232143,27.1381842,0 76.9201834,27.1390912,0 76.9177694,27.1401653,0 76.9165088,27.140762,0 76.9159991,27.1414542,0 76.9159187,27.142767,0 76.9160796,27.1440559,0 76.9169379,27.1456311,0 76.9177158,27.1467529,0 76.9184132,27.150333,0 76.9161064,27.1514786,0 76.9136656,27.1531492,0 76.9076574,27.1556313,0 76.9001204,27.1583758,0 76.8957484,27.1600941,0 76.8944341,27.1619316,0 76.8946218,27.1665612,0 76.8948096,27.1705463,0 76.8955874,27.174412,0 76.8962848,27.1755573,0 76.8981892,27.1758198,0 76.9007105,27.1755335,0 76.9032049,27.1751278,0 76.9056189,27.1750324,0 76.9070405,27.1750085,0 76.9085694,27.1754141,0 76.909535,27.176464,0 76.9099641,27.1781343,0 76.9100714,27.1810453,0 76.9080598,27.1823576,0 76.9062627,27.1832404,0 76.9059408,27.1847913,0 76.9058335,27.1858172,0 76.9041169,27.188895,0 76.9047875,27.1914717,0 76.905753,27.1953367,0 76.9056457,27.1973406,0 76.9063968,27.1993923,0 76.9061285,27.200776,0 76.9053239,27.2023027,0 76.9050556,27.204402,0 76.9052166,27.2069783,0 76.9048411,27.2093638,0 76.9035536,27.2108904,0 76.9014615,27.2115583,0 76.8997448,27.2125602,0 76.8996376,27.2149932,0 76.9021052,27.2174262,0 76.9029635,27.2191435,0 76.9002276,27.2207178,0 76.8986183,27.2222443,0 76.8995839,27.2252972,0 76.9010323,27.2276345,0 76.9014078,27.2285886,0 76.9003886,27.2296856,0 76.894434,27.2309735,0 76.8918055,27.2273006,0 76.8897133,27.2235322,0 76.888104,27.2213856,0 76.8862801,27.2221012,0 76.8837588,27.2234368,0 76.880862,27.2246294,0 76.8786089,27.2258219,0 76.8771605,27.2266328,0 76.8763022,27.2271575,0 76.8679337,27.2296856,0 76.8651442,27.2231983,0 76.8639908,27.2196683,0 76.8615232,27.2151363,0 76.8593506,27.2118684,0 76.8584386,27.2097693,0 76.8575535,27.2087913,0 76.8560246,27.2083619,0 76.8543348,27.2086243,0 76.8525109,27.2090775,0 76.8508211,27.2095069,0 76.8479779,27.2106042,0 76.8446289,27.2064454,0 76.8433981,27.2065191,0 76.8422782,27.2061792,0 76.8413931,27.2045451,0 76.8412456,27.2033523,0 76.8415138,27.2028156,0 76.8421575,27.2023504,0 76.8428817,27.2018852,0 76.8434718,27.1994638,0 76.8434182,27.1963863,0 76.8434182,27.1945732,0 76.8437668,27.1932133,0 76.8450007,27.1924976,0 76.8467441,27.1919727,0 76.8483803,27.1914001,0 76.8504724,27.1907321,0 76.8490777,27.1877498,0 76.848273,27.1853162,0 76.8471196,27.1772038,0 76.8462076,27.1737677,0 76.8451884,27.1708088,0 76.8440082,27.1684226,0 76.8429353,27.1662749,0 76.8413796,27.1636976,0 76.8390729,27.1625521,0 76.8361225,27.1624567,0 76.8325283,27.1630771,0 76.8303825,27.1634112,0 76.8278612,27.1632203,0 76.8272711,27.1553449,0 76.8279685,27.1529583,0 76.8292023,27.151049,0 76.8284513,27.1482327,0 76.8277003,27.145655,0 76.8274857,27.1440798,0 76.8277003,27.1417884,0 76.8263055,27.1375397,0 76.825179,27.1352482,0 76.8243207,27.1334818,0 76.8235697,27.1317154,0 76.8239988,27.1288986,0 76.8252327,27.126416,0 76.8263592,27.1242675,0 76.8272711,27.1214983,0 76.8286659,27.1179173,0 76.8298997,27.1182515,0 76.8327429,27.11892,0 76.8346204,27.1192064,0 76.8390729,27.1194929,0 76.8380537,27.1154344,0 76.837249,27.1124739,0 76.836498,27.1094179,0 76.8347277,27.0969064,0 76.8334403,27.0909845,0 76.8323137,27.0875458,0 76.8320991,27.0818144,0 76.8315627,27.0781844,0 76.830919,27.0763693,0 76.8289878,27.0747931,0 76.8230869,27.0750319,0 76.8202437,27.0760827,0 76.8163277,27.0773724,0 76.8142892,27.0786381,0 76.8125458,27.0800711,0 76.8119825,27.0810502,0 76.8113924,27.0828413,0 76.8112851,27.0843458,0 76.8115802,27.0879995,0 76.8095148,27.091271,0 76.806618,27.0945902,0 76.8047405,27.0970258,0 76.8035067,27.0997956,0 76.8027288,27.1019207,0 76.8020583,27.1041652,0 76.8035067,27.105741,0 76.8049551,27.1077705,0 76.8058134,27.1092985,0 76.8074227,27.1119248,0 76.8093539,27.1163654,0 76.8109096,27.1195406,0 76.8115533,27.1213072,0 76.8117143,27.1239094,0 76.8098904,27.1251507,0 76.8071545,27.1255566,0 76.8049282,27.1256759,0 76.8028629,27.1255566,0 76.801039,27.125652,0 76.8003953,27.1262966,0 76.7995101,27.1282063,0 76.7973644,27.1321928,0 76.7960769,27.1344366,0 76.7959964,27.1362746,0 76.7957819,27.1376829,0 76.7947626,27.1380648,0 76.793797,27.1381364,0 76.7927241,27.1379932,0 76.7917853,27.1367997,0 76.7914098,27.1351527,0 76.7908197,27.1332908,0 76.789881,27.1309992,0 76.7893445,27.1290657,0 76.7887544,27.1240765,0 76.7866891,27.1197077,0 76.7859649,27.1163416,0 76.7849188,27.113214,0 76.7803859,27.1128082,0 76.774324,27.1135722,0 76.7701934,27.1140019,0 76.7678331,27.1141452,0 76.7643998,27.1138109,0 76.7635951,27.1115189,0 76.7631123,27.1090836,0 76.7623077,27.1073646,0 76.7589817,27.1069826,0 76.7552802,27.1072213,0 76.74939,27.1070208,0 76.7434609,27.1076709,0 76.7371416,27.1085304,0 76.7315626,27.1095714,0 76.7314339,27.109027,0 76.7282689,27.1094472,0 76.727947,27.1083585,0 76.7252648,27.108263,0 76.7239237,27.1080816,0 76.7234731,27.1067923,0 76.7225611,27.1066013,0 76.722486,27.1073175,0 76.7214775,27.1073366,0 76.7212307,27.1065631,0 76.7181408,27.1075945,0 76.7138386,27.1088742,0 76.7081201,27.1106601,0 76.708163,27.1126274,0 76.7031205,27.113611,0 76.7026162,27.1132577,0 76.700803,27.1139071,0 76.7004812,27.1145946,0 76.6995478,27.1147092,0 76.6989791,27.113888,0 76.6979599,27.1145946,0 76.6973913,27.1139835,0 76.6956746,27.1144705,0 76.6945803,27.1130571,0 76.691705,27.1138975,0 76.6909969,27.1134487,0 76.6903746,27.1130571,0 76.689409,27.1131049,0 76.687789,27.1135155,0 76.6860831,27.1139548,0 76.6856539,27.1125319,0 76.6819203,27.1140599,0 76.6795599,27.112274,0 76.676985,27.1127229,0 76.6753971,27.1106506,0 76.6720819,27.1107461,0 76.6714704,27.1092085,0 76.6720605,27.1088742,0 76.6716099,27.1072125,0 76.6712451,27.1051782,0 76.6706228,27.103144,0 76.6699684,27.1006799,0 76.669153,27.0976808,0 76.6682625,27.0956942,0 76.6659021,27.0920551,0 76.6614711,27.0931917,0 76.6595292,27.0939463,0 76.6574478,27.0950447,0 76.6532421,27.0968785,0 76.6514504,27.0949014,0 76.6476524,27.093889,0 76.6429102,27.0928479,0 76.6405284,27.0923989,0 76.6385221,27.092036,0 76.6376638,27.0920742,0 76.6362584,27.0929052,0 76.6336512,27.0942519,0 76.6320205,27.0947868,0 76.6315377,27.0949969,0 76.6293704,27.0990562,0 76.6326749,27.1030771,0 76.6275358,27.1064676,0 76.6258085,27.1077473,0 76.6234267,27.1075276,0 76.6223001,27.1075658,0 76.6235125,27.1087405,0 76.6247785,27.1100489,0 76.6261196,27.1114528,0 76.6267633,27.1122263,0 76.6261411,27.1135442,0 76.6262376,27.1148047,0 76.6279113,27.1173545,0 76.6284907,27.1184336,0 76.6287053,27.1199901,0 76.6286731,27.1211551,0 76.6282117,27.1234182,0 76.6257334,27.1236665,0 76.6232228,27.1240771,0 76.6208625,27.1250511,0 76.6198754,27.1258627,0 76.6179442,27.1271327,0 76.6183841,27.1277247,0 76.619811,27.1284313,0 76.6199827,27.1291188,0 76.6194892,27.1308948,0 76.6197896,27.1319069,0 76.6205192,27.1327663,0 76.6207659,27.1336351,0 76.6208196,27.1345517,0 76.621474,27.135602,0 76.6231584,27.136891,0 76.6224503,27.1395357,0 76.6230726,27.1401563,0 76.6256368,27.1420276,0 76.6279435,27.1440516,0 76.6286838,27.144949,0 76.6295206,27.1471735,0 76.6319668,27.1493883,0 76.6350675,27.1520996,0 76.6365695,27.1530351,0 76.6389406,27.155899,0 76.6413116,27.1581519,0 76.6441977,27.1606052,0 76.6457534,27.1620657,0 76.6467297,27.1638889,0 76.6448307,27.1643375,0 76.6431355,27.1649675,0 76.6418052,27.1650725,0 76.6411292,27.1655116,0 76.6400885,27.1664089,0 76.6388976,27.1666666,0 76.6355073,27.1666189,0 76.6315377,27.1664757,0 76.6304004,27.1668957,0 76.6300249,27.1672775,0 76.6306579,27.1685756,0 76.6302502,27.1690624,0 76.629467,27.169511,0 76.6267097,27.170141,0 76.6231799,27.1701506,0 76.621753,27.170351,0 76.619339,27.1707519,0 76.6184056,27.1709428,0 76.617912,27.1716682,0 76.6164207,27.1727754,0 76.6155732,27.1733481,0 76.6131163,27.1747893,0 76.6097903,27.1762687,0 76.6082346,27.17687,0 76.6058636,27.1744743,0 76.6035354,27.1750852,0 76.6039002,27.1757056,0 76.6031814,27.1759156,0 76.6018402,27.1745125,0 76.5991044,27.1760492,0 76.5968513,27.1744362,0 76.5959823,27.1741498,0 76.5956712,27.1741021,0 76.5946412,27.1742644,0 76.5939116,27.1732335,0 76.5909505,27.1744171,0 76.5869164,27.1759824,0 76.5850282,27.1765073,0 76.5847063,27.1757533,0 76.5828287,27.175906,0 76.5828502,27.1752474,0 76.5814769,27.1752952,0 76.5813267,27.1732049,0 76.5783226,27.1732526,0 76.5783012,27.1753047,0 76.5743422,27.1759442,0 76.5731084,27.1751997,0 76.5714669,27.1750947,0 76.5704799,27.1752665,0 76.569128,27.1755529,0 76.5683126,27.1755529,0 76.5687847,27.1730236,0 76.5694177,27.1704083,0 76.5693748,27.168022,0 76.5662205,27.168127,0 76.5662742,27.1688524,0 76.5648043,27.1689193,0 76.5644932,27.1678788,0 76.5619933,27.1681652,0 76.5619719,27.169826,0 76.5596223,27.1698738,0 76.5593755,27.1695015,0 76.557498,27.1700169,0 76.5567148,27.1705037,0 76.5551269,27.1716109,0 76.5545475,27.1720691,0 76.5542471,27.1720882,0 76.553657,27.1706374,0 76.5527558,27.1685756,0 76.5519726,27.1663993,0 76.5514898,27.1643662,0 76.5521979,27.1637266,0 76.5516615,27.1622852,0 76.5531957,27.160882,0 76.5522408,27.158276,0 76.5512323,27.1565864,0 76.5501916,27.1567582,0 76.5489149,27.1567295,0 76.5485394,27.1547917,0 76.5474987,27.1548871,0 76.546855,27.1530065,0 76.5475631,27.1525196,0 76.5463078,27.1505626,0 76.5452135,27.1482141,0 76.5458894,27.1476126,0 76.5455782,27.1467439,0 76.5479708,27.1449013,0 76.5483892,27.1464575,0 76.549505,27.1459324,0 76.5499663,27.1447199,0 76.5499771,27.1442903,0 76.5498912,27.1434024,0 76.5496552,27.1423999,0 76.5510607,27.1416648,0 76.5520799,27.1398985,0 76.553185,27.1388292,0 76.5536249,27.1383804,0 76.5521765,27.1366809,0 76.5513611,27.1359744,0 76.5496766,27.1344945,0 76.5486681,27.1330241,0 76.548475,27.1319738,0 76.5486574,27.1310953,0 76.5489042,27.1303792,0 76.5493548,27.1298636,0 76.5495372,27.1294912,0 76.5485072,27.1270181,0 76.5478313,27.1256431,0 76.5475631,27.124736,0 76.5465438,27.1248506,0 76.5449667,27.1266266,0 76.5417266,27.129052,0 76.5407073,27.1297585,0 76.5393448,27.1306847,0 76.537832,27.1267603,0 76.5368342,27.1269608,0 76.5349996,27.1280398,0 76.5311587,27.1273237,0 76.5295386,27.1270563,0 76.5265989,27.1267794,0 76.5268671,27.1250702,0 76.5243781,27.1250511,0 76.5226722,27.1248697,0 76.5214383,27.1248315,0 76.5206015,27.1234182,0 76.5196466,27.1203912,0 76.5171039,27.1173545,0 76.5157628,27.1164473,0 76.512351,27.1142318,0 76.5105486,27.1148429,0 76.5093255,27.1153204,0 76.5068257,27.115626,0 76.5055597,27.115922,0 76.5039396,27.1165523,0 76.5026629,27.1165428,0 76.4993584,27.1159411,0 76.4963221,27.1151581,0 76.4923632,27.114566,0 76.490196,27.1138498,0 76.4879858,27.1130476,0 76.485132,27.1114146,0 76.4835977,27.1103068,0 76.4810872,27.1092944,0 76.4805615,27.1086259,0 76.4799178,27.1065822,0 76.4791882,27.1056653,0 76.4770424,27.1035642,0 76.4764631,27.1026378,0 76.4754331,27.1001164,0 76.4742744,27.0970409,0 76.4704442,27.0957133,0 76.4686096,27.0890176,0 76.4658522,27.0886547,0 76.4640927,27.0871168,0 76.4640605,27.0826941,0 76.4602303,27.0793316,0 76.4554131,27.0753767,0 76.4506817,27.0765517,0 76.4488149,27.077144,0 76.4474952,27.0777936,0 76.4448023,27.0799239,0 76.4419806,27.0830189,0 76.4405107,27.0842989,0 76.4385474,27.082866,0 76.4353824,27.0865055,0 76.4330006,27.089734,0 76.4313483,27.0920073,0 76.4301681,27.0955318,0 76.4298034,27.0975376,0 76.4282477,27.1007467,0 76.4275503,27.102867,0 76.427207,27.1050445,0 76.4273357,27.1067254,0 76.4277327,27.1094186,0 76.4275396,27.110727,0 76.426177,27.1136779,0 76.4257908,27.1161799,0 76.4259839,27.1262447,0 76.4261126,27.1280303,0 76.4211666,27.1294434,0 76.4167893,27.1295294,0 76.4149225,27.1279921,0 76.4143646,27.1276006,0 76.4104485,27.1265502,0 76.4079595,27.1264357,0 76.4048052,27.1266075,0 76.4036786,27.1264452,0 76.402874,27.1257672,0 76.4020693,27.1250988,0 76.4006317,27.1244686,0 76.3991403,27.1243158,0 76.3981211,27.1238861,0 76.3975203,27.1233418,0 76.3973272,27.1228262,0 76.3973915,27.121919,0 76.397928,27.1210214,0 76.3992906,27.1191498,0 76.3995588,27.118424,0 76.3988936,27.1172017,0 76.3987648,27.1167433,0 76.3976598,27.1157406,0 76.3972628,27.11427,0 76.3971126,27.1127706,0 76.3969087,27.110918,0 76.3975525,27.1089793,0 76.3976169,27.1075945,0 76.3975418,27.1052738,0 76.3974237,27.1028192,0 76.3950205,27.1025423,0 76.3937223,27.0994096,0 76.3929605,27.097423,0 76.3916087,27.0948059,0 76.3909006,27.0929147,0 76.3907504,27.0913674,0 76.3909864,27.0860756,0 76.3913405,27.0856267,0 76.3924777,27.085684,0 76.3935292,27.0857126,0 76.3939476,27.085512,0 76.393733,27.0851299,0 76.3934219,27.0846428,0 76.3933682,27.0841843,0 76.3931322,27.083678,0 76.3926816,27.0830093,0 76.3922417,27.082761,0 76.3916731,27.0826845,0 76.391083,27.082675,0 76.3897633,27.0828278,0 76.389184,27.0826941,0 76.389066,27.0824648,0 76.3889909,27.0819681,0 76.3889694,27.0816529,0 76.3892591,27.0813281,0 76.3902461,27.0812135,0 76.390804,27.0812135,0 76.3914156,27.0810511,0 76.3918877,27.0806212,0 76.3921559,27.0789495,0 76.3917911,27.0783381,0 76.3911903,27.077956,0 76.3902461,27.077956,0 76.3895166,27.0781184,0 76.3888836,27.0788731,0 76.3886046,27.0793507,0 76.388154,27.0797233,0 76.3877249,27.0797806,0 76.3866413,27.0793889,0 76.386019,27.0792552,0 76.3854289,27.0794271,0 76.3850319,27.0798952,0 76.3848925,27.0805257,0 76.3847744,27.0809842,0 76.3844955,27.0814332,0 76.3838625,27.0816147,0 76.3834226,27.0814236,0 76.382736,27.0810224,0 76.3815665,27.0803155,0 76.3814592,27.0797519,0 76.3818562,27.0790832,0 76.3820922,27.0786247,0 76.3823497,27.0778223,0 76.3822853,27.0770676,0 76.3820064,27.0765899,0 76.3817918,27.0762651,0 76.3812554,27.0758448,0 76.3801825,27.0754913,0 76.379689,27.0753385,0 76.379056,27.0754245,0 76.3776076,27.0758161,0 76.3766849,27.0761887,0 76.3757944,27.0761218,0 76.375258,27.075883,0 76.3739598,27.0749564,0 76.3727152,27.0739246,0 76.3707304,27.0720617,0 76.3703227,27.0715077,0 76.3670241,27.0670936,0 76.3596181,27.0619785,0 76.3591091,27.0613283,0 76.357721,27.0589337,0 76.3565676,27.0573572,0 76.3555484,27.0566884,0 76.3539391,27.055924,0 76.3520347,27.0551835,0 76.3503717,27.0555657,0 76.3479845,27.0572378,0 76.3465898,27.0581932,0 76.3445781,27.0594353,0 76.3423518,27.0600564,0 76.3301209,27.0604863,0 76.3293162,27.0575005,0 76.3274923,27.0561151,0 76.324971,27.0566406,0 76.3208404,27.0586948,0 76.3188019,27.059722,0 76.3042374,27.06223,0 76.292972,27.0640453,0 76.2875003,27.0648096,0 76.2823504,27.0656695,0 76.2807154,27.0643233,0 76.2777988,27.0543838,0 76.2774118,27.0442896,0 76.2745368,27.0399562,0 76.2713854,27.0368538,0 76.2676811,27.0339975,0 76.2620971,27.0315844,0 76.2583928,27.0294175,0 76.2570106,27.026364,0 76.2564577,27.0241478,0 76.2557943,27.022227,0 76.2526429,27.0207986,0 76.2491045,27.0202569,0 76.2463954,27.0198136,0 76.243631,27.0194688,0 76.2403138,27.0179912,0 76.235559,27.0121791,0 76.2331264,27.0077952,0 76.2309149,27.0056771,0 76.2287034,27.0040515,0 76.2277635,26.9995688,0 76.2244462,26.9911447,0 76.2241145,26.9870063,0 76.2235616,26.9838532,0 76.223451,26.973999,0 76.2226217,26.9617786,0 76.2214607,26.9577377,0 76.2211842,26.9538445,0 76.2248885,26.9517747,0 76.2286481,26.9516268,0 76.2340663,26.9512818,0 76.236333,26.9513804,0 76.2408113,26.9506904,0 76.2429123,26.9500005,0 76.2447368,26.9478813,0 76.246119,26.9458113,0 76.246506,26.9436427,0 76.2447921,26.9418684,0 76.2421935,26.9410305,0 76.2402032,26.9410798,0 76.2369965,26.9430513,0 76.234398,26.9444313,0 76.2316889,26.9445299,0 76.2304173,26.9431006,0 76.229588,26.9386154,0 76.2291457,26.9344258,0 76.2350061,26.9334893,0 76.2373835,26.9324542,0 76.2373835,26.9265884,0 76.2371071,26.9246166,0 76.2348403,26.9234335,0 76.2314677,26.921018,0 76.2272106,26.9176659,0 76.2231193,26.9181095,0 76.2191939,26.9174687,0 76.2183646,26.9154967,0 76.2183093,26.912243,0 76.2175905,26.9095314,0 76.2177011,26.9066719,0 76.2233405,26.9059324,0 76.2233405,26.9022839,0 76.2233957,26.8999173,0 76.2233957,26.8979451,0 76.2264918,26.8973534,0 76.2293668,26.8964659,0 76.2333475,26.8950853,0 76.234785,26.8929157,0 76.2345638,26.8904503,0 76.234785,26.8827084,0 76.234785,26.8800455,0 76.2369965,26.8781715,0 76.2411431,26.8761989,0 76.2437969,26.8747687,0 76.2483857,26.8723029,0 76.260936,26.8723522,0 76.2608255,26.867667,0 76.2581717,26.8647078,0 76.255352,26.8642145,0 76.2527535,26.8642639,0 76.2479434,26.8643625,0 76.2426358,26.8501572,0 76.2412536,26.8478388,0 76.2410325,26.8459643,0 76.2415854,26.8429552,0 76.2421382,26.84113,0 76.2449026,26.8385154,0 76.2481646,26.8347661,0 76.2500997,26.8335327,0 76.2524217,26.8337794,0 76.2564025,26.8346674,0 76.2587245,26.8332861,0 76.258614,26.8257376,0 76.2540251,26.8233694,0 76.2507631,26.8204584,0 76.2476117,26.8155736,0 76.2479987,26.8117249,0 76.2488833,26.809455,0 76.2523112,26.8045204,0 76.2504867,26.801757,0 76.2476117,26.7987467,0 76.2455108,26.7980064,0 76.2430228,26.7984999,0 76.2390974,26.7989934,0 76.2365542,26.7991908,0 76.2330711,26.8000791,0 76.2308596,26.8010167,0 76.2280399,26.8032867,0 76.2266024,26.8050632,0 76.2247779,26.8063462,0 76.2228982,26.8059515,0 76.2199126,26.8046685,0 76.2167612,26.8029413,0 76.206146,26.8001778,0 76.2040451,26.7977103,0 76.203271,26.7950948,0 76.2031605,26.7927752,0 76.2010595,26.791344,0 76.1977976,26.790505,0 76.1944803,26.7862112,0 76.193651,26.7837434,0 76.1935404,26.7761424,0 76.1919924,26.7718974,0 76.1904996,26.7697255,0 76.1870165,26.7691331,0 76.1827593,26.7672573,0 76.1822617,26.7655296,0 76.1819853,26.7586184,0 76.1798015,26.7544468,0 76.1806308,26.7521512,0 76.181239,26.7508675,0 76.1834781,26.7506454,0 76.187597,26.750991,0 76.1907257,26.7519648,0 76.1926317,26.7522402,0 76.1921596,26.7498451,0 76.1902928,26.7466451,0 76.1901426,26.7453805,0 76.1878037,26.7414713,0 76.1909365,26.7398042,0 76.1983394,26.7372938,0 76.1964297,26.7328478,0 76.1909365,26.7350325,0 76.1913228,26.7357415,0 76.1902714,26.7359907,0 76.1898207,26.7349942,0 76.1884904,26.7353774,0 76.1882758,26.7350708,0 76.1866236,26.7355882,0 76.1824178,26.7321962,0 76.182332,26.7305672,0 76.1837482,26.7304331,0 76.1835551,26.7295898,0 76.1821389,26.729954,0 76.1817097,26.7281333,0 76.1834049,26.7277692,0 76.1832976,26.725661,0 76.1855078,26.7252969,0 76.1859369,26.7258718,0 76.1870527,26.7259677,0 76.1882114,26.7261402,0 76.1890912,26.7268301,0 76.1904859,26.7265043,0 76.1906576,26.7247027,0 76.1916446,26.7245111,0 76.1920953,26.7249902,0 76.19349,26.7246836,0 76.193769,26.7256419,0 76.1955929,26.7252777,0 76.1958933,26.7247411,0 76.1956143,26.7240128,0 76.1963653,26.7237253,0 76.1971378,26.7246644,0 76.1978674,26.7245111,0 76.1984682,26.7252777,0 76.1993694,26.7254694,0 76.2009144,26.7273092,0 76.2052059,26.725776,0 76.2060857,26.7249327,0 76.2081671,26.7256227,0 76.2090683,26.7245303,0 76.2115574,26.7231503,0 76.2108063,26.7209079,0 76.2098837,26.7209462,0 76.209948,26.7224987,0 76.2091541,26.7226904,0 76.2082743,26.7210037,0 76.2061715,26.7209654,0 76.2060642,26.7200071,0 76.2077594,26.7197579,0 76.2074804,26.7187613,0 76.2064504,26.7187613,0 76.2060857,26.7173621,0 76.2055063,26.7174196,0 76.2038541,26.713567,0 76.2005496,26.7143146,0 76.1997342,26.7129537,0 76.1959147,26.7140654,0 76.1944341,26.7100785,0 76.1904645,26.7108644,0 76.1890697,26.7066474,0 76.1867382,26.701236,0 76.1875165,26.7009723,0 76.1873209,26.6995069,0 76.1871171,26.6989893,0 76.1861944,26.6977049,0 76.1851966,26.6971586,0 76.1836302,26.6963342,0 76.1828148,26.6944651,0 76.1811089,26.6903242,0 76.1797786,26.6869308,0 76.1786091,26.6871801,0 76.1735237,26.6882249,0 76.1734807,26.6890014,0 76.1712921,26.6897586,0 76.171174,26.6907747,0 76.172204,26.6951457,0 76.1733949,26.6965547,0 76.1735237,26.6967847,0 76.1736524,26.6974557,0 76.1738133,26.6983855,0 76.1742961,26.699574,0 76.1732554,26.6998424,0 76.1743176,26.7016539,0 76.1749506,26.7063311,0 76.1723542,26.7075771,0 76.1705303,26.7086409,0 76.1705303,26.7102989,0 76.1720753,26.7106919,0 76.1720002,26.7118995,0 76.1739313,26.712072,0 76.1745536,26.7123211,0 76.1757231,26.7132316,0 76.1762166,26.7142954,0 76.1746395,26.7151387,0 76.1740494,26.7147171,0 76.1728477,26.7151771,0 76.1708414,26.7149567,0 76.1686206,26.7150333,0 76.1681592,26.7167967,0 76.1681485,26.7174196,0 76.1660778,26.7174196,0 76.164844,26.7175538,0 76.1640286,26.7160492,0 76.1599839,26.7141708,0 76.1566579,26.7123499,0 76.1547175,26.7108832,0 76.1523771,26.7092543,0 76.1514544,26.7084971,0 76.1513686,26.7080659,0 76.1510897,26.706772,0 76.1504245,26.7053248,0 76.1509931,26.7047784,0 76.1513364,26.7042609,0 76.151154,26.7025644,0 76.1507249,26.6992385,0 76.1496735,26.6969381,0 76.1466694,26.6984238,0 76.1448777,26.6942638,0 76.1448347,26.6936983,0</coordinates></LinearRing></outerBoundaryIs></Polygon>
    </Placemark>
    <Placemark><name>Moderate Fire Zone</name><styleUrl>#zone1</styleUrl>
      <Polygon><extrude>0</extrude><altitudeMode>clampToGround</altitudeMode><outerBoundaryIs><LinearRing><coordinates>76.17983795423515,26.754516436636763,0 76.18359777689473,26.750655441597228,0 76.187597,26.750991,0 76.1907257,26.7519648,0 76.1926317,26.7522402,0 76.1921596,26.7498451,0 76.1902928,26.7466451,0 76.1901426,26.7453805,0 76.1878037,26.7414713,0 76.1909365,26.7398042,0 76.1983394,26.7372938,0 76.1964297,26.7328478,0 76.1909365,26.7350325,0 76.1913228,26.7357415,0 76.1902714,26.7359907,0 76.1898207,26.7349942,0 76.1884904,26.7353774,0 76.1882758,26.7350708,0 76.18752086691408,26.735307213496338,0 76.18784836993133,26.72608615435674,0 76.1882114,26.7261402,0 76.1890912,26.7268301,0 76.1904859,26.7265043,0 76.1906576,26.7247027,0 76.1916446,26.7245111,0 76.1920953,26.7249902,0 76.19349,26.7246836,0 76.193769,26.7256419,0 76.1955929,26.7252777,0 76.1958933,26.7247411,0 76.1956143,26.7240128,0 76.1963653,26.7237253,0 76.1971378,26.7246644,0 76.1978674,26.7245111,0 76.1984682,26.7252777,0 76.1993694,26.7254694,0 76.2009144,26.7273092,0 76.2052059,26.725776,0 76.2060857,26.7249327,0 76.2081671,26.7256227,0 76.2090683,26.7245303,0 76.2115574,26.7231503,0 76.2108063,26.7209079,0 76.2098837,26.7209462,0 76.209948,26.7224987,0 76.2091541,26.7226904,0 76.2082743,26.7210037,0 76.2061715,26.7209654,0 76.2060642,26.7200071,0 76.2077594,26.7197579,0 76.2074804,26.7187613,0 76.2064504,26.7187613,0 76.2060857,26.7173621,0 76.2055063,26.7174196,0 76.2038541,26.713567,0 76.2005496,26.7143146,0 76.1997342,26.7129537,0 76.19713535366962,26.713710117715795,0 76.1974631052553,26.676960148552347,0 76.20657246098537,26.668503668349963,0 76.20746491508655,26.64696014345274,0 76.2165745022208,26.638502952953214,0 76.2185119608726,26.624703392612197,0 76.25938478695987,26.583754647564053,0 76.27315149726547,26.581245661670266,0 76.28165771449046,26.572397167270896,0 76.37669813262188,26.57204118999205,0 76.38651790461805,26.581245651427093,0 76.40028460163211,26.583754651263256,0 76.41702130276163,26.60052243767226,0 76.4173304,26.603678,0 76.4188768,26.6074908,0 76.4219229,26.6087478,0 76.4246408,26.6111778,0 76.4270776,26.6156608,0 76.4342006,26.6254221,0 76.4386525,26.6328368,0 76.4421604443408,26.640692442552837,0 76.44255944036716,26.647052854057012,0 76.45180637590686,26.655785733002215,0 76.45396373087408,26.66982011263572,0 76.46248611331997,26.67826901076842,0 76.4608649,26.6807484,0 76.4558507,26.6833026,0 76.4526641,26.6863172,0 76.4572565,26.6897505,0 76.4601619,26.694356,0 76.4623176,26.6983751,0 76.4671912,26.7069154,0 76.4689719,26.7113527,0 76.4726974,26.7165224,0 76.4738589,26.7174221,0 76.479371,26.7219591,0 76.4802646,26.7244173,0 76.4812117,26.7286312,0 76.4848931,26.7333557,0 76.4949367,26.7477515,0 76.5001729,26.7530975,0 76.5071248,26.7607252,0 76.5141302,26.7676663,0 76.526068,26.7732827,0 76.5311434,26.777431,0 76.535075,26.7799199,0 76.5370766,26.7811962,0 76.5402219,26.7804942,0 76.5415801,26.7777501,0 76.5422234,26.7751335,0 76.5433672,26.7720063,0 76.5492289,26.7746229,0 76.5534465,26.7769842,0 76.5561629,26.7753887,0 76.5595226,26.7741762,0 76.5668855,26.7721339,0 76.5698164,26.7713042,0 76.5722468,26.7746229,0 76.5744628,26.7780053,0 76.5748202,26.78126,0 76.5746058,26.7834936,0 76.5747488,26.787131,0 76.57818,26.7866843,0 76.5822546,26.7841955,0 76.5848995,26.7826001,0 76.5910472,26.7797284,0 76.5956936,26.7775586,0 76.5976237,26.7778139,0 76.6015553,26.7781968,0 76.6047007,26.7799837,0 76.6127069,26.7808133,0 76.6152803,26.7830468,0 76.6164955,26.7856632,0 76.616567,26.7882796,0 76.616853,26.7908959,0 76.6204272,26.7914702,0 76.6222143,26.792874,0 76.6300061,26.8014242,0 76.6344739,26.8043591,0 76.6451965,26.8101013,0 76.6524521,26.815588,0 76.6561336,26.8221908,0 76.6631748,26.8267519,0 76.6688578,26.8331627,0 76.6788298,26.8397964,0 76.6889806,26.8468123,0 76.6965222,26.8510536,0 76.7037421,26.8555498,0 76.7113551,26.8587384,0 76.7138571,26.8618633,0 76.7147864,26.8635532,0 76.72017421731763,26.865063755259516,0 76.72221780580136,26.866960176024907,0 76.72222229762204,26.940402856935382,0 76.71292753156789,26.949257168421045,0 76.7122241276854,26.97040286618226,0 76.70292955361586,26.97925645135852,0 76.7011764860681,26.992659615661037,0 76.65923991075815,27.034386746722376,0 76.6370157013349,27.035950867371703,0 76.62670819644053,27.045321455271754,0 76.5347289278842,27.045477065951,0 76.52123742225598,27.035597472200806,0 76.49164427662437,27.034965280116282,0 76.46397602596173,27.016527113926852,0 76.45043034667182,27.01438683557127,0 76.44397694564586,27.00652711360455,0 76.4304306918153,27.00438683611125,0 76.40397969886283,26.976527527679966,0 76.38164589214537,26.974965350850326,0 76.371245523292,26.965597416862998,0 76.35568874600095,26.9665279244278,0 76.34923766406935,26.974386833015487,0 76.33568970005489,26.976527112404575,0 76.3292380086919,26.98438683168141,0 76.31569048669367,26.986527184040884,0 76.306707309091,26.995321499908083,0 76.22609096668738,26.99532149409494,0 76.2244462,26.9911447,0 76.2241145,26.9870063,0 76.2235616,26.9838532,0 76.223451,26.973999,0 76.2226217,26.9617786,0 76.2214607,26.9577377,0 76.2211842,26.9538445,0 76.2248885,26.9517747,0 76.2286481,26.9516268,0 76.2340663,26.9512818,0 76.236333,26.9513804,0 76.2408113,26.9506904,0 76.2429123,26.9500005,0 76.2447368,26.9478813,0 76.246119,26.9458113,0 76.246506,26.9436427,0 76.2447921,26.9418684,0 76.2421935,26.9410305,0 76.2402032,26.9410798,0 76.2369965,26.9430513,0 76.234398,26.9444313,0 76.2316889,26.9445299,0 76.2304173,26.9431006,0 76.229588,26.9386154,0 76.2291457,26.9344258,0 76.2350061,26.9334893,0 76.2373835,26.9324542,0 76.2373835,26.9265884,0 76.2371071,26.9246166,0 76.2348403,26.9234335,0 76.2314677,26.921018,0 76.2272106,26.9176659,0 76.2231193,26.9181095,0 76.2191939,26.9174687,0 76.2183646,26.9154967,0 76.2183093,26.912243,0 76.2175905,26.9095314,0 76.2177011,26.9066719,0 76.2233405,26.9059324,0 76.2233405,26.9022839,0 76.2233957,26.8999173,0 76.2233957,26.8979451,0 76.2264918,26.8973534,0 76.2293668,26.8964659,0 76.2333475,26.8950853,0 76.234785,26.8929157,0 76.2345638,26.8904503,0 76.234785,26.8827084,0 76.234785,26.8800455,0 76.2369965,26.8781715,0 76.2411431,26.8761989,0 76.2437969,26.8747687,0 76.2483857,26.8723029,0 76.260936,26.8723522,0 76.2608255,26.867667,0 76.2581717,26.8647078,0 76.255352,26.8642145,0 76.2527535,26.8642639,0 76.2479434,26.8643625,0 76.2426358,26.8501572,0 76.2412536,26.8478388,0 76.2410325,26.8459643,0 76.2415854,26.8429552,0 76.2421382,26.84113,0 76.2449026,26.8385154,0 76.2481646,26.8347661,0 76.2500997,26.8335327,0 76.2524217,26.8337794,0 76.2564025,26.8346674,0 76.2587245,26.8332861,0 76.258614,26.8257376,0 76.2540251,26.8233694,0 76.2507631,26.8204584,0 76.2476117,26.8155736,0 76.2479987,26.8117249,0 76.2488833,26.809455,0 76.2523112,26.8045204,0 76.2504867,26.801757,0 76.2476117,26.7987467,0 76.2455108,26.7980064,0 76.2430228,26.7984999,0 76.2390974,26.7989934,0 76.2365542,26.7991908,0 76.2330711,26.8000791,0 76.2308596,26.8010167,0 76.2280399,26.8032867,0 76.2266024,26.8050632,0 76.2247779,26.8063462,0 76.2228982,26.8059515,0 76.2199126,26.8046685,0 76.2167612,26.8029413,0 76.206146,26.8001778,0 76.2040451,26.7977103,0 76.203271,26.7950948,0 76.2031605,26.7927752,0 76.2010595,26.791344,0 76.1977976,26.790505,0 76.1944803,26.7862112,0 76.193651,26.7837434,0 76.1935404,26.7761424,0 76.1919924,26.7718974,0 76.1904996,26.7697255,0 76.1870165,26.7691331,0 76.1827593,26.7672573,0 76.1822617,26.7655296,0 76.1819853,26.7586184,0 76.17983795423515,26.754516436636763,0</coordinates></LinearRing></outerBoundaryIs></Polygon>
    </Placemark>
    <Placemark><name>High Fire Zone</name><styleUrl>#zone2</styleUrl>
      <MultiGeometry><Polygon><extrude>0</extrude><altitudeMode>clampToGround</altitudeMode><outerBoundaryIs><LinearRing><coordinates>76.27728756434243,26.708534972195768,0 76.28710679509392,26.69705406516401,0 76.28786245488791,26.66578572818006,0 76.29938195973682,26.65375446882341,0 76.34801449120732,26.652397512633804,0 76.38180807698937,26.685785737271722,0 76.3818118822124,26.751577264308764,0 76.35670418001973,26.775321582564082,0 76.29165005469963,26.77496512866966,0 76.27745804542295,26.760402840367476,0 76.27728756434243,26.708534972195768,0</coordinates></LinearRing></outerBoundaryIs></Polygon><Polygon><extrude>0</extrude><altitudeMode>clampToGround</altitudeMode><outerBoundaryIs><LinearRing><coordinates>76.417281354601,26.808534982300984,0 76.4265635706166,26.798506746342245,0 76.4293759932668,26.783754734584512,0 76.44043925032702,26.772976120309465,0 76.4531328033239,26.77124565983065,0 76.462969225958,26.7620411476761,0 76.50845293904993,26.76204114854818,0 76.5141302,26.7676663,0 76.526068,26.7732827,0 76.5311434,26.777431,0 76.535075,26.7799199,0 76.5370766,26.7811962,0 76.5402219,26.7804942,0 76.5415801,26.7777501,0 76.5422234,26.7751335,0 76.5433672,26.7720063,0 76.5492289,26.7746229,0 76.5534465,26.7769842,0 76.5561629,26.7753887,0 76.5595226,26.7741762,0 76.5668855,26.7721339,0 76.5698164,26.7713042,0 76.5722468,26.7746229,0 76.5744628,26.7780053,0 76.5748202,26.78126,0 76.5746058,26.7834936,0 76.5747488,26.787131,0 76.57818,26.7866843,0 76.5822546,26.7841955,0 76.5848995,26.7826001,0 76.5910472,26.7797284,0 76.5956936,26.7775586,0 76.5976237,26.7778139,0 76.6015553,26.7781968,0 76.6047007,26.7799837,0 76.60539124069393,26.78005525361591,0 76.6065374578356,26.78124561314044,0 76.61444754694628,26.782324038693755,0 76.6152803,26.7830468,0 76.6164955,26.7856632,0 76.616567,26.7882796,0 76.616853,26.7908959,0 76.6204272,26.7914702,0 76.6222143,26.792874,0 76.6300061,26.8014242,0 76.6344739,26.8043591,0 76.6451965,26.8101013,0 76.6508001790138,26.814338813871355,0 76.65116717162792,26.814703400208977,0 76.65310788525935,26.82850747459449,0 76.66116820084987,26.834703401752456,0 76.66310925810564,26.848507953705138,0 76.6722171979959,26.85696016625582,0 76.6723961736072,26.938828091234516,0 76.66292753859184,26.94925718678066,0 76.66117493032812,26.962659614281847,0 76.62923851716242,26.99438674943887,0 76.60701160553585,26.995950858944003,0 76.5967069810262,27.00532158185278,0 76.53296243659864,27.005321584187275,0 76.52265779183078,26.99595086477701,0 76.50164541986489,26.99496535048003,0 76.49397880158644,26.98652712566759,0 76.48043138364821,26.98438683589383,0 76.4384955083288,26.94265961394732,0 76.43674320349112,26.929257681400298,0 76.42784778706239,26.921577259921126,0 76.42674454763772,26.909258159849518,0 76.41784893455164,26.901577258358387,0 76.417281354601,26.808534982300984,0</coordinates></LinearRing></outerBoundaryIs></Polygon></MultiGeometry>
    </Placemark>
    <Placemark><name>Very High Fire Zone</name><styleUrl>#zone3</styleUrl>
      <Polygon><extrude>0</extrude><altitudeMode>clampToGround</altitudeMode><outerBoundaryIs><LinearRing><coordinates>76.46727948753085,26.83853498097038,0 76.48937478128384,26.81375464808205,0 76.50312896254093,26.81124561727255,0 76.51296732150836,26.802041389380797,0 76.55670207711711,26.802041389090352,0 76.56654041840603,26.81124604991331,0 76.58923137780786,26.812976035652795,0 76.62116871544164,26.84470339542692,0 76.62310994611113,26.8585081818544,0 76.63221780551329,26.86696015543444,0 76.63222107959447,26.92040285174455,0 76.62292619922471,26.929257679014967,0 76.62117395420118,26.94265953693781,0 76.60568695329648,26.946527112591067,0 76.59802283911355,26.95496541968076,0 76.58568784723815,26.95652712635323,0 76.5767057701847,26.965321706404296,0 76.5429636307331,26.965321706548362,0 76.53266188144904,26.95595084932818,0 76.51043227272733,26.95438675139144,0 76.46784835850009,26.91157725678118,0 76.46727948753085,26.83853498097038,0</coordinates></LinearRing></outerBoundaryIs></Polygon>
    </Placemark>
  </Folder>
  <Folder><name>District Boundary</name>
    <Placemark><name>Dausa District</name><styleUrl>#boundary</styleUrl>
      <Polygon><extrude>0</extrude><altitudeMode>clampToGround</altitudeMode><outerBoundaryIs><LinearRing><coordinates>76.1448347,26.6936983,0 76.1460256,26.6932957,0 76.1470878,26.6929602,0 76.1479676,26.6928164,0 76.1488151,26.6927877,0 76.1503494,26.6929794,0 76.1506605,26.6924905,0 76.1511004,26.6917716,0 76.1519694,26.6905734,0 76.1522913,26.6901133,0 76.1523878,26.6893944,0 76.1523342,26.6884358,0 76.1523878,26.6877552,0 76.1529994,26.6867008,0 76.1537504,26.6862502,0 76.1541045,26.6861544,0 76.1545122,26.6861544,0 76.154834,26.6861064,0 76.154952,26.6859435,0 76.1551881,26.6855792,0 76.1553812,26.6848507,0 76.1558425,26.6830293,0 76.1561322,26.6821665,0 76.156379,26.6812271,0 76.1561322,26.680441,0 76.155349,26.6795398,0 76.1530745,26.6770665,0 76.152581,26.6766734,0 76.1524093,26.6762133,0 76.1525595,26.6757052,0 76.1529994,26.6751012,0 76.1537719,26.6745643,0 76.154201,26.6741329,0 76.1546731,26.6735001,0 76.1549091,26.6729824,0 76.1548448,26.6722251,0 76.1550808,26.6718607,0 76.1556816,26.6710554,0 76.1557352,26.6697899,0 76.1557352,26.6693585,0 76.1556387,26.6689558,0 76.1551344,26.6686682,0 76.1543941,26.6683038,0 76.153332,26.6679491,0 76.1531281,26.6677286,0 76.1531818,26.6671821,0 76.1538148,26.6665973,0 76.1558318,26.6654947,0 76.1581278,26.6640853,0 76.1585355,26.6634812,0 76.1587071,26.6625224,0 76.1584175,26.6618129,0 76.1565184,26.6609021,0 76.1551237,26.6603268,0 76.1545336,26.659972,0 76.1541796,26.6596556,0 76.1541045,26.6592529,0 76.1547911,26.6577955,0 76.1558962,26.6560599,0 76.1588144,26.6520806,0 76.1613464,26.6490505,0 76.1634707,26.6465477,0 76.1642754,26.6453203,0 76.1644149,26.6449463,0 76.1643934,26.644323,0 76.1634064,26.6431722,0 76.163224,26.6427791,0 76.1631703,26.6423955,0 76.1633849,26.6414845,0 76.1637604,26.6404583,0 76.164329,26.6393076,0 76.1651873,26.6383965,0 76.1660349,26.6381088,0 76.1666572,26.6378882,0 76.1675906,26.6377636,0 76.1684596,26.6376964,0 76.1695862,26.6376868,0 76.1709702,26.6378786,0 76.1719251,26.6381663,0 76.1725259,26.6381951,0 76.1733413,26.6380513,0 76.1738241,26.6377156,0 76.1740601,26.6371786,0 76.1739206,26.6361908,0 76.1741674,26.6355387,0 76.1744571,26.6352126,0 76.1749077,26.6350495,0 76.1763239,26.6348481,0 76.1772358,26.6340617,0 76.1785984,26.6325273,0 76.179564,26.6315299,0 76.1799395,26.6305516,0 76.1801219,26.6296309,0 76.1801219,26.6287965,0 76.1803365,26.6282594,0 76.1809587,26.627262,0 76.180948,26.6256794,0 76.1807227,26.6249026,0 76.1797356,26.6230323,0 76.179328,26.6217758,0 76.1785233,26.621114,0 76.1768925,26.620222,0 76.1763024,26.6197808,0 76.1759484,26.6192245,0 76.1759484,26.6185147,0 76.1765277,26.6172869,0 76.1772787,26.6158865,0 76.1782229,26.6151959,0 76.1795854,26.6143614,0 76.1818707,26.6135173,0 76.183083,26.6129514,0 76.1834478,26.6124526,0 76.1834478,26.6120689,0 76.1833942,26.6116756,0 76.1829436,26.6111097,0 76.1817741,26.6100833,0 76.1803285,26.6087763,0 76.1786306,26.6060448,0 76.1780083,26.6046155,0 76.1773324,26.6028696,0 76.1769032,26.6024379,0 76.1760342,26.6018911,0 76.1751974,26.6017952,0 76.174103,26.6029847,0 76.1734915,26.6037521,0 76.1721611,26.6049992,0 76.1713457,26.605287,0 76.1703801,26.6052486,0 76.169908,26.6047594,0 76.1683524,26.6031861,0 76.167655,26.602342,0 76.1670649,26.6013347,0 76.1667859,26.6002603,0 76.1666894,26.5971424,0 76.1665177,26.5948496,0 76.1659598,26.592336,0 76.1659384,26.5903021,0 76.1657882,26.5869729,0 76.1640715,26.5827321,0 76.1632883,26.5801031,0 76.1623442,26.5779635,0 76.1601233,26.5766777,0 76.1576664,26.5756222,0 76.1569798,26.5751713,0 76.1567008,26.5748162,0 76.1563039,26.5733577,0 76.1559927,26.570978,0 76.1576986,26.5698553,0 76.1620223,26.5668518,0 76.1605739,26.5642129,0 76.1596835,26.5638098,0 76.1579776,26.5630133,0 76.1569476,26.5626679,0 76.156733,26.5622552,0 76.1567223,26.5608542,0 76.157012,26.5585126,0 76.1565614,26.5572266,0 76.1555743,26.554789,0 76.1552954,26.5526393,0 76.1541581,26.5486084,0 76.1533212,26.5474375,0 76.153686,26.545134,0 76.1540723,26.5431568,0 76.1538791,26.5387225,0 76.1534714,26.5356317,0 76.153686,26.5343263,0 76.1540723,26.5322914,0 76.1537075,26.5302372,0 76.1535144,26.5286821,0 76.1541581,26.5276646,0 76.1545443,26.5265703,0 76.1548662,26.525476,0 76.1550164,26.523748,0 76.1549306,26.5223849,0 76.154437,26.5211561,0 76.1531067,26.5198505,0 76.1515647,26.5189519,0 76.1494077,26.5167355,0 76.148531,26.5137284,0 76.1492324,26.5077052,0 76.1504792,26.5046892,0 76.152291,26.502754,0 76.1581355,26.5008013,0 76.1629864,26.4989184,0 76.1656554,26.4972097,0 76.1687919,26.4942283,0 76.1716947,26.4898344,0 76.1756587,26.4864379,0 76.1782551,26.4835762,0 76.1809373,26.4822702,0 76.183759,26.4814827,0 76.1867845,26.4810506,0 76.1909151,26.480484,0 76.1927819,26.4802151,0 76.1956143,26.4795621,0 76.2002921,26.4774686,0 76.2048411,26.4759704,0 76.2113642,26.4728588,0 76.2142396,26.4708035,0 76.217308,26.4679607,0 76.2205696,26.4655212,0 76.2223291,26.4643687,0 76.224432,26.4633698,0 76.2259125,26.4630048,0 76.2279725,26.4634466,0 76.2316417,26.4640997,0 76.2346244,26.4639653,0 76.2375641,26.46312,0 76.2411904,26.4619099,0 76.2443232,26.4600849,0 76.244967,26.4591821,0 76.2449884,26.4582408,0 76.2447095,26.4574724,0 76.2442374,26.4566079,0 76.2432718,26.4554168,0 76.2423277,26.4525544,0 76.2413621,26.448251,0 76.2417912,26.4472328,0 76.2423491,26.4465027,0 76.2438297,26.4452924,0 76.2476063,26.4432943,0 76.2499881,26.442641,0 76.251769,26.4427755,0 76.2561464,26.4438899,0 76.259923,26.4451579,0 76.2630987,26.4468294,0 76.2652015,26.4484432,0 76.2689996,26.4498264,0 76.2714028,26.4500954,0 76.2740207,26.4494037,0 76.2758875,26.4485392,0 76.2783336,26.4478092,0 76.2805009,26.4487698,0 76.2839556,26.4509599,0 76.2876463,26.4536687,0 76.2894916,26.4548597,0 76.2907791,26.4558203,0 76.2923884,26.4558971,0 76.2952423,26.4547829,0 76.2969804,26.4541105,0 76.2980747,26.4539568,0 76.2992978,26.45388,0 76.3004994,26.4542834,0 76.3027096,26.4558395,0 76.3048124,26.4569921,0 76.3078165,26.4579526,0 76.3127732,26.4581063,0 76.3178372,26.4582984,0 76.3217211,26.4568,0 76.3250899,26.4553208,0 76.3291669,26.4519589,0 76.3323426,26.4488658,0 76.3351106,26.4450618,0 76.3372564,26.4409119,0 76.3395953,26.4367041,0 76.340239,26.4349365,0 76.3411832,26.4304595,0 76.3416981,26.425329,0 76.3413548,26.423542,0 76.3403678,26.4217549,0 76.3401747,26.4201407,0 76.3398099,26.4164126,0 76.3398313,26.4135492,0 76.3400888,26.4119349,0 76.3405394,26.4106473,0 76.3410544,26.4098402,0 76.3416767,26.4092828,0 76.3431787,26.4086294,0 76.3473415,26.4074571,0 76.3533067,26.4060157,0 76.3559031,26.4051316,0 76.3601303,26.4037478,0 76.3635635,26.4028445,0 76.3675976,26.4005766,0 76.3726401,26.3964635,0 76.3774466,26.3931191,0 76.379292,26.3923694,0 76.3819098,26.3924655,0 76.3834977,26.391812,0 76.385386,26.3905819,0 76.3873815,26.3894478,0 76.3922095,26.3880254,0 76.394763,26.3871027,0 76.396029,26.386084,0 76.3983249,26.3834889,0 76.4017582,26.379702,0 76.4035109,26.3786817,0 76.4048266,26.3807208,0 76.4056635,26.3824125,0 76.4060497,26.3833351,0 76.4050841,26.3837773,0 76.4048695,26.3844693,0 76.4052772,26.3850459,0 76.4060068,26.3859494,0 76.4062643,26.3867759,0 76.4060497,26.388083,0 76.4058351,26.3890441,0 76.4061141,26.38964,0 76.4068222,26.389813,0 76.4071655,26.3893132,0 76.4075732,26.388775,0 76.4081096,26.3881984,0 76.4090752,26.3880446,0 76.4099979,26.3890634,0 76.4102983,26.3897361,0 76.4104271,26.3906203,0 76.4102983,26.3911585,0 76.4098906,26.3920235,0 76.4090752,26.3928307,0 76.4093756,26.3934458,0 76.4096331,26.3935996,0 76.409955,26.3940032,0 76.4101481,26.3947721,0 76.4110708,26.3950796,0 76.4117574,26.3947144,0 76.4120793,26.3947336,0 76.4125943,26.3959253,0 76.4135384,26.398693,0 76.4136243,26.3995003,0 76.4136886,26.3999423,0 76.4134741,26.4006727,0 76.412766,26.4013646,0 76.4127874,26.4025562,0 76.4129162,26.4035748,0 76.4136028,26.4041514,0 76.4136028,26.4054775,0 76.413989,26.4069766,0 76.4132809,26.40763,0 76.4134097,26.4087255,0 76.4140534,26.4089945,0 76.4139676,26.4097441,0 76.414032,26.4107434,0 76.4136672,26.4114545,0 76.4134526,26.4125115,0 76.4133024,26.4136453,0 76.4125943,26.4143948,0 76.4117789,26.4149713,0 76.4118004,26.4156247,0 76.4125085,26.4162973,0 76.4140534,26.4170083,0 76.4159417,26.4183343,0 76.4174652,26.419545,0 76.4214992,26.420083,0 76.424396,26.4245988,0 76.4249968,26.4283458,0 76.4267778,26.4349941,0 76.4283013,26.4351862,0 76.4303398,26.4347059,0 76.4320349,26.4350902,0 76.4346742,26.4368771,0 76.4382791,26.4401818,0 76.4393306,26.4422184,0 76.4422703,26.4434096,0 76.4424419,26.445984,0 76.4433217,26.4507486,0 76.4446091,26.4547829,0 76.4457893,26.4574724,0 76.4468193,26.4640037,0 76.4484286,26.4716103,0 76.4498448,26.4730509,0 76.4515614,26.4746643,0 76.4540505,26.4776222,0 76.4546942,26.4783905,0 76.4558959,26.4781984,0 76.4650583,26.4759704,0 76.4665389,26.4800999,0 76.4675259,26.4832689,0 76.4676332,26.484114,0 76.4674401,26.4849974,0 76.4687919,26.4867067,0 76.4705515,26.4901252,0 76.4707875,26.4909703,0 76.472311,26.4910663,0 76.4742207,26.4904517,0 76.4770961,26.4927947,0 76.4778256,26.4943502,0 76.4788341,26.5004762,0 76.4779226,26.5065121,0 76.4763293,26.5128861,0 76.4755326,26.516702,0 76.4738456,26.5167859,0 76.4725803,26.5164923,0 76.4702841,26.5171213,0 76.4671912,26.5181696,0 76.4655511,26.5204339,0 76.4632548,26.5216079,0 76.4612398,26.5242076,0 76.4594122,26.5289036,0 76.4581469,26.5345636,0 76.4581938,26.5385465,0 76.4585687,26.5429484,0 76.4558038,26.5461764,0 76.4528047,26.5491947,0 76.4498524,26.5510392,0 76.4480717,26.5527159,0 76.4476499,26.555273,0 76.4469001,26.5566982,0 76.4443696,26.5585425,0 76.4419796,26.5590455,0 76.4403395,26.5584168,0 76.4390274,26.5568658,0 76.4388399,26.554225,0 76.4383244,26.5523806,0 76.4369186,26.5499493,0 76.4351378,26.5493205,0 76.4324667,26.5481886,0 76.4277337,26.5461764,0 76.4251563,26.5444157,0 76.4225321,26.5436192,0 76.4200952,26.5433677,0 76.4158777,26.5439126,0 76.4137221,26.544248,0 76.4118007,26.5443319,0 76.4115196,26.5468472,0 76.4128785,26.5476437,0 76.4147062,26.5488593,0 76.4150342,26.5504523,0 76.4137689,26.5520033,0 76.4120819,26.5524644,0 76.409692,26.5533447,0 76.4083798,26.5541412,0 76.4062711,26.5573688,0 76.4067865,26.5606803,0 76.4059899,26.562776,0 76.4045372,26.5645365,0 76.4037405,26.5663807,0 76.4047715,26.5690631,0 76.4079581,26.5756014,0 76.4102543,26.5820135,0 76.4135815,26.5866233,0 76.4167681,26.5979375,0 76.4173304,26.603678,0 76.4188768,26.6074908,0 76.4219229,26.6087478,0 76.4246408,26.6111778,0 76.4270776,26.6156608,0 76.4342006,26.6254221,0 76.4386525,26.6328368,0 76.4431043,26.6428061,0 76.4451194,26.6470365,0 76.4470876,26.6491725,0 76.4494307,26.6510573,0 76.4523361,26.6567113,0 76.454726,26.6624488,0 76.4558507,26.665129,0 76.4589436,26.666511,0 76.4612867,26.667181,0 76.4627394,26.668563,0 76.4633486,26.6726249,0 76.4633017,26.6770217,0 76.4608649,26.6807484,0 76.4558507,26.6833026,0 76.4526641,26.6863172,0 76.4572565,26.6897505,0 76.4601619,26.694356,0 76.4623176,26.6983751,0 76.4671912,26.7069154,0 76.4689719,26.7113527,0 76.4726974,26.7165224,0 76.4738589,26.7174221,0 76.479371,26.7219591,0 76.4802646,26.7244173,0 76.4812117,26.7286312,0 76.4848931,26.7333557,0 76.4949367,26.7477515,0 76.5001729,26.7530975,0 76.5071248,26.7607252,0 76.5141302,26.7676663,0 76.526068,26.7732827,0 76.5311434,26.777431,0 76.535075,26.7799199,0 76.5370766,26.7811962,0 76.5402219,26.7804942,0 76.5415801,26.7777501,0 76.5422234,26.7751335,0 76.5433672,26.7720063,0 76.5492289,26.7746229,0 76.5534465,26.7769842,0 76.5561629,26.7753887,0 76.5595226,26.7741762,0 76.5668855,26.7721339,0 76.5698164,26.7713042,0 76.5722468,26.7746229,0 76.5744628,26.7780053,0 76.5748202,26.78126,0 76.5746058,26.7834936,0 76.5747488,26.787131,0 76.57818,26.7866843,0 76.5822546,26.7841955,0 76.5848995,26.7826001,0 76.5910472,26.7797284,0 76.5956936,26.7775586,0 76.5976237,26.7778139,0 76.6015553,26.7781968,0 76.6047007,26.7799837,0 76.6127069,26.7808133,0 76.6152803,26.7830468,0 76.6164955,26.7856632,0 76.616567,26.7882796,0 76.616853,26.7908959,0 76.6204272,26.7914702,0 76.6222143,26.792874,0 76.6300061,26.8014242,0 76.6344739,26.8043591,0 76.6451965,26.8101013,0 76.6524521,26.815588,0 76.6561336,26.8221908,0 76.6631748,26.8267519,0 76.6688578,26.8331627,0 76.6788298,26.8397964,0 76.6889806,26.8468123,0 76.6965222,26.8510536,0 76.7037421,26.8555498,0 76.7113551,26.8587384,0 76.7138571,26.8618633,0 76.7147864,26.8635532,0 76.7235432,26.8660083,0 76.7311563,26.8686547,0 76.7397701,26.8722893,0 76.7493133,26.8759876,0 76.7555681,26.8788569,0 76.7629015,26.8844594,0 76.7650795,26.8862201,0 76.7670536,26.8877225,0 76.7686951,26.8882296,0 76.770122,26.8893588,0 76.772064,26.8907749,0 76.7752719,26.8936168,0 76.7756688,26.8940857,0 76.7703903,26.9003241,0 76.7681909,26.9029074,0 76.7685342,26.9033284,0 76.7682874,26.903912,0 76.7677832,26.9046775,0 76.7673969,26.9056055,0 76.7668605,26.9074042,0 76.766721,26.9078634,0 76.7669892,26.9082174,0 76.76759,26.9087053,0 76.7690384,26.9097099,0 76.7703044,26.9103891,0 76.7708409,26.9109058,0 76.7714953,26.9115754,0 76.7728364,26.9122451,0 76.7747033,26.9128574,0 76.7760014,26.9133262,0 76.7767632,26.913728,0 76.7776215,26.9144168,0 76.778115,26.9150769,0 76.7788982,26.9154213,0 76.7800355,26.9154022,0 76.7809904,26.9153926,0 76.7817414,26.91545,0 76.7825568,26.9161388,0 76.7842305,26.9186644,0 76.7847669,26.9197549,0 76.7850566,26.9205489,0 76.7854643,26.9217447,0 76.7864835,26.9234474,0 76.7871058,26.9241266,0 76.7874062,26.925351,0 76.7882752,26.9270729,0 76.7915153,26.9311478,0 76.7928564,26.9327643,0 76.7934358,26.9342851,0 76.7933929,26.9356912,0 76.7936718,26.9386754,0 76.7947233,26.9418413,0 76.7959785,26.9452079,0 76.7962789,26.9478571,0 76.7963326,26.9523425,0 76.7964399,26.9548959,0 76.7972016,26.9583482,0 76.7978883,26.9624029,0 76.7980921,26.9637608,0 76.7976093,26.9653673,0 76.796397,26.96902,0 76.7960751,26.9710759,0 76.796236,26.9734089,0 76.7961717,26.9764687,0 76.7960966,26.9781323,0 76.7965042,26.9789164,0 76.796869,26.9796239,0 76.7964721,26.9802932,0 76.7966276,26.9816222,0 76.7969763,26.9833909,0 76.7972177,26.9847056,0 76.7982101,26.9857477,0 76.7994386,26.9858146,0 76.8001896,26.9859006,0 76.8008387,26.9863213,0 76.8012679,26.9866942,0 76.8022013,26.9877841,0 76.8037409,26.9891751,0 76.8041003,26.990069,0 76.8055218,26.9918329,0 76.8055755,26.9923061,0 76.806348,26.9931904,0 76.8078715,26.9948299,0 76.809403,26.9962137,0 76.8107107,26.9971968,0 76.8118036,26.9972723,0 76.8153119,26.9993182,0 76.8159342,26.9991079,0 76.8167925,26.9977122,0 76.8170929,26.9978269,0 76.8227362,26.9995094,0 76.8250108,26.9997962,0 76.8273282,26.9996433,0 76.8301606,26.9990888,0 76.8337655,26.9982093,0 76.8360185,26.997349,0 76.8386364,26.9954179,0 76.840074,26.9952841,0 76.842606,26.9956856,0 76.8435287,26.9954752,0 76.844666,26.9951693,0 76.8455887,26.9955135,0 76.8470478,26.9951693,0 76.8476486,26.9954752,0 76.8480992,26.9953032,0 76.8496871,26.9950929,0 76.8503523,26.9955708,0 76.8510389,26.9950929,0 76.8517899,26.9948825,0 76.8535924,26.9951885,0 76.8551588,26.9951885,0 76.8591285,26.9943281,0 76.8629908,26.9926073,0 76.8711233,26.9882095,0 76.8800068,26.983238,0 76.8800926,26.9792032,0 76.8815946,26.9788973,0 76.8816161,26.9769085,0 76.8820882,26.9767555,0 76.8822384,26.9761627,0 76.8820452,26.9751109,0 76.8870878,26.9736384,0 76.8925595,26.9726823,0 76.897881,26.9716496,0 76.900177,26.9716687,0 76.9013786,26.9717452,0 76.9022155,26.9713054,0 76.9022369,26.9703683,0 76.9022584,26.9687619,0 76.9063568,26.9662757,0 76.9118285,26.9619343,0 76.9141674,26.9587021,0 76.915605,26.9549533,0 76.915648,26.9531172,0 76.9176435,26.9507454,0 76.9197464,26.9493682,0 76.9234586,26.9469773,0 76.9274711,26.9427882,0 76.9322777,26.9387328,0 76.9328356,26.9389815,0 76.9343161,26.9372025,0 76.9382858,26.9331852,0 76.9427919,26.9288425,0 76.9443798,26.9256285,0 76.9464183,26.9228544,0 76.9512677,26.9172868,0 76.9528127,26.914876,0 76.9534349,26.9079878,0 76.9551515,26.9038355,0 76.9557524,26.9024769,0 76.9562888,26.9017115,0 76.95719,26.9007738,0 76.95719,26.8992812,0 76.9578552,26.8943632,0 76.9563961,26.8918179,0 76.9570398,26.8908802,0 76.9573402,26.8902104,0 76.9576406,26.8888899,0 76.9579196,26.8875885,0 76.9573831,26.886268,0 76.9564819,26.8854642,0 76.9551301,26.8816747,0 76.9531989,26.8744974,0 76.9527054,26.8721622,0 76.953671,26.8713775,0 76.9540787,26.8705736,0 76.9542074,26.8698462,0 76.9534349,26.8680278,0 76.955173,26.8665539,0 76.9598079,26.8633764,0 76.9604516,26.8625532,0 76.9638848,26.8609453,0 76.9670605,26.8601604,0 76.9720816,26.8600647,0 76.975429,26.860103,0 76.9775748,26.8599307,0 76.9806647,26.8592607,0 76.9837975,26.8589544,0 76.9861633,26.8577101,0 76.9866299,26.8610027,0 76.9909429,26.8645249,0 76.9942689,26.8669942,0 76.9965005,26.8687934,0 76.9986892,26.8709372,0 76.999805,26.8710521,0 77.0108771,26.8650034,0 77.0184731,26.8663625,0 77.0277428,26.8661902,0 77.0445167,26.8685052,0 77.0601654,26.8657691,0 77.0755079,26.8582737,0 77.0717354,26.8697363,0 77.0707655,26.8699993,0 77.069757,26.8708415,0 77.068963,26.8716646,0 77.067461,26.8724302,0 77.0670962,26.8727556,0 77.0670318,26.8739232,0 77.0671606,26.8749567,0 77.0670104,26.8754735,0 77.0663667,26.8762391,0 77.0644998,26.8771482,0 77.0645749,26.878555,0 77.0645535,26.8791866,0 77.0641994,26.8798278,0 77.0634699,26.8802201,0 77.0629012,26.880402,0 77.0620537,26.8805455,0 77.0619142,26.8809187,0 77.0620215,26.8813111,0 77.0632124,26.8821532,0 77.0633089,26.8825838,0 77.0628905,26.8826986,0 77.0622575,26.8826795,0 77.0621824,26.8831006,0 77.0622468,26.8839809,0 77.0620751,26.8843637,0 77.0616567,26.8846604,0 77.0614207,26.8851005,0 77.0613456,26.8859713,0 77.0612919,26.8861914,0 77.0607555,26.8862201,0 77.060219,26.8863732,0 77.0602727,26.8869282,0 77.0604336,26.8873493,0 77.0603478,26.887933,0 77.0599294,26.8882009,0 77.0596611,26.8886985,0 77.0595646,26.8889664,0 77.05935,26.8911098,0 77.0593285,26.8922677,0 77.0597577,26.8935594,0 77.0606804,26.8950712,0 77.0608628,26.8959611,0 77.0611846,26.8977695,0 77.0598864,26.8981809,0 77.0594144,26.8984488,0 77.0585024,26.9006877,0 77.06038,26.9006207,0 77.0608413,26.9012235,0 77.0626223,26.9013957,0 77.0613885,26.9024386,0 77.0602834,26.903979,0 77.059629,26.905462,0 77.060262,26.906237,0 77.0600474,26.9071267,0 77.0607018,26.9105709,0 77.0593715,26.9111354,0 77.0595109,26.9144838,0 77.0582127,26.9147612,0 77.0570755,26.9147612,0 77.0557451,26.9143977,0 77.0538461,26.9134888,0 77.0524192,26.9131157,0 77.050885,26.9130009,0 77.048589,26.9128,0 77.047795,26.9128287,0 77.0441794,26.9105805,0 77.0411861,26.9084183,0 77.0401347,26.9109536,0 77.0390725,26.9109823,0 77.0392978,26.9120921,0 77.0376348,26.9125417,0 77.0381069,26.9139193,0 77.0367765,26.9141681,0 77.0369267,26.916024,0 77.0322168,26.9190948,0 77.0314765,26.9196114,0 77.0311224,26.9207307,0 77.0303607,26.9210464,0 77.0294809,26.9211324,0 77.0289874,26.9216012,0 77.0292234,26.9229691,0 77.0293951,26.9238301,0 77.0292127,26.9241075,0 77.0287084,26.924184,0 77.0281505,26.9239544,0 77.0274532,26.9239257,0 77.0256936,26.9248154,0 77.0239985,26.925265,0 77.0219922,26.9253989,0 77.0208979,26.9255711,0 77.0183551,26.9265181,0 77.016896,26.9269868,0 77.0152438,26.9290338,0 77.0127654,26.9323817,0 77.019664,26.9377763,0 77.0227647,26.9405979,0 77.0245457,26.9415448,0 77.0232046,26.9424534,0 77.0235693,26.9433524,0 77.0232475,26.9439454,0 77.0227647,26.9445384,0 77.0221424,26.9449497,0 77.0223892,26.9456765,0 77.02196,26.9460974,0 77.0214128,26.9461165,0 77.0210159,26.9462886,0 77.0207584,26.9465851,0 77.0212841,26.9466521,0 77.0210051,26.948431,0 77.0206189,26.9504489,0 77.0204043,26.9524764,0 77.0200503,26.9549151,0 77.0196855,26.9600696,0 77.0195031,26.9626897,0 77.0191812,26.9655107,0 77.0188486,26.9679969,0 77.0183658,26.9709133,0 77.0172715,26.9749866,0 77.0163274,26.9767746,0 77.0154798,26.9776734,0 77.014364,26.9780654,0 77.0136666,26.9779411,0 77.0125937,26.9774152,0 77.0115209,26.9766599,0 77.0100725,26.9757229,0 77.0078623,26.9749484,0 77.0064354,26.9743747,0 77.0068538,26.9775395,0 77.0068002,26.9807426,0 77.0068216,26.9815744,0 77.0073151,26.9826739,0 77.0074654,26.984108,0 77.0080125,26.9861062,0 77.0079374,26.9876359,0 77.0077872,26.9891178,0 77.0073151,26.9920528,0 77.0065856,26.9977218,0 77.0062745,27.0007999,0 77.0059097,27.0045281,0 77.0028734,27.0074626,0 77.0012641,27.0097663,0 77.0005667,27.0116398,0 77.0000624,27.0120126,0 76.9990076,27.0150009,0 76.9943254,27.0169433,0 76.9893215,27.0207642,0 76.9861405,27.0252218,0 76.9809579,27.0292017,0 76.9813868,27.0322263,0 76.9831381,27.0354099,0 76.9841389,27.0372246,0 76.986891,27.0374474,0 76.9902508,27.0370654,0 76.9941824,27.0369699,0 76.9973635,27.0369381,0 77.0028678,27.0355373,0 77.0064062,27.0340728,0 77.0078717,27.0338818,0 77.009909,27.0341046,0 77.0105523,27.0353781,0 77.0116603,27.0380205,0 77.0120535,27.041395,0 77.0120892,27.0426366,0 77.0078717,27.0444193,0 77.0024389,27.0465521,0 76.9986859,27.0482074,0 76.9963627,27.0488123,0 76.9938965,27.0491943,0 76.9931459,27.0515498,0 76.9938608,27.0533961,0 76.9947186,27.0600486,0 76.9930387,27.0616719,0 76.9881063,27.0636135,0 76.9851754,27.0646638,0 76.9828164,27.0653004,0 76.9768118,27.0677511,0 76.9720223,27.0695016,0 76.969985,27.0708383,0 76.9694132,27.075644,0 76.9702352,27.081245,0 76.9753106,27.0819769,0 76.9783844,27.0830271,0 76.9814582,27.0836317,0 76.9832096,27.0846501,0 76.9856758,27.0865594,0 76.9878561,27.0900279,0 76.9865336,27.0927327,0 76.9842819,27.0941009,0 76.9834598,27.0950873,0 76.9827807,27.0974738,0 76.9822803,27.098842,0 76.9799571,27.1015147,0 76.9806004,27.1035828,0 76.9826377,27.1050782,0 76.9846035,27.1050464,0 76.9866051,27.1045373,0 76.9888926,27.1042192,0 76.990501,27.1044737,0 76.9921094,27.10616,0 76.9929672,27.1079735,0 76.9922524,27.1109641,0 76.9881778,27.1141138,0 76.9846393,27.1164998,0 76.981637,27.1182177,0 76.9760254,27.1223851,0 76.9739881,27.1248346,0 76.9714862,27.1263615,0 76.9658747,27.1257253,0 76.9628009,27.12528,0 76.9595841,27.1255663,0 76.9618358,27.1342185,0 76.9611925,27.1392759,0 76.9609065,27.1421703,0 76.9602989,27.1433789,0 76.9544014,27.1455099,0 76.9466811,27.1467185,0 76.9434643,27.1386398,0 76.938047,27.1396402,0 76.9352307,27.1397237,0 76.933476,27.1390115,0 76.9327899,27.1387331,0 76.929142,27.1367759,0 76.9258161,27.1374919,0 76.9232143,27.1381842,0 76.9201834,27.1390912,0 76.9177694,27.1401653,0 76.9165088,27.140762,0 76.9159991,27.1414542,0 76.9159187,27.142767,0 76.9160796,27.1440559,0 76.9169379,27.1456311,0 76.9177158,27.1467529,0 76.9184132,27.150333,0 76.9161064,27.1514786,0 76.9136656,27.1531492,0 76.9076574,27.1556313,0 76.9001204,27.1583758,0 76.8957484,27.1600941,0 76.8944341,27.1619316,0 76.8946218,27.1665612,0 76.8948096,27.1705463,0 76.8955874,27.174412,0 76.8962848,27.1755573,0 76.8981892,27.1758198,0 76.9007105,27.1755335,0 76.9032049,27.1751278,0 76.9056189,27.1750324,0 76.9070405,27.1750085,0 76.9085694,27.1754141,0 76.909535,27.176464,0 76.9099641,27.1781343,0 76.9100714,27.1810453,0 76.9080598,27.1823576,0 76.9062627,27.1832404,0 76.9059408,27.1847913,0 76.9058335,27.1858172,0 76.9041169,27.188895,0 76.9047875,27.1914717,0 76.905753,27.1953367,0 76.9056457,27.1973406,0 76.9063968,27.1993923,0 76.9061285,27.200776,0 76.9053239,27.2023027,0 76.9050556,27.204402,0 76.9052166,27.2069783,0 76.9048411,27.2093638,0 76.9035536,27.2108904,0 76.9014615,27.2115583,0 76.8997448,27.2125602,0 76.8996376,27.2149932,0 76.9021052,27.2174262,0 76.9029635,27.2191435,0 76.9002276,27.2207178,0 76.8986183,27.2222443,0 76.8995839,27.2252972,0 76.9010323,27.2276345,0 76.9014078,27.2285886,0 76.9003886,27.2296856,0 76.894434,27.2309735,0 76.8918055,27.2273006,0 76.8897133,27.2235322,0 76.888104,27.2213856,0 76.8862801,27.2221012,0 76.8837588,27.2234368,0 76.880862,27.2246294,0 76.8786089,27.2258219,0 76.8771605,27.2266328,0 76.8763022,27.2271575,0 76.8679337,27.2296856,0 76.8651442,27.2231983,0 76.8639908,27.2196683,0 76.8615232,27.2151363,0 76.8593506,27.2118684,0 76.8584386,27.2097693,0 76.8575535,27.2087913,0 76.8560246,27.2083619,0 76.8543348,27.2086243,0 76.8525109,27.2090775,0 76.8508211,27.2095069,0 76.8479779,27.2106042,0 76.8446289,27.2064454,0 76.8433981,27.2065191,0 76.8422782,27.2061792,0 76.8413931,27.2045451,0 76.8412456,27.2033523,0 76.8415138,27.2028156,0 76.8421575,27.2023504,0 76.8428817,27.2018852,0 76.8434718,27.1994638,0 76.8434182,27.1963863,0 76.8434182,27.1945732,0 76.8437668,27.1932133,0 76.8450007,27.1924976,0 76.8467441,27.1919727,0 76.8483803,27.1914001,0 76.8504724,27.1907321,0 76.8490777,27.1877498,0 76.848273,27.1853162,0 76.8471196,27.1772038,0 76.8462076,27.1737677,0 76.8451884,27.1708088,0 76.8440082,27.1684226,0 76.8429353,27.1662749,0 76.8413796,27.1636976,0 76.8390729,27.1625521,0 76.8361225,27.1624567,0 76.8325283,27.1630771,0 76.8303825,27.1634112,0 76.8278612,27.1632203,0 76.8272711,27.1553449,0 76.8279685,27.1529583,0 76.8292023,27.151049,0 76.8284513,27.1482327,0 76.8277003,27.145655,0 76.8274857,27.1440798,0 76.8277003,27.1417884,0 76.8263055,27.1375397,0 76.825179,27.1352482,0 76.8243207,27.1334818,0 76.8235697,27.1317154,0 76.8239988,27.1288986,0 76.8252327,27.126416,0 76.8263592,27.1242675,0 76.8272711,27.1214983,0 76.8286659,27.1179173,0 76.8298997,27.1182515,0 76.8327429,27.11892,0 76.8346204,27.1192064,0 76.8390729,27.1194929,0 76.8380537,27.1154344,0 76.837249,27.1124739,0 76.836498,27.1094179,0 76.8347277,27.0969064,0 76.8334403,27.0909845,0 76.8323137,27.0875458,0 76.8320991,27.0818144,0 76.8315627,27.0781844,0 76.830919,27.0763693,0 76.8289878,27.0747931,0 76.8230869,27.0750319,0 76.8202437,27.0760827,0 76.8163277,27.0773724,0 76.8142892,27.0786381,0 76.8125458,27.0800711,0 76.8119825,27.0810502,0 76.8113924,27.0828413,0 76.8112851,27.0843458,0 76.8115802,27.0879995,0 76.8095148,27.091271,0 76.806618,27.0945902,0 76.8047405,27.0970258,0 76.8035067,27.0997956,0 76.8027288,27.1019207,0 76.8020583,27.1041652,0 76.8035067,27.105741,0 76.8049551,27.1077705,0 76.8058134,27.1092985,0 76.8074227,27.1119248,0 76.8093539,27.1163654,0 76.8109096,27.1195406,0 76.8115533,27.1213072,0 76.8117143,27.1239094,0 76.8098904,27.1251507,0 76.8071545,27.1255566,0 76.8049282,27.1256759,0 76.8028629,27.1255566,0 76.801039,27.125652,0 76.8003953,27.1262966,0 76.7995101,27.1282063,0 76.7973644,27.1321928,0 76.7960769,27.1344366,0 76.7959964,27.1362746,0 76.7957819,27.1376829,0 76.7947626,27.1380648,0 76.793797,27.1381364,0 76.7927241,27.1379932,0 76.7917853,27.1367997,0 76.7914098,27.1351527,0 76.7908197,27.1332908,0 76.789881,27.1309992,0 76.7893445,27.1290657,0 76.7887544,27.1240765,0 76.7866891,27.1197077,0 76.7859649,27.1163416,0 76.7849188,27.113214,0 76.7803859,27.1128082,0 76.774324,27.1135722,0 76.7701934,27.1140019,0 76.7678331,27.1141452,0 76.7643998,27.1138109,0 76.7635951,27.1115189,0 76.7631123,27.1090836,0 76.7623077,27.1073646,0 76.7589817,27.1069826,0 76.7552802,27.1072213,0 76.74939,27.1070208,0 76.7434609,27.1076709,0 76.7371416,27.1085304,0 76.7315626,27.1095714,0 76.7314339,27.109027,0 76.7282689,27.1094472,0 76.727947,27.1083585,0 76.7252648,27.108263,0 76.7239237,27.1080816,0 76.7234731,27.1067923,0 76.7225611,27.1066013,0 76.722486,27.1073175,0 76.7214775,27.1073366,0 76.7212307,27.1065631,0 76.7181408,27.1075945,0 76.7138386,27.1088742,0 76.7081201,27.1106601,0 76.708163,27.1126274,0 76.7031205,27.113611,0 76.7026162,27.1132577,0 76.700803,27.1139071,0 76.7004812,27.1145946,0 76.6995478,27.1147092,0 76.6989791,27.113888,0 76.6979599,27.1145946,0 76.6973913,27.1139835,0 76.6956746,27.1144705,0 76.6945803,27.1130571,0 76.691705,27.1138975,0 76.6909969,27.1134487,0 76.6903746,27.1130571,0 76.689409,27.1131049,0 76.687789,27.1135155,0 76.6860831,27.1139548,0 76.6856539,27.1125319,0 76.6819203,27.1140599,0 76.6795599,27.112274,0 76.676985,27.1127229,0 76.6753971,27.1106506,0 76.6720819,27.1107461,0 76.6714704,27.1092085,0 76.6720605,27.1088742,0 76.6716099,27.1072125,0 76.6712451,27.1051782,0 76.6706228,27.103144,0 76.6699684,27.1006799,0 76.669153,27.0976808,0 76.6682625,27.0956942,0 76.6659021,27.0920551,0 76.6614711,27.0931917,0 76.6595292,27.0939463,0 76.6574478,27.0950447,0 76.6532421,27.0968785,0 76.6514504,27.0949014,0 76.6476524,27.093889,0 76.6429102,27.0928479,0 76.6405284,27.0923989,0 76.6385221,27.092036,0 76.6376638,27.0920742,0 76.6362584,27.0929052,0 76.6336512,27.0942519,0 76.6320205,27.0947868,0 76.6315377,27.0949969,0 76.6293704,27.0990562,0 76.6326749,27.1030771,0 76.6275358,27.1064676,0 76.6258085,27.1077473,0 76.6234267,27.1075276,0 76.6223001,27.1075658,0 76.6235125,27.1087405,0 76.6247785,27.1100489,0 76.6261196,27.1114528,0 76.6267633,27.1122263,0 76.6261411,27.1135442,0 76.6262376,27.1148047,0 76.6279113,27.1173545,0 76.6284907,27.1184336,0 76.6287053,27.1199901,0 76.6286731,27.1211551,0 76.6282117,27.1234182,0 76.6257334,27.1236665,0 76.6232228,27.1240771,0 76.6208625,27.1250511,0 76.6198754,27.1258627,0 76.6179442,27.1271327,0 76.6183841,27.1277247,0 76.619811,27.1284313,0 76.6199827,27.1291188,0 76.6194892,27.1308948,0 76.6197896,27.1319069,0 76.6205192,27.1327663,0 76.6207659,27.1336351,0 76.6208196,27.1345517,0 76.621474,27.135602,0 76.6231584,27.136891,0 76.6224503,27.1395357,0 76.6230726,27.1401563,0 76.6256368,27.1420276,0 76.6279435,27.1440516,0 76.6286838,27.144949,0 76.6295206,27.1471735,0 76.6319668,27.1493883,0 76.6350675,27.1520996,0 76.6365695,27.1530351,0 76.6389406,27.155899,0 76.6413116,27.1581519,0 76.6441977,27.1606052,0 76.6457534,27.1620657,0 76.6467297,27.1638889,0 76.6448307,27.1643375,0 76.6431355,27.1649675,0 76.6418052,27.1650725,0 76.6411292,27.1655116,0 76.6400885,27.1664089,0 76.6388976,27.1666666,0 76.6355073,27.1666189,0 76.6315377,27.1664757,0 76.6304004,27.1668957,0 76.6300249,27.1672775,0 76.6306579,27.1685756,0 76.6302502,27.1690624,0 76.629467,27.169511,0 76.6267097,27.170141,0 76.6231799,27.1701506,0 76.621753,27.170351,0 76.619339,27.1707519,0 76.6184056,27.1709428,0 76.617912,27.1716682,0 76.6164207,27.1727754,0 76.6155732,27.1733481,0 76.6131163,27.1747893,0 76.6097903,27.1762687,0 76.6082346,27.17687,0 76.6058636,27.1744743,0 76.6035354,27.1750852,0 76.6039002,27.1757056,0 76.6031814,27.1759156,0 76.6018402,27.1745125,0 76.5991044,27.1760492,0 76.5968513,27.1744362,0 76.5959823,27.1741498,0 76.5956712,27.1741021,0 76.5946412,27.1742644,0 76.5939116,27.1732335,0 76.5909505,27.1744171,0 76.5869164,27.1759824,0 76.5850282,27.1765073,0 76.5847063,27.1757533,0 76.5828287,27.175906,0 76.5828502,27.1752474,0 76.5814769,27.1752952,0 76.5813267,27.1732049,0 76.5783226,27.1732526,0 76.5783012,27.1753047,0 76.5743422,27.1759442,0 76.5731084,27.1751997,0 76.5714669,27.1750947,0 76.5704799,27.1752665,0 76.569128,27.1755529,0 76.5683126,27.1755529,0 76.5687847,27.1730236,0 76.5694177,27.1704083,0 76.5693748,27.168022,0 76.5662205,27.168127,0 76.5662742,27.1688524,0 76.5648043,27.1689193,0 76.5644932,27.1678788,0 76.5619933,27.1681652,0 76.5619719,27.169826,0 76.5596223,27.1698738,0 76.5593755,27.1695015,0 76.557498,27.1700169,0 76.5567148,27.1705037,0 76.5551269,27.1716109,0 76.5545475,27.1720691,0 76.5542471,27.1720882,0 76.553657,27.1706374,0 76.5527558,27.1685756,0 76.5519726,27.1663993,0 76.5514898,27.1643662,0 76.5521979,27.1637266,0 76.5516615,27.1622852,0 76.5531957,27.160882,0 76.5522408,27.158276,0 76.5512323,27.1565864,0 76.5501916,27.1567582,0 76.5489149,27.1567295,0 76.5485394,27.1547917,0 76.5474987,27.1548871,0 76.546855,27.1530065,0 76.5475631,27.1525196,0 76.5463078,27.1505626,0 76.5452135,27.1482141,0 76.5458894,27.1476126,0 76.5455782,27.1467439,0 76.5479708,27.1449013,0 76.5483892,27.1464575,0 76.549505,27.1459324,0 76.5499663,27.1447199,0 76.5499771,27.1442903,0 76.5498912,27.1434024,0 76.5496552,27.1423999,0 76.5510607,27.1416648,0 76.5520799,27.1398985,0 76.553185,27.1388292,0 76.5536249,27.1383804,0 76.5521765,27.1366809,0 76.5513611,27.1359744,0 76.5496766,27.1344945,0 76.5486681,27.1330241,0 76.548475,27.1319738,0 76.5486574,27.1310953,0 76.5489042,27.1303792,0 76.5493548,27.1298636,0 76.5495372,27.1294912,0 76.5485072,27.1270181,0 76.5478313,27.1256431,0 76.5475631,27.124736,0 76.5465438,27.1248506,0 76.5449667,27.1266266,0 76.5417266,27.129052,0 76.5407073,27.1297585,0 76.5393448,27.1306847,0 76.537832,27.1267603,0 76.5368342,27.1269608,0 76.5349996,27.1280398,0 76.5311587,27.1273237,0 76.5295386,27.1270563,0 76.5265989,27.1267794,0 76.5268671,27.1250702,0 76.5243781,27.1250511,0 76.5226722,27.1248697,0 76.5214383,27.1248315,0 76.5206015,27.1234182,0 76.5196466,27.1203912,0 76.5171039,27.1173545,0 76.5157628,27.1164473,0 76.512351,27.1142318,0 76.5105486,27.1148429,0 76.5093255,27.1153204,0 76.5068257,27.115626,0 76.5055597,27.115922,0 76.5039396,27.1165523,0 76.5026629,27.1165428,0 76.4993584,27.1159411,0 76.4963221,27.1151581,0 76.4923632,27.114566,0 76.490196,27.1138498,0 76.4879858,27.1130476,0 76.485132,27.1114146,0 76.4835977,27.1103068,0 76.4810872,27.1092944,0 76.4805615,27.1086259,0 76.4799178,27.1065822,0 76.4791882,27.1056653,0 76.4770424,27.1035642,0 76.4764631,27.1026378,0 76.4754331,27.1001164,0 76.4742744,27.0970409,0 76.4704442,27.0957133,0 76.4686096,27.0890176,0 76.4658522,27.0886547,0 76.4640927,27.0871168,0 76.4640605,27.0826941,0 76.4602303,27.0793316,0 76.4554131,27.0753767,0 76.4506817,27.0765517,0 76.4488149,27.077144,0 76.4474952,27.0777936,0 76.4448023,27.0799239,0 76.4419806,27.0830189,0 76.4405107,27.0842989,0 76.4385474,27.082866,0 76.4353824,27.0865055,0 76.4330006,27.089734,0 76.4313483,27.0920073,0 76.4301681,27.0955318,0 76.4298034,27.0975376,0 76.4282477,27.1007467,0 76.4275503,27.102867,0 76.427207,27.1050445,0 76.4273357,27.1067254,0 76.4277327,27.1094186,0 76.4275396,27.110727,0 76.426177,27.1136779,0 76.4257908,27.1161799,0 76.4259839,27.1262447,0 76.4261126,27.1280303,0 76.4211666,27.1294434,0 76.4167893,27.1295294,0 76.4149225,27.1279921,0 76.4143646,27.1276006,0 76.4104485,27.1265502,0 76.4079595,27.1264357,0 76.4048052,27.1266075,0 76.4036786,27.1264452,0 76.402874,27.1257672,0 76.4020693,27.1250988,0 76.4006317,27.1244686,0 76.3991403,27.1243158,0 76.3981211,27.1238861,0 76.3975203,27.1233418,0 76.3973272,27.1228262,0 76.3973915,27.121919,0 76.397928,27.1210214,0 76.3992906,27.1191498,0 76.3995588,27.118424,0 76.3988936,27.1172017,0 76.3987648,27.1167433,0 76.3976598,27.1157406,0 76.3972628,27.11427,0 76.3971126,27.1127706,0 76.3969087,27.110918,0 76.3975525,27.1089793,0 76.3976169,27.1075945,0 76.3975418,27.1052738,0 76.3974237,27.1028192,0 76.3950205,27.1025423,0 76.3937223,27.0994096,0 76.3929605,27.097423,0 76.3916087,27.0948059,0 76.3909006,27.0929147,0 76.3907504,27.0913674,0 76.3909864,27.0860756,0 76.3913405,27.0856267,0 76.3924777,27.085684,0 76.3935292,27.0857126,0 76.3939476,27.085512,0 76.393733,27.0851299,0 76.3934219,27.0846428,0 76.3933682,27.0841843,0 76.3931322,27.083678,0 76.3926816,27.0830093,0 76.3922417,27.082761,0 76.3916731,27.0826845,0 76.391083,27.082675,0 76.3897633,27.0828278,0 76.389184,27.0826941,0 76.389066,27.0824648,0 76.3889909,27.0819681,0 76.3889694,27.0816529,0 76.3892591,27.0813281,0 76.3902461,27.0812135,0 76.390804,27.0812135,0 76.3914156,27.0810511,0 76.3918877,27.0806212,0 76.3921559,27.0789495,0 76.3917911,27.0783381,0 76.3911903,27.077956,0 76.3902461,27.077956,0 76.3895166,27.0781184,0 76.3888836,27.0788731,0 76.3886046,27.0793507,0 76.388154,27.0797233,0 76.3877249,27.0797806,0 76.3866413,27.0793889,0 76.386019,27.0792552,0 76.3854289,27.0794271,0 76.3850319,27.0798952,0 76.3848925,27.0805257,0 76.3847744,27.0809842,0 76.3844955,27.0814332,0 76.3838625,27.0816147,0 76.3834226,27.0814236,0 76.382736,27.0810224,0 76.3815665,27.0803155,0 76.3814592,27.0797519,0 76.3818562,27.0790832,0 76.3820922,27.0786247,0 76.3823497,27.0778223,0 76.3822853,27.0770676,0 76.3820064,27.0765899,0 76.3817918,27.0762651,0 76.3812554,27.0758448,0 76.3801825,27.0754913,0 76.379689,27.0753385,0 76.379056,27.0754245,0 76.3776076,27.0758161,0 76.3766849,27.0761887,0 76.3757944,27.0761218,0 76.375258,27.075883,0 76.3739598,27.0749564,0 76.3727152,27.0739246,0 76.3707304,27.0720617,0 76.3703227,27.0715077,0 76.3670241,27.0670936,0 76.3596181,27.0619785,0 76.3591091,27.0613283,0 76.357721,27.0589337,0 76.3565676,27.0573572,0 76.3555484,27.0566884,0 76.3539391,27.055924,0 76.3520347,27.0551835,0 76.3503717,27.0555657,0 76.3479845,27.0572378,0 76.3465898,27.0581932,0 76.3445781,27.0594353,0 76.3423518,27.0600564,0 76.3301209,27.0604863,0 76.3293162,27.0575005,0 76.3274923,27.0561151,0 76.324971,27.0566406,0 76.3208404,27.0586948,0 76.3188019,27.059722,0 76.3042374,27.06223,0 76.292972,27.0640453,0 76.2875003,27.0648096,0 76.2823504,27.0656695,0 76.2807154,27.0643233,0 76.2777988,27.0543838,0 76.2774118,27.0442896,0 76.2745368,27.0399562,0 76.2713854,27.0368538,0 76.2676811,27.0339975,0 76.2620971,27.0315844,0 76.2583928,27.0294175,0 76.2570106,27.026364,0 76.2564577,27.0241478,0 76.2557943,27.022227,0 76.2526429,27.0207986,0 76.2491045,27.0202569,0 76.2463954,27.0198136,0 76.243631,27.0194688,0 76.2403138,27.0179912,0 76.235559,27.0121791,0 76.2331264,27.0077952,0 76.2309149,27.0056771,0 76.2287034,27.0040515,0 76.2277635,26.9995688,0 76.2244462,26.9911447,0 76.2241145,26.9870063,0 76.2235616,26.9838532,0 76.223451,26.973999,0 76.2226217,26.9617786,0 76.2214607,26.9577377,0 76.2211842,26.9538445,0 76.2248885,26.9517747,0 76.2286481,26.9516268,0 76.2340663,26.9512818,0 76.236333,26.9513804,0 76.2408113,26.9506904,0 76.2429123,26.9500005,0 76.2447368,26.9478813,0 76.246119,26.9458113,0 76.246506,26.9436427,0 76.2447921,26.9418684,0 76.2421935,26.9410305,0 76.2402032,26.9410798,0 76.2369965,26.9430513,0 76.234398,26.9444313,0 76.2316889,26.9445299,0 76.2304173,26.9431006,0 76.229588,26.9386154,0 76.2291457,26.9344258,0 76.2350061,26.9334893,0 76.2373835,26.9324542,0 76.2373835,26.9265884,0 76.2371071,26.9246166,0 76.2348403,26.9234335,0 76.2314677,26.921018,0 76.2272106,26.9176659,0 76.2231193,26.9181095,0 76.2191939,26.9174687,0 76.2183646,26.9154967,0 76.2183093,26.912243,0 76.2175905,26.9095314,0 76.2177011,26.9066719,0 76.2233405,26.9059324,0 76.2233405,26.9022839,0 76.2233957,26.8999173,0 76.2233957,26.8979451,0 76.2264918,26.8973534,0 76.2293668,26.8964659,0 76.2333475,26.8950853,0 76.234785,26.8929157,0 76.2345638,26.8904503,0 76.234785,26.8827084,0 76.234785,26.8800455,0 76.2369965,26.8781715,0 76.2411431,26.8761989,0 76.2437969,26.8747687,0 76.2483857,26.8723029,0 76.260936,26.8723522,0 76.2608255,26.867667,0 76.2581717,26.8647078,0 76.255352,26.8642145,0 76.2527535,26.8642639,0 76.2479434,26.8643625,0 76.2426358,26.8501572,0 76.2412536,26.8478388,0 76.2410325,26.8459643,0 76.2415854,26.8429552,0 76.2421382,26.84113,0 76.2449026,26.8385154,0 76.2481646,26.8347661,0 76.2500997,26.8335327,0 76.2524217,26.8337794,0 76.2564025,26.8346674,0 76.2587245,26.8332861,0 76.258614,26.8257376,0 76.2540251,26.8233694,0 76.2507631,26.8204584,0 76.2476117,26.8155736,0 76.2479987,26.8117249,0 76.2488833,26.809455,0 76.2523112,26.8045204,0 76.2504867,26.801757,0 76.2476117,26.7987467,0 76.2455108,26.7980064,0 76.2430228,26.7984999,0 76.2390974,26.7989934,0 76.2365542,26.7991908,0 76.2330711,26.8000791,0 76.2308596,26.8010167,0 76.2280399,26.8032867,0 76.2266024,26.8050632,0 76.2247779,26.8063462,0 76.2228982,26.8059515,0 76.2199126,26.8046685,0 76.2167612,26.8029413,0 76.206146,26.8001778,0 76.2040451,26.7977103,0 76.203271,26.7950948,0 76.2031605,26.7927752,0 76.2010595,26.791344,0 76.1977976,26.790505,0 76.1944803,26.7862112,0 76.193651,26.7837434,0 76.1935404,26.7761424,0 76.1919924,26.7718974,0 76.1904996,26.7697255,0 76.1870165,26.7691331,0 76.1827593,26.7672573,0 76.1822617,26.7655296,0 76.1819853,26.7586184,0 76.1798015,26.7544468,0 76.1806308,26.7521512,0 76.181239,26.7508675,0 76.1834781,26.7506454,0 76.187597,26.750991,0 76.1907257,26.7519648,0 76.1926317,26.7522402,0 76.1921596,26.7498451,0 76.1902928,26.7466451,0 76.1901426,26.7453805,0 76.1878037,26.7414713,0 76.1909365,26.7398042,0 76.1983394,26.7372938,0 76.1964297,26.7328478,0 76.1909365,26.7350325,0 76.1913228,26.7357415,0 76.1902714,26.7359907,0 76.1898207,26.7349942,0 76.1884904,26.7353774,0 76.1882758,26.7350708,0 76.1866236,26.7355882,0 76.1824178,26.7321962,0 76.182332,26.7305672,0 76.1837482,26.7304331,0 76.1835551,26.7295898,0 76.1821389,26.729954,0 76.1817097,26.7281333,0 76.1834049,26.7277692,0 76.1832976,26.725661,0 76.1855078,26.7252969,0 76.1859369,26.7258718,0 76.1870527,26.7259677,0 76.1882114,26.7261402,0 76.1890912,26.7268301,0 76.1904859,26.7265043,0 76.1906576,26.7247027,0 76.1916446,26.7245111,0 76.1920953,26.7249902,0 76.19349,26.7246836,0 76.193769,26.7256419,0 76.1955929,26.7252777,0 76.1958933,26.7247411,0 76.1956143,26.7240128,0 76.1963653,26.7237253,0 76.1971378,26.7246644,0 76.1978674,26.7245111,0 76.1984682,26.7252777,0 76.1993694,26.7254694,0 76.2009144,26.7273092,0 76.2052059,26.725776,0 76.2060857,26.7249327,0 76.2081671,26.7256227,0 76.2090683,26.7245303,0 76.2115574,26.7231503,0 76.2108063,26.7209079,0 76.2098837,26.7209462,0 76.209948,26.7224987,0 76.2091541,26.7226904,0 76.2082743,26.7210037,0 76.2061715,26.7209654,0 76.2060642,26.7200071,0 76.2077594,26.7197579,0 76.2074804,26.7187613,0 76.2064504,26.7187613,0 76.2060857,26.7173621,0 76.2055063,26.7174196,0 76.2038541,26.713567,0 76.2005496,26.7143146,0 76.1997342,26.7129537,0 76.1959147,26.7140654,0 76.1944341,26.7100785,0 76.1904645,26.7108644,0 76.1890697,26.7066474,0 76.1867382,26.701236,0 76.1875165,26.7009723,0 76.1873209,26.6995069,0 76.1871171,26.6989893,0 76.1861944,26.6977049,0 76.1851966,26.6971586,0 76.1836302,26.6963342,0 76.1828148,26.6944651,0 76.1811089,26.6903242,0 76.1797786,26.6869308,0 76.1786091,26.6871801,0 76.1735237,26.6882249,0 76.1734807,26.6890014,0 76.1712921,26.6897586,0 76.171174,26.6907747,0 76.172204,26.6951457,0 76.1733949,26.6965547,0 76.1735237,26.6967847,0 76.1736524,26.6974557,0 76.1738133,26.6983855,0 76.1742961,26.699574,0 76.1732554,26.6998424,0 76.1743176,26.7016539,0 76.1749506,26.7063311,0 76.1723542,26.7075771,0 76.1705303,26.7086409,0 76.1705303,26.7102989,0 76.1720753,26.7106919,0 76.1720002,26.7118995,0 76.1739313,26.712072,0 76.1745536,26.7123211,0 76.1757231,26.7132316,0 76.1762166,26.7142954,0 76.1746395,26.7151387,0 76.1740494,26.7147171,0 76.1728477,26.7151771,0 76.1708414,26.7149567,0 76.1686206,26.7150333,0 76.1681592,26.7167967,0 76.1681485,26.7174196,0 76.1660778,26.7174196,0 76.164844,26.7175538,0 76.1640286,26.7160492,0 76.1599839,26.7141708,0 76.1566579,26.7123499,0 76.1547175,26.7108832,0 76.1523771,26.7092543,0 76.1514544,26.7084971,0 76.1513686,26.7080659,0 76.1510897,26.706772,0 76.1504245,26.7053248,0 76.1509931,26.7047784,0 76.1513364,26.7042609,0 76.151154,26.7025644,0 76.1507249,26.6992385,0 76.1496735,26.6969381,0 76.1466694,26.6984238,0 76.1448777,26.6942638,0 76.1448347,26.6936983,0</coordinates></LinearRing></outerBoundaryIs></Polygon>
    </Placemark>
  </Folder>
  <Folder><name>Fire Incidents</name>
    <Placemark><name>Fire 2019-05-08</name>
      <description>Brightness: 316.9</description>
      <styleUrl>#firepoint</styleUrl>
      <Point><coordinates>76.5387,26.8855,0</coordinates></Point>
    </Placemark>
    <Placemark><name>Fire 2022-03-27</name>
      <description>Brightness: 331.1</description>
      <styleUrl>#firepoint</styleUrl>
      <Point><coordinates>76.2621,26.8824,0</coordinates></Point>
    </Placemark>
    <Placemark><name>Fire 2022-06-28</name>
      <description>Brightness: 394.4</description>
      <styleUrl>#firepoint</styleUrl>
      <Point><coordinates>76.3281,26.6951,0</coordinates></Point>
    </Placemark>
    <Placemark><name>Fire 2025-02-19</name>
      <description>Brightness: 315.4</description>
      <styleUrl>#firepoint</styleUrl>
      <Point><coordinates>76.4997,26.8499,0</coordinates></Point>
    </Placemark>
    <Placemark><name>Fire 2025-04-13</name>
      <description>Brightness: 399.7</description>
      <styleUrl>#firepoint</styleUrl>
      <Point><coordinates>76.5937,26.9058,0</coordinates></Point>
    </Placemark>
  </Folder>
</Document></kml>