{"type":"FeatureCollection","features":[{"type":"Feature","properties":{"zone":"Low Fire Zone","color":"#228B22","opacity":0.35,"fill":"#228B22","fill-opacity":0.35,"stroke":"#228B22","stroke-width":1,"stroke-opacity":0.8},"geometry":{"type":"Polygon","coordinates":[[[71.1876702,24.6495821],[71.2876859,24.6162542],[71.295568,24.6186591],[71.2974266,24.6202837],[71.2989635,24.6224932],[71.3000358,24.6240528],[71.3015012,24.6247351],[71.3041104,24.6249951],[71.304861,24.6263597],[71.3048253,24.6307459],[71.3060405,24.6339299],[71.3151547,24.6451057],[71.3169418,24.6466001],[71.3316676,24.6521875],[71.3450709,24.6576123],[71.3496459,24.6587167],[71.3541136,24.6453656],[71.3584742,24.6317206],[71.3588316,24.6299337],[71.3600825,24.6285041],[71.3615122,24.6278218],[71.3640499,24.6272045],[71.3670165,24.6263597],[71.3742722,24.625385],[71.3763452,24.6251575],[71.3788472,24.62532],[71.3804555,24.6260673],[71.381921,24.6273994],[71.3826716,24.6300637],[71.3836009,24.6313633],[71.3851378,24.6317531],[71.3859598,24.630616],[71.3871036,24.6295763],[71.3908922,24.6297388],[71.3949311,24.6312333],[71.3963608,24.6333451],[71.3983266,24.6383809],[71.4023655,24.6395179],[71.4211658,24.6443585],[71.4238465,24.645723],[71.4269918,24.6494263],[71.4280283,24.6516028],[71.4290648,24.6537468],[71.430709,24.6555009],[71.4354625,24.6577099],[71.4474719,24.6649858],[71.451475,24.6669347],[71.4641992,24.6651158],[71.4736352,24.674275],[71.4768163,24.6769057],[71.4797471,24.678692],[71.483643,24.6786595],[71.4877891,24.6784972],[71.4925071,24.6783023],[71.4949375,24.6783023],[71.4996555,24.6785946],[71.5015141,24.6793416],[71.5040518,24.6806731],[71.5056244,24.6805108],[71.5076617,24.6797313],[71.5105852,24.678413],[71.5149888,24.6776852],[71.5171334,24.6794065],[71.5218513,24.6819397],[71.523138,24.6824269],[71.5259617,24.6826217],[71.530072,24.6831089],[71.5316804,24.6820047],[71.5333245,24.6801535],[71.5352904,24.6783023],[71.5370775,24.6767434],[71.5394007,24.6759639],[71.5424745,24.6752494],[71.5498017,24.6757041],[71.5525181,24.6756391],[71.55502,24.6758989],[71.5587372,24.6768408],[71.561668,24.6779126],[71.5689594,24.6809654],[71.5721047,24.6819397],[71.5736059,24.6819073],[71.5760721,24.6816474],[71.577609,24.6804458],[71.580111,24.6782049],[71.5835065,24.6729109],[71.5850791,24.6699228],[71.5861514,24.6682338],[71.5876168,24.6672919],[71.5907621,24.6666098],[71.5942648,24.6676816],[71.6010201,24.6704425],[71.6033076,24.6722288],[71.6058095,24.6737878],[71.6074179,24.6746323],[71.6090978,24.6740152],[71.6112781,24.6725211],[71.6131724,24.6708972],[71.6171398,24.6697929],[71.6190699,24.6689809],[71.619749,24.6672269],[71.6204995,24.6664799],[71.6230015,24.6669996],[71.6242525,24.667844],[71.6260753,24.667974],[71.6272905,24.6672594],[71.6278267,24.6657978],[71.6274693,24.6630044],[71.6288632,24.6605033],[71.6298282,24.660016],[71.6316153,24.659139],[71.633331,24.6588467],[71.6360474,24.6585543],[71.639836,24.658132],[71.6399075,24.655241],[71.6401934,24.6532595],[71.6409083,24.6495563],[71.6428384,24.6458529],[71.6435889,24.6439037],[71.6457692,24.642052],[71.6476993,24.6415647],[71.6498438,24.6409149],[71.6526317,24.6402327],[71.6538112,24.6399403],[71.6548477,24.6389332],[71.6560272,24.6382184],[71.6573139,24.6382509],[71.658279,24.639453],[71.6621034,24.6424093],[71.6647125,24.6426042],[71.6671787,24.6426367],[71.6702168,24.6430915],[71.6733979,24.6440661],[71.6777584,24.6452681],[71.6835486,24.6472498],[71.6858004,24.6482893],[71.6870156,24.6500435],[71.6889814,24.6521226],[71.6911974,24.6525124],[71.6957367,24.6528697],[71.6989892,24.6534544],[71.7014912,24.6546888],[71.7039574,24.6568327],[71.7061376,24.6603733],[71.7107841,24.660081],[71.7274399,24.6591065],[71.7360895,24.6584893],[71.7380911,24.6591065],[71.7461688,24.6625172],[71.7600367,24.6668047],[71.7642186,24.6674543],[71.7656482,24.6680064],[71.7670779,24.6694356],[71.7687221,24.6715468],[71.7731898,24.6738203],[71.778015,24.6737229],[71.780374,24.6739827],[71.783555,24.6745998],[71.7862,24.6751844],[71.788416,24.6753793],[71.7917757,24.6753793],[71.794921,24.6744699],[71.8011402,24.6718066],[71.8033919,24.6704749],[71.806144,24.6651157],[71.8095753,24.6594963],[71.8111122,24.6559232],[71.8103974,24.6499786],[71.807395,24.6429616],[71.8052505,24.6370489],[71.8042497,24.6334751],[71.8038208,24.6313308],[71.8039995,24.6292514],[71.8058581,24.6264897],[71.8081099,24.6243452],[71.8117556,24.6207711],[71.8160804,24.6193739],[71.8189755,24.6190815],[71.8210128,24.619179],[71.8240151,24.6195039],[71.8268387,24.6204137],[71.8286616,24.6210635],[71.8303772,24.6214859],[71.8328077,24.6214859],[71.8362032,24.621161],[71.8396523,24.6193902],[71.8419398,24.6179117],[71.8447277,24.6157996],[71.8483019,24.612144],[71.8498567,24.6101618],[71.8522514,24.6082608],[71.8531807,24.6099506],[71.8547533,24.6175543],[71.8552537,24.6209336],[71.8593998,24.6247351],[71.8654759,24.6297388],[71.8654402,24.6313633],[71.8639033,24.6350346],[71.860758,24.6424093],[71.8583275,24.6492314],[71.858399,24.6564754],[71.8576127,24.6638164],[71.859793,24.6706698],[71.8667984,24.6743075],[71.8703369,24.6771006],[71.872946,24.6804783],[71.8772708,24.6802185],[71.8801302,24.6783672],[71.8827394,24.6767434],[71.884598,24.6763861],[71.8864923,24.6756391],[71.8877433,24.6737229],[71.8892087,24.6715143],[71.8939624,24.673528],[71.9017899,24.6759314],[71.9085809,24.6764835],[71.9124768,24.6756066],[71.9172305,24.6729109],[71.9193393,24.6708322],[71.9204831,24.6690783],[71.9211264,24.6650832],[71.919804,24.6613803],[71.917302,24.6595288],[71.9139422,24.6582295],[71.9129772,24.6568327],[71.9139065,24.653292],[71.9167659,24.6481594],[71.919661,24.6436113],[71.9258086,24.6352945],[71.9331715,24.6343198],[71.9353518,24.6345472],[71.937818,24.6348396],[71.9393906,24.6358793],[71.9399625,24.6341574],[71.9408203,24.6330527],[71.9425717,24.63367],[71.9435367,24.6353594],[71.9445732,24.6377636],[71.9465748,24.6401677],[71.9504349,24.6416296],[71.952508,24.6428317],[71.9538662,24.6434164],[71.9564396,24.6439362],[71.9614792,24.644391],[71.9645173,24.6447809],[71.965804,24.6462102],[71.9681988,24.648939],[71.9734886,24.6521226],[71.9769913,24.6550461],[71.9791358,24.6560531],[71.9812804,24.6567677],[71.9848903,24.6575149],[71.9882858,24.6574824],[71.9873923,24.6599511],[71.9858554,24.6650182],[71.9846401,24.6680714],[71.9832411,24.6728715],[71.9828888,24.6740801],[71.9828173,24.675087],[71.9829603,24.6761587],[71.9833892,24.6779775],[71.9836394,24.6803808],[71.9839968,24.6834661],[71.9849976,24.6858369],[71.988536,24.6891818],[71.992968,24.6919746],[71.9940403,24.6926891],[71.996578,24.6929813],[71.9977217,24.6930787],[72.000045,24.6934684],[72.0020108,24.6931112],[72.0023682,24.6910978],[72.0026899,24.688922],[72.0077653,24.6888896],[72.0120186,24.6889545],[72.0146278,24.6910004],[72.0178088,24.6929164],[72.0198461,24.6935659],[72.0228484,24.6944751],[72.0272447,24.6961637],[72.0299611,24.6979172],[72.0352688,24.7012456],[72.0371274,24.7021224],[72.0385571,24.7026581],[72.0421849,24.7034537],[72.0427599,24.7045645],[72.0468807,24.7089426],[72.0486402,24.7101901],[72.0508297,24.7113294],[72.0526865,24.7118932],[72.0548734,24.7111653],[72.0579115,24.7112627],[72.0600202,24.7111653],[72.0640948,24.7103536],[72.0705999,24.7093146],[72.0776054,24.7068144],[72.0817514,24.7066845],[72.0855044,24.7061325],[72.08722,24.7027556],[72.0888284,24.6958715],[72.090401,24.6925267],[72.091652,24.6880452],[72.0932247,24.6821346],[72.0915805,24.6809654],[72.0898292,24.680186],[72.0865051,24.6783348],[72.0862907,24.6770681],[72.0866481,24.6733331],[72.0874702,24.6711245],[72.0880063,24.6685586],[72.0888641,24.6664149],[72.0898649,24.6622248],[72.090544,24.65732],[72.0919737,24.657255],[72.0947616,24.6574824],[72.097192,24.6570276],[72.0990864,24.6547863],[72.1016598,24.6521226],[72.1043047,24.6483868],[72.1071641,24.6473472],[72.1092371,24.6460478],[72.1105953,24.6459179],[72.112168,24.6462752],[72.1137764,24.64673],[72.1155992,24.6464052],[72.1168144,24.6427017],[72.1196738,24.6399403],[72.1249994,24.6391931],[72.1263933,24.6397129],[72.1277873,24.640655],[72.1301463,24.6417596],[72.133363,24.641987],[72.1406902,24.6428641],[72.142799,24.6434164],[72.1460872,24.6436763],[72.148339,24.6438712],[72.1506622,24.6434164],[72.1539148,24.6404601],[72.1579894,24.6371138],[72.1608487,24.6348071],[72.1621354,24.6325654],[72.1634936,24.6259698],[72.1649233,24.6215184],[72.1660313,24.6215834],[72.1685333,24.6222658],[72.1720717,24.6221683],[72.1766467,24.6205762],[72.1859754,24.619244],[72.1886203,24.6189515],[72.1905147,24.6185941],[72.1935528,24.6178467],[72.1951611,24.6170669],[72.1959117,24.6159621],[72.196841,24.6149548],[72.198092,24.6153447],[72.1981635,24.6169369],[72.1972342,24.6184966],[72.1965551,24.6193414],[72.1952684,24.6209661],[72.1945178,24.6224282],[72.1970555,24.6227856],[72.1993787,24.6226232],[72.203918,24.6230456],[72.2065986,24.6242153],[72.2087074,24.625255],[72.2124246,24.6260348],[72.2161775,24.6262298],[72.2169638,24.6269446],[72.2175357,24.6285041],[72.2193228,24.630551],[72.2237906,24.6339949],[72.2256134,24.6368864],[72.2279367,24.6396804],[72.2302242,24.6399728],[72.233298,24.6399728],[72.2352638,24.6381535],[72.2367292,24.6355219],[72.2379087,24.635132],[72.2398745,24.6348071],[72.2416616,24.6346772],[72.2441993,24.633605],[72.2468085,24.6312658],[72.2478808,24.6282442],[72.2497393,24.6267496],[72.252563,24.6259048],[72.2554223,24.6252225],[72.2575311,24.6261323],[72.260319,24.6285366],[72.2628567,24.6311033],[72.2660735,24.6342223],[72.2671815,24.6361067],[72.2692903,24.6370489],[72.2710774,24.6375687],[72.2719352,24.6371788],[72.2723641,24.6354244],[72.2712561,24.6311033],[72.271542,24.6299012],[72.2724713,24.6284716],[72.2746516,24.6276594],[72.2762957,24.6274319],[72.2789764,24.627042],[72.2808707,24.6267496],[72.2827651,24.6254175],[72.2853385,24.6231431],[72.2870541,24.6215509],[72.2889484,24.6199588],[72.2908428,24.6202512],[72.2964185,24.6245727],[72.2979197,24.6244427],[72.2993136,24.6234355],[72.3019943,24.6203812],[72.3036742,24.6182042],[72.30564,24.6175218],[72.3070339,24.6174893],[72.3096074,24.6179442],[72.3127169,24.618919],[72.3161482,24.619049],[72.3173992,24.6185616],[72.3197224,24.6178792],[72.3223673,24.6192115],[72.3257986,24.6228669],[72.3278716,24.6246701],[72.330445,24.627107],[72.3351629,24.6327603],[72.33502,24.6347747],[72.3332329,24.6380235],[72.3303735,24.6409474],[72.3254411,24.6449758],[72.3225102,24.6476397],[72.3194364,24.6484843],[72.3174349,24.649199],[72.3152903,24.6517977],[72.3139321,24.6542016],[72.3131458,24.6569302],[72.3126454,24.6614778],[72.3128599,24.6655704],[72.3123595,24.6708972],[72.3135747,24.675769],[72.3149329,24.6786921],[72.3177923,24.6812253],[72.3193649,24.6846678],[72.3212235,24.690968],[72.3267278,24.701684],[72.3298016,24.7109056],[72.3359493,24.7160356],[72.3446633,24.7233414],[72.3455783,24.7251706],[72.3526766,24.7366185],[72.3606828,24.7482395],[72.3631133,24.7511609],[72.3647574,24.7540821],[72.3669734,24.756419],[72.3722633,24.7615472],[72.3739074,24.7656366],[72.3775531,24.766026],[72.3801265,24.7657015],[72.3865601,24.7665453],[72.3894909,24.7671295],[72.3922788,24.7683627],[72.3944948,24.7707643],[72.3964964,24.77375],[72.4003566,24.7757621],[72.402787,24.7723221],[72.4067186,24.7684277],[72.4085772,24.7656366],[72.4104358,24.7612226],[72.4133667,24.7552506],[72.418871,24.7551207],[72.4243038,24.7558348],[72.4338112,24.7558997],[72.4375283,24.755705],[72.4424608,24.7560296],[72.4441049,24.7575875],[72.4478221,24.7603139],[72.4505385,24.7595998],[72.4523256,24.7584314],[72.4554709,24.7575875],[72.4574724,24.7583016],[72.463495,24.7561593],[72.4669263,24.754293],[72.4721828,24.7534636],[72.4785447,24.7541972],[72.4840808,24.7558535],[72.489956,24.7589016],[72.4915347,24.759827],[72.4930359,24.7641761],[72.493572,24.7749507],[72.4933933,24.782447],[72.4909271,24.7936744],[72.4888898,24.8001637],[72.4873171,24.8059714],[72.48914,24.8095726],[72.4896404,24.8130116],[72.491213,24.8157692],[72.49468,24.8173264],[72.4962884,24.8182023],[72.4971462,24.8200839],[72.496753,24.8215112],[72.4955736,24.8233928],[72.4947515,24.8254689],[72.4955736,24.8278045],[72.4961812,24.8300427],[72.4947157,24.8327675],[72.4929644,24.8343893],[72.4931788,24.8362707],[72.4920351,24.8382817],[72.490248,24.8393521],[72.4902837,24.8415901],[72.4913202,24.844639],[72.4907126,24.8472337],[72.4898548,24.8498283],[72.4883179,24.8528121],[72.4841361,24.858066],[72.4836357,24.8592335],[72.4830281,24.8614387],[72.482206,24.8629954],[72.481098,24.8648763],[72.4799543,24.866822],[72.4792752,24.8690919],[72.4789535,24.8709079],[72.4792752,24.8724968],[72.4808478,24.873956],[72.4835642,24.8742803],[72.4852083,24.873275],[72.4859589,24.8726265],[72.4887468,24.8734372],[72.4921781,24.8758043],[72.4948945,24.8773607],[72.4974679,24.8782038],[72.4997911,24.8790793],[72.5022573,24.8808951],[72.5032939,24.8831972],[72.5033296,24.8878013],[72.502865,24.8920162],[72.5016855,24.8988895],[72.4991835,24.9024232],[72.493715,24.9068645],[72.4955736,24.907675],[72.4972177,24.9087772],[72.4984329,24.9107546],[72.4983614,24.9127644],[72.4972534,24.9147094],[72.4966101,24.916006],[72.4970032,24.9174971],[72.4970032,24.9185992],[72.4983257,24.9192151],[72.5006847,24.9199282],[72.5020786,24.9209979],[72.503973,24.9227158],[72.506189,24.9253737],[72.5097989,24.9302356],[72.5136948,24.9335739],[72.5165184,24.9355834],[72.5178052,24.9359075],[72.5189489,24.9352593],[72.5201641,24.9333147],[72.5210219,24.9320182],[72.5223444,24.9315969],[72.5258114,24.9310459],[72.5312084,24.9308838],[72.5386428,24.9319534],[72.5446832,24.9319534],[72.5510096,24.9318562],[72.5584439,24.9328933],[72.5632691,24.9338008],[72.5654136,24.9340277],[72.5685947,24.9357455],[72.5732054,24.9404124],[72.5776374,24.9449172],[72.5818193,24.9515607],[72.5863943,24.9563891],[72.5957944,24.9636475],[72.6014417,24.9665638],[72.6065885,24.973206],[72.6089833,24.9746316],[72.6118069,24.9763812],[72.6127004,24.9782928],[72.6138085,24.9810791],[72.6148807,24.9868782],[72.6174899,24.986943],[72.6195272,24.9873642],[72.6224223,24.9881093],[72.6234231,24.9898587],[72.6245311,24.9913813],[72.6264254,24.9944265],[72.6302141,24.998249],[72.6322514,24.9994476],[72.6337883,25.0008729],[72.6344674,25.0026869],[72.6351822,25.0062176],[72.6366834,25.0111572],[72.6381131,25.0160967],[72.6423664,25.0167445],[72.6445109,25.0167769],[72.6481566,25.0166473],[72.6484783,25.0201776],[72.6483353,25.0218294],[72.6483353,25.0234488],[72.649622,25.0246795],[72.6506024,25.0250814],[72.6526244,25.0259102],[72.6547332,25.026396],[72.6568419,25.0270761],[72.6559127,25.0289869],[72.6550548,25.0312539],[72.6556625,25.0343628],[72.6578785,25.0389289],[72.6609165,25.0432681],[72.6625859,25.0455229],[72.6628824,25.0459234],[72.6661349,25.0471215],[72.6703525,25.0478663],[72.6747487,25.0488701],[72.6798599,25.0491615],[72.6837558,25.0493558],[72.6856143,25.0486434],[72.6874729,25.0475749],[72.6887597,25.0485463],[72.6887597,25.0505862],[72.6885095,25.0532738],[72.6886524,25.0546013],[72.690511,25.0564793],[72.6911186,25.0589076],[72.6912973,25.0674227],[72.6913428,25.0721349],[72.6915967,25.0734806],[72.6927995,25.0772616],[72.6959081,25.0792716],[72.699518,25.0803075],[72.7018055,25.0806312],[72.7036999,25.0823793],[72.7038786,25.086717],[72.7051295,25.091443],[72.7065235,25.0986287],[72.7089182,25.10439],[72.7138864,25.10918],[72.7200697,25.1135492],[72.728076,25.1200217],[72.7344023,25.1240344],[72.7382625,25.1263644],[72.7402998,25.1333216],[72.743588,25.1413138],[72.7458398,25.1563907],[72.7456968,25.1577171],[72.747198,25.1598847],[72.7525951,25.1642844],[72.7577419,25.1697514],[72.7621382,25.1745065],[72.7655337,25.179779],[72.7720388,25.1869919],[72.7745765,25.1875417],[72.7771141,25.1878005],[72.7792944,25.1879622],[72.7808671,25.1892559],[72.7809028,25.1910671],[72.7791514,25.1930077],[72.7781507,25.1955304],[72.7780434,25.2197518],[72.7818321,25.2280617],[72.7868003,25.2321679],[72.7904102,25.2348837],[72.7945205,25.2431279],[72.79931,25.2495935],[72.8025268,25.2561881],[72.8081025,25.2545395],[72.8091649,25.2540463],[72.8117993,25.2566158],[72.8154988,25.2641423],[72.817303,25.2687348],[72.8181959,25.2743113],[72.8185422,25.2770814],[72.8203099,25.2804164],[72.823572,25.2824939],[72.8250482,25.2824939],[72.8259958,25.2825121],[72.8268888,25.282749],[72.8273991,25.283314],[72.8277089,25.2838789],[72.8284925,25.2853733],[72.8379508,25.2800519],[72.8392447,25.2773001],[72.8408666,25.2755688],[72.8423428,25.2750767],[72.8432357,25.2741473],[72.84391,25.273637],[72.8452586,25.2734912],[72.8468623,25.2736553],[72.8480469,25.2738922],[72.8511996,25.2741837],[72.8543888,25.2699558],[72.855701,25.2683703],[72.8572682,25.266803],[72.8638835,25.2611354],[72.8663073,25.2544107],[72.8669452,25.2529528],[72.8689498,25.2516589],[72.8701161,25.2504743],[72.873925,25.2498183],[72.8773875,25.2492898],[72.8792828,25.2493627],[72.8809412,25.2490893],[72.8826907,25.2481963],[72.8839117,25.2474856],[72.8848958,25.2467202],[72.8860075,25.2456996],[72.886372,25.2453169],[72.8897252,25.2448978],[72.8953017,25.2453169],[72.8963405,25.2457361],[72.897197,25.2484879],[72.8970694,25.2509117],[72.8999306,25.2529528],[72.9014432,25.2503832],[72.9020628,25.2497454],[72.9036665,25.2497454],[72.9091155,25.2503468],[72.9126874,25.2546476],[72.916806,25.2556317],[72.9198312,25.2502739],[72.9214349,25.2462281],[72.9286516,25.2444786],[72.9331347,25.243859],[72.9363969,25.2434945],[72.9401658,25.2425305],[72.9418641,25.2444968],[72.9430668,25.2443146],[72.9430851,25.2428202],[72.947149,25.2423464],[72.9470579,25.2441506],[72.956097,25.2440413],[72.9637875,25.2448067],[72.9649174,25.2431665],[72.9683071,25.2443328],[72.9706762,25.2461552],[72.973993,25.2472487],[72.9793508,25.2480505],[72.9861302,25.249472],[72.9873329,25.2541374],[72.9893376,25.2573448],[72.9903946,25.2581466],[72.9922534,25.2591672],[72.9929824,25.2603335],[72.9943674,25.265983],[72.9953515,25.26981],[72.9977206,25.2792865],[72.9958253,25.2860658],[72.9950964,25.2874873],[72.9935291,25.2885443],[72.9901759,25.2969273],[72.9867862,25.3011553],[72.9847087,25.3042169],[72.98449,25.3064403],[72.9834695,25.3081533],[72.9797518,25.3135841],[72.9778929,25.3159167],[72.9772004,25.3206185],[72.9771275,25.3226961],[72.9770182,25.3251016],[72.9754873,25.3261222],[72.9757789,25.3277624],[72.97505,25.3282362],[72.9751958,25.3314072],[72.9733734,25.3320997],[72.9735191,25.333995],[72.9726079,25.3351248],[72.9671043,25.3397902],[72.9640791,25.341649],[72.9616735,25.3414668],[72.9593044,25.3436901],[72.9531447,25.3467518],[72.9507391,25.3490844],[72.9494999,25.3522919],[72.9478597,25.3534582],[72.9468027,25.3535311],[72.9455635,25.3537133],[72.9442149,25.3551348],[72.942101,25.3554993],[72.9402057,25.3560825],[72.93893,25.3568479],[72.9373263,25.3584516],[72.9362693,25.360602],[72.9384562,25.3605656],[72.9403879,25.3598366],[72.9432308,25.361659],[72.945928,25.363773],[72.9562792,25.3750719],[72.9622932,25.3724476],[72.9667763,25.3715],[72.9699837,25.3715729],[72.9719519,25.3715729],[72.9745397,25.3713542],[72.9772368,25.3671991],[72.978549,25.36483],[72.9809181,25.3626795],[72.981647,25.3610758],[72.9837246,25.3577955],[72.985875,25.3561554],[72.9876245,25.3545152],[72.9896656,25.351818],[72.9905768,25.350433],[72.9913787,25.3495583],[72.9924721,25.3480639],[72.9988505,25.3520003],[73.0014748,25.3529115],[73.0042813,25.3548432],[73.0054841,25.3554993],[73.0073065,25.3561918],[73.008327,25.3569208],[73.0054476,25.3682196],[73.0043906,25.3705159],[73.0026411,25.3708804],[72.9989599,25.3714635],[72.9965543,25.3723018],[72.9940758,25.3739055],[72.9920347,25.3753999],[72.9908684,25.3767485],[72.9922899,25.3797372],[72.9955702,25.381997],[72.9983402,25.3840016],[73.0016206,25.3867717],[72.9995795,25.3888857],[72.9986683,25.3903071],[73.0001626,25.3919838],[73.0016206,25.392166],[73.0028962,25.3916193],[73.0153979,25.3839287],[73.0169652,25.3821063],[73.0164185,25.3805391],[73.018496,25.3801017],[73.0213754,25.3818877],[73.0246922,25.3840016],[73.0322004,25.3894324],[73.035663,25.3926034],[73.0383966,25.3938062],[73.0414218,25.3968313],[73.0427704,25.3993098],[73.0439367,25.4019341],[73.0448479,25.404449],[73.0463787,25.4067816],[73.0480553,25.4089685],[73.0523198,25.4125404],[73.0561468,25.4194656],[73.0572038,25.424058],[73.0588804,25.4240945],[73.0586617,25.4266823],[73.0599738,25.4305093],[73.0610308,25.4328784],[73.0615047,25.4350653],[73.0615411,25.4375073],[73.0595729,25.4393297],[73.0564384,25.4420633],[73.0539599,25.4436306],[73.0535225,25.4447605],[73.058115,25.4468016],[73.0615411,25.4474576],[73.064384,25.4490978],[73.0677737,25.4513211],[73.0687214,25.4525968],[73.0704709,25.4547108],[73.0728764,25.4557313],[73.0740792,25.4571164],[73.0756465,25.4583191],[73.0775418,25.4593397],[73.0827538,25.4619639],[73.0859977,25.4632761],[73.0875285,25.4644789],[73.0889865,25.4653172],[73.0902257,25.4664106],[73.0912827,25.4673947],[73.0897154,25.4688891],[73.089278,25.4717685],[73.0875285,25.4788394],[73.0863622,25.481901],[73.0828164,25.4917085],[73.078849,25.4904503],[73.0774908,25.4904503],[73.0750603,25.4919989],[73.0712002,25.4944831],[73.0684481,25.494354],[73.0656244,25.4944508],[73.0631225,25.4954509],[73.0605133,25.4967737],[73.0584403,25.4980318],[73.057225,25.4995803],[73.0565102,25.5022579],[73.053079,25.505871],[73.0513991,25.508129],[73.051542,25.5105484],[73.051542,25.5129032],[73.0513991,25.5145482],[73.051828,25.5159998],[73.0530432,25.5175803],[73.0522926,25.5202575],[73.0526858,25.5232249],[73.0537223,25.5252569],[73.0539368,25.5288047],[73.0538653,25.5304818],[73.0528288,25.5324815],[73.0525428,25.5348358],[73.0526143,25.5374481],[73.0537581,25.5396088],[73.0534364,25.5420275],[73.053079,25.5434465],[73.0525428,25.5451879],[73.0522211,25.5467681],[73.0520424,25.5482192],[73.0532577,25.5500895],[73.0541155,25.552637],[73.0542942,25.5548297],[73.0541155,25.5568289],[73.0524356,25.5586669],[73.049326,25.5599566],[73.0457876,25.560795],[73.0429282,25.5616011],[73.0407122,25.5633422],[73.0396399,25.5691459],[73.038103,25.5730148],[73.0328489,25.5773672],[73.0294534,25.5798335],[73.0236632,25.5829768],[73.0186414,25.5853785],[73.0181232,25.5855074],[73.0134767,25.5857331],[73.012047,25.5899077],[73.0094378,25.5905525],[73.0059709,25.5908104],[73.0032902,25.5925833],[73.0000898,25.5946711],[72.9967183,25.59653],[72.9923992,25.599701],[72.9903217,25.6018514],[72.9887909,25.6038196],[72.9874788,25.6054415],[72.9855652,25.6054233],[72.9842167,25.6053686],[72.9802074,25.6048401],[72.9798429,25.6084485],[72.9793144,25.6128587],[72.9781663,25.6164853],[72.9756696,25.621588],[72.9733734,25.622973],[72.9716056,25.6244856],[72.9707309,25.6250688],[72.9699473,25.6243945],[72.9683618,25.6237384],[72.9675235,25.6236109],[72.963095,25.6241576],[72.9628581,25.6261076],[72.9623478,25.6271463],[72.962038,25.6284949],[72.9617647,25.6298253],[72.9588488,25.6306271],[72.9570629,25.6310098],[72.953983,25.6313379],[72.951869,25.6317023],[72.9488439,25.632486],[72.9412627,25.6340897],[72.9385108,25.6347822],[72.9366702,25.6354018],[72.9359959,25.636149],[72.9363057,25.6381901],[72.9365426,25.6409601],[72.9374174,25.6448783],[72.9378366,25.6474479],[72.9313124,25.6478306],[72.9312759,25.6510016],[72.9289979,25.6504731],[72.9283054,25.6528604],[72.9260638,25.6547375],[72.9215807,25.6609336],[72.9233667,25.6619724],[72.9230022,25.6629201],[72.9234578,25.6635943],[72.9201046,25.6659635],[72.9192298,25.6706106],[72.923312,25.6727246],[72.9234396,25.6742554],[72.9281232,25.677317],[72.9294717,25.6802875],[72.930711,25.6843515],[72.9292895,25.6835496],[72.9256811,25.6860281],[72.9243326,25.6846795],[72.9193939,25.6857001],[72.9156215,25.6837137],[72.9135075,25.6877047],[72.9119038,25.6874496],[72.9092431,25.6898734],[72.9074936,25.688379],[72.9059081,25.6904748],[72.9038306,25.6889439],[72.9013156,25.6891809],[72.9004044,25.6902561],[72.8993657,25.6916958],[72.8966867,25.6919691],[72.8925863,25.688871],[72.8905635,25.6948667],[72.887593,25.6959784],[72.8877205,25.6991312],[72.8843673,25.701883],[72.8862079,25.703432],[72.889306,25.7045984],[72.8897434,25.704161],[72.8907275,25.7049446],[72.8930966,25.7073137],[72.8989283,25.71043],[72.8953746,25.7156421],[72.8923312,25.7208542],[72.8912378,25.7226948],[72.890199,25.7247359],[72.8898892,25.7279706],[72.8898345,25.7303398],[72.88947,25.7363081],[72.8853696,25.7361259],[72.8844949,25.7366908],[72.8825996,25.736381],[72.8820346,25.7365633],[72.8815608,25.737438],[72.8807772,25.7379847],[72.8799753,25.7384586],[72.8794651,25.7388413],[72.8787908,25.7405726],[72.8751095,25.7372193],[72.8734511,25.7386955],[72.8716287,25.7412833],[72.8712096,25.7435613],[72.870025,25.7452015],[72.8699886,25.7461127],[72.8703713,25.7478986],[72.8705353,25.7485547],[72.871811,25.7501402],[72.8664713,25.7511789],[72.8632639,25.7527462],[72.8604756,25.7537485],[72.8570495,25.7538579],[72.8542977,25.7538943],[72.8512725,25.7546779],[72.8476277,25.7555162],[72.8453133,25.7557349],[72.8416138,25.7558443],[72.8416867,25.7579036],[72.8414133,25.7583774],[72.8391718,25.7592886],[72.8366751,25.7601269],[72.8354359,25.7614573],[72.832028,25.7656306],[72.8280369,25.7646282],[72.8245561,25.7643731],[72.8236085,25.7645189],[72.8209478,25.7684553],[72.8184146,25.771444],[72.8170296,25.7727562],[72.8138404,25.7745968],[72.8092297,25.7763463],[72.8044186,25.779335],[72.8023411,25.7810299],[72.80112,25.7828887],[72.8008649,25.7843466],[72.8010654,25.7882283],[72.8005916,25.7905792],[72.8005004,25.7923834],[72.7989696,25.7938049],[72.7965094,25.7945885],[72.7934113,25.7953904],[72.7900945,25.7961558],[72.7854474,25.7973403],[72.7836068,25.7983062],[72.7823858,25.7995272],[72.7778753,25.8025068],[72.7678065,25.8038463],[72.7641253,25.8051402],[72.7605716,25.807728],[72.7578745,25.8097873],[72.7565988,25.8065617],[72.7549404,25.802844],[72.7546671,25.799673],[72.7539928,25.7948072],[72.7530269,25.7918002],[72.7527718,25.7887022],[72.7526806,25.787791],[72.7477419,25.783891],[72.7464298,25.7835812],[72.7442794,25.7814855],[72.7437326,25.7809387],[72.7429308,25.7811574],[72.7399238,25.7786243],[72.7392131,25.7788612],[72.7356594,25.7769841],[72.7338917,25.7768748],[72.7320511,25.775508],[72.7301375,25.7760729],[72.7288254,25.7760911],[72.7255268,25.7684553],[72.7223923,25.76379],[72.7230483,25.7571565],[72.7245063,25.7535846],[72.7298277,25.751835],[72.7349669,25.7514341],[72.7363519,25.750778],[72.7386846,25.7499033],[72.7396322,25.7485182],[72.7405434,25.7477893],[72.7417098,25.7484818],[72.7426939,25.747279],[72.7445527,25.7473519],[72.7480517,25.7449099],[72.7502022,25.7435249],[72.7531909,25.7414838],[72.7557787,25.739953],[72.7566899,25.7387502],[72.7566899,25.737839],[72.7548675,25.7357614],[72.7563619,25.7333559],[72.7592413,25.7336474],[72.7589497,25.7282167],[72.7586946,25.7247177],[72.7553596,25.7245537],[72.7527535,25.7239523],[72.7506395,25.7225855],[72.7485438,25.7208906],[72.7453546,25.715879],[72.7435322,25.7136921],[72.742785,25.712945],[72.7417645,25.7122707],[72.7425663,25.7113412],[72.7395229,25.708881],[72.738229,25.7074049],[72.7369351,25.7053091],[72.7359874,25.7043615],[72.7348393,25.7032133],[72.7325067,25.7008624],[72.7266567,25.696835],[72.7234493,25.6949397],[72.7214811,25.6924247],[72.7210437,25.6906023],[72.7202419,25.6881968],[72.7174354,25.6883061],[72.7164877,25.6893631],[72.7149934,25.6905294],[72.7133168,25.6888528],[72.7119317,25.6872491],[72.7038403,25.6777362],[72.6997217,25.6761689],[72.6968787,25.6758773],[72.6954208,25.6759502],[72.6929423,25.6762783],[72.6878396,25.6706289],[72.6870013,25.6692074],[72.6872564,25.6670934],[72.6900265,25.6638495],[72.6914844,25.6644327],[72.6941451,25.6601318],[72.6956395,25.6608608],[72.6966236,25.6590384],[72.698045,25.6570702],[72.698446,25.6564141],[72.6983366,25.6467189],[72.698774,25.6443498],[72.7007057,25.6433657],[72.7015441,25.642819],[72.7033665,25.6443498],[72.7079954,25.6432928],[72.7098178,25.641434],[72.7114944,25.6389555],[72.7123327,25.6384088],[72.7145924,25.6369144],[72.7183101,25.6342537],[72.7165971,25.6304267],[72.7176905,25.6279847],[72.7186746,25.6264174],[72.7187475,25.6246314],[72.7175812,25.623866],[72.7175447,25.6209866],[72.7190391,25.6195652],[72.719112,25.618654],[72.7186017,25.6173783],[72.718784,25.6125671],[72.7195494,25.6096149],[72.7168887,25.6085579],[72.7118588,25.6059336],[72.709271,25.6042934],[72.7076673,25.6031636],[72.7043505,25.6006122],[72.7010338,25.6017785],[72.6975348,25.6034916],[72.6968423,25.6041112],[72.6948741,25.6047673],[72.6930517,25.6046215],[72.6917031,25.6046579],[72.6860172,25.6081569],[72.6852518,25.6077925],[72.6798939,25.6115466],[72.6790192,25.6106354],[72.6766136,25.612312],[72.6733333,25.6109999],[72.6701623,25.6112915],[72.6673558,25.6100158],[72.6653147,25.6089223],[72.664039,25.6083392],[72.6586083,25.6073915],[72.6564579,25.6077925],[72.6543803,25.6085579],[72.6528495,25.6088859],[72.6511364,25.6090681],[72.6502252,25.6093962],[72.6473823,25.6100522],[72.6401656,25.6097242],[72.6388353,25.608813],[72.6368488,25.6088312],[72.6357372,25.6080111],[72.6348624,25.6076102],[72.6320195,25.6092868],[72.6299966,25.6111274],[72.6283018,25.6116377],[72.6271901,25.6096331],[72.6258051,25.6078289],[72.6248574,25.6064803],[72.6241832,25.6053322],[72.6219234,25.6012865],[72.6197001,25.6022523],[72.6136679,25.6058607],[72.6046652,25.6097971],[72.5949529,25.609558],[72.5852749,25.6040019],[72.5808282,25.5999926],[72.5759077,25.5915002],[72.5675976,25.5814041],[72.56275,25.5767752],[72.5535651,25.5686837],[72.549082,25.5648567],[72.5494829,25.5639819],[72.5474418,25.5631072],[72.5479886,25.5606287],[72.550139,25.5582596],[72.5506493,25.5562914],[72.5504306,25.5552709],[72.5495194,25.5539587],[72.5489727,25.5534849],[72.5496652,25.5528653],[72.5456923,25.5495485],[72.5488269,25.5468149],[72.5506857,25.5443],[72.5517427,25.542186],[72.5540389,25.5399262],[72.5560071,25.5380674],[72.5581211,25.5352609],[72.5598342,25.5328553],[72.5611828,25.5309692],[72.5599208,25.5298985],[72.558595,25.5304497],[72.5552964,25.5319441],[72.5545674,25.5312334],[72.55331,25.5299212],[72.5507222,25.5287367],[72.5466765,25.5272605],[72.542084,25.5252012],[72.5388401,25.5235611],[72.53802,25.5221396],[72.5371088,25.5223036],[72.5365439,25.521684],[72.5333365,25.5188957],[72.5316234,25.5182032],[72.5296188,25.515178],[72.5274501,25.5139752],[72.5280333,25.5126084],[72.5254455,25.5108043],[72.5253726,25.5101482],[72.525245,25.5094921],[72.5250446,25.5087814],[72.5246254,25.5077973],[72.5237689,25.5066856],[72.5227483,25.5053371],[72.5204703,25.5043894],[72.5193951,25.5050455],[72.5168802,25.5065763],[72.5151125,25.5073053],[72.5143471,25.5077609],[72.5095724,25.5072506],[72.5063285,25.5039703],[72.5035767,25.4998699],[72.5021188,25.4943662],[72.5045061,25.4937101],[72.5058729,25.4935644],[72.5060916,25.4930905],[72.5063832,25.4921611],[72.5062374,25.4912681],[72.5056178,25.4905209],[72.5047977,25.4894093],[72.5027201,25.4894093],[72.5018272,25.4893546],[72.4983099,25.4885163],[72.4973441,25.4877691],[72.4930979,25.4865117],[72.491075,25.4856916],[72.4882138,25.4841608],[72.4873755,25.4839968],[72.4849335,25.4837781],[72.4839494,25.4788576],[72.4818901,25.4766525],[72.4816167,25.4761604],[72.4817079,25.4755955],[72.4823093,25.4745567],[72.4829471,25.4736273],[72.4819994,25.4721511],[72.479357,25.4700372],[72.4768056,25.4686339],[72.4754935,25.4674494],[72.4743271,25.4662283],[72.4721949,25.4655176],[72.4701721,25.463112],[72.4684955,25.4617999],[72.4671833,25.4608887],[72.4667095,25.4601415],[72.466181,25.4590845],[72.4649782,25.4579546],[72.4639395,25.4566243],[72.4621717,25.4558224],[72.4611876,25.4565878],[72.4603676,25.4582098],[72.4589461,25.4584467],[72.4578891,25.4585378],[72.4574153,25.4590299],[72.4566499,25.4593032],[72.4552102,25.4586107],[72.454791,25.4577724],[72.4530233,25.4572986],[72.4522214,25.4585196],[72.4505084,25.458228],[72.44885,25.4566972],[72.4474285,25.4549295],[72.4455514,25.4528337],[72.4410137,25.4490978],[72.4381525,25.4469291],[72.4364394,25.4463095],[72.4314825,25.4447969],[72.4280928,25.4429927],[72.423956,25.4406054],[72.4224434,25.4396213],[72.4195093,25.4389835],[72.4154454,25.4390563],[72.4130398,25.4389106],[72.4118006,25.4390199],[72.4107436,25.439275],[72.4099964,25.4396031],[72.4096319,25.4400769],[72.4093221,25.4407876],[72.4087025,25.4412979],[72.4076819,25.4416806],[72.4069894,25.441954],[72.4066067,25.4424278],[72.4060965,25.4430292],[72.404675,25.4433025],[72.4025246,25.4432661],[72.399955,25.4431021],[72.3967658,25.4433754],[72.3956723,25.4433025],[72.3943602,25.4433572],[72.3927565,25.4433572],[72.3915719,25.4431567],[72.3906789,25.4431567],[72.3898224,25.4432843],[72.3885103,25.4436123],[72.387672,25.4439039],[72.3862323,25.4438857],[72.38523,25.4436123],[72.3843005,25.4431567],[72.3834805,25.4427376],[72.3822777,25.4426283],[72.381494,25.4431021],[72.3810749,25.4439586],[72.3808198,25.4468198],[72.3783048,25.4462002],[72.3761544,25.4465282],[72.3748787,25.4469838],[72.3716166,25.4479132],[72.3705596,25.4481866],[72.3682087,25.4476399],[72.3668237,25.4478585],[72.3663863,25.4482595],[72.365785,25.4489702],[72.3644728,25.4496992],[72.3639079,25.4503917],[72.3630331,25.4517767],[72.3621037,25.4524328],[72.3600079,25.4537996],[72.3581673,25.455057],[72.355616,25.4593943],[72.3548141,25.4576266],[72.3534109,25.4555126],[72.35383,25.453672],[72.3544132,25.4523781],[72.3553061,25.4511389],[72.3551786,25.4501365],[72.3543221,25.4486968],[72.35383,25.4480955],[72.3532651,25.4470567],[72.3537571,25.4461273],[72.3542309,25.4450338],[72.3540669,25.4442684],[72.3523539,25.4425554],[72.3509506,25.4419175],[72.3500941,25.4426283],[72.3469049,25.4453801],[72.3446816,25.4460544],[72.3417293,25.4465829],[72.3393784,25.4447058],[72.3359705,25.4379994],[72.333328,25.4330242],[72.3326902,25.4300355],[72.3318519,25.4283953],[72.3311411,25.4241673],[72.3306126,25.4204679],[72.3309224,25.4130871],[72.3309771,25.4098068],[72.3307402,25.4047588],[72.3304304,25.3999112],[72.3301206,25.3992916],[72.3295374,25.3979065],[72.3290454,25.3969771],[72.3288631,25.3958108],[72.3287152,25.3939199],[72.327551,25.3926216],[72.3259837,25.3922935],[72.3247627,25.3912001],[72.323487,25.3897969],[72.3216464,25.3895964],[72.3211179,25.3885029],[72.3200062,25.3882478],[72.3189857,25.3880473],[72.3176007,25.3880656],[72.3167441,25.3873731],[72.315997,25.3867717],[72.3148671,25.3863343],[72.3137919,25.3863161],[72.3133727,25.3874095],[72.3111858,25.3856782],[72.3075957,25.3836371],[72.3050261,25.3859334],[72.3037322,25.3880473],[72.3016547,25.3874095],[72.2999234,25.3868081],[72.298265,25.3858787],[72.2961875,25.3873366],[72.2905745,25.3916375],[72.2897544,25.3920931],[72.289317,25.3923847],[72.2883329,25.3939155],[72.2879502,25.3947902],[72.2871666,25.3957926],[72.2870026,25.3967402],[72.2872759,25.3986355],[72.2855264,25.4002939],[72.2842507,25.4002939],[72.2827017,25.3999476],[72.2820092,25.4009499],[72.2814078,25.4006584],[72.2802597,25.4006219],[72.279148,25.4016789],[72.2782368,25.4026995],[72.277927,25.4030457],[72.2761957,25.4028635],[72.2759406,25.4034466],[72.2749018,25.4041756],[72.2731888,25.4050139],[72.2723687,25.4059615],[72.271093,25.407948],[72.2695257,25.4099891],[72.2683412,25.4106816],[72.2678127,25.4106087],[72.2671748,25.4103718],[72.2666646,25.4087498],[72.2654071,25.4083671],[72.2637123,25.4077657],[72.2624366,25.4073101],[72.2587189,25.4094606],[72.2552199,25.4108456],[72.2541265,25.4110278],[72.2527779,25.4108274],[72.2522312,25.4121759],[72.2520489,25.4132512],[72.2515569,25.4136703],[72.2509555,25.4145633],[72.250427,25.4153651],[72.2495887,25.4150371],[72.2477298,25.4145268],[72.2465817,25.4145633],[72.2448504,25.4128502],[72.244249,25.412832],[72.2427365,25.4104811],[72.2400211,25.4085129],[72.2384903,25.4085311],[72.237415,25.4107727],[72.2324217,25.4068727],[72.2308544,25.4062349],[72.229196,25.4061073],[72.2252596,25.4057246],[72.222526,25.4056335],[72.2212503,25.4045765],[72.2190088,25.4032279],[72.2148537,25.4065629],[72.2060515,25.4130142],[72.2046301,25.4139801],[72.1956092,25.419338],[72.1879733,25.4240215],[72.1875359,25.4238029],[72.1860233,25.4245683],[72.184693,25.4243678],[72.1838365,25.4244225],[72.181686,25.4259168],[72.1809935,25.4250239],[72.1752165,25.4265729],[72.1736492,25.4269556],[72.1724829,25.4269374],[72.1707881,25.4269009],[72.1697675,25.4274841],[72.1651751,25.4302724],[72.1637354,25.4311107],[72.1627148,25.432441],[72.1621084,25.4361439],[72.1586323,25.4338185],[72.1572804,25.4325202],[72.1561646,25.4319001],[72.1547055,25.4328302],[72.1540618,25.4336247],[72.153461,25.4344968],[72.1526241,25.4358338],[72.1500063,25.4357176],[72.1476888,25.435892],[72.14535,25.4349037],[72.1426034,25.4345355],[72.1399641,25.4343999],[72.1353721,25.4329853],[72.1343851,25.4325202],[72.1311664,25.4321326],[72.1255016,25.4305048],[72.1208882,25.4291096],[72.116425,25.4263771],[72.1143007,25.4252144],[72.1119189,25.4232958],[72.1100735,25.4224043],[72.1088075,25.4214159],[72.1078419,25.4200593],[72.107048,25.420195],[72.1058893,25.4214547],[72.1042156,25.4239159],[72.1005034,25.4298266],[72.0990872,25.4343417],[72.0987868,25.437539],[72.0990228,25.4406394],[72.0985508,25.4416664],[72.0962119,25.443604],[72.0928216,25.4465105],[72.0917058,25.4486224],[72.0910835,25.450715],[72.0903754,25.453505],[72.0904183,25.4547837],[72.0908475,25.4571474],[72.0911693,25.461894],[72.0910191,25.4624365],[72.0896029,25.4639282],[72.0873928,25.46511],[72.0860195,25.465943],[72.083981,25.4666017],[72.0828223,25.4678415],[72.0785951,25.4702437],[72.0691752,25.4735757],[72.0674801,25.474215],[72.0653558,25.4759584],[72.0627164,25.4769463],[72.0616006,25.4788059],[72.0561075,25.4822151],[72.0448637,25.4781086],[72.0388984,25.4757453],[72.0338773,25.4746993],[72.0305299,25.4697013],[72.0249509,25.4646257],[72.0181918,25.4579805],[72.0145011,25.45397],[72.0102525,25.4513544],[72.0033431,25.4462004],[72.0012831,25.4441078],[72.0004892,25.4426158],[71.9994592,25.4417826],[71.9985151,25.44031],[71.9940519,25.4371127],[71.9911551,25.4359888],[71.9873786,25.435175],[71.9793749,25.4274236],[71.9783878,25.4262415],[71.9761835,25.4181281],[71.9754695,25.4120357],[71.9761348,25.40688],[71.9751692,25.4047673],[71.9723153,25.4015885],[71.9711351,25.4009489],[71.9688177,25.3966263],[71.9672513,25.3932535],[71.9637751,25.3909273],[71.9618869,25.3892602],[71.9597626,25.3858096],[71.9535613,25.3832312],[71.9502997,25.3797998],[71.9466519,25.376349],[71.9471884,25.3757867],[71.9462871,25.3741776],[71.9429612,25.3723745],[71.9393348,25.3695244],[71.9356227,25.3639017],[71.9326401,25.3588798],[71.9311595,25.3587828],[71.9284987,25.3561845],[71.9271683,25.3569795],[71.9226622,25.3523257],[71.919229,25.3495722],[71.9172978,25.3467216],[71.9167614,25.3458101],[71.9172549,25.3451508],[71.9168901,25.3444721],[71.9168257,25.3430758],[71.918242,25.3412335],[71.9179415,25.3404578],[71.9174051,25.3392942],[71.9173407,25.3374518],[71.9210315,25.3323318],[71.9243574,25.3293451],[71.9287777,25.3265328],[71.9306445,25.3259703],[71.9336486,25.3266298],[71.9356656,25.3254854],[71.9379186,25.3235459],[71.9403004,25.321102],[71.9445276,25.3184253],[71.9464588,25.31699],[71.9463729,25.3149727],[71.9374036,25.2997256],[71.9346141,25.2923147],[71.9341421,25.2807514],[71.9316959,25.279626],[71.9162035,25.2725244],[71.9081783,25.269148],[71.9057321,25.2682943],[71.9032001,25.2677121],[71.9000244,25.2656552],[71.8965482,25.2627444],[71.8926858,25.2582423],[71.8900251,25.2569226],[71.8858194,25.2558747],[71.8870639,25.2534682],[71.8889951,25.2503631],[71.8960332,25.2449289],[71.8994236,25.2437644],[71.8964195,25.2384852],[71.8944454,25.2351079],[71.8879652,25.2304882],[71.8801975,25.2254026],[71.8798971,25.2243155],[71.8797254,25.2232673],[71.8791675,25.2217143],[71.877408,25.2196955],[71.8723869,25.216473],[71.8634176,25.2114644],[71.8598985,25.2098724],[71.8554782,25.2088241],[71.8519163,25.2061837],[71.8468523,25.2014465],[71.8426251,25.1855443],[71.8414235,25.1806315],[71.8407798,25.1786314],[71.8412304,25.1778158],[71.8405223,25.1741262],[71.838398,25.1652899],[71.8372822,25.1615222],[71.8366384,25.1591916],[71.8362093,25.1561034],[71.8387198,25.1528987],[71.8367457,25.150296],[71.8336558,25.1423127],[71.8344712,25.1410695],[71.8344283,25.1404285],[71.8323469,25.1377672],[71.8281197,25.1322891],[71.8252659,25.1277627],[71.8239784,25.1258589],[71.8239701,25.1230857],[71.8227338,25.1200694],[71.8203735,25.1206717],[71.8194294,25.1207106],[71.8181634,25.1206134],[71.8168115,25.1203414],[71.8137216,25.11937],[71.8084859,25.1171163],[71.8050527,25.1148237],[71.8022203,25.1100441],[71.7999887,25.1049145],[71.8010831,25.101825],[71.8053317,25.0973557],[71.7980146,25.0895828],[71.7963195,25.0868815],[71.7911911,25.0784665],[71.7918348,25.0776892],[71.792736,25.0770672],[71.7942381,25.0764064],[71.7962765,25.0754735],[71.7987871,25.073977],[71.8004608,25.0729275],[71.8047094,25.0690986],[71.8042588,25.0685738],[71.8031215,25.0673105],[71.8015337,25.0650169],[71.8024134,25.0633453],[71.8032074,25.0623151],[71.8034005,25.0615182],[71.8030786,25.0608962],[71.8023062,25.0603908],[71.8014908,25.0599826],[71.8011045,25.0591468],[71.8017268,25.058447],[71.8013835,25.058],[71.8009543,25.0574946],[71.8009114,25.0568531],[71.8014478,25.0558812],[71.8020272,25.0552592],[71.8017697,25.0545788],[71.8008685,25.0538013],[71.7988515,25.0528293],[71.7969632,25.0522462],[71.7962336,25.053082],[71.7944956,25.0547343],[71.7922425,25.0571447],[71.7893028,25.0613238],[71.7862558,25.0658916],[71.7843675,25.0658138],[71.782093,25.0653668],[71.7790031,25.0653668],[71.7771363,25.0654834],[71.7756986,25.0656389],[71.7724585,25.0680879],[71.7697978,25.0720335],[71.7686391,25.073083],[71.7674589,25.0742297],[71.7667293,25.0736077],[71.7656994,25.0737049],[71.7647767,25.0738993],[71.763339,25.0741908],[71.7615366,25.0741714],[71.7572665,25.0717808],[71.7527175,25.0698566],[71.7495417,25.0694485],[71.7467308,25.0691569],[71.7448425,25.0687293],[71.7429328,25.0681657],[71.7381906,25.0678741],[71.7381263,25.0648614],[71.7378044,25.0606435],[71.735723,25.0577667],[71.733706,25.0533153],[71.7332983,25.0524794],[71.7319035,25.0514492],[71.7300367,25.0504578],[71.7283201,25.0490776],[71.7269039,25.0433428],[71.7269039,25.0420403],[71.7273974,25.0393769],[71.7277407,25.0377244],[71.7274189,25.0367718],[71.727333,25.0358969],[71.7282986,25.0353914],[71.7288351,25.0339527],[71.7279982,25.0322418],[71.7276764,25.0314058],[71.727612,25.0297727],[71.727612,25.0281978],[71.7276335,25.0263507],[71.7246294,25.0242703],[71.7218399,25.0231426],[71.7210674,25.0229287],[71.7194795,25.020751],[71.7183852,25.0210038],[71.7176342,25.0210815],[71.7136216,25.0214899],[71.7126131,25.0196816],[71.7117548,25.0177955],[71.7106175,25.0168038],[71.708343,25.0152288],[71.7066479,25.0130509],[71.7042017,25.0083451],[71.7022919,25.0051948],[71.6988158,25.0010332],[71.6952538,24.9974549],[71.6922712,24.9936431],[71.6879797,24.9911342],[71.6866064,24.9901424],[71.6848469,24.988178],[71.6826153,24.9870111],[71.6784525,24.9905119],[71.6739464,24.9938765],[71.6722727,24.994246],[71.6690969,24.996852],[71.6696977,24.9979411],[71.6685819,24.9991468],[71.6678309,24.998719],[71.6672301,24.9991274],[71.6660929,25.0000414],[71.6653847,25.0013055],[71.6653418,25.0028223],[71.6640973,25.0039697],[71.6577458,25.0123509],[71.6553211,25.0150343],[71.6523814,25.0212954],[71.6517162,25.0220537],[71.6473818,25.025048],[71.6463303,25.0253786],[71.6453004,25.0252813],[71.6440558,25.0252036],[71.6431546,25.0265646],[71.6418028,25.0279062],[71.6388845,25.0302004],[71.6341543,25.0340647],[71.6293788,25.0334667],[71.6218042,25.0324751],[71.6149807,25.032028],[71.6059685,25.0294616],[71.5989518,25.027459],[71.5938449,25.0261952],[71.5908837,25.0248925],[71.5872788,25.0225981],[71.5840173,25.0193705],[71.5790391,25.0136732],[71.5730309,25.0075673],[71.5675592,25.002589],[71.5669584,25.0016944],[71.5665507,25.0006637],[71.5669584,24.9997691],[71.5675807,24.9992052],[71.567173,24.9974549],[71.5663576,24.9947127],[71.5636325,24.9912315],[71.5602207,24.9875556],[71.5583539,24.9852995],[71.5570235,24.9832378],[71.5537834,24.980826],[71.551187,24.9801258],[71.5494704,24.9796201],[71.5480113,24.9798146],[71.5477967,24.9795617],[71.5473032,24.9791144],[71.5459299,24.9786281],[71.5445995,24.9783947],[71.5417242,24.9780252],[71.5393638,24.9773833],[71.5344929,24.9738043],[71.5323043,24.9722287],[71.5304804,24.9735514],[71.5294504,24.9765663],[71.5288496,24.9775194],[71.5263819,24.9814873],[71.5253949,24.9833545],[71.5260386,24.9840158],[71.5255236,24.9847549],[71.5268326,24.9859802],[71.5273261,24.9868749],[71.5277552,24.9885086],[71.5264034,24.9956268],[71.525824,24.9987579],[71.5219188,25.0026668],[71.5179491,25.0064005],[71.5146875,25.0087924],[71.5134001,25.0089479],[71.5108037,25.0091424],[71.5082502,25.0093952],[71.5057611,25.0093757],[71.5021992,25.008559],[71.4992793,25.0073414],[71.4905262,25.0053504],[71.4907732,25.0001265],[71.490097,24.9968715],[71.4904189,24.9917955],[71.4837456,24.9880224],[71.4825225,24.9917372],[71.4799046,24.9930985],[71.4791751,24.9941876],[71.4781236,24.9960547],[71.4765358,24.9963464],[71.4748406,24.9979994],[71.4654851,24.9966575],[71.4634251,24.9950239],[71.4608502,24.9926123],[71.4550352,24.9891116],[71.4522242,24.9872834],[71.4463877,24.986058],[71.4435124,24.9835296],[71.44068,24.9809816],[71.4365601,24.9782586],[71.4308738,24.9778306],[71.4255309,24.9755743],[71.4245653,24.975302],[71.4211321,24.9767608],[71.413815,24.9697],[71.4113688,24.9721703],[71.3999748,24.9706726],[71.3876581,24.9747574],[71.3837528,24.9659651],[71.3818002,24.9640004],[71.3784528,24.9602264],[71.3730669,24.9578531],[71.3673806,24.9540401],[71.3571024,24.946258],[71.3555789,24.947153],[71.3488412,24.9421333],[71.3485837,24.9421139],[71.3429618,24.9434563],[71.3422107,24.9405573],[71.3391208,24.9387089],[71.3396573,24.9257499],[71.3416958,24.9242321],[71.3431334,24.9182385],[71.3460517,24.9174017],[71.3465881,24.9116024],[71.3423395,24.9075155],[71.3365888,24.9016574],[71.3293147,24.8959741],[71.3270616,24.8992829],[71.3252377,24.9000225],[71.322062,24.9012097],[71.3173198,24.9041486],[71.3112902,24.8995359],[71.3100672,24.8968694],[71.3079858,24.8902127],[71.3056254,24.8880716],[71.3074064,24.8860472],[71.3112902,24.8829911],[71.3168478,24.8772291],[71.3227701,24.8715253],[71.3270402,24.868683],[71.3263535,24.8667362],[71.3280916,24.861246],[71.3287139,24.8591628],[71.3283062,24.8575273],[71.3282203,24.8567875],[71.329422,24.8533413],[71.3294434,24.8497781],[71.3282847,24.8463707],[71.3256883,24.8432552],[71.3223195,24.8417753],[71.3191652,24.8400423],[71.3178348,24.8361087],[71.3129425,24.831182],[71.3086939,24.826956],[71.303544,24.822321],[71.2972784,24.8248333],[71.2902832,24.8269171],[71.2887597,24.8272287],[71.2846827,24.8252033],[71.2867856,24.8168289],[71.2798333,24.8143749],[71.2761426,24.8121156],[71.2687611,24.8073242],[71.2635684,24.8052206],[71.2544274,24.7950526],[71.2453722,24.7997666],[71.2517237,24.7745195],[71.257646,24.7551131],[71.2615943,24.7487995],[71.2658,24.7482149],[71.2612509,24.7455257],[71.2588477,24.7413553],[71.2488913,24.7318058],[71.2391066,24.7207743],[71.2298798,24.7142641],[71.2206101,24.7071297],[71.2102675,24.6981235],[71.2063192,24.6900914],[71.1876702,24.6495821]]]}},{"type":"Feature","properties":{"zone":"Moderate Fire Zone","color":"#FFD700","opacity":0.45,"fill":"#FFD700","fill-opacity":0.45,"stroke":"#FFD700","stroke-width":1,"stroke-opacity":0.8},"geometry":{"type":"Polygon","coordinates":[[[72.30020890326846,25.26811410817915],[72.30950044425869,25.258050090677912],[72.31141528138897,25.244282524211727],[72.3195017105279,25.238049637142144],[72.32077716345418,25.215364854119514],[72.33864820175712,25.19936519281313],[72.341418118019,25.18428251607206],[72.47951365204118,25.0480453244968],[72.48078659201046,25.035364835505632],[72.49004374868974,25.02659455979431],[72.49078815629763,25.005364834876797],[72.50004549985995,24.99659388554943],[72.50039829181033,24.946539250483386],[72.50952052535281,24.938042851421077],[72.5108245302349,24.931114437088514],[72.5136948,24.9335739],[72.5165184,24.9355834],[72.5178052,24.9359075],[72.5189489,24.9352593],[72.5201641,24.9333147],[72.5210219,24.9320182],[72.5223444,24.9315969],[72.5258114,24.9310459],[72.5312084,24.9308838],[72.5386428,24.9319534],[72.5446832,24.9319534],[72.5510096,24.9318562],[72.5584439,24.9328933],[72.5632691,24.9338008],[72.5654136,24.9340277],[72.5685947,24.9357455],[72.5732054,24.9404124],[72.5776374,24.9449172],[72.5818193,24.9515607],[72.5863943,24.9563891],[72.5957944,24.9636475],[72.6014417,24.9665638],[72.6065885,24.973206],[72.6089833,24.9746316],[72.6118069,24.9763812],[72.6127004,24.9782928],[72.6138085,24.9810791],[72.6148807,24.9868782],[72.6174899,24.986943],[72.6195272,24.9873642],[72.6224223,24.9881093],[72.6234231,24.9898587],[72.6245311,24.9913813],[72.6264254,24.9944265],[72.6302141,24.998249],[72.6322514,24.9994476],[72.6337883,25.0008729],[72.6344674,25.0026869],[72.6351822,25.0062176],[72.6366834,25.0111572],[72.6381131,25.0160967],[72.6423664,25.0167445],[72.6445109,25.0167769],[72.6481566,25.0166473],[72.6484783,25.0201776],[72.6483353,25.0218294],[72.6483353,25.0234488],[72.649622,25.0246795],[72.6506024,25.0250814],[72.6526244,25.0259102],[72.6547332,25.026396],[72.6568419,25.0270761],[72.6559127,25.0289869],[72.6550548,25.0312539],[72.6556625,25.0343628],[72.6578785,25.0389289],[72.6609165,25.0432681],[72.6625859,25.0455229],[72.6628824,25.0459234],[72.6661349,25.0471215],[72.6703525,25.0478663],[72.6747487,25.0488701],[72.6798599,25.0491615],[72.6837558,25.0493558],[72.6856143,25.0486434],[72.6874729,25.0475749],[72.6887597,25.0485463],[72.6887597,25.0505862],[72.6885095,25.0532738],[72.6886524,25.0546013],[72.690511,25.0564793],[72.6911186,25.0589076],[72.6912973,25.0674227],[72.6913428,25.0721349],[72.6915967,25.0734806],[72.6927995,25.0772616],[72.6959081,25.0792716],[72.699518,25.0803075],[72.7018055,25.0806312],[72.7036999,25.0823793],[72.7038786,25.086717],[72.7051295,25.091443],[72.7065235,25.0986287],[72.7089182,25.10439],[72.7138864,25.10918],[72.7200697,25.1135492],[72.728076,25.1200217],[72.7344023,25.1240344],[72.7382625,25.1263644],[72.7402998,25.1333216],[72.743588,25.1413138],[72.7458398,25.1563907],[72.7456968,25.1577171],[72.747198,25.1598847],[72.7525951,25.1642844],[72.7577419,25.1697514],[72.7621382,25.1745065],[72.7655337,25.179779],[72.7720388,25.1869919],[72.7745765,25.1875417],[72.7771141,25.1878005],[72.7792944,25.1879622],[72.7808671,25.1892559],[72.7809028,25.1910671],[72.7791514,25.1930077],[72.7781507,25.1955304],[72.7780434,25.2197518],[72.7818321,25.2280617],[72.7868003,25.2321679],[72.7904102,25.2348837],[72.7945205,25.2431279],[72.79931,25.2495935],[72.8025268,25.2561881],[72.8081025,25.2545395],[72.8091649,25.2540463],[72.8117993,25.2566158],[72.8154988,25.2641423],[72.817303,25.2687348],[72.8181959,25.2743113],[72.8185422,25.2770814],[72.8203099,25.2804164],[72.823572,25.2824939],[72.8250482,25.2824939],[72.8259958,25.2825121],[72.8268888,25.282749],[72.8273991,25.283314],[72.8277089,25.2838789],[72.8284925,25.2853733],[72.8379508,25.2800519],[72.8392447,25.2773001],[72.8408666,25.2755688],[72.8423428,25.2750767],[72.8432357,25.2741473],[72.84391,25.273637],[72.8452586,25.2734912],[72.8468623,25.2736553],[72.8480469,25.2738922],[72.8511996,25.2741837],[72.8543888,25.2699558],[72.855701,25.2683703],[72.8572682,25.266803],[72.8638835,25.2611354],[72.8663073,25.2544107],[72.8669452,25.2529528],[72.8689498,25.2516589],[72.8701161,25.2504743],[72.873925,25.2498183],[72.8773875,25.2492898],[72.8792828,25.2493627],[72.8809412,25.2490893],[72.8826907,25.2481963],[72.8839117,25.2474856],[72.8848958,25.2467202],[72.8860075,25.2456996],[72.886372,25.2453169],[72.8897252,25.2448978],[72.8953017,25.2453169],[72.8963405,25.2457361],[72.897197,25.2484879],[72.8970694,25.2509117],[72.8999306,25.2529528],[72.9014432,25.2503832],[72.9020628,25.2497454],[72.9036665,25.2497454],[72.9091155,25.2503468],[72.9126874,25.2546476],[72.916806,25.2556317],[72.9198312,25.2502739],[72.9214349,25.2462281],[72.9286516,25.2444786],[72.9331347,25.243859],[72.9363969,25.2434945],[72.9401658,25.2425305],[72.9418641,25.2444968],[72.9430668,25.2443146],[72.9430851,25.2428202],[72.947149,25.2423464],[72.9470579,25.2441506],[72.956097,25.2440413],[72.9637875,25.2448067],[72.9649174,25.2431665],[72.9683071,25.2443328],[72.9706762,25.2461552],[72.973993,25.2472487],[72.9793508,25.2480505],[72.9861302,25.249472],[72.9873329,25.2541374],[72.9893376,25.2573448],[72.9903946,25.2581466],[72.9922534,25.2591672],[72.9929824,25.2603335],[72.9943674,25.265983],[72.9953515,25.26981],[72.99539429562061,25.26998118428884],[72.9952634817805,25.27013668320141],[72.99452565170644,25.287872217339558],[72.9935291,25.2885443],[72.9901759,25.2969273],[72.9867862,25.3011553],[72.9847087,25.3042169],[72.98449,25.3064403],[72.9834695,25.3081533],[72.9797518,25.3135841],[72.9778929,25.3159167],[72.97749806530841,25.318597470762374],[72.95201966544099,25.343965533405626],[72.88968318189838,25.345531546521094],[72.88201930609507,25.35396593955209],[72.86721797948164,25.356886573946433],[72.85526933319692,25.37013445250607],[72.8567083841208,25.42937037959276],[72.86924518459192,25.440824686644614],[72.90307266392887,25.45333378434085],[72.9445780373613,25.495364882966804],[72.94532548068823,25.51660564570088],[72.95497450763645,25.526539314455697],[72.95514882577703,25.56840724516169],[72.94567390601821,25.57886835904208],[72.94458373962836,25.601156396883546],[72.9030808124355,25.64318735536681],[72.88840682378175,25.64610622174602],[72.87778008223103,25.655056122466828],[72.80581373681937,25.654900652947557],[72.7956286549729,25.645530761360256],[72.75581430801287,25.644900737241358],[72.74423011860273,25.635178281534444],[72.71822635553212,25.63406660713451],[72.7165971,25.6304267],[72.7176905,25.6279847],[72.7186746,25.6264174],[72.7187475,25.6246314],[72.7175812,25.623866],[72.7175447,25.6209866],[72.7190391,25.6195652],[72.719112,25.618654],[72.7186017,25.6173783],[72.718784,25.6125671],[72.7195494,25.6096149],[72.7168887,25.6085579],[72.7118588,25.6059336],[72.709271,25.6042934],[72.7076673,25.6031636],[72.7043505,25.6006122],[72.7010338,25.6017785],[72.6975348,25.6034916],[72.6968423,25.6041112],[72.6948741,25.6047673],[72.6930517,25.6046215],[72.6917031,25.6046579],[72.6860172,25.6081569],[72.6852518,25.6077925],[72.6798939,25.6115466],[72.6790192,25.6106354],[72.6766136,25.612312],[72.6733333,25.6109999],[72.6701623,25.6112915],[72.6673558,25.6100158],[72.6653147,25.6089223],[72.664039,25.6083392],[72.6586083,25.6073915],[72.6564579,25.6077925],[72.6543803,25.6085579],[72.6528495,25.6088859],[72.6511364,25.6090681],[72.6502252,25.6093962],[72.6473823,25.6100522],[72.6401656,25.6097242],[72.6388353,25.608813],[72.6368488,25.6088312],[72.6357372,25.6080111],[72.6348624,25.6076102],[72.6320195,25.6092868],[72.6299966,25.6111274],[72.6283018,25.6116377],[72.6271901,25.6096331],[72.6258051,25.6078289],[72.6248574,25.6064803],[72.6241832,25.6053322],[72.6219234,25.6012865],[72.6197001,25.6022523],[72.6136679,25.6058607],[72.6046652,25.6097971],[72.5949529,25.609558],[72.5852749,25.6040019],[72.5808282,25.5999926],[72.5759077,25.5915002],[72.5675976,25.5814041],[72.56275,25.5767752],[72.5535651,25.5686837],[72.549082,25.5648567],[72.5494829,25.5639819],[72.5474418,25.5631072],[72.5479886,25.5606287],[72.550139,25.5582596],[72.5506493,25.5562914],[72.5504306,25.5552709],[72.5495194,25.5539587],[72.5489727,25.5534849],[72.5496652,25.5528653],[72.5456923,25.5495485],[72.5488269,25.5468149],[72.5506857,25.5443],[72.5517427,25.542186],[72.5540389,25.5399262],[72.5560071,25.5380674],[72.5581211,25.5352609],[72.5598342,25.5328553],[72.5611828,25.5309692],[72.5599208,25.5298985],[72.558595,25.5304497],[72.5552964,25.5319441],[72.5545674,25.5312334],[72.55331,25.5299212],[72.5507222,25.5287367],[72.5466765,25.5272605],[72.542084,25.5252012],[72.5388401,25.5235611],[72.53802,25.5221396],[72.5371088,25.5223036],[72.5365439,25.521684],[72.5333365,25.5188957],[72.5316234,25.5182032],[72.5296188,25.515178],[72.5274501,25.5139752],[72.5280333,25.5126084],[72.5254455,25.5108043],[72.5253726,25.5101482],[72.525245,25.5094921],[72.5250446,25.5087814],[72.5246254,25.5077973],[72.5237689,25.5066856],[72.5227483,25.5053371],[72.5204703,25.5043894],[72.5193951,25.5050455],[72.5168802,25.5065763],[72.5151125,25.5073053],[72.5143471,25.5077609],[72.5095724,25.5072506],[72.5063285,25.5039703],[72.5035767,25.4998699],[72.5021188,25.4943662],[72.5045061,25.4937101],[72.5058729,25.4935644],[72.5060916,25.4930905],[72.5063832,25.4921611],[72.5062374,25.4912681],[72.5056178,25.4905209],[72.5047977,25.4894093],[72.5027201,25.4894093],[72.5018272,25.4893546],[72.4983099,25.4885163],[72.4973441,25.4877691],[72.4930979,25.4865117],[72.491075,25.4856916],[72.4882138,25.4841608],[72.4873755,25.4839968],[72.4849335,25.4837781],[72.4839494,25.4788576],[72.4818901,25.4766525],[72.4816167,25.4761604],[72.4817079,25.4755955],[72.4823093,25.4745567],[72.4829471,25.4736273],[72.4819994,25.4721511],[72.479357,25.4700372],[72.4768056,25.4686339],[72.4754935,25.4674494],[72.4743271,25.4662283],[72.4721949,25.4655176],[72.4701721,25.463112],[72.4684955,25.4617999],[72.4671833,25.4608887],[72.4667095,25.4601415],[72.466181,25.4590845],[72.4649782,25.4579546],[72.4639395,25.4566243],[72.4621717,25.4558224],[72.4611876,25.4565878],[72.4603676,25.4582098],[72.4589461,25.4584467],[72.4578891,25.4585378],[72.4574153,25.4590299],[72.4566499,25.4593032],[72.4552102,25.4586107],[72.454791,25.4577724],[72.4530233,25.4572986],[72.4522214,25.4585196],[72.4505084,25.458228],[72.44885,25.4566972],[72.4474285,25.4549295],[72.4455514,25.4528337],[72.4410137,25.4490978],[72.4381525,25.4469291],[72.4364394,25.4463095],[72.4314825,25.4447969],[72.4280928,25.4429927],[72.423956,25.4406054],[72.4224434,25.4396213],[72.4195093,25.4389835],[72.4154454,25.4390563],[72.4130398,25.4389106],[72.4118006,25.4390199],[72.4107436,25.439275],[72.4099964,25.4396031],[72.4096319,25.4400769],[72.4093221,25.4407876],[72.4087025,25.4412979],[72.4076819,25.4416806],[72.4069894,25.441954],[72.4066067,25.4424278],[72.4060965,25.4430292],[72.404675,25.4433025],[72.40381394724099,25.443287924888192],[72.39811642534676,25.43688656321255],[72.3833185371375,25.433965937959794],[72.36811792262766,25.4168865577368],[72.33331949403593,25.403965931443185],[72.33051294136882,25.401202767267723],[72.3304304,25.3999112],[72.3301206,25.3992916],[72.3295374,25.3979065],[72.3290454,25.3969771],[72.3288631,25.3958108],[72.3287152,25.3939199],[72.327551,25.3926216],[72.3259837,25.3922935],[72.3247627,25.3912001],[72.323487,25.3897969],[72.3216464,25.3895964],[72.3211179,25.3885029],[72.32078762423974,25.38842711215576],[72.31904075585108,25.377696649440768],[72.3003752559123,25.35998195918876],[72.30020890326846,25.26811410817915]]]}},{"type":"Feature","properties":{"zone":"High Fire Zone","color":"#FF8C00","opacity":0.5,"fill":"#FF8C00","fill-opacity":0.5,"stroke":"#FF8C00","stroke-width":1,"stroke-opacity":0.8},"geometry":{"type":"MultiPolygon","coordinates":[[[[72.3902077548448,25.288114095989343],[72.39949917786538,25.278050510513676],[72.40141433521364,25.264282513480993],[72.4095004419022,25.258050057156428],[72.41227622047322,25.24333376925018],[72.42611348102156,25.2408246907179],[72.43332548984948,25.232555237804494],[72.4461143733634,25.230824696540957],[72.4575617192078,25.22146560255143],[72.49081787775754,25.221976692261247],[72.49777070641026,25.230050266046106],[72.5108182936374,25.231976763164184],[72.5225084658729,25.24146916489402],[72.58451055970012,25.241306763496713],[72.59756363533606,25.231465690358764],[72.69951813105347,25.231620272824255],[72.70922705310328,25.240824742476743],[72.72201522565605,25.242555236155003],[72.72922782836531,25.250824687942224],[72.74201554198555,25.252555237470315],[72.74922873984836,25.260824689582673],[72.7620158583126,25.26255523900761],[72.78496100865311,25.286539280095916],[72.78513819927431,25.385083891019157],[72.79513897274029,25.398114120213446],[72.7939389626661,25.532238726389437],[72.7820253830813,25.54396594645733],[72.76839838482414,25.546106187708574],[72.75952467659074,25.554900811221945],[72.73970293922349,25.55552994722395],[72.72952681492099,25.564900464186138],[72.60331302230838,25.563965140643916],[72.5869419777962,25.54610618027955],[72.57226369513423,25.54318734973536],[72.56092550145046,25.531329047837975],[72.5611828,25.5309692],[72.56068176586862,25.53054411502023],[72.559031310149,25.517693512273958],[72.53140336414752,25.492238727771742],[72.5290340132229,25.477694420223827],[72.51140479877442,25.462238727951068],[72.5096745801253,25.44887135488976],[72.50076518521631,25.44115637575538],[72.49967582216559,25.428871807942997],[72.49076624616889,25.421156375450572],[72.48967706317562,25.408872260745788],[72.48076730608724,25.40115637454392],[72.47817710883184,25.376644473282145],[72.44695894867115,25.346106979702576],[72.41451856242062,25.34454439154689],[72.39141147173451,25.322238720588274],[72.3902077548448,25.288114095989343]]],[[[72.58022316683589,25.018114091384348],[72.58951615079404,25.00804441066781],[72.59333377743832,24.982554987810786],[72.61408137793477,24.982554987363837],[72.6148807,24.9868782],[72.6174899,24.986943],[72.6195272,24.9873642],[72.6224223,24.9881093],[72.6234231,24.9898587],[72.6245311,24.9913813],[72.6264254,24.9944265],[72.6302141,24.998249],[72.6322514,24.9994476],[72.6337883,25.0008729],[72.6344674,25.0026869],[72.6351822,25.0062176],[72.6366834,25.0111572],[72.6381131,25.0160967],[72.6423664,25.0167445],[72.6445109,25.0167769],[72.6481566,25.0166473],[72.6484783,25.0201776],[72.6483353,25.0218294],[72.6483353,25.0234488],[72.649622,25.0246795],[72.6506024,25.0250814],[72.6526244,25.0259102],[72.6547332,25.026396],[72.6568419,25.0270761],[72.6559127,25.0289869],[72.6550548,25.0312539],[72.6556625,25.0343628],[72.6578785,25.0389289],[72.6609165,25.0432681],[72.6625859,25.0455229],[72.6628824,25.0459234],[72.6661349,25.0471215],[72.6703525,25.0478663],[72.6747487,25.0488701],[72.6798599,25.0491615],[72.6837558,25.0493558],[72.68455456055541,25.04904961919845],[72.68455575177296,25.071156310571475],[72.66835877521277,25.076106213201662],[72.65951963974217,25.084900774934383],[72.61332935665804,25.083965783462357],[72.59078519656029,25.06115637337117],[72.58969922394516,25.04888039274787],[72.58039311031854,25.039981966047343],[72.58022316683589,25.018114091384348]]]]}},{"type":"Feature","properties":{"zone":"Very High Fire Zone","color":"#FF0000","opacity":0.55,"fill":"#FF0000","fill-opacity":0.55,"stroke":"#FF0000","stroke-width":1,"stroke-opacity":0.8},"geometry":{"type":"Polygon","coordinates":[[[72.55020315238338,25.36811409146477],[72.55949410883606,25.358052310587972],[72.56141053558011,25.344282506836958],[72.57863906550399,25.329368099485855],[72.58077189910851,25.315364843956168],[72.59332327562598,25.302555232030674],[72.60610793545654,25.30082471965234],[72.61582094540363,25.291620383386785],[72.69081868548665,25.291976426532575],[72.69923246453429,25.300824720339378],[72.71306659666367,25.303333762463076],[72.71584375213126,25.318051402936344],[72.72496324727544,25.326539265318132],[72.72531600719815,25.356601991996847],[72.73513724752468,25.36811409299894],[72.7345757553505,25.45115636911747],[72.7163057265693,25.467694642652162],[72.71457735059981,25.48115637196268],[72.70202391128284,25.493965867589292],[72.67969735001289,25.49552991077531],[72.66952411661354,25.504900813248042],[72.63451520576004,25.504544456370184],[72.6269462475972,25.49610620495767],[72.61226572267535,25.493187348683637],[72.59694790392635,25.476106180391557],[72.58331726564649,25.473965947591697],[72.57140479077664,25.46223872464464],[72.56967456855668,25.448871353295303],[72.56140574800492,25.44223872415632],[72.55967581247502,25.428871807274987],[72.55037187853914,25.41998196311742],[72.55020315238338,25.36811409146477]]]}},{"type":"Feature","properties":{"name":"Jalore District Boundary","stroke":"#FFFFFF","stroke-width":2,"stroke-opacity":0.9,"fill":"none","fill-opacity":0},"bbox":[71.1876702,24.6082608,73.0912827,25.8097873],"geometry":{"type":"Polygon","coordinates":[[[71.1876702,24.6495821],[71.2876859,24.6162542],[71.295568,24.6186591],[71.2974266,24.6202837],[71.2989635,24.6224932],[71.3000358,24.6240528],[71.3015012,24.6247351],[71.3041104,24.6249951],[71.304861,24.6263597],[71.3048253,24.6307459],[71.3060405,24.6339299],[71.3151547,24.6451057],[71.3169418,24.6466001],[71.3316676,24.6521875],[71.3450709,24.6576123],[71.3496459,24.6587167],[71.3541136,24.6453656],[71.3584742,24.6317206],[71.3588316,24.6299337],[71.3600825,24.6285041],[71.3615122,24.6278218],[71.3640499,24.6272045],[71.3670165,24.6263597],[71.3742722,24.625385],[71.3763452,24.6251575],[71.3788472,24.62532],[71.3804555,24.6260673],[71.381921,24.6273994],[71.3826716,24.6300637],[71.3836009,24.6313633],[71.3851378,24.6317531],[71.3859598,24.630616],[71.3871036,24.6295763],[71.3908922,24.6297388],[71.3949311,24.6312333],[71.3963608,24.6333451],[71.3983266,24.6383809],[71.4023655,24.6395179],[71.4211658,24.6443585],[71.4238465,24.645723],[71.4269918,24.6494263],[71.4280283,24.6516028],[71.4290648,24.6537468],[71.430709,24.6555009],[71.4354625,24.6577099],[71.4474719,24.6649858],[71.451475,24.6669347],[71.4641992,24.6651158],[71.4736352,24.674275],[71.4768163,24.6769057],[71.4797471,24.678692],[71.483643,24.6786595],[71.4877891,24.6784972],[71.4925071,24.6783023],[71.4949375,24.6783023],[71.4996555,24.6785946],[71.5015141,24.6793416],[71.5040518,24.6806731],[71.5056244,24.6805108],[71.5076617,24.6797313],[71.5105852,24.678413],[71.5149888,24.6776852],[71.5171334,24.6794065],[71.5218513,24.6819397],[71.523138,24.6824269],[71.5259617,24.6826217],[71.530072,24.6831089],[71.5316804,24.6820047],[71.5333245,24.6801535],[71.5352904,24.6783023],[71.5370775,24.6767434],[71.5394007,24.6759639],[71.5424745,24.6752494],[71.5498017,24.6757041],[71.5525181,24.6756391],[71.55502,24.6758989],[71.5587372,24.6768408],[71.561668,24.6779126],[71.5689594,24.6809654],[71.5721047,24.6819397],[71.5736059,24.6819073],[71.5760721,24.6816474],[71.577609,24.6804458],[71.580111,24.6782049],[71.5835065,24.6729109],[71.5850791,24.6699228],[71.5861514,24.6682338],[71.5876168,24.6672919],[71.5907621,24.6666098],[71.5942648,24.6676816],[71.6010201,24.6704425],[71.6033076,24.6722288],[71.6058095,24.6737878],[71.6074179,24.6746323],[71.6090978,24.6740152],[71.6112781,24.6725211],[71.6131724,24.6708972],[71.6171398,24.6697929],[71.6190699,24.6689809],[71.619749,24.6672269],[71.6204995,24.6664799],[71.6230015,24.6669996],[71.6242525,24.667844],[71.6260753,24.667974],[71.6272905,24.6672594],[71.6278267,24.6657978],[71.6274693,24.6630044],[71.6288632,24.6605033],[71.6298282,24.660016],[71.6316153,24.659139],[71.633331,24.6588467],[71.6360474,24.6585543],[71.639836,24.658132],[71.6399075,24.655241],[71.6401934,24.6532595],[71.6409083,24.6495563],[71.6428384,24.6458529],[71.6435889,24.6439037],[71.6457692,24.642052],[71.6476993,24.6415647],[71.6498438,24.6409149],[71.6526317,24.6402327],[71.6538112,24.6399403],[71.6548477,24.6389332],[71.6560272,24.6382184],[71.6573139,24.6382509],[71.658279,24.639453],[71.6621034,24.6424093],[71.6647125,24.6426042],[71.6671787,24.6426367],[71.6702168,24.6430915],[71.6733979,24.6440661],[71.6777584,24.6452681],[71.6835486,24.6472498],[71.6858004,24.6482893],[71.6870156,24.6500435],[71.6889814,24.6521226],[71.6911974,24.6525124],[71.6957367,24.6528697],[71.6989892,24.6534544],[71.7014912,24.6546888],[71.7039574,24.6568327],[71.7061376,24.6603733],[71.7107841,24.660081],[71.7274399,24.6591065],[71.7360895,24.6584893],[71.7380911,24.6591065],[71.7461688,24.6625172],[71.7600367,24.6668047],[71.7642186,24.6674543],[71.7656482,24.6680064],[71.7670779,24.6694356],[71.7687221,24.6715468],[71.7731898,24.6738203],[71.778015,24.6737229],[71.780374,24.6739827],[71.783555,24.6745998],[71.7862,24.6751844],[71.788416,24.6753793],[71.7917757,24.6753793],[71.794921,24.6744699],[71.8011402,24.6718066],[71.8033919,24.6704749],[71.806144,24.6651157],[71.8095753,24.6594963],[71.8111122,24.6559232],[71.8103974,24.6499786],[71.807395,24.6429616],[71.8052505,24.6370489],[71.8042497,24.6334751],[71.8038208,24.6313308],[71.8039995,24.6292514],[71.8058581,24.6264897],[71.8081099,24.6243452],[71.8117556,24.6207711],[71.8160804,24.6193739],[71.8189755,24.6190815],[71.8210128,24.619179],[71.8240151,24.6195039],[71.8268387,24.6204137],[71.8286616,24.6210635],[71.8303772,24.6214859],[71.8328077,24.6214859],[71.8362032,24.621161],[71.8396523,24.6193902],[71.8419398,24.6179117],[71.8447277,24.6157996],[71.8483019,24.612144],[71.8498567,24.6101618],[71.8522514,24.6082608],[71.8531807,24.6099506],[71.8547533,24.6175543],[71.8552537,24.6209336],[71.8593998,24.6247351],[71.8654759,24.6297388],[71.8654402,24.6313633],[71.8639033,24.6350346],[71.860758,24.6424093],[71.8583275,24.6492314],[71.858399,24.6564754],[71.8576127,24.6638164],[71.859793,24.6706698],[71.8667984,24.6743075],[71.8703369,24.6771006],[71.872946,24.6804783],[71.8772708,24.6802185],[71.8801302,24.6783672],[71.8827394,24.6767434],[71.884598,24.6763861],[71.8864923,24.6756391],[71.8877433,24.6737229],[71.8892087,24.6715143],[71.8939624,24.673528],[71.9017899,24.6759314],[71.9085809,24.6764835],[71.9124768,24.6756066],[71.9172305,24.6729109],[71.9193393,24.6708322],[71.9204831,24.6690783],[71.9211264,24.6650832],[71.919804,24.6613803],[71.917302,24.6595288],[71.9139422,24.6582295],[71.9129772,24.6568327],[71.9139065,24.653292],[71.9167659,24.6481594],[71.919661,24.6436113],[71.9258086,24.6352945],[71.9331715,24.6343198],[71.9353518,24.6345472],[71.937818,24.6348396],[71.9393906,24.6358793],[71.9399625,24.6341574],[71.9408203,24.6330527],[71.9425717,24.63367],[71.9435367,24.6353594],[71.9445732,24.6377636],[71.9465748,24.6401677],[71.9504349,24.6416296],[71.952508,24.6428317],[71.9538662,24.6434164],[71.9564396,24.6439362],[71.9614792,24.644391],[71.9645173,24.6447809],[71.965804,24.6462102],[71.9681988,24.648939],[71.9734886,24.6521226],[71.9769913,24.6550461],[71.9791358,24.6560531],[71.9812804,24.6567677],[71.9848903,24.6575149],[71.9882858,24.6574824],[71.9873923,24.6599511],[71.9858554,24.6650182],[71.9846401,24.6680714],[71.9832411,24.6728715],[71.9828888,24.6740801],[71.9828173,24.675087],[71.9829603,24.6761587],[71.9833892,24.6779775],[71.9836394,24.6803808],[71.9839968,24.6834661],[71.9849976,24.6858369],[71.988536,24.6891818],[71.992968,24.6919746],[71.9940403,24.6926891],[71.996578,24.6929813],[71.9977217,24.6930787],[72.000045,24.6934684],[72.0020108,24.6931112],[72.0023682,24.6910978],[72.0026899,24.688922],[72.0077653,24.6888896],[72.0120186,24.6889545],[72.0146278,24.6910004],[72.0178088,24.6929164],[72.0198461,24.6935659],[72.0228484,24.6944751],[72.0272447,24.6961637],[72.0299611,24.6979172],[72.0352688,24.7012456],[72.0371274,24.7021224],[72.0385571,24.7026581],[72.0421849,24.7034537],[72.0427599,24.7045645],[72.0468807,24.7089426],[72.0486402,24.7101901],[72.0508297,24.7113294],[72.0526865,24.7118932],[72.0548734,24.7111653],[72.0579115,24.7112627],[72.0600202,24.7111653],[72.0640948,24.7103536],[72.0705999,24.7093146],[72.0776054,24.7068144],[72.0817514,24.7066845],[72.0855044,24.7061325],[72.08722,24.7027556],[72.0888284,24.6958715],[72.090401,24.6925267],[72.091652,24.6880452],[72.0932247,24.6821346],[72.0915805,24.6809654],[72.0898292,24.680186],[72.0865051,24.6783348],[72.0862907,24.6770681],[72.0866481,24.6733331],[72.0874702,24.6711245],[72.0880063,24.6685586],[72.0888641,24.6664149],[72.0898649,24.6622248],[72.090544,24.65732],[72.0919737,24.657255],[72.0947616,24.6574824],[72.097192,24.6570276],[72.0990864,24.6547863],[72.1016598,24.6521226],[72.1043047,24.6483868],[72.1071641,24.6473472],[72.1092371,24.6460478],[72.1105953,24.6459179],[72.112168,24.6462752],[72.1137764,24.64673],[72.1155992,24.6464052],[72.1168144,24.6427017],[72.1196738,24.6399403],[72.1249994,24.6391931],[72.1263933,24.6397129],[72.1277873,24.640655],[72.1301463,24.6417596],[72.133363,24.641987],[72.1406902,24.6428641],[72.142799,24.6434164],[72.1460872,24.6436763],[72.148339,24.6438712],[72.1506622,24.6434164],[72.1539148,24.6404601],[72.1579894,24.6371138],[72.1608487,24.6348071],[72.1621354,24.6325654],[72.1634936,24.6259698],[72.1649233,24.6215184],[72.1660313,24.6215834],[72.1685333,24.6222658],[72.1720717,24.6221683],[72.1766467,24.6205762],[72.1859754,24.619244],[72.1886203,24.6189515],[72.1905147,24.6185941],[72.1935528,24.6178467],[72.1951611,24.6170669],[72.1959117,24.6159621],[72.196841,24.6149548],[72.198092,24.6153447],[72.1981635,24.6169369],[72.1972342,24.6184966],[72.1965551,24.6193414],[72.1952684,24.6209661],[72.1945178,24.6224282],[72.1970555,24.6227856],[72.1993787,24.6226232],[72.203918,24.6230456],[72.2065986,24.6242153],[72.2087074,24.625255],[72.2124246,24.6260348],[72.2161775,24.6262298],[72.2169638,24.6269446],[72.2175357,24.6285041],[72.2193228,24.630551],[72.2237906,24.6339949],[72.2256134,24.6368864],[72.2279367,24.6396804],[72.2302242,24.6399728],[72.233298,24.6399728],[72.2352638,24.6381535],[72.2367292,24.6355219],[72.2379087,24.635132],[72.2398745,24.6348071],[72.2416616,24.6346772],[72.2441993,24.633605],[72.2468085,24.6312658],[72.2478808,24.6282442],[72.2497393,24.6267496],[72.252563,24.6259048],[72.2554223,24.6252225],[72.2575311,24.6261323],[72.260319,24.6285366],[72.2628567,24.6311033],[72.2660735,24.6342223],[72.2671815,24.6361067],[72.2692903,24.6370489],[72.2710774,24.6375687],[72.2719352,24.6371788],[72.2723641,24.6354244],[72.2712561,24.6311033],[72.271542,24.6299012],[72.2724713,24.6284716],[72.2746516,24.6276594],[72.2762957,24.6274319],[72.2789764,24.627042],[72.2808707,24.6267496],[72.2827651,24.6254175],[72.2853385,24.6231431],[72.2870541,24.6215509],[72.2889484,24.6199588],[72.2908428,24.6202512],[72.2964185,24.6245727],[72.2979197,24.6244427],[72.2993136,24.6234355],[72.3019943,24.6203812],[72.3036742,24.6182042],[72.30564,24.6175218],[72.3070339,24.6174893],[72.3096074,24.6179442],[72.3127169,24.618919],[72.3161482,24.619049],[72.3173992,24.6185616],[72.3197224,24.6178792],[72.3223673,24.6192115],[72.3257986,24.6228669],[72.3278716,24.6246701],[72.330445,24.627107],[72.3351629,24.6327603],[72.33502,24.6347747],[72.3332329,24.6380235],[72.3303735,24.6409474],[72.3254411,24.6449758],[72.3225102,24.6476397],[72.3194364,24.6484843],[72.3174349,24.649199],[72.3152903,24.6517977],[72.3139321,24.6542016],[72.3131458,24.6569302],[72.3126454,24.6614778],[72.3128599,24.6655704],[72.3123595,24.6708972],[72.3135747,24.675769],[72.3149329,24.6786921],[72.3177923,24.6812253],[72.3193649,24.6846678],[72.3212235,24.690968],[72.3267278,24.701684],[72.3298016,24.7109056],[72.3359493,24.7160356],[72.3446633,24.7233414],[72.3455783,24.7251706],[72.3526766,24.7366185],[72.3606828,24.7482395],[72.3631133,24.7511609],[72.3647574,24.7540821],[72.3669734,24.756419],[72.3722633,24.7615472],[72.3739074,24.7656366],[72.3775531,24.766026],[72.3801265,24.7657015],[72.3865601,24.7665453],[72.3894909,24.7671295],[72.3922788,24.7683627],[72.3944948,24.7707643],[72.3964964,24.77375],[72.4003566,24.7757621],[72.402787,24.7723221],[72.4067186,24.7684277],[72.4085772,24.7656366],[72.4104358,24.7612226],[72.4133667,24.7552506],[72.418871,24.7551207],[72.4243038,24.7558348],[72.4338112,24.7558997],[72.4375283,24.755705],[72.4424608,24.7560296],[72.4441049,24.7575875],[72.4478221,24.7603139],[72.4505385,24.7595998],[72.4523256,24.7584314],[72.4554709,24.7575875],[72.4574724,24.7583016],[72.463495,24.7561593],[72.4669263,24.754293],[72.4721828,24.7534636],[72.4785447,24.7541972],[72.4840808,24.7558535],[72.489956,24.7589016],[72.4915347,24.759827],[72.4930359,24.7641761],[72.493572,24.7749507],[72.4933933,24.782447],[72.4909271,24.7936744],[72.4888898,24.8001637],[72.4873171,24.8059714],[72.48914,24.8095726],[72.4896404,24.8130116],[72.491213,24.8157692],[72.49468,24.8173264],[72.4962884,24.8182023],[72.4971462,24.8200839],[72.496753,24.8215112],[72.4955736,24.8233928],[72.4947515,24.8254689],[72.4955736,24.8278045],[72.4961812,24.8300427],[72.4947157,24.8327675],[72.4929644,24.8343893],[72.4931788,24.8362707],[72.4920351,24.8382817],[72.490248,24.8393521],[72.4902837,24.8415901],[72.4913202,24.844639],[72.4907126,24.8472337],[72.4898548,24.8498283],[72.4883179,24.8528121],[72.4841361,24.858066],[72.4836357,24.8592335],[72.4830281,24.8614387],[72.482206,24.8629954],[72.481098,24.8648763],[72.4799543,24.866822],[72.4792752,24.8690919],[72.4789535,24.8709079],[72.4792752,24.8724968],[72.4808478,24.873956],[72.4835642,24.8742803],[72.4852083,24.873275],[72.4859589,24.8726265],[72.4887468,24.8734372],[72.4921781,24.8758043],[72.4948945,24.8773607],[72.4974679,24.8782038],[72.4997911,24.8790793],[72.5022573,24.8808951],[72.5032939,24.8831972],[72.5033296,24.8878013],[72.502865,24.8920162],[72.5016855,24.8988895],[72.4991835,24.9024232],[72.493715,24.9068645],[72.4955736,24.907675],[72.4972177,24.9087772],[72.4984329,24.9107546],[72.4983614,24.9127644],[72.4972534,24.9147094],[72.4966101,24.916006],[72.4970032,24.9174971],[72.4970032,24.9185992],[72.4983257,24.9192151],[72.5006847,24.9199282],[72.5020786,24.9209979],[72.503973,24.9227158],[72.506189,24.9253737],[72.5097989,24.9302356],[72.5136948,24.9335739],[72.5165184,24.9355834],[72.5178052,24.9359075],[72.5189489,24.9352593],[72.5201641,24.9333147],[72.5210219,24.9320182],[72.5223444,24.9315969],[72.5258114,24.9310459],[72.5312084,24.9308838],[72.5386428,24.9319534],[72.5446832,24.9319534],[72.5510096,24.9318562],[72.5584439,24.9328933],[72.5632691,24.9338008],[72.5654136,24.9340277],[72.5685947,24.9357455],[72.5732054,24.9404124],[72.5776374,24.9449172],[72.5818193,24.9515607],[72.5863943,24.9563891],[72.5957944,24.9636475],[72.6014417,24.9665638],[72.6065885,24.973206],[72.6089833,24.9746316],[72.6118069,24.9763812],[72.6127004,24.9782928],[72.6138085,24.9810791],[72.6148807,24.9868782],[72.6174899,24.986943],[72.6195272,24.9873642],[72.6224223,24.9881093],[72.6234231,24.9898587],[72.6245311,24.9913813],[72.6264254,24.9944265],[72.6302141,24.998249],[72.6322514,24.9994476],[72.6337883,25.0008729],[72.6344674,25.0026869],[72.6351822,25.0062176],[72.6366834,25.0111572],[72.6381131,25.0160967],[72.6423664,25.0167445],[72.6445109,25.0167769],[72.6481566,25.0166473],[72.6484783,25.0201776],[72.6483353,25.0218294],[72.6483353,25.0234488],[72.649622,25.0246795],[72.6506024,25.0250814],[72.6526244,25.0259102],[72.6547332,25.026396],[72.6568419,25.0270761],[72.6559127,25.0289869],[72.6550548,25.0312539],[72.6556625,25.0343628],[72.6578785,25.0389289],[72.6609165,25.0432681],[72.6625859,25.0455229],[72.6628824,25.0459234],[72.6661349,25.0471215],[72.6703525,25.0478663],[72.6747487,25.0488701],[72.6798599,25.0491615],[72.6837558,25.0493558],[72.6856143,25.0486434],[72.6874729,25.0475749],[72.6887597,25.0485463],[72.6887597,25.0505862],[72.6885095,25.0532738],[72.6886524,25.0546013],[72.690511,25.0564793],[72.6911186,25.0589076],[72.6912973,25.0674227],[72.6913428,25.0721349],[72.6915967,25.0734806],[72.6927995,25.0772616],[72.6959081,25.0792716],[72.699518,25.0803075],[72.7018055,25.0806312],[72.7036999,25.0823793],[72.7038786,25.086717],[72.7051295,25.091443],[72.7065235,25.0986287],[72.7089182,25.10439],[72.7138864,25.10918],[72.7200697,25.1135492],[72.728076,25.1200217],[72.7344023,25.1240344],[72.7382625,25.1263644],[72.7402998,25.1333216],[72.743588,25.1413138],[72.7458398,25.1563907],[72.7456968,25.1577171],[72.747198,25.1598847],[72.7525951,25.1642844],[72.7577419,25.1697514],[72.7621382,25.1745065],[72.7655337,25.179779],[72.7720388,25.1869919],[72.7745765,25.1875417],[72.7771141,25.1878005],[72.7792944,25.1879622],[72.7808671,25.1892559],[72.7809028,25.1910671],[72.7791514,25.1930077],[72.7781507,25.1955304],[72.7780434,25.2197518],[72.7818321,25.2280617],[72.7868003,25.2321679],[72.7904102,25.2348837],[72.7945205,25.2431279],[72.79931,25.2495935],[72.8025268,25.2561881],[72.8081025,25.2545395],[72.8091649,25.2540463],[72.8117993,25.2566158],[72.8154988,25.2641423],[72.817303,25.2687348],[72.8181959,25.2743113],[72.8185422,25.2770814],[72.8203099,25.2804164],[72.823572,25.2824939],[72.8250482,25.2824939],[72.8259958,25.2825121],[72.8268888,25.282749],[72.8273991,25.283314],[72.8277089,25.2838789],[72.8284925,25.2853733],[72.8379508,25.2800519],[72.8392447,25.2773001],[72.8408666,25.2755688],[72.8423428,25.2750767],[72.8432357,25.2741473],[72.84391,25.273637],[72.8452586,25.2734912],[72.8468623,25.2736553],[72.8480469,25.2738922],[72.8511996,25.2741837],[72.8543888,25.2699558],[72.855701,25.2683703],[72.8572682,25.266803],[72.8638835,25.2611354],[72.8663073,25.2544107],[72.8669452,25.2529528],[72.8689498,25.2516589],[72.8701161,25.2504743],[72.873925,25.2498183],[72.8773875,25.2492898],[72.8792828,25.2493627],[72.8809412,25.2490893],[72.8826907,25.2481963],[72.8839117,25.2474856],[72.8848958,25.2467202],[72.8860075,25.2456996],[72.886372,25.2453169],[72.8897252,25.2448978],[72.8953017,25.2453169],[72.8963405,25.2457361],[72.897197,25.2484879],[72.8970694,25.2509117],[72.8999306,25.2529528],[72.9014432,25.2503832],[72.9020628,25.2497454],[72.9036665,25.2497454],[72.9091155,25.2503468],[72.9126874,25.2546476],[72.916806,25.2556317],[72.9198312,25.2502739],[72.9214349,25.2462281],[72.9286516,25.2444786],[72.9331347,25.243859],[72.9363969,25.2434945],[72.9401658,25.2425305],[72.9418641,25.2444968],[72.9430668,25.2443146],[72.9430851,25.2428202],[72.947149,25.2423464],[72.9470579,25.2441506],[72.956097,25.2440413],[72.9637875,25.2448067],[72.9649174,25.2431665],[72.9683071,25.2443328],[72.9706762,25.2461552],[72.973993,25.2472487],[72.9793508,25.2480505],[72.9861302,25.249472],[72.9873329,25.2541374],[72.9893376,25.2573448],[72.9903946,25.2581466],[72.9922534,25.2591672],[72.9929824,25.2603335],[72.9943674,25.265983],[72.9953515,25.26981],[72.9977206,25.2792865],[72.9958253,25.2860658],[72.9950964,25.2874873],[72.9935291,25.2885443],[72.9901759,25.2969273],[72.9867862,25.3011553],[72.9847087,25.3042169],[72.98449,25.3064403],[72.9834695,25.3081533],[72.9797518,25.3135841],[72.9778929,25.3159167],[72.9772004,25.3206185],[72.9771275,25.3226961],[72.9770182,25.3251016],[72.9754873,25.3261222],[72.9757789,25.3277624],[72.97505,25.3282362],[72.9751958,25.3314072],[72.9733734,25.3320997],[72.9735191,25.333995],[72.9726079,25.3351248],[72.9671043,25.3397902],[72.9640791,25.341649],[72.9616735,25.3414668],[72.9593044,25.3436901],[72.9531447,25.3467518],[72.9507391,25.3490844],[72.9494999,25.3522919],[72.9478597,25.3534582],[72.9468027,25.3535311],[72.9455635,25.3537133],[72.9442149,25.3551348],[72.942101,25.3554993],[72.9402057,25.3560825],[72.93893,25.3568479],[72.9373263,25.3584516],[72.9362693,25.360602],[72.9384562,25.3605656],[72.9403879,25.3598366],[72.9432308,25.361659],[72.945928,25.363773],[72.9562792,25.3750719],[72.9622932,25.3724476],[72.9667763,25.3715],[72.9699837,25.3715729],[72.9719519,25.3715729],[72.9745397,25.3713542],[72.9772368,25.3671991],[72.978549,25.36483],[72.9809181,25.3626795],[72.981647,25.3610758],[72.9837246,25.3577955],[72.985875,25.3561554],[72.9876245,25.3545152],[72.9896656,25.351818],[72.9905768,25.350433],[72.9913787,25.3495583],[72.9924721,25.3480639],[72.9988505,25.3520003],[73.0014748,25.3529115],[73.0042813,25.3548432],[73.0054841,25.3554993],[73.0073065,25.3561918],[73.008327,25.3569208],[73.0054476,25.3682196],[73.0043906,25.3705159],[73.0026411,25.3708804],[72.9989599,25.3714635],[72.9965543,25.3723018],[72.9940758,25.3739055],[72.9920347,25.3753999],[72.9908684,25.3767485],[72.9922899,25.3797372],[72.9955702,25.381997],[72.9983402,25.3840016],[73.0016206,25.3867717],[72.9995795,25.3888857],[72.9986683,25.3903071],[73.0001626,25.3919838],[73.0016206,25.392166],[73.0028962,25.3916193],[73.0153979,25.3839287],[73.0169652,25.3821063],[73.0164185,25.3805391],[73.018496,25.3801017],[73.0213754,25.3818877],[73.0246922,25.3840016],[73.0322004,25.3894324],[73.035663,25.3926034],[73.0383966,25.3938062],[73.0414218,25.3968313],[73.0427704,25.3993098],[73.0439367,25.4019341],[73.0448479,25.404449],[73.0463787,25.4067816],[73.0480553,25.4089685],[73.0523198,25.4125404],[73.0561468,25.4194656],[73.0572038,25.424058],[73.0588804,25.4240945],[73.0586617,25.4266823],[73.0599738,25.4305093],[73.0610308,25.4328784],[73.0615047,25.4350653],[73.0615411,25.4375073],[73.0595729,25.4393297],[73.0564384,25.4420633],[73.0539599,25.4436306],[73.0535225,25.4447605],[73.058115,25.4468016],[73.0615411,25.4474576],[73.064384,25.4490978],[73.0677737,25.4513211],[73.0687214,25.4525968],[73.0704709,25.4547108],[73.0728764,25.4557313],[73.0740792,25.4571164],[73.0756465,25.4583191],[73.0775418,25.4593397],[73.0827538,25.4619639],[73.0859977,25.4632761],[73.0875285,25.4644789],[73.0889865,25.4653172],[73.0902257,25.4664106],[73.0912827,25.4673947],[73.0897154,25.4688891],[73.089278,25.4717685],[73.0875285,25.4788394],[73.0863622,25.481901],[73.0828164,25.4917085],[73.078849,25.4904503],[73.0774908,25.4904503],[73.0750603,25.4919989],[73.0712002,25.4944831],[73.0684481,25.494354],[73.0656244,25.4944508],[73.0631225,25.4954509],[73.0605133,25.4967737],[73.0584403,25.4980318],[73.057225,25.4995803],[73.0565102,25.5022579],[73.053079,25.505871],[73.0513991,25.508129],[73.051542,25.5105484],[73.051542,25.5129032],[73.0513991,25.5145482],[73.051828,25.5159998],[73.0530432,25.5175803],[73.0522926,25.5202575],[73.0526858,25.5232249],[73.0537223,25.5252569],[73.0539368,25.5288047],[73.0538653,25.5304818],[73.0528288,25.5324815],[73.0525428,25.5348358],[73.0526143,25.5374481],[73.0537581,25.5396088],[73.0534364,25.5420275],[73.053079,25.5434465],[73.0525428,25.5451879],[73.0522211,25.5467681],[73.0520424,25.5482192],[73.0532577,25.5500895],[73.0541155,25.552637],[73.0542942,25.5548297],[73.0541155,25.5568289],[73.0524356,25.5586669],[73.049326,25.5599566],[73.0457876,25.560795],[73.0429282,25.5616011],[73.0407122,25.5633422],[73.0396399,25.5691459],[73.038103,25.5730148],[73.0328489,25.5773672],[73.0294534,25.5798335],[73.0236632,25.5829768],[73.0186414,25.5853785],[73.0181232,25.5855074],[73.0134767,25.5857331],[73.012047,25.5899077],[73.0094378,25.5905525],[73.0059709,25.5908104],[73.0032902,25.5925833],[73.0000898,25.5946711],[72.9967183,25.59653],[72.9923992,25.599701],[72.9903217,25.6018514],[72.9887909,25.6038196],[72.9874788,25.6054415],[72.9855652,25.6054233],[72.9842167,25.6053686],[72.9802074,25.6048401],[72.9798429,25.6084485],[72.9793144,25.6128587],[72.9781663,25.6164853],[72.9756696,25.621588],[72.9733734,25.622973],[72.9716056,25.6244856],[72.9707309,25.6250688],[72.9699473,25.6243945],[72.9683618,25.6237384],[72.9675235,25.6236109],[72.963095,25.6241576],[72.9628581,25.6261076],[72.9623478,25.6271463],[72.962038,25.6284949],[72.9617647,25.6298253],[72.9588488,25.6306271],[72.9570629,25.6310098],[72.953983,25.6313379],[72.951869,25.6317023],[72.9488439,25.632486],[72.9412627,25.6340897],[72.9385108,25.6347822],[72.9366702,25.6354018],[72.9359959,25.636149],[72.9363057,25.6381901],[72.9365426,25.6409601],[72.9374174,25.6448783],[72.9378366,25.6474479],[72.9313124,25.6478306],[72.9312759,25.6510016],[72.9289979,25.6504731],[72.9283054,25.6528604],[72.9260638,25.6547375],[72.9215807,25.6609336],[72.9233667,25.6619724],[72.9230022,25.6629201],[72.9234578,25.6635943],[72.9201046,25.6659635],[72.9192298,25.6706106],[72.923312,25.6727246],[72.9234396,25.6742554],[72.9281232,25.677317],[72.9294717,25.6802875],[72.930711,25.6843515],[72.9292895,25.6835496],[72.9256811,25.6860281],[72.9243326,25.6846795],[72.9193939,25.6857001],[72.9156215,25.6837137],[72.9135075,25.6877047],[72.9119038,25.6874496],[72.9092431,25.6898734],[72.9074936,25.688379],[72.9059081,25.6904748],[72.9038306,25.6889439],[72.9013156,25.6891809],[72.9004044,25.6902561],[72.8993657,25.6916958],[72.8966867,25.6919691],[72.8925863,25.688871],[72.8905635,25.6948667],[72.887593,25.6959784],[72.8877205,25.6991312],[72.8843673,25.701883],[72.8862079,25.703432],[72.889306,25.7045984],[72.8897434,25.704161],[72.8907275,25.7049446],[72.8930966,25.7073137],[72.8989283,25.71043],[72.8953746,25.7156421],[72.8923312,25.7208542],[72.8912378,25.7226948],[72.890199,25.7247359],[72.8898892,25.7279706],[72.8898345,25.7303398],[72.88947,25.7363081],[72.8853696,25.7361259],[72.8844949,25.7366908],[72.8825996,25.736381],[72.8820346,25.7365633],[72.8815608,25.737438],[72.8807772,25.7379847],[72.8799753,25.7384586],[72.8794651,25.7388413],[72.8787908,25.7405726],[72.8751095,25.7372193],[72.8734511,25.7386955],[72.8716287,25.7412833],[72.8712096,25.7435613],[72.870025,25.7452015],[72.8699886,25.7461127],[72.8703713,25.7478986],[72.8705353,25.7485547],[72.871811,25.7501402],[72.8664713,25.7511789],[72.8632639,25.7527462],[72.8604756,25.7537485],[72.8570495,25.7538579],[72.8542977,25.7538943],[72.8512725,25.7546779],[72.8476277,25.7555162],[72.8453133,25.7557349],[72.8416138,25.7558443],[72.8416867,25.7579036],[72.8414133,25.7583774],[72.8391718,25.7592886],[72.8366751,25.7601269],[72.8354359,25.7614573],[72.832028,25.7656306],[72.8280369,25.7646282],[72.8245561,25.7643731],[72.8236085,25.7645189],[72.8209478,25.7684553],[72.8184146,25.771444],[72.8170296,25.7727562],[72.8138404,25.7745968],[72.8092297,25.7763463],[72.8044186,25.779335],[72.8023411,25.7810299],[72.80112,25.7828887],[72.8008649,25.7843466],[72.8010654,25.7882283],[72.8005916,25.7905792],[72.8005004,25.7923834],[72.7989696,25.7938049],[72.7965094,25.7945885],[72.7934113,25.7953904],[72.7900945,25.7961558],[72.7854474,25.7973403],[72.7836068,25.7983062],[72.7823858,25.7995272],[72.7778753,25.8025068],[72.7678065,25.8038463],[72.7641253,25.8051402],[72.7605716,25.807728],[72.7578745,25.8097873],[72.7565988,25.8065617],[72.7549404,25.802844],[72.7546671,25.799673],[72.7539928,25.7948072],[72.7530269,25.7918002],[72.7527718,25.7887022],[72.7526806,25.787791],[72.7477419,25.783891],[72.7464298,25.7835812],[72.7442794,25.7814855],[72.7437326,25.7809387],[72.7429308,25.7811574],[72.7399238,25.7786243],[72.7392131,25.7788612],[72.7356594,25.7769841],[72.7338917,25.7768748],[72.7320511,25.775508],[72.7301375,25.7760729],[72.7288254,25.7760911],[72.7255268,25.7684553],[72.7223923,25.76379],[72.7230483,25.7571565],[72.7245063,25.7535846],[72.7298277,25.751835],[72.7349669,25.7514341],[72.7363519,25.750778],[72.7386846,25.7499033],[72.7396322,25.7485182],[72.7405434,25.7477893],[72.7417098,25.7484818],[72.7426939,25.747279],[72.7445527,25.7473519],[72.7480517,25.7449099],[72.7502022,25.7435249],[72.7531909,25.7414838],[72.7557787,25.739953],[72.7566899,25.7387502],[72.7566899,25.737839],[72.7548675,25.7357614],[72.7563619,25.7333559],[72.7592413,25.7336474],[72.7589497,25.7282167],[72.7586946,25.7247177],[72.7553596,25.7245537],[72.7527535,25.7239523],[72.7506395,25.7225855],[72.7485438,25.7208906],[72.7453546,25.715879],[72.7435322,25.7136921],[72.742785,25.712945],[72.7417645,25.7122707],[72.7425663,25.7113412],[72.7395229,25.708881],[72.738229,25.7074049],[72.7369351,25.7053091],[72.7359874,25.7043615],[72.7348393,25.7032133],[72.7325067,25.7008624],[72.7266567,25.696835],[72.7234493,25.6949397],[72.7214811,25.6924247],[72.7210437,25.6906023],[72.7202419,25.6881968],[72.7174354,25.6883061],[72.7164877,25.6893631],[72.7149934,25.6905294],[72.7133168,25.6888528],[72.7119317,25.6872491],[72.7038403,25.6777362],[72.6997217,25.6761689],[72.6968787,25.6758773],[72.6954208,25.6759502],[72.6929423,25.6762783],[72.6878396,25.6706289],[72.6870013,25.6692074],[72.6872564,25.6670934],[72.6900265,25.6638495],[72.6914844,25.6644327],[72.6941451,25.6601318],[72.6956395,25.6608608],[72.6966236,25.6590384],[72.698045,25.6570702],[72.698446,25.6564141],[72.6983366,25.6467189],[72.698774,25.6443498],[72.7007057,25.6433657],[72.7015441,25.642819],[72.7033665,25.6443498],[72.7079954,25.6432928],[72.7098178,25.641434],[72.7114944,25.6389555],[72.7123327,25.6384088],[72.7145924,25.6369144],[72.7183101,25.6342537],[72.7165971,25.6304267],[72.7176905,25.6279847],[72.7186746,25.6264174],[72.7187475,25.6246314],[72.7175812,25.623866],[72.7175447,25.6209866],[72.7190391,25.6195652],[72.719112,25.618654],[72.7186017,25.6173783],[72.718784,25.6125671],[72.7195494,25.6096149],[72.7168887,25.6085579],[72.7118588,25.6059336],[72.709271,25.6042934],[72.7076673,25.6031636],[72.7043505,25.6006122],[72.7010338,25.6017785],[72.6975348,25.6034916],[72.6968423,25.6041112],[72.6948741,25.6047673],[72.6930517,25.6046215],[72.6917031,25.6046579],[72.6860172,25.6081569],[72.6852518,25.6077925],[72.6798939,25.6115466],[72.6790192,25.6106354],[72.6766136,25.612312],[72.6733333,25.6109999],[72.6701623,25.6112915],[72.6673558,25.6100158],[72.6653147,25.6089223],[72.664039,25.6083392],[72.6586083,25.6073915],[72.6564579,25.6077925],[72.6543803,25.6085579],[72.6528495,25.6088859],[72.6511364,25.6090681],[72.6502252,25.6093962],[72.6473823,25.6100522],[72.6401656,25.6097242],[72.6388353,25.608813],[72.6368488,25.6088312],[72.6357372,25.6080111],[72.6348624,25.6076102],[72.6320195,25.6092868],[72.6299966,25.6111274],[72.6283018,25.6116377],[72.6271901,25.6096331],[72.6258051,25.6078289],[72.6248574,25.6064803],[72.6241832,25.6053322],[72.6219234,25.6012865],[72.6197001,25.6022523],[72.6136679,25.6058607],[72.6046652,25.6097971],[72.5949529,25.609558],[72.5852749,25.6040019],[72.5808282,25.5999926],[72.5759077,25.5915002],[72.5675976,25.5814041],[72.56275,25.5767752],[72.5535651,25.5686837],[72.549082,25.5648567],[72.5494829,25.5639819],[72.5474418,25.5631072],[72.5479886,25.5606287],[72.550139,25.5582596],[72.5506493,25.5562914],[72.5504306,25.5552709],[72.5495194,25.5539587],[72.5489727,25.5534849],[72.5496652,25.5528653],[72.5456923,25.5495485],[72.5488269,25.5468149],[72.5506857,25.5443],[72.5517427,25.542186],[72.5540389,25.5399262],[72.5560071,25.5380674],[72.5581211,25.5352609],[72.5598342,25.5328553],[72.5611828,25.5309692],[72.5599208,25.5298985],[72.558595,25.5304497],[72.5552964,25.5319441],[72.5545674,25.5312334],[72.55331,25.5299212],[72.5507222,25.5287367],[72.5466765,25.5272605],[72.542084,25.5252012],[72.5388401,25.5235611],[72.53802,25.5221396],[72.5371088,25.5223036],[72.5365439,25.521684],[72.5333365,25.5188957],[72.5316234,25.5182032],[72.5296188,25.515178],[72.5274501,25.5139752],[72.5280333,25.5126084],[72.5254455,25.5108043],[72.5253726,25.5101482],[72.525245,25.5094921],[72.5250446,25.5087814],[72.5246254,25.5077973],[72.5237689,25.5066856],[72.5227483,25.5053371],[72.5204703,25.5043894],[72.5193951,25.5050455],[72.5168802,25.5065763],[72.5151125,25.5073053],[72.5143471,25.5077609],[72.5095724,25.5072506],[72.5063285,25.5039703],[72.5035767,25.4998699],[72.5021188,25.4943662],[72.5045061,25.4937101],[72.5058729,25.4935644],[72.5060916,25.4930905],[72.5063832,25.4921611],[72.5062374,25.4912681],[72.5056178,25.4905209],[72.5047977,25.4894093],[72.5027201,25.4894093],[72.5018272,25.4893546],[72.4983099,25.4885163],[72.4973441,25.4877691],[72.4930979,25.4865117],[72.491075,25.4856916],[72.4882138,25.4841608],[72.4873755,25.4839968],[72.4849335,25.4837781],[72.4839494,25.4788576],[72.4818901,25.4766525],[72.4816167,25.4761604],[72.4817079,25.4755955],[72.4823093,25.4745567],[72.4829471,25.4736273],[72.4819994,25.4721511],[72.479357,25.4700372],[72.4768056,25.4686339],[72.4754935,25.4674494],[72.4743271,25.4662283],[72.4721949,25.4655176],[72.4701721,25.463112],[72.4684955,25.4617999],[72.4671833,25.4608887],[72.4667095,25.4601415],[72.466181,25.4590845],[72.4649782,25.4579546],[72.4639395,25.4566243],[72.4621717,25.4558224],[72.4611876,25.4565878],[72.4603676,25.4582098],[72.4589461,25.4584467],[72.4578891,25.4585378],[72.4574153,25.4590299],[72.4566499,25.4593032],[72.4552102,25.4586107],[72.454791,25.4577724],[72.4530233,25.4572986],[72.4522214,25.4585196],[72.4505084,25.458228],[72.44885,25.4566972],[72.4474285,25.4549295],[72.4455514,25.4528337],[72.4410137,25.4490978],[72.4381525,25.4469291],[72.4364394,25.4463095],[72.4314825,25.4447969],[72.4280928,25.4429927],[72.423956,25.4406054],[72.4224434,25.4396213],[72.4195093,25.4389835],[72.4154454,25.4390563],[72.4130398,25.4389106],[72.4118006,25.4390199],[72.4107436,25.439275],[72.4099964,25.4396031],[72.4096319,25.4400769],[72.4093221,25.4407876],[72.4087025,25.4412979],[72.4076819,25.4416806],[72.4069894,25.441954],[72.4066067,25.4424278],[72.4060965,25.4430292],[72.404675,25.4433025],[72.4025246,25.4432661],[72.399955,25.4431021],[72.3967658,25.4433754],[72.3956723,25.4433025],[72.3943602,25.4433572],[72.3927565,25.4433572],[72.3915719,25.4431567],[72.3906789,25.4431567],[72.3898224,25.4432843],[72.3885103,25.4436123],[72.387672,25.4439039],[72.3862323,25.4438857],[72.38523,25.4436123],[72.3843005,25.4431567],[72.3834805,25.4427376],[72.3822777,25.4426283],[72.381494,25.4431021],[72.3810749,25.4439586],[72.3808198,25.4468198],[72.3783048,25.4462002],[72.3761544,25.4465282],[72.3748787,25.4469838],[72.3716166,25.4479132],[72.3705596,25.4481866],[72.3682087,25.4476399],[72.3668237,25.4478585],[72.3663863,25.4482595],[72.365785,25.4489702],[72.3644728,25.4496992],[72.3639079,25.4503917],[72.3630331,25.4517767],[72.3621037,25.4524328],[72.3600079,25.4537996],[72.3581673,25.455057],[72.355616,25.4593943],[72.3548141,25.4576266],[72.3534109,25.4555126],[72.35383,25.453672],[72.3544132,25.4523781],[72.3553061,25.4511389],[72.3551786,25.4501365],[72.3543221,25.4486968],[72.35383,25.4480955],[72.3532651,25.4470567],[72.3537571,25.4461273],[72.3542309,25.4450338],[72.3540669,25.4442684],[72.3523539,25.4425554],[72.3509506,25.4419175],[72.3500941,25.4426283],[72.3469049,25.4453801],[72.3446816,25.4460544],[72.3417293,25.4465829],[72.3393784,25.4447058],[72.3359705,25.4379994],[72.333328,25.4330242],[72.3326902,25.4300355],[72.3318519,25.4283953],[72.3311411,25.4241673],[72.3306126,25.4204679],[72.3309224,25.4130871],[72.3309771,25.4098068],[72.3307402,25.4047588],[72.3304304,25.3999112],[72.3301206,25.3992916],[72.3295374,25.3979065],[72.3290454,25.3969771],[72.3288631,25.3958108],[72.3287152,25.3939199],[72.327551,25.3926216],[72.3259837,25.3922935],[72.3247627,25.3912001],[72.323487,25.3897969],[72.3216464,25.3895964],[72.3211179,25.3885029],[72.3200062,25.3882478],[72.3189857,25.3880473],[72.3176007,25.3880656],[72.3167441,25.3873731],[72.315997,25.3867717],[72.3148671,25.3863343],[72.3137919,25.3863161],[72.3133727,25.3874095],[72.3111858,25.3856782],[72.3075957,25.3836371],[72.3050261,25.3859334],[72.3037322,25.3880473],[72.3016547,25.3874095],[72.2999234,25.3868081],[72.298265,25.3858787],[72.2961875,25.3873366],[72.2905745,25.3916375],[72.2897544,25.3920931],[72.289317,25.3923847],[72.2883329,25.3939155],[72.2879502,25.3947902],[72.2871666,25.3957926],[72.2870026,25.3967402],[72.2872759,25.3986355],[72.2855264,25.4002939],[72.2842507,25.4002939],[72.2827017,25.3999476],[72.2820092,25.4009499],[72.2814078,25.4006584],[72.2802597,25.4006219],[72.279148,25.4016789],[72.2782368,25.4026995],[72.277927,25.4030457],[72.2761957,25.4028635],[72.2759406,25.4034466],[72.2749018,25.4041756],[72.2731888,25.4050139],[72.2723687,25.4059615],[72.271093,25.407948],[72.2695257,25.4099891],[72.2683412,25.4106816],[72.2678127,25.4106087],[72.2671748,25.4103718],[72.2666646,25.4087498],[72.2654071,25.4083671],[72.2637123,25.4077657],[72.2624366,25.4073101],[72.2587189,25.4094606],[72.2552199,25.4108456],[72.2541265,25.4110278],[72.2527779,25.4108274],[72.2522312,25.4121759],[72.2520489,25.4132512],[72.2515569,25.4136703],[72.2509555,25.4145633],[72.250427,25.4153651],[72.2495887,25.4150371],[72.2477298,25.4145268],[72.2465817,25.4145633],[72.2448504,25.4128502],[72.244249,25.412832],[72.2427365,25.4104811],[72.2400211,25.4085129],[72.2384903,25.4085311],[72.237415,25.4107727],[72.2324217,25.4068727],[72.2308544,25.4062349],[72.229196,25.4061073],[72.2252596,25.4057246],[72.222526,25.4056335],[72.2212503,25.4045765],[72.2190088,25.4032279],[72.2148537,25.4065629],[72.2060515,25.4130142],[72.2046301,25.4139801],[72.1956092,25.419338],[72.1879733,25.4240215],[72.1875359,25.4238029],[72.1860233,25.4245683],[72.184693,25.4243678],[72.1838365,25.4244225],[72.181686,25.4259168],[72.1809935,25.4250239],[72.1752165,25.4265729],[72.1736492,25.4269556],[72.1724829,25.4269374],[72.1707881,25.4269009],[72.1697675,25.4274841],[72.1651751,25.4302724],[72.1637354,25.4311107],[72.1627148,25.432441],[72.1621084,25.4361439],[72.1586323,25.4338185],[72.1572804,25.4325202],[72.1561646,25.4319001],[72.1547055,25.4328302],[72.1540618,25.4336247],[72.153461,25.4344968],[72.1526241,25.4358338],[72.1500063,25.4357176],[72.1476888,25.435892],[72.14535,25.4349037],[72.1426034,25.4345355],[72.1399641,25.4343999],[72.1353721,25.4329853],[72.1343851,25.4325202],[72.1311664,25.4321326],[72.1255016,25.4305048],[72.1208882,25.4291096],[72.116425,25.4263771],[72.1143007,25.4252144],[72.1119189,25.4232958],[72.1100735,25.4224043],[72.1088075,25.4214159],[72.1078419,25.4200593],[72.107048,25.420195],[72.1058893,25.4214547],[72.1042156,25.4239159],[72.1005034,25.4298266],[72.0990872,25.4343417],[72.0987868,25.437539],[72.0990228,25.4406394],[72.0985508,25.4416664],[72.0962119,25.443604],[72.0928216,25.4465105],[72.0917058,25.4486224],[72.0910835,25.450715],[72.0903754,25.453505],[72.0904183,25.4547837],[72.0908475,25.4571474],[72.0911693,25.461894],[72.0910191,25.4624365],[72.0896029,25.4639282],[72.0873928,25.46511],[72.0860195,25.465943],[72.083981,25.4666017],[72.0828223,25.4678415],[72.0785951,25.4702437],[72.0691752,25.4735757],[72.0674801,25.474215],[72.0653558,25.4759584],[72.0627164,25.4769463],[72.0616006,25.4788059],[72.0561075,25.4822151],[72.0448637,25.4781086],[72.0388984,25.4757453],[72.0338773,25.4746993],[72.0305299,25.4697013],[72.0249509,25.4646257],[72.0181918,25.4579805],[72.0145011,25.45397],[72.0102525,25.4513544],[72.0033431,25.4462004],[72.0012831,25.4441078],[72.0004892,25.4426158],[71.9994592,25.4417826],[71.9985151,25.44031],[71.9940519,25.4371127],[71.9911551,25.4359888],[71.9873786,25.435175],[71.9793749,25.4274236],[71.9783878,25.4262415],[71.9761835,25.4181281],[71.9754695,25.4120357],[71.9761348,25.40688],[71.9751692,25.4047673],[71.9723153,25.4015885],[71.9711351,25.4009489],[71.9688177,25.3966263],[71.9672513,25.3932535],[71.9637751,25.3909273],[71.9618869,25.3892602],[71.9597626,25.3858096],[71.9535613,25.3832312],[71.9502997,25.3797998],[71.9466519,25.376349],[71.9471884,25.3757867],[71.9462871,25.3741776],[71.9429612,25.3723745],[71.9393348,25.3695244],[71.9356227,25.3639017],[71.9326401,25.3588798],[71.9311595,25.3587828],[71.9284987,25.3561845],[71.9271683,25.3569795],[71.9226622,25.3523257],[71.919229,25.3495722],[71.9172978,25.3467216],[71.9167614,25.3458101],[71.9172549,25.3451508],[71.9168901,25.3444721],[71.9168257,25.3430758],[71.918242,25.3412335],[71.9179415,25.3404578],[71.9174051,25.3392942],[71.9173407,25.3374518],[71.9210315,25.3323318],[71.9243574,25.3293451],[71.9287777,25.3265328],[71.9306445,25.3259703],[71.9336486,25.3266298],[71.9356656,25.3254854],[71.9379186,25.3235459],[71.9403004,25.321102],[71.9445276,25.3184253],[71.9464588,25.31699],[71.9463729,25.3149727],[71.9374036,25.2997256],[71.9346141,25.2923147],[71.9341421,25.2807514],[71.9316959,25.279626],[71.9162035,25.2725244],[71.9081783,25.269148],[71.9057321,25.2682943],[71.9032001,25.2677121],[71.9000244,25.2656552],[71.8965482,25.2627444],[71.8926858,25.2582423],[71.8900251,25.2569226],[71.8858194,25.2558747],[71.8870639,25.2534682],[71.8889951,25.2503631],[71.8960332,25.2449289],[71.8994236,25.2437644],[71.8964195,25.2384852],[71.8944454,25.2351079],[71.8879652,25.2304882],[71.8801975,25.2254026],[71.8798971,25.2243155],[71.8797254,25.2232673],[71.8791675,25.2217143],[71.877408,25.2196955],[71.8723869,25.216473],[71.8634176,25.2114644],[71.8598985,25.2098724],[71.8554782,25.2088241],[71.8519163,25.2061837],[71.8468523,25.2014465],[71.8426251,25.1855443],[71.8414235,25.1806315],[71.8407798,25.1786314],[71.8412304,25.1778158],[71.8405223,25.1741262],[71.838398,25.1652899],[71.8372822,25.1615222],[71.8366384,25.1591916],[71.8362093,25.1561034],[71.8387198,25.1528987],[71.8367457,25.150296],[71.8336558,25.1423127],[71.8344712,25.1410695],[71.8344283,25.1404285],[71.8323469,25.1377672],[71.8281197,25.1322891],[71.8252659,25.1277627],[71.8239784,25.1258589],[71.8239701,25.1230857],[71.8227338,25.1200694],[71.8203735,25.1206717],[71.8194294,25.1207106],[71.8181634,25.1206134],[71.8168115,25.1203414],[71.8137216,25.11937],[71.8084859,25.1171163],[71.8050527,25.1148237],[71.8022203,25.1100441],[71.7999887,25.1049145],[71.8010831,25.101825],[71.8053317,25.0973557],[71.7980146,25.0895828],[71.7963195,25.0868815],[71.7911911,25.0784665],[71.7918348,25.0776892],[71.792736,25.0770672],[71.7942381,25.0764064],[71.7962765,25.0754735],[71.7987871,25.073977],[71.8004608,25.0729275],[71.8047094,25.0690986],[71.8042588,25.0685738],[71.8031215,25.0673105],[71.8015337,25.0650169],[71.8024134,25.0633453],[71.8032074,25.0623151],[71.8034005,25.0615182],[71.8030786,25.0608962],[71.8023062,25.0603908],[71.8014908,25.0599826],[71.8011045,25.0591468],[71.8017268,25.058447],[71.8013835,25.058],[71.8009543,25.0574946],[71.8009114,25.0568531],[71.8014478,25.0558812],[71.8020272,25.0552592],[71.8017697,25.0545788],[71.8008685,25.0538013],[71.7988515,25.0528293],[71.7969632,25.0522462],[71.7962336,25.053082],[71.7944956,25.0547343],[71.7922425,25.0571447],[71.7893028,25.0613238],[71.7862558,25.0658916],[71.7843675,25.0658138],[71.782093,25.0653668],[71.7805266,25.0653668],[71.7790031,25.0653668],[71.7771363,25.0654834],[71.7756986,25.0656389],[71.7724585,25.0680879],[71.7697978,25.0720335],[71.7686391,25.073083],[71.7674589,25.0742297],[71.7667293,25.0736077],[71.7656994,25.0737049],[71.7647767,25.0738993],[71.763339,25.0741908],[71.7615366,25.0741714],[71.7572665,25.0717808],[71.7527175,25.0698566],[71.7495417,25.0694485],[71.7467308,25.0691569],[71.7448425,25.0687293],[71.7429328,25.0681657],[71.7381906,25.0678741],[71.7381263,25.0648614],[71.7378044,25.0606435],[71.735723,25.0577667],[71.733706,25.0533153],[71.7332983,25.0524794],[71.7319035,25.0514492],[71.7300367,25.0504578],[71.7283201,25.0490776],[71.7269039,25.0433428],[71.7269039,25.0420403],[71.7273974,25.0393769],[71.7277407,25.0377244],[71.7274189,25.0367718],[71.727333,25.0358969],[71.7282986,25.0353914],[71.7288351,25.0339527],[71.7279982,25.0322418],[71.7276764,25.0314058],[71.727612,25.0297727],[71.727612,25.0281978],[71.7276335,25.0263507],[71.7246294,25.0242703],[71.7218399,25.0231426],[71.7210674,25.0229287],[71.7194795,25.020751],[71.7183852,25.0210038],[71.7176342,25.0210815],[71.7136216,25.0214899],[71.7126131,25.0196816],[71.7117548,25.0177955],[71.7106175,25.0168038],[71.708343,25.0152288],[71.7066479,25.0130509],[71.7042017,25.0083451],[71.7022919,25.0051948],[71.6988158,25.0010332],[71.6952538,24.9974549],[71.6922712,24.9936431],[71.6879797,24.9911342],[71.6866064,24.9901424],[71.6848469,24.988178],[71.6826153,24.9870111],[71.6784525,24.9905119],[71.6739464,24.9938765],[71.6722727,24.994246],[71.6690969,24.996852],[71.6696977,24.9979411],[71.6685819,24.9991468],[71.6678309,24.998719],[71.6672301,24.9991274],[71.6660929,25.0000414],[71.6653847,25.0013055],[71.6653418,25.0028223],[71.6640973,25.0039697],[71.6577458,25.0123509],[71.6553211,25.0150343],[71.6523814,25.0212954],[71.6517162,25.0220537],[71.6473818,25.025048],[71.6463303,25.0253786],[71.6453004,25.0252813],[71.6440558,25.0252036],[71.6431546,25.0265646],[71.6418028,25.0279062],[71.6388845,25.0302004],[71.6341543,25.0340647],[71.6293788,25.0334667],[71.6218042,25.0324751],[71.6149807,25.032028],[71.6059685,25.0294616],[71.5989518,25.027459],[71.5938449,25.0261952],[71.5908837,25.0248925],[71.5872788,25.0225981],[71.5840173,25.0193705],[71.5790391,25.0136732],[71.5730309,25.0075673],[71.5675592,25.002589],[71.5669584,25.0016944],[71.5665507,25.0006637],[71.5669584,24.9997691],[71.5675807,24.9992052],[71.567173,24.9974549],[71.5663576,24.9947127],[71.5636325,24.9912315],[71.5602207,24.9875556],[71.5583539,24.9852995],[71.5570235,24.9832378],[71.5537834,24.980826],[71.551187,24.9801258],[71.5494704,24.9796201],[71.5480113,24.9798146],[71.5477967,24.9795617],[71.5473032,24.9791144],[71.5459299,24.9786281],[71.5445995,24.9783947],[71.5417242,24.9780252],[71.5393638,24.9773833],[71.5344929,24.9738043],[71.5323043,24.9722287],[71.5304804,24.9735514],[71.5294504,24.9765663],[71.5288496,24.9775194],[71.5263819,24.9814873],[71.5253949,24.9833545],[71.5260386,24.9840158],[71.5255236,24.9847549],[71.5268326,24.9859802],[71.5273261,24.9868749],[71.5277552,24.9885086],[71.5264034,24.9956268],[71.525824,24.9987579],[71.5219188,25.0026668],[71.5179491,25.0064005],[71.5146875,25.0087924],[71.5134001,25.0089479],[71.5108037,25.0091424],[71.5082502,25.0093952],[71.5057611,25.0093757],[71.5021992,25.008559],[71.4992793,25.0073414],[71.4905262,25.0053504],[71.4907732,25.0001265],[71.490097,24.9968715],[71.4904189,24.9917955],[71.4837456,24.9880224],[71.4825225,24.9917372],[71.4799046,24.9930985],[71.4791751,24.9941876],[71.4781236,24.9960547],[71.4765358,24.9963464],[71.4748406,24.9979994],[71.4654851,24.9966575],[71.4634251,24.9950239],[71.4608502,24.9926123],[71.4550352,24.9891116],[71.4522242,24.9872834],[71.4463877,24.986058],[71.4435124,24.9835296],[71.44068,24.9809816],[71.4365601,24.9782586],[71.4308738,24.9778306],[71.4255309,24.9755743],[71.4245653,24.975302],[71.4211321,24.9767608],[71.413815,24.9697],[71.4113688,24.9721703],[71.3999748,24.9706726],[71.3876581,24.9747574],[71.3837528,24.9659651],[71.3818002,24.9640004],[71.3784528,24.9602264],[71.3730669,24.9578531],[71.3673806,24.9540401],[71.3571024,24.946258],[71.3555789,24.947153],[71.3488412,24.9421333],[71.3485837,24.9421139],[71.3429618,24.9434563],[71.3422107,24.9405573],[71.3391208,24.9387089],[71.3396573,24.9257499],[71.3416958,24.9242321],[71.3431334,24.9182385],[71.3460517,24.9174017],[71.3465881,24.9116024],[71.3423395,24.9075155],[71.3365888,24.9016574],[71.3293147,24.8959741],[71.3270616,24.8992829],[71.3252377,24.9000225],[71.322062,24.9012097],[71.3173198,24.9041486],[71.3112902,24.8995359],[71.3100672,24.8968694],[71.3079858,24.8902127],[71.3056254,24.8880716],[71.3074064,24.8860472],[71.3112902,24.8829911],[71.3168478,24.8772291],[71.3227701,24.8715253],[71.3270402,24.868683],[71.3263535,24.8667362],[71.3280916,24.861246],[71.3287139,24.8591628],[71.3283062,24.8575273],[71.3282203,24.8567875],[71.329422,24.8533413],[71.3294434,24.8497781],[71.3282847,24.8463707],[71.3256883,24.8432552],[71.3223195,24.8417753],[71.3191652,24.8400423],[71.3178348,24.8361087],[71.3129425,24.831182],[71.3086939,24.826956],[71.303544,24.822321],[71.2972784,24.8248333],[71.2902832,24.8269171],[71.2887597,24.8272287],[71.2846827,24.8252033],[71.2867856,24.8168289],[71.2798333,24.8143749],[71.2761426,24.8121156],[71.2687611,24.8073242],[71.2635684,24.8052206],[71.2544274,24.7950526],[71.2453722,24.7997666],[71.2517237,24.7745195],[71.257646,24.7551131],[71.2615943,24.7487995],[71.2658,24.7482149],[71.2612509,24.7455257],[71.2588477,24.7413553],[71.2488913,24.7318058],[71.2391066,24.7207743],[71.2298798,24.7142641],[71.2206101,24.7071297],[71.2102675,24.6981235],[71.2063192,24.6900914],[71.1876702,24.6495821]]]}},{"type":"Feature","properties":{"date":"2018-01-14","brightness":309.1,"marker-color":"#FF4444","marker-size":"small"},"geometry":{"type":"Point","coordinates":[72.6241,25.3115]}},{"type":"Feature","properties":{"date":"2018-03-03","brightness":327.4,"marker-color":"#FF4444","marker-size":"small"},"geometry":{"type":"Point","coordinates":[72.9032,25.2536]}},{"type":"Feature","properties":{"date":"2019-04-09","brightness":320.1,"marker-color":"#FF4444","marker-size":"small"},"geometry":{"type":"Point","coordinates":[72.4839,25.186]}},{"type":"Feature","properties":{"date":"2020-04-16","brightness":378.2,"marker-color":"#FF4444","marker-size":"small"},"geometry":{"type":"Point","coordinates":[72.5647,25.3997]}},{"type":"Feature","properties":{"date":"2021-04-07","brightness":380.6,"marker-color":"#FF4444","marker-size":"small"},"geometry":{"type":"Point","coordinates":[72.605,24.9897]}},{"type":"Feature","properties":{"date":"2021-04-18","brightness":300.7,"marker-color":"#FF4444","marker-size":"small"},"geometry":{"type":"Point","coordinates":[72.6391,25.5413]}},{"type":"Feature","properties":{"date":"2021-07-12","brightness":389.6,"marker-color":"#FF4444","marker-size":"small"},"geometry":{"type":"Point","coordinates":[72.662,25.4249]}},{"type":"Feature","properties":{"date":"2022-01-09","brightness":316.4,"marker-color":"#FF4444","marker-size":"small"},"geometry":{"type":"Point","coordinates":[72.6847,25.0903]}},{"type":"Feature","properties":{"date":"2022-04-19","brightness":396.3,"marker-color":"#FF4444","marker-size":"small"},"geometry":{"type":"Point","coordinates":[72.4082,25.3165]}},{"type":"Feature","properties":{"date":"2023-03-08","brightness":315.7,"marker-color":"#FF4444","marker-size":"small"},"geometry":{"type":"Point","coordinates":[72.6945,25.4307]}},{"type":"Feature","properties":{"date":"2023-04-04","brightness":379.9,"marker-color":"#FF4444","marker-size":"small"},"geometry":{"type":"Point","coordinates":[72.8446,25.5492]}},{"type":"Feature","properties":{"date":"2023-11-26","brightness":354.7,"marker-color":"#FF4444","marker-size":"small"},"geometry":{"type":"Point","coordinates":[72.7114,25.297]}}]}