<?xml version="1.0" encoding="UTF-8"?>
<kml xmlns="http://www.opengis.net/kml/2.2">
<Document>
  <name>Jalore Forest Fire Risk Zones</name>
  <description>Forest fire density analysis for Jalore District, Rajasthan. Generated using KDE on NASA FIRMS data (2018-2025).</description>
  <Style id="zone0">
    <PolyStyle><color>8c0000FF</color><outline>1</outline></PolyStyle>
    <LineStyle><color>e60000FF</color><width>1</width></LineStyle>
  </Style>
  <Style id="zone1">
    <PolyStyle><color>80008CFF</color><outline>1</outline></PolyStyle>
    <LineStyle><color>e6008CFF</color><width>1</width></LineStyle>
  </Style>
  <Style id="zone2">
    <PolyStyle><color>7300D7FF</color><outline>1</outline></PolyStyle>
    <LineStyle><color>e600D7FF</color><width>1</width></LineStyle>
  </Style>
  <Style id="zone3">
    <PolyStyle><color>59228B22</color><outline>1</outline></PolyStyle>
    <LineStyle><color>e6228B22</color><width>1</width></LineStyle>
  </Style>
  <Style id="boundary">
    <LineStyle><color>ccffffff</color><width>2</width></LineStyle>
    <PolyStyle><fill>0</fill></PolyStyle>
  </Style>
  <Style id="firepoint">
    <IconStyle><color>ff4444ff</color><scale>0.6</scale>
      <Icon><href>http://maps.google.com/mapfiles/kml/shapes/shaded_dot.png</href></Icon>
    </IconStyle>
  </Style>
  <Folder><name>Fire Risk Zones</name>
    <Placemark><name>Low Fire Zone</name><styleUrl>#zone0</styleUrl>
      <Polygon><extrude>0</extrude><altitudeMode>clampToGround</altitudeMode><outerBoundaryIs><LinearRing><coordinates>71.1876702,24.6495821,0 71.2876859,24.6162542,0 71.295568,24.6186591,0 71.2974266,24.6202837,0 71.2989635,24.6224932,0 71.3000358,24.6240528,0 71.3015012,24.6247351,0 71.3041104,24.6249951,0 71.304861,24.6263597,0 71.3048253,24.6307459,0 71.3060405,24.6339299,0 71.3151547,24.6451057,0 71.3169418,24.6466001,0 71.3316676,24.6521875,0 71.3450709,24.6576123,0 71.3496459,24.6587167,0 71.3541136,24.6453656,0 71.3584742,24.6317206,0 71.3588316,24.6299337,0 71.3600825,24.6285041,0 71.3615122,24.6278218,0 71.3640499,24.6272045,0 71.3670165,24.6263597,0 71.3742722,24.625385,0 71.3763452,24.6251575,0 71.3788472,24.62532,0 71.3804555,24.6260673,0 71.381921,24.6273994,0 71.3826716,24.6300637,0 71.3836009,24.6313633,0 71.3851378,24.6317531,0 71.3859598,24.630616,0 71.3871036,24.6295763,0 71.3908922,24.6297388,0 71.3949311,24.6312333,0 71.3963608,24.6333451,0 71.3983266,24.6383809,0 71.4023655,24.6395179,0 71.4211658,24.6443585,0 71.4238465,24.645723,0 71.4269918,24.6494263,0 71.4280283,24.6516028,0 71.4290648,24.6537468,0 71.430709,24.6555009,0 71.4354625,24.6577099,0 71.4474719,24.6649858,0 71.451475,24.6669347,0 71.4641992,24.6651158,0 71.4736352,24.674275,0 71.4768163,24.6769057,0 71.4797471,24.678692,0 71.483643,24.6786595,0 71.4877891,24.6784972,0 71.4925071,24.6783023,0 71.4949375,24.6783023,0 71.4996555,24.6785946,0 71.5015141,24.6793416,0 71.5040518,24.6806731,0 71.5056244,24.6805108,0 71.5076617,24.6797313,0 71.5105852,24.678413,0 71.5149888,24.6776852,0 71.5171334,24.6794065,0 71.5218513,24.6819397,0 71.523138,24.6824269,0 71.5259617,24.6826217,0 71.530072,24.6831089,0 71.5316804,24.6820047,0 71.5333245,24.6801535,0 71.5352904,24.6783023,0 71.5370775,24.6767434,0 71.5394007,24.6759639,0 71.5424745,24.6752494,0 71.5498017,24.6757041,0 71.5525181,24.6756391,0 71.55502,24.6758989,0 71.5587372,24.6768408,0 71.561668,24.6779126,0 71.5689594,24.6809654,0 71.5721047,24.6819397,0 71.5736059,24.6819073,0 71.5760721,24.6816474,0 71.577609,24.6804458,0 71.580111,24.6782049,0 71.5835065,24.6729109,0 71.5850791,24.6699228,0 71.5861514,24.6682338,0 71.5876168,24.6672919,0 71.5907621,24.6666098,0 71.5942648,24.6676816,0 71.6010201,24.6704425,0 71.6033076,24.6722288,0 71.6058095,24.6737878,0 71.6074179,24.6746323,0 71.6090978,24.6740152,0 71.6112781,24.6725211,0 71.6131724,24.6708972,0 71.6171398,24.6697929,0 71.6190699,24.6689809,0 71.619749,24.6672269,0 71.6204995,24.6664799,0 71.6230015,24.6669996,0 71.6242525,24.667844,0 71.6260753,24.667974,0 71.6272905,24.6672594,0 71.6278267,24.6657978,0 71.6274693,24.6630044,0 71.6288632,24.6605033,0 71.6298282,24.660016,0 71.6316153,24.659139,0 71.633331,24.6588467,0 71.6360474,24.6585543,0 71.639836,24.658132,0 71.6399075,24.655241,0 71.6401934,24.6532595,0 71.6409083,24.6495563,0 71.6428384,24.6458529,0 71.6435889,24.6439037,0 71.6457692,24.642052,0 71.6476993,24.6415647,0 71.6498438,24.6409149,0 71.6526317,24.6402327,0 71.6538112,24.6399403,0 71.6548477,24.6389332,0 71.6560272,24.6382184,0 71.6573139,24.6382509,0 71.658279,24.639453,0 71.6621034,24.6424093,0 71.6647125,24.6426042,0 71.6671787,24.6426367,0 71.6702168,24.6430915,0 71.6733979,24.6440661,0 71.6777584,24.6452681,0 71.6835486,24.6472498,0 71.6858004,24.6482893,0 71.6870156,24.6500435,0 71.6889814,24.6521226,0 71.6911974,24.6525124,0 71.6957367,24.6528697,0 71.6989892,24.6534544,0 71.7014912,24.6546888,0 71.7039574,24.6568327,0 71.7061376,24.6603733,0 71.7107841,24.660081,0 71.7274399,24.6591065,0 71.7360895,24.6584893,0 71.7380911,24.6591065,0 71.7461688,24.6625172,0 71.7600367,24.6668047,0 71.7642186,24.6674543,0 71.7656482,24.6680064,0 71.7670779,24.6694356,0 71.7687221,24.6715468,0 71.7731898,24.6738203,0 71.778015,24.6737229,0 71.780374,24.6739827,0 71.783555,24.6745998,0 71.7862,24.6751844,0 71.788416,24.6753793,0 71.7917757,24.6753793,0 71.794921,24.6744699,0 71.8011402,24.6718066,0 71.8033919,24.6704749,0 71.806144,24.6651157,0 71.8095753,24.6594963,0 71.8111122,24.6559232,0 71.8103974,24.6499786,0 71.807395,24.6429616,0 71.8052505,24.6370489,0 71.8042497,24.6334751,0 71.8038208,24.6313308,0 71.8039995,24.6292514,0 71.8058581,24.6264897,0 71.8081099,24.6243452,0 71.8117556,24.6207711,0 71.8160804,24.6193739,0 71.8189755,24.6190815,0 71.8210128,24.619179,0 71.8240151,24.6195039,0 71.8268387,24.6204137,0 71.8286616,24.6210635,0 71.8303772,24.6214859,0 71.8328077,24.6214859,0 71.8362032,24.621161,0 71.8396523,24.6193902,0 71.8419398,24.6179117,0 71.8447277,24.6157996,0 71.8483019,24.612144,0 71.8498567,24.6101618,0 71.8522514,24.6082608,0 71.8531807,24.6099506,0 71.8547533,24.6175543,0 71.8552537,24.6209336,0 71.8593998,24.6247351,0 71.8654759,24.6297388,0 71.8654402,24.6313633,0 71.8639033,24.6350346,0 71.860758,24.6424093,0 71.8583275,24.6492314,0 71.858399,24.6564754,0 71.8576127,24.6638164,0 71.859793,24.6706698,0 71.8667984,24.6743075,0 71.8703369,24.6771006,0 71.872946,24.6804783,0 71.8772708,24.6802185,0 71.8801302,24.6783672,0 71.8827394,24.6767434,0 71.884598,24.6763861,0 71.8864923,24.6756391,0 71.8877433,24.6737229,0 71.8892087,24.6715143,0 71.8939624,24.673528,0 71.9017899,24.6759314,0 71.9085809,24.6764835,0 71.9124768,24.6756066,0 71.9172305,24.6729109,0 71.9193393,24.6708322,0 71.9204831,24.6690783,0 71.9211264,24.6650832,0 71.919804,24.6613803,0 71.917302,24.6595288,0 71.9139422,24.6582295,0 71.9129772,24.6568327,0 71.9139065,24.653292,0 71.9167659,24.6481594,0 71.919661,24.6436113,0 71.9258086,24.6352945,0 71.9331715,24.6343198,0 71.9353518,24.6345472,0 71.937818,24.6348396,0 71.9393906,24.6358793,0 71.9399625,24.6341574,0 71.9408203,24.6330527,0 71.9425717,24.63367,0 71.9435367,24.6353594,0 71.9445732,24.6377636,0 71.9465748,24.6401677,0 71.9504349,24.6416296,0 71.952508,24.6428317,0 71.9538662,24.6434164,0 71.9564396,24.6439362,0 71.9614792,24.644391,0 71.9645173,24.6447809,0 71.965804,24.6462102,0 71.9681988,24.648939,0 71.9734886,24.6521226,0 71.9769913,24.6550461,0 71.9791358,24.6560531,0 71.9812804,24.6567677,0 71.9848903,24.6575149,0 71.9882858,24.6574824,0 71.9873923,24.6599511,0 71.9858554,24.6650182,0 71.9846401,24.6680714,0 71.9832411,24.6728715,0 71.9828888,24.6740801,0 71.9828173,24.675087,0 71.9829603,24.6761587,0 71.9833892,24.6779775,0 71.9836394,24.6803808,0 71.9839968,24.6834661,0 71.9849976,24.6858369,0 71.988536,24.6891818,0 71.992968,24.6919746,0 71.9940403,24.6926891,0 71.996578,24.6929813,0 71.9977217,24.6930787,0 72.000045,24.6934684,0 72.0020108,24.6931112,0 72.0023682,24.6910978,0 72.0026899,24.688922,0 72.0077653,24.6888896,0 72.0120186,24.6889545,0 72.0146278,24.6910004,0 72.0178088,24.6929164,0 72.0198461,24.6935659,0 72.0228484,24.6944751,0 72.0272447,24.6961637,0 72.0299611,24.6979172,0 72.0352688,24.7012456,0 72.0371274,24.7021224,0 72.0385571,24.7026581,0 72.0421849,24.7034537,0 72.0427599,24.7045645,0 72.0468807,24.7089426,0 72.0486402,24.7101901,0 72.0508297,24.7113294,0 72.0526865,24.7118932,0 72.0548734,24.7111653,0 72.0579115,24.7112627,0 72.0600202,24.7111653,0 72.0640948,24.7103536,0 72.0705999,24.7093146,0 72.0776054,24.7068144,0 72.0817514,24.7066845,0 72.0855044,24.7061325,0 72.08722,24.7027556,0 72.0888284,24.6958715,0 72.090401,24.6925267,0 72.091652,24.6880452,0 72.0932247,24.6821346,0 72.0915805,24.6809654,0 72.0898292,24.680186,0 72.0865051,24.6783348,0 72.0862907,24.6770681,0 72.0866481,24.6733331,0 72.0874702,24.6711245,0 72.0880063,24.6685586,0 72.0888641,24.6664149,0 72.0898649,24.6622248,0 72.090544,24.65732,0 72.0919737,24.657255,0 72.0947616,24.6574824,0 72.097192,24.6570276,0 72.0990864,24.6547863,0 72.1016598,24.6521226,0 72.1043047,24.6483868,0 72.1071641,24.6473472,0 72.1092371,24.6460478,0 72.1105953,24.6459179,0 72.112168,24.6462752,0 72.1137764,24.64673,0 72.1155992,24.6464052,0 72.1168144,24.6427017,0 72.1196738,24.6399403,0 72.1249994,24.6391931,0 72.1263933,24.6397129,0 72.1277873,24.640655,0 72.1301463,24.6417596,0 72.133363,24.641987,0 72.1406902,24.6428641,0 72.142799,24.6434164,0 72.1460872,24.6436763,0 72.148339,24.6438712,0 72.1506622,24.6434164,0 72.1539148,24.6404601,0 72.1579894,24.6371138,0 72.1608487,24.6348071,0 72.1621354,24.6325654,0 72.1634936,24.6259698,0 72.1649233,24.6215184,0 72.1660313,24.6215834,0 72.1685333,24.6222658,0 72.1720717,24.6221683,0 72.1766467,24.6205762,0 72.1859754,24.619244,0 72.1886203,24.6189515,0 72.1905147,24.6185941,0 72.1935528,24.6178467,0 72.1951611,24.6170669,0 72.1959117,24.6159621,0 72.196841,24.6149548,0 72.198092,24.6153447,0 72.1981635,24.6169369,0 72.1972342,24.6184966,0 72.1965551,24.6193414,0 72.1952684,24.6209661,0 72.1945178,24.6224282,0 72.1970555,24.6227856,0 72.1993787,24.6226232,0 72.203918,24.6230456,0 72.2065986,24.6242153,0 72.2087074,24.625255,0 72.2124246,24.6260348,0 72.2161775,24.6262298,0 72.2169638,24.6269446,0 72.2175357,24.6285041,0 72.2193228,24.630551,0 72.2237906,24.6339949,0 72.2256134,24.6368864,0 72.2279367,24.6396804,0 72.2302242,24.6399728,0 72.233298,24.6399728,0 72.2352638,24.6381535,0 72.2367292,24.6355219,0 72.2379087,24.635132,0 72.2398745,24.6348071,0 72.2416616,24.6346772,0 72.2441993,24.633605,0 72.2468085,24.6312658,0 72.2478808,24.6282442,0 72.2497393,24.6267496,0 72.252563,24.6259048,0 72.2554223,24.6252225,0 72.2575311,24.6261323,0 72.260319,24.6285366,0 72.2628567,24.6311033,0 72.2660735,24.6342223,0 72.2671815,24.6361067,0 72.2692903,24.6370489,0 72.2710774,24.6375687,0 72.2719352,24.6371788,0 72.2723641,24.6354244,0 72.2712561,24.6311033,0 72.271542,24.6299012,0 72.2724713,24.6284716,0 72.2746516,24.6276594,0 72.2762957,24.6274319,0 72.2789764,24.627042,0 72.2808707,24.6267496,0 72.2827651,24.6254175,0 72.2853385,24.6231431,0 72.2870541,24.6215509,0 72.2889484,24.6199588,0 72.2908428,24.6202512,0 72.2964185,24.6245727,0 72.2979197,24.6244427,0 72.2993136,24.6234355,0 72.3019943,24.6203812,0 72.3036742,24.6182042,0 72.30564,24.6175218,0 72.3070339,24.6174893,0 72.3096074,24.6179442,0 72.3127169,24.618919,0 72.3161482,24.619049,0 72.3173992,24.6185616,0 72.3197224,24.6178792,0 72.3223673,24.6192115,0 72.3257986,24.6228669,0 72.3278716,24.6246701,0 72.330445,24.627107,0 72.3351629,24.6327603,0 72.33502,24.6347747,0 72.3332329,24.6380235,0 72.3303735,24.6409474,0 72.3254411,24.6449758,0 72.3225102,24.6476397,0 72.3194364,24.6484843,0 72.3174349,24.649199,0 72.3152903,24.6517977,0 72.3139321,24.6542016,0 72.3131458,24.6569302,0 72.3126454,24.6614778,0 72.3128599,24.6655704,0 72.3123595,24.6708972,0 72.3135747,24.675769,0 72.3149329,24.6786921,0 72.3177923,24.6812253,0 72.3193649,24.6846678,0 72.3212235,24.690968,0 72.3267278,24.701684,0 72.3298016,24.7109056,0 72.3359493,24.7160356,0 72.3446633,24.7233414,0 72.3455783,24.7251706,0 72.3526766,24.7366185,0 72.3606828,24.7482395,0 72.3631133,24.7511609,0 72.3647574,24.7540821,0 72.3669734,24.756419,0 72.3722633,24.7615472,0 72.3739074,24.7656366,0 72.3775531,24.766026,0 72.3801265,24.7657015,0 72.3865601,24.7665453,0 72.3894909,24.7671295,0 72.3922788,24.7683627,0 72.3944948,24.7707643,0 72.3964964,24.77375,0 72.4003566,24.7757621,0 72.402787,24.7723221,0 72.4067186,24.7684277,0 72.4085772,24.7656366,0 72.4104358,24.7612226,0 72.4133667,24.7552506,0 72.418871,24.7551207,0 72.4243038,24.7558348,0 72.4338112,24.7558997,0 72.4375283,24.755705,0 72.4424608,24.7560296,0 72.4441049,24.7575875,0 72.4478221,24.7603139,0 72.4505385,24.7595998,0 72.4523256,24.7584314,0 72.4554709,24.7575875,0 72.4574724,24.7583016,0 72.463495,24.7561593,0 72.4669263,24.754293,0 72.4721828,24.7534636,0 72.4785447,24.7541972,0 72.4840808,24.7558535,0 72.489956,24.7589016,0 72.4915347,24.759827,0 72.4930359,24.7641761,0 72.493572,24.7749507,0 72.4933933,24.782447,0 72.4909271,24.7936744,0 72.4888898,24.8001637,0 72.4873171,24.8059714,0 72.48914,24.8095726,0 72.4896404,24.8130116,0 72.491213,24.8157692,0 72.49468,24.8173264,0 72.4962884,24.8182023,0 72.4971462,24.8200839,0 72.496753,24.8215112,0 72.4955736,24.8233928,0 72.4947515,24.8254689,0 72.4955736,24.8278045,0 72.4961812,24.8300427,0 72.4947157,24.8327675,0 72.4929644,24.8343893,0 72.4931788,24.8362707,0 72.4920351,24.8382817,0 72.490248,24.8393521,0 72.4902837,24.8415901,0 72.4913202,24.844639,0 72.4907126,24.8472337,0 72.4898548,24.8498283,0 72.4883179,24.8528121,0 72.4841361,24.858066,0 72.4836357,24.8592335,0 72.4830281,24.8614387,0 72.482206,24.8629954,0 72.481098,24.8648763,0 72.4799543,24.866822,0 72.4792752,24.8690919,0 72.4789535,24.8709079,0 72.4792752,24.8724968,0 72.4808478,24.873956,0 72.4835642,24.8742803,0 72.4852083,24.873275,0 72.4859589,24.8726265,0 72.4887468,24.8734372,0 72.4921781,24.8758043,0 72.4948945,24.8773607,0 72.4974679,24.8782038,0 72.4997911,24.8790793,0 72.5022573,24.8808951,0 72.5032939,24.8831972,0 72.5033296,24.8878013,0 72.502865,24.8920162,0 72.5016855,24.8988895,0 72.4991835,24.9024232,0 72.493715,24.9068645,0 72.4955736,24.907675,0 72.4972177,24.9087772,0 72.4984329,24.9107546,0 72.4983614,24.9127644,0 72.4972534,24.9147094,0 72.4966101,24.916006,0 72.4970032,24.9174971,0 72.4970032,24.9185992,0 72.4983257,24.9192151,0 72.5006847,24.9199282,0 72.5020786,24.9209979,0 72.503973,24.9227158,0 72.506189,24.9253737,0 72.5097989,24.9302356,0 72.5136948,24.9335739,0 72.5165184,24.9355834,0 72.5178052,24.9359075,0 72.5189489,24.9352593,0 72.5201641,24.9333147,0 72.5210219,24.9320182,0 72.5223444,24.9315969,0 72.5258114,24.9310459,0 72.5312084,24.9308838,0 72.5386428,24.9319534,0 72.5446832,24.9319534,0 72.5510096,24.9318562,0 72.5584439,24.9328933,0 72.5632691,24.9338008,0 72.5654136,24.9340277,0 72.5685947,24.9357455,0 72.5732054,24.9404124,0 72.5776374,24.9449172,0 72.5818193,24.9515607,0 72.5863943,24.9563891,0 72.5957944,24.9636475,0 72.6014417,24.9665638,0 72.6065885,24.973206,0 72.6089833,24.9746316,0 72.6118069,24.9763812,0 72.6127004,24.9782928,0 72.6138085,24.9810791,0 72.6148807,24.9868782,0 72.6174899,24.986943,0 72.6195272,24.9873642,0 72.6224223,24.9881093,0 72.6234231,24.9898587,0 72.6245311,24.9913813,0 72.6264254,24.9944265,0 72.6302141,24.998249,0 72.6322514,24.9994476,0 72.6337883,25.0008729,0 72.6344674,25.0026869,0 72.6351822,25.0062176,0 72.6366834,25.0111572,0 72.6381131,25.0160967,0 72.6423664,25.0167445,0 72.6445109,25.0167769,0 72.6481566,25.0166473,0 72.6484783,25.0201776,0 72.6483353,25.0218294,0 72.6483353,25.0234488,0 72.649622,25.0246795,0 72.6506024,25.0250814,0 72.6526244,25.0259102,0 72.6547332,25.026396,0 72.6568419,25.0270761,0 72.6559127,25.0289869,0 72.6550548,25.0312539,0 72.6556625,25.0343628,0 72.6578785,25.0389289,0 72.6609165,25.0432681,0 72.6625859,25.0455229,0 72.6628824,25.0459234,0 72.6661349,25.0471215,0 72.6703525,25.0478663,0 72.6747487,25.0488701,0 72.6798599,25.0491615,0 72.6837558,25.0493558,0 72.6856143,25.0486434,0 72.6874729,25.0475749,0 72.6887597,25.0485463,0 72.6887597,25.0505862,0 72.6885095,25.0532738,0 72.6886524,25.0546013,0 72.690511,25.0564793,0 72.6911186,25.0589076,0 72.6912973,25.0674227,0 72.6913428,25.0721349,0 72.6915967,25.0734806,0 72.6927995,25.0772616,0 72.6959081,25.0792716,0 72.699518,25.0803075,0 72.7018055,25.0806312,0 72.7036999,25.0823793,0 72.7038786,25.086717,0 72.7051295,25.091443,0 72.7065235,25.0986287,0 72.7089182,25.10439,0 72.7138864,25.10918,0 72.7200697,25.1135492,0 72.728076,25.1200217,0 72.7344023,25.1240344,0 72.7382625,25.1263644,0 72.7402998,25.1333216,0 72.743588,25.1413138,0 72.7458398,25.1563907,0 72.7456968,25.1577171,0 72.747198,25.1598847,0 72.7525951,25.1642844,0 72.7577419,25.1697514,0 72.7621382,25.1745065,0 72.7655337,25.179779,0 72.7720388,25.1869919,0 72.7745765,25.1875417,0 72.7771141,25.1878005,0 72.7792944,25.1879622,0 72.7808671,25.1892559,0 72.7809028,25.1910671,0 72.7791514,25.1930077,0 72.7781507,25.1955304,0 72.7780434,25.2197518,0 72.7818321,25.2280617,0 72.7868003,25.2321679,0 72.7904102,25.2348837,0 72.7945205,25.2431279,0 72.79931,25.2495935,0 72.8025268,25.2561881,0 72.8081025,25.2545395,0 72.8091649,25.2540463,0 72.8117993,25.2566158,0 72.8154988,25.2641423,0 72.817303,25.2687348,0 72.8181959,25.2743113,0 72.8185422,25.2770814,0 72.8203099,25.2804164,0 72.823572,25.2824939,0 72.8250482,25.2824939,0 72.8259958,25.2825121,0 72.8268888,25.282749,0 72.8273991,25.283314,0 72.8277089,25.2838789,0 72.8284925,25.2853733,0 72.8379508,25.2800519,0 72.8392447,25.2773001,0 72.8408666,25.2755688,0 72.8423428,25.2750767,0 72.8432357,25.2741473,0 72.84391,25.273637,0 72.8452586,25.2734912,0 72.8468623,25.2736553,0 72.8480469,25.2738922,0 72.8511996,25.2741837,0 72.8543888,25.2699558,0 72.855701,25.2683703,0 72.8572682,25.266803,0 72.8638835,25.2611354,0 72.8663073,25.2544107,0 72.8669452,25.2529528,0 72.8689498,25.2516589,0 72.8701161,25.2504743,0 72.873925,25.2498183,0 72.8773875,25.2492898,0 72.8792828,25.2493627,0 72.8809412,25.2490893,0 72.8826907,25.2481963,0 72.8839117,25.2474856,0 72.8848958,25.2467202,0 72.8860075,25.2456996,0 72.886372,25.2453169,0 72.8897252,25.2448978,0 72.8953017,25.2453169,0 72.8963405,25.2457361,0 72.897197,25.2484879,0 72.8970694,25.2509117,0 72.8999306,25.2529528,0 72.9014432,25.2503832,0 72.9020628,25.2497454,0 72.9036665,25.2497454,0 72.9091155,25.2503468,0 72.9126874,25.2546476,0 72.916806,25.2556317,0 72.9198312,25.2502739,0 72.9214349,25.2462281,0 72.9286516,25.2444786,0 72.9331347,25.243859,0 72.9363969,25.2434945,0 72.9401658,25.2425305,0 72.9418641,25.2444968,0 72.9430668,25.2443146,0 72.9430851,25.2428202,0 72.947149,25.2423464,0 72.9470579,25.2441506,0 72.956097,25.2440413,0 72.9637875,25.2448067,0 72.9649174,25.2431665,0 72.9683071,25.2443328,0 72.9706762,25.2461552,0 72.973993,25.2472487,0 72.9793508,25.2480505,0 72.9861302,25.249472,0 72.9873329,25.2541374,0 72.9893376,25.2573448,0 72.9903946,25.2581466,0 72.9922534,25.2591672,0 72.9929824,25.2603335,0 72.9943674,25.265983,0 72.9953515,25.26981,0 72.9977206,25.2792865,0 72.9958253,25.2860658,0 72.9950964,25.2874873,0 72.9935291,25.2885443,0 72.9901759,25.2969273,0 72.9867862,25.3011553,0 72.9847087,25.3042169,0 72.98449,25.3064403,0 72.9834695,25.3081533,0 72.9797518,25.3135841,0 72.9778929,25.3159167,0 72.9772004,25.3206185,0 72.9771275,25.3226961,0 72.9770182,25.3251016,0 72.9754873,25.3261222,0 72.9757789,25.3277624,0 72.97505,25.3282362,0 72.9751958,25.3314072,0 72.9733734,25.3320997,0 72.9735191,25.333995,0 72.9726079,25.3351248,0 72.9671043,25.3397902,0 72.9640791,25.341649,0 72.9616735,25.3414668,0 72.9593044,25.3436901,0 72.9531447,25.3467518,0 72.9507391,25.3490844,0 72.9494999,25.3522919,0 72.9478597,25.3534582,0 72.9468027,25.3535311,0 72.9455635,25.3537133,0 72.9442149,25.3551348,0 72.942101,25.3554993,0 72.9402057,25.3560825,0 72.93893,25.3568479,0 72.9373263,25.3584516,0 72.9362693,25.360602,0 72.9384562,25.3605656,0 72.9403879,25.3598366,0 72.9432308,25.361659,0 72.945928,25.363773,0 72.9562792,25.3750719,0 72.9622932,25.3724476,0 72.9667763,25.3715,0 72.9699837,25.3715729,0 72.9719519,25.3715729,0 72.9745397,25.3713542,0 72.9772368,25.3671991,0 72.978549,25.36483,0 72.9809181,25.3626795,0 72.981647,25.3610758,0 72.9837246,25.3577955,0 72.985875,25.3561554,0 72.9876245,25.3545152,0 72.9896656,25.351818,0 72.9905768,25.350433,0 72.9913787,25.3495583,0 72.9924721,25.3480639,0 72.9988505,25.3520003,0 73.0014748,25.3529115,0 73.0042813,25.3548432,0 73.0054841,25.3554993,0 73.0073065,25.3561918,0 73.008327,25.3569208,0 73.0054476,25.3682196,0 73.0043906,25.3705159,0 73.0026411,25.3708804,0 72.9989599,25.3714635,0 72.9965543,25.3723018,0 72.9940758,25.3739055,0 72.9920347,25.3753999,0 72.9908684,25.3767485,0 72.9922899,25.3797372,0 72.9955702,25.381997,0 72.9983402,25.3840016,0 73.0016206,25.3867717,0 72.9995795,25.3888857,0 72.9986683,25.3903071,0 73.0001626,25.3919838,0 73.0016206,25.392166,0 73.0028962,25.3916193,0 73.0153979,25.3839287,0 73.0169652,25.3821063,0 73.0164185,25.3805391,0 73.018496,25.3801017,0 73.0213754,25.3818877,0 73.0246922,25.3840016,0 73.0322004,25.3894324,0 73.035663,25.3926034,0 73.0383966,25.3938062,0 73.0414218,25.3968313,0 73.0427704,25.3993098,0 73.0439367,25.4019341,0 73.0448479,25.404449,0 73.0463787,25.4067816,0 73.0480553,25.4089685,0 73.0523198,25.4125404,0 73.0561468,25.4194656,0 73.0572038,25.424058,0 73.0588804,25.4240945,0 73.0586617,25.4266823,0 73.0599738,25.4305093,0 73.0610308,25.4328784,0 73.0615047,25.4350653,0 73.0615411,25.4375073,0 73.0595729,25.4393297,0 73.0564384,25.4420633,0 73.0539599,25.4436306,0 73.0535225,25.4447605,0 73.058115,25.4468016,0 73.0615411,25.4474576,0 73.064384,25.4490978,0 73.0677737,25.4513211,0 73.0687214,25.4525968,0 73.0704709,25.4547108,0 73.0728764,25.4557313,0 73.0740792,25.4571164,0 73.0756465,25.4583191,0 73.0775418,25.4593397,0 73.0827538,25.4619639,0 73.0859977,25.4632761,0 73.0875285,25.4644789,0 73.0889865,25.4653172,0 73.0902257,25.4664106,0 73.0912827,25.4673947,0 73.0897154,25.4688891,0 73.089278,25.4717685,0 73.0875285,25.4788394,0 73.0863622,25.481901,0 73.0828164,25.4917085,0 73.078849,25.4904503,0 73.0774908,25.4904503,0 73.0750603,25.4919989,0 73.0712002,25.4944831,0 73.0684481,25.494354,0 73.0656244,25.4944508,0 73.0631225,25.4954509,0 73.0605133,25.4967737,0 73.0584403,25.4980318,0 73.057225,25.4995803,0 73.0565102,25.5022579,0 73.053079,25.505871,0 73.0513991,25.508129,0 73.051542,25.5105484,0 73.051542,25.5129032,0 73.0513991,25.5145482,0 73.051828,25.5159998,0 73.0530432,25.5175803,0 73.0522926,25.5202575,0 73.0526858,25.5232249,0 73.0537223,25.5252569,0 73.0539368,25.5288047,0 73.0538653,25.5304818,0 73.0528288,25.5324815,0 73.0525428,25.5348358,0 73.0526143,25.5374481,0 73.0537581,25.5396088,0 73.0534364,25.5420275,0 73.053079,25.5434465,0 73.0525428,25.5451879,0 73.0522211,25.5467681,0 73.0520424,25.5482192,0 73.0532577,25.5500895,0 73.0541155,25.552637,0 73.0542942,25.5548297,0 73.0541155,25.5568289,0 73.0524356,25.5586669,0 73.049326,25.5599566,0 73.0457876,25.560795,0 73.0429282,25.5616011,0 73.0407122,25.5633422,0 73.0396399,25.5691459,0 73.038103,25.5730148,0 73.0328489,25.5773672,0 73.0294534,25.5798335,0 73.0236632,25.5829768,0 73.0186414,25.5853785,0 73.0181232,25.5855074,0 73.0134767,25.5857331,0 73.012047,25.5899077,0 73.0094378,25.5905525,0 73.0059709,25.5908104,0 73.0032902,25.5925833,0 73.0000898,25.5946711,0 72.9967183,25.59653,0 72.9923992,25.599701,0 72.9903217,25.6018514,0 72.9887909,25.6038196,0 72.9874788,25.6054415,0 72.9855652,25.6054233,0 72.9842167,25.6053686,0 72.9802074,25.6048401,0 72.9798429,25.6084485,0 72.9793144,25.6128587,0 72.9781663,25.6164853,0 72.9756696,25.621588,0 72.9733734,25.622973,0 72.9716056,25.6244856,0 72.9707309,25.6250688,0 72.9699473,25.6243945,0 72.9683618,25.6237384,0 72.9675235,25.6236109,0 72.963095,25.6241576,0 72.9628581,25.6261076,0 72.9623478,25.6271463,0 72.962038,25.6284949,0 72.9617647,25.6298253,0 72.9588488,25.6306271,0 72.9570629,25.6310098,0 72.953983,25.6313379,0 72.951869,25.6317023,0 72.9488439,25.632486,0 72.9412627,25.6340897,0 72.9385108,25.6347822,0 72.9366702,25.6354018,0 72.9359959,25.636149,0 72.9363057,25.6381901,0 72.9365426,25.6409601,0 72.9374174,25.6448783,0 72.9378366,25.6474479,0 72.9313124,25.6478306,0 72.9312759,25.6510016,0 72.9289979,25.6504731,0 72.9283054,25.6528604,0 72.9260638,25.6547375,0 72.9215807,25.6609336,0 72.9233667,25.6619724,0 72.9230022,25.6629201,0 72.9234578,25.6635943,0 72.9201046,25.6659635,0 72.9192298,25.6706106,0 72.923312,25.6727246,0 72.9234396,25.6742554,0 72.9281232,25.677317,0 72.9294717,25.6802875,0 72.930711,25.6843515,0 72.9292895,25.6835496,0 72.9256811,25.6860281,0 72.9243326,25.6846795,0 72.9193939,25.6857001,0 72.9156215,25.6837137,0 72.9135075,25.6877047,0 72.9119038,25.6874496,0 72.9092431,25.6898734,0 72.9074936,25.688379,0 72.9059081,25.6904748,0 72.9038306,25.6889439,0 72.9013156,25.6891809,0 72.9004044,25.6902561,0 72.8993657,25.6916958,0 72.8966867,25.6919691,0 72.8925863,25.688871,0 72.8905635,25.6948667,0 72.887593,25.6959784,0 72.8877205,25.6991312,0 72.8843673,25.701883,0 72.8862079,25.703432,0 72.889306,25.7045984,0 72.8897434,25.704161,0 72.8907275,25.7049446,0 72.8930966,25.7073137,0 72.8989283,25.71043,0 72.8953746,25.7156421,0 72.8923312,25.7208542,0 72.8912378,25.7226948,0 72.890199,25.7247359,0 72.8898892,25.7279706,0 72.8898345,25.7303398,0 72.88947,25.7363081,0 72.8853696,25.7361259,0 72.8844949,25.7366908,0 72.8825996,25.736381,0 72.8820346,25.7365633,0 72.8815608,25.737438,0 72.8807772,25.7379847,0 72.8799753,25.7384586,0 72.8794651,25.7388413,0 72.8787908,25.7405726,0 72.8751095,25.7372193,0 72.8734511,25.7386955,0 72.8716287,25.7412833,0 72.8712096,25.7435613,0 72.870025,25.7452015,0 72.8699886,25.7461127,0 72.8703713,25.7478986,0 72.8705353,25.7485547,0 72.871811,25.7501402,0 72.8664713,25.7511789,0 72.8632639,25.7527462,0 72.8604756,25.7537485,0 72.8570495,25.7538579,0 72.8542977,25.7538943,0 72.8512725,25.7546779,0 72.8476277,25.7555162,0 72.8453133,25.7557349,0 72.8416138,25.7558443,0 72.8416867,25.7579036,0 72.8414133,25.7583774,0 72.8391718,25.7592886,0 72.8366751,25.7601269,0 72.8354359,25.7614573,0 72.832028,25.7656306,0 72.8280369,25.7646282,0 72.8245561,25.7643731,0 72.8236085,25.7645189,0 72.8209478,25.7684553,0 72.8184146,25.771444,0 72.8170296,25.7727562,0 72.8138404,25.7745968,0 72.8092297,25.7763463,0 72.8044186,25.779335,0 72.8023411,25.7810299,0 72.80112,25.7828887,0 72.8008649,25.7843466,0 72.8010654,25.7882283,0 72.8005916,25.7905792,0 72.8005004,25.7923834,0 72.7989696,25.7938049,0 72.7965094,25.7945885,0 72.7934113,25.7953904,0 72.7900945,25.7961558,0 72.7854474,25.7973403,0 72.7836068,25.7983062,0 72.7823858,25.7995272,0 72.7778753,25.8025068,0 72.7678065,25.8038463,0 72.7641253,25.8051402,0 72.7605716,25.807728,0 72.7578745,25.8097873,0 72.7565988,25.8065617,0 72.7549404,25.802844,0 72.7546671,25.799673,0 72.7539928,25.7948072,0 72.7530269,25.7918002,0 72.7527718,25.7887022,0 72.7526806,25.787791,0 72.7477419,25.783891,0 72.7464298,25.7835812,0 72.7442794,25.7814855,0 72.7437326,25.7809387,0 72.7429308,25.7811574,0 72.7399238,25.7786243,0 72.7392131,25.7788612,0 72.7356594,25.7769841,0 72.7338917,25.7768748,0 72.7320511,25.775508,0 72.7301375,25.7760729,0 72.7288254,25.7760911,0 72.7255268,25.7684553,0 72.7223923,25.76379,0 72.7230483,25.7571565,0 72.7245063,25.7535846,0 72.7298277,25.751835,0 72.7349669,25.7514341,0 72.7363519,25.750778,0 72.7386846,25.7499033,0 72.7396322,25.7485182,0 72.7405434,25.7477893,0 72.7417098,25.7484818,0 72.7426939,25.747279,0 72.7445527,25.7473519,0 72.7480517,25.7449099,0 72.7502022,25.7435249,0 72.7531909,25.7414838,0 72.7557787,25.739953,0 72.7566899,25.7387502,0 72.7566899,25.737839,0 72.7548675,25.7357614,0 72.7563619,25.7333559,0 72.7592413,25.7336474,0 72.7589497,25.7282167,0 72.7586946,25.7247177,0 72.7553596,25.7245537,0 72.7527535,25.7239523,0 72.7506395,25.7225855,0 72.7485438,25.7208906,0 72.7453546,25.715879,0 72.7435322,25.7136921,0 72.742785,25.712945,0 72.7417645,25.7122707,0 72.7425663,25.7113412,0 72.7395229,25.708881,0 72.738229,25.7074049,0 72.7369351,25.7053091,0 72.7359874,25.7043615,0 72.7348393,25.7032133,0 72.7325067,25.7008624,0 72.7266567,25.696835,0 72.7234493,25.6949397,0 72.7214811,25.6924247,0 72.7210437,25.6906023,0 72.7202419,25.6881968,0 72.7174354,25.6883061,0 72.7164877,25.6893631,0 72.7149934,25.6905294,0 72.7133168,25.6888528,0 72.7119317,25.6872491,0 72.7038403,25.6777362,0 72.6997217,25.6761689,0 72.6968787,25.6758773,0 72.6954208,25.6759502,0 72.6929423,25.6762783,0 72.6878396,25.6706289,0 72.6870013,25.6692074,0 72.6872564,25.6670934,0 72.6900265,25.6638495,0 72.6914844,25.6644327,0 72.6941451,25.6601318,0 72.6956395,25.6608608,0 72.6966236,25.6590384,0 72.698045,25.6570702,0 72.698446,25.6564141,0 72.6983366,25.6467189,0 72.698774,25.6443498,0 72.7007057,25.6433657,0 72.7015441,25.642819,0 72.7033665,25.6443498,0 72.7079954,25.6432928,0 72.7098178,25.641434,0 72.7114944,25.6389555,0 72.7123327,25.6384088,0 72.7145924,25.6369144,0 72.7183101,25.6342537,0 72.7165971,25.6304267,0 72.7176905,25.6279847,0 72.7186746,25.6264174,0 72.7187475,25.6246314,0 72.7175812,25.623866,0 72.7175447,25.6209866,0 72.7190391,25.6195652,0 72.719112,25.618654,0 72.7186017,25.6173783,0 72.718784,25.6125671,0 72.7195494,25.6096149,0 72.7168887,25.6085579,0 72.7118588,25.6059336,0 72.709271,25.6042934,0 72.7076673,25.6031636,0 72.7043505,25.6006122,0 72.7010338,25.6017785,0 72.6975348,25.6034916,0 72.6968423,25.6041112,0 72.6948741,25.6047673,0 72.6930517,25.6046215,0 72.6917031,25.6046579,0 72.6860172,25.6081569,0 72.6852518,25.6077925,0 72.6798939,25.6115466,0 72.6790192,25.6106354,0 72.6766136,25.612312,0 72.6733333,25.6109999,0 72.6701623,25.6112915,0 72.6673558,25.6100158,0 72.6653147,25.6089223,0 72.664039,25.6083392,0 72.6586083,25.6073915,0 72.6564579,25.6077925,0 72.6543803,25.6085579,0 72.6528495,25.6088859,0 72.6511364,25.6090681,0 72.6502252,25.6093962,0 72.6473823,25.6100522,0 72.6401656,25.6097242,0 72.6388353,25.608813,0 72.6368488,25.6088312,0 72.6357372,25.6080111,0 72.6348624,25.6076102,0 72.6320195,25.6092868,0 72.6299966,25.6111274,0 72.6283018,25.6116377,0 72.6271901,25.6096331,0 72.6258051,25.6078289,0 72.6248574,25.6064803,0 72.6241832,25.6053322,0 72.6219234,25.6012865,0 72.6197001,25.6022523,0 72.6136679,25.6058607,0 72.6046652,25.6097971,0 72.5949529,25.609558,0 72.5852749,25.6040019,0 72.5808282,25.5999926,0 72.5759077,25.5915002,0 72.5675976,25.5814041,0 72.56275,25.5767752,0 72.5535651,25.5686837,0 72.549082,25.5648567,0 72.5494829,25.5639819,0 72.5474418,25.5631072,0 72.5479886,25.5606287,0 72.550139,25.5582596,0 72.5506493,25.5562914,0 72.5504306,25.5552709,0 72.5495194,25.5539587,0 72.5489727,25.5534849,0 72.5496652,25.5528653,0 72.5456923,25.5495485,0 72.5488269,25.5468149,0 72.5506857,25.5443,0 72.5517427,25.542186,0 72.5540389,25.5399262,0 72.5560071,25.5380674,0 72.5581211,25.5352609,0 72.5598342,25.5328553,0 72.5611828,25.5309692,0 72.5599208,25.5298985,0 72.558595,25.5304497,0 72.5552964,25.5319441,0 72.5545674,25.5312334,0 72.55331,25.5299212,0 72.5507222,25.5287367,0 72.5466765,25.5272605,0 72.542084,25.5252012,0 72.5388401,25.5235611,0 72.53802,25.5221396,0 72.5371088,25.5223036,0 72.5365439,25.521684,0 72.5333365,25.5188957,0 72.5316234,25.5182032,0 72.5296188,25.515178,0 72.5274501,25.5139752,0 72.5280333,25.5126084,0 72.5254455,25.5108043,0 72.5253726,25.5101482,0 72.525245,25.5094921,0 72.5250446,25.5087814,0 72.5246254,25.5077973,0 72.5237689,25.5066856,0 72.5227483,25.5053371,0 72.5204703,25.5043894,0 72.5193951,25.5050455,0 72.5168802,25.5065763,0 72.5151125,25.5073053,0 72.5143471,25.5077609,0 72.5095724,25.5072506,0 72.5063285,25.5039703,0 72.5035767,25.4998699,0 72.5021188,25.4943662,0 72.5045061,25.4937101,0 72.5058729,25.4935644,0 72.5060916,25.4930905,0 72.5063832,25.4921611,0 72.5062374,25.4912681,0 72.5056178,25.4905209,0 72.5047977,25.4894093,0 72.5027201,25.4894093,0 72.5018272,25.4893546,0 72.4983099,25.4885163,0 72.4973441,25.4877691,0 72.4930979,25.4865117,0 72.491075,25.4856916,0 72.4882138,25.4841608,0 72.4873755,25.4839968,0 72.4849335,25.4837781,0 72.4839494,25.4788576,0 72.4818901,25.4766525,0 72.4816167,25.4761604,0 72.4817079,25.4755955,0 72.4823093,25.4745567,0 72.4829471,25.4736273,0 72.4819994,25.4721511,0 72.479357,25.4700372,0 72.4768056,25.4686339,0 72.4754935,25.4674494,0 72.4743271,25.4662283,0 72.4721949,25.4655176,0 72.4701721,25.463112,0 72.4684955,25.4617999,0 72.4671833,25.4608887,0 72.4667095,25.4601415,0 72.466181,25.4590845,0 72.4649782,25.4579546,0 72.4639395,25.4566243,0 72.4621717,25.4558224,0 72.4611876,25.4565878,0 72.4603676,25.4582098,0 72.4589461,25.4584467,0 72.4578891,25.4585378,0 72.4574153,25.4590299,0 72.4566499,25.4593032,0 72.4552102,25.4586107,0 72.454791,25.4577724,0 72.4530233,25.4572986,0 72.4522214,25.4585196,0 72.4505084,25.458228,0 72.44885,25.4566972,0 72.4474285,25.4549295,0 72.4455514,25.4528337,0 72.4410137,25.4490978,0 72.4381525,25.4469291,0 72.4364394,25.4463095,0 72.4314825,25.4447969,0 72.4280928,25.4429927,0 72.423956,25.4406054,0 72.4224434,25.4396213,0 72.4195093,25.4389835,0 72.4154454,25.4390563,0 72.4130398,25.4389106,0 72.4118006,25.4390199,0 72.4107436,25.439275,0 72.4099964,25.4396031,0 72.4096319,25.4400769,0 72.4093221,25.4407876,0 72.4087025,25.4412979,0 72.4076819,25.4416806,0 72.4069894,25.441954,0 72.4066067,25.4424278,0 72.4060965,25.4430292,0 72.404675,25.4433025,0 72.4025246,25.4432661,0 72.399955,25.4431021,0 72.3967658,25.4433754,0 72.3956723,25.4433025,0 72.3943602,25.4433572,0 72.3927565,25.4433572,0 72.3915719,25.4431567,0 72.3906789,25.4431567,0 72.3898224,25.4432843,0 72.3885103,25.4436123,0 72.387672,25.4439039,0 72.3862323,25.4438857,0 72.38523,25.4436123,0 72.3843005,25.4431567,0 72.3834805,25.4427376,0 72.3822777,25.4426283,0 72.381494,25.4431021,0 72.3810749,25.4439586,0 72.3808198,25.4468198,0 72.3783048,25.4462002,0 72.3761544,25.4465282,0 72.3748787,25.4469838,0 72.3716166,25.4479132,0 72.3705596,25.4481866,0 72.3682087,25.4476399,0 72.3668237,25.4478585,0 72.3663863,25.4482595,0 72.365785,25.4489702,0 72.3644728,25.4496992,0 72.3639079,25.4503917,0 72.3630331,25.4517767,0 72.3621037,25.4524328,0 72.3600079,25.4537996,0 72.3581673,25.455057,0 72.355616,25.4593943,0 72.3548141,25.4576266,0 72.3534109,25.4555126,0 72.35383,25.453672,0 72.3544132,25.4523781,0 72.3553061,25.4511389,0 72.3551786,25.4501365,0 72.3543221,25.4486968,0 72.35383,25.4480955,0 72.3532651,25.4470567,0 72.3537571,25.4461273,0 72.3542309,25.4450338,0 72.3540669,25.4442684,0 72.3523539,25.4425554,0 72.3509506,25.4419175,0 72.3500941,25.4426283,0 72.3469049,25.4453801,0 72.3446816,25.4460544,0 72.3417293,25.4465829,0 72.3393784,25.4447058,0 72.3359705,25.4379994,0 72.333328,25.4330242,0 72.3326902,25.4300355,0 72.3318519,25.4283953,0 72.3311411,25.4241673,0 72.3306126,25.4204679,0 72.3309224,25.4130871,0 72.3309771,25.4098068,0 72.3307402,25.4047588,0 72.3304304,25.3999112,0 72.3301206,25.3992916,0 72.3295374,25.3979065,0 72.3290454,25.3969771,0 72.3288631,25.3958108,0 72.3287152,25.3939199,0 72.327551,25.3926216,0 72.3259837,25.3922935,0 72.3247627,25.3912001,0 72.323487,25.3897969,0 72.3216464,25.3895964,0 72.3211179,25.3885029,0 72.3200062,25.3882478,0 72.3189857,25.3880473,0 72.3176007,25.3880656,0 72.3167441,25.3873731,0 72.315997,25.3867717,0 72.3148671,25.3863343,0 72.3137919,25.3863161,0 72.3133727,25.3874095,0 72.3111858,25.3856782,0 72.3075957,25.3836371,0 72.3050261,25.3859334,0 72.3037322,25.3880473,0 72.3016547,25.3874095,0 72.2999234,25.3868081,0 72.298265,25.3858787,0 72.2961875,25.3873366,0 72.2905745,25.3916375,0 72.2897544,25.3920931,0 72.289317,25.3923847,0 72.2883329,25.3939155,0 72.2879502,25.3947902,0 72.2871666,25.3957926,0 72.2870026,25.3967402,0 72.2872759,25.3986355,0 72.2855264,25.4002939,0 72.2842507,25.4002939,0 72.2827017,25.3999476,0 72.2820092,25.4009499,0 72.2814078,25.4006584,0 72.2802597,25.4006219,0 72.279148,25.4016789,0 72.2782368,25.4026995,0 72.277927,25.4030457,0 72.2761957,25.4028635,0 72.2759406,25.4034466,0 72.2749018,25.4041756,0 72.2731888,25.4050139,0 72.2723687,25.4059615,0 72.271093,25.407948,0 72.2695257,25.4099891,0 72.2683412,25.4106816,0 72.2678127,25.4106087,0 72.2671748,25.4103718,0 72.2666646,25.4087498,0 72.2654071,25.4083671,0 72.2637123,25.4077657,0 72.2624366,25.4073101,0 72.2587189,25.4094606,0 72.2552199,25.4108456,0 72.2541265,25.4110278,0 72.2527779,25.4108274,0 72.2522312,25.4121759,0 72.2520489,25.4132512,0 72.2515569,25.4136703,0 72.2509555,25.4145633,0 72.250427,25.4153651,0 72.2495887,25.4150371,0 72.2477298,25.4145268,0 72.2465817,25.4145633,0 72.2448504,25.4128502,0 72.244249,25.412832,0 72.2427365,25.4104811,0 72.2400211,25.4085129,0 72.2384903,25.4085311,0 72.237415,25.4107727,0 72.2324217,25.4068727,0 72.2308544,25.4062349,0 72.229196,25.4061073,0 72.2252596,25.4057246,0 72.222526,25.4056335,0 72.2212503,25.4045765,0 72.2190088,25.4032279,0 72.2148537,25.4065629,0 72.2060515,25.4130142,0 72.2046301,25.4139801,0 72.1956092,25.419338,0 72.1879733,25.4240215,0 72.1875359,25.4238029,0 72.1860233,25.4245683,0 72.184693,25.4243678,0 72.1838365,25.4244225,0 72.181686,25.4259168,0 72.1809935,25.4250239,0 72.1752165,25.4265729,0 72.1736492,25.4269556,0 72.1724829,25.4269374,0 72.1707881,25.4269009,0 72.1697675,25.4274841,0 72.1651751,25.4302724,0 72.1637354,25.4311107,0 72.1627148,25.432441,0 72.1621084,25.4361439,0 72.1586323,25.4338185,0 72.1572804,25.4325202,0 72.1561646,25.4319001,0 72.1547055,25.4328302,0 72.1540618,25.4336247,0 72.153461,25.4344968,0 72.1526241,25.4358338,0 72.1500063,25.4357176,0 72.1476888,25.435892,0 72.14535,25.4349037,0 72.1426034,25.4345355,0 72.1399641,25.4343999,0 72.1353721,25.4329853,0 72.1343851,25.4325202,0 72.1311664,25.4321326,0 72.1255016,25.4305048,0 72.1208882,25.4291096,0 72.116425,25.4263771,0 72.1143007,25.4252144,0 72.1119189,25.4232958,0 72.1100735,25.4224043,0 72.1088075,25.4214159,0 72.1078419,25.4200593,0 72.107048,25.420195,0 72.1058893,25.4214547,0 72.1042156,25.4239159,0 72.1005034,25.4298266,0 72.0990872,25.4343417,0 72.0987868,25.437539,0 72.0990228,25.4406394,0 72.0985508,25.4416664,0 72.0962119,25.443604,0 72.0928216,25.4465105,0 72.0917058,25.4486224,0 72.0910835,25.450715,0 72.0903754,25.453505,0 72.0904183,25.4547837,0 72.0908475,25.4571474,0 72.0911693,25.461894,0 72.0910191,25.4624365,0 72.0896029,25.4639282,0 72.0873928,25.46511,0 72.0860195,25.465943,0 72.083981,25.4666017,0 72.0828223,25.4678415,0 72.0785951,25.4702437,0 72.0691752,25.4735757,0 72.0674801,25.474215,0 72.0653558,25.4759584,0 72.0627164,25.4769463,0 72.0616006,25.4788059,0 72.0561075,25.4822151,0 72.0448637,25.4781086,0 72.0388984,25.4757453,0 72.0338773,25.4746993,0 72.0305299,25.4697013,0 72.0249509,25.4646257,0 72.0181918,25.4579805,0 72.0145011,25.45397,0 72.0102525,25.4513544,0 72.0033431,25.4462004,0 72.0012831,25.4441078,0 72.0004892,25.4426158,0 71.9994592,25.4417826,0 71.9985151,25.44031,0 71.9940519,25.4371127,0 71.9911551,25.4359888,0 71.9873786,25.435175,0 71.9793749,25.4274236,0 71.9783878,25.4262415,0 71.9761835,25.4181281,0 71.9754695,25.4120357,0 71.9761348,25.40688,0 71.9751692,25.4047673,0 71.9723153,25.4015885,0 71.9711351,25.4009489,0 71.9688177,25.3966263,0 71.9672513,25.3932535,0 71.9637751,25.3909273,0 71.9618869,25.3892602,0 71.9597626,25.3858096,0 71.9535613,25.3832312,0 71.9502997,25.3797998,0 71.9466519,25.376349,0 71.9471884,25.3757867,0 71.9462871,25.3741776,0 71.9429612,25.3723745,0 71.9393348,25.3695244,0 71.9356227,25.3639017,0 71.9326401,25.3588798,0 71.9311595,25.3587828,0 71.9284987,25.3561845,0 71.9271683,25.3569795,0 71.9226622,25.3523257,0 71.919229,25.3495722,0 71.9172978,25.3467216,0 71.9167614,25.3458101,0 71.9172549,25.3451508,0 71.9168901,25.3444721,0 71.9168257,25.3430758,0 71.918242,25.3412335,0 71.9179415,25.3404578,0 71.9174051,25.3392942,0 71.9173407,25.3374518,0 71.9210315,25.3323318,0 71.9243574,25.3293451,0 71.9287777,25.3265328,0 71.9306445,25.3259703,0 71.9336486,25.3266298,0 71.9356656,25.3254854,0 71.9379186,25.3235459,0 71.9403004,25.321102,0 71.9445276,25.3184253,0 71.9464588,25.31699,0 71.9463729,25.3149727,0 71.9374036,25.2997256,0 71.9346141,25.2923147,0 71.9341421,25.2807514,0 71.9316959,25.279626,0 71.9162035,25.2725244,0 71.9081783,25.269148,0 71.9057321,25.2682943,0 71.9032001,25.2677121,0 71.9000244,25.2656552,0 71.8965482,25.2627444,0 71.8926858,25.2582423,0 71.8900251,25.2569226,0 71.8858194,25.2558747,0 71.8870639,25.2534682,0 71.8889951,25.2503631,0 71.8960332,25.2449289,0 71.8994236,25.2437644,0 71.8964195,25.2384852,0 71.8944454,25.2351079,0 71.8879652,25.2304882,0 71.8801975,25.2254026,0 71.8798971,25.2243155,0 71.8797254,25.2232673,0 71.8791675,25.2217143,0 71.877408,25.2196955,0 71.8723869,25.216473,0 71.8634176,25.2114644,0 71.8598985,25.2098724,0 71.8554782,25.2088241,0 71.8519163,25.2061837,0 71.8468523,25.2014465,0 71.8426251,25.1855443,0 71.8414235,25.1806315,0 71.8407798,25.1786314,0 71.8412304,25.1778158,0 71.8405223,25.1741262,0 71.838398,25.1652899,0 71.8372822,25.1615222,0 71.8366384,25.1591916,0 71.8362093,25.1561034,0 71.8387198,25.1528987,0 71.8367457,25.150296,0 71.8336558,25.1423127,0 71.8344712,25.1410695,0 71.8344283,25.1404285,0 71.8323469,25.1377672,0 71.8281197,25.1322891,0 71.8252659,25.1277627,0 71.8239784,25.1258589,0 71.8239701,25.1230857,0 71.8227338,25.1200694,0 71.8203735,25.1206717,0 71.8194294,25.1207106,0 71.8181634,25.1206134,0 71.8168115,25.1203414,0 71.8137216,25.11937,0 71.8084859,25.1171163,0 71.8050527,25.1148237,0 71.8022203,25.1100441,0 71.7999887,25.1049145,0 71.8010831,25.101825,0 71.8053317,25.0973557,0 71.7980146,25.0895828,0 71.7963195,25.0868815,0 71.7911911,25.0784665,0 71.7918348,25.0776892,0 71.792736,25.0770672,0 71.7942381,25.0764064,0 71.7962765,25.0754735,0 71.7987871,25.073977,0 71.8004608,25.0729275,0 71.8047094,25.0690986,0 71.8042588,25.0685738,0 71.8031215,25.0673105,0 71.8015337,25.0650169,0 71.8024134,25.0633453,0 71.8032074,25.0623151,0 71.8034005,25.0615182,0 71.8030786,25.0608962,0 71.8023062,25.0603908,0 71.8014908,25.0599826,0 71.8011045,25.0591468,0 71.8017268,25.058447,0 71.8013835,25.058,0 71.8009543,25.0574946,0 71.8009114,25.0568531,0 71.8014478,25.0558812,0 71.8020272,25.0552592,0 71.8017697,25.0545788,0 71.8008685,25.0538013,0 71.7988515,25.0528293,0 71.7969632,25.0522462,0 71.7962336,25.053082,0 71.7944956,25.0547343,0 71.7922425,25.0571447,0 71.7893028,25.0613238,0 71.7862558,25.0658916,0 71.7843675,25.0658138,0 71.782093,25.0653668,0 71.7790031,25.0653668,0 71.7771363,25.0654834,0 71.7756986,25.0656389,0 71.7724585,25.0680879,0 71.7697978,25.0720335,0 71.7686391,25.073083,0 71.7674589,25.0742297,0 71.7667293,25.0736077,0 71.7656994,25.0737049,0 71.7647767,25.0738993,0 71.763339,25.0741908,0 71.7615366,25.0741714,0 71.7572665,25.0717808,0 71.7527175,25.0698566,0 71.7495417,25.0694485,0 71.7467308,25.0691569,0 71.7448425,25.0687293,0 71.7429328,25.0681657,0 71.7381906,25.0678741,0 71.7381263,25.0648614,0 71.7378044,25.0606435,0 71.735723,25.0577667,0 71.733706,25.0533153,0 71.7332983,25.0524794,0 71.7319035,25.0514492,0 71.7300367,25.0504578,0 71.7283201,25.0490776,0 71.7269039,25.0433428,0 71.7269039,25.0420403,0 71.7273974,25.0393769,0 71.7277407,25.0377244,0 71.7274189,25.0367718,0 71.727333,25.0358969,0 71.7282986,25.0353914,0 71.7288351,25.0339527,0 71.7279982,25.0322418,0 71.7276764,25.0314058,0 71.727612,25.0297727,0 71.727612,25.0281978,0 71.7276335,25.0263507,0 71.7246294,25.0242703,0 71.7218399,25.0231426,0 71.7210674,25.0229287,0 71.7194795,25.020751,0 71.7183852,25.0210038,0 71.7176342,25.0210815,0 71.7136216,25.0214899,0 71.7126131,25.0196816,0 71.7117548,25.0177955,0 71.7106175,25.0168038,0 71.708343,25.0152288,0 71.7066479,25.0130509,0 71.7042017,25.0083451,0 71.7022919,25.0051948,0 71.6988158,25.0010332,0 71.6952538,24.9974549,0 71.6922712,24.9936431,0 71.6879797,24.9911342,0 71.6866064,24.9901424,0 71.6848469,24.988178,0 71.6826153,24.9870111,0 71.6784525,24.9905119,0 71.6739464,24.9938765,0 71.6722727,24.994246,0 71.6690969,24.996852,0 71.6696977,24.9979411,0 71.6685819,24.9991468,0 71.6678309,24.998719,0 71.6672301,24.9991274,0 71.6660929,25.0000414,0 71.6653847,25.0013055,0 71.6653418,25.0028223,0 71.6640973,25.0039697,0 71.6577458,25.0123509,0 71.6553211,25.0150343,0 71.6523814,25.0212954,0 71.6517162,25.0220537,0 71.6473818,25.025048,0 71.6463303,25.0253786,0 71.6453004,25.0252813,0 71.6440558,25.0252036,0 71.6431546,25.0265646,0 71.6418028,25.0279062,0 71.6388845,25.0302004,0 71.6341543,25.0340647,0 71.6293788,25.0334667,0 71.6218042,25.0324751,0 71.6149807,25.032028,0 71.6059685,25.0294616,0 71.5989518,25.027459,0 71.5938449,25.0261952,0 71.5908837,25.0248925,0 71.5872788,25.0225981,0 71.5840173,25.0193705,0 71.5790391,25.0136732,0 71.5730309,25.0075673,0 71.5675592,25.002589,0 71.5669584,25.0016944,0 71.5665507,25.0006637,0 71.5669584,24.9997691,0 71.5675807,24.9992052,0 71.567173,24.9974549,0 71.5663576,24.9947127,0 71.5636325,24.9912315,0 71.5602207,24.9875556,0 71.5583539,24.9852995,0 71.5570235,24.9832378,0 71.5537834,24.980826,0 71.551187,24.9801258,0 71.5494704,24.9796201,0 71.5480113,24.9798146,0 71.5477967,24.9795617,0 71.5473032,24.9791144,0 71.5459299,24.9786281,0 71.5445995,24.9783947,0 71.5417242,24.9780252,0 71.5393638,24.9773833,0 71.5344929,24.9738043,0 71.5323043,24.9722287,0 71.5304804,24.9735514,0 71.5294504,24.9765663,0 71.5288496,24.9775194,0 71.5263819,24.9814873,0 71.5253949,24.9833545,0 71.5260386,24.9840158,0 71.5255236,24.9847549,0 71.5268326,24.9859802,0 71.5273261,24.9868749,0 71.5277552,24.9885086,0 71.5264034,24.9956268,0 71.525824,24.9987579,0 71.5219188,25.0026668,0 71.5179491,25.0064005,0 71.5146875,25.0087924,0 71.5134001,25.0089479,0 71.5108037,25.0091424,0 71.5082502,25.0093952,0 71.5057611,25.0093757,0 71.5021992,25.008559,0 71.4992793,25.0073414,0 71.4905262,25.0053504,0 71.4907732,25.0001265,0 71.490097,24.9968715,0 71.4904189,24.9917955,0 71.4837456,24.9880224,0 71.4825225,24.9917372,0 71.4799046,24.9930985,0 71.4791751,24.9941876,0 71.4781236,24.9960547,0 71.4765358,24.9963464,0 71.4748406,24.9979994,0 71.4654851,24.9966575,0 71.4634251,24.9950239,0 71.4608502,24.9926123,0 71.4550352,24.9891116,0 71.4522242,24.9872834,0 71.4463877,24.986058,0 71.4435124,24.9835296,0 71.44068,24.9809816,0 71.4365601,24.9782586,0 71.4308738,24.9778306,0 71.4255309,24.9755743,0 71.4245653,24.975302,0 71.4211321,24.9767608,0 71.413815,24.9697,0 71.4113688,24.9721703,0 71.3999748,24.9706726,0 71.3876581,24.9747574,0 71.3837528,24.9659651,0 71.3818002,24.9640004,0 71.3784528,24.9602264,0 71.3730669,24.9578531,0 71.3673806,24.9540401,0 71.3571024,24.946258,0 71.3555789,24.947153,0 71.3488412,24.9421333,0 71.3485837,24.9421139,0 71.3429618,24.9434563,0 71.3422107,24.9405573,0 71.3391208,24.9387089,0 71.3396573,24.9257499,0 71.3416958,24.9242321,0 71.3431334,24.9182385,0 71.3460517,24.9174017,0 71.3465881,24.9116024,0 71.3423395,24.9075155,0 71.3365888,24.9016574,0 71.3293147,24.8959741,0 71.3270616,24.8992829,0 71.3252377,24.9000225,0 71.322062,24.9012097,0 71.3173198,24.9041486,0 71.3112902,24.8995359,0 71.3100672,24.8968694,0 71.3079858,24.8902127,0 71.3056254,24.8880716,0 71.3074064,24.8860472,0 71.3112902,24.8829911,0 71.3168478,24.8772291,0 71.3227701,24.8715253,0 71.3270402,24.868683,0 71.3263535,24.8667362,0 71.3280916,24.861246,0 71.3287139,24.8591628,0 71.3283062,24.8575273,0 71.3282203,24.8567875,0 71.329422,24.8533413,0 71.3294434,24.8497781,0 71.3282847,24.8463707,0 71.3256883,24.8432552,0 71.3223195,24.8417753,0 71.3191652,24.8400423,0 71.3178348,24.8361087,0 71.3129425,24.831182,0 71.3086939,24.826956,0 71.303544,24.822321,0 71.2972784,24.8248333,0 71.2902832,24.8269171,0 71.2887597,24.8272287,0 71.2846827,24.8252033,0 71.2867856,24.8168289,0 71.2798333,24.8143749,0 71.2761426,24.8121156,0 71.2687611,24.8073242,0 71.2635684,24.8052206,0 71.2544274,24.7950526,0 71.2453722,24.7997666,0 71.2517237,24.7745195,0 71.257646,24.7551131,0 71.2615943,24.7487995,0 71.2658,24.7482149,0 71.2612509,24.7455257,0 71.2588477,24.7413553,0 71.2488913,24.7318058,0 71.2391066,24.7207743,0 71.2298798,24.7142641,0 71.2206101,24.7071297,0 71.2102675,24.6981235,0 71.2063192,24.6900914,0 71.1876702,24.6495821,0</coordinates></LinearRing></outerBoundaryIs></Polygon>
    </Placemark>
    <Placemark><name>Moderate Fire Zone</name><styleUrl>#zone1</styleUrl>
      <Polygon><extrude>0</extrude><altitudeMode>clampToGround</altitudeMode><outerBoundaryIs><LinearRing><coordinates>72.30020890326846,25.26811410817915,0 72.30950044425869,25.258050090677912,0 72.31141528138897,25.244282524211727,0 72.3195017105279,25.238049637142144,0 72.32077716345418,25.215364854119514,0 72.33864820175712,25.19936519281313,0 72.341418118019,25.18428251607206,0 72.47951365204118,25.0480453244968,0 72.48078659201046,25.035364835505632,0 72.49004374868974,25.02659455979431,0 72.49078815629763,25.005364834876797,0 72.50004549985995,24.99659388554943,0 72.50039829181033,24.946539250483386,0 72.50952052535281,24.938042851421077,0 72.5108245302349,24.931114437088514,0 72.5136948,24.9335739,0 72.5165184,24.9355834,0 72.5178052,24.9359075,0 72.5189489,24.9352593,0 72.5201641,24.9333147,0 72.5210219,24.9320182,0 72.5223444,24.9315969,0 72.5258114,24.9310459,0 72.5312084,24.9308838,0 72.5386428,24.9319534,0 72.5446832,24.9319534,0 72.5510096,24.9318562,0 72.5584439,24.9328933,0 72.5632691,24.9338008,0 72.5654136,24.9340277,0 72.5685947,24.9357455,0 72.5732054,24.9404124,0 72.5776374,24.9449172,0 72.5818193,24.9515607,0 72.5863943,24.9563891,0 72.5957944,24.9636475,0 72.6014417,24.9665638,0 72.6065885,24.973206,0 72.6089833,24.9746316,0 72.6118069,24.9763812,0 72.6127004,24.9782928,0 72.6138085,24.9810791,0 72.6148807,24.9868782,0 72.6174899,24.986943,0 72.6195272,24.9873642,0 72.6224223,24.9881093,0 72.6234231,24.9898587,0 72.6245311,24.9913813,0 72.6264254,24.9944265,0 72.6302141,24.998249,0 72.6322514,24.9994476,0 72.6337883,25.0008729,0 72.6344674,25.0026869,0 72.6351822,25.0062176,0 72.6366834,25.0111572,0 72.6381131,25.0160967,0 72.6423664,25.0167445,0 72.6445109,25.0167769,0 72.6481566,25.0166473,0 72.6484783,25.0201776,0 72.6483353,25.0218294,0 72.6483353,25.0234488,0 72.649622,25.0246795,0 72.6506024,25.0250814,0 72.6526244,25.0259102,0 72.6547332,25.026396,0 72.6568419,25.0270761,0 72.6559127,25.0289869,0 72.6550548,25.0312539,0 72.6556625,25.0343628,0 72.6578785,25.0389289,0 72.6609165,25.0432681,0 72.6625859,25.0455229,0 72.6628824,25.0459234,0 72.6661349,25.0471215,0 72.6703525,25.0478663,0 72.6747487,25.0488701,0 72.6798599,25.0491615,0 72.6837558,25.0493558,0 72.6856143,25.0486434,0 72.6874729,25.0475749,0 72.6887597,25.0485463,0 72.6887597,25.0505862,0 72.6885095,25.0532738,0 72.6886524,25.0546013,0 72.690511,25.0564793,0 72.6911186,25.0589076,0 72.6912973,25.0674227,0 72.6913428,25.0721349,0 72.6915967,25.0734806,0 72.6927995,25.0772616,0 72.6959081,25.0792716,0 72.699518,25.0803075,0 72.7018055,25.0806312,0 72.7036999,25.0823793,0 72.7038786,25.086717,0 72.7051295,25.091443,0 72.7065235,25.0986287,0 72.7089182,25.10439,0 72.7138864,25.10918,0 72.7200697,25.1135492,0 72.728076,25.1200217,0 72.7344023,25.1240344,0 72.7382625,25.1263644,0 72.7402998,25.1333216,0 72.743588,25.1413138,0 72.7458398,25.1563907,0 72.7456968,25.1577171,0 72.747198,25.1598847,0 72.7525951,25.1642844,0 72.7577419,25.1697514,0 72.7621382,25.1745065,0 72.7655337,25.179779,0 72.7720388,25.1869919,0 72.7745765,25.1875417,0 72.7771141,25.1878005,0 72.7792944,25.1879622,0 72.7808671,25.1892559,0 72.7809028,25.1910671,0 72.7791514,25.1930077,0 72.7781507,25.1955304,0 72.7780434,25.2197518,0 72.7818321,25.2280617,0 72.7868003,25.2321679,0 72.7904102,25.2348837,0 72.7945205,25.2431279,0 72.79931,25.2495935,0 72.8025268,25.2561881,0 72.8081025,25.2545395,0 72.8091649,25.2540463,0 72.8117993,25.2566158,0 72.8154988,25.2641423,0 72.817303,25.2687348,0 72.8181959,25.2743113,0 72.8185422,25.2770814,0 72.8203099,25.2804164,0 72.823572,25.2824939,0 72.8250482,25.2824939,0 72.8259958,25.2825121,0 72.8268888,25.282749,0 72.8273991,25.283314,0 72.8277089,25.2838789,0 72.8284925,25.2853733,0 72.8379508,25.2800519,0 72.8392447,25.2773001,0 72.8408666,25.2755688,0 72.8423428,25.2750767,0 72.8432357,25.2741473,0 72.84391,25.273637,0 72.8452586,25.2734912,0 72.8468623,25.2736553,0 72.8480469,25.2738922,0 72.8511996,25.2741837,0 72.8543888,25.2699558,0 72.855701,25.2683703,0 72.8572682,25.266803,0 72.8638835,25.2611354,0 72.8663073,25.2544107,0 72.8669452,25.2529528,0 72.8689498,25.2516589,0 72.8701161,25.2504743,0 72.873925,25.2498183,0 72.8773875,25.2492898,0 72.8792828,25.2493627,0 72.8809412,25.2490893,0 72.8826907,25.2481963,0 72.8839117,25.2474856,0 72.8848958,25.2467202,0 72.8860075,25.2456996,0 72.886372,25.2453169,0 72.8897252,25.2448978,0 72.8953017,25.2453169,0 72.8963405,25.2457361,0 72.897197,25.2484879,0 72.8970694,25.2509117,0 72.8999306,25.2529528,0 72.9014432,25.2503832,0 72.9020628,25.2497454,0 72.9036665,25.2497454,0 72.9091155,25.2503468,0 72.9126874,25.2546476,0 72.916806,25.2556317,0 72.9198312,25.2502739,0 72.9214349,25.2462281,0 72.9286516,25.2444786,0 72.9331347,25.243859,0 72.9363969,25.2434945,0 72.9401658,25.2425305,0 72.9418641,25.2444968,0 72.9430668,25.2443146,0 72.9430851,25.2428202,0 72.947149,25.2423464,0 72.9470579,25.2441506,0 72.956097,25.2440413,0 72.9637875,25.2448067,0 72.9649174,25.2431665,0 72.9683071,25.2443328,0 72.9706762,25.2461552,0 72.973993,25.2472487,0 72.9793508,25.2480505,0 72.9861302,25.249472,0 72.9873329,25.2541374,0 72.9893376,25.2573448,0 72.9903946,25.2581466,0 72.9922534,25.2591672,0 72.9929824,25.2603335,0 72.9943674,25.265983,0 72.9953515,25.26981,0 72.99539429562061,25.26998118428884,0 72.9952634817805,25.27013668320141,0 72.99452565170644,25.287872217339558,0 72.9935291,25.2885443,0 72.9901759,25.2969273,0 72.9867862,25.3011553,0 72.9847087,25.3042169,0 72.98449,25.3064403,0 72.9834695,25.3081533,0 72.9797518,25.3135841,0 72.9778929,25.3159167,0 72.97749806530841,25.318597470762374,0 72.95201966544099,25.343965533405626,0 72.88968318189838,25.345531546521094,0 72.88201930609507,25.35396593955209,0 72.86721797948164,25.356886573946433,0 72.85526933319692,25.37013445250607,0 72.8567083841208,25.42937037959276,0 72.86924518459192,25.440824686644614,0 72.90307266392887,25.45333378434085,0 72.9445780373613,25.495364882966804,0 72.94532548068823,25.51660564570088,0 72.95497450763645,25.526539314455697,0 72.95514882577703,25.56840724516169,0 72.94567390601821,25.57886835904208,0 72.94458373962836,25.601156396883546,0 72.9030808124355,25.64318735536681,0 72.88840682378175,25.64610622174602,0 72.87778008223103,25.655056122466828,0 72.80581373681937,25.654900652947557,0 72.7956286549729,25.645530761360256,0 72.75581430801287,25.644900737241358,0 72.74423011860273,25.635178281534444,0 72.71822635553212,25.63406660713451,0 72.7165971,25.6304267,0 72.7176905,25.6279847,0 72.7186746,25.6264174,0 72.7187475,25.6246314,0 72.7175812,25.623866,0 72.7175447,25.6209866,0 72.7190391,25.6195652,0 72.719112,25.618654,0 72.7186017,25.6173783,0 72.718784,25.6125671,0 72.7195494,25.6096149,0 72.7168887,25.6085579,0 72.7118588,25.6059336,0 72.709271,25.6042934,0 72.7076673,25.6031636,0 72.7043505,25.6006122,0 72.7010338,25.6017785,0 72.6975348,25.6034916,0 72.6968423,25.6041112,0 72.6948741,25.6047673,0 72.6930517,25.6046215,0 72.6917031,25.6046579,0 72.6860172,25.6081569,0 72.6852518,25.6077925,0 72.6798939,25.6115466,0 72.6790192,25.6106354,0 72.6766136,25.612312,0 72.6733333,25.6109999,0 72.6701623,25.6112915,0 72.6673558,25.6100158,0 72.6653147,25.6089223,0 72.664039,25.6083392,0 72.6586083,25.6073915,0 72.6564579,25.6077925,0 72.6543803,25.6085579,0 72.6528495,25.6088859,0 72.6511364,25.6090681,0 72.6502252,25.6093962,0 72.6473823,25.6100522,0 72.6401656,25.6097242,0 72.6388353,25.608813,0 72.6368488,25.6088312,0 72.6357372,25.6080111,0 72.6348624,25.6076102,0 72.6320195,25.6092868,0 72.6299966,25.6111274,0 72.6283018,25.6116377,0 72.6271901,25.6096331,0 72.6258051,25.6078289,0 72.6248574,25.6064803,0 72.6241832,25.6053322,0 72.6219234,25.6012865,0 72.6197001,25.6022523,0 72.6136679,25.6058607,0 72.6046652,25.6097971,0 72.5949529,25.609558,0 72.5852749,25.6040019,0 72.5808282,25.5999926,0 72.5759077,25.5915002,0 72.5675976,25.5814041,0 72.56275,25.5767752,0 72.5535651,25.5686837,0 72.549082,25.5648567,0 72.5494829,25.5639819,0 72.5474418,25.5631072,0 72.5479886,25.5606287,0 72.550139,25.5582596,0 72.5506493,25.5562914,0 72.5504306,25.5552709,0 72.5495194,25.5539587,0 72.5489727,25.5534849,0 72.5496652,25.5528653,0 72.5456923,25.5495485,0 72.5488269,25.5468149,0 72.5506857,25.5443,0 72.5517427,25.542186,0 72.5540389,25.5399262,0 72.5560071,25.5380674,0 72.5581211,25.5352609,0 72.5598342,25.5328553,0 72.5611828,25.5309692,0 72.5599208,25.5298985,0 72.558595,25.5304497,0 72.5552964,25.5319441,0 72.5545674,25.5312334,0 72.55331,25.5299212,0 72.5507222,25.5287367,0 72.5466765,25.5272605,0 72.542084,25.5252012,0 72.5388401,25.5235611,0 72.53802,25.5221396,0 72.5371088,25.5223036,0 72.5365439,25.521684,0 72.5333365,25.5188957,0 72.5316234,25.5182032,0 72.5296188,25.515178,0 72.5274501,25.5139752,0 72.5280333,25.5126084,0 72.5254455,25.5108043,0 72.5253726,25.5101482,0 72.525245,25.5094921,0 72.5250446,25.5087814,0 72.5246254,25.5077973,0 72.5237689,25.5066856,0 72.5227483,25.5053371,0 72.5204703,25.5043894,0 72.5193951,25.5050455,0 72.5168802,25.5065763,0 72.5151125,25.5073053,0 72.5143471,25.5077609,0 72.5095724,25.5072506,0 72.5063285,25.5039703,0 72.5035767,25.4998699,0 72.5021188,25.4943662,0 72.5045061,25.4937101,0 72.5058729,25.4935644,0 72.5060916,25.4930905,0 72.5063832,25.4921611,0 72.5062374,25.4912681,0 72.5056178,25.4905209,0 72.5047977,25.4894093,0 72.5027201,25.4894093,0 72.5018272,25.4893546,0 72.4983099,25.4885163,0 72.4973441,25.4877691,0 72.4930979,25.4865117,0 72.491075,25.4856916,0 72.4882138,25.4841608,0 72.4873755,25.4839968,0 72.4849335,25.4837781,0 72.4839494,25.4788576,0 72.4818901,25.4766525,0 72.4816167,25.4761604,0 72.4817079,25.4755955,0 72.4823093,25.4745567,0 72.4829471,25.4736273,0 72.4819994,25.4721511,0 72.479357,25.4700372,0 72.4768056,25.4686339,0 72.4754935,25.4674494,0 72.4743271,25.4662283,0 72.4721949,25.4655176,0 72.4701721,25.463112,0 72.4684955,25.4617999,0 72.4671833,25.4608887,0 72.4667095,25.4601415,0 72.466181,25.4590845,0 72.4649782,25.4579546,0 72.4639395,25.4566243,0 72.4621717,25.4558224,0 72.4611876,25.4565878,0 72.4603676,25.4582098,0 72.4589461,25.4584467,0 72.4578891,25.4585378,0 72.4574153,25.4590299,0 72.4566499,25.4593032,0 72.4552102,25.4586107,0 72.454791,25.4577724,0 72.4530233,25.4572986,0 72.4522214,25.4585196,0 72.4505084,25.458228,0 72.44885,25.4566972,0 72.4474285,25.4549295,0 72.4455514,25.4528337,0 72.4410137,25.4490978,0 72.4381525,25.4469291,0 72.4364394,25.4463095,0 72.4314825,25.4447969,0 72.4280928,25.4429927,0 72.423956,25.4406054,0 72.4224434,25.4396213,0 72.4195093,25.4389835,0 72.4154454,25.4390563,0 72.4130398,25.4389106,0 72.4118006,25.4390199,0 72.4107436,25.439275,0 72.4099964,25.4396031,0 72.4096319,25.4400769,0 72.4093221,25.4407876,0 72.4087025,25.4412979,0 72.4076819,25.4416806,0 72.4069894,25.441954,0 72.4066067,25.4424278,0 72.4060965,25.4430292,0 72.404675,25.4433025,0 72.40381394724099,25.443287924888192,0 72.39811642534676,25.43688656321255,0 72.3833185371375,25.433965937959794,0 72.36811792262766,25.4168865577368,0 72.33331949403593,25.403965931443185,0 72.33051294136882,25.401202767267723,0 72.3304304,25.3999112,0 72.3301206,25.3992916,0 72.3295374,25.3979065,0 72.3290454,25.3969771,0 72.3288631,25.3958108,0 72.3287152,25.3939199,0 72.327551,25.3926216,0 72.3259837,25.3922935,0 72.3247627,25.3912001,0 72.323487,25.3897969,0 72.3216464,25.3895964,0 72.3211179,25.3885029,0 72.32078762423974,25.38842711215576,0 72.31904075585108,25.377696649440768,0 72.3003752559123,25.35998195918876,0 72.30020890326846,25.26811410817915,0</coordinates></LinearRing></outerBoundaryIs></Polygon>
    </Placemark>
    <Placemark><name>High Fire Zone</name><styleUrl>#zone2</styleUrl>
      <MultiGeometry><Polygon><extrude>0</extrude><altitudeMode>clampToGround</altitudeMode><outerBoundaryIs><LinearRing><coordinates>72.3902077548448,25.288114095989343,0 72.39949917786538,25.278050510513676,0 72.40141433521364,25.264282513480993,0 72.4095004419022,25.258050057156428,0 72.41227622047322,25.24333376925018,0 72.42611348102156,25.2408246907179,0 72.43332548984948,25.232555237804494,0 72.4461143733634,25.230824696540957,0 72.4575617192078,25.22146560255143,0 72.49081787775754,25.221976692261247,0 72.49777070641026,25.230050266046106,0 72.5108182936374,25.231976763164184,0 72.5225084658729,25.24146916489402,0 72.58451055970012,25.241306763496713,0 72.59756363533606,25.231465690358764,0 72.69951813105347,25.231620272824255,0 72.70922705310328,25.240824742476743,0 72.72201522565605,25.242555236155003,0 72.72922782836531,25.250824687942224,0 72.74201554198555,25.252555237470315,0 72.74922873984836,25.260824689582673,0 72.7620158583126,25.26255523900761,0 72.78496100865311,25.286539280095916,0 72.78513819927431,25.385083891019157,0 72.79513897274029,25.398114120213446,0 72.7939389626661,25.532238726389437,0 72.7820253830813,25.54396594645733,0 72.76839838482414,25.546106187708574,0 72.75952467659074,25.554900811221945,0 72.73970293922349,25.55552994722395,0 72.72952681492099,25.564900464186138,0 72.60331302230838,25.563965140643916,0 72.5869419777962,25.54610618027955,0 72.57226369513423,25.54318734973536,0 72.56092550145046,25.531329047837975,0 72.5611828,25.5309692,0 72.56068176586862,25.53054411502023,0 72.559031310149,25.517693512273958,0 72.53140336414752,25.492238727771742,0 72.5290340132229,25.477694420223827,0 72.51140479877442,25.462238727951068,0 72.5096745801253,25.44887135488976,0 72.50076518521631,25.44115637575538,0 72.49967582216559,25.428871807942997,0 72.49076624616889,25.421156375450572,0 72.48967706317562,25.408872260745788,0 72.48076730608724,25.40115637454392,0 72.47817710883184,25.376644473282145,0 72.44695894867115,25.346106979702576,0 72.41451856242062,25.34454439154689,0 72.39141147173451,25.322238720588274,0 72.3902077548448,25.288114095989343,0</coordinates></LinearRing></outerBoundaryIs></Polygon><Polygon><extrude>0</extrude><altitudeMode>clampToGround</altitudeMode><outerBoundaryIs><LinearRing><coordinates>72.58022316683589,25.018114091384348,0 72.58951615079404,25.00804441066781,0 72.59333377743832,24.982554987810786,0 72.61408137793477,24.982554987363837,0 72.6148807,24.9868782,0 72.6174899,24.986943,0 72.6195272,24.9873642,0 72.6224223,24.9881093,0 72.6234231,24.9898587,0 72.6245311,24.9913813,0 72.6264254,24.9944265,0 72.6302141,24.998249,0 72.6322514,24.9994476,0 72.6337883,25.0008729,0 72.6344674,25.0026869,0 72.6351822,25.0062176,0 72.6366834,25.0111572,0 72.6381131,25.0160967,0 72.6423664,25.0167445,0 72.6445109,25.0167769,0 72.6481566,25.0166473,0 72.6484783,25.0201776,0 72.6483353,25.0218294,0 72.6483353,25.0234488,0 72.649622,25.0246795,0 72.6506024,25.0250814,0 72.6526244,25.0259102,0 72.6547332,25.026396,0 72.6568419,25.0270761,0 72.6559127,25.0289869,0 72.6550548,25.0312539,0 72.6556625,25.0343628,0 72.6578785,25.0389289,0 72.6609165,25.0432681,0 72.6625859,25.0455229,0 72.6628824,25.0459234,0 72.6661349,25.0471215,0 72.6703525,25.0478663,0 72.6747487,25.0488701,0 72.6798599,25.0491615,0 72.6837558,25.0493558,0 72.68455456055541,25.04904961919845,0 72.68455575177296,25.071156310571475,0 72.66835877521277,25.076106213201662,0 72.65951963974217,25.084900774934383,0 72.61332935665804,25.083965783462357,0 72.59078519656029,25.06115637337117,0 72.58969922394516,25.04888039274787,0 72.58039311031854,25.039981966047343,0 72.58022316683589,25.018114091384348,0</coordinates></LinearRing></outerBoundaryIs></Polygon></MultiGeometry>
    </Placemark>
    <Placemark><name>Very High Fire Zone</name><styleUrl>#zone3</styleUrl>
      <Polygon><extrude>0</extrude><altitudeMode>clampToGround</altitudeMode><outerBoundaryIs><LinearRing><coordinates>72.55020315238338,25.36811409146477,0 72.55949410883606,25.358052310587972,0 72.56141053558011,25.344282506836958,0 72.57863906550399,25.329368099485855,0 72.58077189910851,25.315364843956168,0 72.59332327562598,25.302555232030674,0 72.60610793545654,25.30082471965234,0 72.61582094540363,25.291620383386785,0 72.69081868548665,25.291976426532575,0 72.69923246453429,25.300824720339378,0 72.71306659666367,25.303333762463076,0 72.71584375213126,25.318051402936344,0 72.72496324727544,25.326539265318132,0 72.72531600719815,25.356601991996847,0 72.73513724752468,25.36811409299894,0 72.7345757553505,25.45115636911747,0 72.7163057265693,25.467694642652162,0 72.71457735059981,25.48115637196268,0 72.70202391128284,25.493965867589292,0 72.67969735001289,25.49552991077531,0 72.66952411661354,25.504900813248042,0 72.63451520576004,25.504544456370184,0 72.6269462475972,25.49610620495767,0 72.61226572267535,25.493187348683637,0 72.59694790392635,25.476106180391557,0 72.58331726564649,25.473965947591697,0 72.57140479077664,25.46223872464464,0 72.56967456855668,25.448871353295303,0 72.56140574800492,25.44223872415632,0 72.55967581247502,25.428871807274987,0 72.55037187853914,25.41998196311742,0 72.55020315238338,25.36811409146477,0</coordinates></LinearRing></outerBoundaryIs></Polygon>
    </Placemark>
  </Folder>
  <Folder><name>District Boundary</name>
    <Placemark><name>Jalore District</name><styleUrl>#boundary</styleUrl>
      <Polygon><extrude>0</extrude><altitudeMode>clampToGround</altitudeMode><outerBoundaryIs><LinearRing><coordinates>71.1876702,24.6495821,0 71.2876859,24.6162542,0 71.295568,24.6186591,0 71.2974266,24.6202837,0 71.2989635,24.6224932,0 71.3000358,24.6240528,0 71.3015012,24.6247351,0 71.3041104,24.6249951,0 71.304861,24.6263597,0 71.3048253,24.6307459,0 71.3060405,24.6339299,0 71.3151547,24.6451057,0 71.3169418,24.6466001,0 71.3316676,24.6521875,0 71.3450709,24.6576123,0 71.3496459,24.6587167,0 71.3541136,24.6453656,0 71.3584742,24.6317206,0 71.3588316,24.6299337,0 71.3600825,24.6285041,0 71.3615122,24.6278218,0 71.3640499,24.6272045,0 71.3670165,24.6263597,0 71.3742722,24.625385,0 71.3763452,24.6251575,0 71.3788472,24.62532,0 71.3804555,24.6260673,0 71.381921,24.6273994,0 71.3826716,24.6300637,0 71.3836009,24.6313633,0 71.3851378,24.6317531,0 71.3859598,24.630616,0 71.3871036,24.6295763,0 71.3908922,24.6297388,0 71.3949311,24.6312333,0 71.3963608,24.6333451,0 71.3983266,24.6383809,0 71.4023655,24.6395179,0 71.4211658,24.6443585,0 71.4238465,24.645723,0 71.4269918,24.6494263,0 71.4280283,24.6516028,0 71.4290648,24.6537468,0 71.430709,24.6555009,0 71.4354625,24.6577099,0 71.4474719,24.6649858,0 71.451475,24.6669347,0 71.4641992,24.6651158,0 71.4736352,24.674275,0 71.4768163,24.6769057,0 71.4797471,24.678692,0 71.483643,24.6786595,0 71.4877891,24.6784972,0 71.4925071,24.6783023,0 71.4949375,24.6783023,0 71.4996555,24.6785946,0 71.5015141,24.6793416,0 71.5040518,24.6806731,0 71.5056244,24.6805108,0 71.5076617,24.6797313,0 71.5105852,24.678413,0 71.5149888,24.6776852,0 71.5171334,24.6794065,0 71.5218513,24.6819397,0 71.523138,24.6824269,0 71.5259617,24.6826217,0 71.530072,24.6831089,0 71.5316804,24.6820047,0 71.5333245,24.6801535,0 71.5352904,24.6783023,0 71.5370775,24.6767434,0 71.5394007,24.6759639,0 71.5424745,24.6752494,0 71.5498017,24.6757041,0 71.5525181,24.6756391,0 71.55502,24.6758989,0 71.5587372,24.6768408,0 71.561668,24.6779126,0 71.5689594,24.6809654,0 71.5721047,24.6819397,0 71.5736059,24.6819073,0 71.5760721,24.6816474,0 71.577609,24.6804458,0 71.580111,24.6782049,0 71.5835065,24.6729109,0 71.5850791,24.6699228,0 71.5861514,24.6682338,0 71.5876168,24.6672919,0 71.5907621,24.6666098,0 71.5942648,24.6676816,0 71.6010201,24.6704425,0 71.6033076,24.6722288,0 71.6058095,24.6737878,0 71.6074179,24.6746323,0 71.6090978,24.6740152,0 71.6112781,24.6725211,0 71.6131724,24.6708972,0 71.6171398,24.6697929,0 71.6190699,24.6689809,0 71.619749,24.6672269,0 71.6204995,24.6664799,0 71.6230015,24.6669996,0 71.6242525,24.667844,0 71.6260753,24.667974,0 71.6272905,24.6672594,0 71.6278267,24.6657978,0 71.6274693,24.6630044,0 71.6288632,24.6605033,0 71.6298282,24.660016,0 71.6316153,24.659139,0 71.633331,24.6588467,0 71.6360474,24.6585543,0 71.639836,24.658132,0 71.6399075,24.655241,0 71.6401934,24.6532595,0 71.6409083,24.6495563,0 71.6428384,24.6458529,0 71.6435889,24.6439037,0 71.6457692,24.642052,0 71.6476993,24.6415647,0 71.6498438,24.6409149,0 71.6526317,24.6402327,0 71.6538112,24.6399403,0 71.6548477,24.6389332,0 71.6560272,24.6382184,0 71.6573139,24.6382509,0 71.658279,24.639453,0 71.6621034,24.6424093,0 71.6647125,24.6426042,0 71.6671787,24.6426367,0 71.6702168,24.6430915,0 71.6733979,24.6440661,0 71.6777584,24.6452681,0 71.6835486,24.6472498,0 71.6858004,24.6482893,0 71.6870156,24.6500435,0 71.6889814,24.6521226,0 71.6911974,24.6525124,0 71.6957367,24.6528697,0 71.6989892,24.6534544,0 71.7014912,24.6546888,0 71.7039574,24.6568327,0 71.7061376,24.6603733,0 71.7107841,24.660081,0 71.7274399,24.6591065,0 71.7360895,24.6584893,0 71.7380911,24.6591065,0 71.7461688,24.6625172,0 71.7600367,24.6668047,0 71.7642186,24.6674543,0 71.7656482,24.6680064,0 71.7670779,24.6694356,0 71.7687221,24.6715468,0 71.7731898,24.6738203,0 71.778015,24.6737229,0 71.780374,24.6739827,0 71.783555,24.6745998,0 71.7862,24.6751844,0 71.788416,24.6753793,0 71.7917757,24.6753793,0 71.794921,24.6744699,0 71.8011402,24.6718066,0 71.8033919,24.6704749,0 71.806144,24.6651157,0 71.8095753,24.6594963,0 71.8111122,24.6559232,0 71.8103974,24.6499786,0 71.807395,24.6429616,0 71.8052505,24.6370489,0 71.8042497,24.6334751,0 71.8038208,24.6313308,0 71.8039995,24.6292514,0 71.8058581,24.6264897,0 71.8081099,24.6243452,0 71.8117556,24.6207711,0 71.8160804,24.6193739,0 71.8189755,24.6190815,0 71.8210128,24.619179,0 71.8240151,24.6195039,0 71.8268387,24.6204137,0 71.8286616,24.6210635,0 71.8303772,24.6214859,0 71.8328077,24.6214859,0 71.8362032,24.621161,0 71.8396523,24.6193902,0 71.8419398,24.6179117,0 71.8447277,24.6157996,0 71.8483019,24.612144,0 71.8498567,24.6101618,0 71.8522514,24.6082608,0 71.8531807,24.6099506,0 71.8547533,24.6175543,0 71.8552537,24.6209336,0 71.8593998,24.6247351,0 71.8654759,24.6297388,0 71.8654402,24.6313633,0 71.8639033,24.6350346,0 71.860758,24.6424093,0 71.8583275,24.6492314,0 71.858399,24.6564754,0 71.8576127,24.6638164,0 71.859793,24.6706698,0 71.8667984,24.6743075,0 71.8703369,24.6771006,0 71.872946,24.6804783,0 71.8772708,24.6802185,0 71.8801302,24.6783672,0 71.8827394,24.6767434,0 71.884598,24.6763861,0 71.8864923,24.6756391,0 71.8877433,24.6737229,0 71.8892087,24.6715143,0 71.8939624,24.673528,0 71.9017899,24.6759314,0 71.9085809,24.6764835,0 71.9124768,24.6756066,0 71.9172305,24.6729109,0 71.9193393,24.6708322,0 71.9204831,24.6690783,0 71.9211264,24.6650832,0 71.919804,24.6613803,0 71.917302,24.6595288,0 71.9139422,24.6582295,0 71.9129772,24.6568327,0 71.9139065,24.653292,0 71.9167659,24.6481594,0 71.919661,24.6436113,0 71.9258086,24.6352945,0 71.9331715,24.6343198,0 71.9353518,24.6345472,0 71.937818,24.6348396,0 71.9393906,24.6358793,0 71.9399625,24.6341574,0 71.9408203,24.6330527,0 71.9425717,24.63367,0 71.9435367,24.6353594,0 71.9445732,24.6377636,0 71.9465748,24.6401677,0 71.9504349,24.6416296,0 71.952508,24.6428317,0 71.9538662,24.6434164,0 71.9564396,24.6439362,0 71.9614792,24.644391,0 71.9645173,24.6447809,0 71.965804,24.6462102,0 71.9681988,24.648939,0 71.9734886,24.6521226,0 71.9769913,24.6550461,0 71.9791358,24.6560531,0 71.9812804,24.6567677,0 71.9848903,24.6575149,0 71.9882858,24.6574824,0 71.9873923,24.6599511,0 71.9858554,24.6650182,0 71.9846401,24.6680714,0 71.9832411,24.6728715,0 71.9828888,24.6740801,0 71.9828173,24.675087,0 71.9829603,24.6761587,0 71.9833892,24.6779775,0 71.9836394,24.6803808,0 71.9839968,24.6834661,0 71.9849976,24.6858369,0 71.988536,24.6891818,0 71.992968,24.6919746,0 71.9940403,24.6926891,0 71.996578,24.6929813,0 71.9977217,24.6930787,0 72.000045,24.6934684,0 72.0020108,24.6931112,0 72.0023682,24.6910978,0 72.0026899,24.688922,0 72.0077653,24.6888896,0 72.0120186,24.6889545,0 72.0146278,24.6910004,0 72.0178088,24.6929164,0 72.0198461,24.6935659,0 72.0228484,24.6944751,0 72.0272447,24.6961637,0 72.0299611,24.6979172,0 72.0352688,24.7012456,0 72.0371274,24.7021224,0 72.0385571,24.7026581,0 72.0421849,24.7034537,0 72.0427599,24.7045645,0 72.0468807,24.7089426,0 72.0486402,24.7101901,0 72.0508297,24.7113294,0 72.0526865,24.7118932,0 72.0548734,24.7111653,0 72.0579115,24.7112627,0 72.0600202,24.7111653,0 72.0640948,24.7103536,0 72.0705999,24.7093146,0 72.0776054,24.7068144,0 72.0817514,24.7066845,0 72.0855044,24.7061325,0 72.08722,24.7027556,0 72.0888284,24.6958715,0 72.090401,24.6925267,0 72.091652,24.6880452,0 72.0932247,24.6821346,0 72.0915805,24.6809654,0 72.0898292,24.680186,0 72.0865051,24.6783348,0 72.0862907,24.6770681,0 72.0866481,24.6733331,0 72.0874702,24.6711245,0 72.0880063,24.6685586,0 72.0888641,24.6664149,0 72.0898649,24.6622248,0 72.090544,24.65732,0 72.0919737,24.657255,0 72.0947616,24.6574824,0 72.097192,24.6570276,0 72.0990864,24.6547863,0 72.1016598,24.6521226,0 72.1043047,24.6483868,0 72.1071641,24.6473472,0 72.1092371,24.6460478,0 72.1105953,24.6459179,0 72.112168,24.6462752,0 72.1137764,24.64673,0 72.1155992,24.6464052,0 72.1168144,24.6427017,0 72.1196738,24.6399403,0 72.1249994,24.6391931,0 72.1263933,24.6397129,0 72.1277873,24.640655,0 72.1301463,24.6417596,0 72.133363,24.641987,0 72.1406902,24.6428641,0 72.142799,24.6434164,0 72.1460872,24.6436763,0 72.148339,24.6438712,0 72.1506622,24.6434164,0 72.1539148,24.6404601,0 72.1579894,24.6371138,0 72.1608487,24.6348071,0 72.1621354,24.6325654,0 72.1634936,24.6259698,0 72.1649233,24.6215184,0 72.1660313,24.6215834,0 72.1685333,24.6222658,0 72.1720717,24.6221683,0 72.1766467,24.6205762,0 72.1859754,24.619244,0 72.1886203,24.6189515,0 72.1905147,24.6185941,0 72.1935528,24.6178467,0 72.1951611,24.6170669,0 72.1959117,24.6159621,0 72.196841,24.6149548,0 72.198092,24.6153447,0 72.1981635,24.6169369,0 72.1972342,24.6184966,0 72.1965551,24.6193414,0 72.1952684,24.6209661,0 72.1945178,24.6224282,0 72.1970555,24.6227856,0 72.1993787,24.6226232,0 72.203918,24.6230456,0 72.2065986,24.6242153,0 72.2087074,24.625255,0 72.2124246,24.6260348,0 72.2161775,24.6262298,0 72.2169638,24.6269446,0 72.2175357,24.6285041,0 72.2193228,24.630551,0 72.2237906,24.6339949,0 72.2256134,24.6368864,0 72.2279367,24.6396804,0 72.2302242,24.6399728,0 72.233298,24.6399728,0 72.2352638,24.6381535,0 72.2367292,24.6355219,0 72.2379087,24.635132,0 72.2398745,24.6348071,0 72.2416616,24.6346772,0 72.2441993,24.633605,0 72.2468085,24.6312658,0 72.2478808,24.6282442,0 72.2497393,24.6267496,0 72.252563,24.6259048,0 72.2554223,24.6252225,0 72.2575311,24.6261323,0 72.260319,24.6285366,0 72.2628567,24.6311033,0 72.2660735,24.6342223,0 72.2671815,24.6361067,0 72.2692903,24.6370489,0 72.2710774,24.6375687,0 72.2719352,24.6371788,0 72.2723641,24.6354244,0 72.2712561,24.6311033,0 72.271542,24.6299012,0 72.2724713,24.6284716,0 72.2746516,24.6276594,0 72.2762957,24.6274319,0 72.2789764,24.627042,0 72.2808707,24.6267496,0 72.2827651,24.6254175,0 72.2853385,24.6231431,0 72.2870541,24.6215509,0 72.2889484,24.6199588,0 72.2908428,24.6202512,0 72.2964185,24.6245727,0 72.2979197,24.6244427,0 72.2993136,24.6234355,0 72.3019943,24.6203812,0 72.3036742,24.6182042,0 72.30564,24.6175218,0 72.3070339,24.6174893,0 72.3096074,24.6179442,0 72.3127169,24.618919,0 72.3161482,24.619049,0 72.3173992,24.6185616,0 72.3197224,24.6178792,0 72.3223673,24.6192115,0 72.3257986,24.6228669,0 72.3278716,24.6246701,0 72.330445,24.627107,0 72.3351629,24.6327603,0 72.33502,24.6347747,0 72.3332329,24.6380235,0 72.3303735,24.6409474,0 72.3254411,24.6449758,0 72.3225102,24.6476397,0 72.3194364,24.6484843,0 72.3174349,24.649199,0 72.3152903,24.6517977,0 72.3139321,24.6542016,0 72.3131458,24.6569302,0 72.3126454,24.6614778,0 72.3128599,24.6655704,0 72.3123595,24.6708972,0 72.3135747,24.675769,0 72.3149329,24.6786921,0 72.3177923,24.6812253,0 72.3193649,24.6846678,0 72.3212235,24.690968,0 72.3267278,24.701684,0 72.3298016,24.7109056,0 72.3359493,24.7160356,0 72.3446633,24.7233414,0 72.3455783,24.7251706,0 72.3526766,24.7366185,0 72.3606828,24.7482395,0 72.3631133,24.7511609,0 72.3647574,24.7540821,0 72.3669734,24.756419,0 72.3722633,24.7615472,0 72.3739074,24.7656366,0 72.3775531,24.766026,0 72.3801265,24.7657015,0 72.3865601,24.7665453,0 72.3894909,24.7671295,0 72.3922788,24.7683627,0 72.3944948,24.7707643,0 72.3964964,24.77375,0 72.4003566,24.7757621,0 72.402787,24.7723221,0 72.4067186,24.7684277,0 72.4085772,24.7656366,0 72.4104358,24.7612226,0 72.4133667,24.7552506,0 72.418871,24.7551207,0 72.4243038,24.7558348,0 72.4338112,24.7558997,0 72.4375283,24.755705,0 72.4424608,24.7560296,0 72.4441049,24.7575875,0 72.4478221,24.7603139,0 72.4505385,24.7595998,0 72.4523256,24.7584314,0 72.4554709,24.7575875,0 72.4574724,24.7583016,0 72.463495,24.7561593,0 72.4669263,24.754293,0 72.4721828,24.7534636,0 72.4785447,24.7541972,0 72.4840808,24.7558535,0 72.489956,24.7589016,0 72.4915347,24.759827,0 72.4930359,24.7641761,0 72.493572,24.7749507,0 72.4933933,24.782447,0 72.4909271,24.7936744,0 72.4888898,24.8001637,0 72.4873171,24.8059714,0 72.48914,24.8095726,0 72.4896404,24.8130116,0 72.491213,24.8157692,0 72.49468,24.8173264,0 72.4962884,24.8182023,0 72.4971462,24.8200839,0 72.496753,24.8215112,0 72.4955736,24.8233928,0 72.4947515,24.8254689,0 72.4955736,24.8278045,0 72.4961812,24.8300427,0 72.4947157,24.8327675,0 72.4929644,24.8343893,0 72.4931788,24.8362707,0 72.4920351,24.8382817,0 72.490248,24.8393521,0 72.4902837,24.8415901,0 72.4913202,24.844639,0 72.4907126,24.8472337,0 72.4898548,24.8498283,0 72.4883179,24.8528121,0 72.4841361,24.858066,0 72.4836357,24.8592335,0 72.4830281,24.8614387,0 72.482206,24.8629954,0 72.481098,24.8648763,0 72.4799543,24.866822,0 72.4792752,24.8690919,0 72.4789535,24.8709079,0 72.4792752,24.8724968,0 72.4808478,24.873956,0 72.4835642,24.8742803,0 72.4852083,24.873275,0 72.4859589,24.8726265,0 72.4887468,24.8734372,0 72.4921781,24.8758043,0 72.4948945,24.8773607,0 72.4974679,24.8782038,0 72.4997911,24.8790793,0 72.5022573,24.8808951,0 72.5032939,24.8831972,0 72.5033296,24.8878013,0 72.502865,24.8920162,0 72.5016855,24.8988895,0 72.4991835,24.9024232,0 72.493715,24.9068645,0 72.4955736,24.907675,0 72.4972177,24.9087772,0 72.4984329,24.9107546,0 72.4983614,24.9127644,0 72.4972534,24.9147094,0 72.4966101,24.916006,0 72.4970032,24.9174971,0 72.4970032,24.9185992,0 72.4983257,24.9192151,0 72.5006847,24.9199282,0 72.5020786,24.9209979,0 72.503973,24.9227158,0 72.506189,24.9253737,0 72.5097989,24.9302356,0 72.5136948,24.9335739,0 72.5165184,24.9355834,0 72.5178052,24.9359075,0 72.5189489,24.9352593,0 72.5201641,24.9333147,0 72.5210219,24.9320182,0 72.5223444,24.9315969,0 72.5258114,24.9310459,0 72.5312084,24.9308838,0 72.5386428,24.9319534,0 72.5446832,24.9319534,0 72.5510096,24.9318562,0 72.5584439,24.9328933,0 72.5632691,24.9338008,0 72.5654136,24.9340277,0 72.5685947,24.9357455,0 72.5732054,24.9404124,0 72.5776374,24.9449172,0 72.5818193,24.9515607,0 72.5863943,24.9563891,0 72.5957944,24.9636475,0 72.6014417,24.9665638,0 72.6065885,24.973206,0 72.6089833,24.9746316,0 72.6118069,24.9763812,0 72.6127004,24.9782928,0 72.6138085,24.9810791,0 72.6148807,24.9868782,0 72.6174899,24.986943,0 72.6195272,24.9873642,0 72.6224223,24.9881093,0 72.6234231,24.9898587,0 72.6245311,24.9913813,0 72.6264254,24.9944265,0 72.6302141,24.998249,0 72.6322514,24.9994476,0 72.6337883,25.0008729,0 72.6344674,25.0026869,0 72.6351822,25.0062176,0 72.6366834,25.0111572,0 72.6381131,25.0160967,0 72.6423664,25.0167445,0 72.6445109,25.0167769,0 72.6481566,25.0166473,0 72.6484783,25.0201776,0 72.6483353,25.0218294,0 72.6483353,25.0234488,0 72.649622,25.0246795,0 72.6506024,25.0250814,0 72.6526244,25.0259102,0 72.6547332,25.026396,0 72.6568419,25.0270761,0 72.6559127,25.0289869,0 72.6550548,25.0312539,0 72.6556625,25.0343628,0 72.6578785,25.0389289,0 72.6609165,25.0432681,0 72.6625859,25.0455229,0 72.6628824,25.0459234,0 72.6661349,25.0471215,0 72.6703525,25.0478663,0 72.6747487,25.0488701,0 72.6798599,25.0491615,0 72.6837558,25.0493558,0 72.6856143,25.0486434,0 72.6874729,25.0475749,0 72.6887597,25.0485463,0 72.6887597,25.0505862,0 72.6885095,25.0532738,0 72.6886524,25.0546013,0 72.690511,25.0564793,0 72.6911186,25.0589076,0 72.6912973,25.0674227,0 72.6913428,25.0721349,0 72.6915967,25.0734806,0 72.6927995,25.0772616,0 72.6959081,25.0792716,0 72.699518,25.0803075,0 72.7018055,25.0806312,0 72.7036999,25.0823793,0 72.7038786,25.086717,0 72.7051295,25.091443,0 72.7065235,25.0986287,0 72.7089182,25.10439,0 72.7138864,25.10918,0 72.7200697,25.1135492,0 72.728076,25.1200217,0 72.7344023,25.1240344,0 72.7382625,25.1263644,0 72.7402998,25.1333216,0 72.743588,25.1413138,0 72.7458398,25.1563907,0 72.7456968,25.1577171,0 72.747198,25.1598847,0 72.7525951,25.1642844,0 72.7577419,25.1697514,0 72.7621382,25.1745065,0 72.7655337,25.179779,0 72.7720388,25.1869919,0 72.7745765,25.1875417,0 72.7771141,25.1878005,0 72.7792944,25.1879622,0 72.7808671,25.1892559,0 72.7809028,25.1910671,0 72.7791514,25.1930077,0 72.7781507,25.1955304,0 72.7780434,25.2197518,0 72.7818321,25.2280617,0 72.7868003,25.2321679,0 72.7904102,25.2348837,0 72.7945205,25.2431279,0 72.79931,25.2495935,0 72.8025268,25.2561881,0 72.8081025,25.2545395,0 72.8091649,25.2540463,0 72.8117993,25.2566158,0 72.8154988,25.2641423,0 72.817303,25.2687348,0 72.8181959,25.2743113,0 72.8185422,25.2770814,0 72.8203099,25.2804164,0 72.823572,25.2824939,0 72.8250482,25.2824939,0 72.8259958,25.2825121,0 72.8268888,25.282749,0 72.8273991,25.283314,0 72.8277089,25.2838789,0 72.8284925,25.2853733,0 72.8379508,25.2800519,0 72.8392447,25.2773001,0 72.8408666,25.2755688,0 72.8423428,25.2750767,0 72.8432357,25.2741473,0 72.84391,25.273637,0 72.8452586,25.2734912,0 72.8468623,25.2736553,0 72.8480469,25.2738922,0 72.8511996,25.2741837,0 72.8543888,25.2699558,0 72.855701,25.2683703,0 72.8572682,25.266803,0 72.8638835,25.2611354,0 72.8663073,25.2544107,0 72.8669452,25.2529528,0 72.8689498,25.2516589,0 72.8701161,25.2504743,0 72.873925,25.2498183,0 72.8773875,25.2492898,0 72.8792828,25.2493627,0 72.8809412,25.2490893,0 72.8826907,25.2481963,0 72.8839117,25.2474856,0 72.8848958,25.2467202,0 72.8860075,25.2456996,0 72.886372,25.2453169,0 72.8897252,25.2448978,0 72.8953017,25.2453169,0 72.8963405,25.2457361,0 72.897197,25.2484879,0 72.8970694,25.2509117,0 72.8999306,25.2529528,0 72.9014432,25.2503832,0 72.9020628,25.2497454,0 72.9036665,25.2497454,0 72.9091155,25.2503468,0 72.9126874,25.2546476,0 72.916806,25.2556317,0 72.9198312,25.2502739,0 72.9214349,25.2462281,0 72.9286516,25.2444786,0 72.9331347,25.243859,0 72.9363969,25.2434945,0 72.9401658,25.2425305,0 72.9418641,25.2444968,0 72.9430668,25.2443146,0 72.9430851,25.2428202,0 72.947149,25.2423464,0 72.9470579,25.2441506,0 72.956097,25.2440413,0 72.9637875,25.2448067,0 72.9649174,25.2431665,0 72.9683071,25.2443328,0 72.9706762,25.2461552,0 72.973993,25.2472487,0 72.9793508,25.2480505,0 72.9861302,25.249472,0 72.9873329,25.2541374,0 72.9893376,25.2573448,0 72.9903946,25.2581466,0 72.9922534,25.2591672,0 72.9929824,25.2603335,0 72.9943674,25.265983,0 72.9953515,25.26981,0 72.9977206,25.2792865,0 72.9958253,25.2860658,0 72.9950964,25.2874873,0 72.9935291,25.2885443,0 72.9901759,25.2969273,0 72.9867862,25.3011553,0 72.9847087,25.3042169,0 72.98449,25.3064403,0 72.9834695,25.3081533,0 72.9797518,25.3135841,0 72.9778929,25.3159167,0 72.9772004,25.3206185,0 72.9771275,25.3226961,0 72.9770182,25.3251016,0 72.9754873,25.3261222,0 72.9757789,25.3277624,0 72.97505,25.3282362,0 72.9751958,25.3314072,0 72.9733734,25.3320997,0 72.9735191,25.333995,0 72.9726079,25.3351248,0 72.9671043,25.3397902,0 72.9640791,25.341649,0 72.9616735,25.3414668,0 72.9593044,25.3436901,0 72.9531447,25.3467518,0 72.9507391,25.3490844,0 72.9494999,25.3522919,0 72.9478597,25.3534582,0 72.9468027,25.3535311,0 72.9455635,25.3537133,0 72.9442149,25.3551348,0 72.942101,25.3554993,0 72.9402057,25.3560825,0 72.93893,25.3568479,0 72.9373263,25.3584516,0 72.9362693,25.360602,0 72.9384562,25.3605656,0 72.9403879,25.3598366,0 72.9432308,25.361659,0 72.945928,25.363773,0 72.9562792,25.3750719,0 72.9622932,25.3724476,0 72.9667763,25.3715,0 72.9699837,25.3715729,0 72.9719519,25.3715729,0 72.9745397,25.3713542,0 72.9772368,25.3671991,0 72.978549,25.36483,0 72.9809181,25.3626795,0 72.981647,25.3610758,0 72.9837246,25.3577955,0 72.985875,25.3561554,0 72.9876245,25.3545152,0 72.9896656,25.351818,0 72.9905768,25.350433,0 72.9913787,25.3495583,0 72.9924721,25.3480639,0 72.9988505,25.3520003,0 73.0014748,25.3529115,0 73.0042813,25.3548432,0 73.0054841,25.3554993,0 73.0073065,25.3561918,0 73.008327,25.3569208,0 73.0054476,25.3682196,0 73.0043906,25.3705159,0 73.0026411,25.3708804,0 72.9989599,25.3714635,0 72.9965543,25.3723018,0 72.9940758,25.3739055,0 72.9920347,25.3753999,0 72.9908684,25.3767485,0 72.9922899,25.3797372,0 72.9955702,25.381997,0 72.9983402,25.3840016,0 73.0016206,25.3867717,0 72.9995795,25.3888857,0 72.9986683,25.3903071,0 73.0001626,25.3919838,0 73.0016206,25.392166,0 73.0028962,25.3916193,0 73.0153979,25.3839287,0 73.0169652,25.3821063,0 73.0164185,25.3805391,0 73.018496,25.3801017,0 73.0213754,25.3818877,0 73.0246922,25.3840016,0 73.0322004,25.3894324,0 73.035663,25.3926034,0 73.0383966,25.3938062,0 73.0414218,25.3968313,0 73.0427704,25.3993098,0 73.0439367,25.4019341,0 73.0448479,25.404449,0 73.0463787,25.4067816,0 73.0480553,25.4089685,0 73.0523198,25.4125404,0 73.0561468,25.4194656,0 73.0572038,25.424058,0 73.0588804,25.4240945,0 73.0586617,25.4266823,0 73.0599738,25.4305093,0 73.0610308,25.4328784,0 73.0615047,25.4350653,0 73.0615411,25.4375073,0 73.0595729,25.4393297,0 73.0564384,25.4420633,0 73.0539599,25.4436306,0 73.0535225,25.4447605,0 73.058115,25.4468016,0 73.0615411,25.4474576,0 73.064384,25.4490978,0 73.0677737,25.4513211,0 73.0687214,25.4525968,0 73.0704709,25.4547108,0 73.0728764,25.4557313,0 73.0740792,25.4571164,0 73.0756465,25.4583191,0 73.0775418,25.4593397,0 73.0827538,25.4619639,0 73.0859977,25.4632761,0 73.0875285,25.4644789,0 73.0889865,25.4653172,0 73.0902257,25.4664106,0 73.0912827,25.4673947,0 73.0897154,25.4688891,0 73.089278,25.4717685,0 73.0875285,25.4788394,0 73.0863622,25.481901,0 73.0828164,25.4917085,0 73.078849,25.4904503,0 73.0774908,25.4904503,0 73.0750603,25.4919989,0 73.0712002,25.4944831,0 73.0684481,25.494354,0 73.0656244,25.4944508,0 73.0631225,25.4954509,0 73.0605133,25.4967737,0 73.0584403,25.4980318,0 73.057225,25.4995803,0 73.0565102,25.5022579,0 73.053079,25.505871,0 73.0513991,25.508129,0 73.051542,25.5105484,0 73.051542,25.5129032,0 73.0513991,25.5145482,0 73.051828,25.5159998,0 73.0530432,25.5175803,0 73.0522926,25.5202575,0 73.0526858,25.5232249,0 73.0537223,25.5252569,0 73.0539368,25.5288047,0 73.0538653,25.5304818,0 73.0528288,25.5324815,0 73.0525428,25.5348358,0 73.0526143,25.5374481,0 73.0537581,25.5396088,0 73.0534364,25.5420275,0 73.053079,25.5434465,0 73.0525428,25.5451879,0 73.0522211,25.5467681,0 73.0520424,25.5482192,0 73.0532577,25.5500895,0 73.0541155,25.552637,0 73.0542942,25.5548297,0 73.0541155,25.5568289,0 73.0524356,25.5586669,0 73.049326,25.5599566,0 73.0457876,25.560795,0 73.0429282,25.5616011,0 73.0407122,25.5633422,0 73.0396399,25.5691459,0 73.038103,25.5730148,0 73.0328489,25.5773672,0 73.0294534,25.5798335,0 73.0236632,25.5829768,0 73.0186414,25.5853785,0 73.0181232,25.5855074,0 73.0134767,25.5857331,0 73.012047,25.5899077,0 73.0094378,25.5905525,0 73.0059709,25.5908104,0 73.0032902,25.5925833,0 73.0000898,25.5946711,0 72.9967183,25.59653,0 72.9923992,25.599701,0 72.9903217,25.6018514,0 72.9887909,25.6038196,0 72.9874788,25.6054415,0 72.9855652,25.6054233,0 72.9842167,25.6053686,0 72.9802074,25.6048401,0 72.9798429,25.6084485,0 72.9793144,25.6128587,0 72.9781663,25.6164853,0 72.9756696,25.621588,0 72.9733734,25.622973,0 72.9716056,25.6244856,0 72.9707309,25.6250688,0 72.9699473,25.6243945,0 72.9683618,25.6237384,0 72.9675235,25.6236109,0 72.963095,25.6241576,0 72.9628581,25.6261076,0 72.9623478,25.6271463,0 72.962038,25.6284949,0 72.9617647,25.6298253,0 72.9588488,25.6306271,0 72.9570629,25.6310098,0 72.953983,25.6313379,0 72.951869,25.6317023,0 72.9488439,25.632486,0 72.9412627,25.6340897,0 72.9385108,25.6347822,0 72.9366702,25.6354018,0 72.9359959,25.636149,0 72.9363057,25.6381901,0 72.9365426,25.6409601,0 72.9374174,25.6448783,0 72.9378366,25.6474479,0 72.9313124,25.6478306,0 72.9312759,25.6510016,0 72.9289979,25.6504731,0 72.9283054,25.6528604,0 72.9260638,25.6547375,0 72.9215807,25.6609336,0 72.9233667,25.6619724,0 72.9230022,25.6629201,0 72.9234578,25.6635943,0 72.9201046,25.6659635,0 72.9192298,25.6706106,0 72.923312,25.6727246,0 72.9234396,25.6742554,0 72.9281232,25.677317,0 72.9294717,25.6802875,0 72.930711,25.6843515,0 72.9292895,25.6835496,0 72.9256811,25.6860281,0 72.9243326,25.6846795,0 72.9193939,25.6857001,0 72.9156215,25.6837137,0 72.9135075,25.6877047,0 72.9119038,25.6874496,0 72.9092431,25.6898734,0 72.9074936,25.688379,0 72.9059081,25.6904748,0 72.9038306,25.6889439,0 72.9013156,25.6891809,0 72.9004044,25.6902561,0 72.8993657,25.6916958,0 72.8966867,25.6919691,0 72.8925863,25.688871,0 72.8905635,25.6948667,0 72.887593,25.6959784,0 72.8877205,25.6991312,0 72.8843673,25.701883,0 72.8862079,25.703432,0 72.889306,25.7045984,0 72.8897434,25.704161,0 72.8907275,25.7049446,0 72.8930966,25.7073137,0 72.8989283,25.71043,0 72.8953746,25.7156421,0 72.8923312,25.7208542,0 72.8912378,25.7226948,0 72.890199,25.7247359,0 72.8898892,25.7279706,0 72.8898345,25.7303398,0 72.88947,25.7363081,0 72.8853696,25.7361259,0 72.8844949,25.7366908,0 72.8825996,25.736381,0 72.8820346,25.7365633,0 72.8815608,25.737438,0 72.8807772,25.7379847,0 72.8799753,25.7384586,0 72.8794651,25.7388413,0 72.8787908,25.7405726,0 72.8751095,25.7372193,0 72.8734511,25.7386955,0 72.8716287,25.7412833,0 72.8712096,25.7435613,0 72.870025,25.7452015,0 72.8699886,25.7461127,0 72.8703713,25.7478986,0 72.8705353,25.7485547,0 72.871811,25.7501402,0 72.8664713,25.7511789,0 72.8632639,25.7527462,0 72.8604756,25.7537485,0 72.8570495,25.7538579,0 72.8542977,25.7538943,0 72.8512725,25.7546779,0 72.8476277,25.7555162,0 72.8453133,25.7557349,0 72.8416138,25.7558443,0 72.8416867,25.7579036,0 72.8414133,25.7583774,0 72.8391718,25.7592886,0 72.8366751,25.7601269,0 72.8354359,25.7614573,0 72.832028,25.7656306,0 72.8280369,25.7646282,0 72.8245561,25.7643731,0 72.8236085,25.7645189,0 72.8209478,25.7684553,0 72.8184146,25.771444,0 72.8170296,25.7727562,0 72.8138404,25.7745968,0 72.8092297,25.7763463,0 72.8044186,25.779335,0 72.8023411,25.7810299,0 72.80112,25.7828887,0 72.8008649,25.7843466,0 72.8010654,25.7882283,0 72.8005916,25.7905792,0 72.8005004,25.7923834,0 72.7989696,25.7938049,0 72.7965094,25.7945885,0 72.7934113,25.7953904,0 72.7900945,25.7961558,0 72.7854474,25.7973403,0 72.7836068,25.7983062,0 72.7823858,25.7995272,0 72.7778753,25.8025068,0 72.7678065,25.8038463,0 72.7641253,25.8051402,0 72.7605716,25.807728,0 72.7578745,25.8097873,0 72.7565988,25.8065617,0 72.7549404,25.802844,0 72.7546671,25.799673,0 72.7539928,25.7948072,0 72.7530269,25.7918002,0 72.7527718,25.7887022,0 72.7526806,25.787791,0 72.7477419,25.783891,0 72.7464298,25.7835812,0 72.7442794,25.7814855,0 72.7437326,25.7809387,0 72.7429308,25.7811574,0 72.7399238,25.7786243,0 72.7392131,25.7788612,0 72.7356594,25.7769841,0 72.7338917,25.7768748,0 72.7320511,25.775508,0 72.7301375,25.7760729,0 72.7288254,25.7760911,0 72.7255268,25.7684553,0 72.7223923,25.76379,0 72.7230483,25.7571565,0 72.7245063,25.7535846,0 72.7298277,25.751835,0 72.7349669,25.7514341,0 72.7363519,25.750778,0 72.7386846,25.7499033,0 72.7396322,25.7485182,0 72.7405434,25.7477893,0 72.7417098,25.7484818,0 72.7426939,25.747279,0 72.7445527,25.7473519,0 72.7480517,25.7449099,0 72.7502022,25.7435249,0 72.7531909,25.7414838,0 72.7557787,25.739953,0 72.7566899,25.7387502,0 72.7566899,25.737839,0 72.7548675,25.7357614,0 72.7563619,25.7333559,0 72.7592413,25.7336474,0 72.7589497,25.7282167,0 72.7586946,25.7247177,0 72.7553596,25.7245537,0 72.7527535,25.7239523,0 72.7506395,25.7225855,0 72.7485438,25.7208906,0 72.7453546,25.715879,0 72.7435322,25.7136921,0 72.742785,25.712945,0 72.7417645,25.7122707,0 72.7425663,25.7113412,0 72.7395229,25.708881,0 72.738229,25.7074049,0 72.7369351,25.7053091,0 72.7359874,25.7043615,0 72.7348393,25.7032133,0 72.7325067,25.7008624,0 72.7266567,25.696835,0 72.7234493,25.6949397,0 72.7214811,25.6924247,0 72.7210437,25.6906023,0 72.7202419,25.6881968,0 72.7174354,25.6883061,0 72.7164877,25.6893631,0 72.7149934,25.6905294,0 72.7133168,25.6888528,0 72.7119317,25.6872491,0 72.7038403,25.6777362,0 72.6997217,25.6761689,0 72.6968787,25.6758773,0 72.6954208,25.6759502,0 72.6929423,25.6762783,0 72.6878396,25.6706289,0 72.6870013,25.6692074,0 72.6872564,25.6670934,0 72.6900265,25.6638495,0 72.6914844,25.6644327,0 72.6941451,25.6601318,0 72.6956395,25.6608608,0 72.6966236,25.6590384,0 72.698045,25.6570702,0 72.698446,25.6564141,0 72.6983366,25.6467189,0 72.698774,25.6443498,0 72.7007057,25.6433657,0 72.7015441,25.642819,0 72.7033665,25.6443498,0 72.7079954,25.6432928,0 72.7098178,25.641434,0 72.7114944,25.6389555,0 72.7123327,25.6384088,0 72.7145924,25.6369144,0 72.7183101,25.6342537,0 72.7165971,25.6304267,0 72.7176905,25.6279847,0 72.7186746,25.6264174,0 72.7187475,25.6246314,0 72.7175812,25.623866,0 72.7175447,25.6209866,0 72.7190391,25.6195652,0 72.719112,25.618654,0 72.7186017,25.6173783,0 72.718784,25.6125671,0 72.7195494,25.6096149,0 72.7168887,25.6085579,0 72.7118588,25.6059336,0 72.709271,25.6042934,0 72.7076673,25.6031636,0 72.7043505,25.6006122,0 72.7010338,25.6017785,0 72.6975348,25.6034916,0 72.6968423,25.6041112,0 72.6948741,25.6047673,0 72.6930517,25.6046215,0 72.6917031,25.6046579,0 72.6860172,25.6081569,0 72.6852518,25.6077925,0 72.6798939,25.6115466,0 72.6790192,25.6106354,0 72.6766136,25.612312,0 72.6733333,25.6109999,0 72.6701623,25.6112915,0 72.6673558,25.6100158,0 72.6653147,25.6089223,0 72.664039,25.6083392,0 72.6586083,25.6073915,0 72.6564579,25.6077925,0 72.6543803,25.6085579,0 72.6528495,25.6088859,0 72.6511364,25.6090681,0 72.6502252,25.6093962,0 72.6473823,25.6100522,0 72.6401656,25.6097242,0 72.6388353,25.608813,0 72.6368488,25.6088312,0 72.6357372,25.6080111,0 72.6348624,25.6076102,0 72.6320195,25.6092868,0 72.6299966,25.6111274,0 72.6283018,25.6116377,0 72.6271901,25.6096331,0 72.6258051,25.6078289,0 72.6248574,25.6064803,0 72.6241832,25.6053322,0 72.6219234,25.6012865,0 72.6197001,25.6022523,0 72.6136679,25.6058607,0 72.6046652,25.6097971,0 72.5949529,25.609558,0 72.5852749,25.6040019,0 72.5808282,25.5999926,0 72.5759077,25.5915002,0 72.5675976,25.5814041,0 72.56275,25.5767752,0 72.5535651,25.5686837,0 72.549082,25.5648567,0 72.5494829,25.5639819,0 72.5474418,25.5631072,0 72.5479886,25.5606287,0 72.550139,25.5582596,0 72.5506493,25.5562914,0 72.5504306,25.5552709,0 72.5495194,25.5539587,0 72.5489727,25.5534849,0 72.5496652,25.5528653,0 72.5456923,25.5495485,0 72.5488269,25.5468149,0 72.5506857,25.5443,0 72.5517427,25.542186,0 72.5540389,25.5399262,0 72.5560071,25.5380674,0 72.5581211,25.5352609,0 72.5598342,25.5328553,0 72.5611828,25.5309692,0 72.5599208,25.5298985,0 72.558595,25.5304497,0 72.5552964,25.5319441,0 72.5545674,25.5312334,0 72.55331,25.5299212,0 72.5507222,25.5287367,0 72.5466765,25.5272605,0 72.542084,25.5252012,0 72.5388401,25.5235611,0 72.53802,25.5221396,0 72.5371088,25.5223036,0 72.5365439,25.521684,0 72.5333365,25.5188957,0 72.5316234,25.5182032,0 72.5296188,25.515178,0 72.5274501,25.5139752,0 72.5280333,25.5126084,0 72.5254455,25.5108043,0 72.5253726,25.5101482,0 72.525245,25.5094921,0 72.5250446,25.5087814,0 72.5246254,25.5077973,0 72.5237689,25.5066856,0 72.5227483,25.5053371,0 72.5204703,25.5043894,0 72.5193951,25.5050455,0 72.5168802,25.5065763,0 72.5151125,25.5073053,0 72.5143471,25.5077609,0 72.5095724,25.5072506,0 72.5063285,25.5039703,0 72.5035767,25.4998699,0 72.5021188,25.4943662,0 72.5045061,25.4937101,0 72.5058729,25.4935644,0 72.5060916,25.4930905,0 72.5063832,25.4921611,0 72.5062374,25.4912681,0 72.5056178,25.4905209,0 72.5047977,25.4894093,0 72.5027201,25.4894093,0 72.5018272,25.4893546,0 72.4983099,25.4885163,0 72.4973441,25.4877691,0 72.4930979,25.4865117,0 72.491075,25.4856916,0 72.4882138,25.4841608,0 72.4873755,25.4839968,0 72.4849335,25.4837781,0 72.4839494,25.4788576,0 72.4818901,25.4766525,0 72.4816167,25.4761604,0 72.4817079,25.4755955,0 72.4823093,25.4745567,0 72.4829471,25.4736273,0 72.4819994,25.4721511,0 72.479357,25.4700372,0 72.4768056,25.4686339,0 72.4754935,25.4674494,0 72.4743271,25.4662283,0 72.4721949,25.4655176,0 72.4701721,25.463112,0 72.4684955,25.4617999,0 72.4671833,25.4608887,0 72.4667095,25.4601415,0 72.466181,25.4590845,0 72.4649782,25.4579546,0 72.4639395,25.4566243,0 72.4621717,25.4558224,0 72.4611876,25.4565878,0 72.4603676,25.4582098,0 72.4589461,25.4584467,0 72.4578891,25.4585378,0 72.4574153,25.4590299,0 72.4566499,25.4593032,0 72.4552102,25.4586107,0 72.454791,25.4577724,0 72.4530233,25.4572986,0 72.4522214,25.4585196,0 72.4505084,25.458228,0 72.44885,25.4566972,0 72.4474285,25.4549295,0 72.4455514,25.4528337,0 72.4410137,25.4490978,0 72.4381525,25.4469291,0 72.4364394,25.4463095,0 72.4314825,25.4447969,0 72.4280928,25.4429927,0 72.423956,25.4406054,0 72.4224434,25.4396213,0 72.4195093,25.4389835,0 72.4154454,25.4390563,0 72.4130398,25.4389106,0 72.4118006,25.4390199,0 72.4107436,25.439275,0 72.4099964,25.4396031,0 72.4096319,25.4400769,0 72.4093221,25.4407876,0 72.4087025,25.4412979,0 72.4076819,25.4416806,0 72.4069894,25.441954,0 72.4066067,25.4424278,0 72.4060965,25.4430292,0 72.404675,25.4433025,0 72.4025246,25.4432661,0 72.399955,25.4431021,0 72.3967658,25.4433754,0 72.3956723,25.4433025,0 72.3943602,25.4433572,0 72.3927565,25.4433572,0 72.3915719,25.4431567,0 72.3906789,25.4431567,0 72.3898224,25.4432843,0 72.3885103,25.4436123,0 72.387672,25.4439039,0 72.3862323,25.4438857,0 72.38523,25.4436123,0 72.3843005,25.4431567,0 72.3834805,25.4427376,0 72.3822777,25.4426283,0 72.381494,25.4431021,0 72.3810749,25.4439586,0 72.3808198,25.4468198,0 72.3783048,25.4462002,0 72.3761544,25.4465282,0 72.3748787,25.4469838,0 72.3716166,25.4479132,0 72.3705596,25.4481866,0 72.3682087,25.4476399,0 72.3668237,25.4478585,0 72.3663863,25.4482595,0 72.365785,25.4489702,0 72.3644728,25.4496992,0 72.3639079,25.4503917,0 72.3630331,25.4517767,0 72.3621037,25.4524328,0 72.3600079,25.4537996,0 72.3581673,25.455057,0 72.355616,25.4593943,0 72.3548141,25.4576266,0 72.3534109,25.4555126,0 72.35383,25.453672,0 72.3544132,25.4523781,0 72.3553061,25.4511389,0 72.3551786,25.4501365,0 72.3543221,25.4486968,0 72.35383,25.4480955,0 72.3532651,25.4470567,0 72.3537571,25.4461273,0 72.3542309,25.4450338,0 72.3540669,25.4442684,0 72.3523539,25.4425554,0 72.3509506,25.4419175,0 72.3500941,25.4426283,0 72.3469049,25.4453801,0 72.3446816,25.4460544,0 72.3417293,25.4465829,0 72.3393784,25.4447058,0 72.3359705,25.4379994,0 72.333328,25.4330242,0 72.3326902,25.4300355,0 72.3318519,25.4283953,0 72.3311411,25.4241673,0 72.3306126,25.4204679,0 72.3309224,25.4130871,0 72.3309771,25.4098068,0 72.3307402,25.4047588,0 72.3304304,25.3999112,0 72.3301206,25.3992916,0 72.3295374,25.3979065,0 72.3290454,25.3969771,0 72.3288631,25.3958108,0 72.3287152,25.3939199,0 72.327551,25.3926216,0 72.3259837,25.3922935,0 72.3247627,25.3912001,0 72.323487,25.3897969,0 72.3216464,25.3895964,0 72.3211179,25.3885029,0 72.3200062,25.3882478,0 72.3189857,25.3880473,0 72.3176007,25.3880656,0 72.3167441,25.3873731,0 72.315997,25.3867717,0 72.3148671,25.3863343,0 72.3137919,25.3863161,0 72.3133727,25.3874095,0 72.3111858,25.3856782,0 72.3075957,25.3836371,0 72.3050261,25.3859334,0 72.3037322,25.3880473,0 72.3016547,25.3874095,0 72.2999234,25.3868081,0 72.298265,25.3858787,0 72.2961875,25.3873366,0 72.2905745,25.3916375,0 72.2897544,25.3920931,0 72.289317,25.3923847,0 72.2883329,25.3939155,0 72.2879502,25.3947902,0 72.2871666,25.3957926,0 72.2870026,25.3967402,0 72.2872759,25.3986355,0 72.2855264,25.4002939,0 72.2842507,25.4002939,0 72.2827017,25.3999476,0 72.2820092,25.4009499,0 72.2814078,25.4006584,0 72.2802597,25.4006219,0 72.279148,25.4016789,0 72.2782368,25.4026995,0 72.277927,25.4030457,0 72.2761957,25.4028635,0 72.2759406,25.4034466,0 72.2749018,25.4041756,0 72.2731888,25.4050139,0 72.2723687,25.4059615,0 72.271093,25.407948,0 72.2695257,25.4099891,0 72.2683412,25.4106816,0 72.2678127,25.4106087,0 72.2671748,25.4103718,0 72.2666646,25.4087498,0 72.2654071,25.4083671,0 72.2637123,25.4077657,0 72.2624366,25.4073101,0 72.2587189,25.4094606,0 72.2552199,25.4108456,0 72.2541265,25.4110278,0 72.2527779,25.4108274,0 72.2522312,25.4121759,0 72.2520489,25.4132512,0 72.2515569,25.4136703,0 72.2509555,25.4145633,0 72.250427,25.4153651,0 72.2495887,25.4150371,0 72.2477298,25.4145268,0 72.2465817,25.4145633,0 72.2448504,25.4128502,0 72.244249,25.412832,0 72.2427365,25.4104811,0 72.2400211,25.4085129,0 72.2384903,25.4085311,0 72.237415,25.4107727,0 72.2324217,25.4068727,0 72.2308544,25.4062349,0 72.229196,25.4061073,0 72.2252596,25.4057246,0 72.222526,25.4056335,0 72.2212503,25.4045765,0 72.2190088,25.4032279,0 72.2148537,25.4065629,0 72.2060515,25.4130142,0 72.2046301,25.4139801,0 72.1956092,25.419338,0 72.1879733,25.4240215,0 72.1875359,25.4238029,0 72.1860233,25.4245683,0 72.184693,25.4243678,0 72.1838365,25.4244225,0 72.181686,25.4259168,0 72.1809935,25.4250239,0 72.1752165,25.4265729,0 72.1736492,25.4269556,0 72.1724829,25.4269374,0 72.1707881,25.4269009,0 72.1697675,25.4274841,0 72.1651751,25.4302724,0 72.1637354,25.4311107,0 72.1627148,25.432441,0 72.1621084,25.4361439,0 72.1586323,25.4338185,0 72.1572804,25.4325202,0 72.1561646,25.4319001,0 72.1547055,25.4328302,0 72.1540618,25.4336247,0 72.153461,25.4344968,0 72.1526241,25.4358338,0 72.1500063,25.4357176,0 72.1476888,25.435892,0 72.14535,25.4349037,0 72.1426034,25.4345355,0 72.1399641,25.4343999,0 72.1353721,25.4329853,0 72.1343851,25.4325202,0 72.1311664,25.4321326,0 72.1255016,25.4305048,0 72.1208882,25.4291096,0 72.116425,25.4263771,0 72.1143007,25.4252144,0 72.1119189,25.4232958,0 72.1100735,25.4224043,0 72.1088075,25.4214159,0 72.1078419,25.4200593,0 72.107048,25.420195,0 72.1058893,25.4214547,0 72.1042156,25.4239159,0 72.1005034,25.4298266,0 72.0990872,25.4343417,0 72.0987868,25.437539,0 72.0990228,25.4406394,0 72.0985508,25.4416664,0 72.0962119,25.443604,0 72.0928216,25.4465105,0 72.0917058,25.4486224,0 72.0910835,25.450715,0 72.0903754,25.453505,0 72.0904183,25.4547837,0 72.0908475,25.4571474,0 72.0911693,25.461894,0 72.0910191,25.4624365,0 72.0896029,25.4639282,0 72.0873928,25.46511,0 72.0860195,25.465943,0 72.083981,25.4666017,0 72.0828223,25.4678415,0 72.0785951,25.4702437,0 72.0691752,25.4735757,0 72.0674801,25.474215,0 72.0653558,25.4759584,0 72.0627164,25.4769463,0 72.0616006,25.4788059,0 72.0561075,25.4822151,0 72.0448637,25.4781086,0 72.0388984,25.4757453,0 72.0338773,25.4746993,0 72.0305299,25.4697013,0 72.0249509,25.4646257,0 72.0181918,25.4579805,0 72.0145011,25.45397,0 72.0102525,25.4513544,0 72.0033431,25.4462004,0 72.0012831,25.4441078,0 72.0004892,25.4426158,0 71.9994592,25.4417826,0 71.9985151,25.44031,0 71.9940519,25.4371127,0 71.9911551,25.4359888,0 71.9873786,25.435175,0 71.9793749,25.4274236,0 71.9783878,25.4262415,0 71.9761835,25.4181281,0 71.9754695,25.4120357,0 71.9761348,25.40688,0 71.9751692,25.4047673,0 71.9723153,25.4015885,0 71.9711351,25.4009489,0 71.9688177,25.3966263,0 71.9672513,25.3932535,0 71.9637751,25.3909273,0 71.9618869,25.3892602,0 71.9597626,25.3858096,0 71.9535613,25.3832312,0 71.9502997,25.3797998,0 71.9466519,25.376349,0 71.9471884,25.3757867,0 71.9462871,25.3741776,0 71.9429612,25.3723745,0 71.9393348,25.3695244,0 71.9356227,25.3639017,0 71.9326401,25.3588798,0 71.9311595,25.3587828,0 71.9284987,25.3561845,0 71.9271683,25.3569795,0 71.9226622,25.3523257,0 71.919229,25.3495722,0 71.9172978,25.3467216,0 71.9167614,25.3458101,0 71.9172549,25.3451508,0 71.9168901,25.3444721,0 71.9168257,25.3430758,0 71.918242,25.3412335,0 71.9179415,25.3404578,0 71.9174051,25.3392942,0 71.9173407,25.3374518,0 71.9210315,25.3323318,0 71.9243574,25.3293451,0 71.9287777,25.3265328,0 71.9306445,25.3259703,0 71.9336486,25.3266298,0 71.9356656,25.3254854,0 71.9379186,25.3235459,0 71.9403004,25.321102,0 71.9445276,25.3184253,0 71.9464588,25.31699,0 71.9463729,25.3149727,0 71.9374036,25.2997256,0 71.9346141,25.2923147,0 71.9341421,25.2807514,0 71.9316959,25.279626,0 71.9162035,25.2725244,0 71.9081783,25.269148,0 71.9057321,25.2682943,0 71.9032001,25.2677121,0 71.9000244,25.2656552,0 71.8965482,25.2627444,0 71.8926858,25.2582423,0 71.8900251,25.2569226,0 71.8858194,25.2558747,0 71.8870639,25.2534682,0 71.8889951,25.2503631,0 71.8960332,25.2449289,0 71.8994236,25.2437644,0 71.8964195,25.2384852,0 71.8944454,25.2351079,0 71.8879652,25.2304882,0 71.8801975,25.2254026,0 71.8798971,25.2243155,0 71.8797254,25.2232673,0 71.8791675,25.2217143,0 71.877408,25.2196955,0 71.8723869,25.216473,0 71.8634176,25.2114644,0 71.8598985,25.2098724,0 71.8554782,25.2088241,0 71.8519163,25.2061837,0 71.8468523,25.2014465,0 71.8426251,25.1855443,0 71.8414235,25.1806315,0 71.8407798,25.1786314,0 71.8412304,25.1778158,0 71.8405223,25.1741262,0 71.838398,25.1652899,0 71.8372822,25.1615222,0 71.8366384,25.1591916,0 71.8362093,25.1561034,0 71.8387198,25.1528987,0 71.8367457,25.150296,0 71.8336558,25.1423127,0 71.8344712,25.1410695,0 71.8344283,25.1404285,0 71.8323469,25.1377672,0 71.8281197,25.1322891,0 71.8252659,25.1277627,0 71.8239784,25.1258589,0 71.8239701,25.1230857,0 71.8227338,25.1200694,0 71.8203735,25.1206717,0 71.8194294,25.1207106,0 71.8181634,25.1206134,0 71.8168115,25.1203414,0 71.8137216,25.11937,0 71.8084859,25.1171163,0 71.8050527,25.1148237,0 71.8022203,25.1100441,0 71.7999887,25.1049145,0 71.8010831,25.101825,0 71.8053317,25.0973557,0 71.7980146,25.0895828,0 71.7963195,25.0868815,0 71.7911911,25.0784665,0 71.7918348,25.0776892,0 71.792736,25.0770672,0 71.7942381,25.0764064,0 71.7962765,25.0754735,0 71.7987871,25.073977,0 71.8004608,25.0729275,0 71.8047094,25.0690986,0 71.8042588,25.0685738,0 71.8031215,25.0673105,0 71.8015337,25.0650169,0 71.8024134,25.0633453,0 71.8032074,25.0623151,0 71.8034005,25.0615182,0 71.8030786,25.0608962,0 71.8023062,25.0603908,0 71.8014908,25.0599826,0 71.8011045,25.0591468,0 71.8017268,25.058447,0 71.8013835,25.058,0 71.8009543,25.0574946,0 71.8009114,25.0568531,0 71.8014478,25.0558812,0 71.8020272,25.0552592,0 71.8017697,25.0545788,0 71.8008685,25.0538013,0 71.7988515,25.0528293,0 71.7969632,25.0522462,0 71.7962336,25.053082,0 71.7944956,25.0547343,0 71.7922425,25.0571447,0 71.7893028,25.0613238,0 71.7862558,25.0658916,0 71.7843675,25.0658138,0 71.782093,25.0653668,0 71.7805266,25.0653668,0 71.7790031,25.0653668,0 71.7771363,25.0654834,0 71.7756986,25.0656389,0 71.7724585,25.0680879,0 71.7697978,25.0720335,0 71.7686391,25.073083,0 71.7674589,25.0742297,0 71.7667293,25.0736077,0 71.7656994,25.0737049,0 71.7647767,25.0738993,0 71.763339,25.0741908,0 71.7615366,25.0741714,0 71.7572665,25.0717808,0 71.7527175,25.0698566,0 71.7495417,25.0694485,0 71.7467308,25.0691569,0 71.7448425,25.0687293,0 71.7429328,25.0681657,0 71.7381906,25.0678741,0 71.7381263,25.0648614,0 71.7378044,25.0606435,0 71.735723,25.0577667,0 71.733706,25.0533153,0 71.7332983,25.0524794,0 71.7319035,25.0514492,0 71.7300367,25.0504578,0 71.7283201,25.0490776,0 71.7269039,25.0433428,0 71.7269039,25.0420403,0 71.7273974,25.0393769,0 71.7277407,25.0377244,0 71.7274189,25.0367718,0 71.727333,25.0358969,0 71.7282986,25.0353914,0 71.7288351,25.0339527,0 71.7279982,25.0322418,0 71.7276764,25.0314058,0 71.727612,25.0297727,0 71.727612,25.0281978,0 71.7276335,25.0263507,0 71.7246294,25.0242703,0 71.7218399,25.0231426,0 71.7210674,25.0229287,0 71.7194795,25.020751,0 71.7183852,25.0210038,0 71.7176342,25.0210815,0 71.7136216,25.0214899,0 71.7126131,25.0196816,0 71.7117548,25.0177955,0 71.7106175,25.0168038,0 71.708343,25.0152288,0 71.7066479,25.0130509,0 71.7042017,25.0083451,0 71.7022919,25.0051948,0 71.6988158,25.0010332,0 71.6952538,24.9974549,0 71.6922712,24.9936431,0 71.6879797,24.9911342,0 71.6866064,24.9901424,0 71.6848469,24.988178,0 71.6826153,24.9870111,0 71.6784525,24.9905119,0 71.6739464,24.9938765,0 71.6722727,24.994246,0 71.6690969,24.996852,0 71.6696977,24.9979411,0 71.6685819,24.9991468,0 71.6678309,24.998719,0 71.6672301,24.9991274,0 71.6660929,25.0000414,0 71.6653847,25.0013055,0 71.6653418,25.0028223,0 71.6640973,25.0039697,0 71.6577458,25.0123509,0 71.6553211,25.0150343,0 71.6523814,25.0212954,0 71.6517162,25.0220537,0 71.6473818,25.025048,0 71.6463303,25.0253786,0 71.6453004,25.0252813,0 71.6440558,25.0252036,0 71.6431546,25.0265646,0 71.6418028,25.0279062,0 71.6388845,25.0302004,0 71.6341543,25.0340647,0 71.6293788,25.0334667,0 71.6218042,25.0324751,0 71.6149807,25.032028,0 71.6059685,25.0294616,0 71.5989518,25.027459,0 71.5938449,25.0261952,0 71.5908837,25.0248925,0 71.5872788,25.0225981,0 71.5840173,25.0193705,0 71.5790391,25.0136732,0 71.5730309,25.0075673,0 71.5675592,25.002589,0 71.5669584,25.0016944,0 71.5665507,25.0006637,0 71.5669584,24.9997691,0 71.5675807,24.9992052,0 71.567173,24.9974549,0 71.5663576,24.9947127,0 71.5636325,24.9912315,0 71.5602207,24.9875556,0 71.5583539,24.9852995,0 71.5570235,24.9832378,0 71.5537834,24.980826,0 71.551187,24.9801258,0 71.5494704,24.9796201,0 71.5480113,24.9798146,0 71.5477967,24.9795617,0 71.5473032,24.9791144,0 71.5459299,24.9786281,0 71.5445995,24.9783947,0 71.5417242,24.9780252,0 71.5393638,24.9773833,0 71.5344929,24.9738043,0 71.5323043,24.9722287,0 71.5304804,24.9735514,0 71.5294504,24.9765663,0 71.5288496,24.9775194,0 71.5263819,24.9814873,0 71.5253949,24.9833545,0 71.5260386,24.9840158,0 71.5255236,24.9847549,0 71.5268326,24.9859802,0 71.5273261,24.9868749,0 71.5277552,24.9885086,0 71.5264034,24.9956268,0 71.525824,24.9987579,0 71.5219188,25.0026668,0 71.5179491,25.0064005,0 71.5146875,25.0087924,0 71.5134001,25.0089479,0 71.5108037,25.0091424,0 71.5082502,25.0093952,0 71.5057611,25.0093757,0 71.5021992,25.008559,0 71.4992793,25.0073414,0 71.4905262,25.0053504,0 71.4907732,25.0001265,0 71.490097,24.9968715,0 71.4904189,24.9917955,0 71.4837456,24.9880224,0 71.4825225,24.9917372,0 71.4799046,24.9930985,0 71.4791751,24.9941876,0 71.4781236,24.9960547,0 71.4765358,24.9963464,0 71.4748406,24.9979994,0 71.4654851,24.9966575,0 71.4634251,24.9950239,0 71.4608502,24.9926123,0 71.4550352,24.9891116,0 71.4522242,24.9872834,0 71.4463877,24.986058,0 71.4435124,24.9835296,0 71.44068,24.9809816,0 71.4365601,24.9782586,0 71.4308738,24.9778306,0 71.4255309,24.9755743,0 71.4245653,24.975302,0 71.4211321,24.9767608,0 71.413815,24.9697,0 71.4113688,24.9721703,0 71.3999748,24.9706726,0 71.3876581,24.9747574,0 71.3837528,24.9659651,0 71.3818002,24.9640004,0 71.3784528,24.9602264,0 71.3730669,24.9578531,0 71.3673806,24.9540401,0 71.3571024,24.946258,0 71.3555789,24.947153,0 71.3488412,24.9421333,0 71.3485837,24.9421139,0 71.3429618,24.9434563,0 71.3422107,24.9405573,0 71.3391208,24.9387089,0 71.3396573,24.9257499,0 71.3416958,24.9242321,0 71.3431334,24.9182385,0 71.3460517,24.9174017,0 71.3465881,24.9116024,0 71.3423395,24.9075155,0 71.3365888,24.9016574,0 71.3293147,24.8959741,0 71.3270616,24.8992829,0 71.3252377,24.9000225,0 71.322062,24.9012097,0 71.3173198,24.9041486,0 71.3112902,24.8995359,0 71.3100672,24.8968694,0 71.3079858,24.8902127,0 71.3056254,24.8880716,0 71.3074064,24.8860472,0 71.3112902,24.8829911,0 71.3168478,24.8772291,0 71.3227701,24.8715253,0 71.3270402,24.868683,0 71.3263535,24.8667362,0 71.3280916,24.861246,0 71.3287139,24.8591628,0 71.3283062,24.8575273,0 71.3282203,24.8567875,0 71.329422,24.8533413,0 71.3294434,24.8497781,0 71.3282847,24.8463707,0 71.3256883,24.8432552,0 71.3223195,24.8417753,0 71.3191652,24.8400423,0 71.3178348,24.8361087,0 71.3129425,24.831182,0 71.3086939,24.826956,0 71.303544,24.822321,0 71.2972784,24.8248333,0 71.2902832,24.8269171,0 71.2887597,24.8272287,0 71.2846827,24.8252033,0 71.2867856,24.8168289,0 71.2798333,24.8143749,0 71.2761426,24.8121156,0 71.2687611,24.8073242,0 71.2635684,24.8052206,0 71.2544274,24.7950526,0 71.2453722,24.7997666,0 71.2517237,24.7745195,0 71.257646,24.7551131,0 71.2615943,24.7487995,0 71.2658,24.7482149,0 71.2612509,24.7455257,0 71.2588477,24.7413553,0 71.2488913,24.7318058,0 71.2391066,24.7207743,0 71.2298798,24.7142641,0 71.2206101,24.7071297,0 71.2102675,24.6981235,0 71.2063192,24.6900914,0 71.1876702,24.6495821,0</coordinates></LinearRing></outerBoundaryIs></Polygon>
    </Placemark>
  </Folder>
  <Folder><name>Fire Incidents</name>
    <Placemark><name>Fire 2018-01-14</name>
      <description>Brightness: 309.1</description>
      <styleUrl>#firepoint</styleUrl>
      <Point><coordinates>72.6241,25.3115,0</coordinates></Point>
    </Placemark>
    <Placemark><name>Fire 2018-03-03</name>
      <description>Brightness: 327.4</description>
      <styleUrl>#firepoint</styleUrl>
      <Point><coordinates>72.9032,25.2536,0</coordinates></Point>
    </Placemark>
    <Placemark><name>Fire 2019-04-09</name>
      <description>Brightness: 320.1</description>
      <styleUrl>#firepoint</styleUrl>
      <Point><coordinates>72.4839,25.186,0</coordinates></Point>
    </Placemark>
    <Placemark><name>Fire 2020-04-16</name>
      <description>Brightness: 378.2</description>
      <styleUrl>#firepoint</styleUrl>
      <Point><coordinates>72.5647,25.3997,0</coordinates></Point>
    </Placemark>
    <Placemark><name>Fire 2021-04-07</name>
      <description>Brightness: 380.6</description>
      <styleUrl>#firepoint</styleUrl>
      <Point><coordinates>72.605,24.9897,0</coordinates></Point>
    </Placemark>
    <Placemark><name>Fire 2021-04-18</name>
      <description>Brightness: 300.7</description>
      <styleUrl>#firepoint</styleUrl>
      <Point><coordinates>72.6391,25.5413,0</coordinates></Point>
    </Placemark>
    <Placemark><name>Fire 2021-07-12</name>
      <description>Brightness: 389.6</description>
      <styleUrl>#firepoint</styleUrl>
      <Point><coordinates>72.662,25.4249,0</coordinates></Point>
    </Placemark>
    <Placemark><name>Fire 2022-01-09</name>
      <description>Brightness: 316.4</description>
      <styleUrl>#firepoint</styleUrl>
      <Point><coordinates>72.6847,25.0903,0</coordinates></Point>
    </Placemark>
    <Placemark><name>Fire 2022-04-19</name>
      <description>Brightness: 396.3</description>
      <styleUrl>#firepoint</styleUrl>
      <Point><coordinates>72.4082,25.3165,0</coordinates></Point>
    </Placemark>
    <Placemark><name>Fire 2023-03-08</name>
      <description>Brightness: 315.7</description>
      <styleUrl>#firepoint</styleUrl>
      <Point><coordinates>72.6945,25.4307,0</coordinates></Point>
    </Placemark>
    <Placemark><name>Fire 2023-04-04</name>
      <description>Brightness: 379.9</description>
      <styleUrl>#firepoint</styleUrl>
      <Point><coordinates>72.8446,25.5492,0</coordinates></Point>
    </Placemark>
    <Placemark><name>Fire 2023-11-26</name>
      <description>Brightness: 354.7</description>
      <styleUrl>#firepoint</styleUrl>
      <Point><coordinates>72.7114,25.297,0</coordinates></Point>
    </Placemark>
  </Folder>
</Document></kml>