<?xml version="1.0" encoding="UTF-8"?>
<kml xmlns="http://www.opengis.net/kml/2.2">
<Document>
  <name>Jhalawar Forest Fire Risk Zones</name>
  <description>Forest fire density analysis for Jhalawar District, Rajasthan. Generated using KDE on NASA FIRMS data (2018-2025).</description>
  <Style id="zone0">
    <PolyStyle><color>8c0000FF</color><outline>1</outline></PolyStyle>
    <LineStyle><color>e60000FF</color><width>1</width></LineStyle>
  </Style>
  <Style id="zone1">
    <PolyStyle><color>80008CFF</color><outline>1</outline></PolyStyle>
    <LineStyle><color>e6008CFF</color><width>1</width></LineStyle>
  </Style>
  <Style id="zone2">
    <PolyStyle><color>7300D7FF</color><outline>1</outline></PolyStyle>
    <LineStyle><color>e600D7FF</color><width>1</width></LineStyle>
  </Style>
  <Style id="zone3">
    <PolyStyle><color>59228B22</color><outline>1</outline></PolyStyle>
    <LineStyle><color>e6228B22</color><width>1</width></LineStyle>
  </Style>
  <Style id="boundary">
    <LineStyle><color>ccffffff</color><width>2</width></LineStyle>
    <PolyStyle><fill>0</fill></PolyStyle>
  </Style>
  <Style id="firepoint">
    <IconStyle><color>ff4444ff</color><scale>0.6</scale>
      <Icon><href>http://maps.google.com/mapfiles/kml/shapes/shaded_dot.png</href></Icon>
    </IconStyle>
  </Style>
  <Folder><name>Fire Risk Zones</name>
    <Placemark><name>Low Fire Zone</name><styleUrl>#zone0</styleUrl>
      <Polygon><extrude>0</extrude><altitudeMode>clampToGround</altitudeMode><outerBoundaryIs><LinearRing><coordinates>75.4592968,23.927743,0 75.4594147,23.9247839,0 75.4594595,23.9216241,0 75.4595284,23.919361,0 75.4617796,23.9163261,0 75.462907,23.9141839,0 75.4651364,23.9126206,0 75.4673911,23.9118679,0 75.4693039,23.9117406,0 75.4699756,23.911758,0 75.4722426,23.9122038,0 75.4775882,23.9119953,0 75.4829084,23.9104899,0 75.4869619,23.9087761,0 75.4899513,23.907618,0 75.4919274,23.9065527,0 75.4927376,23.9059018,0 75.4935994,23.9052093,0 75.4956262,23.9039818,0 75.4999837,23.9001138,0 75.5010477,23.8983766,0 75.5029478,23.8932577,0 75.5035051,23.8911498,0 75.5037331,23.8898352,0 75.5038345,23.8892504,0 75.5045438,23.88793,0 75.5061146,23.8870266,0 75.5077866,23.8868645,0 75.5092813,23.8867718,0 75.5110294,23.8866328,0 75.5137655,23.8864939,0 75.5164256,23.8857063,0 75.5178128,23.885418,0 75.5197697,23.8850113,0 75.5225565,23.8840152,0 75.5250393,23.8822084,0 75.5276234,23.8789884,0 75.5290167,23.8775058,0 75.5311195,23.8760926,0 75.5335009,23.875027,0 75.5369043,23.8739972,0 75.536997,23.8736138,0 75.5418612,23.871969,0 75.545788,23.8696754,0 75.5478148,23.8681927,0 75.5490055,23.8653199,0 75.5501962,23.8632811,0 75.5511576,23.862443,0 75.5522736,23.8612654,0 75.5540723,23.860802,0 75.5569351,23.8601069,0 75.5593925,23.8594814,0 75.5620526,23.8583229,0 75.5630153,23.8572803,0 75.5643834,23.8558438,0 75.5649407,23.8542219,0 75.5652448,23.8516268,0 75.5649914,23.8488926,0 75.5652701,23.8461352,0 75.5655234,23.8448608,0 75.5659034,23.8441424,0 75.566293,23.8438661,0 75.5671448,23.8432619,0 75.5689436,23.8428912,0 75.5708183,23.8428912,0 75.5728197,23.842868,0 75.5745424,23.8425204,0 75.5777346,23.8408056,0 75.5793053,23.8385579,0 75.579736,23.8369821,0 75.5784946,23.8323937,0 75.5770505,23.8294042,0 75.5760878,23.8285468,0 75.5743904,23.8281528,0 75.5731997,23.8281296,0 75.5719837,23.8284541,0 75.5709703,23.8301922,0 75.5697543,23.8313509,0 75.5677275,23.8319766,0 75.5655994,23.8322083,0 75.563446,23.8322083,0 75.5611913,23.8314436,0 75.5598142,23.8301963,0 75.5596709,23.8296736,0 75.5594179,23.8282919,0 75.5592912,23.8265537,0 75.5591392,23.8255804,0 75.5591899,23.822753,0 75.5597606,23.8202007,0 75.55997,23.8183719,0 75.5604766,23.8161238,0 75.5612873,23.8148259,0 75.5632634,23.8128558,0 75.5660502,23.8091473,0 75.5694075,23.8092913,0 75.5730895,23.8104817,0 75.5772732,23.8122301,0 75.5860896,23.8104685,0 75.5891458,23.8097732,0 75.5880656,23.8053229,0 75.586124,23.8007786,0 75.5846678,23.7981219,0 75.5836676,23.7960799,0 75.5837228,23.7948687,0 75.5862722,23.7949391,0 75.590275,23.7954491,0 75.5933151,23.7962836,0 75.5968165,23.7969487,0 75.6006114,23.7975353,0 75.6038719,23.7973761,0 75.609371,23.7971392,0 75.6108573,23.7979988,0 75.6120944,23.7995402,0 75.613644,23.8001112,0 75.6172813,23.8007805,0 75.6207775,23.8004096,0 75.6225002,23.7986943,0 75.6244715,23.7971033,0 75.6271617,23.7957736,0 75.628928,23.7955663,0 75.6318975,23.7959251,0 75.6333433,23.795959,0 75.6363941,23.7957725,0 75.6400315,23.7963299,0 75.6425143,23.7968862,0 75.6437766,23.7974886,0 75.6447437,23.7968862,0 75.6463651,23.7960981,0 75.6493515,23.7953162,0 75.6503427,23.7963204,0 75.6532053,23.7973499,0 75.6543445,23.7976358,0 75.6548488,23.796772,0 75.6553334,23.7957272,0 75.6560934,23.7927601,0 75.6576748,23.7887521,0 75.6586775,23.7853883,0 75.6596296,23.7846812,0 75.6639977,23.7836728,0 75.6672405,23.7836728,0 75.6697739,23.7833018,0 75.6711943,23.7829992,0 75.6724594,23.7826063,0 75.6741821,23.7818645,0 75.6753087,23.781025,0 75.6762714,23.7790312,0 75.6774971,23.7745498,0 75.6782356,23.7703652,0 75.6787875,23.7688409,0 75.6805663,23.7645688,0 75.6820502,23.7630513,0 75.6831453,23.7617863,0 75.6834613,23.7611017,0 75.6839611,23.7572417,0 75.6867003,23.7559367,0 75.6874293,23.7567891,0 75.6876297,23.7584566,0 75.6887897,23.7602062,0 75.6897073,23.7620832,0 75.6893064,23.7633497,0 75.6892517,23.7639876,0 75.6899503,23.7653048,0 75.6898257,23.7661653,0 75.6900535,23.7668761,0 75.6901173,23.7678602,0 75.6909465,23.7690538,0 75.6915457,23.7695313,0 75.6922697,23.7716006,0 75.6927963,23.7727898,0 75.6930241,23.7735916,0 75.6931931,23.774914,0 75.693165,23.7755338,0 75.6929147,23.7758332,0 75.6930605,23.7762432,0 75.6935022,23.7766288,0 75.6937075,23.7769722,0 75.6938077,23.7773093,0 75.6941448,23.7774551,0 75.6945822,23.7773275,0 75.6950779,23.777316,0 75.6953149,23.7775612,0 75.6955974,23.7779771,0 75.6955572,23.7785121,0 75.6962575,23.778782,0 75.6962459,23.7792541,0 75.6964502,23.7797149,0 75.6971597,23.7798047,0 75.698235,23.7802901,0 75.6989965,23.7800252,0 75.6996684,23.780324,0 75.7002904,23.7811248,0 75.7015797,23.7831952,0 75.7017965,23.7851564,0 75.701756,23.7866923,0 75.7003137,23.7893098,0 75.6998018,23.7913261,0 75.699357,23.7936534,0 75.698522,23.7980222,0 75.6960243,23.8028345,0 75.6945811,23.8058052,0 75.6936077,23.8081781,0 75.6924668,23.8103553,0 75.6907239,23.8124129,0 75.6901427,23.8133433,0 75.6907127,23.8143327,0 75.6910876,23.8146832,0 75.6914477,23.8153975,0 75.6919033,23.8162267,0 75.6929469,23.8164824,0 75.6937837,23.8160702,0 75.6942633,23.8155524,0 75.694749,23.8144101,0 75.6951836,23.8140671,0 75.695886,23.8141968,0 75.6964066,23.814743,0 75.6970151,23.8145045,0 75.6974807,23.8138425,0 75.6978352,23.8134566,0 75.6982525,23.8134635,0 75.6988193,23.8140398,0 75.699337,23.8142212,0 75.6997943,23.813976,0 75.7002766,23.8140882,0 75.7007896,23.8132855,0 75.7011428,23.8131013,0 75.7016421,23.8131933,0 75.7020176,23.8133291,0 75.7025058,23.8130652,0 75.7037124,23.8134657,0 75.7042127,23.8133416,0 75.7051418,23.8127566,0 75.7055684,23.8128942,0 75.706247,23.8133463,0 75.7067665,23.8124203,0 75.7066829,23.8118438,0 75.7068925,23.8112515,0 75.7078874,23.811386,0 75.7089205,23.8120922,0 75.7100554,23.811968,0 75.7120198,23.8130409,0 75.7129466,23.8131694,0 75.7147264,23.8130274,0 75.7159688,23.8126265,0 75.7171982,23.8117527,0 75.7189731,23.8116281,0 75.7200706,23.8115992,0 75.7210252,23.8116525,0 75.7215082,23.8116798,0 75.7217595,23.8120695,0 75.7212474,23.8125808,0 75.7206744,23.8134065,0 75.7206562,23.8157893,0 75.7208717,23.8180594,0 75.720966,23.8187279,0 75.7211756,23.8189329,0 75.7216722,23.8186778,0 75.7221788,23.8185568,0 75.7227702,23.8186505,0 75.7231529,23.8185092,0 75.7234354,23.8183771,0 75.7237178,23.8184956,0 75.7239046,23.8187598,0 75.7238727,23.8193658,0 75.7239216,23.8199435,0 75.724424,23.8197166,0 75.7254956,23.8197779,0 75.7259412,23.8198259,0 75.7263421,23.8199854,0 75.7264742,23.8203362,0 75.726016,23.8216405,0 75.7256769,23.8227418,0 75.724952,23.8232165,0 75.724014,23.8238261,0 75.7239386,23.8244216,0 75.7238363,23.8250216,0 75.7234171,23.8283092,0 75.7231893,23.8308788,0 75.7229157,23.8325265,0 75.7225242,23.8336716,0 75.7222371,23.8354348,0 75.7215947,23.8366264,0 75.720873,23.8377327,0 75.7199091,23.8391709,0 75.7189725,23.8406826,0 75.7191299,23.8411571,0 75.7201537,23.8417201,0 75.7213245,23.8418864,0 75.7219641,23.8419318,0 75.7235037,23.8416719,0 75.7242933,23.841663,0 75.7250664,23.8416218,0 75.7256815,23.8418724,0 75.7264283,23.8427078,0 75.7270499,23.8447621,0 75.728406,23.8471164,0 75.730119,23.8493397,0 75.7309309,23.8521365,0 75.7312853,23.8531121,0 75.7336505,23.8545868,0 75.7365527,23.8565379,0 75.7365395,23.8580972,0 75.7364471,23.8587502,0 75.735171,23.8599469,0 75.7352491,23.8620327,0 75.7343499,23.8619231,0 75.733454,23.8609393,0 75.7301502,23.8596917,0 75.7278764,23.8587815,0 75.7267658,23.8590531,0 75.7250571,23.8589729,0 75.7229252,23.8591339,0 75.7197206,23.8597766,0 75.717328,23.8604775,0 75.7141851,23.8616382,0 75.7124511,23.8621586,0 75.7111788,23.8623299,0 75.7103369,23.8626706,0 75.7098648,23.8649928,0 75.7089218,23.8692529,0 75.7060269,23.8686298,0 75.7051639,23.868615,0 75.7048478,23.8691298,0 75.7036982,23.8719644,0 75.7035256,23.8724477,0 75.7027511,23.8727484,0 75.7015893,23.8728396,0 75.7016738,23.873665,0 75.702464,23.8770643,0 75.7029467,23.8795485,0 75.7030518,23.880357,0 75.7026053,23.8805255,0 75.7022682,23.8807716,0 75.7021771,23.8816919,0 75.7023437,23.8817763,0 75.7026919,23.8823251,0 75.7031931,23.8825211,0 75.7037219,23.8825327,0 75.7044642,23.8824163,0 75.7050975,23.8824527,0 75.7054893,23.8826532,0 75.7052181,23.8839005,0 75.7045143,23.886913,0 75.7042683,23.8888175,0 75.7044708,23.8902904,0 75.7051977,23.891387,0 75.7053458,23.89196,0 75.7057407,23.8945234,0 75.7059301,23.8983173,0 75.7059052,23.8988802,0 75.7061089,23.8991003,0 75.7076482,23.8995141,0 75.7080634,23.899401,0 75.7084853,23.8990101,0 75.7089473,23.8978406,0 75.7091421,23.8972945,0 75.7094189,23.8964726,0 75.7103006,23.895528,0 75.7128065,23.8942576,0 75.7142813,23.8935818,0 75.7148245,23.8931867,0 75.7158008,23.8931133,0 75.7170292,23.8941213,0 75.7185171,23.896431,0 75.7189352,23.8969385,0 75.7196311,23.8971048,0 75.7213101,23.8971115,0 75.723503,23.8961701,0 75.7248022,23.8948567,0 75.7257088,23.8937926,0 75.7264889,23.8934292,0 75.7273647,23.8933747,0 75.7283767,23.8937017,0 75.7305816,23.895352,0 75.7326632,23.8966779,0 75.735088,23.8980703,0 75.7359146,23.8968427,0 75.7372714,23.8947254,0 75.7395415,23.8921262,0 75.7399926,23.8910196,0 75.7399467,23.8890436,0 75.7427562,23.8886372,0 75.7458855,23.8879411,0 75.7478888,23.887583,0 75.7500436,23.8875992,0 75.752794,23.887327,0 75.7532179,23.8865167,0 75.7548878,23.8848469,0 75.7568225,23.883135,0 75.7577557,23.8832272,0 75.758184,23.8828445,0 75.7590602,23.8813931,0 75.76074,23.8791181,0 75.7613185,23.8780607,0 75.763433,23.8765698,0 75.7643255,23.875801,0 75.7646002,23.8752744,0 75.7643086,23.8729404,0 75.7633961,23.8727302,0 75.7627218,23.8718555,0 75.762341,23.8696816,0 75.7619062,23.8668886,0 75.761765,23.864411,0 75.7632503,23.8616774,0 75.7626427,23.8603418,0 75.7625866,23.8593908,0 75.7633087,23.8557807,0 75.7646131,23.8516768,0 75.7654927,23.8508456,0 75.7688814,23.8497161,0 75.770803,23.8490147,0 75.7735377,23.8481643,0 75.7753966,23.8486199,0 75.7768889,23.8487074,0 75.7786317,23.8488356,0 75.780333,23.8486873,0 75.7813832,23.8487565,0 75.7827454,23.8490026,0 75.7833141,23.8492031,0 75.7837714,23.8503452,0 75.7846559,23.8521688,0 75.7851145,23.8528478,0 75.785766,23.8530802,0 75.7862945,23.8530255,0 75.7866408,23.8531576,0 75.7869551,23.8534538,0 75.7879529,23.8550028,0 75.788481,23.8558633,0 75.7895247,23.856889,0 75.7902765,23.8573974,0 75.7917871,23.8583434,0 75.7920761,23.8586522,0 75.7920943,23.8599643,0 75.7919895,23.8615771,0 75.7923081,23.8630144,0 75.792799,23.8648398,0 75.7932424,23.8658825,0 75.7935203,23.8665933,0 75.7939687,23.867049,0 75.7954521,23.86755,0 75.7975512,23.8684306,0 75.7985776,23.8685892,0 75.7993475,23.8684749,0 75.8001265,23.8679783,0 75.8008999,23.8672435,0 75.8017211,23.8661331,0 75.8024547,23.865591,0 75.8029309,23.8654126,0 75.8053311,23.8657359,0 75.8074487,23.8662857,0 75.8089351,23.8665478,0 75.8124004,23.8671992,0 75.8156716,23.8674908,0 75.8190489,23.8684449,0 75.8195548,23.8704949,0 75.8203746,23.8720279,0 75.8208239,23.8732411,0 75.8231835,23.8747109,0 75.8259874,23.8766535,0 75.828542,23.8778928,0 75.8303475,23.8782544,0 75.8318984,23.8787805,0 75.8323538,23.8797533,0 75.8329907,23.8799957,0 75.8333775,23.8793874,0 75.8335161,23.8785487,0 75.8336432,23.8779293,0 75.8342028,23.8779293,0 75.8351397,23.8782678,0 75.8355334,23.8780201,0 75.8348869,23.8771913,0 75.8350139,23.8768282,0 75.8365524,23.87693,0 75.8374366,23.876964,0 75.8374933,23.8774311,0 75.8374764,23.8780576,0 75.8379189,23.8787127,0 75.8390553,23.8787007,0 75.8394194,23.8783005,0 75.8396983,23.877621,0 75.8402579,23.8765193,0 75.8404059,23.8757554,0 75.8403173,23.8749103,0 75.8405513,23.8745707,0 75.8413721,23.8751435,0 75.8422787,23.875965,0 75.8447476,23.8761079,0 75.8447047,23.8790297,0 75.8447324,23.8816061,0 75.8446856,23.8839559,0 75.8485033,23.8840351,0 75.8500212,23.8850442,0 75.8530467,23.887555,0 75.8563203,23.887683,0 75.8583112,23.8879275,0 75.8592179,23.8886307,0 75.8619112,23.8892186,0 75.8648549,23.8901922,0 75.8672364,23.8906353,0 75.870593,23.8904359,0 75.8715583,23.8896915,0 75.8730499,23.8874643,0 75.8743256,23.8871727,0 75.8742295,23.8861699,0 75.8747447,23.885241,0 75.8763667,23.8853686,0 75.8762255,23.88441,0 75.8764213,23.8831635,0 75.8757922,23.8808185,0 75.8763496,23.8796602,0 75.8807578,23.8786872,0 75.886534,23.8791506,0 75.8873375,23.8793,0 75.8887127,23.8806795,0 75.8899288,23.88244,0 75.8919555,23.8854051,0 75.8930372,23.8864696,0 75.8935769,23.8879996,0 75.8948443,23.8893493,0 75.8959529,23.8896239,0 75.8984369,23.8894258,0 75.9020892,23.8887408,0 75.9043313,23.8890659,0 75.9055297,23.8902025,0 75.9089694,23.8911091,0 75.9120037,23.8917105,0 75.9138439,23.8926597,0 75.9162226,23.8940979,0 75.922458,23.8965237,0 75.9236288,23.8984267,0 75.9269424,23.8974976,0 75.9279942,23.8985312,0 75.9290242,23.8988451,0 75.9295821,23.8981977,0 75.9298049,23.8971259,0 75.931021,23.8965237,0 75.932436,23.8960004,0 75.9333571,23.8971995,0 75.9341641,23.8972962,0 75.9361775,23.8970177,0 75.9374541,23.8967012,0 75.9388337,23.8987494,0 75.9395278,23.8995856,0 75.9403088,23.8994434,0 75.9413235,23.899387,0 75.9414628,23.9014057,0 75.941049,23.9017971,0 75.9420916,23.9022349,0 75.9433035,23.9027452,0 75.9438228,23.9028545,0 75.9438206,23.9032472,0 75.9434675,23.9041666,0 75.9433764,23.9045767,0 75.9439231,23.9048683,0 75.9436868,23.9055941,0 75.9435972,23.9060323,0 75.9440506,23.9065722,0 75.9437682,23.9072191,0 75.9434866,23.9074741,0 75.9443975,23.9087993,0 75.9481469,23.9116248,0 75.9491515,23.9125769,0 75.9498262,23.9125794,0 75.9514797,23.9115078,0 75.9525551,23.9115321,0 75.952874,23.9124089,0 75.9516431,23.9138018,0 75.9515924,23.9156545,0 75.9523524,23.9171367,0 75.9534671,23.9184799,0 75.9545818,23.9200084,0 75.9557472,23.9213979,0 75.958838,23.9229726,0 75.9645129,23.92376,0 75.9675277,23.9238989,0 75.968631,23.9246148,0 75.9692245,23.9252645,0 75.9703904,23.9263768,0 75.9713278,23.9280209,0 75.9735319,23.9287619,0 75.9750013,23.928924,0 75.9772814,23.9283914,0 75.9790041,23.9284377,0 75.9797483,23.928464,0 75.9807019,23.9287873,0 75.9812082,23.9295956,0 75.9815882,23.9305682,0 75.9815819,23.9312918,0 75.9813095,23.9318996,0 75.9809359,23.9323106,0 75.9804292,23.9327622,0 75.9799161,23.9337406,0 75.9794601,23.934852,0 75.9795108,23.9359403,0 75.9798655,23.936635,0 75.9815122,23.937237,0 75.9839443,23.9383717,0 75.9856073,23.9393773,0 75.9861357,23.9397136,0 75.9868071,23.9408029,0 75.9869337,23.9415207,0 75.986808,23.9423265,0 75.9861484,23.9438361,0 75.983995,23.9493467,0 75.9833109,23.9514305,0 75.9837163,23.9531206,0 75.9844003,23.9541856,0 75.9847607,23.9546632,0 75.9854137,23.9555284,0 75.9863004,23.9585613,0 75.986123,23.960506,0 75.9852363,23.9625896,0 75.984223,23.9655066,0 75.9834629,23.9672197,0 75.9833363,23.9685855,0 75.9837669,23.9700208,0 75.984147,23.9711319,0 75.984375,23.9737015,0 75.9843667,23.9744703,0 75.9841216,23.9747663,0 75.9836909,23.9757848,0 75.9828549,23.9763172,0 75.9819682,23.9768265,0 75.9813602,23.97722,0 75.9810055,23.9778682,0 75.9798401,23.979558,0 75.9794216,23.9800039,0 75.9769774,23.9810163,0 75.9750773,23.9824745,0 75.9744693,23.9833078,0 75.9735826,23.9846041,0 75.9732279,23.9855531,0 75.9729239,23.9875205,0 75.9718598,23.9884001,0 75.9708465,23.9887704,0 75.9693264,23.9892333,0 75.9684904,23.9897425,0 75.967553,23.9906915,0 75.966793,23.9922886,0 75.967097,23.9981905,0 75.967021,23.9995097,0 75.9665697,24.0003234,0 75.9660583,24.0012455,0 75.9656276,24.0045319,0 75.9639555,24.0088133,0 75.9626635,24.0116367,0 75.9627142,24.0144368,0 75.9628915,24.0166352,0 75.9635502,24.0179542,0 75.9633602,24.0186137,0 75.9688377,24.0203432,0 75.9712555,24.0201721,0 75.9742613,24.019307,0 75.9792799,24.020149,0 75.9849438,24.0199073,0 75.9891805,24.019029,0 75.992589,24.0183209,0 75.9953988,24.0177422,0 75.9974632,24.0175699,0 75.9985006,24.018782,0 75.9991115,24.0205258,0 76.0001075,24.0209625,0 76.0018809,24.0216799,0 76.0043766,24.0222142,0 76.007966,24.023567,0 76.0106594,24.0250465,0 76.0122057,24.0265324,0 76.0157819,24.0297566,0 76.0175025,24.0311424,0 76.0186356,24.0317148,0 76.0202184,24.0333324,0 76.0211588,24.0340413,0 76.0216849,24.0349694,0 76.0214298,24.0355982,0 76.0196176,24.0367874,0 76.0194758,24.0376462,0 76.0201976,24.0389875,0 76.0210744,24.0398717,0 76.0217737,24.040546,0 76.0221489,24.0415998,0 76.0217177,24.044494,0 76.0220318,24.0464587,0 76.0229015,24.0477083,0 76.0237044,24.0490444,0 76.0251631,24.0496301,0 76.0261486,24.0497576,0 76.0275445,24.0514346,0 76.0287606,24.0517585,0 76.0304177,24.0523327,0 76.0304482,24.0531297,0 76.030519,24.0541158,0 76.0313237,24.0555658,0 76.0313988,24.0572901,0 76.03175,24.0580972,0 76.0323644,24.0582991,0 76.0333208,24.0580047,0 76.0337591,24.0578779,0 76.0345101,24.0581424,0 76.0355315,24.0595633,0 76.0361409,24.0604838,0 76.0364622,24.0622612,0 76.0371698,24.0631131,0 76.0386944,24.0630603,0 76.0394883,24.0631975,0 76.0403839,24.0637276,0 76.041073,24.0648521,0 76.0424411,24.0660549,0 76.0436296,24.0660776,0 76.0442145,24.0650371,0 76.0451772,24.0644357,0 76.0467435,24.0646897,0 76.0471487,24.0649804,0 76.0478138,24.0662438,0 76.0484361,24.0666654,0 76.0495358,24.0668068,0 76.0510147,24.0667433,0 76.0527785,24.0661888,0 76.0535633,24.0654992,0 76.0542102,24.0653033,0 76.0548549,24.0654072,0 76.0558868,24.0657543,0 76.0570065,24.0669453,0 76.0578043,24.0676293,0 76.0599283,24.0678978,0 76.0619354,24.0682101,0 76.0633166,24.0683992,0 76.0676515,24.071103,0 76.0689652,24.0725256,0 76.0693998,24.0732148,0 76.070044,24.0743355,0 76.0709061,24.0753151,0 76.0711159,24.0755535,0 76.0716292,24.076084,0 76.0722703,24.0766105,0 76.0729036,24.0768501,0 76.0733888,24.0767575,0 76.0736516,24.0764612,0 76.073616,24.0759472,0 76.0733531,24.0750571,0 76.0734343,24.074076,0 76.0737036,24.072578,0 76.074717,24.0710514,0 76.075387,24.0709021,0 76.0762746,24.0712506,0 76.0774898,24.0729348,0 76.0791161,24.0738172,0 76.0802905,24.0742435,0 76.0837497,24.0770271,0 76.0853883,24.0775285,0 76.0877388,24.0769728,0 76.0886515,24.0768994,0 76.0902269,24.0786327,0 76.0917524,24.0819525,0 76.0933256,24.0831023,0 76.0958302,24.0834871,0 76.099439,24.0864025,0 76.1001062,24.087177,0 76.1023677,24.0877265,0 76.1040759,24.0879605,0 76.1050167,24.0874272,0 76.1053655,24.0871488,0 76.1060808,24.0854844,0 76.1063341,24.0841892,0 76.1096699,24.0844227,0 76.1113926,24.0844002,0 76.1133771,24.0843743,0 76.1150516,24.0849032,0 76.1178866,24.0870572,0 76.118989,24.087079,0 76.120572,24.086132,0 76.1209267,24.0850219,0 76.1225509,24.0845128,0 76.1239161,24.0858545,0 76.125247,24.0871977,0 76.1262042,24.088015,0 76.1253659,24.0885799,0 76.1266587,24.0887054,0 76.1260158,24.0908983,0 76.1253613,24.0920653,0 76.1251517,24.0940699,0 76.1244713,24.0962506,0 76.1231197,24.0997011,0 76.1225548,24.1030817,0 76.1205651,24.1082499,0 76.1240852,24.1098511,0 76.1246642,24.1102004,0 76.1256388,24.1111084,0 76.1269331,24.1124944,0 76.1295137,24.1140141,0 76.130906,24.1150321,0 76.1311404,24.1152593,0 76.1310609,24.1162576,0 76.1308414,24.1172181,0 76.1306097,24.1189095,0 76.1305066,24.1198438,0 76.1301439,24.1229186,0 76.1298535,24.1238206,0 76.128465,24.125231,0 76.1274625,24.1262299,0 76.1269832,24.1283219,0 76.1267655,24.1325093,0 76.126046,24.1336426,0 76.1253646,24.1348867,0 76.1232068,24.1360799,0 76.1227893,24.1368402,0 76.1224576,24.1377022,0 76.1245241,24.149396,0 76.125015,24.1513844,0 76.1250333,24.1549472,0 76.1246761,24.1589198,0 76.1241058,24.1600561,0 76.1230547,24.1614163,0 76.1224219,24.1621416,0 76.1212791,24.1630751,0 76.12042,24.1633117,0 76.1183815,24.1635216,0 76.1163673,24.1632263,0 76.1146624,24.1627347,0 76.1139851,24.1628494,0 76.1136888,24.1650433,0 76.1136372,24.1662722,0 76.1137937,24.1674465,0 76.1140169,24.169736,0 76.1147451,24.1712166,0 76.1154545,24.1742213,0 76.1157982,24.1764368,0 76.1165666,24.1801215,0 76.115411,24.1798685,0 76.115538,24.1831028,0 76.1156658,24.1844184,0 76.1157493,24.1853208,0 76.1164406,24.1889896,0 76.1171873,24.1929829,0 76.1175796,24.1946573,0 76.1190013,24.1959915,0 76.1196461,24.1963991,0 76.1212518,24.1972451,0 76.1222723,24.1981199,0 76.1240177,24.201185,0 76.1255344,24.2021929,0 76.1283591,24.2054641,0 76.1312377,24.2080074,0 76.1323138,24.2085622,0 76.1334252,24.2106021,0 76.1339995,24.2130089,0 76.1356457,24.2145636,0 76.13697,24.215624,0 76.137806,24.2179795,0 76.1381728,24.2182483,0 76.1389233,24.2181728,0 76.1402111,24.2185613,0 76.1414391,24.2195161,0 76.1417768,24.220207,0 76.1423088,24.2210156,0 76.1433222,24.2217088,0 76.1444369,24.2223326,0 76.1447094,24.2225235,0 76.1452925,24.2232473,0 76.1456503,24.2237314,0 76.1460112,24.2242766,0 76.1461868,24.2260823,0 76.1463713,24.2271234,0 76.1467361,24.2281513,0 76.1466652,24.2285813,0 76.1473076,24.2295973,0 76.1480001,24.2306406,0 76.1484389,24.2320079,0 76.1484093,24.2342,0 76.1482738,24.2350279,0 76.1475068,24.2368048,0 76.1468656,24.2409372,0 76.1461592,24.2443551,0 76.1438542,24.2497077,0 76.1435488,24.250359,0 76.1436217,24.2526006,0 76.1430333,24.2526227,0 76.1429795,24.2557908,0 76.1413208,24.2557825,0 76.1397501,24.2558749,0 76.1387874,24.2562445,0 76.1394746,24.2585553,0 76.139851,24.2604444,0 76.1402567,24.2618109,0 76.1406778,24.2638613,0 76.1413487,24.2671277,0 76.1396803,24.2685187,0 76.1385725,24.2692265,0 76.1375782,24.2700639,0 76.1366746,24.2707696,0 76.1377602,24.2718642,0 76.1392687,24.2731278,0 76.1406768,24.2746629,0 76.1410168,24.275622,0 76.1419035,24.279802,0 76.1422328,24.2817649,0 76.1427902,24.2826193,0 76.1442849,24.2834045,0 76.146641,24.2840511,0 76.1500864,24.284282,0 76.1524172,24.2843051,0 76.1553053,24.2841665,0 76.1589653,24.2827898,0 76.159839,24.2828261,0 76.1605748,24.2833583,0 76.1615629,24.284028,0 76.1622625,24.2844366,0 76.1629485,24.2851004,0 76.1634859,24.2865017,0 76.1636317,24.2888982,0 76.1645353,24.290328,0 76.1649287,24.2913725,0 76.1650898,24.2920157,0 76.1650083,24.293588,0 76.1653773,24.2941586,0 76.1672805,24.295272,0 76.1685045,24.2960587,0 76.1688073,24.2966844,0 76.1686311,24.2971901,0 76.1677951,24.2978597,0 76.1668831,24.2988064,0 76.1659758,24.2995517,0 76.1656417,24.3004458,0 76.165074,24.3040515,0 76.1645776,24.3050175,0 76.164451,24.3060103,0 76.1646283,24.3070493,0 76.1653883,24.3073725,0 76.1666297,24.3069338,0 76.1676684,24.3063335,0 76.1691885,24.3057794,0 76.1701259,24.3055254,0 76.172862,24.3058025,0 76.174154,24.3063566,0 76.1748634,24.3072109,0 76.1749647,24.3079035,0 76.1749394,24.3092426,0 76.1738753,24.3107203,0 76.1742047,24.3123364,0 76.1750154,24.3130059,0 76.1764594,24.3134677,0 76.1777008,24.3141834,0 76.1783595,24.314599,0 76.1805129,24.3187777,0 76.1819063,24.32074,0 76.1822356,24.3224022,0 76.1828183,24.3242028,0 76.1829614,24.3251639,0 76.1843433,24.3267085,0 76.1855773,24.3291928,0 76.1887212,24.3247338,0 76.1903933,24.3205784,0 76.192724,24.3147837,0 76.1953335,24.3102816,0 76.1982722,24.3079035,0 76.200755,24.3066106,0 76.202199,24.3052253,0 76.2035671,24.3033781,0 76.2046565,24.3009769,0 76.2045551,24.2996607,0 76.2038458,24.297929,0 76.202351,24.2952505,0 76.1987282,24.2906092,0 76.1964228,24.2871685,0 76.1959668,24.2855521,0 76.195456,24.2816486,0 76.1948789,24.2783434,0 76.1945657,24.2747333,0 76.1948774,24.2736128,0 76.1964228,24.2727121,0 76.1991336,24.2715573,0 76.2002736,24.2708414,0 76.2015404,24.2692016,0 76.201971,24.2684164,0 76.2020217,24.2633584,0 76.2023213,24.2606647,0 76.2024761,24.2588234,0 76.2024777,24.2549048,0 76.2026044,24.2480214,0 76.2038458,24.240283,0 76.2054418,24.2340688,0 76.2063285,24.2297025,0 76.2053152,24.2251743,0 76.2045045,24.2230026,0 76.2038711,24.2195139,0 76.2042511,24.2178965,0 76.2053043,24.2168119,0 76.2065819,24.2155398,0 76.2081779,24.2142922,0 76.2110154,24.2120278,0 76.2125548,24.2099399,0 76.2139662,24.2102944,0 76.2150271,24.2105478,0 76.2158569,24.2108257,0 76.2159313,24.2108456,0 76.2167111,24.2110943,0 76.2171311,24.2111829,0 76.2175152,24.211264,0 76.2178084,24.2120653,0 76.2180303,24.2126235,0 76.2183446,24.2129297,0 76.2183887,24.2129741,0 76.2186416,24.2132282,0 76.2188895,24.2133864,0 76.2193054,24.2136518,0 76.220695,24.2143044,0 76.2214576,24.2147634,0 76.2219568,24.2151112,0 76.221983,24.2151294,0 76.2227599,24.2155431,0 76.2233436,24.2158319,0 76.2240144,24.2161472,0 76.2241844,24.216227,0 76.2247255,24.2165084,0 76.2247831,24.2165383,0 76.2247843,24.2165382,0 76.2248543,24.2165344,0 76.2252653,24.2165118,0 76.2258625,24.2161503,0 76.2263117,24.2157629,0 76.2267086,24.2155565,0 76.2271216,24.215499,0 76.2276524,24.2154089,0 76.2289945,24.2157097,0 76.2297054,24.2159116,0 76.2303182,24.2161505,0 76.230631,24.2162237,0 76.231083,24.2163295,0 76.2313219,24.216477,0 76.2317467,24.2167395,0 76.2324668,24.2168782,0 76.2332101,24.2168586,0 76.2337906,24.2168133,0 76.234297,24.2167888,0 76.2344648,24.2167807,0 76.2349934,24.2168864,0 76.2353046,24.2169486,0 76.235333,24.2169543,0 76.2359834,24.2175179,0 76.2365446,24.2180191,0 76.2372384,24.2184876,0 76.2378581,24.2187115,0 76.237935,24.2187393,0 76.2388125,24.218854,0 76.2399452,24.2188855,0 76.2406715,24.2188372,0 76.2413377,24.2187928,0 76.2419633,24.2187842,0 76.2421303,24.2187819,0 76.2422592,24.218742,0 76.2423336,24.218719,0 76.2426702,24.2186149,0 76.2432355,24.21852,0 76.2436474,24.218345,0 76.2438195,24.2182932,0 76.2440941,24.2182105,0 76.2446975,24.2180348,0 76.2450515,24.2179317,0 76.2454778,24.2177767,0 76.2458266,24.2176499,0 76.2462081,24.2174303,0 76.2465904,24.2172102,0 76.2469349,24.2169261,0 76.2472595,24.2166584,0 76.2479287,24.2161066,0 76.248554,24.2156047,0 76.2489888,24.215258,0 76.2490006,24.2152579,0 76.249998,24.2152497,0 76.2503437,24.215251,0 76.2507997,24.2149313,0 76.2510689,24.2147425,0 76.2514242,24.2145626,0 76.2519966,24.214325,0 76.2521077,24.2142789,0 76.2523376,24.2143647,0 76.2536737,24.2148632,0 76.2539442,24.2149314,0 76.254173,24.2149891,0 76.2542156,24.2149999,0 76.2549869,24.215258,0 76.2551699,24.2153193,0 76.25626,24.2150962,0 76.2564837,24.2150255,0 76.2571977,24.2148644,0 76.2572951,24.21484,0 76.2581256,24.2146323,0 76.258824,24.2141909,0 76.2592581,24.2140086,0 76.2613155,24.213401,0 76.2614711,24.2133477,0 76.2619873,24.2131709,0 76.2639546,24.2124525,0 76.2646425,24.2121868,0 76.2662031,24.2111052,0 76.2664976,24.2108288,0 76.2665138,24.2108171,0 76.2671476,24.2103589,0 76.2676514,24.2102545,0 76.2686171,24.2100542,0 76.2688224,24.2100117,0 76.2693495,24.2101478,0 76.2701023,24.2103614,0 76.2703347,24.2104273,0 76.2716476,24.2107699,0 76.2724698,24.210914,0 76.2727666,24.2109122,0 76.2742469,24.2109035,0 76.2755373,24.2108752,0 76.2758239,24.2107792,0 76.2767712,24.2104618,0 76.277786,24.2098212,0 76.2781496,24.2095736,0 76.2792905,24.2087966,0 76.2798157,24.2083229,0 76.2803449,24.2078455,0 76.2813644,24.2070561,0 76.2823209,24.2073077,0 76.2835522,24.2078665,0 76.2844359,24.2082676,0 76.2853989,24.209544,0 76.2853403,24.210514,0 76.285315,24.210932,0 76.2851876,24.2113755,0 76.285141,24.2125163,0 76.28511,24.213179,0 76.2855071,24.2138398,0 76.2860815,24.214943,0 76.2862627,24.2152911,0 76.2867159,24.216969,0 76.2869918,24.2183749,0 76.2870543,24.2186935,0 76.28714,24.2190885,0 76.2873295,24.2200868,0 76.2874012,24.2215331,0 76.2873868,24.222747,0 76.2872491,24.2235602,0 76.2871501,24.2241445,0 76.2869088,24.2255283,0 76.2869235,24.2260603,0 76.286952,24.2270959,0 76.286889,24.2277645,0 76.2868251,24.2284422,0 76.2873604,24.2298605,0 76.2898972,24.2299606,0 76.2901074,24.2300245,0 76.2926663,24.2308025,0 76.2941603,24.2313232,0 76.2956845,24.2318544,0 76.2974902,24.2326524,0 76.2977486,24.2330139,0 76.2978059,24.2330942,0 76.2978929,24.2331855,0 76.2984632,24.2337845,0 76.299009,24.2339526,0 76.299443,24.2340862,0 76.2998502,24.2344357,0 76.2999676,24.2345513,0 76.3001691,24.2347498,0 76.301344,24.2359068,0 76.3018603,24.2360787,0 76.3022476,24.2361782,0 76.3029048,24.236347,0 76.3039208,24.236608,0 76.3065381,24.2369673,0 76.3069691,24.2370376,0 76.30911,24.2373613,0 76.3099041,24.2374684,0 76.3108391,24.2376334,0 76.3114352,24.2380934,0 76.3118817,24.2384378,0 76.3127999,24.2391305,0 76.3135572,24.2399272,0 76.3150165,24.2415643,0 76.3159087,24.2423523,0 76.316587,24.2429515,0 76.3175519,24.2437267,0 76.3191126,24.2448067,0 76.3211443,24.2453215,0 76.3217043,24.2453591,0 76.3219886,24.2453982,0 76.3222084,24.245433,0 76.3229145,24.2455449,0 76.324333,24.2455241,0 76.3252109,24.2454753,0 76.3267305,24.2452318,0 76.3268042,24.2452199,0 76.3275999,24.2451238,0 76.3285936,24.2449924,0 76.3291121,24.2449424,0 76.329438,24.244911,0 76.3298226,24.2448942,0 76.3320372,24.2447637,0 76.3323195,24.2447125,0 76.3331297,24.2446213,0 76.3346013,24.2446471,0 76.3346108,24.2446472,0 76.3346301,24.2446436,0 76.3349079,24.244592,0 76.335015,24.2445978,0 76.3353874,24.2446179,0 76.3353994,24.2446185,0 76.3367574,24.2444877,0 76.337202,24.2444409,0 76.3374685,24.2444208,0 76.3383042,24.2443032,0 76.3398809,24.244106,0 76.3402049,24.2438626,0 76.3405718,24.2435871,0 76.342007,24.2428513,0 76.3424383,24.2426302,0 76.3432153,24.2423483,0 76.3437078,24.2423447,0 76.3442923,24.2423404,0 76.3449436,24.2423356,0 76.3467892,24.242353,0 76.3468156,24.2423308,0 76.3473759,24.2418585,0 76.3484196,24.2407662,0 76.3485622,24.2406171,0 76.3497623,24.2404954,0 76.3510636,24.240306,0 76.3511107,24.2402992,0 76.3521758,24.2401441,0 76.3525054,24.2401483,0 76.3528361,24.240121,0 76.3548297,24.2399707,0 76.3550421,24.2399493,0 76.355309,24.2399469,0 76.3556774,24.2399436,0 76.3562948,24.2398635,0 76.3572097,24.2397448,0 76.3574078,24.2390821,0 76.3578491,24.2375725,0 76.357847,24.2371707,0 76.3579805,24.2363708,0 76.3583398,24.2354368,0 76.3590589,24.2352663,0 76.3596536,24.2351375,0 76.3612304,24.2339967,0 76.3635415,24.2326674,0 76.3660755,24.2312944,0 76.368379,24.2300462,0 76.3704897,24.2288244,0 76.3710287,24.2285904,0 76.3715667,24.2283772,0 76.3726118,24.2279631,0 76.3728978,24.2278498,0 76.3732747,24.2275614,0 76.3748143,24.2263836,0 76.3770993,24.2249316,0 76.3789933,24.2237086,0 76.3802856,24.2229932,0 76.3815318,24.221392,0 76.3819083,24.2210002,0 76.383875,24.220298,0 76.3840985,24.2202182,0 76.3841038,24.2202156,0 76.3844282,24.2200598,0 76.3845583,24.2200236,0 76.3868016,24.2193999,0 76.3874869,24.2192058,0 76.3892802,24.2186797,0 76.3899315,24.218313,0 76.3915257,24.2173798,0 76.3923767,24.2169237,0 76.3935206,24.2166496,0 76.3939387,24.2165494,0 76.3950463,24.2163593,0 76.395135,24.2163442,0 76.3963585,24.2161343,0 76.3968323,24.2160926,0 76.3989262,24.2157051,0 76.3992763,24.2156872,0 76.4000938,24.2155145,0 76.4015828,24.2152736,0 76.4018106,24.2147513,0 76.4025315,24.2135695,0 76.4025472,24.2135326,0 76.4031422,24.2121321,0 76.4038788,24.210761,0 76.4052024,24.2085523,0 76.4062179,24.2069131,0 76.4070787,24.2053422,0 76.407962,24.2035237,0 76.409185,24.2018584,0 76.4101178,24.2008175,0 76.4101566,24.2008089,0 76.4110642,24.2006075,0 76.4116826,24.2005062,0 76.4116907,24.2005064,0 76.4137084,24.2005591,0 76.4148034,24.2006373,0 76.415792,24.201769,0 76.4171907,24.2033221,0 76.418249,24.2045864,0 76.4192601,24.2057734,0 76.4193697,24.205902,0 76.4194017,24.2059626,0 76.4198625,24.2068357,0 76.4203011,24.2077724,0 76.4205694,24.2086416,0 76.4204564,24.2086997,0 76.4194493,24.2092173,0 76.418294,24.2096603,0 76.4182589,24.2096738,0 76.4182015,24.2097014,0 76.4174483,24.2100641,0 76.4170049,24.2102776,0 76.4167822,24.2104988,0 76.416624,24.2106559,0 76.4164175,24.2109665,0 76.4164186,24.2109923,0 76.4164365,24.2114026,0 76.4164405,24.2114951,0 76.4165399,24.2121026,0 76.416657,24.2126339,0 76.416734,24.2129834,0 76.4167518,24.2131634,0 76.4168127,24.2137798,0 76.4167858,24.2144923,0 76.4165072,24.2158573,0 76.4164115,24.2164055,0 76.4162272,24.2174299,0 76.4161443,24.218836,0 76.4161966,24.2194285,0 76.4162062,24.2195373,0 76.4162153,24.220519,0 76.4162164,24.2206344,0 76.416354,24.2206414,0 76.4165752,24.2206528,0 76.4184498,24.2205166,0 76.418707,24.2204781,0 76.418919,24.2204587,0 76.421012,24.2202673,0 76.4215653,24.2202049,0 76.4234706,24.2201868,0 76.4238284,24.2202367,0 76.4258769,24.2205202,0 76.4266906,24.2206316,0 76.4282884,24.2208537,0 76.4290479,24.2209637,0 76.4296579,24.2211442,0 76.4302185,24.22131,0 76.4302805,24.2212835,0 76.4307272,24.221093,0 76.4327659,24.2198475,0 76.4332504,24.2195515,0 76.4336016,24.2192507,0 76.4337596,24.2191154,0 76.4341149,24.2188111,0 76.4346509,24.2185014,0 76.4359239,24.2177656,0 76.4375753,24.216725,0 76.4385238,24.2161313,0 76.4385665,24.2161018,0 76.4394793,24.2154698,0 76.440329,24.214887,0 76.4411923,24.2144698,0 76.442882,24.2136531,0 76.4443839,24.2129384,0 76.4453743,24.2124672,0 76.445478,24.212435,0 76.4466365,24.2120755,0 76.4479741,24.2111486,0 76.4492362,24.2102739,0 76.4506272,24.2093709,0 76.4507791,24.2093702,0 76.4522663,24.2093635,0 76.4525394,24.2098722,0 76.4525736,24.2099357,0 76.4543987,24.2109216,0 76.455528,24.2122959,0 76.4566524,24.2136655,0 76.4577598,24.2151113,0 76.4591796,24.2168044,0 76.4593604,24.2170358,0 76.4596153,24.2173618,0 76.4605201,24.2185136,0 76.4608158,24.2189393,0 76.4609256,24.2190973,0 76.4611038,24.2195494,0 76.4613733,24.2202328,0 76.4615868,24.2208658,0 76.4616621,24.2210888,0 76.4620684,24.2221239,0 76.4627242,24.2232151,0 76.463069,24.2235264,0 76.4655865,24.2252251,0 76.4657499,24.2252819,0 76.4680169,24.2260684,0 76.4686667,24.2260626,0 76.4705099,24.2261504,0 76.4705184,24.2259857,0 76.4705342,24.2256771,0 76.4704635,24.2242851,0 76.4704788,24.2229764,0 76.4705759,24.2229514,0 76.4709353,24.2228589,0 76.4715156,24.2227097,0 76.4722939,24.2225265,0 76.4740275,24.2221692,0 76.4744635,24.2209481,0 76.4749077,24.2196143,0 76.4755386,24.218132,0 76.4762527,24.2168232,0 76.4767747,24.215523,0 76.4768002,24.2154253,0 76.4769585,24.2148191,0 76.4773685,24.2138004,0 76.4780766,24.2123651,0 76.4784032,24.2117763,0 76.4788369,24.2109943,0 76.4790803,24.2104921,0 76.4793253,24.2099867,0 76.4794786,24.2096386,0 76.479802,24.2090374,0 76.480343,24.2083363,0 76.4805398,24.2080813,0 76.4813661,24.2079355,0 76.4820621,24.2078675,0 76.4838648,24.2076563,0 76.4839934,24.2076222,0 76.4841129,24.2075904,0 76.4852256,24.2074113,0 76.4865105,24.2072365,0 76.486949,24.2071838,0 76.4871921,24.2071546,0 76.4890351,24.2069127,0 76.4905641,24.2064778,0 76.4935354,24.2058675,0 76.4947679,24.2056326,0 76.4957986,24.2054016,0 76.4962576,24.2053672,0 76.4968083,24.2053261,0 76.4968787,24.2053208,0 76.4969239,24.2053365,0 76.4988078,24.205991,0 76.4988414,24.2060027,0 76.4994225,24.2060634,0 76.4994693,24.2060683,0 76.49948,24.2060647,0 76.4999997,24.2058904,0 76.5008722,24.205642,0 76.5013132,24.2054987,0 76.5015244,24.205415,0 76.5019808,24.2052342,0 76.502957,24.2045293,0 76.504535,24.203087,0 76.5055345,24.201849,0 76.5060342,24.2010079,0 76.5063392,24.2002133,0 76.5064801,24.1998462,0 76.506938,24.1983273,0 76.5069932,24.1981444,0 76.5071252,24.1977247,0 76.5079191,24.1963858,0 76.5079843,24.1962759,0 76.5080122,24.1961731,0 76.508357,24.1949042,0 76.5085353,24.1942642,0 76.5087254,24.1935822,0 76.5088074,24.1923352,0 76.5088109,24.1922813,0 76.5088135,24.192243,0 76.5089174,24.1906636,0 76.5091517,24.1871441,0 76.509274,24.1849937,0 76.509434,24.1831139,0 76.5094372,24.1821341,0 76.5098999,24.1792129,0 76.5099936,24.1788101,0 76.5105605,24.1763887,0 76.5108625,24.175099,0 76.5109027,24.1749272,0 76.5110193,24.1743149,0 76.5110782,24.1740054,0 76.5112318,24.1731993,0 76.5116512,24.1707886,0 76.5117887,24.1699249,0 76.5120666,24.1689785,0 76.5121943,24.1685438,0 76.5124416,24.1677015,0 76.5129305,24.1665905,0 76.5134607,24.1656139,0 76.5135273,24.1654911,0 76.5146259,24.1634674,0 76.5153689,24.1626338,0 76.5168044,24.1616759,0 76.5192971,24.159827,0 76.520668,24.1588245,0 76.5224088,24.1570734,0 76.5248209,24.1567378,0 76.5265862,24.1566299,0 76.5274239,24.1567343,0 76.5281892,24.1569479,0 76.5292086,24.1574343,0 76.5325981,24.1581859,0 76.5340844,24.158618,0 76.5372509,24.1595078,0 76.5372641,24.1595115,0 76.5381409,24.1599993,0 76.5395609,24.1606397,0 76.5406715,24.1613373,0 76.5419958,24.1617935,0 76.5437638,24.1623264,0 76.5444693,24.1627284,0 76.5446405,24.1628259,0 76.5446904,24.1628543,0 76.5455075,24.1628572,0 76.5456141,24.1628576,0 76.5456795,24.1628578,0 76.5484772,24.1626624,0 76.5508228,24.1629366,0 76.5519539,24.1632817,0 76.5533496,24.1639448,0 76.5535044,24.164106,0 76.5538779,24.1644948,0 76.5557856,24.1663942,0 76.5578331,24.1680483,0 76.5599402,24.1701397,0 76.5606843,24.1713136,0 76.5609032,24.1716588,0 76.5609838,24.171786,0 76.561795,24.1733399,0 76.5638621,24.1737567,0 76.5653176,24.1740578,0 76.5661785,24.1744417,0 76.5672903,24.1752114,0 76.5682682,24.1758966,0 76.5688912,24.1766421,0 76.5690062,24.1767797,0 76.5690365,24.1768161,0 76.5691922,24.1770023,0 76.5698721,24.1779887,0 76.5698936,24.1780199,0 76.5699185,24.1772341,0 76.5697652,24.1760528,0 76.5697283,24.1757687,0 76.5698593,24.175556,0 76.5700082,24.1753143,0 76.5704952,24.174894,0 76.5711473,24.1747021,0 76.5721704,24.1747394,0 76.5722108,24.1747408,0 76.5722339,24.1747493,0 76.5726493,24.1749014,0 76.5746172,24.1756219,0 76.5748853,24.17572,0 76.5753059,24.1759098,0 76.5760982,24.1767053,0 76.5766673,24.1775948,0 76.5767411,24.1777845,0 76.576777,24.1778767,0 76.5768429,24.1779536,0 76.5772064,24.1783779,0 76.5772402,24.178427,0 76.5777275,24.1791744,0 76.5777532,24.1792256,0 76.577773,24.1793154,0 76.5778256,24.1799066,0 76.57735,24.1808551,0 76.5768949,24.18167,0 76.5764447,24.1824763,0 76.5757866,24.1839206,0 76.5756779,24.1841592,0 76.5754911,24.1846042,0 76.5746689,24.1865625,0 76.5745056,24.1866597,0 76.5725868,24.1878005,0 76.5724897,24.1878582,0 76.5699354,24.1890765,0 76.5695977,24.189192,0 76.5692002,24.1893279,0 76.5670837,24.1905235,0 76.5642735,24.1909452,0 76.564318,24.1911912,0 76.5647715,24.1936972,0 76.5650018,24.1949695,0 76.5650071,24.1949966,0 76.5651443,24.1957734,0 76.5651551,24.1958348,0 76.5651769,24.1961357,0 76.565238,24.1969808,0 76.5654145,24.1977284,0 76.5654901,24.1990821,0 76.5655164,24.1996191,0 76.5656498,24.2004665,0 76.5660483,24.2012571,0 76.566154,24.2014927,0 76.5663165,24.2018548,0 76.5663134,24.2024102,0 76.5663437,24.202539,0 76.5663583,24.2026011,0 76.5664393,24.2029461,0 76.566452,24.2030003,0 76.5665419,24.203383,0 76.5669483,24.2039586,0 76.567053,24.204107,0 76.5671108,24.204154,0 76.5671218,24.204162,0 76.5671345,24.2041706,0 76.5671441,24.2041759,0 76.5672255,24.204231,0 76.5673203,24.2042719,0 76.5674902,24.2043285,0 76.5675846,24.2043495,0 76.5676831,24.2043632,0 76.5683443,24.2044549,0 76.5684388,24.2044944,0 76.568506,24.2045381,0 76.5685572,24.204576,0 76.5686097,24.2046293,0 76.5687613,24.2048296,0 76.5688722,24.2050275,0 76.5689981,24.2052657,0 76.5691432,24.2055595,0 76.5692053,24.2057288,0 76.5692091,24.2058521,0 76.5692055,24.2058859,0 76.5692027,24.2059023,0 76.5692037,24.205915,0 76.5692023,24.2059294,0 76.5691486,24.2062828,0 76.5691477,24.2063873,0 76.5691473,24.206428,0 76.5691631,24.2065384,0 76.5691899,24.206598,0 76.5692022,24.2066177,0 76.569276,24.206713,0 76.5698033,24.2071392,0 76.5698122,24.2071464,0 76.5698334,24.2071611,0 76.5701323,24.2073233,0 76.5702053,24.2073731,0 76.5702203,24.2073892,0 76.570234,24.2074147,0 76.5702519,24.2074761,0 76.5702548,24.2075549,0 76.5702529,24.2079811,0 76.5701885,24.2088028,0 76.5701898,24.2088398,0 76.5701912,24.2088775,0 76.570198,24.2089077,0 76.5702178,24.2089481,0 76.5702511,24.2089885,0 76.5702593,24.2089957,0 76.5703057,24.2090367,0 76.5704031,24.2090939,0 76.57058,24.2091919,0 76.5708914,24.2093326,0 76.5709669,24.2093646,0 76.5710361,24.2093893,0 76.5714612,24.2095318,0 76.5718251,24.2096364,0 76.5719351,24.2096573,0 76.57201,24.2096632,0 76.5720758,24.2096656,0 76.5727667,24.2096352,0 76.5733123,24.2096484,0 76.5733616,24.2096518,0 76.5734048,24.2096579,0 76.5734711,24.2096694,0 76.5735751,24.2096961,0 76.5736835,24.2097355,0 76.5746065,24.2101127,0 76.5747524,24.2101836,0 76.5749054,24.2102724,0 76.5755136,24.2106257,0 76.575745,24.2107601,0 76.5760548,24.2109501,0 76.5760651,24.2109569,0 76.5760717,24.2109613,0 76.5761005,24.210974,0 76.5765513,24.2111582,0 76.5765847,24.2111739,0 76.5772448,24.2115122,0 76.5775665,24.2116909,0 76.5775874,24.2116999,0 76.577661,24.2117246,0 76.5776905,24.2117335,0 76.577741,24.211746,0 76.5777918,24.2117561,0 76.5779519,24.2117821,0 76.5779745,24.2117842,0 76.5780205,24.2117851,0 76.5780517,24.2117853,0 76.5780703,24.2117836,0 76.5780833,24.211781,0 76.578146,24.2117603,0 76.5786263,24.2115455,0 76.5786972,24.2115243,0 76.5787761,24.2115085,0 76.5788028,24.211504,0 76.5798144,24.211385,0 76.5798474,24.2113814,0 76.5798921,24.2113797,0 76.5800425,24.2113767,0 76.580969,24.2113768,0 76.5811617,24.2113768,0 76.581373,24.2113475,0 76.5814628,24.2113417,0 76.5815259,24.2113376,0 76.5817976,24.211315,0 76.5818667,24.2113143,0 76.5819488,24.2113253,0 76.5819966,24.2113407,0 76.5820427,24.2113677,0 76.5820557,24.2113793,0 76.5820721,24.2113969,0 76.5820896,24.2114176,0 76.5821321,24.2114781,0 76.5821678,24.2115729,0 76.5821996,24.2116954,0 76.5822939,24.2121732,0 76.5824756,24.2133362,0 76.582517,24.2139796,0 76.5825294,24.2141031,0 76.582581,24.2142643,0 76.582666,24.2144974,0 76.582755,24.2147146,0 76.5831061,24.2153568,0 76.583331,24.2160236,0 76.5834081,24.2162521,0 76.5834127,24.2162656,0 76.5835118,24.2162665,0 76.5866671,24.2162949,0 76.5868574,24.2163471,0 76.5873339,24.2164776,0 76.5877895,24.2165587,0 76.5884835,24.2166823,0 76.5891351,24.2169098,0 76.5894378,24.2170155,0 76.5898216,24.217326,0 76.5901945,24.2176276,0 76.5910689,24.2183349,0 76.5922611,24.2197139,0 76.5935458,24.2211998,0 76.5936762,24.2213506,0 76.5950062,24.2230351,0 76.5952318,24.2233208,0 76.5953097,24.2240379,0 76.5952953,24.2243939,0 76.5952332,24.2259342,0 76.5952232,24.2261833,0 76.5951007,24.2270244,0 76.5950197,24.2271874,0 76.5944534,24.2283269,0 76.5943947,24.2284449,0 76.5933282,24.2301762,0 76.5928074,24.2306558,0 76.591777,24.2312828,0 76.5915467,24.2314229,0 76.5898266,24.2328676,0 76.5893252,24.2332516,0 76.5885,24.2338837,0 76.587836,24.2347259,0 76.5875954,24.2353687,0 76.5871004,24.2366915,0 76.5867589,24.2376041,0 76.5860215,24.2388895,0 76.5848503,24.2406078,0 76.5842177,24.2415359,0 76.5840204,24.2419259,0 76.5836521,24.2426538,0 76.5836116,24.242734,0 76.5835448,24.2428658,0 76.5859584,24.2443781,0 76.5860497,24.2444353,0 76.5860608,24.2444423,0 76.5898687,24.2441813,0 76.5907003,24.2441365,0 76.5926812,24.2440567,0 76.5938796,24.2440085,0 76.5956031,24.244022,0 76.597478,24.2435373,0 76.5989001,24.2430663,0 76.5993625,24.2429714,0 76.59955,24.2429263,0 76.6012665,24.2425132,0 76.6021741,24.2422463,0 76.6044357,24.2415904,0 76.6056098,24.2413749,0 76.6056389,24.2413384,0 76.606207,24.2407004,0 76.6066968,24.2401871,0 76.6074171,24.2394325,0 76.6080963,24.2390235,0 76.6081158,24.2390199,0 76.6101841,24.2386402,0 76.6111985,24.238652,0 76.6116703,24.240927,0 76.6117173,24.2411342,0 76.6119157,24.2420306,0 76.6120527,24.242747,0 76.612595,24.2451476,0 76.6128216,24.2463191,0 76.6128463,24.2467206,0 76.6131135,24.2476027,0 76.6135164,24.2490928,0 76.6138562,24.2500015,0 76.6141188,24.2504663,0 76.6141407,24.2505052,0 76.6141422,24.2505346,0 76.6141899,24.2514667,0 76.6145507,24.2527711,0 76.6147855,24.2536201,0 76.6155583,24.2555973,0 76.6161491,24.2565453,0 76.6163165,24.2567725,0 76.6163166,24.2570193,0 76.6167104,24.2570193,0 76.6167104,24.2569189,0 76.6168187,24.256938,0 76.6170009,24.2570103,0 76.6171044,24.2571051,0 76.6171781,24.2572676,0 76.6171781,24.2576017,0 76.6172077,24.2578861,0 76.6172291,24.2579496,0 76.6173111,24.2581931,0 76.6173849,24.2584503,0 76.6174883,24.25864,0 76.6176458,24.2588295,0 76.6178773,24.2589018,0 76.618084,24.2589244,0 76.6182859,24.2588296,0 76.6184681,24.2587619,0 76.6185961,24.2587348,0 76.6187783,24.2587348,0 76.6190885,24.258807,0 76.6193446,24.2589018,0 76.6194725,24.2589018,0 76.6196794,24.2589019,0 76.619837,24.2588568,0 76.6199649,24.2587349,0 76.6201176,24.2585452,0 76.6202456,24.2583331,0 76.6202535,24.2583169,0 76.620349,24.2581209,0 76.6205804,24.2579314,0 76.6208414,24.257814,0 76.6211221,24.2576244,0 76.6212622,24.2575892,0 76.6215899,24.257507,0 76.6223383,24.2573536,0 76.6225697,24.2573536,0 76.6226731,24.2573806,0 76.6227518,24.2575206,0 76.6228011,24.2577599,0 76.6228799,24.2580668,0 76.6229832,24.2583242,0 76.6231901,24.2586734,0 76.6232639,24.2587981,0 76.6235742,24.2590373,0 76.6238597,24.2591547,0 76.6241157,24.2592269,0 76.6244013,24.2592947,0 76.6246033,24.2593218,0 76.6248395,24.2593444,0 76.6251202,24.2593669,0 76.6254551,24.259412,0 76.6258687,24.2595565,0 76.6261247,24.2596964,0 76.6262925,24.2597954,0 76.6263315,24.2598184,0 76.6265925,24.2599131,0 76.6267943,24.2600079,0 76.6272325,24.2600711,0 76.6279268,24.2602833,0 76.6282371,24.2604232,0 76.6285473,24.2605677,0 76.6288329,24.2606353,0 76.6290347,24.260685,0 76.6291923,24.2607076,0 76.6295025,24.2607302,0 76.6299408,24.2608023,0 76.6301721,24.2608249,0 76.6304824,24.2608248,0 76.6309944,24.2608249,0 76.6313047,24.2608249,0 76.6316148,24.2608022,0 76.6319989,24.2607797,0 76.6324125,24.2607481,0 76.6325652,24.2606984,0 76.6327966,24.2606261,0 76.6330526,24.2603733,0 76.6331166,24.2603011,0 76.6332594,24.2602515,0 76.6334022,24.2602289,0 76.6335302,24.2602424,0 76.6337223,24.2602424,0 76.6337518,24.2602379,0 76.6339635,24.2602063,0 76.6341309,24.2601114,0 76.6342638,24.2600167,0 76.6346233,24.2599083,0 76.6348794,24.2599083,0 76.6349972,24.2599082,0 76.6350861,24.2599082,0 76.6352683,24.2598496,0 76.6353175,24.2596599,0 76.6353323,24.259222,0 76.6353421,24.2591408,0 76.6355095,24.2589377,0 76.6355341,24.2589061,0 76.6356917,24.2587752,0 76.6357803,24.2587119,0 76.6359772,24.258554,0 76.6361841,24.2584862,0 76.6364894,24.2584365,0 76.6368242,24.2583778,0 76.6370457,24.2583416,0 76.6372033,24.2583351,0 76.6372033,24.2585493,0 76.6373837,24.2585493,0 76.6373953,24.2591723,0 76.6373985,24.259398,0 76.637233,24.259398,0 76.6372329,24.2597592,0 76.6374035,24.2597591,0 76.6374053,24.25989,0 76.6375235,24.2604317,0 76.6375088,24.2608696,0 76.6374202,24.2613888,0 76.6367359,24.2624812,0 76.6364391,24.2629763,0 76.6362731,24.2632532,0 76.6362583,24.2634834,0 76.6364258,24.2638761,0 76.6365984,24.2642463,0 76.6368127,24.2646074,0 76.6369921,24.2648782,0 76.6377014,24.2656998,0 76.6383071,24.2663724,0 76.6389522,24.2671216,0 76.6396318,24.2677986,0 76.6399949,24.2682185,0 76.6399668,24.2682185,0 76.6403606,24.2685118,0 76.6410107,24.2688458,0 76.6415102,24.26906,0 76.6416725,24.2691306,0 76.6417061,24.2691421,0 76.6417247,24.2691454,0 76.6419076,24.2691318,0 76.6419347,24.2691322,0 76.6419423,24.269133,0 76.6423594,24.269227,0 76.6430946,24.2693363,0 76.6434302,24.269387,0 76.6434725,24.2693907,0 76.6435115,24.2693903,0 76.6435532,24.2693811,0 76.6437297,24.269325,0 76.6438865,24.2692556,0 76.6440243,24.2691928,0 76.6440244,24.269193,0 76.6440248,24.2691926,0 76.6441721,24.2689899,0 76.6444035,24.2688364,0 76.6450485,24.2686693,0 76.6453785,24.2686466,0 76.6457724,24.2685892,0 76.6459398,24.2685518,0 76.6464027,24.2683486,0 76.6471117,24.2679242,0 76.6476188,24.2676874,0 76.6476188,24.2677345,0 76.6480127,24.2674867,0 76.6488891,24.2668901,0 76.6496867,24.2662761,0 76.6504433,24.265707,0 76.6508092,24.2654317,0 76.6517594,24.264601,0 76.6524437,24.2639463,0 76.6530345,24.2634992,0 76.653384,24.2633818,0 76.6536352,24.2634901,0 76.6537928,24.2636029,0 76.6539947,24.2637293,0 76.6543296,24.2639008,0 76.6545905,24.2640136,0 76.6547137,24.2640858,0 76.6549255,24.2641625,0 76.6550535,24.2642166,0 76.6551618,24.2642888,0 76.655167,24.2642936,0 76.6552603,24.2643791,0 76.655349,24.2644468,0 76.6556741,24.2646453,0 76.6559596,24.2646679,0 76.6560482,24.2646813,0 76.6561714,24.2646678,0 76.6562698,24.2646678,0 76.6563486,24.2647039,0 76.6563979,24.2647491,0 76.6564323,24.2647806,0 76.656521,24.2648257,0 76.6567327,24.2648257,0 76.6569642,24.2647715,0 76.6573482,24.2646314,0 76.6577027,24.2643515,0 76.6580325,24.2640851,0 76.6584165,24.2638864,0 76.6589286,24.2636832,0 76.6596819,24.2633895,0 76.6599378,24.2632586,0 76.6599718,24.2632348,0 76.6601052,24.2631412,0 76.6603219,24.2630553,0 76.6604549,24.2629966,0 76.6608044,24.2629243,0 76.6612623,24.262852,0 76.6615873,24.2627887,0 76.6618531,24.2627164,0 76.6622322,24.262626,0 76.6624587,24.2625176,0 76.6627788,24.2624092,0 76.6630003,24.2623595,0 76.6631825,24.2623324,0 76.6634678,24.2622431,0 76.6640297,24.2623978,0 76.6641322,24.262426,0 76.6644187,24.2623947,0 76.6645262,24.2624013,0 76.6646291,24.2624019,0 76.6646699,24.2622658,0 76.6646978,24.2621725,0 76.6646887,24.2618826,0 76.6651316,24.2619343,0 76.6655526,24.2623225,0 76.6656883,24.2624477,0 76.666005,24.2627176,0 76.6661657,24.2631015,0 76.6663619,24.2634003,0 76.6666818,24.2636506,0 76.6673023,24.2636741,0 76.6678363,24.2636495,0 76.6688504,24.2637174,0 76.6690923,24.2637336,0 76.6699728,24.2640664,0 76.6704888,24.2641937,0 76.6712122,24.264209,0 76.6715463,24.2644089,0 76.6720424,24.2648138,0 76.6724505,24.2651422,0 76.6730421,24.2651686,0 76.6732092,24.2652208,0 76.6733015,24.2652661,0 76.6734198,24.2653417,0 76.6734492,24.2653623,0 76.67394,24.2657071,0 76.6746502,24.2660325,0 76.6749429,24.2663586,0 76.6752355,24.2666487,0 76.6761202,24.2666601,0 76.6764826,24.2667435,0 76.6768289,24.2667834,0 76.6770936,24.2668095,0 76.6773374,24.2667438,0 76.6775633,24.2667116,0 76.677573,24.2666974,0 76.677578,24.2666889,0 76.6775771,24.2666843,0 76.6777543,24.2666384,0 76.6779854,24.2669008,0 76.6780253,24.2670361,0 76.6779765,24.2682189,0 76.6779929,24.2689502,0 76.6780009,24.2693113,0 76.6780016,24.269343,0 76.678002,24.2699433,0 76.6780088,24.2701022,0 76.6780348,24.2707017,0 76.6780746,24.2710628,0 76.6781009,24.2712253,0 76.678421,24.2712839,0 76.6788298,24.2713785,0 76.6790367,24.2714733,0 76.6793863,24.2716086,0 76.6795193,24.2716311,0 76.6796079,24.2716356,0 76.6797016,24.2716626,0 76.6797508,24.2716942,0 76.6798641,24.2718973,0 76.6799283,24.2722178,0 76.6800662,24.2724525,0 76.6802141,24.272624,0 76.680416,24.2727457,0 76.680613,24.2728721,0 76.6807954,24.2730707,0 76.6808989,24.2732693,0 76.6809876,24.2734949,0 76.6810567,24.2737657,0 76.6810717,24.274321,0 76.681121,24.2746596,0 76.6811556,24.2748897,0 76.6811852,24.274971,0 76.681269,24.2750703,0 76.6813478,24.2751244,0 76.6815398,24.2751876,0 76.6817368,24.2751875,0 76.6817537,24.2751875,0 76.6819043,24.2751874,0 76.6820914,24.2751874,0 76.6822047,24.2752324,0 76.6822884,24.2753001,0 76.68236,24.275449,0 76.6825492,24.2758101,0 76.6825792,24.2758462,0 76.6826827,24.2759184,0 76.6828944,24.2759906,0 76.6830275,24.2760718,0 76.6831555,24.276144,0 76.683323,24.2762522,0 76.6834265,24.2763605,0 76.6835151,24.2764508,0 76.6836334,24.2766674,0 76.683801,24.2769066,0 76.6839341,24.2770781,0 76.6841408,24.2770554,0 76.6843132,24.2770644,0 76.6845054,24.2771817,0 76.6848354,24.2774118,0 76.6850619,24.2774975,0 76.6855938,24.2774792,0 76.6858351,24.2774745,0 76.6860173,24.2774655,0 76.6861946,24.2774519,0 76.6862187,24.2774511,0 76.6863324,24.2774473,0 76.6864704,24.2774517,0 76.6866083,24.2774878,0 76.6867117,24.2775284,0 76.6868053,24.2776096,0 76.6868645,24.2777044,0 76.6868498,24.2780114,0 76.6868497,24.2780159,0 76.686845,24.2782461,0 76.6868894,24.2784086,0 76.6869337,24.2784492,0 76.6870421,24.2785123,0 76.6870914,24.2785439,0 76.6871456,24.278589,0 76.68719,24.2787199,0 76.6872393,24.2788508,0 76.6874561,24.2791351,0 76.68753,24.2791757,0 76.6876137,24.2791938,0 76.687727,24.2792027,0 76.6877959,24.2792072,0 76.6879239,24.2792297,0 76.6880816,24.2792703,0 76.6881654,24.2793109,0 76.6882688,24.2793831,0 76.6884067,24.2794913,0 76.6885628,24.2795491,0 76.6886382,24.2795771,0 76.6889583,24.2796175,0 76.6891209,24.2796265,0 76.6892834,24.2796535,0 76.6894656,24.2797346,0 76.689579,24.279834,0 76.6896923,24.2799287,0 76.6898204,24.2800008,0 76.6899336,24.2800414,0 76.6902044,24.2800459,0 76.6904211,24.2799599,0 76.690682,24.2797883,0 76.6908888,24.2794587,0 76.6909575,24.2792285,0 76.6910511,24.2791788,0 76.6911151,24.2791651,0 76.6911889,24.2791787,0 76.691253,24.2792193,0 76.6913761,24.2792869,0 76.6914797,24.2793455,0 76.6916323,24.2794267,0 76.6917161,24.2794809,0 76.6917949,24.2795621,0 76.6919428,24.2799051,0 76.6919478,24.2799999,0 76.6919724,24.2800857,0 76.6920956,24.2801443,0 76.6922335,24.2801443,0 76.6923615,24.2801442,0 76.6924551,24.2801487,0 76.6925339,24.2801486,0 76.6926472,24.2801215,0 76.6927457,24.2802343,0 76.6927901,24.2804058,0 76.6928148,24.2805458,0 76.6928198,24.2806315,0 76.6928051,24.2808527,0 76.6928055,24.2814396,0 76.6927268,24.2817059,0 76.6926827,24.2822115,0 76.6926337,24.282514,0 76.692363,24.2829475,0 76.6923619,24.2829492,0 76.6921612,24.28325,0 76.6919842,24.283688,0 76.6919107,24.2843742,0 76.6918076,24.2849476,0 76.6914877,24.2854036,0 76.6913697,24.2857377,0 76.6914142,24.2860402,0 76.6914586,24.286153,0 76.6914093,24.286153,0 76.6914095,24.2865142,0 76.6918035,24.2865139,0 76.6918034,24.2863867,0 76.6923748,24.2864595,0 76.6927736,24.2864819,0 76.6929411,24.2864187,0 76.6932756,24.2857188,0 76.6936887,24.2845359,0 76.6938784,24.2839414,0 76.6943573,24.282441,0 76.6945635,24.2813756,0 76.6949466,24.2794253,0 76.6950988,24.2786443,0 76.6952312,24.2776285,0 76.6952798,24.2764322,0 76.6951021,24.2757235,0 76.6945594,24.2739633,0 76.6941748,24.2729703,0 76.6935533,24.2710205,0 76.6932425,24.269883,0 76.6930888,24.267933,0 76.6930341,24.266985,0 76.6934467,24.2649399,0 76.6935424,24.2644997,0 76.6936529,24.2639919,0 76.6938346,24.2631657,0 76.6940899,24.2616623,0 76.6945275,24.2605742,0 76.6955803,24.258908,0 76.6960674,24.2580545,0 76.697819,24.2558914,0 76.6988965,24.2545908,0 76.7000821,24.2529877,0 76.7007755,24.2514977,0 76.701173,24.2507888,0 76.7014774,24.2504188,0 76.7015603,24.249998,0 76.7018699,24.2492684,0 76.7021762,24.2485464,0 76.7023803,24.2477466,0 76.7023805,24.2477455,0 76.7026893,24.246535,0 76.7027191,24.2464184,0 76.7028475,24.2449678,0 76.7027304,24.2431993,0 76.7021167,24.2411114,0 76.7013265,24.23982,0 76.7011503,24.2396373,0 76.7005127,24.2389758,0 76.7000498,24.2386588,0 76.6997168,24.2384308,0 76.6995786,24.2383362,0 76.6993162,24.2382341,0 76.6988115,24.2380378,0 76.6974242,24.2377597,0 76.6965988,24.2375161,0 76.6965108,24.2374798,0 76.6962769,24.237383,0 76.6955889,24.2370985,0 76.6943623,24.2363131,0 76.6932471,24.2350072,0 76.6929501,24.234647,0 76.6925166,24.2341214,0 76.6919942,24.2333417,0 76.6915344,24.2323857,0 76.6914931,24.2322998,0 76.6904363,24.2305689,0 76.6900897,24.2296231,0 76.6898234,24.2288962,0 76.6893966,24.2275941,0 76.6889668,24.2262827,0 76.688837,24.2259715,0 76.6887835,24.2258431,0 76.688133,24.2242829,0 76.6869291,24.2222104,0 76.6863017,24.2212379,0 76.6855671,24.2200991,0 76.6847538,24.2188937,0 76.6841444,24.2171035,0 76.6839207,24.2163108,0 76.6837469,24.2156948,0 76.6835169,24.2151455,0 76.6833608,24.2147725,0 76.682752,24.2133179,0 76.6819732,24.2114571,0 76.681898,24.2113373,0 76.6800074,24.2083275,0 76.6790986,24.2069605,0 76.6785283,24.2057821,0 76.6784071,24.2055316,0 76.6780968,24.2048903,0 76.6777637,24.2035079,0 76.6775237,24.2009688,0 76.6774648,24.1987211,0 76.6773258,24.1964631,0 76.6772835,24.1957749,0 76.6769887,24.1944226,0 76.6769536,24.1942616,0 76.6763043,24.192034,0 76.6759878,24.1911373,0 76.6758852,24.1908467,0 76.6759156,24.1908324,0 76.6765566,24.1905308,0 76.6770445,24.1903012,0 76.679326,24.1893776,0 76.6814706,24.1885323,0 76.682454,24.188088,0 76.6853393,24.1866792,0 76.6863026,24.1862035,0 76.6889301,24.1835423,0 76.6920406,24.1805687,0 76.692096,24.1803624,0 76.6923223,24.1795193,0 76.6925425,24.1786986,0 76.6929552,24.1764096,0 76.6934659,24.1759607,0 76.6943076,24.1752207,0 76.6967585,24.173374,0 76.6976063,24.1727005,0 76.6983507,24.1721091,0 76.6985323,24.1719648,0 76.6985798,24.1719271,0 76.6983126,24.1684673,0 76.7019334,24.1672149,0 76.7021432,24.1671424,0 76.7031513,24.1668651,0 76.7048322,24.1664027,0 76.7053595,24.1662577,0 76.7058039,24.1661031,0 76.7083228,24.1652268,0 76.7114339,24.163842,0 76.715657,24.1609819,0 76.7186749,24.1588937,0 76.719115,24.1586901,0 76.7196099,24.1587637,0 76.7201723,24.1588474,0 76.7219907,24.1591179,0 76.722615,24.1592107,0 76.7245038,24.1594916,0 76.7251976,24.1600359,0 76.7258507,24.1605482,0 76.7260752,24.1607244,0 76.7260679,24.1609331,0 76.7260147,24.1624452,0 76.7260536,24.1635102,0 76.7260105,24.1665265,0 76.7260363,24.167709,0 76.7260661,24.1678764,0 76.7261548,24.1683732,0 76.7261906,24.1685741,0 76.7277557,24.1683798,0 76.7286715,24.1682661,0 76.7316218,24.1681062,0 76.7338445,24.168127,0 76.7357607,24.1681449,0 76.7369435,24.1681418,0 76.7381431,24.1681386,0 76.7383441,24.1681381,0 76.7448507,24.1682398,0 76.7451157,24.1682363,0 76.7462461,24.1682216,0 76.7475491,24.1682045,0 76.7488963,24.168192,0 76.749516,24.1681731,0 76.7499977,24.1681583,0 76.7519889,24.1681038,0 76.7539082,24.1681178,0 76.7558173,24.1681094,0 76.7569411,24.1682409,0 76.7574036,24.1682401,0 76.7578756,24.1682553,0 76.7579205,24.1682567,0 76.758018,24.1681971,0 76.7585658,24.1678625,0 76.758877,24.1676723,0 76.7597418,24.1668678,0 76.7600536,24.1664732,0 76.7603754,24.1660659,0 76.7606821,24.1652701,0 76.760784,24.1650002,0 76.7608468,24.1634826,0 76.7605259,24.1626872,0 76.7601516,24.1619421,0 76.7598722,24.1613043,0 76.7597969,24.1608356,0 76.7597825,24.160145,0 76.7609631,24.1601179,0 76.762366,24.1601649,0 76.7638235,24.1602383,0 76.7644352,24.1603531,0 76.7658616,24.1603141,0 76.7673363,24.1602112,0 76.7677486,24.1601342,0 76.768226,24.1601467,0 76.7685822,24.1602825,0 76.7688635,24.1604449,0 76.7690037,24.1605259,0 76.7690231,24.1605571,0 76.7691346,24.1607366,0 76.7695205,24.1608902,0 76.7695758,24.1608338,0 76.7697534,24.1606527,0 76.7700661,24.160271,0 76.7700888,24.1602432,0 76.7701881,24.1601219,0 76.7707508,24.1587973,0 76.7707625,24.1587546,0 76.7708992,24.158256,0 76.7709147,24.1581994,0 76.7708164,24.1575708,0 76.7707932,24.1575061,0 76.7705673,24.1568781,0 76.770655,24.156452,0 76.7706734,24.1563622,0 76.7711059,24.1548989,0 76.7716536,24.1535878,0 76.771936,24.1530112,0 76.7725456,24.1522682,0 76.7732794,24.1512439,0 76.7738046,24.1500685,0 76.7740115,24.149849,0 76.7744237,24.149384,0 76.7744456,24.1493633,0 76.7744719,24.1493425,0 76.7745121,24.1493154,0 76.7745464,24.1492926,0 76.7745798,24.1492718,0 76.7746223,24.149248,0 76.7749792,24.1490599,0 76.7762913,24.1483683,0 76.7765536,24.1482201,0 76.7770372,24.1479459,0 76.7776017,24.1476131,0 76.7776407,24.1475901,0 76.7777936,24.1474937,0 76.7779028,24.1474109,0 76.7780894,24.1472655,0 76.7781804,24.1471848,0 76.7782016,24.1471667,0 76.7782882,24.1470803,0 76.7783682,24.1469937,0 76.7785974,24.1466569,0 76.7787003,24.146479,0 76.7787182,24.1464428,0 76.7788004,24.1462542,0 76.7788009,24.1462529,0 76.7789141,24.1459771,0 76.7789553,24.1458493,0 76.7789783,24.1457642,0 76.7789948,24.1456788,0 76.7790373,24.1454271,0 76.7790385,24.1454197,0 76.7791845,24.1443581,0 76.7793414,24.1434272,0 76.7794611,24.1426859,0 76.7794934,24.1425184,0 76.7795494,24.1423245,0 76.7795789,24.14224,0 76.7797474,24.1418095,0 76.7799243,24.1414369,0 76.78003,24.1411974,0 76.7804054,24.1403314,0 76.780513,24.140065,0 76.780566,24.1399462,0 76.7806381,24.1398051,0 76.7807122,24.139679,0 76.7807472,24.1396223,0 76.7808834,24.1394016,0 76.7809266,24.1393391,0 76.7809797,24.1392663,0 76.7810982,24.1391237,0 76.7812669,24.1389365,0 76.7813901,24.1388022,0 76.7814471,24.1387421,0 76.7819235,24.1383358,0 76.7820806,24.1381817,0 76.782388,24.1378497,0 76.7828114,24.1373899,0 76.7834076,24.1367295,0 76.783635,24.1364463,0 76.7840213,24.1359489,0 76.7842187,24.1357102,0 76.7843596,24.1355603,0 76.7844537,24.1354698,0 76.7845366,24.1354113,0 76.785317,24.1349315,0 76.7858125,24.1346318,0 76.7858444,24.1346111,0 76.7859763,24.1345254,0 76.7860843,24.1344441,0 76.7862546,24.1342998,0 76.7864162,24.1341457,0 76.7872558,24.1333219,0 76.7874174,24.1331507,0 76.7879038,24.1325572,0 76.7880626,24.1323611,0 76.788187,24.1321948,0 76.7882212,24.1321492,0 76.7882573,24.1320807,0 76.7882995,24.131978,0 76.7883518,24.1318171,0 76.7884424,24.1314865,0 76.7884983,24.1312826,0 76.7886411,24.1308118,0 76.7886993,24.1306048,0 76.7887412,24.1304761,0 76.7887894,24.1303391,0 76.7888863,24.1300856,0 76.7892197,24.1292709,0 76.7892653,24.1291382,0 76.7892867,24.1290709,0 76.789299,24.1290107,0 76.7893252,24.1288561,0 76.7894471,24.1281372,0 76.7896212,24.1272245,0 76.7897372,24.1267743,0 76.7898467,24.1264034,0 76.7898756,24.1262894,0 76.7898762,24.1262859,0 76.7898774,24.1262797,0 76.7898778,24.1262748,0 76.7898775,24.1262722,0 76.7898772,24.1262708,0 76.7900306,24.1260511,0 76.7902498,24.1255429,0 76.7904846,24.1250977,0 76.7904988,24.1247048,0 76.7904352,24.1243759,0 76.7903313,24.1239799,0 76.7900699,24.1235721,0 76.7899428,24.1232756,0 76.7899381,24.1232199,0 76.7899192,24.122996,0 76.789999,24.1227197,0 76.7903641,24.122449,0 76.7910089,24.1221255,0 76.7919636,24.1218028,0 76.7927892,24.1217434,0 76.7938148,24.1215688,0 76.7947369,24.1213819,0 76.7947987,24.1213791,0 76.7955481,24.1213453,0 76.7961287,24.1213611,0 76.7962572,24.1212793,0 76.7967284,24.1209793,0 76.7980287,24.1196954,0 76.7987216,24.1189468,0 76.7991291,24.1185357,0 76.8004246,24.1172654,0 76.8008672,24.116908,0 76.8012869,24.1166729,0 76.8018609,24.1165622,0 76.8024615,24.1166048,0 76.8027637,24.1167349,0 76.8031147,24.116886,0 76.8039182,24.1173551,0 76.8046399,24.1176129,0 76.805499,24.1178037,0 76.8057205,24.1178529,0 76.8063743,24.1181793,0 76.8068709,24.118512,0 76.8072107,24.1188917,0 76.8072506,24.1189592,0 76.807518,24.1194118,0 76.8079816,24.1201963,0 76.8091005,24.121411,0 76.8096681,24.1218964,0 76.8102988,24.1223268,0 76.810976,24.1225581,0 76.8115788,24.1227496,0 76.8122455,24.1228032,0 76.812411,24.1228164,0 76.8130714,24.1227826,0 76.8136743,24.1227518,0 76.8148068,24.1228331,0 76.8158601,24.1228793,0 76.8186944,24.1229539,0 76.8203164,24.1228624,0 76.8206385,24.122799,0 76.8214791,24.1226499,0 76.8242217,24.1223356,0 76.8243815,24.1223173,0 76.8271635,24.1221756,0 76.8277727,24.1220745,0 76.8283364,24.121981,0 76.8293727,24.1218738,0 76.8310513,24.121962,0 76.8314743,24.1219615,0 76.8321628,24.1219487,0 76.8326408,24.1220107,0 76.8330837,24.1220234,0 76.8333171,24.1221831,0 76.8333233,24.1221976,0 76.8334561,24.1225093,0 76.835132,24.1251708,0 76.8353825,24.1255266,0 76.8357537,24.1260187,0 76.8363247,24.1267298,0 76.8365906,24.1268404,0 76.8366545,24.126867,0 76.8369668,24.1269969,0 76.8387155,24.1273388,0 76.838844,24.1273639,0 76.8389518,24.1273929,0 76.8405597,24.1278249,0 76.8424756,24.1285274,0 76.8435178,24.1290093,0 76.844163,24.1293705,0 76.8448033,24.1296823,0 76.8453267,24.1298204,0 76.8453351,24.1298214,0 76.8458753,24.1298824,0 76.8463056,24.1299135,0 76.8466125,24.1300452,0 76.8467983,24.1302171,0 76.8468855,24.1302979,0 76.8471311,24.130531,0 76.8475236,24.1308947,0 76.8478657,24.1312521,0 76.8483481,24.1316165,0 76.8490421,24.132059,0 76.8497285,24.1324922,0 76.8505643,24.132779,0 76.8511104,24.1329412,0 76.8514227,24.1330339,0 76.8518847,24.1331313,0 76.8529424,24.1333541,0 76.8534499,24.1334338,0 76.8534791,24.1334384,0 76.8537702,24.1335337,0 76.853798,24.1335571,0 76.8541443,24.1338474,0 76.8541996,24.13408,0 76.8542095,24.1342644,0 76.8540943,24.1355034,0 76.8540777,24.1356301,0 76.8542643,24.1357604,0 76.8544729,24.1358056,0 76.8545887,24.1358255,0 76.8555052,24.1358322,0 76.8557832,24.1358343,0 76.8560179,24.1358361,0 76.8571963,24.135911,0 76.8578052,24.1359498,0 76.8582153,24.1359272,0 76.8583496,24.1359198,0 76.8586763,24.1358769,0 76.8588413,24.1358493,0 76.8590503,24.135683,0 76.8590813,24.1356587,0 76.8591127,24.1356363,0 76.8591409,24.1356185,0 76.859174,24.1355995,0 76.8593371,24.1355116,0 76.859384,24.1354884,0 76.8594125,24.1354764,0 76.8594295,24.1354698,0 76.8594419,24.1354657,0 76.8594498,24.1354632,0 76.8594679,24.1354587,0 76.8594815,24.1354555,0 76.8594875,24.1354545,0 76.8595328,24.1354495,0 76.8596215,24.1354427,0 76.8596565,24.1354422,0 76.859906,24.1354497,0 76.8599758,24.1354497,0 76.8600178,24.1354488,0 76.8600577,24.1354461,0 76.8601575,24.135436,0 76.8602258,24.1354291,0 76.8603083,24.135417,0 76.8603974,24.1354018,0 76.8604966,24.1353824,0 76.8606682,24.1353454,0 76.860812,24.1353132,0 76.8608429,24.1353063,0 76.8608683,24.1352996,0 76.8609001,24.1352906,0 76.8609913,24.1352621,0 76.861016,24.135254,0 76.8611636,24.1352022,0 76.8611997,24.1351915,0 76.8612414,24.1351807,0 76.8612494,24.1351788,0 76.8612671,24.1351753,0 76.8612783,24.1351732,0 76.8612897,24.1351715,0 76.8613008,24.1351703,0 76.8613164,24.1351694,0 76.861344,24.1351688,0 76.8613585,24.135169,0 76.8613669,24.1351696,0 76.8614073,24.1351731,0 76.861476,24.1351825,0 76.8615944,24.1352032,0 76.8616745,24.1352213,0 76.8617517,24.1352405,0 76.8618207,24.13526,0 76.8621149,24.1353456,0 76.862154,24.1353581,0 76.8621787,24.1353682,0 76.8622277,24.1353906,0 76.8622611,24.1354079,0 76.8622745,24.1354153,0 76.862301,24.1354298,0 76.8623406,24.1354541,0 76.8624273,24.1355131,0 76.8624519,24.1355283,0 76.8624753,24.1355417,0 76.86249,24.1355491,0 76.8625184,24.1355615,0 76.8625508,24.1355743,0 76.8625798,24.1355836,0 76.8626031,24.13559,0 76.8626251,24.1355946,0 76.8626431,24.1355979,0 76.862667,24.1356003,0 76.8628457,24.1356056,0 76.8632146,24.1356056,0 76.8635583,24.1356047,0 76.8635678,24.1356052,0 76.863665,24.1356049,0 76.8638335,24.1355935,0 76.8638705,24.1355913,0 76.8638987,24.135587,0 76.8639271,24.1355809,0 76.8639616,24.1355721,0 76.8639916,24.1355632,0 76.8640514,24.1355433,0 76.864395,24.135429,0 76.8645281,24.1353886,0 76.8649003,24.135286,0 76.8650093,24.135263,0 76.8650684,24.1352512,0 76.8651419,24.1352388,0 76.8651787,24.1352335,0 76.8652159,24.1352299,0 76.8653158,24.1352244,0 76.8655094,24.1352219,0 76.8656226,24.1352305,0 76.8656388,24.1352325,0 76.8656568,24.1352351,0 76.8656749,24.1352389,0 76.8656915,24.1352435,0 76.8657145,24.1352501,0 76.8657365,24.135258,0 76.8657547,24.1352653,0 76.8657806,24.1352774,0 76.8658184,24.1352959,0 76.8658559,24.1353166,0 76.8658891,24.1353356,0 76.8659158,24.1353526,0 76.8659637,24.135385,0 76.8660648,24.1354545,0 76.8661309,24.135504,0 76.8661945,24.1355546,0 76.8662885,24.1356293,0 76.86634,24.1356703,0 76.8663711,24.1356919,0 76.8664012,24.1357092,0 76.8664738,24.1357427,0 76.8665145,24.1357582,0 76.8665668,24.1357704,0 76.866671,24.1357923,0 76.8667856,24.1358079,0 76.8678307,24.1358832,0 76.8684411,24.1359272,0 76.8685352,24.1359318,0 76.8685821,24.1359355,0 76.8687136,24.1359372,0 76.8688054,24.1359341,0 76.8688774,24.1359279,0 76.869006,24.1359122,0 76.8690655,24.1359044,0 76.8691173,24.1358977,0 76.8691873,24.1358844,0 76.8692496,24.1358713,0 76.8693028,24.1358577,0 76.8699584,24.1356549,0 76.8702472,24.1355508,0 76.8706681,24.1354132,0 76.8707465,24.135385,0 76.8707788,24.1353738,0 76.870808,24.1353638,0 76.8708209,24.1353602,0 76.8708334,24.1353575,0 76.8708457,24.1353557,0 76.8708598,24.1353535,0 76.870884,24.1353505,0 76.8711377,24.135326,0 76.8711943,24.1353185,0 76.8712265,24.1353132,0 76.8712418,24.1353095,0 76.8712647,24.1353026,0 76.8712792,24.135298,0 76.8712949,24.1352929,0 76.8713451,24.1352765,0 76.8714443,24.135238,0 76.8716948,24.1351368,0 76.8718551,24.1350795,0 76.8719911,24.1350379,0 76.8719982,24.1350358,0 76.8721366,24.1349955,0 76.8723184,24.1349474,0 76.8724077,24.134926,0 76.8724689,24.1349094,0 76.8725541,24.1348871,0 76.8726566,24.1348656,0 76.87276,24.1348457,0 76.8728578,24.1348323,0 76.8731506,24.1348003,0 76.8731621,24.1347995,0 76.8731738,24.1347989,0 76.8731891,24.1347989,0 76.8731958,24.1347996,0 76.8732041,24.1348011,0 76.8732133,24.1348032,0 76.8732279,24.1348074,0 76.8732326,24.134809,0 76.8732384,24.1348114,0 76.8732443,24.1348142,0 76.8732495,24.1348172,0 76.8732648,24.1348265,0 76.8732703,24.1348306,0 76.8732795,24.1348376,0 76.8732881,24.1348458,0 76.8733035,24.134862,0 76.8733585,24.1349195,0 76.8733754,24.1349356,0 76.8733893,24.1349469,0 76.8734024,24.1349574,0 76.8734105,24.1349631,0 76.8734214,24.1349701,0 76.8734433,24.1349832,0 76.8734729,24.1349983,0 76.8735249,24.1350219,0 76.8736775,24.135088,0 76.8738181,24.1351432,0 76.8739461,24.1351941,0 76.8741893,24.1352869,0 76.8742187,24.1352999,0 76.8742339,24.1353066,0 76.8742586,24.1353182,0 76.8742675,24.1353229,0 76.8749024,24.1354518,0 76.8751489,24.1354678,0 76.8763058,24.1355429,0 76.8770509,24.1357008,0 76.8777745,24.135737,0 76.8784084,24.1356886,0 76.8790929,24.1354003,0 76.8799669,24.1350974,0 76.8800889,24.1350551,0 76.8799791,24.1347275,0 76.87979,24.1341638,0 76.8794229,24.1330586,0 76.8791523,24.1317531,0 76.8791293,24.1316423,0 76.8790162,24.1302279,0 76.8797253,24.1302054,0 76.8817151,24.1300409,0 76.88277,24.1300672,0 76.8830487,24.1300741,0 76.883973,24.1300402,0 76.8839699,24.1299902,0 76.8839343,24.1294131,0 76.8847274,24.128821,0 76.885478,24.1283512,0 76.8860239,24.1280059,0 76.8860394,24.1281134,0 76.8861553,24.1289162,0 76.8862344,24.1288902,0 76.8865576,24.128784,0 76.887012,24.1286347,0 76.8893885,24.1276754,0 76.8901074,24.1273866,0 76.8907316,24.1270177,0 76.8911859,24.1267757,0 76.8912782,24.1267265,0 76.8918833,24.1274167,0 76.8922688,24.1278564,0 76.8923541,24.1278495,0 76.89418,24.1277018,0 76.895226,24.1276135,0 76.897506,24.1274212,0 76.8982515,24.127441,0 76.8991299,24.1274642,0 76.9000537,24.1274031,0 76.9006002,24.1274324,0 76.9008016,24.1277504,0 76.9012857,24.1282229,0 76.9015257,24.1288158,0 76.9017622,24.1301717,0 76.9022394,24.1318361,0 76.902679,24.1329547,0 76.9027136,24.1333019,0 76.9027448,24.1333583,0 76.9028501,24.1335485,0 76.9027156,24.1337713,0 76.9027095,24.1340242,0 76.9029551,24.1343327,0 76.9032137,24.1346063,0 76.903225,24.1346182,0 76.9032232,24.1346404,0 76.9031918,24.1350339,0 76.9031805,24.1351812,0 76.9031629,24.135409,0 76.9028718,24.1359056,0 76.9027791,24.1360639,0 76.902853,24.1370697,0 76.9029616,24.1375149,0 76.9030517,24.1378847,0 76.9034498,24.1395,0 76.9036473,24.1402652,0 76.9039456,24.1414214,0 76.9042555,24.1424953,0 76.9046507,24.1438549,0 76.905738,24.1461798,0 76.9063944,24.1473137,0 76.9065124,24.1476418,0 76.9067614,24.1480206,0 76.9093211,24.1519134,0 76.9099321,24.1527235,0 76.9099384,24.1527318,0 76.910187,24.154232,0 76.9101915,24.1542592,0 76.9103464,24.1551862,0 76.9106058,24.1567394,0 76.9107055,24.1573359,0 76.9106759,24.1586545,0 76.9104219,24.1591091,0 76.9097842,24.1593542,0 76.9097664,24.1593611,0 76.9092191,24.1596162,0 76.9087756,24.1599016,0 76.9087056,24.1601553,0 76.9087075,24.1602842,0 76.9087088,24.160372,0 76.9088385,24.1608611,0 76.9089486,24.1612764,0 76.9094954,24.162976,0 76.910071,24.164296,0 76.9100929,24.1643457,0 76.9105752,24.1654453,0 76.910947,24.1662894,0 76.9114238,24.1669154,0 76.9123574,24.1678246,0 76.9130399,24.1683894,0 76.9131027,24.1684509,0 76.9136491,24.1689867,0 76.9141007,24.1692383,0 76.9142833,24.1696062,0 76.9144545,24.1701954,0 76.9145822,24.170997,0 76.9145865,24.1710238,0 76.9145902,24.1710469,0 76.9148655,24.1720186,0 76.9151371,24.172742,0 76.9155171,24.173148,0 76.9157048,24.1735294,0 76.915703,24.1740621,0 76.9155042,24.1745928,0 76.9151961,24.1760412,0 76.9151647,24.1785471,0 76.915228,24.1808125,0 76.9153684,24.1819754,0 76.9154511,24.1828999,0 76.9156635,24.18394,0 76.9156948,24.1841005,0 76.9158659,24.1849758,0 76.9160707,24.186165,0 76.9160081,24.1870157,0 76.9160012,24.1871093,0 76.9160377,24.1872413,0 76.9161208,24.1875412,0 76.9162928,24.187855,0 76.91643,24.1879217,0 76.9166101,24.1880091,0 76.9168317,24.1879958,0 76.9168888,24.188059,0 76.9169368,24.1881079,0 76.9169551,24.1881266,0 76.9170278,24.1881861,0 76.9170781,24.1882176,0 76.9171161,24.1882371,0 76.9171795,24.1882584,0 76.9172464,24.1882808,0 76.9172823,24.1882901,0 76.9173063,24.1882948,0 76.9173556,24.1882973,0 76.9174486,24.188292,0 76.9176081,24.1882719,0 76.9178457,24.1882301,0 76.918032,24.1881899,0 76.9181136,24.1881714,0 76.9182227,24.1881381,0 76.9184453,24.1880543,0 76.9187623,24.1879303,0 76.919525,24.1875953,0 76.9197499,24.1874791,0 76.9199553,24.1873729,0 76.9202784,24.1871877,0 76.9212841,24.1865976,0 76.9226182,24.1858043,0 76.9231795,24.1854986,0 76.923463,24.1853488,0 76.9235666,24.1853021,0 76.9236237,24.1852804,0 76.9236746,24.1852687,0 76.9243157,24.1851507,0 76.9244474,24.1851312,0 76.9245437,24.1851238,0 76.924563,24.1851223,0 76.9248426,24.1850977,0 76.9254249,24.1850693,0 76.9255944,24.1850545,0 76.9257599,24.1850367,0 76.9258784,24.1850214,0 76.9267756,24.1848838,0 76.9270636,24.184836,0 76.9275029,24.1847546,0 76.927791,24.184692,0 76.9280158,24.1846284,0 76.9284305,24.1844986,0 76.9289651,24.1843204,0 76.9294901,24.1841453,0 76.9297642,24.1840576,0 76.9302026,24.1839257,0 76.9312053,24.1836272,0 76.9314333,24.1835593,0 76.931791,24.1835253,0 76.9318846,24.1835164,0 76.9323196,24.1835002,0 76.9343791,24.1834788,0 76.9349653,24.1834867,0 76.9351052,24.1835228,0 76.9356731,24.1836975,0 76.9357677,24.1837266,0 76.9364228,24.1844225,0 76.9368677,24.1852069,0 76.9374276,24.186669,0 76.937795,24.1876283,0 76.938508,24.1895423,0 76.9387941,24.1902715,0 76.9388549,24.1904264,0 76.9392647,24.1914604,0 76.939731,24.1926371,0 76.9398449,24.1932745,0 76.9398654,24.1933893,0 76.9399374,24.1934672,0 76.9402407,24.1937953,0 76.9406539,24.1941105,0 76.9413763,24.1943632,0 76.9420935,24.1949273,0 76.9432914,24.1960361,0 76.9439781,24.1965285,0 76.9442618,24.1968424,0 76.9446638,24.1972871,0 76.9458201,24.1979134,0 76.9466477,24.198291,0 76.9470493,24.1986101,0 76.9471957,24.1987264,0 76.9471926,24.1991689,0 76.9473987,24.2004302,0 76.9473974,24.2013105,0 76.9466462,24.2033787,0 76.9464265,24.2042238,0 76.9461068,24.2054531,0 76.945958,24.2060208,0 76.9459347,24.2061099,0 76.9451757,24.2063678,0 76.943877,24.2067365,0 76.9427153,24.2070538,0 76.9418304,24.2071193,0 76.9399769,24.2069307,0 76.9378575,24.2070615,0 76.9363514,24.2070581,0 76.9355993,24.2071264,0 76.9347773,24.2071188,0 76.9343598,24.2070995,0 76.933472,24.2070586,0 76.9328989,24.2072374,0 76.9332189,24.2074909,0 76.9332278,24.2075024,0 76.9335504,24.2079162,0 76.9336322,24.2085418,0 76.9333922,24.2089421,0 76.9331921,24.2091618,0 76.9329877,24.209403,0 76.9327527,24.2096183,0 76.9322912,24.2097817,0 76.9315667,24.2103502,0 76.9309314,24.2104776,0 76.9292683,24.2105583,0 76.9266937,24.2108519,0 76.9257374,24.210961,0 76.9238573,24.2113188,0 76.9224277,24.2116661,0 76.9223026,24.2116964,0 76.922255,24.2126358,0 76.9223101,24.2133574,0 76.922428,24.2149811,0 76.9223746,24.2163451,0 76.9224183,24.2169585,0 76.9225815,24.2189788,0 76.9226108,24.2206819,0 76.9226328,24.2217364,0 76.9227654,24.2243429,0 76.9227725,24.2244839,0 76.9228538,24.225309,0 76.9228556,24.22532,0 76.9229605,24.2259723,0 76.9229357,24.2260526,0 76.9229253,24.2260559,0 76.9224549,24.2262206,0 76.9207445,24.2268407,0 76.9204988,24.2269436,0 76.920411,24.2269878,0 76.9202734,24.2270643,0 76.9200083,24.2272318,0 76.9198666,24.2273267,0 76.9197843,24.2273969,0 76.9197281,24.2274671,0 76.9191077,24.2283991,0 76.9189762,24.2286279,0 76.9184833,24.2295722,0 76.9184561,24.2296194,0 76.918415,24.2296814,0 76.918379,24.2297223,0 76.9182109,24.2298753,0 76.9181643,24.2299129,0 76.9181223,24.2299389,0 76.9180884,24.2299499,0 76.91803,24.2299637,0 76.917748,24.2300162,0 76.917656,24.2300305,0 76.9175571,24.2300365,0 76.9174947,24.2300373,0 76.9174119,24.2300205,0 76.9172253,24.2299667,0 76.9170185,24.2298928,0 76.9169151,24.2298454,0 76.9168374,24.2298071,0 76.9165049,24.2296128,0 76.9164958,24.2296075,0 76.9164503,24.2295826,0 76.916397,24.2295617,0 76.9163074,24.2295445,0 76.9162048,24.2295347,0 76.9161905,24.229534,0 76.9159075,24.2295202,0 76.9157588,24.2296356,0 76.9157313,24.229678,0 76.9157213,24.2297561,0 76.9157172,24.2298306,0 76.9157365,24.2300301,0 76.9157955,24.2306418,0 76.9158149,24.2308429,0 76.9158445,24.2311754,0 76.9158418,24.2313482,0 76.9158326,24.2314323,0 76.9158079,24.2315263,0 76.9157802,24.2315986,0 76.9152444,24.2326939,0 76.9150461,24.2331169,0 76.9150172,24.2331787,0 76.9147974,24.2336082,0 76.914704,24.2337561,0 76.9144159,24.2342234,0 76.9143916,24.2342549,0 76.9143494,24.2342825,0 76.9142585,24.2343311,0 76.9138736,24.2345205,0 76.913736,24.2346032,0 76.9136743,24.2346426,0 76.9135361,24.2347561,0 76.9134083,24.234879,0 76.9132049,24.2351222,0 76.9131449,24.2352114,0 76.9130887,24.235318,0 76.9130519,24.235445,0 76.9130382,24.2355711,0 76.9129634,24.2365371,0 76.912799,24.237661,0 76.9127829,24.2377492,0 76.9127774,24.2377731,0 76.9127699,24.2377938,0 76.9127569,24.2378247,0 76.9127352,24.2378597,0 76.9127152,24.2378828,0 76.9126503,24.2379501,0 76.9125607,24.2380415,0 76.912483,24.2381074,0 76.9124354,24.2381479,0 76.9123612,24.2381953,0 76.9122281,24.2382737,0 76.9121552,24.2383059,0 76.9121172,24.2383151,0 76.9120562,24.2383175,0 76.9119498,24.2383139,0 76.9118347,24.2383058,0 76.9117891,24.2382968,0 76.9117445,24.2382868,0 76.9114072,24.2381703,0 76.9113144,24.2381442,0 76.9112258,24.2381232,0 76.9108668,24.2380571,0 76.9105436,24.2380052,0 76.9103637,24.2379787,0 76.9102187,24.2379645,0 76.9101228,24.2379561,0 76.9100773,24.2379518,0 76.9100058,24.2379496,0 76.9090324,24.2379783,0 76.9087502,24.2379933,0 76.9085514,24.2379975,0 76.9080895,24.2380025,0 76.9078468,24.2380051,0 76.9075469,24.2380022,0 76.907341,24.2379904,0 76.9072703,24.2379832,0 76.9072293,24.237979,0 76.9071652,24.237967,0 76.9070771,24.2379393,0 76.9070051,24.2379082,0 76.9068612,24.2378412,0 76.9067921,24.2378016,0 76.906784,24.2377957,0 76.9066534,24.2377015,0 76.9060147,24.2371555,0 76.9057872,24.2369884,0 76.9057093,24.236938,0 76.9056003,24.2368834,0 76.9054405,24.2368227,0 76.9053587,24.2368064,0 76.9053133,24.2368007,0 76.9052837,24.2368026,0 76.9052454,24.2368142,0 76.9052212,24.2368274,0 76.9051902,24.236847,0 76.9051462,24.2368826,0 76.9051402,24.2368875,0 76.9049802,24.2370228,0 76.9047237,24.2372641,0 76.9046438,24.2373443,0 76.9045631,24.2374531,0 76.9045106,24.2375282,0 76.9044622,24.2376152,0 76.9042418,24.2380652,0 76.9041431,24.2382328,0 76.9040402,24.2384011,0 76.9038532,24.2386764,0 76.9036186,24.2389735,0 76.9035543,24.2390445,0 76.9034224,24.2391462,0 76.9033316,24.2392051,0 76.903215,24.2392688,0 76.903054,24.239338,0 76.9029811,24.2393629,0 76.9029176,24.2393735,0 76.9028113,24.2393698,0 76.9024967,24.2393281,0 76.9024235,24.2393195,0 76.9023262,24.2393011,0 76.9022654,24.2392885,0 76.9021197,24.2392422,0 76.9020123,24.2392081,0 76.9019714,24.2391976,0 76.9015688,24.2390941,0 76.9014791,24.2390776,0 76.9013488,24.2390681,0 76.9011411,24.2390779,0 76.9008512,24.2391067,0 76.9006399,24.2391345,0 76.900569,24.2391587,0 76.9004841,24.2392084,0 76.9001215,24.2394697,0 76.8994957,24.2399366,0 76.8992607,24.2401169,0 76.8989788,24.2403624,0 76.8985055,24.2407868,0 76.8982181,24.2410444,0 76.8980836,24.2411897,0 76.8979983,24.2413009,0 76.8978382,24.2416159,0 76.8977317,24.2417758,0 76.8973407,24.2421834,0 76.8969391,24.2425507,0 76.8961556,24.2430892,0 76.8956357,24.2431699,0 76.8947478,24.2433078,0 76.8941763,24.2433965,0 76.8926735,24.2436545,0 76.8917104,24.2437838,0 76.890685,24.2440268,0 76.8892286,24.2444196,0 76.8887794,24.2446735,0 76.8882016,24.2448928,0 76.8874098,24.2456159,0 76.8866878,24.2464058,0 76.8862191,24.247003,0 76.8859745,24.2477825,0 76.8860045,24.2479405,0 76.8860813,24.2483455,0 76.886256,24.2487246,0 76.8864577,24.2491625,0 76.8868685,24.2499745,0 76.8868837,24.2500014,0 76.8870059,24.2502203,0 76.8871315,24.2504452,0 76.8873003,24.2508765,0 76.8873129,24.2509055,0 76.8878424,24.2521276,0 76.8876725,24.2522249,0 76.8852367,24.25362,0 76.8851649,24.2536477,0 76.8837673,24.2536966,0 76.8829433,24.2539145,0 76.8812193,24.2545362,0 76.8796302,24.2552962,0 76.8796448,24.2555971,0 76.8797032,24.2568059,0 76.8797151,24.2570513,0 76.8797339,24.2572759,0 76.8799241,24.2595451,0 76.8799202,24.2602713,0 76.8799202,24.260281,0 76.8791651,24.2608366,0 76.877487,24.2619092,0 76.8767676,24.2622115,0 76.8762854,24.2622355,0 76.8752249,24.2621132,0 76.873868,24.2622608,0 76.8731297,24.2626175,0 76.8731598,24.2629013,0 76.8732278,24.2635385,0 76.8732838,24.2640647,0 76.873513,24.2659218,0 76.8725325,24.2665614,0 76.869979,24.2683941,0 76.8686079,24.2692596,0 76.8678197,24.2697692,0 76.8677868,24.2697904,0 76.8658175,24.2710636,0 76.8649532,24.2717064,0 76.8643609,24.2721468,0 76.8642974,24.2721837,0 76.862615,24.2733194,0 76.8625718,24.2740738,0 76.8625586,24.2741748,0 76.8623021,24.2765194,0 76.8620581,24.2790369,0 76.8617858,24.2816406,0 76.8616784,24.2827489,0 76.8615461,24.2841129,0 76.8615025,24.2845669,0 76.8614156,24.2854734,0 76.8613067,24.2866077,0 76.8608611,24.2891548,0 76.8604794,24.2916875,0 76.8601156,24.2940936,0 76.859904,24.2951255,0 76.8596838,24.2957231,0 76.8591554,24.2971571,0 76.8580991,24.2993731,0 76.8572669,24.3017578,0 76.8568849,24.3029227,0 76.8558555,24.3049577,0 76.8544146,24.3071513,0 76.8538798,24.308318,0 76.8529065,24.3102297,0 76.8528645,24.3103122,0 76.8528521,24.3103366,0 76.8527703,24.3105022,0 76.852762,24.3105189,0 76.8522089,24.3116384,0 76.8518892,24.3120554,0 76.8516674,24.3123447,0 76.8509472,24.3129539,0 76.8500171,24.3137011,0 76.8478651,24.3154518,0 76.8464771,24.3165522,0 76.8451613,24.3178773,0 76.844319,24.3187271,0 76.8441513,24.3188963,0 76.842605,24.320301,0 76.8416176,24.3215184,0 76.8410542,24.3224145,0 76.8408088,24.3231669,0 76.8405976,24.324117,0 76.8403651,24.3251902,0 76.8402152,24.3260678,0 76.8396802,24.3279117,0 76.8393129,24.3290854,0 76.8387809,24.3308028,0 76.8386285,24.3313784,0 76.8385099,24.3318263,0 76.8380081,24.333584,0 76.8378685,24.33415,0 76.8377373,24.3356458,0 76.8377015,24.3376956,0 76.8376968,24.3379622,0 76.8376492,24.3391004,0 76.8376412,24.3397657,0 76.837629,24.3407755,0 76.8374923,24.342908,0 76.8374394,24.3440191,0 76.8373855,24.3457488,0 76.8373112,24.3464043,0 76.8371556,24.3468937,0 76.8367128,24.3478282,0 76.8364909,24.3482967,0 76.8354282,24.350797,0 76.8343959,24.3530216,0 76.8343601,24.353107,0 76.8340894,24.3537537,0 76.8337956,24.3544554,0 76.8327322,24.3565765,0 76.8318849,24.3579681,0 76.8324133,24.3580846,0 76.8326809,24.3581436,0 76.8349778,24.3586393,0 76.8354738,24.3587463,0 76.8362384,24.3590151,0 76.8363803,24.3590649,0 76.8373488,24.3595904,0 76.8386681,24.3605134,0 76.8401608,24.3615065,0 76.84136,24.3623015,0 76.8422806,24.3629118,0 76.8434504,24.3637237,0 76.8452595,24.3654533,0 76.8470916,24.3670651,0 76.8476339,24.3674837,0 76.8486118,24.3682384,0 76.8497637,24.3690029,0 76.8500947,24.3692225,0 76.8501597,24.369288,0 76.8513852,24.3705249,0 76.8508633,24.3709015,0 76.8508511,24.37091,0 76.8502047,24.371361,0 76.8489579,24.3720488,0 76.8476047,24.3728689,0 76.8464224,24.3735875,0 76.8458282,24.3740733,0 76.8454464,24.3745926,0 76.8452324,24.3751324,0 76.8451756,24.3756342,0 76.8452365,24.3760894,0 76.8456569,24.3768743,0 76.8466403,24.3780721,0 76.8479972,24.3795318,0 76.8487379,24.3802992,0 76.8494473,24.3809587,0 76.8501741,24.381794,0 76.8506176,24.3824612,0 76.8507382,24.3829609,0 76.8507253,24.3831133,0 76.8507038,24.3833671,0 76.8506911,24.3834445,0 76.850513,24.3840787,0 76.8501423,24.3846881,0 76.8495713,24.3854174,0 76.84907,24.3861909,0 76.8489122,24.3868655,0 76.8489139,24.3873214,0 76.8491176,24.3881044,0 76.8492046,24.3886632,0 76.8491532,24.389201,0 76.8490694,24.3895361,0 76.848699,24.3901636,0 76.8483049,24.3906906,0 76.8482493,24.390765,0 76.8476045,24.3915087,0 76.8471459,24.3921734,0 76.846817,24.3929404,0 76.8467392,24.3933566,0 76.8465525,24.3944152,0 76.8463477,24.3955824,0 76.8461679,24.3960745,0 76.8460727,24.3963352,0 76.8458466,24.3967216,0 76.8457077,24.3968686,0 76.8451138,24.3975115,0 76.8447924,24.3981249,0 76.8447202,24.3985817,0 76.8448352,24.3990318,0 76.8450287,24.3994628,0 76.8450289,24.3998104,0 76.8447712,24.4007345,0 76.8441985,24.4020325,0 76.8438564,24.4027211,0 76.8436908,24.4030544,0 76.8432477,24.4037776,0 76.8421879,24.4048017,0 76.8413972,24.4053486,0 76.8406213,24.4058907,0 76.8400574,24.4060917,0 76.8391217,24.4061662,0 76.8389576,24.4061906,0 76.8383592,24.4062793,0 76.8379283,24.4064832,0 76.8377008,24.4067704,0 76.8375073,24.4073641,0 76.837482,24.4079924,0 76.8374565,24.4086287,0 76.8373785,24.4097086,0 76.8374808,24.4106464,0 76.8375934,24.4112725,0 76.8378741,24.4119327,0 76.8384072,24.412653,0 76.8390555,24.4131688,0 76.8402371,24.4137368,0 76.8409104,24.4139227,0 76.8415819,24.4139913,0 76.842395,24.4140431,0 76.8427711,24.4140671,0 76.843509,24.4142974,0 76.8444437,24.4148367,0 76.8448317,24.4151334,0 76.8452165,24.4154277,0 76.8454917,24.4156872,0 76.8456086,24.4157974,0 76.8457364,24.415918,0 76.846058,24.4163339,0 76.8463454,24.4171114,0 76.8464252,24.4174066,0 76.846731,24.4185377,0 76.8472209,24.4196784,0 76.8478275,24.4207093,0 76.8485705,24.4216211,0 76.8493376,24.4224965,0 76.8498383,24.4230186,0 76.85022,24.423497,0 76.8504461,24.4241262,0 76.8505182,24.4243873,0 76.8505554,24.4245221,0 76.8505469,24.4246549,0 76.8505233,24.4250236,0 76.8503828,24.4255354,0 76.8501263,24.4262022,0 76.8498819,24.4266882,0 76.8491404,24.4275685,0 76.8481733,24.4285329,0 76.8470582,24.429499,0 76.8464124,24.4301796,0 76.8463271,24.4302844,0 76.8459231,24.4307814,0 76.8458138,24.4310626,0 76.8457696,24.4314108,0 76.8457412,24.4325126,0 76.8457212,24.433506,0 76.8455963,24.4344104,0 76.8452954,24.4354208,0 76.8447629,24.436443,0 76.8431867,24.4359887,0 76.8418928,24.4356972,0 76.839141,24.4355331,0 76.8372093,24.4354785,0 76.8353322,24.4354785,0 76.8341112,24.4355149,0 76.8327444,24.4357518,0 76.8318878,24.4363897,0 76.8305575,24.4364808,0 76.8281884,24.4357701,0 76.8270767,24.4353509,0 76.8264935,24.4353327,0 76.8260197,24.4357336,0 76.8249445,24.4363714,0 76.8238146,24.4364079,0 76.823359,24.4359158,0 76.8217188,24.4352051,0 76.8190399,24.4347495,0 76.8163792,24.4340023,0 76.8156685,24.4334738,0 76.8150853,24.4328724,0 76.8150853,24.4320341,0 76.8151947,24.4312323,0 76.8157231,24.4304304,0 76.8164521,24.4299566,0 76.8172175,24.4295192,0 76.8178554,24.4281889,0 76.8176731,24.4271683,0 76.8165797,24.4266034,0 76.8157596,24.4269861,0 76.8152858,24.4274781,0 76.8126797,24.4311594,0 76.8114952,24.4324533,0 76.8104382,24.4331276,0 76.8090714,24.4333098,0 76.8065747,24.432672,0 76.8045701,24.431615,0 76.8021463,24.4324168,0 76.7975174,24.4342757,0 76.7962417,24.4371733,0 76.7915217,24.4395606,0 76.7897175,24.439105,0 76.7852526,24.4382303,0 76.7786008,24.4363168,0 76.7781088,24.4385401,0 76.7764869,24.4408181,0 76.7750836,24.4429139,0 76.7713841,24.4441531,0 76.767065,24.4457204,0 76.7635843,24.4470507,0 76.7603951,24.4475974,0 76.7604497,24.444554,0 76.759575,24.4444811,0 76.7575886,24.4447545,0 76.7553835,24.4455746,0 76.7547274,24.4450643,0 76.7513377,24.4399069,0 76.7506999,24.4392691,0 76.7488046,24.4385583,0 76.7447224,24.4341846,0 76.7436836,24.4327084,0 76.7420982,24.4311594,0 76.740786,24.430394,0 76.7391823,24.4280248,0 76.7377973,24.4247992,0 76.7367767,24.423159,0 76.7358306,24.4235244,0 76.7339156,24.423888,0 76.7330773,24.4235,0 76.7306838,24.4226401,0 76.7283937,24.419496,0 76.7281932,24.417783,0 76.7274461,24.4163433,0 76.7262979,24.4147031,0 76.7256965,24.4131358,0 76.7240017,24.4146667,0 76.7223069,24.4167624,0 76.7195733,24.4125891,0 76.7146164,24.4138648,0 76.7139603,24.4113681,0 76.7134318,24.4069032,0 76.7118176,24.4032509,0 76.7026016,24.4107432,0 76.6993588,24.4146881,0 76.6979148,24.4175024,0 76.6972307,24.4218392,0 76.6976614,24.4247226,0 76.6972054,24.4263142,0 76.6929492,24.4285747,0 76.6854503,24.4335339,0 76.6802568,24.4376625,0 76.6785087,24.4383545,0 76.6759246,24.4386312,0 76.6745312,24.4384467,0 76.6723271,24.4374549,0 76.6695404,24.4349639,0 76.6628775,24.429359,0 76.6610534,24.4246765,0 76.6598627,24.4226466,0 76.6589253,24.4219776,0 76.6515277,24.4171334,0 76.6416473,24.4134193,0 76.6360738,24.4123812,0 76.6321723,24.4120466,0 76.6290689,24.4119774,0 76.6270041,24.4124619,0 76.6223173,24.4149649,0 76.6113729,24.4218623,0 76.606078,24.4256683,0 76.6034179,24.4313196,0 76.5977684,24.4411683,0 76.5954123,24.447234,0 76.5927775,24.4539912,0 76.5908775,24.4559976,0 76.5842652,24.4593414,0 76.5775516,24.4612324,0 76.5740808,24.4630772,0 76.5732955,24.4653601,0 76.5737515,24.4683117,0 76.5765889,24.4748834,0 76.578033,24.4804171,0 76.5792997,24.4852359,0 76.5800091,24.4879795,0 76.5799077,24.4898008,0 76.579021,24.4908844,0 76.5758542,24.4920141,0 76.5735741,24.4928671,0 76.5713701,24.4933974,0 76.5698753,24.4936279,0 76.5684313,24.4936971,0 76.5658725,24.4931438,0 76.5635164,24.4923369,0 76.5620471,24.491968,0 76.5600203,24.4919911,0 76.5585256,24.4924291,0 76.5548521,24.4939507,0 76.5496839,24.4960717,0 76.543325,24.4994144,0 76.5381822,24.5046244,0 76.5360034,24.5096036,0 76.5351167,24.5136606,0 76.5361554,24.518893,0 76.5371181,24.5262917,0 76.5377515,24.5365479,0 76.5363074,24.54519,0 76.5358767,24.5533707,0 76.5359021,24.5591083,0 76.5356994,24.5619656,0 76.533698,24.5668503,0 76.5312406,24.5712511,0 76.5275924,24.5727717,0 76.5229056,24.5737394,0 76.5196375,24.576458,0 76.5181681,24.5805589,0 76.5179148,24.5863415,0 76.5186748,24.5934828,0 76.5209042,24.6004395,0 76.5216389,24.6090082,0 76.5212082,24.6120946,0 76.5194601,24.6146281,0 76.5185228,24.6164707,0 76.5184721,24.6191193,0 76.5191308,24.6205703,0 76.5204735,24.6224358,0 76.5218162,24.6305193,0 76.5249577,24.6365989,0 76.5273391,24.6412735,0 76.5283778,24.6454413,0 76.5283271,24.6524182,0 76.5287578,24.6563093,0 76.5291103,24.6600622,0 76.5249591,24.6592328,0 76.5209316,24.6581941,0 76.5168676,24.6569002,0 76.5123299,24.6551142,0 76.5074641,24.6528362,0 76.50258,24.651433,0 76.4990446,24.6508316,0 76.4944157,24.6506493,0 76.488584,24.6493919,0 76.4843742,24.6587226,0 76.476137,24.6592146,0 76.472802,24.6651921,0 76.4715992,24.6683448,0 76.4711254,24.6719532,0 76.4713076,24.6741583,0 76.4717086,24.6762176,0 76.4723099,24.6786232,0 76.4713441,24.6824138,0 76.4705604,24.6847829,0 76.4691754,24.6873889,0 76.4681366,24.6910337,0 76.4657129,24.6931113,0 76.4635624,24.6953893,0 76.4630521,24.6997266,0 76.4625237,24.7019317,0 76.4610657,24.7055583,0 76.4595167,24.7070891,0 76.4587877,24.7116086,0 76.4578219,24.7180599,0 76.4577307,24.7219234,0 76.4571476,24.7268075,0 76.4567284,24.7288121,0 76.4532659,24.7324022,0 76.4498762,24.7358466,0 76.4476711,24.7376325,0 76.4471061,24.7400016,0 76.445138,24.7446123,0 76.4449193,24.7478562,0 76.4448054,24.7498352,0 76.4422666,24.762821,0 76.4420639,24.7727587,0 76.4387198,24.7768992,0 76.4404425,24.7825116,0 76.4405945,24.7863757,0 76.4405439,24.7974614,0 76.4398345,24.8067524,0 76.4407972,24.8123174,0 76.4420132,24.8235848,0 76.4423679,24.8311724,0 76.4192124,24.8297929,0 76.4196431,24.8365754,0 76.4190858,24.8381388,0 76.417971,24.840139,0 76.416983,24.8415184,0 76.415919,24.8420012,0 76.4150323,24.8421391,0 76.4106748,24.842461,0 76.4055066,24.842507,0 76.4044932,24.8403919,0 76.4030998,24.8397711,0 76.4017571,24.8389894,0 76.4009464,24.8378859,0 76.3998064,24.8367363,0 76.398717,24.8361616,0 76.3975516,24.8363455,0 76.3935488,24.8380468,0 76.3908127,24.8407597,0 76.3877473,24.8426449,0 76.3862779,24.8448749,0 76.3859739,24.846783,0 76.3834658,24.8496796,0 76.3778162,24.8538405,0 76.3766255,24.8554726,0 76.3761188,24.8568749,0 76.3761948,24.8579783,0 76.3765495,24.8588747,0 76.3765748,24.860162,0 76.3761695,24.8610585,0 76.3736867,24.8626446,0 76.3714573,24.8627135,0 76.3685185,24.8625296,0 76.3666185,24.8637939,0 76.3639077,24.8670808,0 76.3612476,24.8696092,0 76.3598036,24.8705516,0 76.3571688,24.8702758,0 76.354534,24.8697011,0 76.3528366,24.8685978,0 76.3513926,24.8679083,0 76.3496192,24.8672417,0 76.3460977,24.8660005,0 76.3433616,24.865173,0 76.3419176,24.8643915,0 76.3401948,24.8638628,0 76.3386494,24.863564,0 76.3365467,24.863564,0 76.334976,24.8639318,0 76.3331266,24.8644834,0 76.3317332,24.8640237,0 76.3309732,24.8629664,0 76.3308465,24.8615182,0 76.3310998,24.8603689,0 76.3312012,24.8594494,0 76.3312012,24.858346,0 76.3309732,24.8573806,0 76.3303145,24.856714,0 76.3290477,24.8557025,0 76.3291998,24.8521854,0 76.3282624,24.8500245,0 76.3278317,24.8485072,0 76.3263623,24.8474957,0 76.3249436,24.8465301,0 76.3236769,24.8464842,0 76.3213715,24.846898,0 76.3205101,24.8475187,0 76.3189647,24.8485302,0 76.3177233,24.848898,0 76.3162539,24.8486221,0 76.3154179,24.8480474,0 76.3143032,24.8470819,0 76.3133658,24.8458175,0 76.3124791,24.8436105,0 76.3123778,24.8422541,0 76.3121498,24.8404378,0 76.3127071,24.8372651,0 76.3122511,24.8364834,0 76.309667,24.8367133,0 76.308527,24.8371732,0 76.3052335,24.8380698,0 76.3051322,24.8405068,0 76.3039161,24.8408976,0 76.3022441,24.8405068,0 76.3013321,24.8389664,0 76.3013067,24.837564,0 76.3026241,24.8366214,0 76.3041188,24.8360926,0 76.3057909,24.8353569,0 76.3053095,24.8341843,0 76.3027001,24.8341613,0 76.3007494,24.8342073,0 76.2960625,24.834966,0 76.2909703,24.834966,0 76.2872209,24.835058,0 76.2876768,24.8316323,0 76.2888928,24.8250104,0 76.2912743,24.8184801,0 76.2897036,24.8156288,0 76.2878289,24.8149849,0 76.2869675,24.8148929,0 76.2863595,24.8129153,0 76.2845861,24.8095119,0 76.2830153,24.8079942,0 76.2802792,24.8077182,0 76.2784552,24.8075343,0 76.273591,24.8074883,0 76.2715643,24.8074883,0 76.2681188,24.8079482,0 76.265636,24.8084081,0 76.265484,24.8108457,0 76.2660414,24.8135132,0 76.2664974,24.8158127,0 76.2671054,24.8184801,0 76.2674601,24.8200437,0 76.2674094,24.8212394,0 76.2654334,24.8241366,0 76.2673081,24.8290571,0 76.2680175,24.8366904,0 76.2686255,24.8421161,0 76.2614812,24.842438,0 76.2574277,24.8428518,0 76.2551476,24.8421621,0 76.2534756,24.8414264,0 76.2516515,24.8399091,0 76.2505368,24.8378859,0 76.2502835,24.8356328,0 76.2506381,24.8333336,0 76.2510435,24.8317242,0 76.2521582,24.8285053,0 76.2514488,24.8273097,0 76.2503848,24.8272177,0 76.245273,24.8281383,0 76.2426928,24.8285609,0 76.2393119,24.8292671,0 76.2389333,24.828297,0 76.235653,24.8285703,0 76.2354803,24.8290058,0 76.2297849,24.8296455,0 76.2290023,24.8287533,0 76.2212464,24.8289997,0 76.2224158,24.8254702,0 76.2254559,24.8193079,0 76.2266213,24.8158587,0 76.2261146,24.8119035,0 76.2230238,24.8024749,0 76.220085,24.7943336,0 76.2198317,24.7848577,0 76.218717,24.7801194,0 76.2130928,24.7691702,0 76.2080766,24.7629131,0 76.2038204,24.7576219,0 76.201839,24.7543052,0 76.2003531,24.7542528,0 76.1966718,24.753779,0 76.1928448,24.7568406,0 76.1885257,24.7549453,0 76.1848809,24.7532323,0 76.1810903,24.7522846,0 76.1782838,24.7511183,0 76.1756049,24.7508267,0 76.1735456,24.7505533,0 76.1717596,24.7498426,0 76.1693723,24.7482207,0 76.1651443,24.7472001,0 76.1616635,24.7461978,0 76.1571075,24.7452502,0 76.1545926,24.7440474,0 76.1526062,24.7449221,0 76.1498726,24.7469632,0 76.1410157,24.7531776,0 76.1412891,24.7567131,0 76.1398129,24.7598476,0 76.1392844,24.7643307,0 76.1386101,24.7684675,0 76.1400863,24.7760669,0 76.1407241,24.7806776,0 76.1466105,24.7888055,0 76.1497268,24.7916303,0 76.1522235,24.7962591,0 76.1499273,24.7955302,0 76.1464282,24.7962774,0 76.1450432,24.7964596,0 76.1430932,24.7964961,0 76.1394849,24.79779,0 76.1378265,24.7997217,0 76.1366602,24.796897,0 76.1345462,24.7910471,0 76.131685,24.7888602,0 76.1278398,24.7857257,0 76.1227006,24.7823178,0 76.1198941,24.7794019,0 76.1164497,24.7747742,0 76.1150651,24.7732432,0 76.11696,24.77111,0 76.1177619,24.7695974,0 76.1177801,24.7676475,0 76.1166867,24.7658068,0 76.1144451,24.7637475,0 76.1117844,24.7622167,0 76.1057523,24.7601392,0 76.0973328,24.7570411,0 76.0906628,24.7548542,0 76.0802204,24.7488585,0 76.0703977,24.7439745,0 76.0654225,24.7426988,0 76.0665706,24.7415142,0 76.0593904,24.7344251,0 76.0572582,24.7319831,0 76.0576409,24.7303247,0 76.0599918,24.7288668,0 76.0627436,24.7259874,0 76.0656959,24.7228346,0 76.067737,24.7208482,0 76.0685388,24.7184609,0 76.0756097,24.7149254,0 76.0820975,24.7117544,0 76.0830451,24.7122829,0 76.0837194,24.7109708,0 76.0846853,24.709932,0 76.0878381,24.7077816,0 76.0920296,24.7046471,0 76.0937426,24.7030433,0 76.0955286,24.7011298,0 76.0980435,24.6986514,0 76.0989911,24.6972663,0 76.0989183,24.6947332,0 76.0994103,24.6924916,0 76.1007224,24.6914711,0 76.0994832,24.6902136,0 76.0987178,24.6894665,0 76.0975879,24.6888286,0 76.096458,24.6885735,0 76.0947632,24.6883184,0 76.0931048,24.6880268,0 76.0910819,24.6873525,0 76.0878198,24.6852932,0 76.0865988,24.6842726,0 76.0836283,24.6819399,0 76.0796373,24.6790788,0 76.0773228,24.67804,0 76.0739514,24.6767097,0 76.0694136,24.6746321,0 76.0655683,24.6729191,0 76.0633814,24.67137,0 76.0621422,24.6694018,0 76.061559,24.6668869,0 76.0617231,24.6629688,0 76.0623973,24.659087,0 76.0627983,24.6527998,0 76.0627618,24.6479339,0 76.0622698,24.6440522,0 76.0614315,24.6418836,0 76.0568026,24.6381841,0 76.0560189,24.6370178,0 76.0553811,24.6353229,0 76.05529,24.6328991,0 76.055454,24.631259,0 76.0566021,24.6271768,0 76.0567115,24.6256278,0 76.0555816,24.6218372,0 76.0554358,24.6199237,0 76.0555633,24.6187938,0 76.0562559,24.6169167,0 76.0576955,24.6155681,0 76.0604656,24.6131261,0 76.0616866,24.6109574,0 76.0629987,24.6069482,0 76.0642562,24.6023375,0 76.067172,24.5978908,0 76.0704159,24.5918222,0 76.0714911,24.5892162,0 76.0739149,24.5815894,0 76.0748535,24.5793661,0 76.0752726,24.5777624,0 76.0750084,24.5754206,0 76.0745345,24.5732884,0 76.0737418,24.5718487,0 76.072047,24.5703543,0 76.0710629,24.5698896,0 76.0704068,24.5697256,0 76.0695138,24.5696801,0 76.0679101,24.5701721,0 76.0668258,24.5702085,0 76.0640557,24.5689511,0 76.0612401,24.5672927,0 76.0590806,24.5657801,0 76.0576512,24.5640785,0 76.0565198,24.5623372,0 76.0522466,24.5648325,0 76.0529209,24.5659077,0 76.0536863,24.5666184,0 76.0542877,24.5676936,0 76.0521737,24.5689693,0 76.0478728,24.5705184,0 76.045613,24.5706824,0 76.044228,24.5665455,0 76.042843,24.5622993,0 76.0413122,24.5629372,0 76.0407472,24.5620442,0 76.0373758,24.5625363,0 76.0373211,24.5616068,0 76.0342777,24.5622264,0 76.0323277,24.5581807,0 76.0303231,24.5538981,0 76.0284825,24.5545906,0 76.0271703,24.5507635,0 76.0261316,24.5507635,0 76.021284,24.5526953,0 76.0171289,24.5552102,0 76.0135206,24.5566317,0 76.0110603,24.5574518,0 76.0088917,24.5571237,0 76.0056113,24.5554289,0 76.0039712,24.5551191,0 76.0041899,24.5568504,0 76.0013469,24.5564859,0 75.9987044,24.5571055,0 75.9986133,24.5588368,0 75.9970643,24.5589826,0 75.9963171,24.5589643,0 75.9934012,24.5599302,0 75.9914513,24.5598391,0 75.9885354,24.5589643,0 75.987934,24.555684,0 75.9860752,24.5559574,0 75.9860023,24.5570144,0 75.983943,24.5571784,0 75.9839065,24.557798,0 75.9804622,24.5585634,0 75.9757057,24.5601671,0 75.9710222,24.5610054,0 75.9688171,24.5613335,0 75.9685073,24.5616979,0 75.9636232,24.5620806,0 75.9628578,24.5635386,0 75.9572084,24.5623358,0 75.9571537,24.5558845,0 75.9573359,24.5542626,0 75.9574635,24.5532602,0 75.9582836,24.5515654,0 75.9586116,24.5501439,0 75.9580102,24.5497794,0 75.9532173,24.549415,0 75.9527435,24.5476655,0 75.9524884,24.544294,0 75.9517229,24.5434193,0 75.9497547,24.5435651,0 75.9496454,24.5442758,0 75.9489529,24.544294,0 75.947659,24.5444763,0 75.9472581,24.5449865,0 75.9476043,24.5461893,0 75.942939,24.5474832,0 75.9429936,24.5487589,0 75.9389115,24.5501075,0 75.9325331,24.5510187,0 75.9281229,24.5502168,0 75.9279042,24.5495608,0 75.9257173,24.5491234,0 75.9225828,24.5487225,0 75.920651,24.5488865,0 75.920159,24.5476837,0 75.920487,24.5473921,0 75.9174354,24.5411776,0 75.9178324,24.5406895,0 75.9187212,24.5395906,0 75.9190946,24.539135,0 75.919344,24.5388092,0 75.9206181,24.5358653,0 75.9221259,24.5355962,0 75.9233493,24.5351722,0 75.9232721,24.5337682,0 75.9229399,24.5316359,0 75.9222793,24.5277201,0 75.9220676,24.5267131,0 75.9220413,24.5258706,0 75.9209313,24.5226293,0 75.920577,24.5216835,0 75.9190172,24.5208651,0 75.916838,24.5190902,0 75.9166565,24.518916,0 75.9149766,24.5174863,0 75.9131929,24.5157782,0 75.9119605,24.5144813,0 75.9113692,24.5139015,0 75.9110587,24.5136729,0 75.9099576,24.5134397,0 75.9077866,24.512969,0 75.9067308,24.5132336,0 75.9058575,24.5135585,0 75.9053714,24.5138143,0 75.9039055,24.5155204,0 75.9031868,24.5165786,0 75.9024146,24.5174781,0 75.9015317,24.5184764,0 75.9010911,24.5188255,0 75.8997396,24.5187652,0 75.8972251,24.518916,0 75.8945151,24.518814,0 75.8905348,24.5188883,0 75.8909987,24.5148054,0 75.889682,24.5150763,0 75.8894548,24.5128816,0 75.8899036,24.5101059,0 75.88911,24.5096507,0 75.8878643,24.508102,0 75.8879594,24.507273,0 75.8881505,24.5070691,0 75.8886621,24.5068604,0 75.8900515,24.5070921,0 75.8901337,24.5067351,0 75.8917587,24.5063861,0 75.8934128,24.5059207,0 75.8945903,24.5055465,0 75.8966424,24.5051315,0 75.8982874,24.5045551,0 75.8992395,24.504499,0 75.9027743,24.504606,0 75.9030773,24.5034487,0 75.9031385,24.5018666,0 75.903289,24.500464,0 75.9037633,24.4996686,0 75.9039754,24.4969466,0 75.9050608,24.4963369,0 75.905918,24.4944116,0 75.9068513,24.494482,0 75.9079325,24.4923434,0 75.9096618,24.4921515,0 75.9108566,24.4920117,0 75.9116378,24.4919101,0 75.9117818,24.490767,0 75.91099,24.4863995,0 75.9100116,24.4828347,0 75.9095138,24.4820451,0 75.9086418,24.4817387,0 75.9080833,24.4794989,0 75.9063407,24.4756659,0 75.9060921,24.4752303,0 75.9062866,24.4745037,0 75.9061436,24.4735481,0 75.9054054,24.4725067,0 75.9057627,24.471171,0 75.9062981,24.4691136,0 75.9068014,24.4674124,0 75.9073494,24.4658257,0 75.9081539,24.4640081,0 75.9088054,24.4622495,0 75.9088265,24.4604898,0 75.9090622,24.4549885,0 75.9086998,24.4547415,0 75.9067847,24.4545424,0 75.9043997,24.4543362,0 75.9037663,24.4543206,0 75.9034248,24.4539212,0 75.9026189,24.4537572,0 75.9025869,24.4521804,0 75.9026048,24.4514244,0 75.9031104,24.4499392,0 75.9029737,24.4493651,0 75.9023723,24.4480758,0 75.9020668,24.4461562,0 75.9013791,24.4461258,0 75.9003011,24.4424134,0 75.9001399,24.4421849,0 75.8971557,24.4414286,0 75.8952364,24.441088,0 75.8915376,24.4397941,0 75.8903582,24.4393647,0 75.8903354,24.4385264,0 75.8895182,24.438605,0 75.8894697,24.4376927,0 75.8862031,24.4369227,0 75.8855309,24.4361961,0 75.8847452,24.4353782,0 75.8817717,24.4331053,0 75.878016,24.4310181,0 75.8773071,24.4310496,0 75.8767631,24.4300249,0 75.8757845,24.4303728,0 75.8750644,24.4263827,0 75.8708363,24.4249038,0 75.8708721,24.4246443,0 75.8705965,24.4245215,0 75.8673757,24.4231356,0 75.8658788,24.4232183,0 75.8641854,24.422334,0 75.8612169,24.4215721,0 75.8598785,24.4208856,0 75.8595277,24.4199607,0 75.858416,24.4191589,0 75.8555413,24.4179796,0 75.8511882,24.4167697,0 75.8491304,24.4164655,0 75.8464957,24.4157684,0 75.8444589,24.4154924,0 75.8420221,24.4162672,0 75.8387971,24.4141814,0 75.8356108,24.4148498,0 75.8350819,24.4161056,0 75.834985,24.4163308,0 75.8345634,24.4164374,0 75.8340302,24.4173277,0 75.8336032,24.417663,0 75.8332396,24.4178148,0 75.8326974,24.4177374,0 75.8309248,24.4190718,0 75.8296578,24.4199637,0 75.8266482,24.422635,0 75.8258108,24.4239023,0 75.8252939,24.4269861,0 75.8241308,24.4275826,0 75.8194987,24.4287447,0 75.8182412,24.4293005,0 75.8168648,24.4294085,0 75.8160908,24.4301388,0 75.8144078,24.4307389,0 75.8119141,24.4323901,0 75.8098452,24.4340513,0 75.8098491,24.4352598,0 75.8112341,24.4385036,0 75.8135282,24.445363,0 75.8140074,24.448056,0 75.8143868,24.4504404,0 75.8142806,24.4537145,0 75.8138749,24.4575962,0 75.8139718,24.4613624,0 75.8130088,24.4623231,0 75.8063513,24.4665633,0 75.8039354,24.4679263,0 75.802226,24.4686451,0 75.8008236,24.4687646,0 75.798591,24.4691432,0 75.7961035,24.4695235,0 75.7926938,24.4699692,0 75.791256,24.4707784,0 75.7894069,24.4715546,0 75.7882513,24.4705568,0 75.7875941,24.4698937,0 75.7869324,24.4681951,0 75.7867729,24.4679172,0 75.7863765,24.4677258,0 75.7854836,24.4679901,0 75.7853353,24.4678766,0 75.7853804,24.4676146,0 75.7855656,24.4669832,0 75.7853924,24.4655982,0 75.7850243,24.4640267,0 75.7844973,24.4619219,0 75.7843807,24.4601702,0 75.7842534,24.4578621,0 75.7845587,24.4562402,0 75.7860209,24.4532817,0 75.7838697,24.4513423,0 75.7823088,24.450163,0 75.781251,24.4496248,0 75.7806633,24.4495201,0 75.7801463,24.449555,0 75.779978,24.4496095,0 75.7782959,24.4498304,0 75.7777353,24.4499853,0 75.7765652,24.4505315,0 75.7763397,24.4504313,0 75.7750762,24.4502876,0 75.7740389,24.449987,0 75.7733946,24.4496855,0 75.7738807,24.4473386,0 75.774334,24.4448671,0 75.7744616,24.4443573,0 75.7742166,24.4434697,0 75.7741143,24.4420049,0 75.7739295,24.4416564,0 75.7733145,24.4415835,0 75.7729666,24.4417984,0 75.771941,24.4420096,0 75.7713007,24.4417885,0 75.771,24.4408363,0 75.7701713,24.4388492,0 75.768803,24.436661,0 75.7669819,24.4348588,0 75.7666172,24.434426,0 75.7662253,24.434098,0 75.7653597,24.4340479,0 75.7646982,24.4337592,0 75.7639975,24.4336469,0 75.7632199,24.4331758,0 75.7624393,24.4322437,0 75.7619518,24.4311776,0 75.7617192,24.4308382,0 75.7606306,24.430845,0 75.7592073,24.431194,0 75.7583252,24.4312687,0 75.7574264,24.4308714,0 75.7562933,24.4302983,0 75.7552795,24.4291893,0 75.7537328,24.4284531,0 75.7523214,24.4278851,0 75.7516507,24.427469,0 75.7506897,24.4264923,0 75.7489465,24.4242292,0 75.7476232,24.4242069,0 75.7475867,24.4228948,0 75.7492827,24.4228998,0 75.7492952,24.4224528,0 75.7510944,24.4221861,0 75.7511404,24.4217603,0 75.7524047,24.421895,0 75.7558847,24.4206534,0 75.7557374,24.4183388,0 75.7547615,24.4182224,0 75.7546563,24.4152635,0 75.7546921,24.4128122,0 75.7549128,24.4108031,0 75.7547998,24.4074958,0 75.7552864,24.4065342,0 75.7540563,24.4065251,0 75.7538877,24.4057915,0 75.7530496,24.4056585,0 75.7530949,24.4049806,0 75.7515079,24.4046952,0 75.7514001,24.4041787,0 75.7504479,24.4044657,0 75.7498693,24.4043929,0 75.749646,24.4036457,0 75.7495639,24.4014805,0 75.7495595,24.4009804,0 75.7490534,24.400775,0 75.745771,24.4000566,0 75.7432865,24.3993381,0 75.7428348,24.3990942,0 75.7427869,24.3977124,0 75.7394752,24.3977847,0 75.7379207,24.3977471,0 75.7357001,24.3984701,0 75.7349111,24.3986284,0 75.733536,24.3984245,0 75.7324198,24.3983698,0 75.7314274,24.3984357,0 75.7302511,24.3969575,0 75.7294464,24.3966054,0 75.7286201,24.3966066,0 75.7281258,24.3964447,0 75.727923,24.3964791,0 75.7280548,24.3952328,0 75.7280233,24.392488,0 75.7277317,24.3905289,0 75.7279952,24.3889756,0 75.7281599,24.3872031,0 75.7285062,24.3869844,0 75.7286548,24.3822556,0 75.7288616,24.3801686,0 75.729249,24.3780962,0 75.7300076,24.3775686,0 75.7316676,24.3774176,0 75.7341544,24.3783665,0 75.7355381,24.3803304,0 75.7358343,24.3810835,0 75.7362241,24.3819272,0 75.736866,24.3823203,0 75.7378916,24.3822917,0 75.7379062,24.3812018,0 75.7383654,24.3807244,0 75.7386023,24.3793121,0 75.7391994,24.3773828,0 75.7388574,24.3746741,0 75.7387422,24.3717999,0 75.7388392,24.3706739,0 75.7387403,24.3672107,0 75.7388301,24.3652796,0 75.739235,24.3639072,0 75.7400693,24.3624731,0 75.7395317,24.3589467,0 75.7385191,24.3556722,0 75.7381241,24.3540614,0 75.7375225,24.3535615,0 75.7377981,24.3529897,0 75.738575,24.3523906,0 75.7407511,24.3512743,0 75.7412721,24.3514567,0 75.7426161,24.3517687,0 75.7432084,24.3516708,0 75.7422471,24.35055,0 75.742115,24.3498347,0 75.7423124,24.3458883,0 75.7428453,24.3421048,0 75.7431537,24.3406043,0 75.7431728,24.3400922,0 75.7408482,24.3367907,0 75.7396882,24.3358155,0 75.7382312,24.3347992,0 75.7387804,24.3339047,0 75.7398493,24.3321227,0 75.7433953,24.3297663,0 75.7453907,24.3283805,0 75.7467633,24.3277418,0 75.7488077,24.3270137,0 75.7505409,24.3243553,0 75.7514821,24.3235648,0 75.7527168,24.3232095,0 75.7537829,24.3217424,0 75.7547214,24.3212914,0 75.7552909,24.3213597,0 75.755783,24.3210909,0 75.7558468,24.3205123,0 75.7559607,24.3200248,0 75.7563069,24.319797,0 75.756922,24.3196057,0 75.7571953,24.3192867,0 75.7573544,24.3192236,0 75.7581111,24.3175099,0 75.7597057,24.3159563,0 75.7609495,24.3144847,0 75.761592,24.3129203,0 75.7624067,24.3094294,0 75.7635945,24.3061263,0 75.7664221,24.2981258,0 75.7664805,24.2980102,0 75.7688667,24.2974662,0 75.7722764,24.2966982,0 75.7752143,24.297058,0 75.7779767,24.2973131,0 75.7792601,24.2974999,0 75.7813127,24.2968726,0 75.7829049,24.2967072,0 75.7838343,24.2963974,0 75.7858605,24.2966378,0 75.7865223,24.2970671,0 75.7869703,24.2980445,0 75.7871556,24.2987255,0 75.7888549,24.2988325,0 75.7911512,24.2991902,0 75.7931893,24.299757,0 75.7945728,24.2999465,0 75.7981401,24.3010748,0 75.8018214,24.3021243,0 75.8020674,24.3012996,0 75.8024592,24.3012222,0 75.8027743,24.299962,0 75.8030424,24.2991036,0 75.8032611,24.2986435,0 75.8035162,24.2984385,0 75.8037349,24.2983884,0 75.8040491,24.2986186,0 75.804653,24.2992526,0 75.8055664,24.2997096,0 75.8060676,24.2998235,0 75.8065323,24.2997643,0 75.8070063,24.2995599,0 75.8074708,24.2990945,0 75.8076485,24.2986207,0 75.8076667,24.2977779,0 75.8083922,24.2972095,0 75.8097711,24.2964743,0 75.8105892,24.2962091,0 75.8108742,24.2959873,0 75.8109471,24.2957231,0 75.8107739,24.2954953,0 75.8104256,24.2953689,0 75.8095645,24.2952786,0 75.8092887,24.2951809,0 75.8089391,24.2947987,0 75.8088923,24.2942333,0 75.8090671,24.2938979,0 75.8095254,24.2934299,0 75.8103451,24.292939,0 75.8109334,24.292789,0 75.811569,24.2933203,0 75.8117899,24.2934998,0 75.8121954,24.293231,0 75.8127998,24.2922974,0 75.81302,24.2920373,0 75.8131641,24.2914296,0 75.8136057,24.2900538,0 75.8136943,24.2891943,0 75.8130656,24.2891943,0 75.8131112,24.2887251,0 75.8121844,24.2885596,0 75.8120222,24.2861612,0 75.8119552,24.2854313,0 75.8123093,24.2853582,0 75.8125872,24.285504,0 75.8129107,24.2856771,0 75.8134167,24.2855466,0 75.8133708,24.2852306,0 75.8132068,24.2848525,0 75.8133982,24.284611,0 75.8137051,24.2844944,0 75.8141271,24.2845427,0 75.8143823,24.2845062,0 75.8145463,24.284283,0 75.8143823,24.2839732,0 75.8143731,24.2835315,0 75.8144962,24.2832123,0 75.8147695,24.2831075,0 75.8153639,24.2830637,0 75.8156853,24.2828888,0 75.8160479,24.2823328,0 75.816396,24.2818592,0 75.8169245,24.2816496,0 75.81733,24.281358,0 75.817542,24.2808739,0 75.8184235,24.280702,0 75.8176331,24.2795762,0 75.816809,24.2783757,0 75.8132225,24.2784499,0 75.8127737,24.2768843,0 75.8122518,24.2752707,0 75.8117125,24.2752758,0 75.8117296,24.2730854,0 75.8120587,24.2728839,0 75.8127148,24.2728292,0 75.8125943,24.2713823,0 75.8141727,24.2712847,0 75.8141946,24.2691707,0 75.8142046,24.2677128,0 75.8140273,24.2669614,0 75.8131593,24.2633336,0 75.8129633,24.262296,0 75.812127,24.2592158,0 75.8116201,24.2578255,0 75.8123108,24.2580166,0 75.8134017,24.2584329,0 75.814259,24.2583181,0 75.8147228,24.2574981,0 75.8158399,24.2576239,0 75.8165402,24.2577662,0 75.8169929,24.257357,0 75.817248,24.256783,0 75.8178853,24.2566942,0 75.8190429,24.2570987,0 75.8192526,24.2568923,0 75.8188283,24.2560521,0 75.8189284,24.2552273,0 75.8173427,24.2538097,0 75.8161977,24.2526609,0 75.814826,24.2515793,0 75.8132357,24.2506152,0 75.8129654,24.2503134,0 75.8133936,24.2493567,0 75.8139316,24.2484784,0 75.813667,24.2476801,0 75.8140223,24.2464135,0 75.814642,24.246131,0 75.814241,24.2457119,0 75.813421,24.2455661,0 75.8137399,24.2452472,0 75.8143959,24.2452016,0 75.8146329,24.2450011,0 75.8144906,24.2443456,0 75.8162982,24.242382,0 75.8179405,24.2421946,0 75.8179438,24.2387438,0 75.8212334,24.237726,0 75.8240024,24.2373551,0 75.825648,24.2369452,0 75.8284498,24.235414,0 75.8302507,24.233799,0 75.8283475,24.2318971,0 75.8268386,24.2314982,0 75.8254574,24.2313128,0 75.8244148,24.2307499,0 75.824009,24.2303725,0 75.8233439,24.2300028,0 75.8215262,24.2297256,0 75.8213158,24.229384,0 75.8179,24.2294927,0 75.8167251,24.2265511,0 75.8157541,24.2257923,0 75.8146465,24.2261398,0 75.8131069,24.2273952,0 75.8112405,24.2289863,0 75.810168,24.2295563,0 75.8094402,24.2296995,0 75.8099521,24.2256174,0 75.8092294,24.2244162,0 75.8086017,24.2230685,0 75.8082967,24.2216856,0 75.8079471,24.219976,0 75.8072793,24.2176135,0 75.8027093,24.2168077,0 75.7993023,24.215806,0 75.7980718,24.2154917,0 75.7958373,24.2148467,0 75.7949463,24.214712,0 75.7941626,24.2112442,0 75.7929098,24.2109222,0 75.7927922,24.210346,0 75.7916797,24.2101295,0 75.7897012,24.210057,0 75.788044,24.2100019,0 75.787978,24.2103049,0 75.785819,24.2103571,0 75.7824455,24.2104768,0 75.7818456,24.2104871,0 75.7809686,24.2102639,0 75.7804862,24.2103149,0 75.7790505,24.2104598,0 75.7774518,24.2099847,0 75.7772668,24.2097513,0 75.7772121,24.2092274,0 75.7770458,24.2089791,0 75.7767907,24.2088265,0 75.7760204,24.2082024,0 75.7756221,24.2077376,0 75.7754672,24.2072865,0 75.7754011,24.206061,0 75.775187,24.2047762,0 75.7743527,24.2037199,0 75.7729181,24.2021018,0 75.7723213,24.2011405,0 75.7722713,24.2003144,0 75.7727951,24.1990903,0 75.7726356,24.1976096,0 75.772794,24.1965025,0 75.7725955,24.1943036,0 75.7724215,24.1928714,0 75.7721882,24.1922341,0 75.771474,24.1904292,0 75.7709879,24.1889676,0 75.7712323,24.1885911,0 75.7729458,24.1860813,0 75.7731358,24.1834318,0 75.7734665,24.1826275,0 75.7739322,24.1812825,0 75.7681297,24.1785564,0 75.7659055,24.1764296,0 75.7645137,24.1751583,0 75.7637681,24.1745286,0 75.7638087,24.1721002,0 75.7638643,24.1705099,0 75.7638653,24.1700458,0 75.7604061,24.1661156,0 75.7609394,24.1641281,0 75.7615188,24.1621116,0 75.7587379,24.1587905,0 75.7591225,24.1570521,0 75.7591885,24.1554827,0 75.7589035,24.1552049,0 75.7557583,24.1519935,0 75.7516325,24.1477487,0 75.7512364,24.1454308,0 75.7509592,24.1433323,0 75.7525477,24.1422619,0 75.7538957,24.1414394,0 75.7558149,24.1403224,0 75.7566635,24.1389463,0 75.7571265,24.1373283,0 75.7577705,24.1348686,0 75.7585025,24.1340811,0 75.7612981,24.1323048,0 75.7623026,24.1306637,0 75.7631916,24.1270998,0 75.7635206,24.1250308,0 75.7637134,24.1229011,0 75.764106,24.1211893,0 75.7671232,24.1184127,0 75.7682704,24.1173868,0 75.7700224,24.1157878,0 75.7705374,24.1168801,0 75.7726721,24.1175768,0 75.7735514,24.1189958,0 75.7753532,24.1190919,0 75.7775108,24.1191776,0 75.7786313,24.1192623,0 75.7798556,24.1183596,0 75.7813629,24.1172715,0 75.782185,24.1164148,0 75.7826497,24.1159455,0 75.7831697,24.1147945,0 75.7834835,24.1140183,0 75.7840562,24.1122746,0 75.7832539,24.1108911,0 75.7826036,24.1097491,0 75.7832674,24.1078268,0 75.7838366,24.1072618,0 75.7850164,24.1066938,0 75.7857865,24.1063187,0 75.7867889,24.1051569,0 75.7876164,24.104788,0 75.7887229,24.1047947,0 75.7908762,24.1054022,0 75.789146,24.104197,0 75.7892309,24.1039109,0 75.7890076,24.1028994,0 75.7886952,24.1021406,0 75.7883948,24.1006283,0 75.7883538,24.0998218,0 75.788126,24.0994824,0 75.787716,24.099045,0 75.7876327,24.098679,0 75.7877557,24.098523,0 75.7882308,24.0978924,0 75.7894155,24.0963288,0 75.7904671,24.0949888,0 75.7913032,24.0939036,0 75.7918313,24.0931485,0 75.7922634,24.0925831,0 75.7925917,24.0921491,0 75.7927629,24.0919566,0 75.7928566,24.091838,0 75.7932354,24.092074,0 75.7934624,24.0922028,0 75.794771,24.0929081,0 75.7952861,24.0932205,0 75.7956905,24.0934768,0 75.8002818,24.096393,0 75.80569,24.0995869,0 75.8070243,24.097759,0 75.8086593,24.0956652,0 75.8111169,24.0925384,0 75.8165789,24.0854599,0 75.8179689,24.0857121,0 75.8197174,24.0865069,0 75.821886,24.0880013,0 75.8286005,24.0900043,0 75.8356726,24.0921193,0 75.8359954,24.0907976,0 75.8365339,24.0884631,0 75.8363832,24.0864887,0 75.8356433,24.0842728,0 75.8353485,24.0810261,0 75.8350307,24.0735278,0 75.8356321,24.0671933,0 75.8361126,24.062679,0 75.8367593,24.0570583,0 75.8309837,24.0558216,0 75.8236272,24.0541838,0 75.8217289,24.0536093,0 75.8174262,24.0522447,0 75.8152557,24.0516243,0 75.8141773,24.051043,0 75.812787,24.0499792,0 75.8115712,24.0491842,0 75.8106236,24.0487286,0 75.8090745,24.0486101,0 75.807879,24.0483864,0 75.8072248,24.0481272,0 75.8062134,24.0479905,0 75.8057168,24.047683,0 75.8053477,24.0475987,0 75.8044394,24.0476659,0 75.8036301,24.0470816,0 75.8032884,24.0468743,0 75.8027645,24.0467695,0 75.8023567,24.0467558,0 75.8011904,24.0467672,0 75.8001994,24.0468939,0 75.7994477,24.0467239,0 75.7946156,24.044796,0 75.7910581,24.0440475,0 75.7883988,24.0434975,0 75.7849423,24.0433282,0 75.7836142,24.0432873,0 75.7829322,24.0434163,0 75.7827461,24.0441765,0 75.7815169,24.0432585,0 75.7810825,24.0427875,0 75.7807727,24.0419811,0 75.780499,24.0404242,0 75.7815554,24.0385526,0 75.7819314,24.0363395,0 75.7818817,24.0341382,0 75.7817994,24.0310464,0 75.7824362,24.0266286,0 75.7825558,24.0250086,0 75.7823348,24.0230054,0 75.783078,24.0221306,0 75.7806957,24.0198851,0 75.7784513,24.0179029,0 75.7780772,24.0177467,0 75.7769657,24.0178193,0 75.7768818,24.0170097,0 75.7752434,24.0169378,0 75.7748225,24.0161896,0 75.7747433,24.0151127,0 75.77535,24.01411,0 75.776736,24.0144492,0 75.7762895,24.0130642,0 75.7756629,24.0129575,0 75.7744125,24.0098385,0 75.773377,24.0078384,0 75.7666878,24.0094132,0 75.7631184,24.0102347,0 75.7626579,24.0098197,0 75.7624849,24.0083885,0 75.7626697,24.0077995,0 75.7628584,24.0075332,0 75.7635773,24.0073407,0 75.7637423,24.0066129,0 75.7638243,24.0057564,0 75.7641971,24.0052166,0 75.7650909,24.0050274,0 75.765829,24.0040706,0 75.7667675,24.0033235,0 75.7673198,24.0029635,0 75.7684588,24.0008185,0 75.7682892,23.9992048,0 75.7685717,23.9979656,0 75.7679413,23.9968538,0 75.7667512,23.9946706,0 75.7653936,23.9926195,0 75.7645897,23.9922433,0 75.7609853,23.991756,0 75.7563696,23.9912126,0 75.7536765,23.9909931,0 75.7512204,23.9911335,0 75.7485134,23.9919306,0 75.7472961,23.9921173,0 75.7439283,23.9924073,0 75.7422859,23.9927519,0 75.7421059,23.9915234,0 75.7419617,23.9886409,0 75.7433952,23.9884481,0 75.7436458,23.9862794,0 75.7434681,23.9848443,0 75.7432449,23.9845163,0 75.741475,23.9829805,0 75.7413776,23.9825683,0 75.741965,23.9818582,0 75.7419874,23.9808122,0 75.741555,23.9787036,0 75.74114,23.9769169,0 75.7400958,23.9765367,0 75.7375149,23.9758239,0 75.7361665,23.9753182,0 75.7322943,23.9764281,0 75.7310683,23.9767514,0 75.7306749,23.9767483,0 75.7302101,23.9763747,0 75.7293667,23.9745119,0 75.7289117,23.9731718,0 75.7289481,23.9724839,0 75.7295135,23.9702909,0 75.7289937,23.9699917,0 75.7260429,23.969504,0 75.7228666,23.9690614,0 75.7201476,23.9686956,0 75.7182871,23.9683242,0 75.717983,23.9681827,0 75.7176174,23.9680235,0 75.7175262,23.966839,0 75.712471,23.9668374,0 75.7114622,23.9671852,0 75.7096352,23.9668527,0 75.7067784,23.9663523,0 75.7039758,23.9663872,0 75.7030245,23.9663788,0 75.7017504,23.9665786,0 75.7018525,23.9697581,0 75.7012157,23.9719463,0 75.7003336,23.9750412,0 75.6998795,23.9771013,0 75.6998239,23.9774716,0 75.6994191,23.9796483,0 75.6986833,23.9829193,0 75.6986052,23.984047,0 75.6988509,23.9878493,0 75.6986097,23.9879151,0 75.6959262,23.9869947,0 75.6937422,23.9868974,0 75.6909487,23.9870667,0 75.6886682,23.9879236,0 75.6870034,23.9887549,0 75.6869272,23.9895954,0 75.6873701,23.9909995,0 75.6874729,23.9920637,0 75.6868598,23.9934916,0 75.6865435,23.9942772,0 75.6864771,23.9951454,0 75.6872081,23.9975711,0 75.6876429,24.0000149,0 75.6875768,24.0009038,0 75.687771,24.0027084,0 75.6877938,24.0040479,0 75.6877295,24.0053848,0 75.6877203,24.0054616,0 75.6855158,24.005237,0 75.6841444,24.0053964,0 75.6829097,24.0054238,0 75.6830965,24.006376,0 75.6797553,24.0069459,0 75.6781801,24.0073122,0 75.6768143,24.0111776,0 75.6757108,24.0141232,0 75.6745427,24.0170463,0 75.6743424,24.0176528,0 75.673579,24.0174197,0 75.6719844,24.0176475,0 75.6713233,24.0171558,0 75.6699342,24.0157158,0 75.667781,24.0145187,0 75.6663077,24.0134651,0 75.663328,24.0122441,0 75.6622164,24.0113056,0 75.659733,24.0108822,0 75.6584939,24.0105256,0 75.6567309,24.0094376,0 75.6557407,24.0082244,0 75.6555282,24.0073236,0 75.6549723,24.0067222,0 75.6544985,24.0063486,0 75.6536055,24.0063578,0 75.651938,24.0060844,0 75.6510514,24.0063005,0 75.6504872,24.005877,0 75.6503525,24.005237,0 75.6509266,24.0047267,0 75.6519562,24.0045445,0 75.6526305,24.0041891,0 75.6524847,24.003615,0 75.6518742,24.0029134,0 75.6511088,24.0026947,0 75.6497282,24.0025706,0 75.6478575,24.0035429,0 75.6465437,24.0029225,0 75.6453252,24.0017977,0 75.6438475,24.0015055,0 75.6425341,24.0011831,0 75.6414125,24.0010471,0 75.6410706,24.000859,0 75.6406184,24.0004042,0 75.640231,24.0000508,0 75.6406337,23.9996519,0 75.6407604,23.9992021,0 75.6405261,23.9988883,0 75.6403739,23.9980394,0 75.6388298,23.9976539,0 75.6368983,23.997999,0 75.6350056,23.9978462,0 75.6342497,23.9970735,0 75.6329271,23.9958066,0 75.631764,23.9952593,0 75.6306779,23.9950965,0 75.6290557,23.9955592,0 75.6269658,23.9961756,0 75.6258573,23.9963111,0 75.6243386,23.9959696,0 75.6218297,23.9952146,0 75.620602,23.9949235,0 75.6193721,23.9949449,0 75.6179377,23.9953147,0 75.6165829,23.9960879,0 75.6159076,23.9965566,0 75.6148039,23.9962158,0 75.613278,23.9956214,0 75.6120627,23.99567,0 75.6111824,23.9955194,0 75.6105302,23.9950687,0 75.6099903,23.9943408,0 75.6091071,23.9934035,0 75.6076631,23.9926828,0 75.6065199,23.9925839,0 75.6059706,23.9930682,0 75.6056278,23.9936798,0 75.6053302,23.9944579,0 75.6048655,23.9953131,0 75.6039222,23.9954923,0 75.6027652,23.9948646,0 75.6020545,23.9945034,0 75.6012444,23.9946738,0 75.6006254,23.9946874,0 75.5993914,23.9945232,0 75.5983966,23.9942862,0 75.5976027,23.993808,0 75.5973831,23.993422,0 75.5973825,23.9921833,0 75.5973512,23.9912371,0 75.5965772,23.9905455,0 75.5956623,23.9899561,0 75.595009,23.9903656,0 75.5947526,23.9906819,0 75.5950125,23.9913822,0 75.5958851,23.9938209,0 75.5956688,23.9943305,0 75.5954567,23.9945541,0 75.5940979,23.9942276,0 75.5926092,23.9933194,0 75.5910191,23.9929833,0 75.5893638,23.9913597,0 75.588056,23.9906436,0 75.5850024,23.990551,0 75.5832932,23.9907985,0 75.5816929,23.9912205,0 75.580906,23.9919177,0 75.5808021,23.9928108,0 75.5812278,23.9945265,0 75.5811931,23.9959089,0 75.5810518,23.9966305,0 75.5802584,23.9979421,0 75.5796412,23.9983983,0 75.5792002,23.9983018,0 75.5788658,23.9978648,0 75.5785794,23.9969711,0 75.5781519,23.9952401,0 75.577698,23.9944939,0 75.5773915,23.9940681,0 75.5767959,23.9939107,0 75.5760259,23.9939973,0 75.5754425,23.994433,0 75.5753061,23.9950042,0 75.5754473,23.9956594,0 75.575666,23.9962024,0 75.5761328,23.9964943,0 75.5764086,23.9968722,0 75.5762305,23.9974306,0 75.5754519,23.9978061,0 75.57465,23.9980112,0 75.5733875,23.9983948,0 75.5723643,23.9987891,0 75.5710462,24.0000978,0 75.5705176,24.0022721,0 75.5693158,24.0044252,0 75.5680103,24.0063076,0 75.5670521,24.0072197,0 75.565825,24.0077564,0 75.5648402,24.0077519,0 75.562949,24.0076905,0 75.5592662,24.0074404,0 75.5571067,24.0075567,0 75.5547259,24.0074052,0 75.5505136,24.0074226,0 75.5474177,24.0073694,0 75.5424518,24.0084515,0 75.5392861,24.0096812,0 75.5358251,24.0126685,0 75.5288328,24.0182456,0 75.523256,24.0242317,0 75.5216071,24.0258276,0 75.5195922,24.0224123,0 75.5134061,24.0147892,0 75.5064439,24.0080265,0 75.5014531,24.0032822,0 75.4989681,24.0016392,0 75.4960315,23.9985145,0 75.4897993,23.9922654,0 75.4883867,23.9906669,0 75.4861512,23.9881223,0 75.4819203,23.9854836,0 75.4778162,23.9835162,0 75.4752321,23.9822662,0 75.472648,23.9786783,0 75.4696332,23.9741644,0 75.4684814,23.9717913,0 75.4677585,23.968354,0 75.4678619,23.965782,0 75.4679358,23.9631684,0 75.4667958,23.9580057,0 75.4667399,23.9576995,0 75.4660611,23.9539772,0 75.4654784,23.9487447,0 75.4646677,23.944114,0 75.463249,23.9402009,0 75.4599049,23.9320038,0 75.4592968,23.927743,0</coordinates></LinearRing></outerBoundaryIs></Polygon>
    </Placemark>
    <Placemark><name>Moderate Fire Zone</name><styleUrl>#zone1</styleUrl>
      <Polygon><extrude>0</extrude><altitudeMode>clampToGround</altitudeMode><outerBoundaryIs><LinearRing><coordinates>75.90188492392173,24.385789997046864,0 75.91118147311519,24.37570635709982,0 75.91205691081744,24.354215168980534,0 75.92118328057748,24.345705699590898,0 75.92205850913925,24.324215165485025,0 75.93118508338658,24.315705042290045,0 75.93308539876969,24.301958413691093,0 75.95033712068933,24.287020850757145,0 75.95308675050667,24.271958411235858,0 75.99498293607263,24.230231142606424,0 76.00927340546299,24.227726132763568,0 76.0249835379383,24.21023114091122,0 76.05783231910858,24.19850058429491,0 76.06498426998563,24.190231062641317,0 76.08783311701963,24.18850101171889,0 76.09745970842359,24.179296257917958,0 76.11639450560357,24.17929625764894,0 76.1165666,24.1801215,0 76.115411,24.1798685,0 76.115538,24.1831028,0 76.1156658,24.1844184,0 76.1157493,24.1853208,0 76.1164406,24.1889896,0 76.1171873,24.1929829,0 76.1175796,24.1946573,0 76.1190013,24.1959915,0 76.1196461,24.1963991,0 76.1212518,24.1972451,0 76.1222723,24.1981199,0 76.1240177,24.201185,0 76.1255344,24.2021929,0 76.1283591,24.2054641,0 76.1312377,24.2080074,0 76.1323138,24.2085622,0 76.1334252,24.2106021,0 76.1339995,24.2130089,0 76.1356457,24.2145636,0 76.13697,24.215624,0 76.137806,24.2179795,0 76.1381728,24.2182483,0 76.1389233,24.2181728,0 76.1402111,24.2185613,0 76.1414391,24.2195161,0 76.1417768,24.220207,0 76.1423088,24.2210156,0 76.1433222,24.2217088,0 76.1444369,24.2223326,0 76.1447094,24.2225235,0 76.1452925,24.2232473,0 76.1456503,24.2237314,0 76.1460112,24.2242766,0 76.1461868,24.2260823,0 76.1463713,24.2271234,0 76.1467361,24.2281513,0 76.1466652,24.2285813,0 76.1473076,24.2295973,0 76.1480001,24.2306406,0 76.1484389,24.2320079,0 76.1484093,24.2342,0 76.1482738,24.2350279,0 76.1475068,24.2368048,0 76.1468656,24.2409372,0 76.1461592,24.2443551,0 76.1438542,24.2497077,0 76.1435488,24.250359,0 76.1436217,24.2526006,0 76.1430333,24.2526227,0 76.1429795,24.2557908,0 76.1413208,24.2557825,0 76.1397501,24.2558749,0 76.1387874,24.2562445,0 76.1394746,24.2585553,0 76.139851,24.2604444,0 76.1402567,24.2618109,0 76.1406778,24.2638613,0 76.1413487,24.2671277,0 76.1396803,24.2685187,0 76.1385725,24.2692265,0 76.1375782,24.2700639,0 76.1366746,24.2707696,0 76.1377602,24.2718642,0 76.1392687,24.2731278,0 76.1406768,24.2746629,0 76.1410168,24.275622,0 76.1419035,24.279802,0 76.1422328,24.2817649,0 76.1427902,24.2826193,0 76.1442849,24.2834045,0 76.146641,24.2840511,0 76.1500864,24.284282,0 76.1524172,24.2843051,0 76.1553053,24.2841665,0 76.1589653,24.2827898,0 76.159839,24.2828261,0 76.1605748,24.2833583,0 76.1615629,24.284028,0 76.1622625,24.2844366,0 76.1629485,24.2851004,0 76.1634859,24.2865017,0 76.1636317,24.2888982,0 76.1645353,24.290328,0 76.1649287,24.2913725,0 76.1650898,24.2920157,0 76.1650083,24.293588,0 76.1653773,24.2941586,0 76.1672805,24.295272,0 76.1685045,24.2960587,0 76.1688073,24.2966844,0 76.1686311,24.2971901,0 76.1677951,24.2978597,0 76.1668831,24.2988064,0 76.1659758,24.2995517,0 76.1656417,24.3004458,0 76.165074,24.3040515,0 76.1645776,24.3050175,0 76.164451,24.3060103,0 76.1646283,24.3070493,0 76.1653883,24.3073725,0 76.1666297,24.3069338,0 76.1676684,24.3063335,0 76.1691885,24.3057794,0 76.1701259,24.3055254,0 76.172862,24.3058025,0 76.174154,24.3063566,0 76.1748634,24.3072109,0 76.1749647,24.3079035,0 76.1749394,24.3092426,0 76.1738753,24.3107203,0 76.1742047,24.3123364,0 76.1750154,24.3130059,0 76.1764594,24.3134677,0 76.1777008,24.3141834,0 76.1783595,24.314599,0 76.1805129,24.3187777,0 76.1819063,24.32074,0 76.1822356,24.3224022,0 76.1828183,24.3242028,0 76.1829614,24.3251639,0 76.1843433,24.3267085,0 76.1855773,24.3291928,0 76.1887212,24.3247338,0 76.1903933,24.3205784,0 76.192724,24.3147837,0 76.1953335,24.3102816,0 76.1982722,24.3079035,0 76.200755,24.3066106,0 76.202199,24.3052253,0 76.2035671,24.3033781,0 76.2046565,24.3009769,0 76.2045551,24.2996607,0 76.2038458,24.297929,0 76.202351,24.2952505,0 76.1987282,24.2906092,0 76.1964228,24.2871685,0 76.1959668,24.2855521,0 76.195456,24.2816486,0 76.1948789,24.2783434,0 76.1945657,24.2747333,0 76.1948774,24.2736128,0 76.1964228,24.2727121,0 76.1991336,24.2715573,0 76.2002736,24.2708414,0 76.2015404,24.2692016,0 76.201971,24.2684164,0 76.2020217,24.2633584,0 76.2023213,24.2606647,0 76.2024761,24.2588234,0 76.2024777,24.2549048,0 76.2026044,24.2480214,0 76.2038458,24.240283,0 76.2054418,24.2340688,0 76.2063285,24.2297025,0 76.2053152,24.2251743,0 76.2045045,24.2230026,0 76.2038711,24.2195139,0 76.2042511,24.2178965,0 76.2053043,24.2168119,0 76.2065819,24.2155398,0 76.2081779,24.2142922,0 76.2110154,24.2120278,0 76.2125548,24.2099399,0 76.2139662,24.2102944,0 76.2150271,24.2105478,0 76.2158569,24.2108257,0 76.2159313,24.2108456,0 76.2167111,24.2110943,0 76.2171311,24.2111829,0 76.2175152,24.211264,0 76.2178084,24.2120653,0 76.2180303,24.2126235,0 76.2183446,24.2129297,0 76.2183887,24.2129741,0 76.2186416,24.2132282,0 76.2188895,24.2133864,0 76.2193054,24.2136518,0 76.220695,24.2143044,0 76.2214576,24.2147634,0 76.2219568,24.2151112,0 76.221983,24.2151294,0 76.2227599,24.2155431,0 76.2233436,24.2158319,0 76.2240144,24.2161472,0 76.2241844,24.216227,0 76.2247255,24.2165084,0 76.2247831,24.2165383,0 76.2247843,24.2165382,0 76.2248543,24.2165344,0 76.2252653,24.2165118,0 76.2258625,24.2161503,0 76.2263117,24.2157629,0 76.2267086,24.2155565,0 76.2271216,24.215499,0 76.2276524,24.2154089,0 76.2289945,24.2157097,0 76.2297054,24.2159116,0 76.2303182,24.2161505,0 76.230631,24.2162237,0 76.231083,24.2163295,0 76.2313219,24.216477,0 76.2317467,24.2167395,0 76.2324668,24.2168782,0 76.2332101,24.2168586,0 76.2337906,24.2168133,0 76.234297,24.2167888,0 76.2344648,24.2167807,0 76.2349934,24.2168864,0 76.2353046,24.2169486,0 76.235333,24.2169543,0 76.2359834,24.2175179,0 76.2365446,24.2180191,0 76.2372384,24.2184876,0 76.2378581,24.2187115,0 76.237935,24.2187393,0 76.2388125,24.218854,0 76.2399452,24.2188855,0 76.2406715,24.2188372,0 76.2413377,24.2187928,0 76.2419633,24.2187842,0 76.2421303,24.2187819,0 76.2422592,24.218742,0 76.2423336,24.218719,0 76.2426702,24.2186149,0 76.2432355,24.21852,0 76.2436474,24.218345,0 76.2438195,24.2182932,0 76.2440941,24.2182105,0 76.2446975,24.2180348,0 76.2450515,24.2179317,0 76.2454778,24.2177767,0 76.2458266,24.2176499,0 76.2462081,24.2174303,0 76.2465904,24.2172102,0 76.2469349,24.2169261,0 76.2472595,24.2166584,0 76.2479287,24.2161066,0 76.248554,24.2156047,0 76.2489888,24.215258,0 76.2490006,24.2152579,0 76.249998,24.2152497,0 76.2503437,24.215251,0 76.2507997,24.2149313,0 76.2510689,24.2147425,0 76.2514242,24.2145626,0 76.2519966,24.214325,0 76.2521077,24.2142789,0 76.2523376,24.2143647,0 76.2536737,24.2148632,0 76.2539442,24.2149314,0 76.254173,24.2149891,0 76.2542156,24.2149999,0 76.2549869,24.215258,0 76.2551699,24.2153193,0 76.25626,24.2150962,0 76.2564837,24.2150255,0 76.2571977,24.2148644,0 76.2572951,24.21484,0 76.2581256,24.2146323,0 76.258824,24.2141909,0 76.2592581,24.2140086,0 76.2613155,24.213401,0 76.2614711,24.2133477,0 76.2619873,24.2131709,0 76.2639546,24.2124525,0 76.26429789041353,24.21231990476395,0 76.27076300726566,24.21850058258634,0 76.28361035860407,24.220231139865923,0 76.28717841794268,24.223977366930196,0 76.2871501,24.2241445,0 76.2869088,24.2255283,0 76.2869235,24.2260603,0 76.286952,24.2270959,0 76.286889,24.2277645,0 76.2868251,24.2284422,0 76.2873604,24.2298605,0 76.2898972,24.2299606,0 76.2901074,24.2300245,0 76.2926663,24.2308025,0 76.2941603,24.2313232,0 76.29418213734375,24.23133081054783,0 76.31932248646287,24.25772651962589,0 76.34242411154301,24.2596526085116,0 76.3507673310184,24.268500589871067,0 76.36361186480923,24.270231143959837,0 76.3893254554301,24.297726138731722,0 76.40361276833293,24.30023114755374,0 76.42465463827259,24.321009756745617,0 76.42740971993949,24.33570548106333,0 76.43653615620643,24.344215167744107,0 76.43741152392397,24.365706138472728,0 76.44653775725403,24.37421517823336,0 76.44654223251001,24.457657858687735,0 76.43723285590968,24.46656915954505,0 76.43551635928848,24.47991462239227,0 76.42723403458176,24.4865687223268,0 76.42615346053726,24.508832274831516,0 76.40787017501252,24.525391598870964,0 76.40551909033381,24.539914628421563,0 76.38787210271911,24.55539094343032,0 76.38552045811268,24.56991463109659,0 76.33873426604387,24.614337423496966,0 76.33466687476528,24.630863257499133,0 76.31879154598795,24.634562466339286,0 76.28466842982635,24.670863259357972,0 76.26995231608754,24.67378206288302,0 76.25362517374872,24.691641855896933,0 76.23995394016474,24.69378206512954,0 76.22466998627321,24.710863258828553,0 76.20995538775993,24.713782166144963,0 76.20243604879725,24.72221991853429,0 76.09745003513524,24.72257645601652,0 76.08863821169298,24.71378216265804,0 76.08103468096009,24.712273867180794,0 76.0820975,24.7117544,0 76.0830451,24.7122829,0 76.0837194,24.7109708,0 76.0846853,24.709932,0 76.0878381,24.7077816,0 76.0920296,24.7046471,0 76.0937426,24.7030433,0 76.0955286,24.7011298,0 76.0980435,24.6986514,0 76.0989911,24.6972663,0 76.0989183,24.6947332,0 76.0994103,24.6924916,0 76.1007224,24.6914711,0 76.0994832,24.6902136,0 76.0987178,24.6894665,0 76.0975879,24.6888286,0 76.096458,24.6885735,0 76.0947632,24.6883184,0 76.0931048,24.6880268,0 76.0910819,24.6873525,0 76.0878198,24.6852932,0 76.0865988,24.6842726,0 76.0836283,24.6819399,0 76.0796373,24.6790788,0 76.0773228,24.67804,0 76.0739514,24.6767097,0 76.0694136,24.6746321,0 76.0655683,24.6729191,0 76.0633814,24.67137,0 76.0621422,24.6694018,0 76.061559,24.6668869,0 76.0617231,24.6629688,0 76.0623973,24.659087,0 76.0627983,24.6527998,0 76.0627618,24.6479339,0 76.0622698,24.6440522,0 76.0614315,24.6418836,0 76.0568026,24.6381841,0 76.0560189,24.6370178,0 76.0553811,24.6353229,0 76.05529,24.6328991,0 76.055454,24.631259,0 76.0566021,24.6271768,0 76.0567115,24.6256278,0 76.0555816,24.6218372,0 76.0554358,24.6199237,0 76.0555633,24.6187938,0 76.0562559,24.6169167,0 76.0576955,24.6155681,0 76.0604656,24.6131261,0 76.0616866,24.6109574,0 76.0629987,24.6069482,0 76.0642562,24.6023375,0 76.067172,24.5978908,0 76.0704159,24.5918222,0 76.0714911,24.5892162,0 76.0739149,24.5815894,0 76.0748535,24.5793661,0 76.0752726,24.5777624,0 76.0750084,24.5754206,0 76.0745345,24.5732884,0 76.0737418,24.5718487,0 76.072047,24.5703543,0 76.0710629,24.5698896,0 76.0704068,24.5697256,0 76.0695138,24.5696801,0 76.0679101,24.5701721,0 76.0668258,24.5702085,0 76.0640557,24.5689511,0 76.0612401,24.5672927,0 76.0590806,24.5657801,0 76.0576512,24.5640785,0 76.0565198,24.5623372,0 76.0522466,24.5648325,0 76.0529209,24.5659077,0 76.0536863,24.5666184,0 76.0542877,24.5676936,0 76.0521737,24.5689693,0 76.0478728,24.5705184,0 76.045613,24.5706824,0 76.044228,24.5665455,0 76.042843,24.5622993,0 76.0413122,24.5629372,0 76.0407472,24.5620442,0 76.0373758,24.5625363,0 76.0373211,24.5616068,0 76.0342777,24.5622264,0 76.0323277,24.5581807,0 76.0303231,24.5538981,0 76.0284825,24.5545906,0 76.0271703,24.5507635,0 76.0261316,24.5507635,0 76.021284,24.5526953,0 76.0171289,24.5552102,0 76.0135206,24.5566317,0 76.0110603,24.5574518,0 76.0088917,24.5571237,0 76.0056113,24.5554289,0 76.0039712,24.5551191,0 76.0041899,24.5568504,0 76.0013469,24.5564859,0 75.9987044,24.5571055,0 75.9986133,24.5588368,0 75.9970643,24.5589826,0 75.9963171,24.5589643,0 75.9934012,24.5599302,0 75.9914513,24.5598391,0 75.9885354,24.5589643,0 75.987934,24.555684,0 75.9860752,24.5559574,0 75.9860023,24.5570144,0 75.983943,24.5571784,0 75.9839065,24.557798,0 75.9804622,24.5585634,0 75.9757057,24.5601671,0 75.9710222,24.5610054,0 75.9688171,24.5613335,0 75.9685073,24.5616979,0 75.9636232,24.5620806,0 75.9628578,24.5635386,0 75.9572084,24.5623358,0 75.9571537,24.5558845,0 75.9573359,24.5542626,0 75.9574635,24.5532602,0 75.9582836,24.5515654,0 75.9586116,24.5501439,0 75.9580102,24.5497794,0 75.9532173,24.549415,0 75.9527435,24.5476655,0 75.9524884,24.544294,0 75.9517229,24.5434193,0 75.9497547,24.5435651,0 75.9496454,24.5442758,0 75.9489529,24.544294,0 75.947659,24.5444763,0 75.9472581,24.5449865,0 75.9476043,24.5461893,0 75.942939,24.5474832,0 75.9429936,24.5487589,0 75.94159016125573,24.54922255289692,0 75.94135601338839,24.54656740865874,0 75.93243862225194,24.538832278918267,0 75.9307234253588,24.525391597223177,0 75.92243963375695,24.518832275785595,0 75.92135897457013,24.496568502802585,0 75.91204976148283,24.48765786953182,0 75.91136074687253,24.46656915927838,0 75.90829300909654,24.463632601523912,0 75.9088054,24.4622495,0 75.9088265,24.4604898,0 75.9090622,24.4549885,0 75.9086998,24.4547415,0 75.9067847,24.4545424,0 75.9043997,24.4543362,0 75.9037663,24.4543206,0 75.9034248,24.4539212,0 75.9026189,24.4537572,0 75.9025869,24.4521804,0 75.9026048,24.4514244,0 75.9031104,24.4499392,0 75.9029737,24.4493651,0 75.9023723,24.4480758,0 75.9020668,24.4461562,0 75.90202472595448,24.446154340103266,0 75.90188492392173,24.385789997046864,0</coordinates></LinearRing></outerBoundaryIs></Polygon>
    </Placemark>
    <Placemark><name>High Fire Zone</name><styleUrl>#zone2</styleUrl>
      <Polygon><extrude>0</extrude><altitudeMode>clampToGround</altitudeMode><outerBoundaryIs><LinearRing><coordinates>75.97188547081626,24.375789999118883,0 75.98118207143705,24.36570612415506,0 75.98308314396667,24.35195841522541,0 75.99118327585349,24.345705685818597,0 75.9930840470879,24.33195841393859,0 76.01118508078328,24.315705027748248,0 76.01308540059011,24.301958412240914,0 76.0249811368148,24.29023114199929,0 76.03926890037907,24.287726127046795,0 76.05498173972299,24.270231140608487,0 76.06782615511624,24.268500630121242,0 76.07918707055441,24.25914158817263,0 76.13960967323672,24.259233214058167,0 76.139851,24.2604444,0 76.1402567,24.2618109,0 76.1406778,24.2638613,0 76.1413487,24.2671277,0 76.1396803,24.2685187,0 76.1385725,24.2692265,0 76.1375782,24.2700639,0 76.1366746,24.2707696,0 76.1377602,24.2718642,0 76.1392687,24.2731278,0 76.1406768,24.2746629,0 76.1410168,24.275622,0 76.1419035,24.279802,0 76.1422328,24.2817649,0 76.1427902,24.2826193,0 76.1442849,24.2834045,0 76.146641,24.2840511,0 76.1500864,24.284282,0 76.1524172,24.2843051,0 76.1553053,24.2841665,0 76.1589653,24.2827898,0 76.159839,24.2828261,0 76.1605748,24.2833583,0 76.1615629,24.284028,0 76.1622625,24.2844366,0 76.1629485,24.2851004,0 76.1634859,24.2865017,0 76.1636317,24.2888982,0 76.1645353,24.290328,0 76.1649287,24.2913725,0 76.1650898,24.2920157,0 76.1650083,24.293588,0 76.1653773,24.2941586,0 76.1672805,24.295272,0 76.1685045,24.2960587,0 76.1688073,24.2966844,0 76.1686311,24.2971901,0 76.1677951,24.2978597,0 76.1668831,24.2988064,0 76.1659758,24.2995517,0 76.1656417,24.3004458,0 76.165074,24.3040515,0 76.1645776,24.3050175,0 76.164451,24.3060103,0 76.1646283,24.3070493,0 76.1653883,24.3073725,0 76.1666297,24.3069338,0 76.1676684,24.3063335,0 76.1691885,24.3057794,0 76.1701259,24.3055254,0 76.172862,24.3058025,0 76.174154,24.3063566,0 76.1748634,24.3072109,0 76.1749647,24.3079035,0 76.1749394,24.3092426,0 76.1738753,24.3107203,0 76.1742047,24.3123364,0 76.1750154,24.3130059,0 76.1764594,24.3134677,0 76.1777008,24.3141834,0 76.1783595,24.314599,0 76.1805129,24.3187777,0 76.1819063,24.32074,0 76.1822356,24.3224022,0 76.1828183,24.3242028,0 76.1829614,24.3251639,0 76.1843433,24.3267085,0 76.1855773,24.3291928,0 76.1887212,24.3247338,0 76.1903933,24.3205784,0 76.192724,24.3147837,0 76.1953335,24.3102816,0 76.1982722,24.3079035,0 76.200755,24.3066106,0 76.202199,24.3052253,0 76.2035671,24.3033781,0 76.2046565,24.3009769,0 76.2045551,24.2996607,0 76.2038458,24.297929,0 76.202351,24.2952505,0 76.1987282,24.2906092,0 76.1964228,24.2871685,0 76.1959668,24.2855521,0 76.195456,24.2816486,0 76.1948789,24.2783434,0 76.1945657,24.2747333,0 76.1948774,24.2736128,0 76.1964228,24.2727121,0 76.1991336,24.2715573,0 76.2002736,24.2708414,0 76.2015404,24.2692016,0 76.20160846536713,24.26907748266077,0 76.2124243078773,24.269652603418848,0 76.24076904579746,24.288500573996973,0 76.25361245990129,24.290231140040937,0 76.26076991208562,24.29850057515188,0 76.27361276184931,24.300231140613494,0 76.29809491692322,24.326691213139195,0 76.31361366681811,24.33023114257724,0 76.3446561706988,24.361009753955717,0 76.34741213173557,24.375706341423477,0 76.3565382894899,24.384215173669418,0 76.35688829225256,24.414256899292187,0 76.36654042585336,24.424215175615306,0 76.36654169533149,24.447657868602075,0 76.35723226278935,24.456569392752712,0 76.35654383828748,24.487657870650676,0 76.34723462893845,24.496568517141988,0 76.34551772303675,24.509914629440633,0 76.337235811661,24.516568079521143,0 76.33551863347768,24.529914630730083,0 76.28466492874381,24.58086325776927,0 76.26878795539156,24.584562472357995,0 76.24362272482219,24.611641855533833,0 76.22994740993416,24.613782087390184,0 76.22114095795409,24.622576720888087,0 76.2012421233304,24.623205800888236,0 76.19243345264512,24.632220173643574,0 76.12745187114373,24.6325766059786,0 76.11864544066886,24.623782121670818,0 76.10497057022144,24.62164185569616,0 76.09864617040643,24.613782075892825,0 76.0839275069645,24.610863258533414,0 76.06849616867237,24.595413581218555,0 76.0704159,24.5918222,0 76.0714911,24.5892162,0 76.0739149,24.5815894,0 76.0748535,24.5793661,0 76.0752726,24.5777624,0 76.0750084,24.5754206,0 76.0745345,24.5732884,0 76.0737418,24.5718487,0 76.072047,24.5703543,0 76.0710629,24.5698896,0 76.0704068,24.5697256,0 76.0695138,24.5696801,0 76.0679101,24.5701721,0 76.0668258,24.5702085,0 76.0640557,24.5689511,0 76.0612401,24.5672927,0 76.0590806,24.5657801,0 76.0576512,24.5640785,0 76.0565198,24.5623372,0 76.0522466,24.5648325,0 76.0529209,24.5659077,0 76.0536863,24.5666184,0 76.0542877,24.5676936,0 76.0521737,24.5689693,0 76.0478728,24.5705184,0 76.045613,24.5706824,0 76.044228,24.5665455,0 76.042843,24.5622993,0 76.0413122,24.5629372,0 76.0407472,24.5620442,0 76.0373758,24.5625363,0 76.0373211,24.5616068,0 76.03516745307589,24.562045256868693,0 76.03327916796847,24.560154727671833,0 76.0323277,24.5581807,0 76.0303231,24.5538981,0 76.0284825,24.5545906,0 76.0271703,24.5507635,0 76.0261316,24.5507635,0 76.0245347053257,24.55139987287148,0 76.00307496652225,24.52991463072994,0 76.00135778833896,24.516568079521093,0 75.9930758769632,24.509914629440452,0 75.99135897101115,24.496568517084278,0 75.9830767867045,24.489914628000378,0 75.98136015286799,24.47656895459588,0 75.97205083240951,24.467657863794855,0 75.97188547081626,24.375789999118883,0</coordinates></LinearRing></outerBoundaryIs></Polygon>
    </Placemark>
    <Placemark><name>Very High Fire Zone</name><styleUrl>#zone3</styleUrl>
      <Polygon><extrude>0</extrude><altitudeMode>clampToGround</altitudeMode><outerBoundaryIs><LinearRing><coordinates>76.04188492308018,24.38578999750071,0 76.09745834889058,24.329296220533006,0 76.18555507239978,24.329148051193506,0 76.1855773,24.3291928,0 76.18560891481849,24.329147960636273,0 76.1894065601018,24.32914157339994,0 76.20077347811633,24.33850101612306,0 76.22242575951964,24.339652603606307,0 76.23077426491209,24.348500580011386,0 76.26465607973319,24.361009672154115,0 76.2761465646369,24.373040751987688,0 76.28741394274002,24.405706990163083,0 76.29614857693556,24.41304075539939,0 76.29654276631427,24.46765787014558,0 76.2872334468065,24.47656896367997,0 76.2861529535631,24.498832278562627,0 76.2546629886063,24.530863257601368,0 76.23994094130842,24.53378208698971,0 76.2324310247915,24.54222037027316,0 76.21123482706767,24.543205800048234,0 76.20114086740807,24.552576606367467,0 76.13616183011113,24.552220173958702,0 76.12865191213703,24.54378212207686,0 76.09393061163101,24.530863257744297,0 76.07307587820719,24.509914631812556,0 76.07072534785529,24.495392274015636,0 76.05244165649417,24.47883227774132,0 76.05136133376391,24.456569402212867,0 76.04205190433416,24.447657868416396,0 76.04188492308018,24.38578999750071,0</coordinates></LinearRing></outerBoundaryIs></Polygon>
    </Placemark>
  </Folder>
  <Folder><name>District Boundary</name>
    <Placemark><name>Jhalawar District</name><styleUrl>#boundary</styleUrl>
      <Polygon><extrude>0</extrude><altitudeMode>clampToGround</altitudeMode><outerBoundaryIs><LinearRing><coordinates>75.4592968,23.927743,0 75.4594147,23.9247839,0 75.4594595,23.9216241,0 75.4595284,23.919361,0 75.4617796,23.9163261,0 75.462907,23.9141839,0 75.4651364,23.9126206,0 75.4673911,23.9118679,0 75.4693039,23.9117406,0 75.4699756,23.911758,0 75.4722426,23.9122038,0 75.4775882,23.9119953,0 75.4829084,23.9104899,0 75.4869619,23.9087761,0 75.4899513,23.907618,0 75.4919274,23.9065527,0 75.4927376,23.9059018,0 75.4935994,23.9052093,0 75.4956262,23.9039818,0 75.4999837,23.9001138,0 75.5010477,23.8983766,0 75.5029478,23.8932577,0 75.5035051,23.8911498,0 75.5037331,23.8898352,0 75.5038345,23.8892504,0 75.5045438,23.88793,0 75.5061146,23.8870266,0 75.5077866,23.8868645,0 75.5092813,23.8867718,0 75.5110294,23.8866328,0 75.5137655,23.8864939,0 75.5164256,23.8857063,0 75.5178128,23.885418,0 75.5197697,23.8850113,0 75.5225565,23.8840152,0 75.5250393,23.8822084,0 75.5276234,23.8789884,0 75.5290167,23.8775058,0 75.5311195,23.8760926,0 75.5335009,23.875027,0 75.5369043,23.8739972,0 75.536997,23.8736138,0 75.5418612,23.871969,0 75.545788,23.8696754,0 75.5478148,23.8681927,0 75.5490055,23.8653199,0 75.5501962,23.8632811,0 75.5511576,23.862443,0 75.5522736,23.8612654,0 75.5540723,23.860802,0 75.5569351,23.8601069,0 75.5593925,23.8594814,0 75.5620526,23.8583229,0 75.5630153,23.8572803,0 75.5643834,23.8558438,0 75.5649407,23.8542219,0 75.5652448,23.8516268,0 75.5649914,23.8488926,0 75.5652701,23.8461352,0 75.5655234,23.8448608,0 75.5659034,23.8441424,0 75.566293,23.8438661,0 75.5671448,23.8432619,0 75.5689436,23.8428912,0 75.5708183,23.8428912,0 75.5728197,23.842868,0 75.5745424,23.8425204,0 75.5777346,23.8408056,0 75.5793053,23.8385579,0 75.579736,23.8369821,0 75.5784946,23.8323937,0 75.5770505,23.8294042,0 75.5760878,23.8285468,0 75.5743904,23.8281528,0 75.5731997,23.8281296,0 75.5719837,23.8284541,0 75.5709703,23.8301922,0 75.5697543,23.8313509,0 75.5677275,23.8319766,0 75.5655994,23.8322083,0 75.563446,23.8322083,0 75.5611913,23.8314436,0 75.5598142,23.8301963,0 75.5596709,23.8296736,0 75.5594179,23.8282919,0 75.5592912,23.8265537,0 75.5591392,23.8255804,0 75.5591899,23.822753,0 75.5597606,23.8202007,0 75.55997,23.8183719,0 75.5604766,23.8161238,0 75.5612873,23.8148259,0 75.5632634,23.8128558,0 75.5660502,23.8091473,0 75.5694075,23.8092913,0 75.5730895,23.8104817,0 75.5772732,23.8122301,0 75.5860896,23.8104685,0 75.5891458,23.8097732,0 75.5880656,23.8053229,0 75.586124,23.8007786,0 75.5846678,23.7981219,0 75.5836676,23.7960799,0 75.5837228,23.7948687,0 75.5862722,23.7949391,0 75.590275,23.7954491,0 75.5933151,23.7962836,0 75.5968165,23.7969487,0 75.6006114,23.7975353,0 75.6038719,23.7973761,0 75.609371,23.7971392,0 75.6108573,23.7979988,0 75.6120944,23.7995402,0 75.613644,23.8001112,0 75.6172813,23.8007805,0 75.6207775,23.8004096,0 75.6225002,23.7986943,0 75.6244715,23.7971033,0 75.6271617,23.7957736,0 75.628928,23.7955663,0 75.6318975,23.7959251,0 75.6333433,23.795959,0 75.6363941,23.7957725,0 75.6400315,23.7963299,0 75.6425143,23.7968862,0 75.6437766,23.7974886,0 75.6447437,23.7968862,0 75.6463651,23.7960981,0 75.6493515,23.7953162,0 75.6503427,23.7963204,0 75.6532053,23.7973499,0 75.6543445,23.7976358,0 75.6548488,23.796772,0 75.6553334,23.7957272,0 75.6560934,23.7927601,0 75.6576748,23.7887521,0 75.6586775,23.7853883,0 75.6596296,23.7846812,0 75.6639977,23.7836728,0 75.6672405,23.7836728,0 75.6697739,23.7833018,0 75.6711943,23.7829992,0 75.6724594,23.7826063,0 75.6741821,23.7818645,0 75.6753087,23.781025,0 75.6762714,23.7790312,0 75.6774971,23.7745498,0 75.6782356,23.7703652,0 75.6787875,23.7688409,0 75.6805663,23.7645688,0 75.6820502,23.7630513,0 75.6831453,23.7617863,0 75.6834613,23.7611017,0 75.6839611,23.7572417,0 75.6867003,23.7559367,0 75.6874293,23.7567891,0 75.6876297,23.7584566,0 75.6887897,23.7602062,0 75.6897073,23.7620832,0 75.6893064,23.7633497,0 75.6892517,23.7639876,0 75.6899503,23.7653048,0 75.6898257,23.7661653,0 75.6900535,23.7668761,0 75.6901173,23.7678602,0 75.6909465,23.7690538,0 75.6915457,23.7695313,0 75.6922697,23.7716006,0 75.6927963,23.7727898,0 75.6930241,23.7735916,0 75.6931931,23.774914,0 75.693165,23.7755338,0 75.6929147,23.7758332,0 75.6930605,23.7762432,0 75.6935022,23.7766288,0 75.6937075,23.7769722,0 75.6938077,23.7773093,0 75.6941448,23.7774551,0 75.6945822,23.7773275,0 75.6950779,23.777316,0 75.6953149,23.7775612,0 75.6955974,23.7779771,0 75.6955572,23.7785121,0 75.6962575,23.778782,0 75.6962459,23.7792541,0 75.6964502,23.7797149,0 75.6971597,23.7798047,0 75.698235,23.7802901,0 75.6989965,23.7800252,0 75.6996684,23.780324,0 75.7002904,23.7811248,0 75.7015797,23.7831952,0 75.7017965,23.7851564,0 75.701756,23.7866923,0 75.7003137,23.7893098,0 75.6998018,23.7913261,0 75.699357,23.7936534,0 75.698522,23.7980222,0 75.6960243,23.8028345,0 75.6945811,23.8058052,0 75.6936077,23.8081781,0 75.6924668,23.8103553,0 75.6907239,23.8124129,0 75.6901427,23.8133433,0 75.6907127,23.8143327,0 75.6910876,23.8146832,0 75.6914477,23.8153975,0 75.6919033,23.8162267,0 75.6929469,23.8164824,0 75.6937837,23.8160702,0 75.6942633,23.8155524,0 75.694749,23.8144101,0 75.6951836,23.8140671,0 75.695886,23.8141968,0 75.6964066,23.814743,0 75.6970151,23.8145045,0 75.6974807,23.8138425,0 75.6978352,23.8134566,0 75.6982525,23.8134635,0 75.6988193,23.8140398,0 75.699337,23.8142212,0 75.6997943,23.813976,0 75.7002766,23.8140882,0 75.7007896,23.8132855,0 75.7011428,23.8131013,0 75.7016421,23.8131933,0 75.7020176,23.8133291,0 75.7025058,23.8130652,0 75.7037124,23.8134657,0 75.7042127,23.8133416,0 75.7051418,23.8127566,0 75.7055684,23.8128942,0 75.706247,23.8133463,0 75.7067665,23.8124203,0 75.7066829,23.8118438,0 75.7068925,23.8112515,0 75.7078874,23.811386,0 75.7089205,23.8120922,0 75.7100554,23.811968,0 75.7120198,23.8130409,0 75.7129466,23.8131694,0 75.7147264,23.8130274,0 75.7159688,23.8126265,0 75.7171982,23.8117527,0 75.7189731,23.8116281,0 75.7200706,23.8115992,0 75.7210252,23.8116525,0 75.7215082,23.8116798,0 75.7217595,23.8120695,0 75.7212474,23.8125808,0 75.7206744,23.8134065,0 75.7206562,23.8157893,0 75.7208717,23.8180594,0 75.720966,23.8187279,0 75.7211756,23.8189329,0 75.7216722,23.8186778,0 75.7221788,23.8185568,0 75.7227702,23.8186505,0 75.7231529,23.8185092,0 75.7234354,23.8183771,0 75.7237178,23.8184956,0 75.7239046,23.8187598,0 75.7238727,23.8193658,0 75.7239216,23.8199435,0 75.724424,23.8197166,0 75.7254956,23.8197779,0 75.7259412,23.8198259,0 75.7263421,23.8199854,0 75.7264742,23.8203362,0 75.726016,23.8216405,0 75.7256769,23.8227418,0 75.724952,23.8232165,0 75.724014,23.8238261,0 75.7239386,23.8244216,0 75.7238363,23.8250216,0 75.7234171,23.8283092,0 75.7231893,23.8308788,0 75.7229157,23.8325265,0 75.7225242,23.8336716,0 75.7222371,23.8354348,0 75.7215947,23.8366264,0 75.720873,23.8377327,0 75.7199091,23.8391709,0 75.7189725,23.8406826,0 75.7191299,23.8411571,0 75.7201537,23.8417201,0 75.7213245,23.8418864,0 75.7219641,23.8419318,0 75.7235037,23.8416719,0 75.7242933,23.841663,0 75.7250664,23.8416218,0 75.7256815,23.8418724,0 75.7264283,23.8427078,0 75.7270499,23.8447621,0 75.728406,23.8471164,0 75.730119,23.8493397,0 75.7309309,23.8521365,0 75.7312853,23.8531121,0 75.7336505,23.8545868,0 75.7365527,23.8565379,0 75.7365395,23.8580972,0 75.7364471,23.8587502,0 75.735171,23.8599469,0 75.7352491,23.8620327,0 75.7343499,23.8619231,0 75.733454,23.8609393,0 75.7301502,23.8596917,0 75.7278764,23.8587815,0 75.7267658,23.8590531,0 75.7250571,23.8589729,0 75.7229252,23.8591339,0 75.7197206,23.8597766,0 75.717328,23.8604775,0 75.7141851,23.8616382,0 75.7124511,23.8621586,0 75.7111788,23.8623299,0 75.7103369,23.8626706,0 75.7098648,23.8649928,0 75.7089218,23.8692529,0 75.7060269,23.8686298,0 75.7051639,23.868615,0 75.7048478,23.8691298,0 75.7036982,23.8719644,0 75.7035256,23.8724477,0 75.7027511,23.8727484,0 75.7015893,23.8728396,0 75.7016738,23.873665,0 75.702464,23.8770643,0 75.7029467,23.8795485,0 75.7030518,23.880357,0 75.7026053,23.8805255,0 75.7022682,23.8807716,0 75.7021771,23.8816919,0 75.7023437,23.8817763,0 75.7026919,23.8823251,0 75.7031931,23.8825211,0 75.7037219,23.8825327,0 75.7044642,23.8824163,0 75.7050975,23.8824527,0 75.7054893,23.8826532,0 75.7052181,23.8839005,0 75.7045143,23.886913,0 75.7042683,23.8888175,0 75.7044708,23.8902904,0 75.7051977,23.891387,0 75.7053458,23.89196,0 75.7057407,23.8945234,0 75.7059301,23.8983173,0 75.7059052,23.8988802,0 75.7061089,23.8991003,0 75.7076482,23.8995141,0 75.7080634,23.899401,0 75.7084853,23.8990101,0 75.7089473,23.8978406,0 75.7091421,23.8972945,0 75.7094189,23.8964726,0 75.7103006,23.895528,0 75.7128065,23.8942576,0 75.7142813,23.8935818,0 75.7148245,23.8931867,0 75.7158008,23.8931133,0 75.7170292,23.8941213,0 75.7185171,23.896431,0 75.7189352,23.8969385,0 75.7196311,23.8971048,0 75.7213101,23.8971115,0 75.723503,23.8961701,0 75.7248022,23.8948567,0 75.7257088,23.8937926,0 75.7264889,23.8934292,0 75.7273647,23.8933747,0 75.7283767,23.8937017,0 75.7305816,23.895352,0 75.7326632,23.8966779,0 75.735088,23.8980703,0 75.7359146,23.8968427,0 75.7372714,23.8947254,0 75.7395415,23.8921262,0 75.7399926,23.8910196,0 75.7399467,23.8890436,0 75.7427562,23.8886372,0 75.7458855,23.8879411,0 75.7478888,23.887583,0 75.7500436,23.8875992,0 75.752794,23.887327,0 75.7532179,23.8865167,0 75.7548878,23.8848469,0 75.7568225,23.883135,0 75.7577557,23.8832272,0 75.758184,23.8828445,0 75.7590602,23.8813931,0 75.76074,23.8791181,0 75.7613185,23.8780607,0 75.763433,23.8765698,0 75.7643255,23.875801,0 75.7646002,23.8752744,0 75.7643086,23.8729404,0 75.7633961,23.8727302,0 75.7627218,23.8718555,0 75.762341,23.8696816,0 75.7619062,23.8668886,0 75.761765,23.864411,0 75.7632503,23.8616774,0 75.7626427,23.8603418,0 75.7625866,23.8593908,0 75.7633087,23.8557807,0 75.7646131,23.8516768,0 75.7654927,23.8508456,0 75.7688814,23.8497161,0 75.770803,23.8490147,0 75.7735377,23.8481643,0 75.7753966,23.8486199,0 75.7768889,23.8487074,0 75.7786317,23.8488356,0 75.780333,23.8486873,0 75.7813832,23.8487565,0 75.7827454,23.8490026,0 75.7833141,23.8492031,0 75.7837714,23.8503452,0 75.7846559,23.8521688,0 75.7851145,23.8528478,0 75.785766,23.8530802,0 75.7862945,23.8530255,0 75.7866408,23.8531576,0 75.7869551,23.8534538,0 75.7879529,23.8550028,0 75.788481,23.8558633,0 75.7895247,23.856889,0 75.7902765,23.8573974,0 75.7917871,23.8583434,0 75.7920761,23.8586522,0 75.7920943,23.8599643,0 75.7919895,23.8615771,0 75.7923081,23.8630144,0 75.792799,23.8648398,0 75.7932424,23.8658825,0 75.7935203,23.8665933,0 75.7939687,23.867049,0 75.7954521,23.86755,0 75.7975512,23.8684306,0 75.7985776,23.8685892,0 75.7993475,23.8684749,0 75.8001265,23.8679783,0 75.8008999,23.8672435,0 75.8017211,23.8661331,0 75.8024547,23.865591,0 75.8029309,23.8654126,0 75.8053311,23.8657359,0 75.8074487,23.8662857,0 75.8089351,23.8665478,0 75.8124004,23.8671992,0 75.8156716,23.8674908,0 75.8190489,23.8684449,0 75.8195548,23.8704949,0 75.8203746,23.8720279,0 75.8208239,23.8732411,0 75.8231835,23.8747109,0 75.8259874,23.8766535,0 75.828542,23.8778928,0 75.8303475,23.8782544,0 75.8318984,23.8787805,0 75.8323538,23.8797533,0 75.8329907,23.8799957,0 75.8333775,23.8793874,0 75.8335161,23.8785487,0 75.8336432,23.8779293,0 75.8342028,23.8779293,0 75.8351397,23.8782678,0 75.8355334,23.8780201,0 75.8348869,23.8771913,0 75.8350139,23.8768282,0 75.8365524,23.87693,0 75.8374366,23.876964,0 75.8374933,23.8774311,0 75.8374764,23.8780576,0 75.8379189,23.8787127,0 75.8390553,23.8787007,0 75.8394194,23.8783005,0 75.8396983,23.877621,0 75.8402579,23.8765193,0 75.8404059,23.8757554,0 75.8403173,23.8749103,0 75.8405513,23.8745707,0 75.8413721,23.8751435,0 75.8422787,23.875965,0 75.8447476,23.8761079,0 75.8447047,23.8790297,0 75.8447324,23.8816061,0 75.8446856,23.8839559,0 75.8485033,23.8840351,0 75.8500212,23.8850442,0 75.8530467,23.887555,0 75.8563203,23.887683,0 75.8583112,23.8879275,0 75.8592179,23.8886307,0 75.8619112,23.8892186,0 75.8648549,23.8901922,0 75.8672364,23.8906353,0 75.870593,23.8904359,0 75.8715583,23.8896915,0 75.8730499,23.8874643,0 75.8743256,23.8871727,0 75.8742295,23.8861699,0 75.8747447,23.885241,0 75.8763667,23.8853686,0 75.8762255,23.88441,0 75.8764213,23.8831635,0 75.8757922,23.8808185,0 75.8763496,23.8796602,0 75.8807578,23.8786872,0 75.886534,23.8791506,0 75.8873375,23.8793,0 75.8887127,23.8806795,0 75.8899288,23.88244,0 75.8919555,23.8854051,0 75.8930372,23.8864696,0 75.8935769,23.8879996,0 75.8948443,23.8893493,0 75.8959529,23.8896239,0 75.8984369,23.8894258,0 75.9020892,23.8887408,0 75.9043313,23.8890659,0 75.9055297,23.8902025,0 75.9089694,23.8911091,0 75.9120037,23.8917105,0 75.9138439,23.8926597,0 75.9162226,23.8940979,0 75.922458,23.8965237,0 75.9236288,23.8984267,0 75.9269424,23.8974976,0 75.9279942,23.8985312,0 75.9290242,23.8988451,0 75.9295821,23.8981977,0 75.9298049,23.8971259,0 75.931021,23.8965237,0 75.932436,23.8960004,0 75.9333571,23.8971995,0 75.9341641,23.8972962,0 75.9361775,23.8970177,0 75.9374541,23.8967012,0 75.9388337,23.8987494,0 75.9395278,23.8995856,0 75.9403088,23.8994434,0 75.9413235,23.899387,0 75.9414628,23.9014057,0 75.941049,23.9017971,0 75.9420916,23.9022349,0 75.9433035,23.9027452,0 75.9438228,23.9028545,0 75.9438206,23.9032472,0 75.9434675,23.9041666,0 75.9433764,23.9045767,0 75.9439231,23.9048683,0 75.9436868,23.9055941,0 75.9435972,23.9060323,0 75.9440506,23.9065722,0 75.9437682,23.9072191,0 75.9434866,23.9074741,0 75.9443975,23.9087993,0 75.9481469,23.9116248,0 75.9491515,23.9125769,0 75.9498262,23.9125794,0 75.9514797,23.9115078,0 75.9525551,23.9115321,0 75.952874,23.9124089,0 75.9516431,23.9138018,0 75.9515924,23.9156545,0 75.9523524,23.9171367,0 75.9534671,23.9184799,0 75.9545818,23.9200084,0 75.9557472,23.9213979,0 75.958838,23.9229726,0 75.9645129,23.92376,0 75.9675277,23.9238989,0 75.968631,23.9246148,0 75.9692245,23.9252645,0 75.9703904,23.9263768,0 75.9713278,23.9280209,0 75.9735319,23.9287619,0 75.9750013,23.928924,0 75.9772814,23.9283914,0 75.9790041,23.9284377,0 75.9797483,23.928464,0 75.9807019,23.9287873,0 75.9812082,23.9295956,0 75.9815882,23.9305682,0 75.9815819,23.9312918,0 75.9813095,23.9318996,0 75.9809359,23.9323106,0 75.9804292,23.9327622,0 75.9799161,23.9337406,0 75.9794601,23.934852,0 75.9795108,23.9359403,0 75.9798655,23.936635,0 75.9815122,23.937237,0 75.9839443,23.9383717,0 75.9856073,23.9393773,0 75.9861357,23.9397136,0 75.9868071,23.9408029,0 75.9869337,23.9415207,0 75.986808,23.9423265,0 75.9861484,23.9438361,0 75.983995,23.9493467,0 75.9833109,23.9514305,0 75.9837163,23.9531206,0 75.9844003,23.9541856,0 75.9847607,23.9546632,0 75.9854137,23.9555284,0 75.9863004,23.9585613,0 75.986123,23.960506,0 75.9852363,23.9625896,0 75.984223,23.9655066,0 75.9834629,23.9672197,0 75.9833363,23.9685855,0 75.9837669,23.9700208,0 75.984147,23.9711319,0 75.984375,23.9737015,0 75.9843667,23.9744703,0 75.9841216,23.9747663,0 75.9836909,23.9757848,0 75.9828549,23.9763172,0 75.9819682,23.9768265,0 75.9813602,23.97722,0 75.9810055,23.9778682,0 75.9798401,23.979558,0 75.9794216,23.9800039,0 75.9769774,23.9810163,0 75.9750773,23.9824745,0 75.9744693,23.9833078,0 75.9735826,23.9846041,0 75.9732279,23.9855531,0 75.9729239,23.9875205,0 75.9718598,23.9884001,0 75.9708465,23.9887704,0 75.9693264,23.9892333,0 75.9684904,23.9897425,0 75.967553,23.9906915,0 75.966793,23.9922886,0 75.967097,23.9981905,0 75.967021,23.9995097,0 75.9665697,24.0003234,0 75.9660583,24.0012455,0 75.9656276,24.0045319,0 75.9639555,24.0088133,0 75.9626635,24.0116367,0 75.9627142,24.0144368,0 75.9628915,24.0166352,0 75.9635502,24.0179542,0 75.9633602,24.0186137,0 75.9688377,24.0203432,0 75.9712555,24.0201721,0 75.9742613,24.019307,0 75.9792799,24.020149,0 75.9849438,24.0199073,0 75.9891805,24.019029,0 75.992589,24.0183209,0 75.9953988,24.0177422,0 75.9974632,24.0175699,0 75.9985006,24.018782,0 75.9991115,24.0205258,0 76.0001075,24.0209625,0 76.0018809,24.0216799,0 76.0043766,24.0222142,0 76.007966,24.023567,0 76.0106594,24.0250465,0 76.0122057,24.0265324,0 76.0157819,24.0297566,0 76.0175025,24.0311424,0 76.0186356,24.0317148,0 76.0202184,24.0333324,0 76.0211588,24.0340413,0 76.0216849,24.0349694,0 76.0214298,24.0355982,0 76.0196176,24.0367874,0 76.0194758,24.0376462,0 76.0201976,24.0389875,0 76.0210744,24.0398717,0 76.0217737,24.040546,0 76.0221489,24.0415998,0 76.0217177,24.044494,0 76.0220318,24.0464587,0 76.0229015,24.0477083,0 76.0237044,24.0490444,0 76.0251631,24.0496301,0 76.0261486,24.0497576,0 76.0275445,24.0514346,0 76.0287606,24.0517585,0 76.0304177,24.0523327,0 76.0304482,24.0531297,0 76.030519,24.0541158,0 76.0313237,24.0555658,0 76.0313988,24.0572901,0 76.03175,24.0580972,0 76.0323644,24.0582991,0 76.0333208,24.0580047,0 76.0337591,24.0578779,0 76.0345101,24.0581424,0 76.0355315,24.0595633,0 76.0361409,24.0604838,0 76.0364622,24.0622612,0 76.0371698,24.0631131,0 76.0386944,24.0630603,0 76.0394883,24.0631975,0 76.0403839,24.0637276,0 76.041073,24.0648521,0 76.0424411,24.0660549,0 76.0436296,24.0660776,0 76.0442145,24.0650371,0 76.0451772,24.0644357,0 76.0467435,24.0646897,0 76.0471487,24.0649804,0 76.0478138,24.0662438,0 76.0484361,24.0666654,0 76.0495358,24.0668068,0 76.0510147,24.0667433,0 76.0527785,24.0661888,0 76.0535633,24.0654992,0 76.0542102,24.0653033,0 76.0548549,24.0654072,0 76.0558868,24.0657543,0 76.0570065,24.0669453,0 76.0578043,24.0676293,0 76.0599283,24.0678978,0 76.0619354,24.0682101,0 76.0633166,24.0683992,0 76.0676515,24.071103,0 76.0689652,24.0725256,0 76.0693998,24.0732148,0 76.070044,24.0743355,0 76.0709061,24.0753151,0 76.0711159,24.0755535,0 76.0716292,24.076084,0 76.0722703,24.0766105,0 76.0729036,24.0768501,0 76.0733888,24.0767575,0 76.0736516,24.0764612,0 76.073616,24.0759472,0 76.0733531,24.0750571,0 76.0734343,24.074076,0 76.0737036,24.072578,0 76.074717,24.0710514,0 76.075387,24.0709021,0 76.0762746,24.0712506,0 76.0774898,24.0729348,0 76.0791161,24.0738172,0 76.0802905,24.0742435,0 76.0837497,24.0770271,0 76.0853883,24.0775285,0 76.0877388,24.0769728,0 76.0886515,24.0768994,0 76.0902269,24.0786327,0 76.0917524,24.0819525,0 76.0933256,24.0831023,0 76.0958302,24.0834871,0 76.099439,24.0864025,0 76.1001062,24.087177,0 76.1023677,24.0877265,0 76.1040759,24.0879605,0 76.1050167,24.0874272,0 76.1053655,24.0871488,0 76.1060808,24.0854844,0 76.1063341,24.0841892,0 76.1096699,24.0844227,0 76.1113926,24.0844002,0 76.1133771,24.0843743,0 76.1150516,24.0849032,0 76.1178866,24.0870572,0 76.118989,24.087079,0 76.120572,24.086132,0 76.1209267,24.0850219,0 76.1225509,24.0845128,0 76.1239161,24.0858545,0 76.125247,24.0871977,0 76.1262042,24.088015,0 76.1253659,24.0885799,0 76.1266587,24.0887054,0 76.1260158,24.0908983,0 76.1253613,24.0920653,0 76.1251517,24.0940699,0 76.1244713,24.0962506,0 76.1231197,24.0997011,0 76.1225548,24.1030817,0 76.1205651,24.1082499,0 76.1240852,24.1098511,0 76.1246642,24.1102004,0 76.1256388,24.1111084,0 76.1269331,24.1124944,0 76.1295137,24.1140141,0 76.130906,24.1150321,0 76.1311404,24.1152593,0 76.1310609,24.1162576,0 76.1308414,24.1172181,0 76.1306097,24.1189095,0 76.1305066,24.1198438,0 76.1301439,24.1229186,0 76.1298535,24.1238206,0 76.128465,24.125231,0 76.1274625,24.1262299,0 76.1269832,24.1283219,0 76.1267655,24.1325093,0 76.126046,24.1336426,0 76.1253646,24.1348867,0 76.1232068,24.1360799,0 76.1227893,24.1368402,0 76.1224576,24.1377022,0 76.1245241,24.149396,0 76.125015,24.1513844,0 76.1250333,24.1549472,0 76.1246761,24.1589198,0 76.1241058,24.1600561,0 76.1230547,24.1614163,0 76.1224219,24.1621416,0 76.1212791,24.1630751,0 76.12042,24.1633117,0 76.1183815,24.1635216,0 76.1163673,24.1632263,0 76.1146624,24.1627347,0 76.1139851,24.1628494,0 76.1136888,24.1650433,0 76.1136372,24.1662722,0 76.1137937,24.1674465,0 76.1140169,24.169736,0 76.1147451,24.1712166,0 76.1154545,24.1742213,0 76.1157982,24.1764368,0 76.1165666,24.1801215,0 76.115411,24.1798685,0 76.115538,24.1831028,0 76.1156658,24.1844184,0 76.1157493,24.1853208,0 76.1164406,24.1889896,0 76.1171873,24.1929829,0 76.1175796,24.1946573,0 76.1190013,24.1959915,0 76.1196461,24.1963991,0 76.1212518,24.1972451,0 76.1222723,24.1981199,0 76.1240177,24.201185,0 76.1255344,24.2021929,0 76.1283591,24.2054641,0 76.1312377,24.2080074,0 76.1323138,24.2085622,0 76.1334252,24.2106021,0 76.1339995,24.2130089,0 76.1356457,24.2145636,0 76.13697,24.215624,0 76.137806,24.2179795,0 76.1381728,24.2182483,0 76.1389233,24.2181728,0 76.1402111,24.2185613,0 76.1414391,24.2195161,0 76.1417768,24.220207,0 76.1423088,24.2210156,0 76.1433222,24.2217088,0 76.1444369,24.2223326,0 76.1447094,24.2225235,0 76.1452925,24.2232473,0 76.1456503,24.2237314,0 76.1460112,24.2242766,0 76.1461868,24.2260823,0 76.1463713,24.2271234,0 76.1467361,24.2281513,0 76.1466652,24.2285813,0 76.1473076,24.2295973,0 76.1480001,24.2306406,0 76.1484389,24.2320079,0 76.1484093,24.2342,0 76.1482738,24.2350279,0 76.1475068,24.2368048,0 76.1468656,24.2409372,0 76.1461592,24.2443551,0 76.1438542,24.2497077,0 76.1435488,24.250359,0 76.1436217,24.2526006,0 76.1430333,24.2526227,0 76.1429795,24.2557908,0 76.1413208,24.2557825,0 76.1397501,24.2558749,0 76.1387874,24.2562445,0 76.1394746,24.2585553,0 76.139851,24.2604444,0 76.1402567,24.2618109,0 76.1406778,24.2638613,0 76.1413487,24.2671277,0 76.1396803,24.2685187,0 76.1385725,24.2692265,0 76.1375782,24.2700639,0 76.1366746,24.2707696,0 76.1377602,24.2718642,0 76.1392687,24.2731278,0 76.1406768,24.2746629,0 76.1410168,24.275622,0 76.1419035,24.279802,0 76.1422328,24.2817649,0 76.1427902,24.2826193,0 76.1442849,24.2834045,0 76.146641,24.2840511,0 76.1500864,24.284282,0 76.1524172,24.2843051,0 76.1553053,24.2841665,0 76.1589653,24.2827898,0 76.159839,24.2828261,0 76.1605748,24.2833583,0 76.1615629,24.284028,0 76.1622625,24.2844366,0 76.1629485,24.2851004,0 76.1634859,24.2865017,0 76.1636317,24.2888982,0 76.1645353,24.290328,0 76.1649287,24.2913725,0 76.1650898,24.2920157,0 76.1650083,24.293588,0 76.1653773,24.2941586,0 76.1672805,24.295272,0 76.1685045,24.2960587,0 76.1688073,24.2966844,0 76.1686311,24.2971901,0 76.1677951,24.2978597,0 76.1668831,24.2988064,0 76.1659758,24.2995517,0 76.1656417,24.3004458,0 76.165074,24.3040515,0 76.1645776,24.3050175,0 76.164451,24.3060103,0 76.1646283,24.3070493,0 76.1653883,24.3073725,0 76.1666297,24.3069338,0 76.1676684,24.3063335,0 76.1691885,24.3057794,0 76.1701259,24.3055254,0 76.172862,24.3058025,0 76.174154,24.3063566,0 76.1748634,24.3072109,0 76.1749647,24.3079035,0 76.1749394,24.3092426,0 76.1738753,24.3107203,0 76.1742047,24.3123364,0 76.1750154,24.3130059,0 76.1764594,24.3134677,0 76.1777008,24.3141834,0 76.1783595,24.314599,0 76.1805129,24.3187777,0 76.1819063,24.32074,0 76.1822356,24.3224022,0 76.1828183,24.3242028,0 76.1829614,24.3251639,0 76.1843433,24.3267085,0 76.1855773,24.3291928,0 76.1887212,24.3247338,0 76.1903933,24.3205784,0 76.192724,24.3147837,0 76.1953335,24.3102816,0 76.1982722,24.3079035,0 76.200755,24.3066106,0 76.202199,24.3052253,0 76.2035671,24.3033781,0 76.2046565,24.3009769,0 76.2045551,24.2996607,0 76.2038458,24.297929,0 76.202351,24.2952505,0 76.1987282,24.2906092,0 76.1964228,24.2871685,0 76.1959668,24.2855521,0 76.195456,24.2816486,0 76.1948789,24.2783434,0 76.1945657,24.2747333,0 76.1948774,24.2736128,0 76.1964228,24.2727121,0 76.1991336,24.2715573,0 76.2002736,24.2708414,0 76.2015404,24.2692016,0 76.201971,24.2684164,0 76.2020217,24.2633584,0 76.2023213,24.2606647,0 76.2024761,24.2588234,0 76.2024777,24.2549048,0 76.2026044,24.2480214,0 76.2038458,24.240283,0 76.2054418,24.2340688,0 76.2063285,24.2297025,0 76.2053152,24.2251743,0 76.2045045,24.2230026,0 76.2038711,24.2195139,0 76.2042511,24.2178965,0 76.2053043,24.2168119,0 76.2065819,24.2155398,0 76.2081779,24.2142922,0 76.2110154,24.2120278,0 76.2125548,24.2099399,0 76.2139662,24.2102944,0 76.2150271,24.2105478,0 76.2158569,24.2108257,0 76.2159313,24.2108456,0 76.2167111,24.2110943,0 76.2171311,24.2111829,0 76.2175152,24.211264,0 76.2178084,24.2120653,0 76.2180303,24.2126235,0 76.2183446,24.2129297,0 76.2183887,24.2129741,0 76.2186416,24.2132282,0 76.2188895,24.2133864,0 76.2193054,24.2136518,0 76.220695,24.2143044,0 76.2214576,24.2147634,0 76.2219568,24.2151112,0 76.221983,24.2151294,0 76.2227599,24.2155431,0 76.2233436,24.2158319,0 76.2240144,24.2161472,0 76.2241844,24.216227,0 76.2247255,24.2165084,0 76.2247831,24.2165383,0 76.2247843,24.2165382,0 76.2248543,24.2165344,0 76.2252653,24.2165118,0 76.2258625,24.2161503,0 76.2263117,24.2157629,0 76.2267086,24.2155565,0 76.2271216,24.215499,0 76.2276524,24.2154089,0 76.2289945,24.2157097,0 76.2297054,24.2159116,0 76.2303182,24.2161505,0 76.230631,24.2162237,0 76.231083,24.2163295,0 76.2313219,24.216477,0 76.2317467,24.2167395,0 76.2324668,24.2168782,0 76.2332101,24.2168586,0 76.2337906,24.2168133,0 76.234297,24.2167888,0 76.2344648,24.2167807,0 76.2349934,24.2168864,0 76.2353046,24.2169486,0 76.235333,24.2169543,0 76.2359834,24.2175179,0 76.2365446,24.2180191,0 76.2372384,24.2184876,0 76.2378581,24.2187115,0 76.237935,24.2187393,0 76.2388125,24.218854,0 76.2399452,24.2188855,0 76.2406715,24.2188372,0 76.2413377,24.2187928,0 76.2419633,24.2187842,0 76.2421303,24.2187819,0 76.2422592,24.218742,0 76.2423336,24.218719,0 76.2426702,24.2186149,0 76.2432355,24.21852,0 76.2436474,24.218345,0 76.2438195,24.2182932,0 76.2440941,24.2182105,0 76.2446975,24.2180348,0 76.2450515,24.2179317,0 76.2454778,24.2177767,0 76.2458266,24.2176499,0 76.2462081,24.2174303,0 76.2465904,24.2172102,0 76.2469349,24.2169261,0 76.2472595,24.2166584,0 76.2479287,24.2161066,0 76.248554,24.2156047,0 76.2489888,24.215258,0 76.2490006,24.2152579,0 76.249998,24.2152497,0 76.2503437,24.215251,0 76.2507997,24.2149313,0 76.2510689,24.2147425,0 76.2514242,24.2145626,0 76.2519966,24.214325,0 76.2521077,24.2142789,0 76.2523376,24.2143647,0 76.2536737,24.2148632,0 76.2539442,24.2149314,0 76.254173,24.2149891,0 76.2542156,24.2149999,0 76.2549869,24.215258,0 76.2551699,24.2153193,0 76.25626,24.2150962,0 76.2564837,24.2150255,0 76.2571977,24.2148644,0 76.2572951,24.21484,0 76.2581256,24.2146323,0 76.258824,24.2141909,0 76.2592581,24.2140086,0 76.2613155,24.213401,0 76.2614711,24.2133477,0 76.2619873,24.2131709,0 76.2639546,24.2124525,0 76.2646425,24.2121868,0 76.2662031,24.2111052,0 76.2664976,24.2108288,0 76.2665138,24.2108171,0 76.2671476,24.2103589,0 76.2676514,24.2102545,0 76.2686171,24.2100542,0 76.2688224,24.2100117,0 76.2693495,24.2101478,0 76.2701023,24.2103614,0 76.2703347,24.2104273,0 76.2716476,24.2107699,0 76.2724698,24.210914,0 76.2727666,24.2109122,0 76.2742469,24.2109035,0 76.2755373,24.2108752,0 76.2758239,24.2107792,0 76.2767712,24.2104618,0 76.277786,24.2098212,0 76.2781496,24.2095736,0 76.2792905,24.2087966,0 76.2798157,24.2083229,0 76.2803449,24.2078455,0 76.2813644,24.2070561,0 76.2823209,24.2073077,0 76.2835522,24.2078665,0 76.2844359,24.2082676,0 76.2853989,24.209544,0 76.2853403,24.210514,0 76.285315,24.210932,0 76.2851876,24.2113755,0 76.285141,24.2125163,0 76.28511,24.213179,0 76.2855071,24.2138398,0 76.2860815,24.214943,0 76.2862627,24.2152911,0 76.2867159,24.216969,0 76.2869918,24.2183749,0 76.2870543,24.2186935,0 76.28714,24.2190885,0 76.2873295,24.2200868,0 76.2874012,24.2215331,0 76.2873868,24.222747,0 76.2872491,24.2235602,0 76.2871501,24.2241445,0 76.2869088,24.2255283,0 76.2869235,24.2260603,0 76.286952,24.2270959,0 76.286889,24.2277645,0 76.2868251,24.2284422,0 76.2873604,24.2298605,0 76.2898972,24.2299606,0 76.2901074,24.2300245,0 76.2926663,24.2308025,0 76.2941603,24.2313232,0 76.2956845,24.2318544,0 76.2974902,24.2326524,0 76.2977486,24.2330139,0 76.2978059,24.2330942,0 76.2978929,24.2331855,0 76.2984632,24.2337845,0 76.299009,24.2339526,0 76.299443,24.2340862,0 76.2998502,24.2344357,0 76.2999676,24.2345513,0 76.3001691,24.2347498,0 76.301344,24.2359068,0 76.3018603,24.2360787,0 76.3022476,24.2361782,0 76.3029048,24.236347,0 76.3039208,24.236608,0 76.3065381,24.2369673,0 76.3069691,24.2370376,0 76.30911,24.2373613,0 76.3099041,24.2374684,0 76.3108391,24.2376334,0 76.3114352,24.2380934,0 76.3118817,24.2384378,0 76.3127999,24.2391305,0 76.3135572,24.2399272,0 76.3150165,24.2415643,0 76.3159087,24.2423523,0 76.316587,24.2429515,0 76.3175519,24.2437267,0 76.3191126,24.2448067,0 76.3211443,24.2453215,0 76.3217043,24.2453591,0 76.3219886,24.2453982,0 76.3222084,24.245433,0 76.3229145,24.2455449,0 76.324333,24.2455241,0 76.3252109,24.2454753,0 76.3267305,24.2452318,0 76.3268042,24.2452199,0 76.3275999,24.2451238,0 76.3285936,24.2449924,0 76.3291121,24.2449424,0 76.329438,24.244911,0 76.3298226,24.2448942,0 76.3320372,24.2447637,0 76.3323195,24.2447125,0 76.3331297,24.2446213,0 76.3346013,24.2446471,0 76.3346108,24.2446472,0 76.3346301,24.2446436,0 76.3349079,24.244592,0 76.335015,24.2445978,0 76.3353874,24.2446179,0 76.3353994,24.2446185,0 76.3367574,24.2444877,0 76.337202,24.2444409,0 76.3374685,24.2444208,0 76.3383042,24.2443032,0 76.3398809,24.244106,0 76.3402049,24.2438626,0 76.3405718,24.2435871,0 76.342007,24.2428513,0 76.3424383,24.2426302,0 76.3432153,24.2423483,0 76.3437078,24.2423447,0 76.3442923,24.2423404,0 76.3449436,24.2423356,0 76.3467892,24.242353,0 76.3468156,24.2423308,0 76.3473759,24.2418585,0 76.3484196,24.2407662,0 76.3485622,24.2406171,0 76.3497623,24.2404954,0 76.3510636,24.240306,0 76.3511107,24.2402992,0 76.3521758,24.2401441,0 76.3525054,24.2401483,0 76.3528361,24.240121,0 76.3548297,24.2399707,0 76.3550421,24.2399493,0 76.355309,24.2399469,0 76.3556774,24.2399436,0 76.3562948,24.2398635,0 76.3572097,24.2397448,0 76.3574078,24.2390821,0 76.3578491,24.2375725,0 76.357847,24.2371707,0 76.3579805,24.2363708,0 76.3583398,24.2354368,0 76.3590589,24.2352663,0 76.3596536,24.2351375,0 76.3612304,24.2339967,0 76.3635415,24.2326674,0 76.3660755,24.2312944,0 76.368379,24.2300462,0 76.3704897,24.2288244,0 76.3710287,24.2285904,0 76.3715667,24.2283772,0 76.3726118,24.2279631,0 76.3728978,24.2278498,0 76.3732747,24.2275614,0 76.3748143,24.2263836,0 76.3770993,24.2249316,0 76.3789933,24.2237086,0 76.3802856,24.2229932,0 76.3815318,24.221392,0 76.3819083,24.2210002,0 76.383875,24.220298,0 76.3840985,24.2202182,0 76.3841038,24.2202156,0 76.3844282,24.2200598,0 76.3845583,24.2200236,0 76.3868016,24.2193999,0 76.3874869,24.2192058,0 76.3892802,24.2186797,0 76.3899315,24.218313,0 76.3915257,24.2173798,0 76.3923767,24.2169237,0 76.3935206,24.2166496,0 76.3939387,24.2165494,0 76.3950463,24.2163593,0 76.395135,24.2163442,0 76.3963585,24.2161343,0 76.3968323,24.2160926,0 76.3989262,24.2157051,0 76.3992763,24.2156872,0 76.4000938,24.2155145,0 76.4015828,24.2152736,0 76.4018106,24.2147513,0 76.4025315,24.2135695,0 76.4025472,24.2135326,0 76.4031422,24.2121321,0 76.4038788,24.210761,0 76.4052024,24.2085523,0 76.4062179,24.2069131,0 76.4070787,24.2053422,0 76.407962,24.2035237,0 76.409185,24.2018584,0 76.4101178,24.2008175,0 76.4101566,24.2008089,0 76.4110642,24.2006075,0 76.4116826,24.2005062,0 76.4116907,24.2005064,0 76.4137084,24.2005591,0 76.4148034,24.2006373,0 76.415792,24.201769,0 76.4171907,24.2033221,0 76.418249,24.2045864,0 76.4192601,24.2057734,0 76.4193697,24.205902,0 76.4194017,24.2059626,0 76.4198625,24.2068357,0 76.4203011,24.2077724,0 76.4205694,24.2086416,0 76.4204564,24.2086997,0 76.4194493,24.2092173,0 76.418294,24.2096603,0 76.4182589,24.2096738,0 76.4182015,24.2097014,0 76.4174483,24.2100641,0 76.4170049,24.2102776,0 76.4167822,24.2104988,0 76.416624,24.2106559,0 76.4164175,24.2109665,0 76.4164186,24.2109923,0 76.4164365,24.2114026,0 76.4164405,24.2114951,0 76.4165399,24.2121026,0 76.416657,24.2126339,0 76.416734,24.2129834,0 76.4167518,24.2131634,0 76.4168127,24.2137798,0 76.4167858,24.2144923,0 76.4165072,24.2158573,0 76.4164115,24.2164055,0 76.4162272,24.2174299,0 76.4161443,24.218836,0 76.4161966,24.2194285,0 76.4162062,24.2195373,0 76.4162153,24.220519,0 76.4162164,24.2206344,0 76.416354,24.2206414,0 76.4165752,24.2206528,0 76.4184498,24.2205166,0 76.418707,24.2204781,0 76.418919,24.2204587,0 76.421012,24.2202673,0 76.4215653,24.2202049,0 76.4234706,24.2201868,0 76.4238284,24.2202367,0 76.4258769,24.2205202,0 76.4266906,24.2206316,0 76.4282884,24.2208537,0 76.4290479,24.2209637,0 76.4296579,24.2211442,0 76.4302185,24.22131,0 76.4302805,24.2212835,0 76.4307272,24.221093,0 76.4327659,24.2198475,0 76.4332504,24.2195515,0 76.4336016,24.2192507,0 76.4337596,24.2191154,0 76.4341149,24.2188111,0 76.4346509,24.2185014,0 76.4359239,24.2177656,0 76.4375753,24.216725,0 76.4385238,24.2161313,0 76.4385665,24.2161018,0 76.4394793,24.2154698,0 76.440329,24.214887,0 76.4411923,24.2144698,0 76.442882,24.2136531,0 76.4443839,24.2129384,0 76.4453743,24.2124672,0 76.445478,24.212435,0 76.4466365,24.2120755,0 76.4479741,24.2111486,0 76.4492362,24.2102739,0 76.4506272,24.2093709,0 76.4507791,24.2093702,0 76.4522663,24.2093635,0 76.4525394,24.2098722,0 76.4525736,24.2099357,0 76.4543987,24.2109216,0 76.455528,24.2122959,0 76.4566524,24.2136655,0 76.4577598,24.2151113,0 76.4591796,24.2168044,0 76.4593604,24.2170358,0 76.4596153,24.2173618,0 76.4605201,24.2185136,0 76.4608158,24.2189393,0 76.4609256,24.2190973,0 76.4611038,24.2195494,0 76.4613733,24.2202328,0 76.4615868,24.2208658,0 76.4616621,24.2210888,0 76.4620684,24.2221239,0 76.4627242,24.2232151,0 76.463069,24.2235264,0 76.4655865,24.2252251,0 76.4657499,24.2252819,0 76.4680169,24.2260684,0 76.4686667,24.2260626,0 76.4705099,24.2261504,0 76.4705184,24.2259857,0 76.4705342,24.2256771,0 76.4704635,24.2242851,0 76.4704788,24.2229764,0 76.4705759,24.2229514,0 76.4709353,24.2228589,0 76.4715156,24.2227097,0 76.4722939,24.2225265,0 76.4740275,24.2221692,0 76.4744635,24.2209481,0 76.4749077,24.2196143,0 76.4755386,24.218132,0 76.4762527,24.2168232,0 76.4767747,24.215523,0 76.4768002,24.2154253,0 76.4769585,24.2148191,0 76.4773685,24.2138004,0 76.4780766,24.2123651,0 76.4784032,24.2117763,0 76.4788369,24.2109943,0 76.4790803,24.2104921,0 76.4793253,24.2099867,0 76.4794786,24.2096386,0 76.479802,24.2090374,0 76.480343,24.2083363,0 76.4805398,24.2080813,0 76.4813661,24.2079355,0 76.4820621,24.2078675,0 76.4838648,24.2076563,0 76.4839934,24.2076222,0 76.4841129,24.2075904,0 76.4852256,24.2074113,0 76.4865105,24.2072365,0 76.486949,24.2071838,0 76.4871921,24.2071546,0 76.4890351,24.2069127,0 76.4905641,24.2064778,0 76.4935354,24.2058675,0 76.4947679,24.2056326,0 76.4957986,24.2054016,0 76.4962576,24.2053672,0 76.4968083,24.2053261,0 76.4968787,24.2053208,0 76.4969239,24.2053365,0 76.4988078,24.205991,0 76.4988414,24.2060027,0 76.4994225,24.2060634,0 76.4994693,24.2060683,0 76.49948,24.2060647,0 76.4999997,24.2058904,0 76.5008722,24.205642,0 76.5013132,24.2054987,0 76.5015244,24.205415,0 76.5019808,24.2052342,0 76.502957,24.2045293,0 76.504535,24.203087,0 76.5055345,24.201849,0 76.5060342,24.2010079,0 76.5063392,24.2002133,0 76.5064801,24.1998462,0 76.506938,24.1983273,0 76.5069932,24.1981444,0 76.5071252,24.1977247,0 76.5079191,24.1963858,0 76.5079843,24.1962759,0 76.5080122,24.1961731,0 76.508357,24.1949042,0 76.5085353,24.1942642,0 76.5087254,24.1935822,0 76.5088074,24.1923352,0 76.5088109,24.1922813,0 76.5088135,24.192243,0 76.5089174,24.1906636,0 76.5091517,24.1871441,0 76.509274,24.1849937,0 76.509434,24.1831139,0 76.5094372,24.1821341,0 76.5098999,24.1792129,0 76.5099936,24.1788101,0 76.5105605,24.1763887,0 76.5108625,24.175099,0 76.5109027,24.1749272,0 76.5110193,24.1743149,0 76.5110782,24.1740054,0 76.5112318,24.1731993,0 76.5116512,24.1707886,0 76.5117887,24.1699249,0 76.5120666,24.1689785,0 76.5121943,24.1685438,0 76.5124416,24.1677015,0 76.5129305,24.1665905,0 76.5134607,24.1656139,0 76.5135273,24.1654911,0 76.5146259,24.1634674,0 76.5153689,24.1626338,0 76.5168044,24.1616759,0 76.5192971,24.159827,0 76.520668,24.1588245,0 76.5224088,24.1570734,0 76.5248209,24.1567378,0 76.5265862,24.1566299,0 76.5274239,24.1567343,0 76.5281892,24.1569479,0 76.5292086,24.1574343,0 76.5325981,24.1581859,0 76.5340844,24.158618,0 76.5372509,24.1595078,0 76.5372641,24.1595115,0 76.5381409,24.1599993,0 76.5395609,24.1606397,0 76.5406715,24.1613373,0 76.5419958,24.1617935,0 76.5437638,24.1623264,0 76.5444693,24.1627284,0 76.5446405,24.1628259,0 76.5446904,24.1628543,0 76.5455075,24.1628572,0 76.5456141,24.1628576,0 76.5456795,24.1628578,0 76.5484772,24.1626624,0 76.5508228,24.1629366,0 76.5519539,24.1632817,0 76.5533496,24.1639448,0 76.5535044,24.164106,0 76.5538779,24.1644948,0 76.5557856,24.1663942,0 76.5578331,24.1680483,0 76.5599402,24.1701397,0 76.5606843,24.1713136,0 76.5609032,24.1716588,0 76.5609838,24.171786,0 76.561795,24.1733399,0 76.5638621,24.1737567,0 76.5653176,24.1740578,0 76.5661785,24.1744417,0 76.5672903,24.1752114,0 76.5682682,24.1758966,0 76.5688912,24.1766421,0 76.5690062,24.1767797,0 76.5690365,24.1768161,0 76.5691922,24.1770023,0 76.5698721,24.1779887,0 76.5698936,24.1780199,0 76.5699185,24.1772341,0 76.5697652,24.1760528,0 76.5697283,24.1757687,0 76.5698593,24.175556,0 76.5700082,24.1753143,0 76.5704952,24.174894,0 76.5711473,24.1747021,0 76.5721704,24.1747394,0 76.5722108,24.1747408,0 76.5722339,24.1747493,0 76.5726493,24.1749014,0 76.5746172,24.1756219,0 76.5748853,24.17572,0 76.5753059,24.1759098,0 76.5760982,24.1767053,0 76.5766673,24.1775948,0 76.5767411,24.1777845,0 76.576777,24.1778767,0 76.5768429,24.1779536,0 76.5772064,24.1783779,0 76.5772402,24.178427,0 76.5777275,24.1791744,0 76.5777532,24.1792256,0 76.577773,24.1793154,0 76.5778256,24.1799066,0 76.57735,24.1808551,0 76.5768949,24.18167,0 76.5764447,24.1824763,0 76.5757866,24.1839206,0 76.5756779,24.1841592,0 76.5754911,24.1846042,0 76.5746689,24.1865625,0 76.5745056,24.1866597,0 76.5725868,24.1878005,0 76.5724897,24.1878582,0 76.5699354,24.1890765,0 76.5695977,24.189192,0 76.5692002,24.1893279,0 76.5670837,24.1905235,0 76.5642735,24.1909452,0 76.564318,24.1911912,0 76.5647715,24.1936972,0 76.5650018,24.1949695,0 76.5650071,24.1949966,0 76.5651443,24.1957734,0 76.5651551,24.1958348,0 76.5651769,24.1961357,0 76.565238,24.1969808,0 76.5654145,24.1977284,0 76.5654901,24.1990821,0 76.5655164,24.1996191,0 76.5656498,24.2004665,0 76.5660483,24.2012571,0 76.566154,24.2014927,0 76.5663165,24.2018548,0 76.5663134,24.2024102,0 76.5663437,24.202539,0 76.5663583,24.2026011,0 76.5664393,24.2029461,0 76.566452,24.2030003,0 76.5665419,24.203383,0 76.5669483,24.2039586,0 76.567053,24.204107,0 76.5671108,24.204154,0 76.5671218,24.204162,0 76.5671345,24.2041706,0 76.5671441,24.2041759,0 76.5672255,24.204231,0 76.5673203,24.2042719,0 76.5674902,24.2043285,0 76.5675846,24.2043495,0 76.5676831,24.2043632,0 76.5683443,24.2044549,0 76.5684388,24.2044944,0 76.568506,24.2045381,0 76.5685572,24.204576,0 76.5686097,24.2046293,0 76.5687613,24.2048296,0 76.5688722,24.2050275,0 76.5689981,24.2052657,0 76.5691432,24.2055595,0 76.5692053,24.2057288,0 76.5692091,24.2058521,0 76.5692055,24.2058859,0 76.5692027,24.2059023,0 76.5692037,24.205915,0 76.5692023,24.2059294,0 76.5691486,24.2062828,0 76.5691477,24.2063873,0 76.5691473,24.206428,0 76.5691631,24.2065384,0 76.5691899,24.206598,0 76.5692022,24.2066177,0 76.569276,24.206713,0 76.5698033,24.2071392,0 76.5698122,24.2071464,0 76.5698334,24.2071611,0 76.5701323,24.2073233,0 76.5702053,24.2073731,0 76.5702203,24.2073892,0 76.570234,24.2074147,0 76.5702519,24.2074761,0 76.5702548,24.2075549,0 76.5702529,24.2079811,0 76.5701885,24.2088028,0 76.5701898,24.2088398,0 76.5701912,24.2088775,0 76.570198,24.2089077,0 76.5702178,24.2089481,0 76.5702511,24.2089885,0 76.5702593,24.2089957,0 76.5703057,24.2090367,0 76.5704031,24.2090939,0 76.57058,24.2091919,0 76.5708914,24.2093326,0 76.5709669,24.2093646,0 76.5710361,24.2093893,0 76.5714612,24.2095318,0 76.5718251,24.2096364,0 76.5719351,24.2096573,0 76.57201,24.2096632,0 76.5720758,24.2096656,0 76.5727667,24.2096352,0 76.5733123,24.2096484,0 76.5733616,24.2096518,0 76.5734048,24.2096579,0 76.5734711,24.2096694,0 76.5735751,24.2096961,0 76.5736835,24.2097355,0 76.5746065,24.2101127,0 76.5747524,24.2101836,0 76.5749054,24.2102724,0 76.5755136,24.2106257,0 76.575745,24.2107601,0 76.5760548,24.2109501,0 76.5760651,24.2109569,0 76.5760717,24.2109613,0 76.5761005,24.210974,0 76.5765513,24.2111582,0 76.5765847,24.2111739,0 76.5772448,24.2115122,0 76.5775665,24.2116909,0 76.5775874,24.2116999,0 76.577661,24.2117246,0 76.5776905,24.2117335,0 76.577741,24.211746,0 76.5777918,24.2117561,0 76.5779519,24.2117821,0 76.5779745,24.2117842,0 76.5780205,24.2117851,0 76.5780517,24.2117853,0 76.5780703,24.2117836,0 76.5780833,24.211781,0 76.578146,24.2117603,0 76.5786263,24.2115455,0 76.5786972,24.2115243,0 76.5787761,24.2115085,0 76.5788028,24.211504,0 76.5798144,24.211385,0 76.5798474,24.2113814,0 76.5798921,24.2113797,0 76.5800425,24.2113767,0 76.580969,24.2113768,0 76.5811617,24.2113768,0 76.581373,24.2113475,0 76.5814628,24.2113417,0 76.5815259,24.2113376,0 76.5817976,24.211315,0 76.5818667,24.2113143,0 76.5819488,24.2113253,0 76.5819966,24.2113407,0 76.5820427,24.2113677,0 76.5820557,24.2113793,0 76.5820721,24.2113969,0 76.5820896,24.2114176,0 76.5821321,24.2114781,0 76.5821678,24.2115729,0 76.5821996,24.2116954,0 76.5822939,24.2121732,0 76.5824756,24.2133362,0 76.582517,24.2139796,0 76.5825294,24.2141031,0 76.582581,24.2142643,0 76.582666,24.2144974,0 76.582755,24.2147146,0 76.5831061,24.2153568,0 76.583331,24.2160236,0 76.5834081,24.2162521,0 76.5834127,24.2162656,0 76.5835118,24.2162665,0 76.5866671,24.2162949,0 76.5868574,24.2163471,0 76.5873339,24.2164776,0 76.5877895,24.2165587,0 76.5884835,24.2166823,0 76.5891351,24.2169098,0 76.5894378,24.2170155,0 76.5898216,24.217326,0 76.5901945,24.2176276,0 76.5910689,24.2183349,0 76.5922611,24.2197139,0 76.5935458,24.2211998,0 76.5936762,24.2213506,0 76.5950062,24.2230351,0 76.5952318,24.2233208,0 76.5953097,24.2240379,0 76.5952953,24.2243939,0 76.5952332,24.2259342,0 76.5952232,24.2261833,0 76.5951007,24.2270244,0 76.5950197,24.2271874,0 76.5944534,24.2283269,0 76.5943947,24.2284449,0 76.5933282,24.2301762,0 76.5928074,24.2306558,0 76.591777,24.2312828,0 76.5915467,24.2314229,0 76.5898266,24.2328676,0 76.5893252,24.2332516,0 76.5885,24.2338837,0 76.587836,24.2347259,0 76.5875954,24.2353687,0 76.5871004,24.2366915,0 76.5867589,24.2376041,0 76.5860215,24.2388895,0 76.5848503,24.2406078,0 76.5842177,24.2415359,0 76.5840204,24.2419259,0 76.5836521,24.2426538,0 76.5836116,24.242734,0 76.5835448,24.2428658,0 76.5859584,24.2443781,0 76.5860497,24.2444353,0 76.5860608,24.2444423,0 76.5898687,24.2441813,0 76.5907003,24.2441365,0 76.5926812,24.2440567,0 76.5938796,24.2440085,0 76.5956031,24.244022,0 76.597478,24.2435373,0 76.5989001,24.2430663,0 76.5993625,24.2429714,0 76.59955,24.2429263,0 76.6012665,24.2425132,0 76.6021741,24.2422463,0 76.6044357,24.2415904,0 76.6056098,24.2413749,0 76.6056389,24.2413384,0 76.606207,24.2407004,0 76.6066968,24.2401871,0 76.6074171,24.2394325,0 76.6080963,24.2390235,0 76.6081158,24.2390199,0 76.6101841,24.2386402,0 76.6111985,24.238652,0 76.6116703,24.240927,0 76.6117173,24.2411342,0 76.6119157,24.2420306,0 76.6120527,24.242747,0 76.612595,24.2451476,0 76.6128216,24.2463191,0 76.6128463,24.2467206,0 76.6131135,24.2476027,0 76.6135164,24.2490928,0 76.6138562,24.2500015,0 76.6141188,24.2504663,0 76.6141407,24.2505052,0 76.6141422,24.2505346,0 76.6141899,24.2514667,0 76.6145507,24.2527711,0 76.6147855,24.2536201,0 76.6155583,24.2555973,0 76.6161491,24.2565453,0 76.6163165,24.2567725,0 76.6163166,24.2570193,0 76.6167104,24.2570193,0 76.6167104,24.2569189,0 76.6168187,24.256938,0 76.6170009,24.2570103,0 76.6171044,24.2571051,0 76.6171781,24.2572676,0 76.6171781,24.2576017,0 76.6172077,24.2578861,0 76.6172291,24.2579496,0 76.6173111,24.2581931,0 76.6173849,24.2584503,0 76.6174883,24.25864,0 76.6176458,24.2588295,0 76.6178773,24.2589018,0 76.618084,24.2589244,0 76.6182859,24.2588296,0 76.6184681,24.2587619,0 76.6185961,24.2587348,0 76.6187783,24.2587348,0 76.6190885,24.258807,0 76.6193446,24.2589018,0 76.6194725,24.2589018,0 76.6196794,24.2589019,0 76.619837,24.2588568,0 76.6199649,24.2587349,0 76.6201176,24.2585452,0 76.6202456,24.2583331,0 76.6202535,24.2583169,0 76.620349,24.2581209,0 76.6205804,24.2579314,0 76.6208414,24.257814,0 76.6211221,24.2576244,0 76.6212622,24.2575892,0 76.6215899,24.257507,0 76.6223383,24.2573536,0 76.6225697,24.2573536,0 76.6226731,24.2573806,0 76.6227518,24.2575206,0 76.6228011,24.2577599,0 76.6228799,24.2580668,0 76.6229832,24.2583242,0 76.6231901,24.2586734,0 76.6232639,24.2587981,0 76.6235742,24.2590373,0 76.6238597,24.2591547,0 76.6241157,24.2592269,0 76.6244013,24.2592947,0 76.6246033,24.2593218,0 76.6248395,24.2593444,0 76.6251202,24.2593669,0 76.6254551,24.259412,0 76.6258687,24.2595565,0 76.6261247,24.2596964,0 76.6262925,24.2597954,0 76.6263315,24.2598184,0 76.6265925,24.2599131,0 76.6267943,24.2600079,0 76.6272325,24.2600711,0 76.6279268,24.2602833,0 76.6282371,24.2604232,0 76.6285473,24.2605677,0 76.6288329,24.2606353,0 76.6290347,24.260685,0 76.6291923,24.2607076,0 76.6295025,24.2607302,0 76.6299408,24.2608023,0 76.6301721,24.2608249,0 76.6304824,24.2608248,0 76.6309944,24.2608249,0 76.6313047,24.2608249,0 76.6316148,24.2608022,0 76.6319989,24.2607797,0 76.6324125,24.2607481,0 76.6325652,24.2606984,0 76.6327966,24.2606261,0 76.6330526,24.2603733,0 76.6331166,24.2603011,0 76.6332594,24.2602515,0 76.6334022,24.2602289,0 76.6335302,24.2602424,0 76.6337223,24.2602424,0 76.6337518,24.2602379,0 76.6339635,24.2602063,0 76.6341309,24.2601114,0 76.6342638,24.2600167,0 76.6346233,24.2599083,0 76.6348794,24.2599083,0 76.6349972,24.2599082,0 76.6350861,24.2599082,0 76.6352683,24.2598496,0 76.6353175,24.2596599,0 76.6353323,24.259222,0 76.6353421,24.2591408,0 76.6355095,24.2589377,0 76.6355341,24.2589061,0 76.6356917,24.2587752,0 76.6357803,24.2587119,0 76.6359772,24.258554,0 76.6361841,24.2584862,0 76.6364894,24.2584365,0 76.6368242,24.2583778,0 76.6370457,24.2583416,0 76.6372033,24.2583351,0 76.6372033,24.2585493,0 76.6373837,24.2585493,0 76.6373953,24.2591723,0 76.6373985,24.259398,0 76.637233,24.259398,0 76.6372329,24.2597592,0 76.6374035,24.2597591,0 76.6374053,24.25989,0 76.6375235,24.2604317,0 76.6375088,24.2608696,0 76.6374202,24.2613888,0 76.6367359,24.2624812,0 76.6364391,24.2629763,0 76.6362731,24.2632532,0 76.6362583,24.2634834,0 76.6364258,24.2638761,0 76.6365984,24.2642463,0 76.6368127,24.2646074,0 76.6369921,24.2648782,0 76.6377014,24.2656998,0 76.6383071,24.2663724,0 76.6389522,24.2671216,0 76.6396318,24.2677986,0 76.6399949,24.2682185,0 76.6399668,24.2682185,0 76.6403606,24.2685118,0 76.6410107,24.2688458,0 76.6415102,24.26906,0 76.6416725,24.2691306,0 76.6417061,24.2691421,0 76.6417247,24.2691454,0 76.6419076,24.2691318,0 76.6419347,24.2691322,0 76.6419423,24.269133,0 76.6423594,24.269227,0 76.6430946,24.2693363,0 76.6434302,24.269387,0 76.6434725,24.2693907,0 76.6435115,24.2693903,0 76.6435532,24.2693811,0 76.6437297,24.269325,0 76.6438865,24.2692556,0 76.6440243,24.2691928,0 76.6440244,24.269193,0 76.6440248,24.2691926,0 76.6441721,24.2689899,0 76.6444035,24.2688364,0 76.6450485,24.2686693,0 76.6453785,24.2686466,0 76.6457724,24.2685892,0 76.6459398,24.2685518,0 76.6464027,24.2683486,0 76.6471117,24.2679242,0 76.6476188,24.2676874,0 76.6476188,24.2677345,0 76.6480127,24.2674867,0 76.6488891,24.2668901,0 76.6496867,24.2662761,0 76.6504433,24.265707,0 76.6508092,24.2654317,0 76.6517594,24.264601,0 76.6524437,24.2639463,0 76.6530345,24.2634992,0 76.653384,24.2633818,0 76.6536352,24.2634901,0 76.6537928,24.2636029,0 76.6539947,24.2637293,0 76.6543296,24.2639008,0 76.6545905,24.2640136,0 76.6547137,24.2640858,0 76.6549255,24.2641625,0 76.6550535,24.2642166,0 76.6551618,24.2642888,0 76.655167,24.2642936,0 76.6552603,24.2643791,0 76.655349,24.2644468,0 76.6556741,24.2646453,0 76.6559596,24.2646679,0 76.6560482,24.2646813,0 76.6561714,24.2646678,0 76.6562698,24.2646678,0 76.6563486,24.2647039,0 76.6563979,24.2647491,0 76.6564323,24.2647806,0 76.656521,24.2648257,0 76.6567327,24.2648257,0 76.6569642,24.2647715,0 76.6573482,24.2646314,0 76.6577027,24.2643515,0 76.6580325,24.2640851,0 76.6584165,24.2638864,0 76.6589286,24.2636832,0 76.6596819,24.2633895,0 76.6599378,24.2632586,0 76.6599718,24.2632348,0 76.6601052,24.2631412,0 76.6603219,24.2630553,0 76.6604549,24.2629966,0 76.6608044,24.2629243,0 76.6612623,24.262852,0 76.6615873,24.2627887,0 76.6618531,24.2627164,0 76.6622322,24.262626,0 76.6624587,24.2625176,0 76.6627788,24.2624092,0 76.6630003,24.2623595,0 76.6631825,24.2623324,0 76.6634678,24.2622431,0 76.6640297,24.2623978,0 76.6641322,24.262426,0 76.6644187,24.2623947,0 76.6645262,24.2624013,0 76.6646291,24.2624019,0 76.6646699,24.2622658,0 76.6646978,24.2621725,0 76.6646887,24.2618826,0 76.6651316,24.2619343,0 76.6655526,24.2623225,0 76.6656883,24.2624477,0 76.666005,24.2627176,0 76.6661657,24.2631015,0 76.6663619,24.2634003,0 76.6666818,24.2636506,0 76.6673023,24.2636741,0 76.6678363,24.2636495,0 76.6688504,24.2637174,0 76.6690923,24.2637336,0 76.6699728,24.2640664,0 76.6704888,24.2641937,0 76.6712122,24.264209,0 76.6715463,24.2644089,0 76.6720424,24.2648138,0 76.6724505,24.2651422,0 76.6730421,24.2651686,0 76.6732092,24.2652208,0 76.6733015,24.2652661,0 76.6734198,24.2653417,0 76.6734492,24.2653623,0 76.67394,24.2657071,0 76.6746502,24.2660325,0 76.6749429,24.2663586,0 76.6752355,24.2666487,0 76.6761202,24.2666601,0 76.6764826,24.2667435,0 76.6768289,24.2667834,0 76.6770936,24.2668095,0 76.6773374,24.2667438,0 76.6775633,24.2667116,0 76.677573,24.2666974,0 76.677578,24.2666889,0 76.6775771,24.2666843,0 76.6777543,24.2666384,0 76.6779854,24.2669008,0 76.6780253,24.2670361,0 76.6779765,24.2682189,0 76.6779929,24.2689502,0 76.6780009,24.2693113,0 76.6780016,24.269343,0 76.678002,24.2699433,0 76.6780088,24.2701022,0 76.6780348,24.2707017,0 76.6780746,24.2710628,0 76.6781009,24.2712253,0 76.678421,24.2712839,0 76.6788298,24.2713785,0 76.6790367,24.2714733,0 76.6793863,24.2716086,0 76.6795193,24.2716311,0 76.6796079,24.2716356,0 76.6797016,24.2716626,0 76.6797508,24.2716942,0 76.6798641,24.2718973,0 76.6799283,24.2722178,0 76.6800662,24.2724525,0 76.6802141,24.272624,0 76.680416,24.2727457,0 76.680613,24.2728721,0 76.6807954,24.2730707,0 76.6808989,24.2732693,0 76.6809876,24.2734949,0 76.6810567,24.2737657,0 76.6810717,24.274321,0 76.681121,24.2746596,0 76.6811556,24.2748897,0 76.6811852,24.274971,0 76.681269,24.2750703,0 76.6813478,24.2751244,0 76.6815398,24.2751876,0 76.6817368,24.2751875,0 76.6817537,24.2751875,0 76.6819043,24.2751874,0 76.6820914,24.2751874,0 76.6822047,24.2752324,0 76.6822884,24.2753001,0 76.68236,24.275449,0 76.6825492,24.2758101,0 76.6825792,24.2758462,0 76.6826827,24.2759184,0 76.6828944,24.2759906,0 76.6830275,24.2760718,0 76.6831555,24.276144,0 76.683323,24.2762522,0 76.6834265,24.2763605,0 76.6835151,24.2764508,0 76.6836334,24.2766674,0 76.683801,24.2769066,0 76.6839341,24.2770781,0 76.6841408,24.2770554,0 76.6843132,24.2770644,0 76.6845054,24.2771817,0 76.6848354,24.2774118,0 76.6850619,24.2774975,0 76.6855938,24.2774792,0 76.6858351,24.2774745,0 76.6860173,24.2774655,0 76.6861946,24.2774519,0 76.6862187,24.2774511,0 76.6863324,24.2774473,0 76.6864704,24.2774517,0 76.6866083,24.2774878,0 76.6867117,24.2775284,0 76.6868053,24.2776096,0 76.6868645,24.2777044,0 76.6868498,24.2780114,0 76.6868497,24.2780159,0 76.686845,24.2782461,0 76.6868894,24.2784086,0 76.6869337,24.2784492,0 76.6870421,24.2785123,0 76.6870914,24.2785439,0 76.6871456,24.278589,0 76.68719,24.2787199,0 76.6872393,24.2788508,0 76.6874561,24.2791351,0 76.68753,24.2791757,0 76.6876137,24.2791938,0 76.687727,24.2792027,0 76.6877959,24.2792072,0 76.6879239,24.2792297,0 76.6880816,24.2792703,0 76.6881654,24.2793109,0 76.6882688,24.2793831,0 76.6884067,24.2794913,0 76.6885628,24.2795491,0 76.6886382,24.2795771,0 76.6889583,24.2796175,0 76.6891209,24.2796265,0 76.6892834,24.2796535,0 76.6894656,24.2797346,0 76.689579,24.279834,0 76.6896923,24.2799287,0 76.6898204,24.2800008,0 76.6899336,24.2800414,0 76.6902044,24.2800459,0 76.6904211,24.2799599,0 76.690682,24.2797883,0 76.6908888,24.2794587,0 76.6909575,24.2792285,0 76.6910511,24.2791788,0 76.6911151,24.2791651,0 76.6911889,24.2791787,0 76.691253,24.2792193,0 76.6913761,24.2792869,0 76.6914797,24.2793455,0 76.6916323,24.2794267,0 76.6917161,24.2794809,0 76.6917949,24.2795621,0 76.6919428,24.2799051,0 76.6919478,24.2799999,0 76.6919724,24.2800857,0 76.6920956,24.2801443,0 76.6922335,24.2801443,0 76.6923615,24.2801442,0 76.6924551,24.2801487,0 76.6925339,24.2801486,0 76.6926472,24.2801215,0 76.6927457,24.2802343,0 76.6927901,24.2804058,0 76.6928148,24.2805458,0 76.6928198,24.2806315,0 76.6928051,24.2808527,0 76.6928055,24.2814396,0 76.6927268,24.2817059,0 76.6926827,24.2822115,0 76.6926337,24.282514,0 76.692363,24.2829475,0 76.6923619,24.2829492,0 76.6921612,24.28325,0 76.6919842,24.283688,0 76.6919107,24.2843742,0 76.6918076,24.2849476,0 76.6914877,24.2854036,0 76.6913697,24.2857377,0 76.6914142,24.2860402,0 76.6914586,24.286153,0 76.6914093,24.286153,0 76.6914095,24.2865142,0 76.6918035,24.2865139,0 76.6918034,24.2863867,0 76.6923748,24.2864595,0 76.6927736,24.2864819,0 76.6929411,24.2864187,0 76.6932756,24.2857188,0 76.6936887,24.2845359,0 76.6938784,24.2839414,0 76.6943573,24.282441,0 76.6945635,24.2813756,0 76.6949466,24.2794253,0 76.6950988,24.2786443,0 76.6952312,24.2776285,0 76.6952798,24.2764322,0 76.6951021,24.2757235,0 76.6945594,24.2739633,0 76.6941748,24.2729703,0 76.6935533,24.2710205,0 76.6932425,24.269883,0 76.6930888,24.267933,0 76.6930341,24.266985,0 76.6934467,24.2649399,0 76.6935424,24.2644997,0 76.6936529,24.2639919,0 76.6938346,24.2631657,0 76.6940899,24.2616623,0 76.6945275,24.2605742,0 76.6955803,24.258908,0 76.6960674,24.2580545,0 76.697819,24.2558914,0 76.6988965,24.2545908,0 76.7000821,24.2529877,0 76.7007755,24.2514977,0 76.701173,24.2507888,0 76.7014774,24.2504188,0 76.7015603,24.249998,0 76.7018699,24.2492684,0 76.7021762,24.2485464,0 76.7023803,24.2477466,0 76.7023805,24.2477455,0 76.7026893,24.246535,0 76.7027191,24.2464184,0 76.7028475,24.2449678,0 76.7027304,24.2431993,0 76.7021167,24.2411114,0 76.7013265,24.23982,0 76.7011503,24.2396373,0 76.7005127,24.2389758,0 76.7000498,24.2386588,0 76.6997168,24.2384308,0 76.6995786,24.2383362,0 76.6993162,24.2382341,0 76.6988115,24.2380378,0 76.6974242,24.2377597,0 76.6965988,24.2375161,0 76.6965108,24.2374798,0 76.6962769,24.237383,0 76.6955889,24.2370985,0 76.6943623,24.2363131,0 76.6932471,24.2350072,0 76.6929501,24.234647,0 76.6925166,24.2341214,0 76.6919942,24.2333417,0 76.6915344,24.2323857,0 76.6914931,24.2322998,0 76.6904363,24.2305689,0 76.6900897,24.2296231,0 76.6898234,24.2288962,0 76.6893966,24.2275941,0 76.6889668,24.2262827,0 76.688837,24.2259715,0 76.6887835,24.2258431,0 76.688133,24.2242829,0 76.6869291,24.2222104,0 76.6863017,24.2212379,0 76.6855671,24.2200991,0 76.6847538,24.2188937,0 76.6841444,24.2171035,0 76.6839207,24.2163108,0 76.6837469,24.2156948,0 76.6835169,24.2151455,0 76.6833608,24.2147725,0 76.682752,24.2133179,0 76.6819732,24.2114571,0 76.681898,24.2113373,0 76.6800074,24.2083275,0 76.6790986,24.2069605,0 76.6785283,24.2057821,0 76.6784071,24.2055316,0 76.6780968,24.2048903,0 76.6777637,24.2035079,0 76.6775237,24.2009688,0 76.6774648,24.1987211,0 76.6773258,24.1964631,0 76.6772835,24.1957749,0 76.6769887,24.1944226,0 76.6769536,24.1942616,0 76.6763043,24.192034,0 76.6759878,24.1911373,0 76.6758852,24.1908467,0 76.6759156,24.1908324,0 76.6765566,24.1905308,0 76.6770445,24.1903012,0 76.679326,24.1893776,0 76.6814706,24.1885323,0 76.682454,24.188088,0 76.6853393,24.1866792,0 76.6863026,24.1862035,0 76.6889301,24.1835423,0 76.6920406,24.1805687,0 76.692096,24.1803624,0 76.6923223,24.1795193,0 76.6925425,24.1786986,0 76.6929552,24.1764096,0 76.6934659,24.1759607,0 76.6943076,24.1752207,0 76.6967585,24.173374,0 76.6976063,24.1727005,0 76.6983507,24.1721091,0 76.6985323,24.1719648,0 76.6985798,24.1719271,0 76.6983126,24.1684673,0 76.7019334,24.1672149,0 76.7021432,24.1671424,0 76.7031513,24.1668651,0 76.7048322,24.1664027,0 76.7053595,24.1662577,0 76.7058039,24.1661031,0 76.7083228,24.1652268,0 76.7114339,24.163842,0 76.715657,24.1609819,0 76.7186749,24.1588937,0 76.719115,24.1586901,0 76.7196099,24.1587637,0 76.7201723,24.1588474,0 76.7219907,24.1591179,0 76.722615,24.1592107,0 76.7245038,24.1594916,0 76.7251976,24.1600359,0 76.7258507,24.1605482,0 76.7260752,24.1607244,0 76.7260679,24.1609331,0 76.7260147,24.1624452,0 76.7260536,24.1635102,0 76.7260105,24.1665265,0 76.7260363,24.167709,0 76.7260661,24.1678764,0 76.7261548,24.1683732,0 76.7261906,24.1685741,0 76.7277557,24.1683798,0 76.7286715,24.1682661,0 76.7316218,24.1681062,0 76.7338445,24.168127,0 76.7357607,24.1681449,0 76.7369435,24.1681418,0 76.7381431,24.1681386,0 76.7383441,24.1681381,0 76.7448507,24.1682398,0 76.7451157,24.1682363,0 76.7462461,24.1682216,0 76.7475491,24.1682045,0 76.7488963,24.168192,0 76.749516,24.1681731,0 76.7499977,24.1681583,0 76.7519889,24.1681038,0 76.7539082,24.1681178,0 76.7558173,24.1681094,0 76.7569411,24.1682409,0 76.7574036,24.1682401,0 76.7578756,24.1682553,0 76.7579205,24.1682567,0 76.758018,24.1681971,0 76.7585658,24.1678625,0 76.758877,24.1676723,0 76.7597418,24.1668678,0 76.7600536,24.1664732,0 76.7603754,24.1660659,0 76.7606821,24.1652701,0 76.760784,24.1650002,0 76.7608468,24.1634826,0 76.7605259,24.1626872,0 76.7601516,24.1619421,0 76.7598722,24.1613043,0 76.7597969,24.1608356,0 76.7597825,24.160145,0 76.7609631,24.1601179,0 76.762366,24.1601649,0 76.7638235,24.1602383,0 76.7644352,24.1603531,0 76.7658616,24.1603141,0 76.7673363,24.1602112,0 76.7677486,24.1601342,0 76.768226,24.1601467,0 76.7685822,24.1602825,0 76.7688635,24.1604449,0 76.7690037,24.1605259,0 76.7690231,24.1605571,0 76.7691346,24.1607366,0 76.7695205,24.1608902,0 76.7695758,24.1608338,0 76.7697534,24.1606527,0 76.7700661,24.160271,0 76.7700888,24.1602432,0 76.7701881,24.1601219,0 76.7707508,24.1587973,0 76.7707625,24.1587546,0 76.7708992,24.158256,0 76.7709147,24.1581994,0 76.7708164,24.1575708,0 76.7707932,24.1575061,0 76.7705673,24.1568781,0 76.770655,24.156452,0 76.7706734,24.1563622,0 76.7711059,24.1548989,0 76.7716536,24.1535878,0 76.771936,24.1530112,0 76.7725456,24.1522682,0 76.7732794,24.1512439,0 76.7738046,24.1500685,0 76.7740115,24.149849,0 76.7744237,24.149384,0 76.7744456,24.1493633,0 76.7744719,24.1493425,0 76.7745121,24.1493154,0 76.7745464,24.1492926,0 76.7745798,24.1492718,0 76.7746223,24.149248,0 76.7749792,24.1490599,0 76.7762913,24.1483683,0 76.7765536,24.1482201,0 76.7770372,24.1479459,0 76.7776017,24.1476131,0 76.7776407,24.1475901,0 76.7777936,24.1474937,0 76.7779028,24.1474109,0 76.7780894,24.1472655,0 76.7781804,24.1471848,0 76.7782016,24.1471667,0 76.7782882,24.1470803,0 76.7783682,24.1469937,0 76.7785974,24.1466569,0 76.7787003,24.146479,0 76.7787182,24.1464428,0 76.7788004,24.1462542,0 76.7788009,24.1462529,0 76.7789141,24.1459771,0 76.7789553,24.1458493,0 76.7789783,24.1457642,0 76.7789948,24.1456788,0 76.7790373,24.1454271,0 76.7790385,24.1454197,0 76.7791845,24.1443581,0 76.7793414,24.1434272,0 76.7794611,24.1426859,0 76.7794934,24.1425184,0 76.7795494,24.1423245,0 76.7795789,24.14224,0 76.7797474,24.1418095,0 76.7799243,24.1414369,0 76.78003,24.1411974,0 76.7804054,24.1403314,0 76.780513,24.140065,0 76.780566,24.1399462,0 76.7806381,24.1398051,0 76.7807122,24.139679,0 76.7807472,24.1396223,0 76.7808834,24.1394016,0 76.7809266,24.1393391,0 76.7809797,24.1392663,0 76.7810982,24.1391237,0 76.7812669,24.1389365,0 76.7813901,24.1388022,0 76.7814471,24.1387421,0 76.7819235,24.1383358,0 76.7820806,24.1381817,0 76.782388,24.1378497,0 76.7828114,24.1373899,0 76.7834076,24.1367295,0 76.783635,24.1364463,0 76.7840213,24.1359489,0 76.7842187,24.1357102,0 76.7843596,24.1355603,0 76.7844537,24.1354698,0 76.7845366,24.1354113,0 76.785317,24.1349315,0 76.7858125,24.1346318,0 76.7858444,24.1346111,0 76.7859763,24.1345254,0 76.7860843,24.1344441,0 76.7862546,24.1342998,0 76.7864162,24.1341457,0 76.7872558,24.1333219,0 76.7874174,24.1331507,0 76.7879038,24.1325572,0 76.7880626,24.1323611,0 76.788187,24.1321948,0 76.7882212,24.1321492,0 76.7882573,24.1320807,0 76.7882995,24.131978,0 76.7883518,24.1318171,0 76.7884424,24.1314865,0 76.7884983,24.1312826,0 76.7886411,24.1308118,0 76.7886993,24.1306048,0 76.7887412,24.1304761,0 76.7887894,24.1303391,0 76.7888863,24.1300856,0 76.7892197,24.1292709,0 76.7892653,24.1291382,0 76.7892867,24.1290709,0 76.789299,24.1290107,0 76.7893252,24.1288561,0 76.7894471,24.1281372,0 76.7896212,24.1272245,0 76.7897372,24.1267743,0 76.7898467,24.1264034,0 76.7898756,24.1262894,0 76.7898762,24.1262859,0 76.7898774,24.1262797,0 76.7898778,24.1262748,0 76.7898775,24.1262722,0 76.7898772,24.1262708,0 76.7900306,24.1260511,0 76.7902498,24.1255429,0 76.7904846,24.1250977,0 76.7904988,24.1247048,0 76.7904352,24.1243759,0 76.7903313,24.1239799,0 76.7900699,24.1235721,0 76.7899428,24.1232756,0 76.7899381,24.1232199,0 76.7899192,24.122996,0 76.789999,24.1227197,0 76.7903641,24.122449,0 76.7910089,24.1221255,0 76.7919636,24.1218028,0 76.7927892,24.1217434,0 76.7938148,24.1215688,0 76.7947369,24.1213819,0 76.7947987,24.1213791,0 76.7955481,24.1213453,0 76.7961287,24.1213611,0 76.7962572,24.1212793,0 76.7967284,24.1209793,0 76.7980287,24.1196954,0 76.7987216,24.1189468,0 76.7991291,24.1185357,0 76.8004246,24.1172654,0 76.8008672,24.116908,0 76.8012869,24.1166729,0 76.8018609,24.1165622,0 76.8024615,24.1166048,0 76.8027637,24.1167349,0 76.8031147,24.116886,0 76.8039182,24.1173551,0 76.8046399,24.1176129,0 76.805499,24.1178037,0 76.8057205,24.1178529,0 76.8063743,24.1181793,0 76.8068709,24.118512,0 76.8072107,24.1188917,0 76.8072506,24.1189592,0 76.807518,24.1194118,0 76.8079816,24.1201963,0 76.8091005,24.121411,0 76.8096681,24.1218964,0 76.8102988,24.1223268,0 76.810976,24.1225581,0 76.8115788,24.1227496,0 76.8122455,24.1228032,0 76.812411,24.1228164,0 76.8130714,24.1227826,0 76.8136743,24.1227518,0 76.8148068,24.1228331,0 76.8158601,24.1228793,0 76.8186944,24.1229539,0 76.8203164,24.1228624,0 76.8206385,24.122799,0 76.8214791,24.1226499,0 76.8242217,24.1223356,0 76.8243815,24.1223173,0 76.8271635,24.1221756,0 76.8277727,24.1220745,0 76.8283364,24.121981,0 76.8293727,24.1218738,0 76.8310513,24.121962,0 76.8314743,24.1219615,0 76.8321628,24.1219487,0 76.8326408,24.1220107,0 76.8330837,24.1220234,0 76.8333171,24.1221831,0 76.8333233,24.1221976,0 76.8334561,24.1225093,0 76.835132,24.1251708,0 76.8353825,24.1255266,0 76.8357537,24.1260187,0 76.8363247,24.1267298,0 76.8365906,24.1268404,0 76.8366545,24.126867,0 76.8369668,24.1269969,0 76.8387155,24.1273388,0 76.838844,24.1273639,0 76.8389518,24.1273929,0 76.8405597,24.1278249,0 76.8424756,24.1285274,0 76.8435178,24.1290093,0 76.844163,24.1293705,0 76.8448033,24.1296823,0 76.8453267,24.1298204,0 76.8453351,24.1298214,0 76.8458753,24.1298824,0 76.8463056,24.1299135,0 76.8466125,24.1300452,0 76.8467983,24.1302171,0 76.8468855,24.1302979,0 76.8471311,24.130531,0 76.8475236,24.1308947,0 76.8478657,24.1312521,0 76.8483481,24.1316165,0 76.8490421,24.132059,0 76.8497285,24.1324922,0 76.8505643,24.132779,0 76.8511104,24.1329412,0 76.8514227,24.1330339,0 76.8518847,24.1331313,0 76.8529424,24.1333541,0 76.8534499,24.1334338,0 76.8534791,24.1334384,0 76.8537702,24.1335337,0 76.853798,24.1335571,0 76.8541443,24.1338474,0 76.8541996,24.13408,0 76.8542095,24.1342644,0 76.8540943,24.1355034,0 76.8540777,24.1356301,0 76.8542643,24.1357604,0 76.8544729,24.1358056,0 76.8545887,24.1358255,0 76.8555052,24.1358322,0 76.8557832,24.1358343,0 76.8560179,24.1358361,0 76.8571963,24.135911,0 76.8578052,24.1359498,0 76.8582153,24.1359272,0 76.8583496,24.1359198,0 76.8586763,24.1358769,0 76.8588413,24.1358493,0 76.8590503,24.135683,0 76.8590813,24.1356587,0 76.8591127,24.1356363,0 76.8591409,24.1356185,0 76.859174,24.1355995,0 76.8593371,24.1355116,0 76.859384,24.1354884,0 76.8594125,24.1354764,0 76.8594295,24.1354698,0 76.8594419,24.1354657,0 76.8594498,24.1354632,0 76.8594679,24.1354587,0 76.8594815,24.1354555,0 76.8594875,24.1354545,0 76.8595328,24.1354495,0 76.8596215,24.1354427,0 76.8596565,24.1354422,0 76.859906,24.1354497,0 76.8599758,24.1354497,0 76.8600178,24.1354488,0 76.8600577,24.1354461,0 76.8601575,24.135436,0 76.8602258,24.1354291,0 76.8603083,24.135417,0 76.8603974,24.1354018,0 76.8604966,24.1353824,0 76.8606682,24.1353454,0 76.860812,24.1353132,0 76.8608429,24.1353063,0 76.8608683,24.1352996,0 76.8609001,24.1352906,0 76.8609913,24.1352621,0 76.861016,24.135254,0 76.8611636,24.1352022,0 76.8611997,24.1351915,0 76.8612414,24.1351807,0 76.8612494,24.1351788,0 76.8612671,24.1351753,0 76.8612783,24.1351732,0 76.8612897,24.1351715,0 76.8613008,24.1351703,0 76.8613164,24.1351694,0 76.861344,24.1351688,0 76.8613585,24.135169,0 76.8613669,24.1351696,0 76.8614073,24.1351731,0 76.861476,24.1351825,0 76.8615944,24.1352032,0 76.8616745,24.1352213,0 76.8617517,24.1352405,0 76.8618207,24.13526,0 76.8621149,24.1353456,0 76.862154,24.1353581,0 76.8621787,24.1353682,0 76.8622277,24.1353906,0 76.8622611,24.1354079,0 76.8622745,24.1354153,0 76.862301,24.1354298,0 76.8623406,24.1354541,0 76.8624273,24.1355131,0 76.8624519,24.1355283,0 76.8624753,24.1355417,0 76.86249,24.1355491,0 76.8625184,24.1355615,0 76.8625508,24.1355743,0 76.8625798,24.1355836,0 76.8626031,24.13559,0 76.8626251,24.1355946,0 76.8626431,24.1355979,0 76.862667,24.1356003,0 76.8628457,24.1356056,0 76.8632146,24.1356056,0 76.8635583,24.1356047,0 76.8635678,24.1356052,0 76.863665,24.1356049,0 76.8638335,24.1355935,0 76.8638705,24.1355913,0 76.8638987,24.135587,0 76.8639271,24.1355809,0 76.8639616,24.1355721,0 76.8639916,24.1355632,0 76.8640514,24.1355433,0 76.864395,24.135429,0 76.8645281,24.1353886,0 76.8649003,24.135286,0 76.8650093,24.135263,0 76.8650684,24.1352512,0 76.8651419,24.1352388,0 76.8651787,24.1352335,0 76.8652159,24.1352299,0 76.8653158,24.1352244,0 76.8655094,24.1352219,0 76.8656226,24.1352305,0 76.8656388,24.1352325,0 76.8656568,24.1352351,0 76.8656749,24.1352389,0 76.8656915,24.1352435,0 76.8657145,24.1352501,0 76.8657365,24.135258,0 76.8657547,24.1352653,0 76.8657806,24.1352774,0 76.8658184,24.1352959,0 76.8658559,24.1353166,0 76.8658891,24.1353356,0 76.8659158,24.1353526,0 76.8659637,24.135385,0 76.8660648,24.1354545,0 76.8661309,24.135504,0 76.8661945,24.1355546,0 76.8662885,24.1356293,0 76.86634,24.1356703,0 76.8663711,24.1356919,0 76.8664012,24.1357092,0 76.8664738,24.1357427,0 76.8665145,24.1357582,0 76.8665668,24.1357704,0 76.866671,24.1357923,0 76.8667856,24.1358079,0 76.8678307,24.1358832,0 76.8684411,24.1359272,0 76.8685352,24.1359318,0 76.8685821,24.1359355,0 76.8687136,24.1359372,0 76.8688054,24.1359341,0 76.8688774,24.1359279,0 76.869006,24.1359122,0 76.8690655,24.1359044,0 76.8691173,24.1358977,0 76.8691873,24.1358844,0 76.8692496,24.1358713,0 76.8693028,24.1358577,0 76.8699584,24.1356549,0 76.8702472,24.1355508,0 76.8706681,24.1354132,0 76.8707465,24.135385,0 76.8707788,24.1353738,0 76.870808,24.1353638,0 76.8708209,24.1353602,0 76.8708334,24.1353575,0 76.8708457,24.1353557,0 76.8708598,24.1353535,0 76.870884,24.1353505,0 76.8711377,24.135326,0 76.8711943,24.1353185,0 76.8712265,24.1353132,0 76.8712418,24.1353095,0 76.8712647,24.1353026,0 76.8712792,24.135298,0 76.8712949,24.1352929,0 76.8713451,24.1352765,0 76.8714443,24.135238,0 76.8716948,24.1351368,0 76.8718551,24.1350795,0 76.8719911,24.1350379,0 76.8719982,24.1350358,0 76.8721366,24.1349955,0 76.8723184,24.1349474,0 76.8724077,24.134926,0 76.8724689,24.1349094,0 76.8725541,24.1348871,0 76.8726566,24.1348656,0 76.87276,24.1348457,0 76.8728578,24.1348323,0 76.8731506,24.1348003,0 76.8731621,24.1347995,0 76.8731738,24.1347989,0 76.8731891,24.1347989,0 76.8731958,24.1347996,0 76.8732041,24.1348011,0 76.8732133,24.1348032,0 76.8732279,24.1348074,0 76.8732326,24.134809,0 76.8732384,24.1348114,0 76.8732443,24.1348142,0 76.8732495,24.1348172,0 76.8732648,24.1348265,0 76.8732703,24.1348306,0 76.8732795,24.1348376,0 76.8732881,24.1348458,0 76.8733035,24.134862,0 76.8733585,24.1349195,0 76.8733754,24.1349356,0 76.8733893,24.1349469,0 76.8734024,24.1349574,0 76.8734105,24.1349631,0 76.8734214,24.1349701,0 76.8734433,24.1349832,0 76.8734729,24.1349983,0 76.8735249,24.1350219,0 76.8736775,24.135088,0 76.8738181,24.1351432,0 76.8739461,24.1351941,0 76.8741893,24.1352869,0 76.8742187,24.1352999,0 76.8742339,24.1353066,0 76.8742586,24.1353182,0 76.8742675,24.1353229,0 76.8749024,24.1354518,0 76.8751489,24.1354678,0 76.8763058,24.1355429,0 76.8770509,24.1357008,0 76.8777745,24.135737,0 76.8784084,24.1356886,0 76.8790929,24.1354003,0 76.8799669,24.1350974,0 76.8800889,24.1350551,0 76.8799791,24.1347275,0 76.87979,24.1341638,0 76.8794229,24.1330586,0 76.8791523,24.1317531,0 76.8791293,24.1316423,0 76.8790162,24.1302279,0 76.8797253,24.1302054,0 76.8817151,24.1300409,0 76.88277,24.1300672,0 76.8830487,24.1300741,0 76.883973,24.1300402,0 76.8839699,24.1299902,0 76.8839343,24.1294131,0 76.8847274,24.128821,0 76.885478,24.1283512,0 76.8860239,24.1280059,0 76.8860394,24.1281134,0 76.8861553,24.1289162,0 76.8862344,24.1288902,0 76.8865576,24.128784,0 76.887012,24.1286347,0 76.8893885,24.1276754,0 76.8901074,24.1273866,0 76.8907316,24.1270177,0 76.8911859,24.1267757,0 76.8912782,24.1267265,0 76.8918833,24.1274167,0 76.8922688,24.1278564,0 76.8923541,24.1278495,0 76.89418,24.1277018,0 76.895226,24.1276135,0 76.897506,24.1274212,0 76.8982515,24.127441,0 76.8991299,24.1274642,0 76.9000537,24.1274031,0 76.9006002,24.1274324,0 76.9008016,24.1277504,0 76.9012857,24.1282229,0 76.9015257,24.1288158,0 76.9017622,24.1301717,0 76.9022394,24.1318361,0 76.902679,24.1329547,0 76.9027136,24.1333019,0 76.9027448,24.1333583,0 76.9028501,24.1335485,0 76.9027156,24.1337713,0 76.9027095,24.1340242,0 76.9029551,24.1343327,0 76.9032137,24.1346063,0 76.903225,24.1346182,0 76.9032232,24.1346404,0 76.9031918,24.1350339,0 76.9031805,24.1351812,0 76.9031629,24.135409,0 76.9028718,24.1359056,0 76.9027791,24.1360639,0 76.902853,24.1370697,0 76.9029616,24.1375149,0 76.9030517,24.1378847,0 76.9034498,24.1395,0 76.9036473,24.1402652,0 76.9039456,24.1414214,0 76.9042555,24.1424953,0 76.9046507,24.1438549,0 76.905738,24.1461798,0 76.9063944,24.1473137,0 76.9065124,24.1476418,0 76.9067614,24.1480206,0 76.9093211,24.1519134,0 76.9099321,24.1527235,0 76.9099384,24.1527318,0 76.910187,24.154232,0 76.9101915,24.1542592,0 76.9103464,24.1551862,0 76.9106058,24.1567394,0 76.9107055,24.1573359,0 76.9106759,24.1586545,0 76.9104219,24.1591091,0 76.9097842,24.1593542,0 76.9097664,24.1593611,0 76.9092191,24.1596162,0 76.9087756,24.1599016,0 76.9087056,24.1601553,0 76.9087075,24.1602842,0 76.9087088,24.160372,0 76.9088385,24.1608611,0 76.9089486,24.1612764,0 76.9094954,24.162976,0 76.910071,24.164296,0 76.9100929,24.1643457,0 76.9105752,24.1654453,0 76.910947,24.1662894,0 76.9114238,24.1669154,0 76.9123574,24.1678246,0 76.9130399,24.1683894,0 76.9131027,24.1684509,0 76.9136491,24.1689867,0 76.9141007,24.1692383,0 76.9142833,24.1696062,0 76.9144545,24.1701954,0 76.9145822,24.170997,0 76.9145865,24.1710238,0 76.9145902,24.1710469,0 76.9148655,24.1720186,0 76.9151371,24.172742,0 76.9155171,24.173148,0 76.9157048,24.1735294,0 76.915703,24.1740621,0 76.9155042,24.1745928,0 76.9151961,24.1760412,0 76.9151647,24.1785471,0 76.915228,24.1808125,0 76.9153684,24.1819754,0 76.9154511,24.1828999,0 76.9156635,24.18394,0 76.9156948,24.1841005,0 76.9158659,24.1849758,0 76.9160707,24.186165,0 76.9160081,24.1870157,0 76.9160012,24.1871093,0 76.9160377,24.1872413,0 76.9161208,24.1875412,0 76.9162928,24.187855,0 76.91643,24.1879217,0 76.9166101,24.1880091,0 76.9168317,24.1879958,0 76.9168888,24.188059,0 76.9169368,24.1881079,0 76.9169551,24.1881266,0 76.9170278,24.1881861,0 76.9170781,24.1882176,0 76.9171161,24.1882371,0 76.9171795,24.1882584,0 76.9172464,24.1882808,0 76.9172823,24.1882901,0 76.9173063,24.1882948,0 76.9173556,24.1882973,0 76.9174486,24.188292,0 76.9176081,24.1882719,0 76.9178457,24.1882301,0 76.918032,24.1881899,0 76.9181136,24.1881714,0 76.9182227,24.1881381,0 76.9184453,24.1880543,0 76.9187623,24.1879303,0 76.919525,24.1875953,0 76.9197499,24.1874791,0 76.9199553,24.1873729,0 76.9202784,24.1871877,0 76.9212841,24.1865976,0 76.9226182,24.1858043,0 76.9231795,24.1854986,0 76.923463,24.1853488,0 76.9235666,24.1853021,0 76.9236237,24.1852804,0 76.9236746,24.1852687,0 76.9243157,24.1851507,0 76.9244474,24.1851312,0 76.9245437,24.1851238,0 76.924563,24.1851223,0 76.9248426,24.1850977,0 76.9254249,24.1850693,0 76.9255944,24.1850545,0 76.9257599,24.1850367,0 76.9258784,24.1850214,0 76.9267756,24.1848838,0 76.9270636,24.184836,0 76.9275029,24.1847546,0 76.927791,24.184692,0 76.9280158,24.1846284,0 76.9284305,24.1844986,0 76.9289651,24.1843204,0 76.9294901,24.1841453,0 76.9297642,24.1840576,0 76.9302026,24.1839257,0 76.9312053,24.1836272,0 76.9314333,24.1835593,0 76.931791,24.1835253,0 76.9318846,24.1835164,0 76.9323196,24.1835002,0 76.9343791,24.1834788,0 76.9349653,24.1834867,0 76.9351052,24.1835228,0 76.9356731,24.1836975,0 76.9357677,24.1837266,0 76.9364228,24.1844225,0 76.9368677,24.1852069,0 76.9374276,24.186669,0 76.937795,24.1876283,0 76.938508,24.1895423,0 76.9387941,24.1902715,0 76.9388549,24.1904264,0 76.9392647,24.1914604,0 76.939731,24.1926371,0 76.9398449,24.1932745,0 76.9398654,24.1933893,0 76.9399374,24.1934672,0 76.9402407,24.1937953,0 76.9406539,24.1941105,0 76.9413763,24.1943632,0 76.9420935,24.1949273,0 76.9432914,24.1960361,0 76.9439781,24.1965285,0 76.9442618,24.1968424,0 76.9446638,24.1972871,0 76.9458201,24.1979134,0 76.9466477,24.198291,0 76.9470493,24.1986101,0 76.9471957,24.1987264,0 76.9471926,24.1991689,0 76.9473987,24.2004302,0 76.9473974,24.2013105,0 76.9466462,24.2033787,0 76.9464265,24.2042238,0 76.9461068,24.2054531,0 76.945958,24.2060208,0 76.9459347,24.2061099,0 76.9451757,24.2063678,0 76.943877,24.2067365,0 76.9427153,24.2070538,0 76.9418304,24.2071193,0 76.9399769,24.2069307,0 76.9378575,24.2070615,0 76.9363514,24.2070581,0 76.9355993,24.2071264,0 76.9347773,24.2071188,0 76.9343598,24.2070995,0 76.933472,24.2070586,0 76.9328989,24.2072374,0 76.9332189,24.2074909,0 76.9332278,24.2075024,0 76.9335504,24.2079162,0 76.9336322,24.2085418,0 76.9333922,24.2089421,0 76.9331921,24.2091618,0 76.9329877,24.209403,0 76.9327527,24.2096183,0 76.9322912,24.2097817,0 76.9315667,24.2103502,0 76.9309314,24.2104776,0 76.9292683,24.2105583,0 76.9266937,24.2108519,0 76.9257374,24.210961,0 76.9238573,24.2113188,0 76.9224277,24.2116661,0 76.9223026,24.2116964,0 76.922255,24.2126358,0 76.9223101,24.2133574,0 76.922428,24.2149811,0 76.9223746,24.2163451,0 76.9224183,24.2169585,0 76.9225815,24.2189788,0 76.9226108,24.2206819,0 76.9226328,24.2217364,0 76.9227654,24.2243429,0 76.9227725,24.2244839,0 76.9228538,24.225309,0 76.9228556,24.22532,0 76.9229605,24.2259723,0 76.9229357,24.2260526,0 76.9229253,24.2260559,0 76.9224549,24.2262206,0 76.9207445,24.2268407,0 76.9204988,24.2269436,0 76.920411,24.2269878,0 76.9202734,24.2270643,0 76.9200083,24.2272318,0 76.9198666,24.2273267,0 76.9197843,24.2273969,0 76.9197281,24.2274671,0 76.9191077,24.2283991,0 76.9189762,24.2286279,0 76.9184833,24.2295722,0 76.9184561,24.2296194,0 76.918415,24.2296814,0 76.918379,24.2297223,0 76.9182109,24.2298753,0 76.9181643,24.2299129,0 76.9181223,24.2299389,0 76.9180884,24.2299499,0 76.91803,24.2299637,0 76.917748,24.2300162,0 76.917656,24.2300305,0 76.9175571,24.2300365,0 76.9174947,24.2300373,0 76.9174119,24.2300205,0 76.9172253,24.2299667,0 76.9170185,24.2298928,0 76.9169151,24.2298454,0 76.9168374,24.2298071,0 76.9165049,24.2296128,0 76.9164958,24.2296075,0 76.9164503,24.2295826,0 76.916397,24.2295617,0 76.9163074,24.2295445,0 76.9162048,24.2295347,0 76.9161905,24.229534,0 76.9159075,24.2295202,0 76.9157588,24.2296356,0 76.9157313,24.229678,0 76.9157213,24.2297561,0 76.9157172,24.2298306,0 76.9157365,24.2300301,0 76.9157955,24.2306418,0 76.9158149,24.2308429,0 76.9158445,24.2311754,0 76.9158418,24.2313482,0 76.9158326,24.2314323,0 76.9158079,24.2315263,0 76.9157802,24.2315986,0 76.9152444,24.2326939,0 76.9150461,24.2331169,0 76.9150172,24.2331787,0 76.9147974,24.2336082,0 76.914704,24.2337561,0 76.9144159,24.2342234,0 76.9143916,24.2342549,0 76.9143494,24.2342825,0 76.9142585,24.2343311,0 76.9138736,24.2345205,0 76.913736,24.2346032,0 76.9136743,24.2346426,0 76.9135361,24.2347561,0 76.9134083,24.234879,0 76.9132049,24.2351222,0 76.9131449,24.2352114,0 76.9130887,24.235318,0 76.9130519,24.235445,0 76.9130382,24.2355711,0 76.9129634,24.2365371,0 76.912799,24.237661,0 76.9127829,24.2377492,0 76.9127774,24.2377731,0 76.9127699,24.2377938,0 76.9127569,24.2378247,0 76.9127352,24.2378597,0 76.9127152,24.2378828,0 76.9126503,24.2379501,0 76.9125607,24.2380415,0 76.912483,24.2381074,0 76.9124354,24.2381479,0 76.9123612,24.2381953,0 76.9122281,24.2382737,0 76.9121552,24.2383059,0 76.9121172,24.2383151,0 76.9120562,24.2383175,0 76.9119498,24.2383139,0 76.9118347,24.2383058,0 76.9117891,24.2382968,0 76.9117445,24.2382868,0 76.9114072,24.2381703,0 76.9113144,24.2381442,0 76.9112258,24.2381232,0 76.9108668,24.2380571,0 76.9105436,24.2380052,0 76.9103637,24.2379787,0 76.9102187,24.2379645,0 76.9101228,24.2379561,0 76.9100773,24.2379518,0 76.9100058,24.2379496,0 76.9090324,24.2379783,0 76.9087502,24.2379933,0 76.9085514,24.2379975,0 76.9080895,24.2380025,0 76.9078468,24.2380051,0 76.9075469,24.2380022,0 76.907341,24.2379904,0 76.9072703,24.2379832,0 76.9072293,24.237979,0 76.9071652,24.237967,0 76.9070771,24.2379393,0 76.9070051,24.2379082,0 76.9068612,24.2378412,0 76.9067921,24.2378016,0 76.906784,24.2377957,0 76.9066534,24.2377015,0 76.9060147,24.2371555,0 76.9057872,24.2369884,0 76.9057093,24.236938,0 76.9056003,24.2368834,0 76.9054405,24.2368227,0 76.9053587,24.2368064,0 76.9053133,24.2368007,0 76.9052837,24.2368026,0 76.9052454,24.2368142,0 76.9052212,24.2368274,0 76.9051902,24.236847,0 76.9051462,24.2368826,0 76.9051402,24.2368875,0 76.9049802,24.2370228,0 76.9047237,24.2372641,0 76.9046438,24.2373443,0 76.9045631,24.2374531,0 76.9045106,24.2375282,0 76.9044622,24.2376152,0 76.9042418,24.2380652,0 76.9041431,24.2382328,0 76.9040402,24.2384011,0 76.9038532,24.2386764,0 76.9036186,24.2389735,0 76.9035543,24.2390445,0 76.9034224,24.2391462,0 76.9033316,24.2392051,0 76.903215,24.2392688,0 76.903054,24.239338,0 76.9029811,24.2393629,0 76.9029176,24.2393735,0 76.9028113,24.2393698,0 76.9024967,24.2393281,0 76.9024235,24.2393195,0 76.9023262,24.2393011,0 76.9022654,24.2392885,0 76.9021197,24.2392422,0 76.9020123,24.2392081,0 76.9019714,24.2391976,0 76.9015688,24.2390941,0 76.9014791,24.2390776,0 76.9013488,24.2390681,0 76.9011411,24.2390779,0 76.9008512,24.2391067,0 76.9006399,24.2391345,0 76.900569,24.2391587,0 76.9004841,24.2392084,0 76.9001215,24.2394697,0 76.8994957,24.2399366,0 76.8992607,24.2401169,0 76.8989788,24.2403624,0 76.8985055,24.2407868,0 76.8982181,24.2410444,0 76.8980836,24.2411897,0 76.8979983,24.2413009,0 76.8978382,24.2416159,0 76.8977317,24.2417758,0 76.8973407,24.2421834,0 76.8969391,24.2425507,0 76.8961556,24.2430892,0 76.8956357,24.2431699,0 76.8947478,24.2433078,0 76.8941763,24.2433965,0 76.8926735,24.2436545,0 76.8917104,24.2437838,0 76.890685,24.2440268,0 76.8892286,24.2444196,0 76.8887794,24.2446735,0 76.8882016,24.2448928,0 76.8874098,24.2456159,0 76.8866878,24.2464058,0 76.8862191,24.247003,0 76.8859745,24.2477825,0 76.8860045,24.2479405,0 76.8860813,24.2483455,0 76.886256,24.2487246,0 76.8864577,24.2491625,0 76.8868685,24.2499745,0 76.8868837,24.2500014,0 76.8870059,24.2502203,0 76.8871315,24.2504452,0 76.8873003,24.2508765,0 76.8873129,24.2509055,0 76.8878424,24.2521276,0 76.8876725,24.2522249,0 76.8852367,24.25362,0 76.8851649,24.2536477,0 76.8837673,24.2536966,0 76.8829433,24.2539145,0 76.8812193,24.2545362,0 76.8796302,24.2552962,0 76.8796448,24.2555971,0 76.8797032,24.2568059,0 76.8797151,24.2570513,0 76.8797339,24.2572759,0 76.8799241,24.2595451,0 76.8799202,24.2602713,0 76.8799202,24.260281,0 76.8791651,24.2608366,0 76.877487,24.2619092,0 76.8767676,24.2622115,0 76.8762854,24.2622355,0 76.8752249,24.2621132,0 76.873868,24.2622608,0 76.8731297,24.2626175,0 76.8731598,24.2629013,0 76.8732278,24.2635385,0 76.8732838,24.2640647,0 76.873513,24.2659218,0 76.8725325,24.2665614,0 76.869979,24.2683941,0 76.8686079,24.2692596,0 76.8678197,24.2697692,0 76.8677868,24.2697904,0 76.8658175,24.2710636,0 76.8649532,24.2717064,0 76.8643609,24.2721468,0 76.8642974,24.2721837,0 76.862615,24.2733194,0 76.8625718,24.2740738,0 76.8625586,24.2741748,0 76.8623021,24.2765194,0 76.8620581,24.2790369,0 76.8617858,24.2816406,0 76.8616784,24.2827489,0 76.8615461,24.2841129,0 76.8615025,24.2845669,0 76.8614156,24.2854734,0 76.8613067,24.2866077,0 76.8608611,24.2891548,0 76.8604794,24.2916875,0 76.8601156,24.2940936,0 76.859904,24.2951255,0 76.8596838,24.2957231,0 76.8591554,24.2971571,0 76.8580991,24.2993731,0 76.8572669,24.3017578,0 76.8568849,24.3029227,0 76.8558555,24.3049577,0 76.8544146,24.3071513,0 76.8538798,24.308318,0 76.8529065,24.3102297,0 76.8528645,24.3103122,0 76.8528521,24.3103366,0 76.8527703,24.3105022,0 76.852762,24.3105189,0 76.8522089,24.3116384,0 76.8518892,24.3120554,0 76.8516674,24.3123447,0 76.8509472,24.3129539,0 76.8500171,24.3137011,0 76.8478651,24.3154518,0 76.8464771,24.3165522,0 76.8451613,24.3178773,0 76.844319,24.3187271,0 76.8441513,24.3188963,0 76.842605,24.320301,0 76.8416176,24.3215184,0 76.8410542,24.3224145,0 76.8408088,24.3231669,0 76.8405976,24.324117,0 76.8403651,24.3251902,0 76.8402152,24.3260678,0 76.8396802,24.3279117,0 76.8393129,24.3290854,0 76.8387809,24.3308028,0 76.8386285,24.3313784,0 76.8385099,24.3318263,0 76.8380081,24.333584,0 76.8378685,24.33415,0 76.8377373,24.3356458,0 76.8377015,24.3376956,0 76.8376968,24.3379622,0 76.8376492,24.3391004,0 76.8376412,24.3397657,0 76.837629,24.3407755,0 76.8374923,24.342908,0 76.8374394,24.3440191,0 76.8373855,24.3457488,0 76.8373112,24.3464043,0 76.8371556,24.3468937,0 76.8367128,24.3478282,0 76.8364909,24.3482967,0 76.8354282,24.350797,0 76.8343959,24.3530216,0 76.8343601,24.353107,0 76.8340894,24.3537537,0 76.8337956,24.3544554,0 76.8327322,24.3565765,0 76.8318849,24.3579681,0 76.8324133,24.3580846,0 76.8326809,24.3581436,0 76.8349778,24.3586393,0 76.8354738,24.3587463,0 76.8362384,24.3590151,0 76.8363803,24.3590649,0 76.8373488,24.3595904,0 76.8386681,24.3605134,0 76.8401608,24.3615065,0 76.84136,24.3623015,0 76.8422806,24.3629118,0 76.8434504,24.3637237,0 76.8452595,24.3654533,0 76.8470916,24.3670651,0 76.8476339,24.3674837,0 76.8486118,24.3682384,0 76.8497637,24.3690029,0 76.8500947,24.3692225,0 76.8501597,24.369288,0 76.8513852,24.3705249,0 76.8508633,24.3709015,0 76.8508511,24.37091,0 76.8502047,24.371361,0 76.8489579,24.3720488,0 76.8476047,24.3728689,0 76.8464224,24.3735875,0 76.8458282,24.3740733,0 76.8454464,24.3745926,0 76.8452324,24.3751324,0 76.8451756,24.3756342,0 76.8452365,24.3760894,0 76.8456569,24.3768743,0 76.8466403,24.3780721,0 76.8479972,24.3795318,0 76.8487379,24.3802992,0 76.8494473,24.3809587,0 76.8501741,24.381794,0 76.8506176,24.3824612,0 76.8507382,24.3829609,0 76.8507253,24.3831133,0 76.8507038,24.3833671,0 76.8506911,24.3834445,0 76.850513,24.3840787,0 76.8501423,24.3846881,0 76.8495713,24.3854174,0 76.84907,24.3861909,0 76.8489122,24.3868655,0 76.8489139,24.3873214,0 76.8491176,24.3881044,0 76.8492046,24.3886632,0 76.8491532,24.389201,0 76.8490694,24.3895361,0 76.848699,24.3901636,0 76.8483049,24.3906906,0 76.8482493,24.390765,0 76.8476045,24.3915087,0 76.8471459,24.3921734,0 76.846817,24.3929404,0 76.8467392,24.3933566,0 76.8465525,24.3944152,0 76.8463477,24.3955824,0 76.8461679,24.3960745,0 76.8460727,24.3963352,0 76.8458466,24.3967216,0 76.8457077,24.3968686,0 76.8451138,24.3975115,0 76.8447924,24.3981249,0 76.8447202,24.3985817,0 76.8448352,24.3990318,0 76.8450287,24.3994628,0 76.8450289,24.3998104,0 76.8447712,24.4007345,0 76.8441985,24.4020325,0 76.8438564,24.4027211,0 76.8436908,24.4030544,0 76.8432477,24.4037776,0 76.8421879,24.4048017,0 76.8413972,24.4053486,0 76.8406213,24.4058907,0 76.8400574,24.4060917,0 76.8391217,24.4061662,0 76.8389576,24.4061906,0 76.8383592,24.4062793,0 76.8379283,24.4064832,0 76.8377008,24.4067704,0 76.8375073,24.4073641,0 76.837482,24.4079924,0 76.8374565,24.4086287,0 76.8373785,24.4097086,0 76.8374808,24.4106464,0 76.8375934,24.4112725,0 76.8378741,24.4119327,0 76.8384072,24.412653,0 76.8390555,24.4131688,0 76.8402371,24.4137368,0 76.8409104,24.4139227,0 76.8415819,24.4139913,0 76.842395,24.4140431,0 76.8427711,24.4140671,0 76.843509,24.4142974,0 76.8444437,24.4148367,0 76.8448317,24.4151334,0 76.8452165,24.4154277,0 76.8454917,24.4156872,0 76.8456086,24.4157974,0 76.8457364,24.415918,0 76.846058,24.4163339,0 76.8463454,24.4171114,0 76.8464252,24.4174066,0 76.846731,24.4185377,0 76.8472209,24.4196784,0 76.8478275,24.4207093,0 76.8485705,24.4216211,0 76.8493376,24.4224965,0 76.8498383,24.4230186,0 76.85022,24.423497,0 76.8504461,24.4241262,0 76.8505182,24.4243873,0 76.8505554,24.4245221,0 76.8505469,24.4246549,0 76.8505233,24.4250236,0 76.8503828,24.4255354,0 76.8501263,24.4262022,0 76.8498819,24.4266882,0 76.8491404,24.4275685,0 76.8481733,24.4285329,0 76.8470582,24.429499,0 76.8464124,24.4301796,0 76.8463271,24.4302844,0 76.8459231,24.4307814,0 76.8458138,24.4310626,0 76.8457696,24.4314108,0 76.8457412,24.4325126,0 76.8457212,24.433506,0 76.8455963,24.4344104,0 76.8452954,24.4354208,0 76.8447629,24.436443,0 76.8431867,24.4359887,0 76.8418928,24.4356972,0 76.839141,24.4355331,0 76.8372093,24.4354785,0 76.8353322,24.4354785,0 76.8341112,24.4355149,0 76.8327444,24.4357518,0 76.8318878,24.4363897,0 76.8305575,24.4364808,0 76.8281884,24.4357701,0 76.8270767,24.4353509,0 76.8264935,24.4353327,0 76.8260197,24.4357336,0 76.8249445,24.4363714,0 76.8238146,24.4364079,0 76.823359,24.4359158,0 76.8217188,24.4352051,0 76.8190399,24.4347495,0 76.8163792,24.4340023,0 76.8156685,24.4334738,0 76.8150853,24.4328724,0 76.8150853,24.4320341,0 76.8151947,24.4312323,0 76.8157231,24.4304304,0 76.8164521,24.4299566,0 76.8172175,24.4295192,0 76.8178554,24.4281889,0 76.8176731,24.4271683,0 76.8165797,24.4266034,0 76.8157596,24.4269861,0 76.8152858,24.4274781,0 76.8126797,24.4311594,0 76.8114952,24.4324533,0 76.8104382,24.4331276,0 76.8090714,24.4333098,0 76.8065747,24.432672,0 76.8045701,24.431615,0 76.8021463,24.4324168,0 76.7975174,24.4342757,0 76.7962417,24.4371733,0 76.7915217,24.4395606,0 76.7897175,24.439105,0 76.7852526,24.4382303,0 76.7786008,24.4363168,0 76.7781088,24.4385401,0 76.7764869,24.4408181,0 76.7750836,24.4429139,0 76.7713841,24.4441531,0 76.767065,24.4457204,0 76.7635843,24.4470507,0 76.7603951,24.4475974,0 76.7604497,24.444554,0 76.759575,24.4444811,0 76.7575886,24.4447545,0 76.7553835,24.4455746,0 76.7547274,24.4450643,0 76.7513377,24.4399069,0 76.7506999,24.4392691,0 76.7488046,24.4385583,0 76.7447224,24.4341846,0 76.7436836,24.4327084,0 76.7420982,24.4311594,0 76.740786,24.430394,0 76.7391823,24.4280248,0 76.7377973,24.4247992,0 76.7367767,24.423159,0 76.7358306,24.4235244,0 76.7339156,24.423888,0 76.7330773,24.4235,0 76.7306838,24.4226401,0 76.7283937,24.419496,0 76.7281932,24.417783,0 76.7274461,24.4163433,0 76.7262979,24.4147031,0 76.7256965,24.4131358,0 76.7240017,24.4146667,0 76.7223069,24.4167624,0 76.7195733,24.4125891,0 76.7146164,24.4138648,0 76.7139603,24.4113681,0 76.7134318,24.4069032,0 76.7118176,24.4032509,0 76.7026016,24.4107432,0 76.6993588,24.4146881,0 76.6979148,24.4175024,0 76.6972307,24.4218392,0 76.6976614,24.4247226,0 76.6972054,24.4263142,0 76.6929492,24.4285747,0 76.6854503,24.4335339,0 76.6802568,24.4376625,0 76.6785087,24.4383545,0 76.6759246,24.4386312,0 76.6745312,24.4384467,0 76.6723271,24.4374549,0 76.6695404,24.4349639,0 76.6628775,24.429359,0 76.6610534,24.4246765,0 76.6598627,24.4226466,0 76.6589253,24.4219776,0 76.6515277,24.4171334,0 76.6416473,24.4134193,0 76.6360738,24.4123812,0 76.6321723,24.4120466,0 76.6290689,24.4119774,0 76.6270041,24.4124619,0 76.6223173,24.4149649,0 76.6113729,24.4218623,0 76.606078,24.4256683,0 76.6034179,24.4313196,0 76.5977684,24.4411683,0 76.5954123,24.447234,0 76.5927775,24.4539912,0 76.5908775,24.4559976,0 76.5842652,24.4593414,0 76.5775516,24.4612324,0 76.5740808,24.4630772,0 76.5732955,24.4653601,0 76.5737515,24.4683117,0 76.5765889,24.4748834,0 76.578033,24.4804171,0 76.5792997,24.4852359,0 76.5800091,24.4879795,0 76.5799077,24.4898008,0 76.579021,24.4908844,0 76.5758542,24.4920141,0 76.5735741,24.4928671,0 76.5713701,24.4933974,0 76.5698753,24.4936279,0 76.5684313,24.4936971,0 76.5658725,24.4931438,0 76.5635164,24.4923369,0 76.5620471,24.491968,0 76.5600203,24.4919911,0 76.5585256,24.4924291,0 76.5548521,24.4939507,0 76.5496839,24.4960717,0 76.543325,24.4994144,0 76.5381822,24.5046244,0 76.5360034,24.5096036,0 76.5351167,24.5136606,0 76.5361554,24.518893,0 76.5371181,24.5262917,0 76.5377515,24.5365479,0 76.5363074,24.54519,0 76.5358767,24.5533707,0 76.5359021,24.5591083,0 76.5356994,24.5619656,0 76.533698,24.5668503,0 76.5312406,24.5712511,0 76.5275924,24.5727717,0 76.5229056,24.5737394,0 76.5196375,24.576458,0 76.5181681,24.5805589,0 76.5179148,24.5863415,0 76.5186748,24.5934828,0 76.5209042,24.6004395,0 76.5216389,24.6090082,0 76.5212082,24.6120946,0 76.5194601,24.6146281,0 76.5185228,24.6164707,0 76.5184721,24.6191193,0 76.5191308,24.6205703,0 76.5204735,24.6224358,0 76.5218162,24.6305193,0 76.5249577,24.6365989,0 76.5273391,24.6412735,0 76.5283778,24.6454413,0 76.5283271,24.6524182,0 76.5287578,24.6563093,0 76.5291103,24.6600622,0 76.5249591,24.6592328,0 76.5209316,24.6581941,0 76.5168676,24.6569002,0 76.5123299,24.6551142,0 76.5074641,24.6528362,0 76.50258,24.651433,0 76.4990446,24.6508316,0 76.4944157,24.6506493,0 76.488584,24.6493919,0 76.4843742,24.6587226,0 76.476137,24.6592146,0 76.472802,24.6651921,0 76.4715992,24.6683448,0 76.4711254,24.6719532,0 76.4713076,24.6741583,0 76.4717086,24.6762176,0 76.4723099,24.6786232,0 76.4713441,24.6824138,0 76.4705604,24.6847829,0 76.4691754,24.6873889,0 76.4681366,24.6910337,0 76.4657129,24.6931113,0 76.4635624,24.6953893,0 76.4630521,24.6997266,0 76.4625237,24.7019317,0 76.4610657,24.7055583,0 76.4595167,24.7070891,0 76.4587877,24.7116086,0 76.4578219,24.7180599,0 76.4577307,24.7219234,0 76.4571476,24.7268075,0 76.4567284,24.7288121,0 76.4532659,24.7324022,0 76.4498762,24.7358466,0 76.4476711,24.7376325,0 76.4471061,24.7400016,0 76.445138,24.7446123,0 76.4449193,24.7478562,0 76.4448054,24.7498352,0 76.4422666,24.762821,0 76.4420639,24.7727587,0 76.4387198,24.7768992,0 76.4404425,24.7825116,0 76.4405945,24.7863757,0 76.4405439,24.7974614,0 76.4398345,24.8067524,0 76.4407972,24.8123174,0 76.4420132,24.8235848,0 76.4423679,24.8311724,0 76.4192124,24.8297929,0 76.4196431,24.8365754,0 76.4190858,24.8381388,0 76.417971,24.840139,0 76.416983,24.8415184,0 76.415919,24.8420012,0 76.4150323,24.8421391,0 76.4106748,24.842461,0 76.4055066,24.842507,0 76.4044932,24.8403919,0 76.4030998,24.8397711,0 76.4017571,24.8389894,0 76.4009464,24.8378859,0 76.3998064,24.8367363,0 76.398717,24.8361616,0 76.3975516,24.8363455,0 76.3935488,24.8380468,0 76.3908127,24.8407597,0 76.3877473,24.8426449,0 76.3862779,24.8448749,0 76.3859739,24.846783,0 76.3834658,24.8496796,0 76.3778162,24.8538405,0 76.3766255,24.8554726,0 76.3761188,24.8568749,0 76.3761948,24.8579783,0 76.3765495,24.8588747,0 76.3765748,24.860162,0 76.3761695,24.8610585,0 76.3736867,24.8626446,0 76.3714573,24.8627135,0 76.3685185,24.8625296,0 76.3666185,24.8637939,0 76.3639077,24.8670808,0 76.3612476,24.8696092,0 76.3598036,24.8705516,0 76.3571688,24.8702758,0 76.354534,24.8697011,0 76.3528366,24.8685978,0 76.3513926,24.8679083,0 76.3496192,24.8672417,0 76.3460977,24.8660005,0 76.3433616,24.865173,0 76.3419176,24.8643915,0 76.3401948,24.8638628,0 76.3386494,24.863564,0 76.3365467,24.863564,0 76.334976,24.8639318,0 76.3331266,24.8644834,0 76.3317332,24.8640237,0 76.3309732,24.8629664,0 76.3308465,24.8615182,0 76.3310998,24.8603689,0 76.3312012,24.8594494,0 76.3312012,24.858346,0 76.3309732,24.8573806,0 76.3303145,24.856714,0 76.3290477,24.8557025,0 76.3291998,24.8521854,0 76.3282624,24.8500245,0 76.3278317,24.8485072,0 76.3263623,24.8474957,0 76.3249436,24.8465301,0 76.3236769,24.8464842,0 76.3213715,24.846898,0 76.3205101,24.8475187,0 76.3189647,24.8485302,0 76.3177233,24.848898,0 76.3162539,24.8486221,0 76.3154179,24.8480474,0 76.3143032,24.8470819,0 76.3133658,24.8458175,0 76.3124791,24.8436105,0 76.3123778,24.8422541,0 76.3121498,24.8404378,0 76.3127071,24.8372651,0 76.3122511,24.8364834,0 76.309667,24.8367133,0 76.308527,24.8371732,0 76.3052335,24.8380698,0 76.3051322,24.8405068,0 76.3039161,24.8408976,0 76.3022441,24.8405068,0 76.3013321,24.8389664,0 76.3013067,24.837564,0 76.3026241,24.8366214,0 76.3041188,24.8360926,0 76.3057909,24.8353569,0 76.3053095,24.8341843,0 76.3027001,24.8341613,0 76.3007494,24.8342073,0 76.2960625,24.834966,0 76.2909703,24.834966,0 76.2872209,24.835058,0 76.2876768,24.8316323,0 76.2888928,24.8250104,0 76.2912743,24.8184801,0 76.2897036,24.8156288,0 76.2878289,24.8149849,0 76.2869675,24.8148929,0 76.2863595,24.8129153,0 76.2845861,24.8095119,0 76.2830153,24.8079942,0 76.2802792,24.8077182,0 76.2784552,24.8075343,0 76.273591,24.8074883,0 76.2715643,24.8074883,0 76.2681188,24.8079482,0 76.265636,24.8084081,0 76.265484,24.8108457,0 76.2660414,24.8135132,0 76.2664974,24.8158127,0 76.2671054,24.8184801,0 76.2674601,24.8200437,0 76.2674094,24.8212394,0 76.2654334,24.8241366,0 76.2673081,24.8290571,0 76.2680175,24.8366904,0 76.2686255,24.8421161,0 76.2614812,24.842438,0 76.2574277,24.8428518,0 76.2551476,24.8421621,0 76.2534756,24.8414264,0 76.2516515,24.8399091,0 76.2505368,24.8378859,0 76.2502835,24.8356328,0 76.2506381,24.8333336,0 76.2510435,24.8317242,0 76.2521582,24.8285053,0 76.2514488,24.8273097,0 76.2503848,24.8272177,0 76.245273,24.8281383,0 76.2426928,24.8285609,0 76.2393119,24.8292671,0 76.2389333,24.828297,0 76.235653,24.8285703,0 76.2354803,24.8290058,0 76.2297849,24.8296455,0 76.2290023,24.8287533,0 76.2212464,24.8289997,0 76.2224158,24.8254702,0 76.2254559,24.8193079,0 76.2266213,24.8158587,0 76.2261146,24.8119035,0 76.2230238,24.8024749,0 76.220085,24.7943336,0 76.2198317,24.7848577,0 76.218717,24.7801194,0 76.2130928,24.7691702,0 76.2080766,24.7629131,0 76.2038204,24.7576219,0 76.201839,24.7543052,0 76.2003531,24.7542528,0 76.1966718,24.753779,0 76.1928448,24.7568406,0 76.1885257,24.7549453,0 76.1848809,24.7532323,0 76.1810903,24.7522846,0 76.1782838,24.7511183,0 76.1756049,24.7508267,0 76.1735456,24.7505533,0 76.1717596,24.7498426,0 76.1693723,24.7482207,0 76.1651443,24.7472001,0 76.1616635,24.7461978,0 76.1571075,24.7452502,0 76.1545926,24.7440474,0 76.1526062,24.7449221,0 76.1498726,24.7469632,0 76.1410157,24.7531776,0 76.1412891,24.7567131,0 76.1398129,24.7598476,0 76.1392844,24.7643307,0 76.1386101,24.7684675,0 76.1400863,24.7760669,0 76.1407241,24.7806776,0 76.1466105,24.7888055,0 76.1497268,24.7916303,0 76.1522235,24.7962591,0 76.1499273,24.7955302,0 76.1464282,24.7962774,0 76.1450432,24.7964596,0 76.1430932,24.7964961,0 76.1394849,24.79779,0 76.1378265,24.7997217,0 76.1366602,24.796897,0 76.1345462,24.7910471,0 76.131685,24.7888602,0 76.1278398,24.7857257,0 76.1227006,24.7823178,0 76.1198941,24.7794019,0 76.1164497,24.7747742,0 76.1150651,24.7732432,0 76.11696,24.77111,0 76.1177619,24.7695974,0 76.1177801,24.7676475,0 76.1166867,24.7658068,0 76.1144451,24.7637475,0 76.1117844,24.7622167,0 76.1057523,24.7601392,0 76.0973328,24.7570411,0 76.0906628,24.7548542,0 76.0802204,24.7488585,0 76.0703977,24.7439745,0 76.0654225,24.7426988,0 76.0665706,24.7415142,0 76.0593904,24.7344251,0 76.0572582,24.7319831,0 76.0576409,24.7303247,0 76.0599918,24.7288668,0 76.0627436,24.7259874,0 76.0656959,24.7228346,0 76.067737,24.7208482,0 76.0685388,24.7184609,0 76.0756097,24.7149254,0 76.0820975,24.7117544,0 76.0830451,24.7122829,0 76.0837194,24.7109708,0 76.0846853,24.709932,0 76.0878381,24.7077816,0 76.0920296,24.7046471,0 76.0937426,24.7030433,0 76.0955286,24.7011298,0 76.0980435,24.6986514,0 76.0989911,24.6972663,0 76.0989183,24.6947332,0 76.0994103,24.6924916,0 76.1007224,24.6914711,0 76.0994832,24.6902136,0 76.0987178,24.6894665,0 76.0975879,24.6888286,0 76.096458,24.6885735,0 76.0947632,24.6883184,0 76.0931048,24.6880268,0 76.0910819,24.6873525,0 76.0878198,24.6852932,0 76.0865988,24.6842726,0 76.0836283,24.6819399,0 76.0796373,24.6790788,0 76.0773228,24.67804,0 76.0739514,24.6767097,0 76.0694136,24.6746321,0 76.0655683,24.6729191,0 76.0633814,24.67137,0 76.0621422,24.6694018,0 76.061559,24.6668869,0 76.0617231,24.6629688,0 76.0623973,24.659087,0 76.0627983,24.6527998,0 76.0627618,24.6479339,0 76.0622698,24.6440522,0 76.0614315,24.6418836,0 76.0568026,24.6381841,0 76.0560189,24.6370178,0 76.0553811,24.6353229,0 76.05529,24.6328991,0 76.055454,24.631259,0 76.0566021,24.6271768,0 76.0567115,24.6256278,0 76.0555816,24.6218372,0 76.0554358,24.6199237,0 76.0555633,24.6187938,0 76.0562559,24.6169167,0 76.0576955,24.6155681,0 76.0604656,24.6131261,0 76.0616866,24.6109574,0 76.0629987,24.6069482,0 76.0642562,24.6023375,0 76.067172,24.5978908,0 76.0704159,24.5918222,0 76.0714911,24.5892162,0 76.0739149,24.5815894,0 76.0748535,24.5793661,0 76.0752726,24.5777624,0 76.0750084,24.5754206,0 76.0745345,24.5732884,0 76.0737418,24.5718487,0 76.072047,24.5703543,0 76.0710629,24.5698896,0 76.0704068,24.5697256,0 76.0695138,24.5696801,0 76.0679101,24.5701721,0 76.0668258,24.5702085,0 76.0640557,24.5689511,0 76.0612401,24.5672927,0 76.0590806,24.5657801,0 76.0576512,24.5640785,0 76.0565198,24.5623372,0 76.0522466,24.5648325,0 76.0529209,24.5659077,0 76.0536863,24.5666184,0 76.0542877,24.5676936,0 76.0521737,24.5689693,0 76.0478728,24.5705184,0 76.045613,24.5706824,0 76.044228,24.5665455,0 76.042843,24.5622993,0 76.0413122,24.5629372,0 76.0407472,24.5620442,0 76.0373758,24.5625363,0 76.0373211,24.5616068,0 76.0342777,24.5622264,0 76.0323277,24.5581807,0 76.0303231,24.5538981,0 76.0284825,24.5545906,0 76.0271703,24.5507635,0 76.0261316,24.5507635,0 76.021284,24.5526953,0 76.0171289,24.5552102,0 76.0135206,24.5566317,0 76.0110603,24.5574518,0 76.0088917,24.5571237,0 76.0056113,24.5554289,0 76.0039712,24.5551191,0 76.0041899,24.5568504,0 76.0013469,24.5564859,0 75.9987044,24.5571055,0 75.9986133,24.5588368,0 75.9970643,24.5589826,0 75.9963171,24.5589643,0 75.9934012,24.5599302,0 75.9914513,24.5598391,0 75.9885354,24.5589643,0 75.987934,24.555684,0 75.9860752,24.5559574,0 75.9860023,24.5570144,0 75.983943,24.5571784,0 75.9839065,24.557798,0 75.9804622,24.5585634,0 75.9757057,24.5601671,0 75.9710222,24.5610054,0 75.9688171,24.5613335,0 75.9685073,24.5616979,0 75.9636232,24.5620806,0 75.9628578,24.5635386,0 75.9572084,24.5623358,0 75.9571537,24.5558845,0 75.9573359,24.5542626,0 75.9574635,24.5532602,0 75.9582836,24.5515654,0 75.9586116,24.5501439,0 75.9580102,24.5497794,0 75.9532173,24.549415,0 75.9527435,24.5476655,0 75.9524884,24.544294,0 75.9517229,24.5434193,0 75.9497547,24.5435651,0 75.9496454,24.5442758,0 75.9489529,24.544294,0 75.947659,24.5444763,0 75.9472581,24.5449865,0 75.9476043,24.5461893,0 75.942939,24.5474832,0 75.9429936,24.5487589,0 75.9389115,24.5501075,0 75.9325331,24.5510187,0 75.9281229,24.5502168,0 75.9279042,24.5495608,0 75.9257173,24.5491234,0 75.9225828,24.5487225,0 75.920651,24.5488865,0 75.920159,24.5476837,0 75.920487,24.5473921,0 75.9174354,24.5411776,0 75.9178324,24.5406895,0 75.9187212,24.5395906,0 75.9190946,24.539135,0 75.919344,24.5388092,0 75.9206181,24.5358653,0 75.9221259,24.5355962,0 75.9233493,24.5351722,0 75.9232721,24.5337682,0 75.9229399,24.5316359,0 75.9222793,24.5277201,0 75.9220676,24.5267131,0 75.9220413,24.5258706,0 75.9209313,24.5226293,0 75.920577,24.5216835,0 75.9190172,24.5208651,0 75.916838,24.5190902,0 75.9166565,24.518916,0 75.9149766,24.5174863,0 75.9131929,24.5157782,0 75.9119605,24.5144813,0 75.9113692,24.5139015,0 75.9110587,24.5136729,0 75.9099576,24.5134397,0 75.9077866,24.512969,0 75.9067308,24.5132336,0 75.9058575,24.5135585,0 75.9053714,24.5138143,0 75.9039055,24.5155204,0 75.9031868,24.5165786,0 75.9024146,24.5174781,0 75.9015317,24.5184764,0 75.9010911,24.5188255,0 75.8997396,24.5187652,0 75.8972251,24.518916,0 75.8945151,24.518814,0 75.8905348,24.5188883,0 75.8909987,24.5148054,0 75.889682,24.5150763,0 75.8894548,24.5128816,0 75.8899036,24.5101059,0 75.88911,24.5096507,0 75.8878643,24.508102,0 75.8879594,24.507273,0 75.8881505,24.5070691,0 75.8886621,24.5068604,0 75.8900515,24.5070921,0 75.8901337,24.5067351,0 75.8917587,24.5063861,0 75.8934128,24.5059207,0 75.8945903,24.5055465,0 75.8966424,24.5051315,0 75.8982874,24.5045551,0 75.8992395,24.504499,0 75.9027743,24.504606,0 75.9030773,24.5034487,0 75.9031385,24.5018666,0 75.903289,24.500464,0 75.9037633,24.4996686,0 75.9039754,24.4969466,0 75.9050608,24.4963369,0 75.905918,24.4944116,0 75.9068513,24.494482,0 75.9079325,24.4923434,0 75.9096618,24.4921515,0 75.9108566,24.4920117,0 75.9116378,24.4919101,0 75.9117818,24.490767,0 75.91099,24.4863995,0 75.9100116,24.4828347,0 75.9095138,24.4820451,0 75.9086418,24.4817387,0 75.9080833,24.4794989,0 75.9063407,24.4756659,0 75.9060921,24.4752303,0 75.9062866,24.4745037,0 75.9061436,24.4735481,0 75.9054054,24.4725067,0 75.9057627,24.471171,0 75.9062981,24.4691136,0 75.9068014,24.4674124,0 75.9073494,24.4658257,0 75.9081539,24.4640081,0 75.9088054,24.4622495,0 75.9088265,24.4604898,0 75.9090622,24.4549885,0 75.9086998,24.4547415,0 75.9067847,24.4545424,0 75.9043997,24.4543362,0 75.9037663,24.4543206,0 75.9034248,24.4539212,0 75.9026189,24.4537572,0 75.9025869,24.4521804,0 75.9026048,24.4514244,0 75.9031104,24.4499392,0 75.9029737,24.4493651,0 75.9023723,24.4480758,0 75.9020668,24.4461562,0 75.9013791,24.4461258,0 75.9003011,24.4424134,0 75.9001399,24.4421849,0 75.8971557,24.4414286,0 75.8952364,24.441088,0 75.8915376,24.4397941,0 75.8903582,24.4393647,0 75.8903354,24.4385264,0 75.8895182,24.438605,0 75.8894697,24.4376927,0 75.8862031,24.4369227,0 75.8855309,24.4361961,0 75.8847452,24.4353782,0 75.8817717,24.4331053,0 75.878016,24.4310181,0 75.8773071,24.4310496,0 75.8767631,24.4300249,0 75.8757845,24.4303728,0 75.8750644,24.4263827,0 75.8708363,24.4249038,0 75.8708721,24.4246443,0 75.8705965,24.4245215,0 75.8673757,24.4231356,0 75.8658788,24.4232183,0 75.8641854,24.422334,0 75.8612169,24.4215721,0 75.8598785,24.4208856,0 75.8595277,24.4199607,0 75.858416,24.4191589,0 75.8555413,24.4179796,0 75.8511882,24.4167697,0 75.8491304,24.4164655,0 75.8464957,24.4157684,0 75.8444589,24.4154924,0 75.8420221,24.4162672,0 75.8387971,24.4141814,0 75.8356108,24.4148498,0 75.8350819,24.4161056,0 75.834985,24.4163308,0 75.8345634,24.4164374,0 75.8340302,24.4173277,0 75.8336032,24.417663,0 75.8332396,24.4178148,0 75.8326974,24.4177374,0 75.8309248,24.4190718,0 75.8296578,24.4199637,0 75.8266482,24.422635,0 75.8258108,24.4239023,0 75.8252939,24.4269861,0 75.8241308,24.4275826,0 75.8194987,24.4287447,0 75.8182412,24.4293005,0 75.8168648,24.4294085,0 75.8160908,24.4301388,0 75.8144078,24.4307389,0 75.8119141,24.4323901,0 75.8098452,24.4340513,0 75.8098491,24.4352598,0 75.8112341,24.4385036,0 75.8135282,24.445363,0 75.8140074,24.448056,0 75.8143868,24.4504404,0 75.8142806,24.4537145,0 75.8138749,24.4575962,0 75.8139718,24.4613624,0 75.8130088,24.4623231,0 75.8063513,24.4665633,0 75.8039354,24.4679263,0 75.802226,24.4686451,0 75.8008236,24.4687646,0 75.798591,24.4691432,0 75.7961035,24.4695235,0 75.7926938,24.4699692,0 75.791256,24.4707784,0 75.7894069,24.4715546,0 75.7882513,24.4705568,0 75.7875941,24.4698937,0 75.7869324,24.4681951,0 75.7867729,24.4679172,0 75.7863765,24.4677258,0 75.7854836,24.4679901,0 75.7853353,24.4678766,0 75.7853804,24.4676146,0 75.7855656,24.4669832,0 75.7853924,24.4655982,0 75.7850243,24.4640267,0 75.7844973,24.4619219,0 75.7843807,24.4601702,0 75.7842534,24.4578621,0 75.7845587,24.4562402,0 75.7860209,24.4532817,0 75.7838697,24.4513423,0 75.7823088,24.450163,0 75.781251,24.4496248,0 75.7806633,24.4495201,0 75.7801463,24.449555,0 75.779978,24.4496095,0 75.7782959,24.4498304,0 75.7777353,24.4499853,0 75.7765652,24.4505315,0 75.7763397,24.4504313,0 75.7750762,24.4502876,0 75.7740389,24.449987,0 75.7733946,24.4496855,0 75.7738807,24.4473386,0 75.774334,24.4448671,0 75.7744616,24.4443573,0 75.7742166,24.4434697,0 75.7741143,24.4420049,0 75.7739295,24.4416564,0 75.7733145,24.4415835,0 75.7729666,24.4417984,0 75.771941,24.4420096,0 75.7713007,24.4417885,0 75.771,24.4408363,0 75.7701713,24.4388492,0 75.768803,24.436661,0 75.7669819,24.4348588,0 75.7666172,24.434426,0 75.7662253,24.434098,0 75.7653597,24.4340479,0 75.7646982,24.4337592,0 75.7639975,24.4336469,0 75.7632199,24.4331758,0 75.7624393,24.4322437,0 75.7619518,24.4311776,0 75.7617192,24.4308382,0 75.7606306,24.430845,0 75.7592073,24.431194,0 75.7583252,24.4312687,0 75.7574264,24.4308714,0 75.7562933,24.4302983,0 75.7552795,24.4291893,0 75.7537328,24.4284531,0 75.7523214,24.4278851,0 75.7516507,24.427469,0 75.7506897,24.4264923,0 75.7489465,24.4242292,0 75.7476232,24.4242069,0 75.7475867,24.4228948,0 75.7492827,24.4228998,0 75.7492952,24.4224528,0 75.7510944,24.4221861,0 75.7511404,24.4217603,0 75.7524047,24.421895,0 75.7558847,24.4206534,0 75.7557374,24.4183388,0 75.7547615,24.4182224,0 75.7546563,24.4152635,0 75.7546921,24.4128122,0 75.7549128,24.4108031,0 75.7547998,24.4074958,0 75.7552864,24.4065342,0 75.7540563,24.4065251,0 75.7538877,24.4057915,0 75.7530496,24.4056585,0 75.7530949,24.4049806,0 75.7515079,24.4046952,0 75.7514001,24.4041787,0 75.7504479,24.4044657,0 75.7498693,24.4043929,0 75.749646,24.4036457,0 75.7495639,24.4014805,0 75.7495595,24.4009804,0 75.7490534,24.400775,0 75.745771,24.4000566,0 75.7432865,24.3993381,0 75.7428348,24.3990942,0 75.7427869,24.3977124,0 75.7394752,24.3977847,0 75.7379207,24.3977471,0 75.7357001,24.3984701,0 75.7349111,24.3986284,0 75.733536,24.3984245,0 75.7324198,24.3983698,0 75.7314274,24.3984357,0 75.7302511,24.3969575,0 75.7294464,24.3966054,0 75.7286201,24.3966066,0 75.7281258,24.3964447,0 75.727923,24.3964791,0 75.7280548,24.3952328,0 75.7280233,24.392488,0 75.7277317,24.3905289,0 75.7279952,24.3889756,0 75.7281599,24.3872031,0 75.7285062,24.3869844,0 75.7286548,24.3822556,0 75.7288616,24.3801686,0 75.729249,24.3780962,0 75.7300076,24.3775686,0 75.7316676,24.3774176,0 75.7341544,24.3783665,0 75.7355381,24.3803304,0 75.7358343,24.3810835,0 75.7362241,24.3819272,0 75.736866,24.3823203,0 75.7378916,24.3822917,0 75.7379062,24.3812018,0 75.7383654,24.3807244,0 75.7386023,24.3793121,0 75.7391994,24.3773828,0 75.7388574,24.3746741,0 75.7387422,24.3717999,0 75.7388392,24.3706739,0 75.7387403,24.3672107,0 75.7388301,24.3652796,0 75.739235,24.3639072,0 75.7400693,24.3624731,0 75.7395317,24.3589467,0 75.7385191,24.3556722,0 75.7381241,24.3540614,0 75.7375225,24.3535615,0 75.7377981,24.3529897,0 75.738575,24.3523906,0 75.7407511,24.3512743,0 75.7412721,24.3514567,0 75.7426161,24.3517687,0 75.7432084,24.3516708,0 75.7422471,24.35055,0 75.742115,24.3498347,0 75.7423124,24.3458883,0 75.7428453,24.3421048,0 75.7431537,24.3406043,0 75.7431728,24.3400922,0 75.7408482,24.3367907,0 75.7396882,24.3358155,0 75.7382312,24.3347992,0 75.7387804,24.3339047,0 75.7398493,24.3321227,0 75.7433953,24.3297663,0 75.7453907,24.3283805,0 75.7467633,24.3277418,0 75.7488077,24.3270137,0 75.7505409,24.3243553,0 75.7514821,24.3235648,0 75.7527168,24.3232095,0 75.7537829,24.3217424,0 75.7547214,24.3212914,0 75.7552909,24.3213597,0 75.755783,24.3210909,0 75.7558468,24.3205123,0 75.7559607,24.3200248,0 75.7563069,24.319797,0 75.756922,24.3196057,0 75.7571953,24.3192867,0 75.7573544,24.3192236,0 75.7581111,24.3175099,0 75.7597057,24.3159563,0 75.7609495,24.3144847,0 75.761592,24.3129203,0 75.7624067,24.3094294,0 75.7635945,24.3061263,0 75.7664221,24.2981258,0 75.7664805,24.2980102,0 75.7688667,24.2974662,0 75.7722764,24.2966982,0 75.7752143,24.297058,0 75.7779767,24.2973131,0 75.7792601,24.2974999,0 75.7813127,24.2968726,0 75.7829049,24.2967072,0 75.7838343,24.2963974,0 75.7858605,24.2966378,0 75.7865223,24.2970671,0 75.7869703,24.2980445,0 75.7871556,24.2987255,0 75.7888549,24.2988325,0 75.7911512,24.2991902,0 75.7931893,24.299757,0 75.7945728,24.2999465,0 75.7981401,24.3010748,0 75.8018214,24.3021243,0 75.8020674,24.3012996,0 75.8024592,24.3012222,0 75.8027743,24.299962,0 75.8030424,24.2991036,0 75.8032611,24.2986435,0 75.8035162,24.2984385,0 75.8037349,24.2983884,0 75.8040491,24.2986186,0 75.804653,24.2992526,0 75.8055664,24.2997096,0 75.8060676,24.2998235,0 75.8065323,24.2997643,0 75.8070063,24.2995599,0 75.8074708,24.2990945,0 75.8076485,24.2986207,0 75.8076667,24.2977779,0 75.8083922,24.2972095,0 75.8097711,24.2964743,0 75.8105892,24.2962091,0 75.8108742,24.2959873,0 75.8109471,24.2957231,0 75.8107739,24.2954953,0 75.8104256,24.2953689,0 75.8095645,24.2952786,0 75.8092887,24.2951809,0 75.8089391,24.2947987,0 75.8088923,24.2942333,0 75.8090671,24.2938979,0 75.8095254,24.2934299,0 75.8103451,24.292939,0 75.8109334,24.292789,0 75.811569,24.2933203,0 75.8117899,24.2934998,0 75.8121954,24.293231,0 75.8127998,24.2922974,0 75.81302,24.2920373,0 75.8131641,24.2914296,0 75.8136057,24.2900538,0 75.8136943,24.2891943,0 75.8130656,24.2891943,0 75.8131112,24.2887251,0 75.8121844,24.2885596,0 75.8120222,24.2861612,0 75.8119552,24.2854313,0 75.8123093,24.2853582,0 75.8125872,24.285504,0 75.8129107,24.2856771,0 75.8134167,24.2855466,0 75.8133708,24.2852306,0 75.8132068,24.2848525,0 75.8133982,24.284611,0 75.8137051,24.2844944,0 75.8141271,24.2845427,0 75.8143823,24.2845062,0 75.8145463,24.284283,0 75.8143823,24.2839732,0 75.8143731,24.2835315,0 75.8144962,24.2832123,0 75.8147695,24.2831075,0 75.8153639,24.2830637,0 75.8156853,24.2828888,0 75.8160479,24.2823328,0 75.816396,24.2818592,0 75.8169245,24.2816496,0 75.81733,24.281358,0 75.817542,24.2808739,0 75.8184235,24.280702,0 75.8176331,24.2795762,0 75.816809,24.2783757,0 75.8132225,24.2784499,0 75.8127737,24.2768843,0 75.8122518,24.2752707,0 75.8117125,24.2752758,0 75.8117296,24.2730854,0 75.8120587,24.2728839,0 75.8127148,24.2728292,0 75.8125943,24.2713823,0 75.8141727,24.2712847,0 75.8141946,24.2691707,0 75.8142046,24.2677128,0 75.8140273,24.2669614,0 75.8131593,24.2633336,0 75.8129633,24.262296,0 75.812127,24.2592158,0 75.8116201,24.2578255,0 75.8123108,24.2580166,0 75.8134017,24.2584329,0 75.814259,24.2583181,0 75.8147228,24.2574981,0 75.8158399,24.2576239,0 75.8165402,24.2577662,0 75.8169929,24.257357,0 75.817248,24.256783,0 75.8178853,24.2566942,0 75.8190429,24.2570987,0 75.8192526,24.2568923,0 75.8188283,24.2560521,0 75.8189284,24.2552273,0 75.8173427,24.2538097,0 75.8161977,24.2526609,0 75.814826,24.2515793,0 75.8132357,24.2506152,0 75.8129654,24.2503134,0 75.8133936,24.2493567,0 75.8139316,24.2484784,0 75.813667,24.2476801,0 75.8140223,24.2464135,0 75.814642,24.246131,0 75.814241,24.2457119,0 75.813421,24.2455661,0 75.8137399,24.2452472,0 75.8143959,24.2452016,0 75.8146329,24.2450011,0 75.8144906,24.2443456,0 75.8162982,24.242382,0 75.8179405,24.2421946,0 75.8179438,24.2387438,0 75.8212334,24.237726,0 75.8240024,24.2373551,0 75.825648,24.2369452,0 75.8284498,24.235414,0 75.8302507,24.233799,0 75.8283475,24.2318971,0 75.8268386,24.2314982,0 75.8254574,24.2313128,0 75.8244148,24.2307499,0 75.824009,24.2303725,0 75.8233439,24.2300028,0 75.8215262,24.2297256,0 75.8213158,24.229384,0 75.8179,24.2294927,0 75.8167251,24.2265511,0 75.8157541,24.2257923,0 75.8146465,24.2261398,0 75.8131069,24.2273952,0 75.8112405,24.2289863,0 75.810168,24.2295563,0 75.8094402,24.2296995,0 75.8099521,24.2256174,0 75.8092294,24.2244162,0 75.8086017,24.2230685,0 75.8082967,24.2216856,0 75.8079471,24.219976,0 75.8072793,24.2176135,0 75.8027093,24.2168077,0 75.7993023,24.215806,0 75.7980718,24.2154917,0 75.7958373,24.2148467,0 75.7949463,24.214712,0 75.7941626,24.2112442,0 75.7929098,24.2109222,0 75.7927922,24.210346,0 75.7916797,24.2101295,0 75.7897012,24.210057,0 75.788044,24.2100019,0 75.787978,24.2103049,0 75.785819,24.2103571,0 75.7824455,24.2104768,0 75.7818456,24.2104871,0 75.7809686,24.2102639,0 75.7804862,24.2103149,0 75.7790505,24.2104598,0 75.7774518,24.2099847,0 75.7772668,24.2097513,0 75.7772121,24.2092274,0 75.7770458,24.2089791,0 75.7767907,24.2088265,0 75.7760204,24.2082024,0 75.7756221,24.2077376,0 75.7754672,24.2072865,0 75.7754011,24.206061,0 75.775187,24.2047762,0 75.7743527,24.2037199,0 75.7729181,24.2021018,0 75.7723213,24.2011405,0 75.7722713,24.2003144,0 75.7727951,24.1990903,0 75.7726356,24.1976096,0 75.772794,24.1965025,0 75.7725955,24.1943036,0 75.7724215,24.1928714,0 75.7721882,24.1922341,0 75.771474,24.1904292,0 75.7709879,24.1889676,0 75.7712323,24.1885911,0 75.7729458,24.1860813,0 75.7731358,24.1834318,0 75.7734665,24.1826275,0 75.7739322,24.1812825,0 75.7681297,24.1785564,0 75.7659055,24.1764296,0 75.7645137,24.1751583,0 75.7637681,24.1745286,0 75.7638087,24.1721002,0 75.7638643,24.1705099,0 75.7638653,24.1700458,0 75.7604061,24.1661156,0 75.7609394,24.1641281,0 75.7615188,24.1621116,0 75.7587379,24.1587905,0 75.7591225,24.1570521,0 75.7591885,24.1554827,0 75.7589035,24.1552049,0 75.7557583,24.1519935,0 75.7516325,24.1477487,0 75.7512364,24.1454308,0 75.7509592,24.1433323,0 75.7525477,24.1422619,0 75.7538957,24.1414394,0 75.7558149,24.1403224,0 75.7566635,24.1389463,0 75.7571265,24.1373283,0 75.7577705,24.1348686,0 75.7585025,24.1340811,0 75.7612981,24.1323048,0 75.7623026,24.1306637,0 75.7631916,24.1270998,0 75.7635206,24.1250308,0 75.7637134,24.1229011,0 75.764106,24.1211893,0 75.7671232,24.1184127,0 75.7682704,24.1173868,0 75.7700224,24.1157878,0 75.7705374,24.1168801,0 75.7726721,24.1175768,0 75.7735514,24.1189958,0 75.7753532,24.1190919,0 75.7775108,24.1191776,0 75.7786313,24.1192623,0 75.7798556,24.1183596,0 75.7813629,24.1172715,0 75.782185,24.1164148,0 75.7826497,24.1159455,0 75.7831697,24.1147945,0 75.7834835,24.1140183,0 75.7840562,24.1122746,0 75.7832539,24.1108911,0 75.7826036,24.1097491,0 75.7832674,24.1078268,0 75.7838366,24.1072618,0 75.7850164,24.1066938,0 75.7857865,24.1063187,0 75.7867889,24.1051569,0 75.7876164,24.104788,0 75.7887229,24.1047947,0 75.7908762,24.1054022,0 75.789146,24.104197,0 75.7892309,24.1039109,0 75.7890076,24.1028994,0 75.7886952,24.1021406,0 75.7883948,24.1006283,0 75.7883538,24.0998218,0 75.788126,24.0994824,0 75.787716,24.099045,0 75.7876327,24.098679,0 75.7877557,24.098523,0 75.7882308,24.0978924,0 75.7894155,24.0963288,0 75.7904671,24.0949888,0 75.7913032,24.0939036,0 75.7918313,24.0931485,0 75.7922634,24.0925831,0 75.7925917,24.0921491,0 75.7927629,24.0919566,0 75.7928566,24.091838,0 75.7932354,24.092074,0 75.7934624,24.0922028,0 75.794771,24.0929081,0 75.7952861,24.0932205,0 75.7956905,24.0934768,0 75.8002818,24.096393,0 75.80569,24.0995869,0 75.8070243,24.097759,0 75.8086593,24.0956652,0 75.8111169,24.0925384,0 75.8165789,24.0854599,0 75.8179689,24.0857121,0 75.8197174,24.0865069,0 75.821886,24.0880013,0 75.8286005,24.0900043,0 75.8356726,24.0921193,0 75.8359954,24.0907976,0 75.8365339,24.0884631,0 75.8363832,24.0864887,0 75.8356433,24.0842728,0 75.8353485,24.0810261,0 75.8350307,24.0735278,0 75.8356321,24.0671933,0 75.8361126,24.062679,0 75.8367593,24.0570583,0 75.8309837,24.0558216,0 75.8236272,24.0541838,0 75.8217289,24.0536093,0 75.8174262,24.0522447,0 75.8152557,24.0516243,0 75.8141773,24.051043,0 75.812787,24.0499792,0 75.8115712,24.0491842,0 75.8106236,24.0487286,0 75.8090745,24.0486101,0 75.807879,24.0483864,0 75.8072248,24.0481272,0 75.8062134,24.0479905,0 75.8057168,24.047683,0 75.8053477,24.0475987,0 75.8044394,24.0476659,0 75.8036301,24.0470816,0 75.8032884,24.0468743,0 75.8027645,24.0467695,0 75.8023567,24.0467558,0 75.8011904,24.0467672,0 75.8001994,24.0468939,0 75.7994477,24.0467239,0 75.7946156,24.044796,0 75.7910581,24.0440475,0 75.7883988,24.0434975,0 75.7849423,24.0433282,0 75.7836142,24.0432873,0 75.7829322,24.0434163,0 75.7827461,24.0441765,0 75.7815169,24.0432585,0 75.7810825,24.0427875,0 75.7807727,24.0419811,0 75.780499,24.0404242,0 75.7815554,24.0385526,0 75.7819314,24.0363395,0 75.7818817,24.0341382,0 75.7817994,24.0310464,0 75.7824362,24.0266286,0 75.7825558,24.0250086,0 75.7823348,24.0230054,0 75.783078,24.0221306,0 75.7806957,24.0198851,0 75.7784513,24.0179029,0 75.7780772,24.0177467,0 75.7769657,24.0178193,0 75.7768818,24.0170097,0 75.7752434,24.0169378,0 75.7748225,24.0161896,0 75.7747433,24.0151127,0 75.77535,24.01411,0 75.776736,24.0144492,0 75.7762895,24.0130642,0 75.7756629,24.0129575,0 75.7744125,24.0098385,0 75.773377,24.0078384,0 75.7666878,24.0094132,0 75.7631184,24.0102347,0 75.7626579,24.0098197,0 75.7624849,24.0083885,0 75.7626697,24.0077995,0 75.7628584,24.0075332,0 75.7635773,24.0073407,0 75.7637423,24.0066129,0 75.7638243,24.0057564,0 75.7641971,24.0052166,0 75.7650909,24.0050274,0 75.765829,24.0040706,0 75.7667675,24.0033235,0 75.7673198,24.0029635,0 75.7684588,24.0008185,0 75.7682892,23.9992048,0 75.7685717,23.9979656,0 75.7679413,23.9968538,0 75.7667512,23.9946706,0 75.7653936,23.9926195,0 75.7645897,23.9922433,0 75.7609853,23.991756,0 75.7563696,23.9912126,0 75.7536765,23.9909931,0 75.7512204,23.9911335,0 75.7485134,23.9919306,0 75.7472961,23.9921173,0 75.7439283,23.9924073,0 75.7422859,23.9927519,0 75.7421059,23.9915234,0 75.7419617,23.9886409,0 75.7433952,23.9884481,0 75.7436458,23.9862794,0 75.7434681,23.9848443,0 75.7432449,23.9845163,0 75.741475,23.9829805,0 75.7413776,23.9825683,0 75.741965,23.9818582,0 75.7419874,23.9808122,0 75.741555,23.9787036,0 75.74114,23.9769169,0 75.7400958,23.9765367,0 75.7375149,23.9758239,0 75.7361665,23.9753182,0 75.7322943,23.9764281,0 75.7310683,23.9767514,0 75.7306749,23.9767483,0 75.7302101,23.9763747,0 75.7293667,23.9745119,0 75.7289117,23.9731718,0 75.7289481,23.9724839,0 75.7295135,23.9702909,0 75.7289937,23.9699917,0 75.7260429,23.969504,0 75.7228666,23.9690614,0 75.7201476,23.9686956,0 75.7182871,23.9683242,0 75.717983,23.9681827,0 75.7176174,23.9680235,0 75.7175262,23.966839,0 75.712471,23.9668374,0 75.7114622,23.9671852,0 75.7096352,23.9668527,0 75.7067784,23.9663523,0 75.7039758,23.9663872,0 75.7030245,23.9663788,0 75.7017504,23.9665786,0 75.7018525,23.9697581,0 75.7012157,23.9719463,0 75.7003336,23.9750412,0 75.6998795,23.9771013,0 75.6998239,23.9774716,0 75.6994191,23.9796483,0 75.6986833,23.9829193,0 75.6986052,23.984047,0 75.6988509,23.9878493,0 75.6986097,23.9879151,0 75.6959262,23.9869947,0 75.6937422,23.9868974,0 75.6909487,23.9870667,0 75.6886682,23.9879236,0 75.6870034,23.9887549,0 75.6869272,23.9895954,0 75.6873701,23.9909995,0 75.6874729,23.9920637,0 75.6868598,23.9934916,0 75.6865435,23.9942772,0 75.6864771,23.9951454,0 75.6872081,23.9975711,0 75.6876429,24.0000149,0 75.6875768,24.0009038,0 75.687771,24.0027084,0 75.6877938,24.0040479,0 75.6877295,24.0053848,0 75.6877203,24.0054616,0 75.6855158,24.005237,0 75.6841444,24.0053964,0 75.6829097,24.0054238,0 75.6830965,24.006376,0 75.6797553,24.0069459,0 75.6781801,24.0073122,0 75.6768143,24.0111776,0 75.6757108,24.0141232,0 75.6745427,24.0170463,0 75.6743424,24.0176528,0 75.673579,24.0174197,0 75.6719844,24.0176475,0 75.6713233,24.0171558,0 75.6699342,24.0157158,0 75.667781,24.0145187,0 75.6663077,24.0134651,0 75.663328,24.0122441,0 75.6622164,24.0113056,0 75.659733,24.0108822,0 75.6584939,24.0105256,0 75.6567309,24.0094376,0 75.6557407,24.0082244,0 75.6555282,24.0073236,0 75.6549723,24.0067222,0 75.6544985,24.0063486,0 75.6536055,24.0063578,0 75.651938,24.0060844,0 75.6510514,24.0063005,0 75.6504872,24.005877,0 75.6503525,24.005237,0 75.6509266,24.0047267,0 75.6519562,24.0045445,0 75.6526305,24.0041891,0 75.6524847,24.003615,0 75.6518742,24.0029134,0 75.6511088,24.0026947,0 75.6497282,24.0025706,0 75.6478575,24.0035429,0 75.6465437,24.0029225,0 75.6453252,24.0017977,0 75.6438475,24.0015055,0 75.6425341,24.0011831,0 75.6414125,24.0010471,0 75.6410706,24.000859,0 75.6406184,24.0004042,0 75.640231,24.0000508,0 75.6406337,23.9996519,0 75.6407604,23.9992021,0 75.6405261,23.9988883,0 75.6403739,23.9980394,0 75.6388298,23.9976539,0 75.6368983,23.997999,0 75.6350056,23.9978462,0 75.6342497,23.9970735,0 75.6329271,23.9958066,0 75.631764,23.9952593,0 75.6306779,23.9950965,0 75.6290557,23.9955592,0 75.6269658,23.9961756,0 75.6258573,23.9963111,0 75.6243386,23.9959696,0 75.6218297,23.9952146,0 75.620602,23.9949235,0 75.6193721,23.9949449,0 75.6179377,23.9953147,0 75.6165829,23.9960879,0 75.6159076,23.9965566,0 75.6148039,23.9962158,0 75.613278,23.9956214,0 75.6120627,23.99567,0 75.6111824,23.9955194,0 75.6105302,23.9950687,0 75.6099903,23.9943408,0 75.6091071,23.9934035,0 75.6076631,23.9926828,0 75.6065199,23.9925839,0 75.6059706,23.9930682,0 75.6056278,23.9936798,0 75.6053302,23.9944579,0 75.6048655,23.9953131,0 75.6039222,23.9954923,0 75.6027652,23.9948646,0 75.6020545,23.9945034,0 75.6012444,23.9946738,0 75.6006254,23.9946874,0 75.5993914,23.9945232,0 75.5983966,23.9942862,0 75.5976027,23.993808,0 75.5973831,23.993422,0 75.5973825,23.9921833,0 75.5973512,23.9912371,0 75.5965772,23.9905455,0 75.5956623,23.9899561,0 75.595009,23.9903656,0 75.5947526,23.9906819,0 75.5950125,23.9913822,0 75.5958851,23.9938209,0 75.5956688,23.9943305,0 75.5954567,23.9945541,0 75.5940979,23.9942276,0 75.5926092,23.9933194,0 75.5910191,23.9929833,0 75.5893638,23.9913597,0 75.588056,23.9906436,0 75.5850024,23.990551,0 75.5832932,23.9907985,0 75.5816929,23.9912205,0 75.580906,23.9919177,0 75.5808021,23.9928108,0 75.5812278,23.9945265,0 75.5811931,23.9959089,0 75.5810518,23.9966305,0 75.5802584,23.9979421,0 75.5796412,23.9983983,0 75.5792002,23.9983018,0 75.5788658,23.9978648,0 75.5785794,23.9969711,0 75.5781519,23.9952401,0 75.577698,23.9944939,0 75.5773915,23.9940681,0 75.5767959,23.9939107,0 75.5760259,23.9939973,0 75.5754425,23.994433,0 75.5753061,23.9950042,0 75.5754473,23.9956594,0 75.575666,23.9962024,0 75.5761328,23.9964943,0 75.5764086,23.9968722,0 75.5762305,23.9974306,0 75.5754519,23.9978061,0 75.57465,23.9980112,0 75.5733875,23.9983948,0 75.5723643,23.9987891,0 75.5710462,24.0000978,0 75.5705176,24.0022721,0 75.5693158,24.0044252,0 75.5680103,24.0063076,0 75.5670521,24.0072197,0 75.565825,24.0077564,0 75.5648402,24.0077519,0 75.562949,24.0076905,0 75.5592662,24.0074404,0 75.5571067,24.0075567,0 75.5547259,24.0074052,0 75.5505136,24.0074226,0 75.5474177,24.0073694,0 75.5424518,24.0084515,0 75.5392861,24.0096812,0 75.5358251,24.0126685,0 75.5288328,24.0182456,0 75.523256,24.0242317,0 75.5216071,24.0258276,0 75.5195922,24.0224123,0 75.5134061,24.0147892,0 75.5064439,24.0080265,0 75.5014531,24.0032822,0 75.4989681,24.0016392,0 75.4960315,23.9985145,0 75.4897993,23.9922654,0 75.4883867,23.9906669,0 75.4861512,23.9881223,0 75.4819203,23.9854836,0 75.4778162,23.9835162,0 75.4752321,23.9822662,0 75.472648,23.9786783,0 75.4696332,23.9741644,0 75.4684814,23.9717913,0 75.4677585,23.968354,0 75.4678619,23.965782,0 75.4679358,23.9631684,0 75.4667958,23.9580057,0 75.4667399,23.9576995,0 75.4660611,23.9539772,0 75.4654784,23.9487447,0 75.4646677,23.944114,0 75.463249,23.9402009,0 75.4599049,23.9320038,0 75.4592968,23.927743,0</coordinates></LinearRing></outerBoundaryIs></Polygon>
    </Placemark>
  </Folder>
  <Folder><name>Fire Incidents</name>
    <Placemark><name>Fire 2018-02-08</name>
      <description>Brightness: 392.9</description>
      <styleUrl>#firepoint</styleUrl>
      <Point><coordinates>76.1231,24.5516,0</coordinates></Point>
    </Placemark>
    <Placemark><name>Fire 2018-03-12</name>
      <description>Brightness: 357.7</description>
      <styleUrl>#firepoint</styleUrl>
      <Point><coordinates>76.4004,24.3144,0</coordinates></Point>
    </Placemark>
    <Placemark><name>Fire 2018-04-19</name>
      <description>Brightness: 341.8</description>
      <styleUrl>#firepoint</styleUrl>
      <Point><coordinates>76.1761,24.4698,0</coordinates></Point>
    </Placemark>
    <Placemark><name>Fire 2018-04-22</name>
      <description>Brightness: 398.5</description>
      <styleUrl>#firepoint</styleUrl>
      <Point><coordinates>76.1318,24.256,0</coordinates></Point>
    </Placemark>
    <Placemark><name>Fire 2018-05-27</name>
      <description>Brightness: 330.1</description>
      <styleUrl>#firepoint</styleUrl>
      <Point><coordinates>76.1956,24.3842,0</coordinates></Point>
    </Placemark>
    <Placemark><name>Fire 2018-08-28</name>
      <description>Brightness: 358.7</description>
      <styleUrl>#firepoint</styleUrl>
      <Point><coordinates>75.9764,24.4354,0</coordinates></Point>
    </Placemark>
    <Placemark><name>Fire 2019-02-13</name>
      <description>Brightness: 369.8</description>
      <styleUrl>#firepoint</styleUrl>
      <Point><coordinates>76.2794,24.5117,0</coordinates></Point>
    </Placemark>
    <Placemark><name>Fire 2019-02-23</name>
      <description>Brightness: 354.5</description>
      <styleUrl>#firepoint</styleUrl>
      <Point><coordinates>76.209,24.4322,0</coordinates></Point>
    </Placemark>
    <Placemark><name>Fire 2019-03-04</name>
      <description>Brightness: 369.3</description>
      <styleUrl>#firepoint</styleUrl>
      <Point><coordinates>76.2227,24.2255,0</coordinates></Point>
    </Placemark>
    <Placemark><name>Fire 2019-03-30</name>
      <description>Brightness: 303.7</description>
      <styleUrl>#firepoint</styleUrl>
      <Point><coordinates>76.0307,24.5158,0</coordinates></Point>
    </Placemark>
    <Placemark><name>Fire 2019-05-03</name>
      <description>Brightness: 349.6</description>
      <styleUrl>#firepoint</styleUrl>
      <Point><coordinates>76.0996,24.4217,0</coordinates></Point>
    </Placemark>
    <Placemark><name>Fire 2019-05-09</name>
      <description>Brightness: 368.7</description>
      <styleUrl>#firepoint</styleUrl>
      <Point><coordinates>76.1795,24.6485,0</coordinates></Point>
    </Placemark>
    <Placemark><name>Fire 2019-06-09</name>
      <description>Brightness: 307.4</description>
      <styleUrl>#firepoint</styleUrl>
      <Point><coordinates>76.1476,24.641,0</coordinates></Point>
    </Placemark>
    <Placemark><name>Fire 2019-08-19</name>
      <description>Brightness: 386.7</description>
      <styleUrl>#firepoint</styleUrl>
      <Point><coordinates>76.1993,24.4887,0</coordinates></Point>
    </Placemark>
    <Placemark><name>Fire 2020-01-17</name>
      <description>Brightness: 323.1</description>
      <styleUrl>#firepoint</styleUrl>
      <Point><coordinates>76.1023,24.3846,0</coordinates></Point>
    </Placemark>
    <Placemark><name>Fire 2020-03-17</name>
      <description>Brightness: 331.6</description>
      <styleUrl>#firepoint</styleUrl>
      <Point><coordinates>76.0681,24.2839,0</coordinates></Point>
    </Placemark>
    <Placemark><name>Fire 2020-03-19</name>
      <description>Brightness: 387</description>
      <styleUrl>#firepoint</styleUrl>
      <Point><coordinates>76.4375,24.7087,0</coordinates></Point>
    </Placemark>
    <Placemark><name>Fire 2020-03-21</name>
      <description>Brightness: 389.3</description>
      <styleUrl>#firepoint</styleUrl>
      <Point><coordinates>76.0322,24.4088,0</coordinates></Point>
    </Placemark>
    <Placemark><name>Fire 2020-05-13</name>
      <description>Brightness: 342.9</description>
      <styleUrl>#firepoint</styleUrl>
      <Point><coordinates>76.0614,24.3247,0</coordinates></Point>
    </Placemark>
    <Placemark><name>Fire 2020-06-21</name>
      <description>Brightness: 368.6</description>
      <styleUrl>#firepoint</styleUrl>
      <Point><coordinates>76.1217,24.3979,0</coordinates></Point>
    </Placemark>
    <Placemark><name>Fire 2020-06-25</name>
      <description>Brightness: 337.6</description>
      <styleUrl>#firepoint</styleUrl>
      <Point><coordinates>76.2611,24.3672,0</coordinates></Point>
    </Placemark>
    <Placemark><name>Fire 2021-03-08</name>
      <description>Brightness: 353.2</description>
      <styleUrl>#firepoint</styleUrl>
      <Point><coordinates>76.2042,24.4571,0</coordinates></Point>
    </Placemark>
    <Placemark><name>Fire 2021-04-02</name>
      <description>Brightness: 338.7</description>
      <styleUrl>#firepoint</styleUrl>
      <Point><coordinates>76.224,24.3621,0</coordinates></Point>
    </Placemark>
    <Placemark><name>Fire 2021-04-03</name>
      <description>Brightness: 307.2</description>
      <styleUrl>#firepoint</styleUrl>
      <Point><coordinates>76.0831,24.7146,0</coordinates></Point>
    </Placemark>
    <Placemark><name>Fire 2022-01-12</name>
      <description>Brightness: 300.9</description>
      <styleUrl>#firepoint</styleUrl>
      <Point><coordinates>76.1389,24.4331,0</coordinates></Point>
    </Placemark>
    <Placemark><name>Fire 2022-02-01</name>
      <description>Brightness: 388.2</description>
      <styleUrl>#firepoint</styleUrl>
      <Point><coordinates>76.2195,24.5329,0</coordinates></Point>
    </Placemark>
    <Placemark><name>Fire 2022-03-20</name>
      <description>Brightness: 358.4</description>
      <styleUrl>#firepoint</styleUrl>
      <Point><coordinates>76.309,24.483,0</coordinates></Point>
    </Placemark>
    <Placemark><name>Fire 2022-04-03</name>
      <description>Brightness: 328.6</description>
      <styleUrl>#firepoint</styleUrl>
      <Point><coordinates>76.1066,24.5749,0</coordinates></Point>
    </Placemark>
    <Placemark><name>Fire 2022-04-12</name>
      <description>Brightness: 306.9</description>
      <styleUrl>#firepoint</styleUrl>
      <Point><coordinates>76.2662,24.4129,0</coordinates></Point>
    </Placemark>
    <Placemark><name>Fire 2022-10-15</name>
      <description>Brightness: 374.7</description>
      <styleUrl>#firepoint</styleUrl>
      <Point><coordinates>76.3635,24.4556,0</coordinates></Point>
    </Placemark>
    <Placemark><name>Fire 2023-02-08</name>
      <description>Brightness: 376.9</description>
      <styleUrl>#firepoint</styleUrl>
      <Point><coordinates>76.2521,24.4237,0</coordinates></Point>
    </Placemark>
    <Placemark><name>Fire 2023-03-21</name>
      <description>Brightness: 352.2</description>
      <styleUrl>#firepoint</styleUrl>
      <Point><coordinates>76.2247,24.5127,0</coordinates></Point>
    </Placemark>
    <Placemark><name>Fire 2023-11-01</name>
      <description>Brightness: 362.2</description>
      <styleUrl>#firepoint</styleUrl>
      <Point><coordinates>76.2426,24.6173,0</coordinates></Point>
    </Placemark>
    <Placemark><name>Fire 2024-02-27</name>
      <description>Brightness: 332.1</description>
      <styleUrl>#firepoint</styleUrl>
      <Point><coordinates>76.0225,24.334,0</coordinates></Point>
    </Placemark>
    <Placemark><name>Fire 2024-03-14</name>
      <description>Brightness: 369.3</description>
      <styleUrl>#firepoint</styleUrl>
      <Point><coordinates>76.413,24.4191,0</coordinates></Point>
    </Placemark>
    <Placemark><name>Fire 2024-05-14</name>
      <description>Brightness: 308.5</description>
      <styleUrl>#firepoint</styleUrl>
      <Point><coordinates>76.0309,24.4814,0</coordinates></Point>
    </Placemark>
    <Placemark><name>Fire 2024-06-11</name>
      <description>Brightness: 321.1</description>
      <styleUrl>#firepoint</styleUrl>
      <Point><coordinates>76.1378,24.3845,0</coordinates></Point>
    </Placemark>
    <Placemark><name>Fire 2024-10-11</name>
      <description>Brightness: 359.4</description>
      <styleUrl>#firepoint</styleUrl>
      <Point><coordinates>76.1483,24.3077,0</coordinates></Point>
    </Placemark>
    <Placemark><name>Fire 2025-03-13</name>
      <description>Brightness: 332.7</description>
      <styleUrl>#firepoint</styleUrl>
      <Point><coordinates>76.1035,24.5277,0</coordinates></Point>
    </Placemark>
    <Placemark><name>Fire 2025-04-16</name>
      <description>Brightness: 329.8</description>
      <styleUrl>#firepoint</styleUrl>
      <Point><coordinates>76.0586,24.5145,0</coordinates></Point>
    </Placemark>
    <Placemark><name>Fire 2025-05-07</name>
      <description>Brightness: 313.1</description>
      <styleUrl>#firepoint</styleUrl>
      <Point><coordinates>76.2624,24.3724,0</coordinates></Point>
    </Placemark>
    <Placemark><name>Fire 2025-05-16</name>
      <description>Brightness: 367.5</description>
      <styleUrl>#firepoint</styleUrl>
      <Point><coordinates>76.1986,24.4372,0</coordinates></Point>
    </Placemark>
    <Placemark><name>Fire 2025-10-27</name>
      <description>Brightness: 333</description>
      <styleUrl>#firepoint</styleUrl>
      <Point><coordinates>76.0244,24.3999,0</coordinates></Point>
    </Placemark>
  </Folder>
</Document></kml>