{"type":"FeatureCollection","features":[{"type":"Feature","properties":{"zone":"Low Fire Zone","color":"#228B22","opacity":0.35,"fill":"#228B22","fill-opacity":0.35,"stroke":"#228B22","stroke-width":1,"stroke-opacity":0.8},"geometry":{"type":"Polygon","coordinates":[[[72.0280409,26.5000921],[72.0309806,26.4981334],[72.0352077,26.4939085],[72.0396495,26.4900868],[72.0456147,26.4832113],[72.0506358,26.4812523],[72.0585751,26.4707267],[72.0614505,26.4670771],[72.0640898,26.4647913],[72.0696902,26.4597199],[72.0735097,26.4564734],[72.0771146,26.4527849],[72.0789814,26.4439091],[72.0797324,26.4414114],[72.0797753,26.4407774],[72.078681,26.4334762],[72.0793462,26.4297485],[72.0782304,26.4216011],[72.0769858,26.4150097],[72.074883,26.407188],[72.0723724,26.3997694],[72.0726728,26.3983663],[72.0734024,26.3946087],[72.0745397,26.3879004],[72.0752692,26.3836235],[72.0761812,26.3768761],[72.0765352,26.3744251],[72.0761919,26.3696766],[72.0761061,26.3673215],[72.0762348,26.3649184],[72.0759988,26.3643224],[72.0751727,26.3628612],[72.0743036,26.359112],[72.074368,26.3587467],[72.0746255,26.3581892],[72.0747006,26.3578527],[72.0746899,26.3570932],[72.0746899,26.3562568],[72.0744538,26.3551993],[72.0743143,26.3538823],[72.0716858,26.3503828],[72.0718574,26.3489407],[72.0724797,26.348883],[72.0736813,26.3491522],[72.0745611,26.349133],[72.0750975,26.3488061],[72.0752048,26.3481715],[72.0746898,26.346441],[72.0750975,26.3456526],[72.0762348,26.3442489],[72.0775866,26.3435951],[72.0788741,26.3442296],[72.0806122,26.3445565],[72.0815992,26.3427682],[72.0833802,26.3407299],[72.085762,26.3385377],[72.0914697,26.33398],[72.0915341,26.3292299],[72.0938086,26.3265951],[72.0967912,26.3228448],[72.1017909,26.3207869],[72.1076059,26.3164209],[72.1139109,26.3217811],[72.1207438,26.3142137],[72.1274972,26.3184597],[72.1288061,26.3192098],[72.1297288,26.3200368],[72.131145,26.3213447],[72.1324754,26.3219216],[72.1329903,26.3220755],[72.1350503,26.3224217],[72.1362519,26.3236334],[72.1382475,26.3254797],[72.140243,26.325922],[72.1401143,26.3255758],[72.1378183,26.3230371],[72.1345567,26.3185943],[72.1360802,26.3169402],[72.1391272,26.3162286],[72.1428823,26.3146514],[72.1440196,26.3149591],[72.1460581,26.3146706],[72.1486544,26.3143629],[72.1526885,26.3118047],[72.1518945,26.3098812],[72.1529245,26.3092273],[72.1532464,26.3084386],[72.1533966,26.3065728],[72.1542334,26.3062843],[72.1550059,26.3059957],[72.1552634,26.305284],[72.1555853,26.3039375],[72.1575808,26.3016677],[72.1577954,26.3009367],[72.1578169,26.3002057],[72.1581173,26.2996863],[72.1588039,26.2991285],[72.1596622,26.29909],[72.1610784,26.2992439],[72.1603274,26.2969932],[72.1616578,26.2969547],[72.1616149,26.2962622],[72.1625161,26.2951079],[72.1632457,26.2931842],[72.1636319,26.2917029],[72.1631169,26.2885863],[72.1621513,26.2864316],[72.1598983,26.2844692],[72.1585464,26.2834303],[72.1584177,26.2821412],[72.1592545,26.2814871],[72.1608209,26.2812947],[72.161529,26.281237],[72.1625161,26.2813524],[72.1640396,26.2821797],[72.1648979,26.2818142],[72.165606,26.2811215],[72.1655631,26.2799672],[72.1663999,26.2791976],[72.167151,26.278909],[72.168138,26.2791206],[72.168653,26.2788897],[72.1683097,26.2779277],[72.1665287,26.2753495],[72.1687174,26.2761191],[72.1700907,26.2765039],[72.1715069,26.2767541],[72.1725368,26.2764077],[72.1733308,26.2755612],[72.1742749,26.2742913],[72.175498,26.2730791],[72.177,26.2720786],[72.1786523,26.2715975],[72.1803689,26.2715975],[72.182343,26.2718092],[72.18333,26.2718669],[72.1859479,26.2700582],[72.1910333,26.2665755],[72.1954107,26.2626115],[72.1959257,26.2629387],[72.198286,26.2608412],[72.2025132,26.2572812],[72.204659,26.2555108],[72.2065902,26.2506804],[72.2063327,26.248756],[72.2073841,26.2462156],[72.207942,26.2450609],[72.2080064,26.2439254],[72.2078132,26.2424434],[72.2080493,26.2415581],[72.2089934,26.2395372],[72.208972,26.236708],[72.2099161,26.2358803],[72.2136497,26.2329355],[72.2157097,26.2315111],[72.2166323,26.2311647],[72.2182846,26.2307797],[72.2199368,26.2296826],[72.2209024,26.2295671],[72.222619,26.2292591],[72.2257304,26.2279117],[72.2325539,26.2243122],[72.2347212,26.2242352],[72.2385192,26.2219831],[72.2404504,26.2210013],[72.2431326,26.2197116],[72.2493982,26.2140231],[72.2531211,26.2113376],[72.2568762,26.2082959],[72.2599232,26.2059953],[72.26017,26.2056776],[72.2603845,26.2051289],[72.2608137,26.2039738],[72.2611356,26.2034732],[72.2640645,26.2010955],[72.2667467,26.1990162],[72.2688389,26.1972256],[72.2717142,26.2004121],[72.2743106,26.2035791],[72.275877,26.2059664],[72.2792244,26.2092296],[72.2806299,26.210789],[72.2818851,26.2125023],[72.2831511,26.2140713],[72.2847819,26.2150434],[72.2856402,26.2151782],[72.2860479,26.2151108],[72.2863269,26.2148124],[72.2864663,26.2142156],[72.2866058,26.2137921],[72.2873354,26.2140905],[72.2898459,26.2156691],[72.2923994,26.2190475],[72.2944593,26.2179599],[72.2962296,26.2165835],[72.2974956,26.2162755],[72.2982359,26.2162658],[72.2989333,26.2162177],[72.2996628,26.2158904],[72.3002207,26.2156113],[72.3007464,26.2153996],[72.3012614,26.2151108],[72.3019159,26.214745],[72.3024523,26.2149279],[72.3041153,26.2158519],[72.3071623,26.2172861],[72.3107564,26.2193458],[72.3132884,26.2207511],[72.3162496,26.2234749],[72.3186314,26.2260157],[72.3193824,26.226035],[72.3204446,26.2265547],[72.3208845,26.2270744],[72.3221719,26.2293265],[72.3232448,26.2306835],[72.3289847,26.2364192],[72.3338771,26.2410192],[72.334671,26.2402686],[72.3359156,26.2399318],[72.3370528,26.2391812],[72.3421276,26.244522],[72.3459685,26.2422413],[72.3489404,26.2404226],[72.3498738,26.2394699],[72.3504317,26.2396431],[72.35129,26.2385171],[72.3519444,26.2388058],[72.3523307,26.2376607],[72.3526096,26.237372],[72.3536396,26.2385845],[72.355088,26.2369774],[72.3556566,26.237141],[72.3585963,26.2349853],[72.3625123,26.2317806],[72.3632634,26.2322618],[72.3653018,26.2302696],[72.366879,26.2306739],[72.3710096,26.2275268],[72.3716104,26.2281812],[72.3729622,26.2272765],[72.3738098,26.2263718],[72.3745716,26.2248704],[72.3775542,26.2274883],[72.3802256,26.2253805],[72.3830581,26.227546],[72.3847532,26.2288453],[72.385515,26.2282967],[72.386148,26.2283352],[72.3882615,26.2288838],[72.3896348,26.2295382],[72.3907506,26.2305584],[72.3928428,26.2321559],[72.3937333,26.2323869],[72.3947632,26.2321078],[72.3950958,26.2320886],[72.3955893,26.2321848],[72.396158,26.2324254],[72.3974776,26.2336188],[72.3999345,26.2349083],[72.4005782,26.2349853],[72.4013078,26.2352837],[72.4020696,26.2352452],[72.4032068,26.2348891],[72.4040437,26.2349853],[72.4048483,26.2363134],[72.4057066,26.2357745],[72.4065757,26.2359669],[72.4084425,26.2347351],[72.4095797,26.2355724],[72.4123692,26.2362653],[72.4119615,26.2380745],[72.4121547,26.2391908],[72.4103951,26.2402493],[72.4139571,26.2451186],[72.4164033,26.2493333],[72.417047,26.2509884],[72.4259519,26.260033],[72.4244714,26.2663638],[72.4229049,26.2679801],[72.4234199,26.2695964],[72.4215746,26.2709529],[72.4182701,26.2735024],[72.4148369,26.2762923],[72.4154055,26.2771966],[72.4169826,26.2794381],[72.4180555,26.2807752],[72.4196756,26.2824394],[72.4219715,26.2853542],[72.4252653,26.2881726],[72.4264026,26.2897983],[72.4269283,26.2900291],[72.4276256,26.2901927],[72.4283445,26.2903947],[72.428956,26.2908564],[72.4300182,26.2919145],[72.4308228,26.2914335],[72.4313915,26.2911065],[72.4325502,26.2909718],[72.4329042,26.2911834],[72.4338698,26.2922415],[72.4345994,26.2932515],[72.4355006,26.2946077],[72.438097,26.2950117],[72.4386978,26.295156],[72.4397492,26.295281],[72.4408436,26.294954],[72.4417984,26.2948001],[72.4429464,26.2945693],[72.4444163,26.2941364],[72.4449313,26.2942807],[72.4458432,26.2945981],[72.4468624,26.2948578],[72.4481606,26.2949829],[72.4499202,26.2947328],[72.4523985,26.2945019],[72.453053,26.2944442],[72.4537825,26.2948194],[72.4542224,26.2950791],[72.4556923,26.2973971],[72.4582457,26.3007058],[72.4587822,26.3005519],[72.4601018,26.2997536],[72.4616897,26.3016196],[72.4622369,26.3011675],[72.4628162,26.3006866],[72.4633849,26.3001576],[72.463932,26.2996382],[72.4643505,26.2994074],[72.4647903,26.2997632],[72.4656165,26.3005808],[72.4671078,26.3020331],[72.4701118,26.3031488],[72.4710452,26.3034566],[72.4713564,26.3032546],[72.4714208,26.3028699],[72.4709272,26.3021966],[72.4717426,26.3021774],[72.4728477,26.3024852],[72.4733949,26.3017254],[72.473942,26.3014176],[72.4757337,26.3009751],[72.4758303,26.3010713],[72.4767423,26.3017542],[72.4795961,26.3008501],[72.4825251,26.2990707],[72.4835765,26.298561],[72.4846816,26.2985129],[72.4859476,26.2984263],[72.4866664,26.2983109],[72.487278,26.2976953],[72.4879217,26.2978107],[72.4890482,26.2981666],[72.4893165,26.2971951],[72.4897349,26.2962333],[72.4902606,26.296493],[72.4907327,26.2966661],[72.491591,26.2967431],[72.4924064,26.2966661],[72.4929321,26.2958774],[72.4931252,26.2952714],[72.4928033,26.2946366],[72.4917948,26.2932996],[72.49511,26.2904909],[72.4958503,26.2908371],[72.498554,26.291347],[72.4998951,26.2905293],[72.5010109,26.2905871],[72.5014722,26.2903658],[72.5020623,26.2889326],[72.5023734,26.2868452],[72.5028455,26.2857678],[72.5029313,26.284979],[72.502116,26.2838247],[72.5029635,26.2824587],[72.5049269,26.2816891],[72.5043797,26.2808041],[72.5060534,26.2799479],[72.5062358,26.2800056],[72.5070405,26.280477],[72.5079095,26.2809099],[72.5089502,26.2813909],[72.5099265,26.2814582],[72.5104308,26.2811023],[72.5142556,26.2849405],[72.5152856,26.2859169],[72.5159723,26.2850463],[72.516439,26.2845125],[72.5177693,26.2858159],[72.5186276,26.2861045],[72.5196576,26.2863931],[72.5206232,26.2866817],[72.5219106,26.2868356],[72.5230694,26.2865085],[72.5225329,26.2863738],[72.5213957,26.2860083],[72.5234341,26.2837189],[72.5252795,26.2837381],[72.5246143,26.2825837],[72.5250435,26.282045],[72.5250864,26.2813332],[72.5250864,26.2803904],[72.5238848,26.2791014],[72.5264811,26.2780432],[72.5269747,26.2787166],[72.5291204,26.2768503],[72.5302148,26.2774852],[72.5321674,26.2747146],[72.5339055,26.2758113],[72.5381112,26.2720786],[72.5395918,26.2717707],[72.5427675,26.2726943],[72.5448489,26.2698466],[72.5491619,26.2646128],[72.5505137,26.2648821],[72.5533461,26.2660559],[72.5560927,26.267018],[72.5580668,26.2683072],[72.5607276,26.2704623],[72.5621223,26.2689999],[72.5635171,26.2679609],[72.5654053,26.2683265],[72.5662422,26.2669603],[72.5675297,26.2674029],[72.5716924,26.2698658],[72.5722718,26.2689615],[72.5775289,26.2709818],[72.5782156,26.2698658],[72.5793957,26.2704623],[72.5800395,26.2701352],[72.5842452,26.2733292],[72.5873565,26.2765809],[72.5890302,26.2753687],[72.5903392,26.2755996],[72.5919485,26.2761576],[72.5952101,26.2786588],[72.5972056,26.2768503],[72.5989651,26.2741758],[72.5997591,26.2710395],[72.6018834,26.2715206],[72.607677,26.2637853],[72.6120758,26.2579739],[72.6130414,26.2580124],[72.6167321,26.2533362],[72.6194358,26.250334],[72.6209378,26.2475435],[72.624886,26.2424627],[72.6285767,26.236323],[72.6338339,26.2292784],[72.6361084,26.2310492],[72.6397133,26.2284122],[72.6411295,26.2263526],[72.6423526,26.2242352],[72.6446056,26.2217713],[72.6465583,26.2220793],[72.6496267,26.2196539],[72.6534891,26.2155921],[72.6568365,26.2117227],[72.6599011,26.2071215],[72.6609051,26.2060665],[72.6626944,26.2038294],[72.6652694,26.2044647],[72.667501,26.2040027],[72.6697969,26.2028668],[72.6728332,26.2004602],[72.6726186,26.1995649],[72.6726401,26.1990162],[72.6735198,26.1979958],[72.6756012,26.1986119],[72.6766312,26.1973027],[72.6791203,26.1982172],[72.6804399,26.1946553],[72.6810086,26.1937792],[72.6817274,26.1926528],[72.6832724,26.1933652],[72.684474,26.1914494],[72.6815557,26.190506],[72.6826715,26.1894662],[72.6833153,26.1892929],[72.6855039,26.185981],[72.6877999,26.1877718],[72.6901817,26.1852878],[72.6891732,26.1830349],[72.6884007,26.1821877],[72.6875424,26.1822069],[72.6867914,26.1822647],[72.6855254,26.1817448],[72.6847744,26.1808397],[72.683208,26.1784327],[72.6820922,26.1766418],[72.6805687,26.1750627],[72.6790881,26.1727133],[72.6832723,26.1670322],[72.6817059,26.1653952],[72.6818347,26.1650678],[72.6833153,26.1633538],[72.6833796,26.1628338],[72.6828003,26.1628915],[72.6825857,26.1622175],[72.6829076,26.1610426],[72.683444,26.1600797],[72.6837015,26.1589048],[72.6829505,26.1575566],[72.6828432,26.1563625],[72.6821351,26.1552646],[72.6853752,26.1497175],[72.6848388,26.1487159],[72.6863622,26.1473483],[72.6893234,26.1417238],[72.6886368,26.1412807],[72.6888084,26.1407028],[72.6850533,26.1380638],[72.6889157,26.1346349],[72.6887011,26.1322654],[72.6907396,26.1299344],[72.690289,26.1294913],[72.6908898,26.128451],[72.690525,26.1281813],[72.6936364,26.1239815],[72.6947951,26.124675],[72.6950311,26.1241741],[72.6955676,26.124598],[72.6981639,26.1232301],[72.697649,26.1226521],[72.696855,26.1208796],[72.6988077,26.1169108],[72.6931858,26.113828],[72.6947522,26.111304],[72.6969194,26.106776],[72.6936793,26.1040398],[72.6890445,26.0991069],[72.68368,26.0962742],[72.6843023,26.0939618],[72.6839804,26.093268],[72.6846242,26.0927092],[72.6847958,26.091206],[72.68471,26.0893174],[72.6853108,26.0874481],[72.6852679,26.0868507],[72.6850748,26.0847693],[72.684946,26.084037],[72.6840663,26.0830926],[72.6837873,26.0812425],[72.6813841,26.0781781],[72.6784873,26.0758075],[72.6765132,26.0743041],[72.6772427,26.0724924],[72.6764917,26.0715865],[72.6762771,26.0707384],[72.6752901,26.0697554],[72.6752686,26.0689844],[72.6764273,26.0691001],[72.6792812,26.0685218],[72.6797104,26.067693],[72.6861906,26.0691772],[72.6896238,26.0642813],[72.6899457,26.06272],[72.6893663,26.0617947],[72.6852679,26.0596744],[72.6859116,26.0582865],[72.6848388,26.0572455],[72.6855683,26.0556456],[72.6844311,26.0541034],[72.686255,26.0488599],[72.6878643,26.0448115],[72.6890445,26.0414377],[72.6906538,26.042151],[72.6937866,26.0375625],[72.6924777,26.0359815],[72.6885724,26.0330702],[72.6844525,26.0310457],[72.6811695,26.0299274],[72.6770496,26.0279607],[72.6694751,26.0243743],[72.6650333,26.0226968],[72.661879,26.021347],[72.6617718,26.0217519],[72.6584244,26.0213084],[72.6584458,26.0204793],[72.6529741,26.0193416],[72.6529741,26.0177797],[72.6494765,26.0166612],[72.6489401,26.0178375],[72.6484465,26.0164106],[72.6486397,26.0155428],[72.6482963,26.0149836],[72.6482105,26.0135373],[72.6468158,26.0127659],[72.6439619,26.0113775],[72.6432323,26.0120717],[72.6410436,26.0117246],[72.6407861,26.0125345],[72.6387048,26.0114739],[72.6382756,26.0123803],[72.6348638,26.0107218],[72.6305294,26.0097576],[72.6249289,26.0079834],[72.6228475,26.0073856],[72.6206159,26.0058042],[72.6197147,26.0046278],[72.6176762,26.0043579],[72.6163673,26.0038564],[72.6145649,26.0035479],[72.6144576,26.001465],[72.611947,26.0008479],[72.6107669,26.00025],[72.6127624,25.99809],[72.6136422,25.9970871],[72.6147151,25.9957949],[72.6152944,25.9946377],[72.6161742,25.9931911],[72.6179552,25.9920532],[72.6187706,25.9897001],[72.6194143,25.9883114],[72.6200151,25.9875591],[72.6203155,25.9868069],[72.6197576,25.9861511],[72.6198005,25.9854953],[72.620058,25.9846659],[72.619822,25.9835086],[72.6200366,25.9823512],[72.6201868,25.9811746],[72.6203584,25.9800366],[72.619307,25.9791878],[72.6199722,25.9755421],[72.6211524,25.9740953],[72.6230621,25.9710474],[72.6242637,25.9710667],[72.6262164,25.9691376],[72.6278472,25.9694463],[72.628684,25.9679608],[72.6317954,25.9648935],[72.6356578,25.9647584],[72.6396274,25.9618743],[72.6422453,25.95981],[72.6436211,25.9562817],[72.6466857,25.9578465],[72.6473093,25.9589515],[72.6525879,25.9593373],[72.6537037,25.9580061],[72.655313,25.9570993],[72.6571798,25.9565784],[72.6591325,25.9558067],[72.6615786,25.9559225],[72.6647973,25.955035],[72.668724,25.95326],[72.6704407,25.9520637],[72.67205,25.952083],[72.6733589,25.9508675],[72.6738739,25.949652],[72.6746034,25.9477032],[72.675097,25.9472788],[72.6764917,25.9467964],[72.6780796,25.946314],[72.6798177,25.9466227],[72.680397,25.9431882],[72.6811266,25.9412201],[72.6828861,25.9402746],[72.68471,25.9406798],[72.6879072,25.9414516],[72.688508,25.9405833],[72.6892161,25.9384994],[72.6912975,25.9360101],[72.6916837,25.9352769],[72.691555,25.9343892],[72.6915765,25.9334051],[72.6921129,25.9320929],[72.6954174,25.9323437],[72.6958036,25.933598],[72.6993012,25.9349488],[72.7001595,25.9337138],[72.7048802,25.9356821],[72.7062535,25.9331349],[72.7075195,25.9322665],[72.7092147,25.9313982],[72.7103734,25.9300281],[72.7117896,25.9286965],[72.7147507,25.9269018],[72.7163386,25.9254352],[72.7174544,25.9265352],[72.7200079,25.9228492],[72.7218962,25.9205333],[72.7247071,25.9188929],[72.7273679,25.9204754],[72.7308869,25.9156505],[72.73108,25.9119449],[72.7326035,25.9125046],[72.733655,25.9112115],[72.7342987,25.9094937],[72.7373457,25.9110764],[72.7383542,25.9090691],[72.7372169,25.9078531],[72.7380538,25.9054984],[72.7389979,25.9035296],[72.7414012,25.9037998],[72.7419376,25.9003641],[72.7443838,25.9005571],[72.7461219,25.9004606],[72.7484393,25.8997271],[72.7487182,25.8978354],[72.7497482,25.8974687],[72.7529669,25.8968896],[72.752409,25.8911565],[72.7530098,25.8906932],[72.7526879,25.8882995],[72.7523017,25.8871219],[72.7516794,25.8860601],[72.7515936,25.8848633],[72.7525484,25.8826239],[72.7545226,25.8810119],[72.7555525,25.8810022],[72.7606809,25.8820254],[72.7652621,25.8827493],[72.7707338,25.883647],[72.7741241,25.8841297],[72.7772355,25.8843517],[72.7809906,25.8844482],[72.7817523,25.8819289],[72.7824712,25.8808767],[72.783469,25.8796991],[72.7850675,25.8781063],[72.7861833,25.8769094],[72.7867949,25.8756834],[72.7882969,25.8741003],[72.7899277,25.8723434],[72.7909469,25.8690515],[72.7918482,25.8673428],[72.7945304,25.8639445],[72.7969551,25.8611738],[72.7993262,25.8584222],[72.8018367,25.8561148],[72.8027058,25.8564527],[72.8044116,25.8548307],[72.80792,25.8559024],[72.8096902,25.8526873],[72.8129733,25.8549948],[72.8159451,25.8568968],[72.8186273,25.8584802],[72.8203225,25.8596966],[72.8245389,25.8621006],[72.82691,25.8628343],[72.8286588,25.8635198],[72.8295064,25.8639638],[72.830075,25.8640797],[72.8303325,25.8639638],[72.8302038,25.8634811],[72.8299677,25.8628826],[72.8299141,25.8621585],[72.8300214,25.8615117],[72.8305685,25.8611448],[72.8314698,25.8611158],[72.8327572,25.8619075],[72.833991,25.8627571],[72.8354789,25.8638679],[72.8391838,25.8654602],[72.8397417,25.8662905],[72.8403854,25.8677386],[72.8404927,25.8692446],[72.84163,25.8714649],[72.8422522,25.8753842],[72.8424239,25.8782415],[72.8416514,25.881369],[72.8422522,25.8826432],[72.8422737,25.8851528],[72.8429389,25.8869096],[72.84163,25.8895156],[72.845943,25.8913495],[72.8459,25.8935501],[72.8492903,25.8936467],[72.8538608,25.8924884],[72.8547191,25.8947662],[72.8553414,25.897237],[72.8592896,25.8988585],[72.8671002,25.8989936],[72.8682589,25.8969668],[72.8686666,25.8931062],[72.8691172,25.8902685],[72.8718638,25.8890909],[72.8737521,25.8888786],[72.8751039,25.8895542],[72.8761983,25.8906353],[72.8769493,25.8915426],[72.8782582,25.8925077],[72.8803181,25.8927587],[72.8828716,25.8927008],[72.8858113,25.892141],[72.8879356,25.8907704],[72.8898024,25.889921],[72.8923344,25.890172],[72.8963256,25.8909634],[72.9010248,25.8914074],[72.9080629,25.8917742],[72.9142213,25.8922761],[72.9172253,25.8924498],[72.9210663,25.8939362],[72.9264521,25.8973143],[72.9300141,25.9000359],[72.9334688,25.9016187],[72.9379105,25.9022557],[72.9454422,25.9022943],[72.9481244,25.9018117],[72.9526305,25.9011555],[72.958188,25.9002096],[72.958982,25.902854],[72.9598617,25.9062511],[72.9623508,25.9068495],[72.964797,25.9097253],[72.9649901,25.9113659],[72.9668784,25.9131994],[72.968595,25.9144925],[72.9701614,25.9151487],[72.9706549,25.916519],[72.9722857,25.917677],[72.9734874,25.9190087],[72.9742813,25.9203596],[72.9737448,25.9222702],[72.9738521,25.926072],[72.9741096,25.9278474],[72.9734874,25.9305298],[72.9726076,25.9336173],[72.977736,25.9356242],[72.9811692,25.9378433],[72.9824781,25.9380555],[72.9876709,25.938345],[72.9926276,25.939715],[72.9966402,25.9462561],[72.998743,25.9489574],[72.9961467,25.9542825],[72.9994511,25.9542053],[73.0042791,25.9537037],[73.0097079,25.9530284],[73.0130768,25.9533178],[73.0176258,25.9533178],[73.0247068,25.9529898],[73.0265307,25.9540124],[73.0301356,25.9558646],[73.0319166,25.9573501],[73.0365085,25.9608807],[73.0419588,25.963871],[73.0432248,25.9652021],[73.0444264,25.9673821],[73.0451774,25.9713753],[73.0475807,25.971086],[73.0488252,25.9734973],[73.0497694,25.9750212],[73.0508852,25.9764294],[73.049984,25.977799],[73.0499625,25.9785706],[73.050456,25.9810782],[73.0521512,25.9833157],[73.0524516,25.9864404],[73.0520654,25.9875591],[73.0509281,25.9900859],[73.0513787,25.9909538],[73.0524945,25.9915517],[73.0525589,25.9939626],[73.052988,25.9947919],[73.0533528,26.0003657],[73.0517006,26.0070192],[73.0488467,26.0113968],[73.0524087,26.0144436],[73.059318,26.0146365],[73.0699181,26.0185124],[73.0756902,26.0193223],[73.0763125,26.0183196],[73.0833292,26.0186088],[73.0859899,26.0200358],[73.0880713,26.020942],[73.0944443,26.0237958],[73.0980491,26.0249335],[73.0995512,26.027228],[73.1018472,26.0280185],[73.1035852,26.0272858],[73.110559,26.0288091],[73.1142282,26.0286548],[73.1203437,26.0321447],[73.1223607,26.0355573],[73.1215238,26.0363093],[73.1243777,26.0385843],[73.1231975,26.0394326],[73.125751,26.0418811],[73.1307292,26.0437704],[73.135643,26.0459682],[73.1414151,26.0451778],[73.1435394,26.0442138],[73.1455779,26.0428643],[73.1499553,26.0397796],[73.1519294,26.0370033],[73.1533026,26.0360008],[73.1554699,26.0359622],[73.1593323,26.03361],[73.1604695,26.0339571],[73.1618428,26.0322218],[73.1647825,26.0322218],[73.1719064,26.0322989],[73.1738376,26.0327424],[73.1783223,26.0329159],[73.1811976,26.0328002],[73.1853819,26.0336679],[73.1833648,26.0388542],[73.182292,26.043462],[73.1807899,26.0464116],[73.1795454,26.0502479],[73.177185,26.053448],[73.1808758,26.0560118],[73.1838584,26.0583829],[73.1868195,26.0604069],[73.1854462,26.0624501],[73.189888,26.0664787],[73.1941151,26.0688109],[73.193171,26.0710853],[73.1928491,26.0738801],[73.191669,26.0779468],[73.1916475,26.0818207],[73.19242,26.0821483],[73.1928277,26.0813967],[73.1952953,26.0820134],[73.1971836,26.0813967],[73.1980634,26.0792381],[73.1988573,26.0770217],[73.2025265,26.0766555],[73.2033419,26.073244],[73.2081485,26.0748052],[73.2096934,26.0724731],[73.2129335,26.074439],[73.2184696,26.0761737],[73.2216453,26.0759038],[73.2235336,26.0718563],[73.2265377,26.0729357],[73.2266235,26.0736873],[73.229413,26.0756147],[73.2290268,26.0761158],[73.2320094,26.0783708],[73.2318592,26.0809148],[73.2396054,26.0829963],[73.2406125,26.0788308],[73.2414508,26.0790454],[73.2419228,26.0772144],[73.2468152,26.0691579],[73.2525873,26.0689844],[73.2581663,26.0699481],[73.2592392,26.067269],[73.2577371,26.0657655],[73.2504201,26.0651294],[73.250227,26.0641849],[73.2509136,26.0622766],[73.2522869,26.0588648],[73.2533812,26.0577082],[73.2553768,26.0558962],[73.2565141,26.0542962],[73.2584238,26.0544697],[73.2638311,26.0574383],[73.2650971,26.0562624],[73.2673931,26.0568022],[73.2682299,26.0558191],[73.2707834,26.0529468],[73.2744527,26.0495925],[73.2720709,26.0452742],[73.2733369,26.0439246],[73.2752251,26.0411677],[73.2761264,26.0415148],[73.278594,26.0386807],[73.2802462,26.0386807],[73.2819414,26.0368491],[73.2840228,26.0370805],[73.2866192,26.0355573],[73.2883787,26.0340535],[73.291254,26.0333594],[73.294816,26.0315856],[73.297112,26.0320483],[73.3005452,26.0312578],[73.3043217,26.0317012],[73.3057594,26.0300431],[73.3066606,26.0269966],[73.3075619,26.0257047],[73.3077121,26.0212602],[73.3078194,26.0186474],[73.3080876,26.0143472],[73.3109307,26.0131323],[73.3141172,26.0121971],[73.3176148,26.0103747],[73.3197736,26.0108397],[73.3209944,26.0118982],[73.3230114,26.013788],[73.3195352,26.0192066],[73.317368,26.0251649],[73.3159947,26.0336871],[73.3159089,26.0362707],[73.3237195,26.0391048],[73.324492,26.0399146],[73.3271527,26.0420546],[73.327024,26.0446765],[73.32623,26.0460646],[73.3269381,26.0479538],[73.3291697,26.0502865],[73.3284616,26.0536215],[73.3358001,26.0568986],[73.3388042,26.0584021],[73.3402848,26.0589804],[73.3420229,26.0598286],[73.3431601,26.0602719],[73.3439326,26.0610815],[73.3448767,26.0626429],[73.3469581,26.0630091],[73.3510136,26.0630091],[73.3524084,26.0623345],[73.3545756,26.0609659],[73.3556914,26.0604454],[73.3585453,26.062026],[73.3585453,26.0633175],[73.3583951,26.0676545],[73.3574724,26.0729357],[73.3568287,26.0751907],[73.358202,26.0759231],[73.3595109,26.0764049],[73.3617854,26.0772915],[73.3638453,26.0783901],[73.3631372,26.0791417],[73.3623004,26.081069],[73.3570003,26.079373],[73.3570647,26.0806643],[73.3562064,26.0823603],[73.3522582,26.0820712],[73.3520865,26.0840563],[73.351078,26.083825],[73.3501768,26.0863304],[73.3484816,26.0876023],[73.3476662,26.0905315],[73.3455419,26.0975653],[73.3435249,26.1032883],[73.3454132,26.1037701],[73.3425808,26.1087413],[73.3416796,26.1119398],[73.3411217,26.1155621],[73.3513784,26.1234035],[73.3553695,26.1267364],[73.3573437,26.1291831],[73.36627,26.1345963],[73.3707332,26.1331901],[73.372364,26.1363879],[73.3755827,26.1374474],[73.3736086,26.1427832],[73.3744669,26.1430529],[73.3729756,26.1465875],[73.3729112,26.1480514],[73.3780503,26.1494093],[73.3752661,26.1535678],[73.3870625,26.1523948],[73.3879638,26.1549565],[73.3892512,26.157807],[73.395431,26.1592515],[73.4025121,26.1607345],[73.4026837,26.1588663],[73.4031558,26.1533578],[73.4037781,26.1463082],[73.4037995,26.1434189],[73.405323,26.1375822],[73.4048295,26.1356173],[73.4045934,26.1333634],[73.4071684,26.1286436],[73.4056878,26.1281235],[73.4094214,26.1240393],[73.4132194,26.1262162],[73.4179401,26.1276997],[73.4203434,26.127796],[73.4245276,26.1279501],[73.4264159,26.1279501],[73.4283256,26.1280272],[73.4280896,26.1292409],[73.4313297,26.1302426],[73.4319949,26.1283932],[73.4313297,26.128162],[73.4310722,26.1270061],[73.4337759,26.1268327],[73.434205,26.1261007],[73.4354925,26.126274],[73.4349561,26.1249833],[73.4376383,26.1249062],[73.441565,26.1166988],[73.4431743,26.1149648],[73.4445047,26.1116123],[73.4457278,26.1104177],[73.4498048,26.1107838],[73.4479165,26.109724],[73.448174,26.1082404],[73.4495258,26.1068145],[73.4534311,26.106564],[73.457036,26.0981627],[73.4580016,26.0978929],[73.4590852,26.0953974],[73.4624755,26.0875734],[73.4641278,26.0836515],[73.4684944,26.0837575],[73.4761011,26.0839502],[73.4762299,26.0827939],[73.4791481,26.0826686],[73.4816909,26.0800861],[73.4846949,26.079903],[73.486315,26.0835937],[73.4889972,26.0810401],[73.4897804,26.0813292],[73.4913361,26.0802596],[73.4919798,26.0810112],[73.4944582,26.0814352],[73.4955525,26.0839213],[73.4969473,26.0844031],[73.4982347,26.0818785],[73.5003805,26.0791803],[73.5049295,26.0734946],[73.5076761,26.0658619],[73.5095644,26.0665172],[73.5097575,26.0657655],[73.5144353,26.0665943],[73.5152721,26.0655727],[73.5170102,26.0656498],[73.5229754,26.0633753],[73.5241985,26.0623537],[73.5249066,26.0623152],[73.5256791,26.0613321],[73.5273528,26.0615056],[73.5272455,26.0627585],[73.5270953,26.0639151],[73.5265589,26.064821],[73.5267305,26.0654378],[73.5266661,26.0685796],[73.5266661,26.0693699],[73.5263014,26.0704107],[73.5265589,26.0714708],[73.5278463,26.07282],[73.5277819,26.0734561],[73.5271597,26.0754605],[73.5269022,26.0765206],[73.5275888,26.077253],[73.5263657,26.0806258],[73.5257435,26.0840177],[73.5255718,26.0860413],[73.5243702,26.08687],[73.5241985,26.0887586],[73.5241127,26.0914373],[73.5221386,26.0913987],[73.5219455,26.0943472],[73.521645,26.0961008],[73.5212588,26.098259],[73.5222244,26.0991069],[73.5214519,26.0996079],[73.5220527,26.1001089],[73.5248208,26.1011109],[73.5250997,26.1008219],[73.5266232,26.1009953],[73.5292411,26.1010724],[73.5339188,26.1028644],[73.5346913,26.1019202],[73.5377168,26.1030956],[73.5386824,26.1052152],[73.5403347,26.1059089],[73.5426521,26.1065448],[73.5511923,26.106487],[73.5513639,26.1056199],[73.5546469,26.1048491],[73.5562563,26.1036352],[73.5566211,26.1034232],[73.5576296,26.1029608],[73.5581445,26.1030186],[73.5588956,26.1035581],[73.5597968,26.103982],[73.560462,26.1042518],[73.5610413,26.1047142],[73.5615563,26.1052345],[73.5620069,26.1058126],[73.5620713,26.1065062],[73.5623717,26.1072384],[73.5636806,26.1068531],[73.5643458,26.1070457],[73.5650539,26.1074311],[73.5659337,26.1078165],[73.5668349,26.1075082],[73.5673284,26.1074311],[73.5685944,26.1082018],[73.5686803,26.1089533],[73.5686803,26.1094928],[73.5688305,26.1101094],[73.5693455,26.1103791],[73.57059,26.110514],[73.5716414,26.1104369],[73.5728216,26.1104177],[73.5740018,26.1103213],[73.5744953,26.1105333],[73.5749674,26.1114003],[73.575654,26.1122288],[73.5766411,26.1126527],[73.5781002,26.1123637],[73.5786366,26.1122866],[73.578186,26.1148492],[73.5777569,26.1159859],[73.5773921,26.1172383],[73.5774565,26.1184521],[73.57795,26.1197622],[73.5770273,26.1207255],[73.5747099,26.1239429],[73.575139,26.124309],[73.5734439,26.1261199],[73.5749244,26.1280079],[73.5797524,26.1260429],[73.5868227,26.1227388],[73.592906,26.1248677],[73.5929811,26.1255708],[73.5956418,26.1269965],[73.5995579,26.1282583],[73.6018538,26.1247521],[73.6056626,26.1257539],[73.6052441,26.128345],[73.6063063,26.1286918],[73.609128,26.1287881],[73.6096001,26.1283258],[73.610909,26.1285473],[73.6110592,26.1288748],[73.612057,26.1285858],[73.6120999,26.129472],[73.61269,26.1297128],[73.6126792,26.1308398],[73.612808,26.1333249],[73.613162,26.1335079],[73.6162412,26.1336139],[73.6170459,26.1337391],[73.6176252,26.1342303],[73.6177647,26.1346637],[73.6189663,26.1353765],[73.6184621,26.1366768],[73.6215305,26.1381408],[73.6216593,26.1400479],[73.6226678,26.1413192],[73.6242342,26.1431492],[73.6267876,26.1437848],[73.6282897,26.1447287],[73.6345768,26.1395856],[73.6407351,26.1336524],[73.644619,26.1299344],[73.6467862,26.1288363],[73.6483955,26.1252915],[73.6507773,26.1244053],[73.6524081,26.1223631],[73.6509704,26.1189338],[73.6540389,26.1177778],[73.6525368,26.1150033],[73.6503267,26.1126913],[73.648932,26.107277],[73.6488247,26.1038279],[73.6497474,26.1018624],[73.6494469,26.0984902],[73.6491036,26.0932873],[73.6484384,26.0926128],[73.6468291,26.0910326],[73.6464214,26.0885081],[73.6477089,26.0841719],[73.6479878,26.0811847],[73.6480737,26.0773108],[73.6499619,26.0778119],[73.6530518,26.0768097],[73.6529231,26.0707577],[73.656013,26.0709504],[73.6558413,26.0693121],[73.6606478,26.0688688],[73.6635554,26.068146],[73.6677182,26.0669413],[73.6721814,26.0671147],[73.6746061,26.0675581],[73.6755931,26.0674135],[73.6756897,26.0655149],[73.6771595,26.0652065],[73.677417,26.067375],[73.6790478,26.0670666],[73.6791444,26.0662474],[73.6835325,26.0651005],[73.6843157,26.0655727],[73.6870301,26.0644066],[73.6940145,26.0654282],[73.6950445,26.0675581],[73.697598,26.0724345],[73.7011814,26.0779275],[73.704443,26.0833432],[73.7083268,26.0898956],[73.7085199,26.0906857],[73.7080478,26.0929597],[73.7084126,26.094694],[73.7114596,26.096756],[73.7154078,26.1000511],[73.7177682,26.1014385],[73.721137,26.1034232],[73.7222314,26.1040591],[73.7234545,26.105273],[73.7251925,26.1062943],[73.7268233,26.1076238],[73.7286687,26.1084909],[73.7298703,26.1101094],[73.7321877,26.1107838],[73.7409639,26.1105333],[73.741436,26.1087606],[73.7407493,26.1047335],[73.7441182,26.1031342],[73.7452769,26.103982],[73.7472725,26.102691],[73.7490964,26.100475],[73.751049,26.0988371],[73.7519073,26.0931524],[73.7525511,26.0926706],[73.7528515,26.0903581],[73.7576151,26.0901076],[73.7578296,26.0914373],[73.7606191,26.0917263],[73.7598681,26.0941737],[73.7642884,26.0949253],[73.7643313,26.0956961],[73.7673783,26.0961008],[73.7674641,26.0955034],[73.7748241,26.0960237],[73.780328,26.0963705],[73.783257,26.0961875],[73.7864005,26.0948482],[73.7890613,26.0944724],[73.7928311,26.0942095],[73.8000154,26.0920154],[73.8016248,26.0941882],[73.8026655,26.0956816],[73.8036686,26.098047],[73.8048756,26.1000559],[73.8058788,26.1016408],[73.8073808,26.1039965],[73.8078207,26.104878],[73.8083947,26.1063087],[73.8090008,26.107802],[73.8097873,26.1088785],[73.8107564,26.1097225],[73.8116026,26.1107452],[73.8087702,26.1115737],[73.809886,26.1141941],[73.8057875,26.1179897],[73.80553,26.1221705],[73.805809,26.124675],[73.8056588,26.1276033],[73.8039422,26.1275648],[73.8029122,26.1310903],[73.8023329,26.1310517],[73.8022685,26.1315333],[73.8010883,26.1313792],[73.8002944,26.1336331],[73.7987709,26.1338258],[73.7985563,26.1361567],[73.7977838,26.1365034],[73.7964535,26.1386995],[73.79493,26.1399516],[73.7942862,26.1434381],[73.7917328,26.1437463],[73.7914753,26.1465586],[73.7878704,26.1469631],[73.7835789,26.1487544],[73.783772,26.1546098],[73.785038,26.1594056],[73.7836647,26.1628915],[73.7875056,26.1636041],[73.7899732,26.17254],[73.7904668,26.1818603],[73.7910461,26.1849605],[73.7919473,26.1885805],[73.7985563,26.2008645],[73.8040066,26.2000559],[73.8028908,26.2053504],[73.8017106,26.209143],[73.7996292,26.2133205],[73.7976765,26.2170359],[73.7948012,26.2217521],[73.7928915,26.2248704],[73.7914753,26.2240042],[73.7882137,26.2309337],[73.7868404,26.2336669],[73.7904238,26.2355724],[73.7891793,26.2396912],[73.789351,26.2403071],[73.7900376,26.2432325],[73.7910032,26.2474665],[73.7927627,26.2494295],[73.7936425,26.2511231],[73.7967109,26.2528551],[73.8002729,26.2561843],[73.8033199,26.2593402],[73.8078046,26.263362],[73.8081479,26.2649591],[73.8069892,26.2644011],[73.8064742,26.267576],[73.805809,26.2702122],[73.8046717,26.2721555],[73.8043284,26.2752148],[73.8051438,26.2764655],[73.809886,26.2824106],[73.8102722,26.2839497],[73.8104009,26.2866432],[73.8082552,26.2914528],[73.8079119,26.2932996],[73.8080406,26.2975895],[73.8048005,26.2974933],[73.8001013,26.2974356],[73.7996292,26.2984359],[73.7999725,26.2999556],[73.8013243,26.3028603],[73.8016462,26.3036297],[73.8021612,26.3045338],[73.8029766,26.3049185],[73.8031912,26.305688],[73.8034701,26.3066113],[73.8033628,26.3078039],[73.8038564,26.3090349],[73.8022041,26.3106699],[73.8007664,26.3118239],[73.7964749,26.3128049],[73.7959814,26.3104006],[73.7938785,26.3107853],[73.7951231,26.3134781],[73.79287,26.3139205],[73.7900376,26.3151707],[73.7873339,26.3165363],[73.7862181,26.317748],[73.7869262,26.3190751],[73.7902522,26.3183058],[73.7949729,26.3183058],[73.8015389,26.3158054],[73.8014531,26.3142667],[73.8039207,26.3110161],[73.8068175,26.3108237],[73.8088989,26.3150553],[73.8099932,26.3170172],[73.8088774,26.3182866],[73.809886,26.3197483],[73.8074612,26.3234603],[73.8086414,26.3268452],[73.8091135,26.3288453],[73.8108516,26.3304223],[73.8108301,26.3313454],[73.8110661,26.3332973],[73.8110983,26.3344319],[73.8103151,26.3347781],[73.8104439,26.3363262],[73.8097358,26.3363742],[73.8097787,26.3378069],[73.806957,26.3379896],[73.8071179,26.3387684],[73.8074291,26.3398934],[73.8075471,26.3404414],[73.8082123,26.3405664],[73.808459,26.3410183],[73.8085878,26.3417971],[73.8091135,26.3423067],[73.8099825,26.3430855],[73.8106155,26.3441815],[73.8108301,26.3452776],[73.8113129,26.3466332],[73.8114846,26.347835],[73.8111627,26.3483734],[73.8110554,26.3495367],[73.8110125,26.3514403],[73.8114524,26.352344],[73.8116455,26.3529113],[73.8118172,26.3534304],[73.812021,26.3540361],[73.811667,26.3546994],[73.8109696,26.3558242],[73.8156795,26.3585256],[73.817718,26.360381],[73.8228786,26.3630631],[73.8234687,26.3621498],[73.8254535,26.3632073],[73.8263118,26.3627651],[73.8285327,26.3658027],[73.8294446,26.366764],[73.83232,26.3694844],[73.8334787,26.3694651],[73.8361716,26.3692248],[73.8381565,26.3694459],[73.8430595,26.3704745],[73.8449049,26.3717817],[73.8472545,26.3742617],[73.8485634,26.3773471],[73.8461923,26.3792502],[73.8442826,26.379356],[73.8422656,26.3802114],[73.8418472,26.3806535],[73.8401627,26.3816916],[73.8390362,26.3817396],[73.8392508,26.382547],[73.8397872,26.3852958],[73.8398945,26.3858629],[73.840549,26.3882753],[73.8408172,26.3904185],[73.8409459,26.3926866],[73.8411605,26.3937918],[73.8419437,26.3958196],[73.8426947,26.3974245],[73.8429201,26.3989621],[73.8431239,26.402979],[73.843199,26.4040649],[73.8436389,26.4053814],[73.8447654,26.4067171],[73.846482,26.4063808],[73.8470185,26.4068517],[73.8513315,26.4086006],[73.8516641,26.4097633],[73.8554299,26.4113007],[73.8560521,26.411589],[73.8570821,26.412079],[73.8585842,26.4122232],[73.8593888,26.4135012],[73.8622856,26.4145005],[73.8629937,26.4152788],[73.8634443,26.4159802],[73.8624787,26.4171909],[73.8619208,26.4172197],[73.8619208,26.419372],[73.865397,26.4204289],[73.8664484,26.4232921],[73.867886,26.4242337],[73.867135,26.4264627],[73.8680792,26.4269431],[73.8698872,26.4291505],[73.8690533,26.4300654],[73.8688302,26.4320735],[73.8680899,26.4328325],[73.8674784,26.4338028],[73.8672531,26.4347347],[73.8674354,26.4351382],[73.8675427,26.4355897],[73.8673389,26.4357242],[73.86603,26.435436],[73.8653862,26.4365312],[73.8646781,26.4363679],[73.86397,26.4382893],[73.8632941,26.4393172],[73.8627899,26.4394325],[73.8610518,26.4389233],[73.8609767,26.4395285],[73.8608694,26.4404988],[73.8607621,26.4408927],[73.8594961,26.4409311],[73.8592923,26.4410175],[73.8592493,26.4425642],[73.8587665,26.4434288],[73.8582408,26.4433807],[73.8580584,26.4439859],[73.857286,26.4451387],[73.8569319,26.4462722],[73.8571679,26.4467909],[73.8570821,26.4481934],[73.8569426,26.4509407],[73.8562667,26.4535822],[73.8562882,26.4549942],[73.8559449,26.4563101],[73.855741,26.4570881],[73.854711,26.4565502],[73.854593,26.4584329],[73.8544321,26.4607957],[73.8543677,26.461737],[73.8548183,26.4626206],[73.85499,26.4656941],[73.8547325,26.466376],[73.8538313,26.466376],[73.8524794,26.4663087],[73.8520288,26.4663568],[73.8508701,26.46652],[73.8502264,26.4665969],[73.8491535,26.4670483],[73.8488424,26.4679511],[73.848542,26.4714854],[73.8448083,26.4717159],[73.8433921,26.47186],[73.8403666,26.4723402],[73.8383925,26.4728492],[73.8361394,26.4737807],[73.8355279,26.4741649],[73.8353026,26.4748372],[73.834691,26.4750292],[73.8341546,26.4758936],[73.834058,26.4783809],[73.8339078,26.4796005],[73.8345837,26.4810506],[73.8346696,26.4820685],[73.8346696,26.4829808],[73.8343584,26.4835762],[73.8323092,26.4829328],[73.8305712,26.482952],[73.8301957,26.4831056],[73.8302064,26.4838931],[73.8297343,26.4842292],[73.8285112,26.4851703],[73.8281894,26.4862554],[73.8281143,26.4870428],[73.8280177,26.4876094],[73.8276744,26.4879071],[73.8264406,26.4882431],[73.8256359,26.488416],[73.8248849,26.4886561],[73.8218915,26.4906342],[73.8173103,26.4933612],[73.8156795,26.494187],[73.8158941,26.4956465],[73.8161516,26.4966067],[73.8165486,26.4971924],[73.8170421,26.4976149],[73.8174176,26.4983926],[73.8158834,26.4986519],[73.8159799,26.4994968],[73.8166988,26.4999961],[73.8175142,26.5002842],[73.8182223,26.5006298],[73.818984,26.5016956],[73.8192844,26.5023485],[73.817482,26.5024253],[73.8170528,26.5025501],[73.8171279,26.5036063],[73.8170206,26.5042783],[73.8128579,26.5035487],[73.8117313,26.5035487],[73.8107228,26.5039903],[73.8101542,26.5035967],[73.8095319,26.5033086],[73.808738,26.5031646],[73.8076758,26.5031646],[73.8059378,26.5032894],[73.8030195,26.5034046],[73.801657,26.5038079],[73.7995004,26.5044128],[73.7978482,26.5045184],[73.7956462,26.5048805],[73.7928271,26.5065058],[73.7889647,26.5089253],[73.7880635,26.510807],[73.7873769,26.5112679],[73.7847161,26.5118439],[73.7826347,26.5124199],[73.7817764,26.5145512],[73.7812829,26.5189289],[73.7809396,26.5201001],[73.7790298,26.5223081],[73.7780642,26.5225961],[73.7745666,26.5237672],[73.7728071,26.5261671],[73.771069,26.5271846],[73.7664127,26.5294693],[73.7652755,26.5307171],[73.7646961,26.5317538],[73.7677431,26.5333089],[73.7675071,26.5359389],[73.7644386,26.5356126],[73.7638593,26.5352286],[73.7626576,26.5336736],[73.76122,26.535171],[73.7592888,26.5374747],[73.7584305,26.5378394],[73.7575078,26.5381658],[73.7566066,26.5389912],[73.7497186,26.5389528],[73.7449336,26.5390872],[73.742466,26.53926],[73.7391186,26.5396055],[73.733325,26.5398743],[73.7295913,26.5400854],[73.7243986,26.5393943],[73.7204504,26.5388952],[73.7219739,26.5435983],[73.721931,26.5462089],[73.7215662,26.5487619],[73.7208152,26.5505087],[73.7197637,26.5526009],[73.7185621,26.5536566],[73.7160945,26.5547698],[73.7143135,26.5570923],[73.7120819,26.5597793],[73.710773,26.5640594],[73.7089705,26.5682432],[73.707447,26.5710836],[73.705945,26.5722351],[73.70543,26.5741925],[73.7025332,26.5739431],[73.7010526,26.5735784],[73.7004518,26.5735401],[73.7006449,26.5753824],[73.7013316,26.5783569],[73.7016749,26.5795466],[73.7015891,26.5801415],[73.7009024,26.5810243],[73.7006879,26.582924],[73.7005806,26.584344],[73.6994862,26.5848046],[73.6984134,26.5854762],[73.6984348,26.5868002],[73.6981559,26.5893523],[73.697834,26.593305],[73.6984134,26.5935544],[73.6990571,26.5964517],[73.6998939,26.5986582],[73.7002802,26.600692],[73.7010097,26.6018623],[73.6994433,26.6044524],[73.6986494,26.6054693],[73.697598,26.6064861],[73.6954093,26.6066012],[73.6940145,26.608136],[73.6922765,26.6090377],[73.6912036,26.6088842],[73.6910748,26.6098051],[73.6929202,26.6103998],[73.6933708,26.6113591],[73.6936068,26.612184],[73.6930275,26.6146396],[73.692491,26.6173061],[73.6889291,26.6175363],[73.6897874,26.6201645],[73.6915469,26.6232337],[73.6898517,26.624212],[73.6891007,26.6256699],[73.6880064,26.6279717],[73.6872554,26.6305228],[73.6865258,26.6326136],[73.6855387,26.6330931],[73.6843157,26.6333041],[73.6832213,26.6332082],[73.682363,26.6330548],[73.6821699,26.6344741],[73.6836934,26.6354332],[73.683629,26.6364305],[73.6833071,26.6377923],[73.6820197,26.6426256],[73.6808395,26.6427791],[73.6796808,26.642875],[73.6791873,26.6425106],[73.6783075,26.6436421],[73.67908,26.6445819],[73.6793375,26.64556],[73.6789298,26.6463847],[73.6781144,26.647056],[73.6726427,26.6472478],[73.6675572,26.6469601],[73.6645102,26.6470943],[73.6624717,26.6470943],[73.6598325,26.6495683],[73.6596179,26.6508916],[73.6598539,26.6519464],[73.6604333,26.6526176],[73.6626005,26.6548614],[73.6645531,26.6575845],[73.6648321,26.6583899],[73.6648965,26.6589077],[73.6676216,26.6623211],[73.6669564,26.6629731],[73.6704969,26.667556],[73.6703253,26.6707582],[73.6721921,26.6718128],[73.6728573,26.6730016],[73.67275,26.6741137],[73.6727071,26.6746698],[73.6727714,26.6769323],[73.6728787,26.6802493],[73.6728573,26.6812079],[73.6707544,26.6827034],[73.6691236,26.6835086],[73.6653256,26.6850616],[73.661828,26.6869404],[73.6606478,26.6876881],[73.6600256,26.6893752],[73.6588239,26.6893369],[73.6585879,26.6902188],[73.6579656,26.6914841],[73.6571932,26.6930369],[73.6557126,26.6938613],[73.655498,26.6952799],[73.6552834,26.6970436],[73.6553693,26.6991714],[73.6553907,26.7031587],[73.654468,26.7041555],[73.6542105,26.7048264],[73.6541462,26.7062449],[73.6536312,26.7083342],[73.6532879,26.7110753],[73.6530733,26.7120336],[73.6531377,26.7128195],[73.6524081,26.7136437],[73.6519575,26.7149663],[73.6539745,26.7156179],[73.6541247,26.7163654],[73.6539316,26.717228],[73.6536312,26.7178605],[73.6550045,26.7182055],[73.6546397,26.7192596],[73.656013,26.7200454],[73.6568928,26.7208696],[73.6574936,26.7219429],[73.658781,26.7218854],[73.6593389,26.7244344],[73.6607551,26.7308739],[73.6623215,26.7301456],[73.6643815,26.7344192],[73.6654329,26.7361631],[73.6660981,26.737198],[73.6662912,26.7377154],[73.6666989,26.7395551],[73.6674285,26.7412605],[73.6675358,26.7415863],[73.6681795,26.7418354],[73.6674714,26.7432918],[73.6685228,26.7440199],[73.6685228,26.7447864],[73.6702394,26.745208],[73.6696172,26.7465493],[73.6706471,26.747929],[73.6724067,26.7485613],[73.6730718,26.7492128],[73.6724281,26.7501709],[73.6721062,26.751378],[73.6724281,26.7526043],[73.6732435,26.7528917],[73.6757755,26.7537348],[73.6777496,26.7543863],[73.678565,26.755191],[73.6787152,26.7558999],[73.6790116,26.7572731],[73.6778577,26.7580395],[73.6761081,26.7584578],[73.6752498,26.7592433],[73.6731899,26.7608432],[73.6733079,26.7615137],[73.6710656,26.7647324],[73.6697781,26.7668016],[73.6696279,26.7691964],[73.6688232,26.7698477],[73.6688125,26.7717635],[73.6679006,26.772798],[73.6672354,26.7741486],[73.6660874,26.7771083],[73.6633837,26.7775681],[73.6628795,26.7775777],[73.6625254,26.7793305],[73.6616135,26.7807097],[73.6618173,26.7815622],[73.6619139,26.7824146],[73.6617637,26.7833628],[73.6615169,26.7834299],[73.6614847,26.7854795],[73.6619675,26.7860254],[73.6602831,26.7890232],[73.6608302,26.7900671],[73.6610877,26.7907279],[73.6610448,26.7926242],[73.6608517,26.7938117],[73.6618173,26.7944725],[73.6621928,26.7947598],[73.6617315,26.7956696],[73.6629116,26.7966082],[73.6609054,26.8003143],[73.6597896,26.8021434],[73.6585128,26.8041256],[73.6571181,26.8074772],[73.6554122,26.8068452],[73.6537921,26.8062419],[73.6521292,26.8053609],[73.6511314,26.8050832],[73.6499083,26.8050162],[73.64905,26.8051407],[73.6480844,26.8057057],[73.6459708,26.8058876],[73.6458099,26.806443],[73.6407351,26.8063472],[73.639276,26.8061461],[73.6368513,26.8064621],[73.6354136,26.8068643],[73.6352742,26.8082337],[73.6349845,26.8115277],[73.6342764,26.8149077],[73.6339116,26.8171387],[73.6345768,26.8184409],[73.6346841,26.8192644],[73.6347163,26.821658],[73.634212,26.8232187],[73.6339867,26.823908],[73.6329675,26.8245687],[73.6321843,26.8247027],[73.6318409,26.8234963],[73.630414,26.8236782],[73.6307359,26.8261005],[73.6313689,26.8274313],[73.6314547,26.8278526],[73.6309183,26.8287143],[73.6314225,26.8299493],[73.6307251,26.8332235],[73.6293626,26.8337022],[73.6304462,26.8363062],[73.6310148,26.8365264],[73.6308217,26.8394941],[73.6312508,26.8418394],[73.6312401,26.8427297],[73.6301029,26.8443092],[73.6293733,26.8437253],[73.6288154,26.8440125],[73.6275709,26.8444911],[73.6270881,26.8440316],[73.6267769,26.8435913],[73.6258221,26.8445102],[73.6257684,26.8434764],[73.6248135,26.843553],[73.6247492,26.8447687],[73.6237299,26.8454866],[73.6228931,26.8451516],[73.6212408,26.8460323],[73.619535,26.8459557],[73.6191916,26.8432083],[73.6181724,26.8409204],[73.616209,26.8389867],[73.6149645,26.8399057],[73.6147606,26.8405662],[73.614546,26.8413225],[73.6117673,26.8419735],[73.6114669,26.8442135],[73.6104905,26.8447974],[73.6094928,26.8434381],[73.6064672,26.8452856],[73.6053944,26.8453048],[73.6039567,26.8465205],[73.6036026,26.8476692],[73.603667,26.8486455],[73.6047184,26.850895],[73.6019933,26.8513258],[73.6002767,26.8509237],[73.6003196,26.8525127],[73.5971653,26.8523978],[73.5962641,26.8523691],[73.5950947,26.8546951],[73.5957706,26.8556714],[73.595953,26.8563701],[73.5965216,26.8567721],[73.5931742,26.8578633],[73.5930884,26.8638932],[73.5906422,26.8628978],[73.5883462,26.8624384],[73.5841298,26.861577],[73.5830891,26.8610888],[73.5820269,26.8610123],[73.5807609,26.8609453],[73.5800421,26.8622852],[73.5783899,26.8629169],[73.5787654,26.864678],[73.5774457,26.864812],[73.5768986,26.8642569],[73.5727572,26.86374],[73.5700428,26.8624862],[73.5690236,26.8624575],[73.567661,26.8623522],[73.5659015,26.8618833],[73.5643566,26.8614813],[73.5632193,26.861711],[73.5611272,26.8616248],[73.5608804,26.8618641],[73.5607624,26.8624192],[73.5598826,26.8624192],[73.5587025,26.8620842],[73.5577369,26.8615865],[73.5563421,26.8610506],[73.5538959,26.8612707],[73.553971,26.8596053],[73.5517609,26.8594904],[73.5473192,26.859366],[73.5468686,26.8597871],[73.5428131,26.8595191],[73.540324,26.8590119],[73.5388434,26.8588874],[73.5374164,26.8583706],[73.5360432,26.8574804],[73.5356998,26.8572411],[73.5354423,26.8583897],[73.5338223,26.8571741],[73.5333502,26.8570018],[73.5316443,26.8600551],[73.5299063,26.8617397],[73.529166,26.8628308],[73.5286832,26.863874],[73.5279,26.8652235],[73.5265159,26.8664965],[73.5257006,26.8670133],[73.5241127,26.8683819],[73.5230613,26.8694059],[73.5219669,26.8710712],[73.5211944,26.8724015],[73.520304,26.8735786],[73.5187375,26.874928],[73.5175788,26.8762965],[73.5167742,26.8775406],[73.5156584,26.8788995],[73.5144782,26.8804211],[73.512311,26.8817991],[73.5054123,26.8864307],[73.5018933,26.8873206],[73.4982347,26.8884019],[73.4954774,26.8878182],[73.4923124,26.8866412],[73.4886217,26.8850336],[73.4852099,26.8837226],[73.4837937,26.8833494],[73.4823561,26.8831388],[73.4819376,26.8827465],[73.4794164,26.8818565],[73.4754789,26.8791196],[73.473773,26.8778468],[73.4727859,26.8798661],[73.4668207,26.8779234],[73.4646106,26.8767942],[73.4613705,26.8753682],[73.458538,26.8769569],[73.4546435,26.8752055],[73.4520686,26.87533],[73.4500515,26.8742198],[73.4474444,26.8733394],[73.4468114,26.8733011],[73.4463608,26.8740189],[73.4460175,26.8754831],[73.4458029,26.8764018],[73.4446549,26.879177],[73.4428203,26.8832154],[73.4421337,26.8850623],[73.4415436,26.8859235],[73.4386039,26.8858852],[73.4364152,26.8859809],[73.4334004,26.8866986],[73.4313297,26.8876746],[73.4301388,26.8882296],[73.425976,26.8872345],[73.4231329,26.8867656],[73.4219205,26.8865359],[73.4170389,26.8860192],[73.4130907,26.885713],[73.4106016,26.8855025],[73.4098291,26.8852154],[73.4091854,26.8849666],[73.4076619,26.8843159],[73.4064388,26.8838374],[73.4040999,26.8837991],[73.4014177,26.879646],[73.3989072,26.8752438],[73.3913541,26.8754735],[73.3884144,26.8713775],[73.3871269,26.8687169],[73.3860111,26.8682958],[73.3851528,26.8685063],[73.3841443,26.8681044],[73.3839083,26.8674344],[73.377192,26.8667453],[73.376913,26.866707],[73.3757973,26.8680278],[73.372879,26.8705736],[73.3713555,26.868736],[73.3707118,26.8685063],[73.3683944,26.868602],[73.3654761,26.8693677],[73.3641672,26.8690614],[73.3614206,26.870497],[73.3587599,26.8702482],[73.358438,26.869961],[73.3539963,26.8703247],[73.3515072,26.8665348],[73.3493185,26.8639698],[73.3451342,26.8627638],[73.3437862,26.8623149],[73.3434605,26.8615291],[73.341347,26.8608687],[73.3409178,26.8592703],[73.3356714,26.8571933],[73.3332574,26.8564371],[73.3262086,26.8543505],[73.3247602,26.854092],[73.3236873,26.8563318],[73.3206296,26.8560543],[73.3165312,26.8557288],[73.3154261,26.8584089],[73.3140957,26.8616057],[73.3115852,26.8610697],[73.3110702,26.8638645],[73.306725,26.8631945],[73.3040964,26.8630414],[73.303678,26.8636443],[73.3029592,26.8632902],[73.3021867,26.8648598],[73.3007491,26.8645249],[73.299644,26.8681618],[73.2979917,26.8676928],[73.2974875,26.8679129],[73.2960713,26.8675875],[73.2956314,26.8686307],[73.293196,26.8682862],[73.2917154,26.8738944],[73.2895803,26.8734255],[73.2844412,26.8719421],[73.2851493,26.8693007],[73.2782078,26.8659509],[73.2788515,26.8636826],[73.2760084,26.861778],[73.2729077,26.8630988],[73.2662344,26.8633572],[73.2662344,26.8618067],[73.2646251,26.8617588],[73.2645392,26.8633476],[73.26087,26.8626968],[73.2568145,26.8619407],[73.2560205,26.8628787],[73.2538855,26.8627255],[73.2531774,26.8631945],[73.2528233,26.8635869],[73.2523405,26.8648311],[73.2506883,26.8648694],[73.2489931,26.8645249],[73.2428992,26.8623044],[73.2423198,26.8632806],[73.2378888,26.8608496],[73.2344448,26.8670037],[73.2345521,26.8690901],[73.2305932,26.8664678],[73.2286084,26.86887],[73.2262587,26.8672047],[73.221581,26.86664],[73.2202399,26.8680661],[73.2180405,26.8678938],[73.2150364,26.8656542],[73.212719,26.8683149],[73.2116675,26.8678364],[73.2104444,26.8702386],[73.2071078,26.8687647],[73.2040715,26.8688796],[73.2019043,26.8708032],[73.2007134,26.8716263],[73.2012391,26.873703],[73.2026124,26.874306],[73.2026124,26.877531],[73.2027197,26.8798469],[73.2001877,26.8795216],[73.1978381,26.8820575],[73.1918621,26.880756],[73.1899953,26.8826412],[73.1880534,26.8822967],[73.1863475,26.881847],[73.1850815,26.883512],[73.1838798,26.8833972],[73.1835597,26.8847501],[73.1825466,26.8884691],[73.1807041,26.8911864],[73.1801462,26.8948033],[73.179717,26.8967935],[73.1792235,26.8977886],[73.1783008,26.8992238],[73.1758761,26.9034719],[73.1772065,26.9045244],[73.1768203,26.905462],[73.1759405,26.9063422],[73.1760478,26.9066484],[73.1761122,26.9081409],[73.1766057,26.9095185],[73.1770348,26.9104179],[73.1775713,26.9112023],[73.1780863,26.9120634],[73.1774854,26.9140915],[73.1752109,26.9205202],[73.1759405,26.9212664],[73.1751466,26.9241171],[73.1753182,26.9249015],[73.175683,26.9253606],[73.174181,26.9264511],[73.1735587,26.9274077],[73.1732368,26.9284599],[73.1724858,26.9297034],[73.1696319,26.9328982],[73.168323,26.9320756],[73.1675935,26.9319034],[73.1667995,26.9320947],[73.1641817,26.9279625],[73.1600404,26.9268529],[73.158195,26.925992],[73.1551909,26.9253415],[73.1541824,26.9245571],[73.1525516,26.9252841],[73.1496334,26.9274842],[73.1494403,26.9295886],[73.1472087,26.932286],[73.1460714,26.9315782],[73.144741,26.9327834],[73.1437969,26.9324965],[73.1386471,26.9365903],[73.1370163,26.9378337],[73.1337976,26.9398806],[73.1291413,26.9423673],[73.1283474,26.9420421],[73.1272959,26.9431133],[73.1220817,26.941583],[73.1218028,26.9437255],[73.1183052,26.9509558],[73.118906,26.9515679],[73.1167388,26.9544752],[73.1150007,26.9565026],[73.1134343,26.9591228],[73.1099367,26.964172],[73.1085205,26.9672702],[73.1080055,26.9693738],[73.0860757,26.9607485],[73.0445766,26.9431899],[73.0447482,26.9353087],[73.0499839,26.9189323],[73.0505847,26.9151822],[73.0389117,26.9061509],[73.0225181,26.8987263],[73.0146216,26.8956645],[73.0129909,26.8926026],[73.0167674,26.8864786],[73.030157,26.8731576],[73.0203723,26.86642],[73.0087852,26.8612899],[72.9808902,26.8543218],[72.9746245,26.8502633],[72.9676723,26.8502633],[72.9589175,26.8601414],[72.9431247,26.865884],[72.9337691,26.8664965],[72.9305076,26.8586865],[72.918148,26.8425287],[72.9083633,26.8278239],[72.9042434,26.8192453],[72.8984927,26.8174835],[72.8913688,26.8207772],[72.87961,26.8077549],[72.8733443,26.7953441],[72.8675078,26.7831618],[72.8648471,26.77389],[72.862358,26.7632381],[72.8582381,26.7426978],[72.8360938,26.7433876],[72.8190993,26.7424678],[72.8113746,26.7423912],[72.8027915,26.7368723],[72.7834796,26.7490596],[72.7571296,26.7645409],[72.7292346,26.7748096],[72.7064036,26.7778747],[72.6999663,26.7808631],[72.6981639,26.7879889],[72.6973056,26.8004005],[72.6952457,26.8095935],[72.6932716,26.8269048],[72.6933574,26.8297387],[72.7265739,26.8411503],[72.7258872,26.8468173],[72.7209949,26.8621322],[72.7237414,26.8795886],[72.7239131,26.8880096],[72.6941299,26.8876269],[72.678852,26.8866317],[72.6739596,26.8983436],[72.6682948,26.9151822],[72.6609564,26.921783],[72.6596045,26.9237153],[72.6593256,26.9240405],[72.659111,26.9245571],[72.6586175,26.9252076],[72.6577377,26.9256667],[72.6566219,26.9258006],[72.656579,26.9263555],[72.6566005,26.927159],[72.656343,26.9280199],[72.6555919,26.9283068],[72.6541328,26.9280199],[72.6522016,26.9274842],[72.6513004,26.926719],[72.6501202,26.9258389],[72.6505279,26.9271016],[72.6498627,26.9280199],[72.6483393,26.9280199],[72.6484465,26.9293591],[72.6468158,26.9304878],[72.6431465,26.9314443],[72.6396274,26.9286895],[72.6353574,26.925992],[72.6294994,26.9222039],[72.6261306,26.9222421],[72.6182985,26.9153926],[72.6152944,26.9127139],[72.6079988,26.9120634],[72.6078915,26.9129053],[72.6048445,26.9130583],[72.6001453,26.9086192],[72.5997376,26.9090402],[72.5981927,26.9106857],[72.5953603,26.9110875],[72.5933647,26.9093463],[72.5930428,26.9088297],[72.5919914,26.9076625],[72.5839448,26.9094229],[72.5805545,26.9090785],[72.5750398,26.9102074],[72.5731301,26.9112406],[72.572422,26.9108005],[72.5707269,26.9107431],[72.5697183,26.9107814],[72.567594,26.911298],[72.5658345,26.9118912],[72.5642466,26.9120442],[72.5625086,26.9120251],[72.560234,26.9116807],[72.5575089,26.9106092],[72.5562644,26.9090593],[72.5555992,26.9058256],[72.5542903,26.9039503],[72.5487542,26.8993961],[72.5476599,26.8988985],[72.5439906,26.8982287],[72.5421023,26.896717],[72.5401926,26.8941718],[72.5386047,26.892105],[72.5374031,26.8923155],[72.5356006,26.8906506],[72.5310945,26.8871483],[72.5277257,26.8861532],[72.5272321,26.8828231],[72.5269747,26.8809857],[72.5241637,26.8773875],[72.5247645,26.8766219],[72.5234341,26.8758946],[72.5231552,26.8748802],[72.5233912,26.8744017],[72.5240779,26.8739232],[72.5239491,26.8727747],[72.5231766,26.8699228],[72.5182843,26.8671281],[72.516396,26.8633572],[72.5160742,26.8624575],[72.5161814,26.8614047],[72.5166535,26.860773],[72.5170827,26.8604667],[72.5175333,26.8599307],[72.5173831,26.8592416],[72.5167823,26.8581887],[72.5182199,26.858361],[72.518928,26.8579973],[72.5187349,26.8571741],[72.5186276,26.8563701],[72.5198293,26.855949],[72.519207,26.8545706],[72.5202799,26.8534986],[72.5189709,26.8513736],[72.5179195,26.8496698],[72.5185632,26.8456111],[72.517426,26.8448453],[72.5177908,26.8434477],[72.5187717,26.8420228],[72.5129521,26.8395323],[72.5098943,26.8380294],[72.5083279,26.8384123],[72.5076842,26.8377996],[72.5044656,26.8370338],[72.5015688,26.8347936],[72.4958825,26.8303897],[72.4952388,26.8308493],[72.4881792,26.8247027],[72.4841881,26.82229],[72.4805188,26.8197431],[72.4790811,26.8198005],[72.4774933,26.8184792],[72.475841,26.8185367],[72.4688244,26.8098615],[72.4635243,26.8113362],[72.4622798,26.8107425],[72.4607348,26.8122937],[72.459104,26.8171196],[72.4547052,26.8161429],[72.4529242,26.8184409],[72.4473452,26.8160089],[72.445414,26.8138258],[72.4401569,26.810168],[72.4319601,26.8111734],[72.4282908,26.8112117],[72.4199974,26.8098903],[72.4151266,26.8082145],[72.4118006,26.8050736],[72.4106848,26.8062898],[72.4094725,26.8080326],[72.4080562,26.8091051],[72.4063504,26.8102254],[72.4041188,26.8113074],[72.4031639,26.8106754],[72.4027991,26.8114798],[72.3992157,26.8106467],[72.4002349,26.8098041],[72.3994946,26.8091625],[72.3984432,26.8103786],[72.3962009,26.8105414],[72.3948491,26.8097945],[72.3895705,26.8088944],[72.3888087,26.8097562],[72.3877251,26.8091051],[72.386781,26.8097658],[72.3843557,26.8087396],[72.3818869,26.8071116],[72.3805117,26.8032014],[72.3774641,26.7881888],[72.3740778,26.7727712],[72.3713688,26.7455585],[72.3665151,26.739107],[72.3589524,26.7351756],[72.3509382,26.731748],[72.3436013,26.7212631],[72.3368287,26.7045255],[72.3322008,26.6951474],[72.3270085,26.6907101],[72.3150436,26.6863735],[72.3151565,26.6829445],[72.31922,26.6801205],[72.3279115,26.6808265],[72.3399892,26.6743715],[72.3570335,26.6669073],[72.3590653,26.6631751],[72.3612099,26.655912],[72.3611376,26.6556166],[72.3596297,26.6494556],[72.3575979,26.644613],[72.3551146,26.6366425],[72.3597425,26.6296805],[72.3577108,26.6190852],[72.3588395,26.6114156],[72.3630159,26.6062686],[72.3585009,26.5993048],[72.3490193,26.5890095],[72.3303948,26.5770982],[72.3314106,26.569123],[72.3381832,26.5624596],[72.3412185,26.5562426],[72.3409411,26.5523709],[72.3399066,26.5499904],[72.334146,26.5458313],[72.3288131,26.5437711],[72.3215174,26.5415827],[72.3184705,26.544942],[72.3163676,26.5488771],[72.315917,26.5516795],[72.3196077,26.5567468],[72.3176765,26.5648079],[72.3058319,26.5618138],[72.2936868,26.5604319],[72.2769498,26.5610845],[72.268753,26.5671877],[72.261672,26.5724846],[72.2568655,26.5730219],[72.2503423,26.5694907],[72.2454071,26.565422],[72.2457075,26.5622745],[72.2492694,26.5565549],[72.2486257,26.5526777],[72.2415447,26.5511421],[72.2323179,26.550144],[72.2191,26.5491074],[72.2149372,26.5457291],[72.2109031,26.540239],[72.2067403,26.5375515],[72.2021055,26.5373595],[72.1938657,26.5379738],[72.1939516,26.5500288],[72.1951532,26.5653836],[72.1942519,26.5740199],[72.1898746,26.5782418],[72.1869563,26.5815424],[72.1883296,26.5849197],[72.1945953,26.5865316],[72.1989726,26.5910601],[72.20232,26.597507],[72.2036933,26.6038002],[72.2039508,26.6071768],[72.2036075,26.6098627],[72.2010326,26.6107836],[72.1954536,26.6107836],[72.187643,26.6122416],[72.1765708,26.6240586],[72.1545123,26.6153111],[72.1377753,26.6058722],[72.1339988,26.602342],[72.1276473,26.6011141],[72.1188926,26.5970466],[72.103958,26.5956651],[72.0942468,26.5966327],[72.0934438,26.5952813],[72.0889807,26.5902157],[72.0897531,26.5893715],[72.0873499,26.5866659],[72.0866632,26.5847854],[72.0817494,26.5793931],[72.0826077,26.5783377],[72.0803761,26.5760157],[72.080698,26.5753632],[72.0766639,26.5708725],[72.0784879,26.5696058],[72.0772648,26.5676867],[72.0752477,26.565825],[72.0731878,26.5616219],[72.0737672,26.5611229],[72.073853,26.5578984],[72.0703339,26.5562669],[72.0663214,26.5523513],[72.0653772,26.5530423],[72.0614719,26.5501823],[72.0614719,26.5492994],[72.0604849,26.5472071],[72.0585966,26.5432912],[72.0541334,26.5376858],[72.0521807,26.5338656],[72.0486831,26.5305444],[72.0474171,26.5292965],[72.0462584,26.5277222],[72.0433616,26.5235752],[72.0418167,26.5223465],[72.04113,26.5205033],[72.0396924,26.5201385],[72.0414305,26.5175081],[72.0394349,26.5147432],[72.0350361,26.508138],[72.0280409,26.5000921]]]}},{"type":"Feature","properties":{"zone":"Moderate Fire Zone","color":"#FFD700","opacity":0.45,"fill":"#FFD700","fill-opacity":0.45,"stroke":"#FFD700","stroke-width":1,"stroke-opacity":0.8},"geometry":{"type":"Polygon","coordinates":[[[72.64051922438946,26.292540595348576],[72.64980465068058,26.282500177376],[72.65260442886743,26.267760357942766],[72.67260537531942,26.247760269506692],[72.68639025746378,26.24525124247249],[72.69487092116394,26.23640306430589],[72.74990133436523,26.236046966812594],[72.75969148773483,26.24525246108035],[72.78308039475395,26.245893798218393],[72.79487034226628,26.236403263447],[72.80785897302745,26.234476760016104],[72.82034281483087,26.22104842536647],[72.82069880678523,26.180965756096125],[72.82981197023491,26.172497567816002],[72.83109753280644,26.149791333951665],[72.83981395912492,26.142496865394047],[72.84109863864239,26.129791332543235],[72.84981528465073,26.122496397053535],[72.85174409687082,26.108708996728463],[72.88366889110875,26.07698172488911],[72.89640658587614,26.07525119741989],[72.90366922377547,26.06698172454497],[72.9164075390617,26.065251196259176],[72.92366955643963,26.05698172441953],[72.93640815994898,26.055251331172787],[72.94618633824587,26.046046327066417],[73.1355070935099,26.0459074129749],[73.135643,26.0459682],[73.1360900365809,26.04590698524046],[73.14310742593642,26.04590183623149],[73.15618350484819,26.03604684342944],[73.184456660098,26.036046845864732],[73.1833648,26.0388542],[73.182292,26.043462],[73.1807899,26.0464116],[73.1795454,26.0502479],[73.177185,26.053448],[73.1808758,26.0560118],[73.1838584,26.0583829],[73.1868195,26.0604069],[73.1854462,26.0624501],[73.189888,26.0664787],[73.1941151,26.0688109],[73.193171,26.0710853],[73.1928491,26.0738801],[73.191669,26.0779468],[73.1916475,26.0818207],[73.19242,26.0821483],[73.1928277,26.0813967],[73.1952953,26.0820134],[73.1971836,26.0813967],[73.1980634,26.0792381],[73.1988573,26.0770217],[73.2025265,26.0766555],[73.2033419,26.073244],[73.2081485,26.0748052],[73.2096934,26.0724731],[73.2129335,26.074439],[73.2184696,26.0761737],[73.2216453,26.0759038],[73.2235336,26.0718563],[73.2265377,26.0729357],[73.2266235,26.0736873],[73.229413,26.0756147],[73.2290268,26.0761158],[73.2320094,26.0783708],[73.2318592,26.0809148],[73.2396054,26.0829963],[73.2406125,26.0788308],[73.2414508,26.0790454],[73.2419228,26.0772144],[73.2468152,26.0691579],[73.2525873,26.0689844],[73.2581663,26.0699481],[73.2592392,26.067269],[73.2577371,26.0657655],[73.2504201,26.0651294],[73.250227,26.0641849],[73.2509136,26.0622766],[73.2522869,26.0588648],[73.2533812,26.0577082],[73.2553768,26.0558962],[73.2565141,26.0542962],[73.2584238,26.0544697],[73.2638311,26.0574383],[73.2650971,26.0562624],[73.2673931,26.0568022],[73.2682299,26.0558191],[73.2693022765854,26.054612839077247],[73.2782087201112,26.064476785995595],[73.29241259377294,26.06698173775303],[73.30433622025181,26.078708997358195],[73.30626452332952,26.092495733382073],[73.31537829912853,26.100965739958838],[73.31626650654245,26.1224964360904],[73.3253800586232,26.130965747800502],[73.32538321244495,26.184408426596367],[73.31568955329435,26.194541959658064],[73.31538556598474,26.224408435686293],[73.30608639211444,26.23327972147871],[73.30499018465825,26.25558284571618],[73.28347807750696,26.277613822413016],[73.26883306891226,26.280532669280902],[73.25673341901734,26.29210207140227],[73.25499296491384,26.305582856051643],[73.24569694959592,26.314539161816622],[73.24499463656751,26.33558285851222],[73.23569880322731,26.3445384589124],[73.23499630975448,26.36558286176771],[73.22570065914663,26.374537755545227],[73.22499798495062,26.39558286476551],[73.2067419138043,26.41209926298949],[73.2043537221197,26.42666521791337],[73.14242737664256,26.488392355663837],[73.12016599815469,26.489956427890977],[73.10990633889358,26.499327309478268],[73.09016702236761,26.49995642493279],[73.0824279059986,26.5083924405634],[73.06885353761494,26.51053270165727],[73.06242824231627,26.518392440883172],[73.04885432672639,26.52053276133854],[73.0399076200035,26.529327153385335],[72.9815802497378,26.529604421126084],[72.97121903288203,26.538971084225157],[72.95793566047975,26.53948255690707],[72.94450173722963,26.52960350174528],[72.90486225429449,26.52897081857758],[72.89722743048017,26.520532736556362],[72.86259388323754,26.507613841591848],[72.81172656730642,26.45666522036493],[72.8093377545191,26.442098564545613],[72.78723631831973,26.420533518101568],[72.7561761739994,26.419327261058992],[72.74451522952027,26.409603947833926],[72.69617582438,26.40932717401084],[72.68723816512279,26.400532721961834],[72.67365759365069,26.398392423809845],[72.6517305918513,26.376665208354087],[72.64998694287165,26.36327666670804],[72.64068855632442,26.354408452270025],[72.64051922438946,26.292540595348576]]]}},{"type":"Feature","properties":{"zone":"High Fire Zone","color":"#FF8C00","opacity":0.5,"fill":"#FF8C00","fill-opacity":0.5,"stroke":"#FF8C00","stroke-width":1,"stroke-opacity":0.8},"geometry":{"type":"Polygon","coordinates":[[[72.89051376414359,26.382540594927065],[72.90033349782662,26.371051939469353],[72.9006905533994,26.32096576563456],[72.91051821836506,26.309531743631563],[72.91069939405091,26.170965761639845],[72.91981263345447,26.16249733108226],[72.9217421091,26.148708997677137],[72.94366723317724,26.126981725407447],[72.95640174402575,26.125251227374168],[72.96793623228974,26.115892142144347],[73.02814555452795,26.11589214044279],[73.04129495046318,26.125732514921232],[73.0998996220658,26.126046878627687],[73.11129629863497,26.135731163054224],[73.13990043577046,26.13604699838681],[73.15129736462711,26.14573115941779],[73.18120902226381,26.146403123019677],[73.18968288814857,26.155251215273147],[73.20241556509662,26.156981727287004],[73.2143406898735,26.168709002418368],[73.21556138295236,26.272833680469063],[73.20569509907702,26.28453988832623],[73.20539087567607,26.314408454631906],[73.19609225175812,26.323277644904397],[73.19434919639814,26.33666521548739],[73.186093554602,26.34327717627118],[73.18539383426955,26.36440845866271],[73.17609551420068,26.373276472640647],[73.17435170756497,26.38666521770107],[73.14761316175552,26.411047061708395],[73.14435371967402,26.426665218910507],[73.12242588015427,26.448392440456228],[73.10884817263836,26.450532704078935],[73.08121776792042,26.468970955326803],[73.06016387528655,26.469956472417834],[73.04990774069316,26.479327030756533],[72.94486245490606,26.478970470314287],[72.93723201072639,26.470532794040036],[72.92259559999371,26.467613840364976],[72.90108101911511,26.445582868208596],[72.89998236302141,26.433275057619056],[72.89068440682058,26.424408462253385],[72.89051376414359,26.382540594927065]]]}},{"type":"Feature","properties":{"zone":"Very High Fire Zone","color":"#FF0000","opacity":0.55,"fill":"#FF0000","fill-opacity":0.55,"stroke":"#FF0000","stroke-width":1,"stroke-opacity":0.8},"geometry":{"type":"Polygon","coordinates":[[[72.95051679939016,26.332540587702564],[72.95980197921698,26.322501075493122],[72.9606923270992,26.29096575899103],[72.96980464840351,26.28250013610872],[72.97173612452397,26.268708999485572],[72.9798059821241,26.26249966649772],[72.98173712482215,26.248708999093463],[73.00260622934977,26.22776025320896],[73.01639217266603,26.22525122456409],[73.02487157600702,26.216402977218227],[73.0912102250213,26.216402977419808],[73.09968962728654,26.225251225193116],[73.11347557116864,26.22776025325972],[73.13498980605324,26.2497913365246],[73.13574208884773,26.27104958637831],[73.14538888241803,26.280965759185637],[73.14556501845816,26.332833689053654],[73.13609355656195,26.343277180818333],[73.13499630929265,26.36558286281449],[73.12609551646501,26.37327647659219],[73.12435170785052,26.386665217318626],[73.10348362715926,26.407613839617422],[73.0888446261622,26.41053269364096],[73.07121684010579,26.428970955213355],[73.0501599585752,26.429956435524932],[73.03990563753506,26.43932730903878],[73.00793475523005,26.43948258400495],[72.99592184195856,26.429956434484176],[72.97259721862362,26.427613755076017],[72.95068559226549,26.404408456800578],[72.95051679939016,26.332540587702564]]]}},{"type":"Feature","properties":{"name":"Jodhpur District Boundary","stroke":"#FFFFFF","stroke-width":2,"stroke-opacity":0.9,"fill":"none","fill-opacity":0},"bbox":[72.0280409,25.8526873,73.8698872,26.9693738],"geometry":{"type":"Polygon","coordinates":[[[72.0280409,26.5000921],[72.0309806,26.4981334],[72.0352077,26.4939085],[72.0396495,26.4900868],[72.0456147,26.4832113],[72.0506358,26.4812523],[72.0585751,26.4707267],[72.0614505,26.4670771],[72.0640898,26.4647913],[72.0696902,26.4597199],[72.0735097,26.4564734],[72.0771146,26.4527849],[72.0789814,26.4439091],[72.0797324,26.4414114],[72.0797753,26.4407774],[72.078681,26.4334762],[72.0793462,26.4297485],[72.0782304,26.4216011],[72.0769858,26.4150097],[72.074883,26.407188],[72.0723724,26.3997694],[72.0726728,26.3983663],[72.0734024,26.3946087],[72.0745397,26.3879004],[72.0752692,26.3836235],[72.0761812,26.3768761],[72.0765352,26.3744251],[72.0761919,26.3696766],[72.0761061,26.3673215],[72.0762348,26.3649184],[72.0759988,26.3643224],[72.0751727,26.3628612],[72.0743036,26.359112],[72.074368,26.3587467],[72.0746255,26.3581892],[72.0747006,26.3578527],[72.0746899,26.3570932],[72.0746899,26.3562568],[72.0744538,26.3551993],[72.0743143,26.3538823],[72.0716858,26.3503828],[72.0718574,26.3489407],[72.0724797,26.348883],[72.0736813,26.3491522],[72.0745611,26.349133],[72.0750975,26.3488061],[72.0752048,26.3481715],[72.0746898,26.346441],[72.0750975,26.3456526],[72.0762348,26.3442489],[72.0775866,26.3435951],[72.0788741,26.3442296],[72.0806122,26.3445565],[72.0815992,26.3427682],[72.0833802,26.3407299],[72.085762,26.3385377],[72.0914697,26.33398],[72.0915341,26.3292299],[72.0938086,26.3265951],[72.0967912,26.3228448],[72.1017909,26.3207869],[72.1076059,26.3164209],[72.1139109,26.3217811],[72.1207438,26.3142137],[72.1274972,26.3184597],[72.1288061,26.3192098],[72.1297288,26.3200368],[72.131145,26.3213447],[72.1324754,26.3219216],[72.1329903,26.3220755],[72.1350503,26.3224217],[72.1362519,26.3236334],[72.1382475,26.3254797],[72.140243,26.325922],[72.1401143,26.3255758],[72.1378183,26.3230371],[72.1345567,26.3185943],[72.1360802,26.3169402],[72.1391272,26.3162286],[72.1428823,26.3146514],[72.1440196,26.3149591],[72.1460581,26.3146706],[72.1486544,26.3143629],[72.1526885,26.3118047],[72.1518945,26.3098812],[72.1529245,26.3092273],[72.1532464,26.3084386],[72.1533966,26.3065728],[72.1542334,26.3062843],[72.1550059,26.3059957],[72.1552634,26.305284],[72.1555853,26.3039375],[72.1575808,26.3016677],[72.1577954,26.3009367],[72.1578169,26.3002057],[72.1581173,26.2996863],[72.1588039,26.2991285],[72.1596622,26.29909],[72.1610784,26.2992439],[72.1603274,26.2969932],[72.1616578,26.2969547],[72.1616149,26.2962622],[72.1625161,26.2951079],[72.1632457,26.2931842],[72.1636319,26.2917029],[72.1631169,26.2885863],[72.1621513,26.2864316],[72.1598983,26.2844692],[72.1585464,26.2834303],[72.1584177,26.2821412],[72.1592545,26.2814871],[72.1608209,26.2812947],[72.161529,26.281237],[72.1625161,26.2813524],[72.1640396,26.2821797],[72.1648979,26.2818142],[72.165606,26.2811215],[72.1655631,26.2799672],[72.1663999,26.2791976],[72.167151,26.278909],[72.168138,26.2791206],[72.168653,26.2788897],[72.1683097,26.2779277],[72.1665287,26.2753495],[72.1687174,26.2761191],[72.1700907,26.2765039],[72.1715069,26.2767541],[72.1725368,26.2764077],[72.1733308,26.2755612],[72.1742749,26.2742913],[72.175498,26.2730791],[72.177,26.2720786],[72.1786523,26.2715975],[72.1803689,26.2715975],[72.182343,26.2718092],[72.18333,26.2718669],[72.1859479,26.2700582],[72.1910333,26.2665755],[72.1954107,26.2626115],[72.1959257,26.2629387],[72.198286,26.2608412],[72.2025132,26.2572812],[72.204659,26.2555108],[72.2065902,26.2506804],[72.2063327,26.248756],[72.2073841,26.2462156],[72.207942,26.2450609],[72.2080064,26.2439254],[72.2078132,26.2424434],[72.2080493,26.2415581],[72.2089934,26.2395372],[72.208972,26.236708],[72.2099161,26.2358803],[72.2136497,26.2329355],[72.2157097,26.2315111],[72.2166323,26.2311647],[72.2182846,26.2307797],[72.2199368,26.2296826],[72.2209024,26.2295671],[72.222619,26.2292591],[72.2257304,26.2279117],[72.2325539,26.2243122],[72.2347212,26.2242352],[72.2385192,26.2219831],[72.2404504,26.2210013],[72.2431326,26.2197116],[72.2493982,26.2140231],[72.2531211,26.2113376],[72.2568762,26.2082959],[72.2599232,26.2059953],[72.26017,26.2056776],[72.2603845,26.2051289],[72.2608137,26.2039738],[72.2611356,26.2034732],[72.2640645,26.2010955],[72.2667467,26.1990162],[72.2688389,26.1972256],[72.2717142,26.2004121],[72.2743106,26.2035791],[72.275877,26.2059664],[72.2792244,26.2092296],[72.2806299,26.210789],[72.2818851,26.2125023],[72.2831511,26.2140713],[72.2847819,26.2150434],[72.2856402,26.2151782],[72.2860479,26.2151108],[72.2863269,26.2148124],[72.2864663,26.2142156],[72.2866058,26.2137921],[72.2873354,26.2140905],[72.2898459,26.2156691],[72.2923994,26.2190475],[72.2944593,26.2179599],[72.2962296,26.2165835],[72.2974956,26.2162755],[72.2982359,26.2162658],[72.2989333,26.2162177],[72.2996628,26.2158904],[72.3002207,26.2156113],[72.3007464,26.2153996],[72.3012614,26.2151108],[72.3019159,26.214745],[72.3024523,26.2149279],[72.3041153,26.2158519],[72.3071623,26.2172861],[72.3107564,26.2193458],[72.3132884,26.2207511],[72.3162496,26.2234749],[72.3186314,26.2260157],[72.3193824,26.226035],[72.3204446,26.2265547],[72.3208845,26.2270744],[72.3221719,26.2293265],[72.3232448,26.2306835],[72.3289847,26.2364192],[72.3338771,26.2410192],[72.334671,26.2402686],[72.3359156,26.2399318],[72.3370528,26.2391812],[72.3421276,26.244522],[72.3459685,26.2422413],[72.3489404,26.2404226],[72.3498738,26.2394699],[72.3504317,26.2396431],[72.35129,26.2385171],[72.3519444,26.2388058],[72.3523307,26.2376607],[72.3526096,26.237372],[72.3536396,26.2385845],[72.355088,26.2369774],[72.3556566,26.237141],[72.3585963,26.2349853],[72.3625123,26.2317806],[72.3632634,26.2322618],[72.3653018,26.2302696],[72.366879,26.2306739],[72.3710096,26.2275268],[72.3716104,26.2281812],[72.3729622,26.2272765],[72.3738098,26.2263718],[72.3745716,26.2248704],[72.3775542,26.2274883],[72.3802256,26.2253805],[72.3830581,26.227546],[72.3847532,26.2288453],[72.385515,26.2282967],[72.386148,26.2283352],[72.3882615,26.2288838],[72.3896348,26.2295382],[72.3907506,26.2305584],[72.3928428,26.2321559],[72.3937333,26.2323869],[72.3947632,26.2321078],[72.3950958,26.2320886],[72.3955893,26.2321848],[72.396158,26.2324254],[72.3974776,26.2336188],[72.3999345,26.2349083],[72.4005782,26.2349853],[72.4013078,26.2352837],[72.4020696,26.2352452],[72.4032068,26.2348891],[72.4040437,26.2349853],[72.4048483,26.2363134],[72.4057066,26.2357745],[72.4065757,26.2359669],[72.4084425,26.2347351],[72.4095797,26.2355724],[72.4123692,26.2362653],[72.4119615,26.2380745],[72.4121547,26.2391908],[72.4103951,26.2402493],[72.4139571,26.2451186],[72.4164033,26.2493333],[72.417047,26.2509884],[72.4259519,26.260033],[72.4244714,26.2663638],[72.4229049,26.2679801],[72.4234199,26.2695964],[72.4215746,26.2709529],[72.4182701,26.2735024],[72.4148369,26.2762923],[72.4154055,26.2771966],[72.4169826,26.2794381],[72.4180555,26.2807752],[72.4196756,26.2824394],[72.4219715,26.2853542],[72.4252653,26.2881726],[72.4264026,26.2897983],[72.4269283,26.2900291],[72.4276256,26.2901927],[72.4283445,26.2903947],[72.428956,26.2908564],[72.4300182,26.2919145],[72.4308228,26.2914335],[72.4313915,26.2911065],[72.4325502,26.2909718],[72.4329042,26.2911834],[72.4338698,26.2922415],[72.4345994,26.2932515],[72.4355006,26.2946077],[72.438097,26.2950117],[72.4386978,26.295156],[72.4397492,26.295281],[72.4408436,26.294954],[72.4417984,26.2948001],[72.4429464,26.2945693],[72.4444163,26.2941364],[72.4449313,26.2942807],[72.4458432,26.2945981],[72.4468624,26.2948578],[72.4481606,26.2949829],[72.4499202,26.2947328],[72.4523985,26.2945019],[72.453053,26.2944442],[72.4537825,26.2948194],[72.4542224,26.2950791],[72.4556923,26.2973971],[72.4582457,26.3007058],[72.4587822,26.3005519],[72.4601018,26.2997536],[72.4616897,26.3016196],[72.4622369,26.3011675],[72.4628162,26.3006866],[72.4633849,26.3001576],[72.463932,26.2996382],[72.4643505,26.2994074],[72.4647903,26.2997632],[72.4656165,26.3005808],[72.4671078,26.3020331],[72.4701118,26.3031488],[72.4710452,26.3034566],[72.4713564,26.3032546],[72.4714208,26.3028699],[72.4709272,26.3021966],[72.4717426,26.3021774],[72.4728477,26.3024852],[72.4733949,26.3017254],[72.473942,26.3014176],[72.4757337,26.3009751],[72.4758303,26.3010713],[72.4767423,26.3017542],[72.4795961,26.3008501],[72.4825251,26.2990707],[72.4835765,26.298561],[72.4846816,26.2985129],[72.4859476,26.2984263],[72.4866664,26.2983109],[72.487278,26.2976953],[72.4879217,26.2978107],[72.4890482,26.2981666],[72.4893165,26.2971951],[72.4897349,26.2962333],[72.4902606,26.296493],[72.4907327,26.2966661],[72.491591,26.2967431],[72.4924064,26.2966661],[72.4929321,26.2958774],[72.4931252,26.2952714],[72.4928033,26.2946366],[72.4917948,26.2932996],[72.49511,26.2904909],[72.4958503,26.2908371],[72.498554,26.291347],[72.4998951,26.2905293],[72.5010109,26.2905871],[72.5014722,26.2903658],[72.5020623,26.2889326],[72.5023734,26.2868452],[72.5028455,26.2857678],[72.5029313,26.284979],[72.502116,26.2838247],[72.5029635,26.2824587],[72.5049269,26.2816891],[72.5043797,26.2808041],[72.5060534,26.2799479],[72.5062358,26.2800056],[72.5070405,26.280477],[72.5079095,26.2809099],[72.5089502,26.2813909],[72.5099265,26.2814582],[72.5104308,26.2811023],[72.5142556,26.2849405],[72.5152856,26.2859169],[72.5159723,26.2850463],[72.516439,26.2845125],[72.5177693,26.2858159],[72.5186276,26.2861045],[72.5196576,26.2863931],[72.5206232,26.2866817],[72.5219106,26.2868356],[72.5230694,26.2865085],[72.5225329,26.2863738],[72.5213957,26.2860083],[72.5234341,26.2837189],[72.5252795,26.2837381],[72.5246143,26.2825837],[72.5250435,26.282045],[72.5250864,26.2813332],[72.5250864,26.2803904],[72.5238848,26.2791014],[72.5264811,26.2780432],[72.5269747,26.2787166],[72.5291204,26.2768503],[72.5302148,26.2774852],[72.5321674,26.2747146],[72.5339055,26.2758113],[72.5381112,26.2720786],[72.5395918,26.2717707],[72.5427675,26.2726943],[72.5448489,26.2698466],[72.5491619,26.2646128],[72.5505137,26.2648821],[72.5533461,26.2660559],[72.5560927,26.267018],[72.5580668,26.2683072],[72.5607276,26.2704623],[72.5621223,26.2689999],[72.5635171,26.2679609],[72.5654053,26.2683265],[72.5662422,26.2669603],[72.5675297,26.2674029],[72.5716924,26.2698658],[72.5722718,26.2689615],[72.5775289,26.2709818],[72.5782156,26.2698658],[72.5793957,26.2704623],[72.5800395,26.2701352],[72.5842452,26.2733292],[72.5873565,26.2765809],[72.5890302,26.2753687],[72.5903392,26.2755996],[72.5919485,26.2761576],[72.5952101,26.2786588],[72.5972056,26.2768503],[72.5989651,26.2741758],[72.5997591,26.2710395],[72.6018834,26.2715206],[72.607677,26.2637853],[72.6120758,26.2579739],[72.6130414,26.2580124],[72.6167321,26.2533362],[72.6194358,26.250334],[72.6209378,26.2475435],[72.624886,26.2424627],[72.6285767,26.236323],[72.6338339,26.2292784],[72.6361084,26.2310492],[72.6397133,26.2284122],[72.6411295,26.2263526],[72.6423526,26.2242352],[72.6446056,26.2217713],[72.6465583,26.2220793],[72.6496267,26.2196539],[72.6534891,26.2155921],[72.6568365,26.2117227],[72.6599011,26.2071215],[72.6609051,26.2060665],[72.6626944,26.2038294],[72.6652694,26.2044647],[72.667501,26.2040027],[72.6697969,26.2028668],[72.6728332,26.2004602],[72.6726186,26.1995649],[72.6726401,26.1990162],[72.6735198,26.1979958],[72.6756012,26.1986119],[72.6766312,26.1973027],[72.6791203,26.1982172],[72.6804399,26.1946553],[72.6810086,26.1937792],[72.6817274,26.1926528],[72.6832724,26.1933652],[72.684474,26.1914494],[72.6815557,26.190506],[72.6826715,26.1894662],[72.6833153,26.1892929],[72.6855039,26.185981],[72.6877999,26.1877718],[72.6901817,26.1852878],[72.6891732,26.1830349],[72.6884007,26.1821877],[72.6875424,26.1822069],[72.6867914,26.1822647],[72.6855254,26.1817448],[72.6847744,26.1808397],[72.683208,26.1784327],[72.6820922,26.1766418],[72.6805687,26.1750627],[72.6790881,26.1727133],[72.6832723,26.1670322],[72.6817059,26.1653952],[72.6818347,26.1650678],[72.6833153,26.1633538],[72.6833796,26.1628338],[72.6828003,26.1628915],[72.6825857,26.1622175],[72.6829076,26.1610426],[72.683444,26.1600797],[72.6837015,26.1589048],[72.6829505,26.1575566],[72.6828432,26.1563625],[72.6821351,26.1552646],[72.6853752,26.1497175],[72.6848388,26.1487159],[72.6863622,26.1473483],[72.6893234,26.1417238],[72.6886368,26.1412807],[72.6888084,26.1407028],[72.6850533,26.1380638],[72.6889157,26.1346349],[72.6887011,26.1322654],[72.6907396,26.1299344],[72.690289,26.1294913],[72.6908898,26.128451],[72.690525,26.1281813],[72.6936364,26.1239815],[72.6947951,26.124675],[72.6950311,26.1241741],[72.6955676,26.124598],[72.6981639,26.1232301],[72.697649,26.1226521],[72.696855,26.1208796],[72.6988077,26.1169108],[72.6931858,26.113828],[72.6947522,26.111304],[72.6969194,26.106776],[72.6936793,26.1040398],[72.6890445,26.0991069],[72.68368,26.0962742],[72.6843023,26.0939618],[72.6839804,26.093268],[72.6846242,26.0927092],[72.6847958,26.091206],[72.68471,26.0893174],[72.6853108,26.0874481],[72.6852679,26.0868507],[72.6850748,26.0847693],[72.684946,26.084037],[72.6840663,26.0830926],[72.6837873,26.0812425],[72.6813841,26.0781781],[72.6784873,26.0758075],[72.6765132,26.0743041],[72.6772427,26.0724924],[72.6764917,26.0715865],[72.6762771,26.0707384],[72.6752901,26.0697554],[72.6752686,26.0689844],[72.6764273,26.0691001],[72.6792812,26.0685218],[72.6797104,26.067693],[72.6861906,26.0691772],[72.6896238,26.0642813],[72.6899457,26.06272],[72.6893663,26.0617947],[72.6852679,26.0596744],[72.6859116,26.0582865],[72.6848388,26.0572455],[72.6855683,26.0556456],[72.6844311,26.0541034],[72.686255,26.0488599],[72.6878643,26.0448115],[72.6890445,26.0414377],[72.6906538,26.042151],[72.6937866,26.0375625],[72.6924777,26.0359815],[72.6885724,26.0330702],[72.6844525,26.0310457],[72.6811695,26.0299274],[72.6770496,26.0279607],[72.6694751,26.0243743],[72.6650333,26.0226968],[72.661879,26.021347],[72.6617718,26.0217519],[72.6584244,26.0213084],[72.6584458,26.0204793],[72.6529741,26.0193416],[72.6529741,26.0177797],[72.6494765,26.0166612],[72.6489401,26.0178375],[72.6484465,26.0164106],[72.6486397,26.0155428],[72.6482963,26.0149836],[72.6482105,26.0135373],[72.6468158,26.0127659],[72.6439619,26.0113775],[72.6432323,26.0120717],[72.6410436,26.0117246],[72.6407861,26.0125345],[72.6387048,26.0114739],[72.6382756,26.0123803],[72.6348638,26.0107218],[72.6305294,26.0097576],[72.6249289,26.0079834],[72.6228475,26.0073856],[72.6206159,26.0058042],[72.6197147,26.0046278],[72.6176762,26.0043579],[72.6163673,26.0038564],[72.6145649,26.0035479],[72.6144576,26.001465],[72.611947,26.0008479],[72.6107669,26.00025],[72.6127624,25.99809],[72.6136422,25.9970871],[72.6147151,25.9957949],[72.6152944,25.9946377],[72.6161742,25.9931911],[72.6179552,25.9920532],[72.6187706,25.9897001],[72.6194143,25.9883114],[72.6200151,25.9875591],[72.6203155,25.9868069],[72.6197576,25.9861511],[72.6198005,25.9854953],[72.620058,25.9846659],[72.619822,25.9835086],[72.6200366,25.9823512],[72.6201868,25.9811746],[72.6203584,25.9800366],[72.619307,25.9791878],[72.6199722,25.9755421],[72.6211524,25.9740953],[72.6230621,25.9710474],[72.6242637,25.9710667],[72.6262164,25.9691376],[72.6278472,25.9694463],[72.628684,25.9679608],[72.6317954,25.9648935],[72.6356578,25.9647584],[72.6396274,25.9618743],[72.6422453,25.95981],[72.6436211,25.9562817],[72.6466857,25.9578465],[72.6473093,25.9589515],[72.6525879,25.9593373],[72.6537037,25.9580061],[72.655313,25.9570993],[72.6571798,25.9565784],[72.6591325,25.9558067],[72.6615786,25.9559225],[72.6647973,25.955035],[72.668724,25.95326],[72.6704407,25.9520637],[72.67205,25.952083],[72.6733589,25.9508675],[72.6738739,25.949652],[72.6746034,25.9477032],[72.675097,25.9472788],[72.6764917,25.9467964],[72.6780796,25.946314],[72.6798177,25.9466227],[72.680397,25.9431882],[72.6811266,25.9412201],[72.6828861,25.9402746],[72.68471,25.9406798],[72.6879072,25.9414516],[72.688508,25.9405833],[72.6892161,25.9384994],[72.6912975,25.9360101],[72.6916837,25.9352769],[72.691555,25.9343892],[72.6915765,25.9334051],[72.6921129,25.9320929],[72.6954174,25.9323437],[72.6958036,25.933598],[72.6993012,25.9349488],[72.7001595,25.9337138],[72.7048802,25.9356821],[72.7062535,25.9331349],[72.7075195,25.9322665],[72.7092147,25.9313982],[72.7103734,25.9300281],[72.7117896,25.9286965],[72.7147507,25.9269018],[72.7163386,25.9254352],[72.7174544,25.9265352],[72.7200079,25.9228492],[72.7218962,25.9205333],[72.7247071,25.9188929],[72.7273679,25.9204754],[72.7308869,25.9156505],[72.73108,25.9119449],[72.7326035,25.9125046],[72.733655,25.9112115],[72.7342987,25.9094937],[72.7373457,25.9110764],[72.7383542,25.9090691],[72.7372169,25.9078531],[72.7380538,25.9054984],[72.7389979,25.9035296],[72.7414012,25.9037998],[72.7419376,25.9003641],[72.7443838,25.9005571],[72.7461219,25.9004606],[72.7484393,25.8997271],[72.7487182,25.8978354],[72.7497482,25.8974687],[72.7529669,25.8968896],[72.752409,25.8911565],[72.7530098,25.8906932],[72.7526879,25.8882995],[72.7523017,25.8871219],[72.7516794,25.8860601],[72.7515936,25.8848633],[72.7525484,25.8826239],[72.7545226,25.8810119],[72.7555525,25.8810022],[72.7606809,25.8820254],[72.7652621,25.8827493],[72.7707338,25.883647],[72.7741241,25.8841297],[72.7772355,25.8843517],[72.7809906,25.8844482],[72.7817523,25.8819289],[72.7824712,25.8808767],[72.783469,25.8796991],[72.7850675,25.8781063],[72.7861833,25.8769094],[72.7867949,25.8756834],[72.7882969,25.8741003],[72.7899277,25.8723434],[72.7909469,25.8690515],[72.7918482,25.8673428],[72.7945304,25.8639445],[72.7969551,25.8611738],[72.7993262,25.8584222],[72.8018367,25.8561148],[72.8027058,25.8564527],[72.8044116,25.8548307],[72.80792,25.8559024],[72.8096902,25.8526873],[72.8129733,25.8549948],[72.8159451,25.8568968],[72.8186273,25.8584802],[72.8203225,25.8596966],[72.8245389,25.8621006],[72.82691,25.8628343],[72.8286588,25.8635198],[72.8295064,25.8639638],[72.830075,25.8640797],[72.8303325,25.8639638],[72.8302038,25.8634811],[72.8299677,25.8628826],[72.8299141,25.8621585],[72.8300214,25.8615117],[72.8305685,25.8611448],[72.8314698,25.8611158],[72.8327572,25.8619075],[72.833991,25.8627571],[72.8354789,25.8638679],[72.8391838,25.8654602],[72.8397417,25.8662905],[72.8403854,25.8677386],[72.8404927,25.8692446],[72.84163,25.8714649],[72.8422522,25.8753842],[72.8424239,25.8782415],[72.8416514,25.881369],[72.8422522,25.8826432],[72.8422737,25.8851528],[72.8429389,25.8869096],[72.84163,25.8895156],[72.845943,25.8913495],[72.8459,25.8935501],[72.8492903,25.8936467],[72.8538608,25.8924884],[72.8547191,25.8947662],[72.8553414,25.897237],[72.8592896,25.8988585],[72.8671002,25.8989936],[72.8682589,25.8969668],[72.8686666,25.8931062],[72.8691172,25.8902685],[72.8718638,25.8890909],[72.8737521,25.8888786],[72.8751039,25.8895542],[72.8761983,25.8906353],[72.8769493,25.8915426],[72.8782582,25.8925077],[72.8803181,25.8927587],[72.8828716,25.8927008],[72.8858113,25.892141],[72.8879356,25.8907704],[72.8898024,25.889921],[72.8923344,25.890172],[72.8963256,25.8909634],[72.9010248,25.8914074],[72.9080629,25.8917742],[72.9142213,25.8922761],[72.9172253,25.8924498],[72.9210663,25.8939362],[72.9264521,25.8973143],[72.9300141,25.9000359],[72.9334688,25.9016187],[72.9379105,25.9022557],[72.9454422,25.9022943],[72.9481244,25.9018117],[72.9526305,25.9011555],[72.958188,25.9002096],[72.958982,25.902854],[72.9598617,25.9062511],[72.9623508,25.9068495],[72.964797,25.9097253],[72.9649901,25.9113659],[72.9668784,25.9131994],[72.968595,25.9144925],[72.9701614,25.9151487],[72.9706549,25.916519],[72.9722857,25.917677],[72.9734874,25.9190087],[72.9742813,25.9203596],[72.9737448,25.9222702],[72.9738521,25.926072],[72.9741096,25.9278474],[72.9734874,25.9305298],[72.9726076,25.9336173],[72.977736,25.9356242],[72.9811692,25.9378433],[72.9824781,25.9380555],[72.9876709,25.938345],[72.9926276,25.939715],[72.9966402,25.9462561],[72.998743,25.9489574],[72.9961467,25.9542825],[72.9994511,25.9542053],[73.0042791,25.9537037],[73.0097079,25.9530284],[73.0130768,25.9533178],[73.0176258,25.9533178],[73.0247068,25.9529898],[73.0265307,25.9540124],[73.0301356,25.9558646],[73.0319166,25.9573501],[73.0365085,25.9608807],[73.0419588,25.963871],[73.0432248,25.9652021],[73.0444264,25.9673821],[73.0451774,25.9713753],[73.0475807,25.971086],[73.0488252,25.9734973],[73.0497694,25.9750212],[73.0508852,25.9764294],[73.049984,25.977799],[73.0499625,25.9785706],[73.050456,25.9810782],[73.0521512,25.9833157],[73.0524516,25.9864404],[73.0520654,25.9875591],[73.0509281,25.9900859],[73.0513787,25.9909538],[73.0524945,25.9915517],[73.0525589,25.9939626],[73.052988,25.9947919],[73.0533528,26.0003657],[73.0517006,26.0070192],[73.0488467,26.0113968],[73.0524087,26.0144436],[73.059318,26.0146365],[73.0699181,26.0185124],[73.0756902,26.0193223],[73.0763125,26.0183196],[73.0833292,26.0186088],[73.0859899,26.0200358],[73.0880713,26.020942],[73.0944443,26.0237958],[73.0980491,26.0249335],[73.0995512,26.027228],[73.1018472,26.0280185],[73.1035852,26.0272858],[73.110559,26.0288091],[73.1142282,26.0286548],[73.1203437,26.0321447],[73.1223607,26.0355573],[73.1215238,26.0363093],[73.1243777,26.0385843],[73.1231975,26.0394326],[73.125751,26.0418811],[73.1307292,26.0437704],[73.135643,26.0459682],[73.1414151,26.0451778],[73.1435394,26.0442138],[73.1455779,26.0428643],[73.1499553,26.0397796],[73.1519294,26.0370033],[73.1533026,26.0360008],[73.1554699,26.0359622],[73.1593323,26.03361],[73.1604695,26.0339571],[73.1618428,26.0322218],[73.1647825,26.0322218],[73.1719064,26.0322989],[73.1738376,26.0327424],[73.1783223,26.0329159],[73.1811976,26.0328002],[73.1853819,26.0336679],[73.1833648,26.0388542],[73.182292,26.043462],[73.1807899,26.0464116],[73.1795454,26.0502479],[73.177185,26.053448],[73.1808758,26.0560118],[73.1838584,26.0583829],[73.1868195,26.0604069],[73.1854462,26.0624501],[73.189888,26.0664787],[73.1941151,26.0688109],[73.193171,26.0710853],[73.1928491,26.0738801],[73.191669,26.0779468],[73.1916475,26.0818207],[73.19242,26.0821483],[73.1928277,26.0813967],[73.1952953,26.0820134],[73.1971836,26.0813967],[73.1980634,26.0792381],[73.1988573,26.0770217],[73.2025265,26.0766555],[73.2033419,26.073244],[73.2081485,26.0748052],[73.2096934,26.0724731],[73.2129335,26.074439],[73.2184696,26.0761737],[73.2216453,26.0759038],[73.2235336,26.0718563],[73.2265377,26.0729357],[73.2266235,26.0736873],[73.229413,26.0756147],[73.2290268,26.0761158],[73.2320094,26.0783708],[73.2318592,26.0809148],[73.2396054,26.0829963],[73.2406125,26.0788308],[73.2414508,26.0790454],[73.2419228,26.0772144],[73.2468152,26.0691579],[73.2525873,26.0689844],[73.2581663,26.0699481],[73.2592392,26.067269],[73.2577371,26.0657655],[73.2504201,26.0651294],[73.250227,26.0641849],[73.2509136,26.0622766],[73.2522869,26.0588648],[73.2533812,26.0577082],[73.2553768,26.0558962],[73.2565141,26.0542962],[73.2584238,26.0544697],[73.2638311,26.0574383],[73.2650971,26.0562624],[73.2673931,26.0568022],[73.2682299,26.0558191],[73.2707834,26.0529468],[73.2744527,26.0495925],[73.2720709,26.0452742],[73.2733369,26.0439246],[73.2752251,26.0411677],[73.2761264,26.0415148],[73.278594,26.0386807],[73.2802462,26.0386807],[73.2819414,26.0368491],[73.2840228,26.0370805],[73.2866192,26.0355573],[73.2883787,26.0340535],[73.291254,26.0333594],[73.294816,26.0315856],[73.297112,26.0320483],[73.3005452,26.0312578],[73.3043217,26.0317012],[73.3057594,26.0300431],[73.3066606,26.0269966],[73.3075619,26.0257047],[73.3077121,26.0212602],[73.3078194,26.0186474],[73.3080876,26.0143472],[73.3109307,26.0131323],[73.3141172,26.0121971],[73.3176148,26.0103747],[73.3197736,26.0108397],[73.3209944,26.0118982],[73.3230114,26.013788],[73.3195352,26.0192066],[73.317368,26.0251649],[73.3159947,26.0336871],[73.3159089,26.0362707],[73.3237195,26.0391048],[73.324492,26.0399146],[73.3271527,26.0420546],[73.327024,26.0446765],[73.32623,26.0460646],[73.3269381,26.0479538],[73.3291697,26.0502865],[73.3284616,26.0536215],[73.3358001,26.0568986],[73.3388042,26.0584021],[73.3402848,26.0589804],[73.3420229,26.0598286],[73.3431601,26.0602719],[73.3439326,26.0610815],[73.3448767,26.0626429],[73.3469581,26.0630091],[73.3510136,26.0630091],[73.3524084,26.0623345],[73.3545756,26.0609659],[73.3556914,26.0604454],[73.3585453,26.062026],[73.3585453,26.0633175],[73.3583951,26.0676545],[73.3574724,26.0729357],[73.3568287,26.0751907],[73.358202,26.0759231],[73.3595109,26.0764049],[73.3617854,26.0772915],[73.3638453,26.0783901],[73.3631372,26.0791417],[73.3623004,26.081069],[73.3570003,26.079373],[73.3570647,26.0806643],[73.3562064,26.0823603],[73.3522582,26.0820712],[73.3520865,26.0840563],[73.351078,26.083825],[73.3501768,26.0863304],[73.3484816,26.0876023],[73.3476662,26.0905315],[73.3455419,26.0975653],[73.3435249,26.1032883],[73.3454132,26.1037701],[73.3425808,26.1087413],[73.3416796,26.1119398],[73.3411217,26.1155621],[73.3513784,26.1234035],[73.3553695,26.1267364],[73.3573437,26.1291831],[73.36627,26.1345963],[73.3707332,26.1331901],[73.372364,26.1363879],[73.3755827,26.1374474],[73.3736086,26.1427832],[73.3744669,26.1430529],[73.3729756,26.1465875],[73.3729112,26.1480514],[73.3780503,26.1494093],[73.3752661,26.1535678],[73.3870625,26.1523948],[73.3879638,26.1549565],[73.3892512,26.157807],[73.395431,26.1592515],[73.4025121,26.1607345],[73.4026837,26.1588663],[73.4031558,26.1533578],[73.4037781,26.1463082],[73.4037995,26.1434189],[73.405323,26.1375822],[73.4048295,26.1356173],[73.4045934,26.1333634],[73.4071684,26.1286436],[73.4056878,26.1281235],[73.4094214,26.1240393],[73.4132194,26.1262162],[73.4179401,26.1276997],[73.4203434,26.127796],[73.4245276,26.1279501],[73.4264159,26.1279501],[73.4283256,26.1280272],[73.4280896,26.1292409],[73.4313297,26.1302426],[73.4319949,26.1283932],[73.4313297,26.128162],[73.4310722,26.1270061],[73.4337759,26.1268327],[73.434205,26.1261007],[73.4354925,26.126274],[73.4349561,26.1249833],[73.4376383,26.1249062],[73.441565,26.1166988],[73.4431743,26.1149648],[73.4445047,26.1116123],[73.4457278,26.1104177],[73.4498048,26.1107838],[73.4479165,26.109724],[73.448174,26.1082404],[73.4495258,26.1068145],[73.4534311,26.106564],[73.457036,26.0981627],[73.4580016,26.0978929],[73.4590852,26.0953974],[73.4624755,26.0875734],[73.4641278,26.0836515],[73.4684944,26.0837575],[73.4761011,26.0839502],[73.4762299,26.0827939],[73.4791481,26.0826686],[73.4816909,26.0800861],[73.4846949,26.079903],[73.486315,26.0835937],[73.4889972,26.0810401],[73.4897804,26.0813292],[73.4913361,26.0802596],[73.4919798,26.0810112],[73.4944582,26.0814352],[73.4955525,26.0839213],[73.4969473,26.0844031],[73.4982347,26.0818785],[73.5003805,26.0791803],[73.5049295,26.0734946],[73.5076761,26.0658619],[73.5095644,26.0665172],[73.5097575,26.0657655],[73.5144353,26.0665943],[73.5152721,26.0655727],[73.5170102,26.0656498],[73.5229754,26.0633753],[73.5241985,26.0623537],[73.5249066,26.0623152],[73.5256791,26.0613321],[73.5273528,26.0615056],[73.5272455,26.0627585],[73.5270953,26.0639151],[73.5265589,26.064821],[73.5267305,26.0654378],[73.5266661,26.0685796],[73.5266661,26.0693699],[73.5263014,26.0704107],[73.5265589,26.0714708],[73.5278463,26.07282],[73.5277819,26.0734561],[73.5271597,26.0754605],[73.5269022,26.0765206],[73.5275888,26.077253],[73.5263657,26.0806258],[73.5257435,26.0840177],[73.5255718,26.0860413],[73.5243702,26.08687],[73.5241985,26.0887586],[73.5241127,26.0914373],[73.5221386,26.0913987],[73.5219455,26.0943472],[73.521645,26.0961008],[73.5212588,26.098259],[73.5222244,26.0991069],[73.5214519,26.0996079],[73.5220527,26.1001089],[73.5248208,26.1011109],[73.5250997,26.1008219],[73.5266232,26.1009953],[73.5292411,26.1010724],[73.5339188,26.1028644],[73.5346913,26.1019202],[73.5377168,26.1030956],[73.5386824,26.1052152],[73.5403347,26.1059089],[73.5426521,26.1065448],[73.5511923,26.106487],[73.5513639,26.1056199],[73.5546469,26.1048491],[73.5562563,26.1036352],[73.5566211,26.1034232],[73.5576296,26.1029608],[73.5581445,26.1030186],[73.5588956,26.1035581],[73.5597968,26.103982],[73.560462,26.1042518],[73.5610413,26.1047142],[73.5615563,26.1052345],[73.5620069,26.1058126],[73.5620713,26.1065062],[73.5623717,26.1072384],[73.5636806,26.1068531],[73.5643458,26.1070457],[73.5650539,26.1074311],[73.5659337,26.1078165],[73.5668349,26.1075082],[73.5673284,26.1074311],[73.5685944,26.1082018],[73.5686803,26.1089533],[73.5686803,26.1094928],[73.5688305,26.1101094],[73.5693455,26.1103791],[73.57059,26.110514],[73.5716414,26.1104369],[73.5728216,26.1104177],[73.5740018,26.1103213],[73.5744953,26.1105333],[73.5749674,26.1114003],[73.575654,26.1122288],[73.5766411,26.1126527],[73.5781002,26.1123637],[73.5786366,26.1122866],[73.578186,26.1148492],[73.5777569,26.1159859],[73.5773921,26.1172383],[73.5774565,26.1184521],[73.57795,26.1197622],[73.5770273,26.1207255],[73.5747099,26.1239429],[73.575139,26.124309],[73.5734439,26.1261199],[73.5749244,26.1280079],[73.5797524,26.1260429],[73.5868227,26.1227388],[73.592906,26.1248677],[73.5929811,26.1255708],[73.5956418,26.1269965],[73.5995579,26.1282583],[73.6018538,26.1247521],[73.6056626,26.1257539],[73.6052441,26.128345],[73.6063063,26.1286918],[73.609128,26.1287881],[73.6096001,26.1283258],[73.610909,26.1285473],[73.6110592,26.1288748],[73.612057,26.1285858],[73.6120999,26.129472],[73.61269,26.1297128],[73.6126792,26.1308398],[73.612808,26.1333249],[73.613162,26.1335079],[73.6162412,26.1336139],[73.6170459,26.1337391],[73.6176252,26.1342303],[73.6177647,26.1346637],[73.6189663,26.1353765],[73.6184621,26.1366768],[73.6215305,26.1381408],[73.6216593,26.1400479],[73.6226678,26.1413192],[73.6242342,26.1431492],[73.6267876,26.1437848],[73.6282897,26.1447287],[73.6345768,26.1395856],[73.6407351,26.1336524],[73.644619,26.1299344],[73.6467862,26.1288363],[73.6483955,26.1252915],[73.6507773,26.1244053],[73.6524081,26.1223631],[73.6509704,26.1189338],[73.6540389,26.1177778],[73.6525368,26.1150033],[73.6503267,26.1126913],[73.648932,26.107277],[73.6488247,26.1038279],[73.6497474,26.1018624],[73.6494469,26.0984902],[73.6491036,26.0932873],[73.6484384,26.0926128],[73.6468291,26.0910326],[73.6464214,26.0885081],[73.6477089,26.0841719],[73.6479878,26.0811847],[73.6480737,26.0773108],[73.6499619,26.0778119],[73.6530518,26.0768097],[73.6529231,26.0707577],[73.656013,26.0709504],[73.6558413,26.0693121],[73.6606478,26.0688688],[73.6635554,26.068146],[73.6677182,26.0669413],[73.6721814,26.0671147],[73.6746061,26.0675581],[73.6755931,26.0674135],[73.6756897,26.0655149],[73.6771595,26.0652065],[73.677417,26.067375],[73.6790478,26.0670666],[73.6791444,26.0662474],[73.6835325,26.0651005],[73.6843157,26.0655727],[73.6870301,26.0644066],[73.6940145,26.0654282],[73.6950445,26.0675581],[73.697598,26.0724345],[73.7011814,26.0779275],[73.704443,26.0833432],[73.7083268,26.0898956],[73.7085199,26.0906857],[73.7080478,26.0929597],[73.7084126,26.094694],[73.7114596,26.096756],[73.7154078,26.1000511],[73.7177682,26.1014385],[73.721137,26.1034232],[73.7222314,26.1040591],[73.7234545,26.105273],[73.7251925,26.1062943],[73.7268233,26.1076238],[73.7286687,26.1084909],[73.7298703,26.1101094],[73.7321877,26.1107838],[73.7409639,26.1105333],[73.741436,26.1087606],[73.7407493,26.1047335],[73.7441182,26.1031342],[73.7452769,26.103982],[73.7472725,26.102691],[73.7490964,26.100475],[73.751049,26.0988371],[73.7519073,26.0931524],[73.7525511,26.0926706],[73.7528515,26.0903581],[73.7576151,26.0901076],[73.7578296,26.0914373],[73.7606191,26.0917263],[73.7598681,26.0941737],[73.7642884,26.0949253],[73.7643313,26.0956961],[73.7673783,26.0961008],[73.7674641,26.0955034],[73.7748241,26.0960237],[73.780328,26.0963705],[73.783257,26.0961875],[73.7864005,26.0948482],[73.7890613,26.0944724],[73.7928311,26.0942095],[73.8000154,26.0920154],[73.8016248,26.0941882],[73.8026655,26.0956816],[73.8036686,26.098047],[73.8048756,26.1000559],[73.8058788,26.1016408],[73.8073808,26.1039965],[73.8078207,26.104878],[73.8083947,26.1063087],[73.8090008,26.107802],[73.8097873,26.1088785],[73.8107564,26.1097225],[73.8116026,26.1107452],[73.8087702,26.1115737],[73.809886,26.1141941],[73.8057875,26.1179897],[73.80553,26.1221705],[73.805809,26.124675],[73.8056588,26.1276033],[73.8039422,26.1275648],[73.8029122,26.1310903],[73.8023329,26.1310517],[73.8022685,26.1315333],[73.8010883,26.1313792],[73.8002944,26.1336331],[73.7987709,26.1338258],[73.7985563,26.1361567],[73.7977838,26.1365034],[73.7964535,26.1386995],[73.79493,26.1399516],[73.7942862,26.1434381],[73.7917328,26.1437463],[73.7914753,26.1465586],[73.7878704,26.1469631],[73.7835789,26.1487544],[73.783772,26.1546098],[73.785038,26.1594056],[73.7836647,26.1628915],[73.7875056,26.1636041],[73.7899732,26.17254],[73.7904668,26.1818603],[73.7910461,26.1849605],[73.7919473,26.1885805],[73.7985563,26.2008645],[73.8040066,26.2000559],[73.8028908,26.2053504],[73.8017106,26.209143],[73.7996292,26.2133205],[73.7976765,26.2170359],[73.7948012,26.2217521],[73.7928915,26.2248704],[73.7914753,26.2240042],[73.7882137,26.2309337],[73.7868404,26.2336669],[73.7904238,26.2355724],[73.7891793,26.2396912],[73.789351,26.2403071],[73.7900376,26.2432325],[73.7910032,26.2474665],[73.7927627,26.2494295],[73.7936425,26.2511231],[73.7967109,26.2528551],[73.8002729,26.2561843],[73.8033199,26.2593402],[73.8078046,26.263362],[73.8081479,26.2649591],[73.8069892,26.2644011],[73.8064742,26.267576],[73.805809,26.2702122],[73.8046717,26.2721555],[73.8043284,26.2752148],[73.8051438,26.2764655],[73.809886,26.2824106],[73.8102722,26.2839497],[73.8104009,26.2866432],[73.8082552,26.2914528],[73.8079119,26.2932996],[73.8080406,26.2975895],[73.8048005,26.2974933],[73.8001013,26.2974356],[73.7996292,26.2984359],[73.7999725,26.2999556],[73.8013243,26.3028603],[73.8016462,26.3036297],[73.8021612,26.3045338],[73.8029766,26.3049185],[73.8031912,26.305688],[73.8034701,26.3066113],[73.8033628,26.3078039],[73.8038564,26.3090349],[73.8022041,26.3106699],[73.8007664,26.3118239],[73.7964749,26.3128049],[73.7959814,26.3104006],[73.7938785,26.3107853],[73.7951231,26.3134781],[73.79287,26.3139205],[73.7900376,26.3151707],[73.7873339,26.3165363],[73.7862181,26.317748],[73.7869262,26.3190751],[73.7902522,26.3183058],[73.7949729,26.3183058],[73.8015389,26.3158054],[73.8014531,26.3142667],[73.8039207,26.3110161],[73.8068175,26.3108237],[73.8088989,26.3150553],[73.8099932,26.3170172],[73.8088774,26.3182866],[73.809886,26.3197483],[73.8074612,26.3234603],[73.8086414,26.3268452],[73.8091135,26.3288453],[73.8108516,26.3304223],[73.8108301,26.3313454],[73.8110661,26.3332973],[73.8110983,26.3344319],[73.8103151,26.3347781],[73.8104439,26.3363262],[73.8097358,26.3363742],[73.8097787,26.3378069],[73.806957,26.3379896],[73.8071179,26.3387684],[73.8074291,26.3398934],[73.8075471,26.3404414],[73.8082123,26.3405664],[73.808459,26.3410183],[73.8085878,26.3417971],[73.8091135,26.3423067],[73.8099825,26.3430855],[73.8106155,26.3441815],[73.8108301,26.3452776],[73.8113129,26.3466332],[73.8114846,26.347835],[73.8111627,26.3483734],[73.8110554,26.3495367],[73.8110125,26.3514403],[73.8114524,26.352344],[73.8116455,26.3529113],[73.8118172,26.3534304],[73.812021,26.3540361],[73.811667,26.3546994],[73.8109696,26.3558242],[73.8156795,26.3585256],[73.817718,26.360381],[73.8228786,26.3630631],[73.8234687,26.3621498],[73.8254535,26.3632073],[73.8263118,26.3627651],[73.8285327,26.3658027],[73.8294446,26.366764],[73.83232,26.3694844],[73.8334787,26.3694651],[73.8361716,26.3692248],[73.8381565,26.3694459],[73.8430595,26.3704745],[73.8449049,26.3717817],[73.8472545,26.3742617],[73.8485634,26.3773471],[73.8461923,26.3792502],[73.8442826,26.379356],[73.8422656,26.3802114],[73.8418472,26.3806535],[73.8401627,26.3816916],[73.8390362,26.3817396],[73.8392508,26.382547],[73.8397872,26.3852958],[73.8398945,26.3858629],[73.840549,26.3882753],[73.8408172,26.3904185],[73.8409459,26.3926866],[73.8411605,26.3937918],[73.8419437,26.3958196],[73.8426947,26.3974245],[73.8429201,26.3989621],[73.8431239,26.402979],[73.843199,26.4040649],[73.8436389,26.4053814],[73.8447654,26.4067171],[73.846482,26.4063808],[73.8470185,26.4068517],[73.8513315,26.4086006],[73.8516641,26.4097633],[73.8554299,26.4113007],[73.8560521,26.411589],[73.8570821,26.412079],[73.8585842,26.4122232],[73.8593888,26.4135012],[73.8622856,26.4145005],[73.8629937,26.4152788],[73.8634443,26.4159802],[73.8624787,26.4171909],[73.8619208,26.4172197],[73.8619208,26.419372],[73.865397,26.4204289],[73.8664484,26.4232921],[73.867886,26.4242337],[73.867135,26.4264627],[73.8680792,26.4269431],[73.8698872,26.4291505],[73.8690533,26.4300654],[73.8688302,26.4320735],[73.8680899,26.4328325],[73.8674784,26.4338028],[73.8672531,26.4347347],[73.8674354,26.4351382],[73.8675427,26.4355897],[73.8673389,26.4357242],[73.86603,26.435436],[73.8653862,26.4365312],[73.8646781,26.4363679],[73.86397,26.4382893],[73.8632941,26.4393172],[73.8627899,26.4394325],[73.8610518,26.4389233],[73.8609767,26.4395285],[73.8608694,26.4404988],[73.8607621,26.4408927],[73.8594961,26.4409311],[73.8592923,26.4410175],[73.8592493,26.4425642],[73.8587665,26.4434288],[73.8582408,26.4433807],[73.8580584,26.4439859],[73.857286,26.4451387],[73.8569319,26.4462722],[73.8571679,26.4467909],[73.8570821,26.4481934],[73.8569426,26.4509407],[73.8562667,26.4535822],[73.8562882,26.4549942],[73.8559449,26.4563101],[73.855741,26.4570881],[73.854711,26.4565502],[73.854593,26.4584329],[73.8544321,26.4607957],[73.8543677,26.461737],[73.8548183,26.4626206],[73.85499,26.4656941],[73.8547325,26.466376],[73.8538313,26.466376],[73.8524794,26.4663087],[73.8520288,26.4663568],[73.8508701,26.46652],[73.8502264,26.4665969],[73.8491535,26.4670483],[73.8488424,26.4679511],[73.848542,26.4714854],[73.8448083,26.4717159],[73.8433921,26.47186],[73.8403666,26.4723402],[73.8383925,26.4728492],[73.8361394,26.4737807],[73.8355279,26.4741649],[73.8353026,26.4748372],[73.834691,26.4750292],[73.8341546,26.4758936],[73.834058,26.4783809],[73.8339078,26.4796005],[73.8345837,26.4810506],[73.8346696,26.4820685],[73.8346696,26.4829808],[73.8343584,26.4835762],[73.8323092,26.4829328],[73.8305712,26.482952],[73.8301957,26.4831056],[73.8302064,26.4838931],[73.8297343,26.4842292],[73.8285112,26.4851703],[73.8281894,26.4862554],[73.8281143,26.4870428],[73.8280177,26.4876094],[73.8276744,26.4879071],[73.8264406,26.4882431],[73.8256359,26.488416],[73.8248849,26.4886561],[73.8218915,26.4906342],[73.8173103,26.4933612],[73.8156795,26.494187],[73.8158941,26.4956465],[73.8161516,26.4966067],[73.8165486,26.4971924],[73.8170421,26.4976149],[73.8174176,26.4983926],[73.8158834,26.4986519],[73.8159799,26.4994968],[73.8166988,26.4999961],[73.8175142,26.5002842],[73.8182223,26.5006298],[73.818984,26.5016956],[73.8192844,26.5023485],[73.817482,26.5024253],[73.8170528,26.5025501],[73.8171279,26.5036063],[73.8170206,26.5042783],[73.8128579,26.5035487],[73.8117313,26.5035487],[73.8107228,26.5039903],[73.8101542,26.5035967],[73.8095319,26.5033086],[73.808738,26.5031646],[73.8076758,26.5031646],[73.8059378,26.5032894],[73.8030195,26.5034046],[73.801657,26.5038079],[73.7995004,26.5044128],[73.7978482,26.5045184],[73.7956462,26.5048805],[73.7928271,26.5065058],[73.7889647,26.5089253],[73.7880635,26.510807],[73.7873769,26.5112679],[73.7847161,26.5118439],[73.7826347,26.5124199],[73.7817764,26.5145512],[73.7812829,26.5189289],[73.7809396,26.5201001],[73.7790298,26.5223081],[73.7780642,26.5225961],[73.7745666,26.5237672],[73.7728071,26.5261671],[73.771069,26.5271846],[73.7664127,26.5294693],[73.7652755,26.5307171],[73.7646961,26.5317538],[73.7677431,26.5333089],[73.7675071,26.5359389],[73.7644386,26.5356126],[73.7638593,26.5352286],[73.7626576,26.5336736],[73.76122,26.535171],[73.7592888,26.5374747],[73.7584305,26.5378394],[73.7575078,26.5381658],[73.7566066,26.5389912],[73.7497186,26.5389528],[73.7449336,26.5390872],[73.742466,26.53926],[73.7391186,26.5396055],[73.733325,26.5398743],[73.7295913,26.5400854],[73.7243986,26.5393943],[73.7204504,26.5388952],[73.7219739,26.5435983],[73.721931,26.5462089],[73.7215662,26.5487619],[73.7208152,26.5505087],[73.7197637,26.5526009],[73.7185621,26.5536566],[73.7160945,26.5547698],[73.7143135,26.5570923],[73.7120819,26.5597793],[73.710773,26.5640594],[73.7089705,26.5682432],[73.707447,26.5710836],[73.705945,26.5722351],[73.70543,26.5741925],[73.7025332,26.5739431],[73.7010526,26.5735784],[73.7004518,26.5735401],[73.7006449,26.5753824],[73.7013316,26.5783569],[73.7016749,26.5795466],[73.7015891,26.5801415],[73.7009024,26.5810243],[73.7006879,26.582924],[73.7005806,26.584344],[73.6994862,26.5848046],[73.6984134,26.5854762],[73.6984348,26.5868002],[73.6981559,26.5893523],[73.697834,26.593305],[73.6984134,26.5935544],[73.6990571,26.5964517],[73.6998939,26.5986582],[73.7002802,26.600692],[73.7010097,26.6018623],[73.6994433,26.6044524],[73.6986494,26.6054693],[73.697598,26.6064861],[73.6954093,26.6066012],[73.6940145,26.608136],[73.6922765,26.6090377],[73.6912036,26.6088842],[73.6910748,26.6098051],[73.6929202,26.6103998],[73.6933708,26.6113591],[73.6936068,26.612184],[73.6930275,26.6146396],[73.692491,26.6173061],[73.6889291,26.6175363],[73.6897874,26.6201645],[73.6915469,26.6232337],[73.6898517,26.624212],[73.6891007,26.6256699],[73.6880064,26.6279717],[73.6872554,26.6305228],[73.6865258,26.6326136],[73.6855387,26.6330931],[73.6843157,26.6333041],[73.6832213,26.6332082],[73.682363,26.6330548],[73.6821699,26.6344741],[73.6836934,26.6354332],[73.683629,26.6364305],[73.6833071,26.6377923],[73.6820197,26.6426256],[73.6808395,26.6427791],[73.6796808,26.642875],[73.6791873,26.6425106],[73.6783075,26.6436421],[73.67908,26.6445819],[73.6793375,26.64556],[73.6789298,26.6463847],[73.6781144,26.647056],[73.6726427,26.6472478],[73.6675572,26.6469601],[73.6645102,26.6470943],[73.6624717,26.6470943],[73.6598325,26.6495683],[73.6596179,26.6508916],[73.6598539,26.6519464],[73.6604333,26.6526176],[73.6626005,26.6548614],[73.6645531,26.6575845],[73.6648321,26.6583899],[73.6648965,26.6589077],[73.6676216,26.6623211],[73.6669564,26.6629731],[73.6704969,26.667556],[73.6703253,26.6707582],[73.6721921,26.6718128],[73.6728573,26.6730016],[73.67275,26.6741137],[73.6727071,26.6746698],[73.6727714,26.6769323],[73.6728787,26.6802493],[73.6728573,26.6812079],[73.6707544,26.6827034],[73.6691236,26.6835086],[73.6653256,26.6850616],[73.661828,26.6869404],[73.6606478,26.6876881],[73.6600256,26.6893752],[73.6588239,26.6893369],[73.6585879,26.6902188],[73.6579656,26.6914841],[73.6571932,26.6930369],[73.6557126,26.6938613],[73.655498,26.6952799],[73.6552834,26.6970436],[73.6553693,26.6991714],[73.6553907,26.7031587],[73.654468,26.7041555],[73.6542105,26.7048264],[73.6541462,26.7062449],[73.6536312,26.7083342],[73.6532879,26.7110753],[73.6530733,26.7120336],[73.6531377,26.7128195],[73.6524081,26.7136437],[73.6519575,26.7149663],[73.6539745,26.7156179],[73.6541247,26.7163654],[73.6539316,26.717228],[73.6536312,26.7178605],[73.6550045,26.7182055],[73.6546397,26.7192596],[73.656013,26.7200454],[73.6568928,26.7208696],[73.6574936,26.7219429],[73.658781,26.7218854],[73.6593389,26.7244344],[73.6607551,26.7308739],[73.6623215,26.7301456],[73.6643815,26.7344192],[73.6654329,26.7361631],[73.6660981,26.737198],[73.6662912,26.7377154],[73.6666989,26.7395551],[73.6674285,26.7412605],[73.6675358,26.7415863],[73.6681795,26.7418354],[73.6674714,26.7432918],[73.6685228,26.7440199],[73.6685228,26.7447864],[73.6702394,26.745208],[73.6696172,26.7465493],[73.6706471,26.747929],[73.6724067,26.7485613],[73.6730718,26.7492128],[73.6724281,26.7501709],[73.6721062,26.751378],[73.6724281,26.7526043],[73.6732435,26.7528917],[73.6757755,26.7537348],[73.6777496,26.7543863],[73.678565,26.755191],[73.6787152,26.7558999],[73.6790116,26.7572731],[73.6778577,26.7580395],[73.6761081,26.7584578],[73.6752498,26.7592433],[73.6731899,26.7608432],[73.6733079,26.7615137],[73.6710656,26.7647324],[73.6697781,26.7668016],[73.6696279,26.7691964],[73.6688232,26.7698477],[73.6688125,26.7717635],[73.6679006,26.772798],[73.6672354,26.7741486],[73.6660874,26.7771083],[73.6633837,26.7775681],[73.6628795,26.7775777],[73.6625254,26.7793305],[73.6616135,26.7807097],[73.6618173,26.7815622],[73.6619139,26.7824146],[73.6617637,26.7833628],[73.6615169,26.7834299],[73.6614847,26.7854795],[73.6619675,26.7860254],[73.6602831,26.7890232],[73.6608302,26.7900671],[73.6610877,26.7907279],[73.6610448,26.7926242],[73.6608517,26.7938117],[73.6618173,26.7944725],[73.6621928,26.7947598],[73.6617315,26.7956696],[73.6629116,26.7966082],[73.6609054,26.8003143],[73.6597896,26.8021434],[73.6585128,26.8041256],[73.6571181,26.8074772],[73.6554122,26.8068452],[73.6537921,26.8062419],[73.6521292,26.8053609],[73.6511314,26.8050832],[73.6499083,26.8050162],[73.64905,26.8051407],[73.6480844,26.8057057],[73.6459708,26.8058876],[73.6458099,26.806443],[73.6407351,26.8063472],[73.639276,26.8061461],[73.6368513,26.8064621],[73.6354136,26.8068643],[73.6352742,26.8082337],[73.6349845,26.8115277],[73.6342764,26.8149077],[73.6339116,26.8171387],[73.6345768,26.8184409],[73.6346841,26.8192644],[73.6347163,26.821658],[73.634212,26.8232187],[73.6339867,26.823908],[73.6329675,26.8245687],[73.6321843,26.8247027],[73.6318409,26.8234963],[73.630414,26.8236782],[73.6307359,26.8261005],[73.6313689,26.8274313],[73.6314547,26.8278526],[73.6309183,26.8287143],[73.6314225,26.8299493],[73.6307251,26.8332235],[73.6293626,26.8337022],[73.6304462,26.8363062],[73.6310148,26.8365264],[73.6308217,26.8394941],[73.6312508,26.8418394],[73.6312401,26.8427297],[73.6301029,26.8443092],[73.6293733,26.8437253],[73.6288154,26.8440125],[73.6275709,26.8444911],[73.6270881,26.8440316],[73.6267769,26.8435913],[73.6258221,26.8445102],[73.6257684,26.8434764],[73.6248135,26.843553],[73.6247492,26.8447687],[73.6237299,26.8454866],[73.6228931,26.8451516],[73.6212408,26.8460323],[73.619535,26.8459557],[73.6191916,26.8432083],[73.6181724,26.8409204],[73.616209,26.8389867],[73.6149645,26.8399057],[73.6147606,26.8405662],[73.614546,26.8413225],[73.6117673,26.8419735],[73.6114669,26.8442135],[73.6104905,26.8447974],[73.6094928,26.8434381],[73.6064672,26.8452856],[73.6053944,26.8453048],[73.6039567,26.8465205],[73.6036026,26.8476692],[73.603667,26.8486455],[73.6047184,26.850895],[73.6019933,26.8513258],[73.6002767,26.8509237],[73.6003196,26.8525127],[73.5971653,26.8523978],[73.5962641,26.8523691],[73.5950947,26.8546951],[73.5957706,26.8556714],[73.595953,26.8563701],[73.5965216,26.8567721],[73.5931742,26.8578633],[73.5930884,26.8638932],[73.5906422,26.8628978],[73.5883462,26.8624384],[73.5841298,26.861577],[73.5830891,26.8610888],[73.5820269,26.8610123],[73.5807609,26.8609453],[73.5800421,26.8622852],[73.5783899,26.8629169],[73.5787654,26.864678],[73.5774457,26.864812],[73.5768986,26.8642569],[73.5727572,26.86374],[73.5700428,26.8624862],[73.5690236,26.8624575],[73.567661,26.8623522],[73.5659015,26.8618833],[73.5643566,26.8614813],[73.5632193,26.861711],[73.5611272,26.8616248],[73.5608804,26.8618641],[73.5607624,26.8624192],[73.5598826,26.8624192],[73.5587025,26.8620842],[73.5577369,26.8615865],[73.5563421,26.8610506],[73.5538959,26.8612707],[73.553971,26.8596053],[73.5517609,26.8594904],[73.5473192,26.859366],[73.5468686,26.8597871],[73.5428131,26.8595191],[73.540324,26.8590119],[73.5388434,26.8588874],[73.5374164,26.8583706],[73.5360432,26.8574804],[73.5356998,26.8572411],[73.5354423,26.8583897],[73.5338223,26.8571741],[73.5333502,26.8570018],[73.5316443,26.8600551],[73.5299063,26.8617397],[73.529166,26.8628308],[73.5286832,26.863874],[73.5279,26.8652235],[73.5265159,26.8664965],[73.5257006,26.8670133],[73.5241127,26.8683819],[73.5230613,26.8694059],[73.5219669,26.8710712],[73.5211944,26.8724015],[73.520304,26.8735786],[73.5187375,26.874928],[73.5175788,26.8762965],[73.5167742,26.8775406],[73.5156584,26.8788995],[73.5144782,26.8804211],[73.512311,26.8817991],[73.5054123,26.8864307],[73.5018933,26.8873206],[73.4982347,26.8884019],[73.4954774,26.8878182],[73.4923124,26.8866412],[73.4886217,26.8850336],[73.4852099,26.8837226],[73.4837937,26.8833494],[73.4823561,26.8831388],[73.4819376,26.8827465],[73.4794164,26.8818565],[73.4754789,26.8791196],[73.473773,26.8778468],[73.4727859,26.8798661],[73.4668207,26.8779234],[73.4646106,26.8767942],[73.4613705,26.8753682],[73.458538,26.8769569],[73.4546435,26.8752055],[73.4520686,26.87533],[73.4500515,26.8742198],[73.4474444,26.8733394],[73.4468114,26.8733011],[73.4463608,26.8740189],[73.4460175,26.8754831],[73.4458029,26.8764018],[73.4446549,26.879177],[73.4428203,26.8832154],[73.4421337,26.8850623],[73.4415436,26.8859235],[73.4386039,26.8858852],[73.4364152,26.8859809],[73.4334004,26.8866986],[73.4313297,26.8876746],[73.4301388,26.8882296],[73.425976,26.8872345],[73.4231329,26.8867656],[73.4219205,26.8865359],[73.4170389,26.8860192],[73.4130907,26.885713],[73.4106016,26.8855025],[73.4098291,26.8852154],[73.4091854,26.8849666],[73.4076619,26.8843159],[73.4064388,26.8838374],[73.4040999,26.8837991],[73.4014177,26.879646],[73.3989072,26.8752438],[73.3913541,26.8754735],[73.3884144,26.8713775],[73.3871269,26.8687169],[73.3860111,26.8682958],[73.3851528,26.8685063],[73.3841443,26.8681044],[73.3839083,26.8674344],[73.377192,26.8667453],[73.376913,26.866707],[73.3757973,26.8680278],[73.372879,26.8705736],[73.3713555,26.868736],[73.3707118,26.8685063],[73.3683944,26.868602],[73.3654761,26.8693677],[73.3641672,26.8690614],[73.3614206,26.870497],[73.3587599,26.8702482],[73.358438,26.869961],[73.3539963,26.8703247],[73.3515072,26.8665348],[73.3493185,26.8639698],[73.3451342,26.8627638],[73.3437862,26.8623149],[73.3434605,26.8615291],[73.341347,26.8608687],[73.3409178,26.8592703],[73.3356714,26.8571933],[73.3332574,26.8564371],[73.3262086,26.8543505],[73.3247602,26.854092],[73.3236873,26.8563318],[73.3206296,26.8560543],[73.3165312,26.8557288],[73.3154261,26.8584089],[73.3140957,26.8616057],[73.3115852,26.8610697],[73.3110702,26.8638645],[73.306725,26.8631945],[73.3040964,26.8630414],[73.303678,26.8636443],[73.3029592,26.8632902],[73.3021867,26.8648598],[73.3007491,26.8645249],[73.299644,26.8681618],[73.2979917,26.8676928],[73.2974875,26.8679129],[73.2960713,26.8675875],[73.2956314,26.8686307],[73.293196,26.8682862],[73.2917154,26.8738944],[73.2895803,26.8734255],[73.2844412,26.8719421],[73.2851493,26.8693007],[73.2782078,26.8659509],[73.2788515,26.8636826],[73.2760084,26.861778],[73.2729077,26.8630988],[73.2662344,26.8633572],[73.2662344,26.8618067],[73.2646251,26.8617588],[73.2645392,26.8633476],[73.26087,26.8626968],[73.2568145,26.8619407],[73.2560205,26.8628787],[73.2538855,26.8627255],[73.2531774,26.8631945],[73.2528233,26.8635869],[73.2523405,26.8648311],[73.2506883,26.8648694],[73.2489931,26.8645249],[73.2428992,26.8623044],[73.2423198,26.8632806],[73.2378888,26.8608496],[73.2344448,26.8670037],[73.2345521,26.8690901],[73.2305932,26.8664678],[73.2286084,26.86887],[73.2262587,26.8672047],[73.221581,26.86664],[73.2202399,26.8680661],[73.2180405,26.8678938],[73.2150364,26.8656542],[73.212719,26.8683149],[73.2116675,26.8678364],[73.2104444,26.8702386],[73.2071078,26.8687647],[73.2040715,26.8688796],[73.2019043,26.8708032],[73.2007134,26.8716263],[73.2012391,26.873703],[73.2026124,26.874306],[73.2026124,26.877531],[73.2027197,26.8798469],[73.2001877,26.8795216],[73.1978381,26.8820575],[73.1918621,26.880756],[73.1899953,26.8826412],[73.1880534,26.8822967],[73.1863475,26.881847],[73.1850815,26.883512],[73.1838798,26.8833972],[73.1835597,26.8847501],[73.1825466,26.8884691],[73.1807041,26.8911864],[73.1801462,26.8948033],[73.179717,26.8967935],[73.1792235,26.8977886],[73.1783008,26.8992238],[73.1758761,26.9034719],[73.1772065,26.9045244],[73.1768203,26.905462],[73.1759405,26.9063422],[73.1760478,26.9066484],[73.1761122,26.9081409],[73.1766057,26.9095185],[73.1770348,26.9104179],[73.1775713,26.9112023],[73.1780863,26.9120634],[73.1774854,26.9140915],[73.1752109,26.9205202],[73.1759405,26.9212664],[73.1751466,26.9241171],[73.1753182,26.9249015],[73.175683,26.9253606],[73.174181,26.9264511],[73.1735587,26.9274077],[73.1732368,26.9284599],[73.1724858,26.9297034],[73.1696319,26.9328982],[73.168323,26.9320756],[73.1675935,26.9319034],[73.1667995,26.9320947],[73.1641817,26.9279625],[73.1600404,26.9268529],[73.158195,26.925992],[73.1551909,26.9253415],[73.1541824,26.9245571],[73.1525516,26.9252841],[73.1496334,26.9274842],[73.1494403,26.9295886],[73.1472087,26.932286],[73.1460714,26.9315782],[73.144741,26.9327834],[73.1437969,26.9324965],[73.1386471,26.9365903],[73.1370163,26.9378337],[73.1337976,26.9398806],[73.1291413,26.9423673],[73.1283474,26.9420421],[73.1272959,26.9431133],[73.1220817,26.941583],[73.1218028,26.9437255],[73.1183052,26.9509558],[73.118906,26.9515679],[73.1167388,26.9544752],[73.1150007,26.9565026],[73.1134343,26.9591228],[73.1099367,26.964172],[73.1085205,26.9672702],[73.1080055,26.9693738],[73.0860757,26.9607485],[73.0445766,26.9431899],[73.0447482,26.9353087],[73.0499839,26.9189323],[73.0505847,26.9151822],[73.0389117,26.9061509],[73.0225181,26.8987263],[73.0146216,26.8956645],[73.0129909,26.8926026],[73.0167674,26.8864786],[73.030157,26.8731576],[73.0203723,26.86642],[73.0087852,26.8612899],[72.9808902,26.8543218],[72.9746245,26.8502633],[72.9676723,26.8502633],[72.9589175,26.8601414],[72.9431247,26.865884],[72.9337691,26.8664965],[72.9305076,26.8586865],[72.918148,26.8425287],[72.9083633,26.8278239],[72.9042434,26.8192453],[72.8984927,26.8174835],[72.8913688,26.8207772],[72.87961,26.8077549],[72.8733443,26.7953441],[72.8675078,26.7831618],[72.8648471,26.77389],[72.862358,26.7632381],[72.8582381,26.7426978],[72.8360938,26.7433876],[72.8190993,26.7424678],[72.8113746,26.7423912],[72.8027915,26.7368723],[72.7834796,26.7490596],[72.7571296,26.7645409],[72.7292346,26.7748096],[72.7064036,26.7778747],[72.6999663,26.7808631],[72.6981639,26.7879889],[72.6973056,26.8004005],[72.6952457,26.8095935],[72.6932716,26.8269048],[72.6933574,26.8297387],[72.7265739,26.8411503],[72.7258872,26.8468173],[72.7209949,26.8621322],[72.7237414,26.8795886],[72.7239131,26.8880096],[72.6941299,26.8876269],[72.678852,26.8866317],[72.6739596,26.8983436],[72.6682948,26.9151822],[72.6609564,26.921783],[72.6596045,26.9237153],[72.6593256,26.9240405],[72.659111,26.9245571],[72.6586175,26.9252076],[72.6577377,26.9256667],[72.6566219,26.9258006],[72.656579,26.9263555],[72.6566005,26.927159],[72.656343,26.9280199],[72.6555919,26.9283068],[72.6541328,26.9280199],[72.6522016,26.9274842],[72.6513004,26.926719],[72.6501202,26.9258389],[72.6505279,26.9271016],[72.6498627,26.9280199],[72.6483393,26.9280199],[72.6484465,26.9293591],[72.6468158,26.9304878],[72.6431465,26.9314443],[72.6396274,26.9286895],[72.6353574,26.925992],[72.6294994,26.9222039],[72.6261306,26.9222421],[72.6182985,26.9153926],[72.6152944,26.9127139],[72.6079988,26.9120634],[72.6078915,26.9129053],[72.6048445,26.9130583],[72.6001453,26.9086192],[72.5997376,26.9090402],[72.5981927,26.9106857],[72.5953603,26.9110875],[72.5933647,26.9093463],[72.5930428,26.9088297],[72.5919914,26.9076625],[72.5839448,26.9094229],[72.5805545,26.9090785],[72.5750398,26.9102074],[72.5731301,26.9112406],[72.572422,26.9108005],[72.5707269,26.9107431],[72.5697183,26.9107814],[72.567594,26.911298],[72.5658345,26.9118912],[72.5642466,26.9120442],[72.5625086,26.9120251],[72.560234,26.9116807],[72.5575089,26.9106092],[72.5562644,26.9090593],[72.5555992,26.9058256],[72.5542903,26.9039503],[72.5487542,26.8993961],[72.5476599,26.8988985],[72.5439906,26.8982287],[72.5421023,26.896717],[72.5401926,26.8941718],[72.5386047,26.892105],[72.5374031,26.8923155],[72.5356006,26.8906506],[72.5310945,26.8871483],[72.5277257,26.8861532],[72.5272321,26.8828231],[72.5269747,26.8809857],[72.5241637,26.8773875],[72.5247645,26.8766219],[72.5234341,26.8758946],[72.5231552,26.8748802],[72.5233912,26.8744017],[72.5240779,26.8739232],[72.5239491,26.8727747],[72.5231766,26.8699228],[72.5182843,26.8671281],[72.516396,26.8633572],[72.5160742,26.8624575],[72.5161814,26.8614047],[72.5166535,26.860773],[72.5170827,26.8604667],[72.5175333,26.8599307],[72.5173831,26.8592416],[72.5167823,26.8581887],[72.5182199,26.858361],[72.518928,26.8579973],[72.5187349,26.8571741],[72.5186276,26.8563701],[72.5198293,26.855949],[72.519207,26.8545706],[72.5202799,26.8534986],[72.5189709,26.8513736],[72.5179195,26.8496698],[72.5185632,26.8456111],[72.517426,26.8448453],[72.5177908,26.8434477],[72.5187717,26.8420228],[72.5129521,26.8395323],[72.5098943,26.8380294],[72.5083279,26.8384123],[72.5076842,26.8377996],[72.5044656,26.8370338],[72.5015688,26.8347936],[72.4958825,26.8303897],[72.4952388,26.8308493],[72.4881792,26.8247027],[72.4841881,26.82229],[72.4805188,26.8197431],[72.4790811,26.8198005],[72.4774933,26.8184792],[72.475841,26.8185367],[72.4688244,26.8098615],[72.4635243,26.8113362],[72.4622798,26.8107425],[72.4607348,26.8122937],[72.459104,26.8171196],[72.4547052,26.8161429],[72.4529242,26.8184409],[72.4473452,26.8160089],[72.445414,26.8138258],[72.4401569,26.810168],[72.4319601,26.8111734],[72.4282908,26.8112117],[72.4199974,26.8098903],[72.4151266,26.8082145],[72.4118006,26.8050736],[72.4106848,26.8062898],[72.4094725,26.8080326],[72.4080562,26.8091051],[72.4063504,26.8102254],[72.4041188,26.8113074],[72.4031639,26.8106754],[72.4027991,26.8114798],[72.3992157,26.8106467],[72.4002349,26.8098041],[72.3994946,26.8091625],[72.3984432,26.8103786],[72.3962009,26.8105414],[72.3948491,26.8097945],[72.3895705,26.8088944],[72.3888087,26.8097562],[72.3877251,26.8091051],[72.386781,26.8097658],[72.3843557,26.8087396],[72.3818869,26.8071116],[72.3805117,26.8032014],[72.3774641,26.7881888],[72.3740778,26.7727712],[72.3713688,26.7455585],[72.3665151,26.739107],[72.3589524,26.7351756],[72.3509382,26.731748],[72.3436013,26.7212631],[72.3368287,26.7045255],[72.3322008,26.6951474],[72.3270085,26.6907101],[72.3150436,26.6863735],[72.3151565,26.6829445],[72.31922,26.6801205],[72.3279115,26.6808265],[72.3399892,26.6743715],[72.3570335,26.6669073],[72.3590653,26.6631751],[72.3612099,26.655912],[72.3611376,26.6556166],[72.3596297,26.6494556],[72.3575979,26.644613],[72.3551146,26.6366425],[72.3597425,26.6296805],[72.3577108,26.6190852],[72.3588395,26.6114156],[72.3630159,26.6062686],[72.3585009,26.5993048],[72.3490193,26.5890095],[72.3303948,26.5770982],[72.3314106,26.569123],[72.3381832,26.5624596],[72.3412185,26.5562426],[72.3409411,26.5523709],[72.3399066,26.5499904],[72.334146,26.5458313],[72.3288131,26.5437711],[72.3215174,26.5415827],[72.3184705,26.544942],[72.3163676,26.5488771],[72.315917,26.5516795],[72.3196077,26.5567468],[72.3176765,26.5648079],[72.3058319,26.5618138],[72.2936868,26.5604319],[72.2769498,26.5610845],[72.268753,26.5671877],[72.261672,26.5724846],[72.2568655,26.5730219],[72.2503423,26.5694907],[72.2454071,26.565422],[72.2457075,26.5622745],[72.2492694,26.5565549],[72.2486257,26.5526777],[72.2415447,26.5511421],[72.2323179,26.550144],[72.2191,26.5491074],[72.2149372,26.5457291],[72.2109031,26.540239],[72.2067403,26.5375515],[72.2021055,26.5373595],[72.1938657,26.5379738],[72.1939516,26.5500288],[72.1951532,26.5653836],[72.1942519,26.5740199],[72.1898746,26.5782418],[72.1869563,26.5815424],[72.1883296,26.5849197],[72.1945953,26.5865316],[72.1989726,26.5910601],[72.20232,26.597507],[72.2036933,26.6038002],[72.2039508,26.6071768],[72.2036075,26.6098627],[72.2010326,26.6107836],[72.1954536,26.6107836],[72.187643,26.6122416],[72.1765708,26.6240586],[72.1545123,26.6153111],[72.1377753,26.6058722],[72.1339988,26.602342],[72.1276473,26.6011141],[72.1188926,26.5970466],[72.103958,26.5956651],[72.0942468,26.5966327],[72.0934438,26.5952813],[72.0889807,26.5902157],[72.0897531,26.5893715],[72.0873499,26.5866659],[72.0866632,26.5847854],[72.0817494,26.5793931],[72.0826077,26.5783377],[72.0803761,26.5760157],[72.080698,26.5753632],[72.0766639,26.5708725],[72.0784879,26.5696058],[72.0772648,26.5676867],[72.0752477,26.565825],[72.0731878,26.5616219],[72.0737672,26.5611229],[72.073853,26.5578984],[72.0703339,26.5562669],[72.0663214,26.5523513],[72.0653772,26.5530423],[72.0614719,26.5501823],[72.0614719,26.5492994],[72.0604849,26.5472071],[72.0585966,26.5432912],[72.0541334,26.5376858],[72.0521807,26.5338656],[72.0486831,26.5305444],[72.0474171,26.5292965],[72.0462584,26.5277222],[72.0433616,26.5235752],[72.0418167,26.5223465],[72.04113,26.5205033],[72.0396924,26.5201385],[72.0414305,26.5175081],[72.0394349,26.5147432],[72.0350361,26.508138],[72.0280409,26.5000921]]]}},{"type":"Feature","properties":{"date":"2019-03-03","brightness":303.9,"marker-color":"#FF4444","marker-size":"small"},"geometry":{"type":"Point","coordinates":[73.2148,26.2375]}},{"type":"Feature","properties":{"date":"2019-03-16","brightness":329.3,"marker-color":"#FF4444","marker-size":"small"},"geometry":{"type":"Point","coordinates":[73.0703,26.3424]}},{"type":"Feature","properties":{"date":"2021-05-27","brightness":389.9,"marker-color":"#FF4444","marker-size":"small"},"geometry":{"type":"Point","coordinates":[72.7243,26.3229]}},{"type":"Feature","properties":{"date":"2022-03-19","brightness":312.1,"marker-color":"#FF4444","marker-size":"small"},"geometry":{"type":"Point","coordinates":[73.0839,26.3002]}},{"type":"Feature","properties":{"date":"2022-11-26","brightness":382.6,"marker-color":"#FF4444","marker-size":"small"},"geometry":{"type":"Point","coordinates":[72.9439,26.1994]}},{"type":"Feature","properties":{"date":"2023-04-28","brightness":366.9,"marker-color":"#FF4444","marker-size":"small"},"geometry":{"type":"Point","coordinates":[72.9213,26.4075]}},{"type":"Feature","properties":{"date":"2023-05-01","brightness":398.9,"marker-color":"#FF4444","marker-size":"small"},"geometry":{"type":"Point","coordinates":[73.0686,26.3234]}},{"type":"Feature","properties":{"date":"2024-02-27","brightness":334.9,"marker-color":"#FF4444","marker-size":"small"},"geometry":{"type":"Point","coordinates":[72.9785,26.161]}},{"type":"Feature","properties":{"date":"2024-04-03","brightness":393.8,"marker-color":"#FF4444","marker-size":"small"},"geometry":{"type":"Point","coordinates":[72.982,26.4014]}},{"type":"Feature","properties":{"date":"2024-05-26","brightness":302.4,"marker-color":"#FF4444","marker-size":"small"},"geometry":{"type":"Point","coordinates":[73.2323,26.1132]}},{"type":"Feature","properties":{"date":"2025-04-01","brightness":379.6,"marker-color":"#FF4444","marker-size":"small"},"geometry":{"type":"Point","coordinates":[73.0976,26.1668]}},{"type":"Feature","properties":{"date":"2025-05-08","brightness":371.1,"marker-color":"#FF4444","marker-size":"small"},"geometry":{"type":"Point","coordinates":[73.0627,26.377]}}]}