<?xml version="1.0" encoding="UTF-8"?>
<kml xmlns="http://www.opengis.net/kml/2.2">
<Document>
  <name>Kota Forest Fire Risk Zones</name>
  <description>Forest fire density analysis for Kota District, Rajasthan. Generated using KDE on NASA FIRMS data (2018-2025).</description>
  <Style id="zone0">
    <PolyStyle><color>8c0000FF</color><outline>1</outline></PolyStyle>
    <LineStyle><color>e60000FF</color><width>1</width></LineStyle>
  </Style>
  <Style id="zone1">
    <PolyStyle><color>80008CFF</color><outline>1</outline></PolyStyle>
    <LineStyle><color>e6008CFF</color><width>1</width></LineStyle>
  </Style>
  <Style id="zone2">
    <PolyStyle><color>7300D7FF</color><outline>1</outline></PolyStyle>
    <LineStyle><color>e600D7FF</color><width>1</width></LineStyle>
  </Style>
  <Style id="zone3">
    <PolyStyle><color>59228B22</color><outline>1</outline></PolyStyle>
    <LineStyle><color>e6228B22</color><width>1</width></LineStyle>
  </Style>
  <Style id="boundary">
    <LineStyle><color>ccffffff</color><width>2</width></LineStyle>
    <PolyStyle><fill>0</fill></PolyStyle>
  </Style>
  <Style id="firepoint">
    <IconStyle><color>ff4444ff</color><scale>0.6</scale>
      <Icon><href>http://maps.google.com/mapfiles/kml/shapes/shaded_dot.png</href></Icon>
    </IconStyle>
  </Style>
  <Folder><name>Fire Risk Zones</name>
    <Placemark><name>Low Fire Zone</name><styleUrl>#zone0</styleUrl>
      <Polygon><extrude>0</extrude><altitudeMode>clampToGround</altitudeMode><outerBoundaryIs><LinearRing><coordinates>75.6166746,24.9908916,0 75.6171076,24.990271,0 75.6186822,24.9893599,0 75.621315,24.988671,0 75.6247349,24.9881052,0 75.6261463,24.9868505,0 75.6284534,24.98503,0 75.635646,24.9810444,0 75.6404502,24.9795436,0 75.6428116,24.9786086,0 75.644033,24.9781904,0 75.6466386,24.9776737,0 75.6476972,24.9770094,0 75.6481043,24.9760006,0 75.6495428,24.9711536,0 75.6508185,24.9651252,0 75.6520942,24.9619264,0 75.6554327,24.9584814,0 75.6574955,24.9553316,0 75.6626525,24.9489825,0 75.6674838,24.9425593,0 75.672478,24.9380554,0 75.6767665,24.9350282,0 75.6808107,24.9344129,0 75.688899,24.9300318,0 75.6928889,24.9272997,0 75.6939475,24.9242722,0 75.6962546,24.9225246,0 75.7058629,24.9169861,0 75.7190812,24.9091827,0 75.726871,24.903496,0 75.7337922,24.8966272,0 75.7385421,24.8921709,0 75.7463862,24.8866311,0 75.753226,24.8823469,0 75.7605273,24.8784564,0 75.7662543,24.8771021,0 75.7737456,24.876979,0 75.7783597,24.8761664,0 75.7829468,24.8758463,0 75.7895966,24.874295,0 75.7977121,24.8720788,0 75.8060448,24.8712169,0 75.8106589,24.8704535,0 75.8119889,24.8702565,0 75.811963,24.8687178,0 75.8119995,24.8663669,0 75.8134027,24.8650548,0 75.8154438,24.863688,0 75.8146237,24.8589315,0 75.8136032,24.8553232,0 75.8132934,24.8500382,0 75.8127102,24.8454275,0 75.8127193,24.8424661,0 75.8129289,24.8403612,0 75.8113799,24.8361515,0 75.8101406,24.8310123,0 75.8096304,24.8257456,0 75.8091383,24.8232125,0 75.8061131,24.8212078,0 75.8043454,24.8199868,0 75.8031973,24.8165242,0 75.8016665,24.8106197,0 75.8031426,24.8104739,0 75.8023408,24.8071389,0 75.8011744,24.8000315,0 75.8011926,24.7958218,0 75.8011197,24.7923045,0 75.8005912,24.7897532,0 75.7994614,24.7882953,0 75.7979488,24.785835,0 75.795689,24.7796389,0 75.7939395,24.7755749,0 75.7918073,24.7720394,0 75.7907138,24.7707091,0 75.7887639,24.7691054,0 75.7859574,24.7664264,0 75.7840256,24.7640938,0 75.7845252,24.7616473,0 75.7864044,24.7611939,0 75.7876964,24.7602737,0 75.7919526,24.7588244,0 75.7960314,24.757352,0 75.7973741,24.7568689,0 75.7991476,24.7565698,0 75.8021877,24.7565238,0 75.8069505,24.7530038,0 75.8115361,24.7478502,0 75.8164003,24.7430415,0 75.8218725,24.7386698,0 75.8261287,24.734459,0 75.8272687,24.7338147,0 75.8296755,24.7332625,0 75.8308726,24.7334536,0 75.8322759,24.7328652,0 75.8323841,24.7328198,0 75.8331767,24.7323219,0 75.8337772,24.7312997,0 75.833957,24.729949,0 75.8341374,24.7284776,0 75.836004,24.7277725,0 75.837321,24.7250572,0 75.8373035,24.7217229,0 75.8378502,24.7182422,0 75.8376946,24.7176092,0 75.8371486,24.7169391,0 75.8368935,24.7128479,0 75.8364569,24.7092153,0 75.8359458,24.7057678,0 75.8351909,24.7011094,0 75.834185,24.6987422,0 75.8337036,24.6940697,0 75.8328423,24.6873484,0 75.8303342,24.6822151,0 75.8262553,24.6693924,0 75.8250585,24.6674384,0 75.8262553,24.6675967,0 75.8279021,24.6675967,0 75.8303342,24.6676197,0 75.8354011,24.6682643,0 75.8373771,24.6681262,0 75.8393025,24.6676197,0 75.8405946,24.6667218,0 75.841228,24.6657549,0 75.8426974,24.6652714,0 75.8442174,24.6648109,0 75.8457628,24.6641202,0 75.8468522,24.6633605,0 75.8473589,24.6624395,0 75.8465735,24.6607358,0 75.8471815,24.6585025,0 75.8472829,24.6550488,0 75.8473842,24.6500984,0 75.8473943,24.6478973,0 75.8471978,24.6461917,0 75.8468028,24.644082,0 75.8440924,24.6414233,0 75.8420741,24.6398621,0 75.8408479,24.638585,0 75.8412786,24.6355453,0 75.8416586,24.6342327,0 75.8429,24.6336339,0 75.8444201,24.632874,0 75.8454081,24.6315613,0 75.8455601,24.6303408,0 75.8444708,24.6287517,0 75.8429254,24.6272548,0 75.8398092,24.6240996,0 75.8382385,24.6229942,0 75.8380001,24.6221905,0 75.8365268,24.6208825,0 75.8334756,24.6216354,0 75.8307395,24.6210596,0 75.8281565,24.6204914,0 75.8276172,24.6195924,0 75.8258654,24.6157944,0 75.8246535,24.6144544,0 75.8249886,24.6134361,0 75.8259046,24.6108151,0 75.8276277,24.6102899,0 75.829543,24.6079872,0 75.8328067,24.6050953,0 75.8342701,24.6059155,0 75.8363144,24.6061095,0 75.8363771,24.6049614,0 75.8359429,24.6028241,0 75.8355573,24.6009842,0 75.8346983,24.5991738,0 75.8340354,24.5978673,0 75.8325748,24.5956102,0 75.8340583,24.5953543,0 75.8354208,24.5950097,0 75.8374437,24.5965469,0 75.8383172,24.5976551,0 75.8393233,24.600068,0 75.8407364,24.60361,0 75.8410092,24.6058335,0 75.8415353,24.6069837,0 75.8424947,24.6070099,0 75.8457861,24.6075843,0 75.8458767,24.6092727,0 75.8471663,24.60967,0 75.8486454,24.6108335,0 75.8492721,24.6109047,0 75.8530338,24.6102806,0 75.8553251,24.6099605,0 75.85832,24.6099695,0 75.8592268,24.6104282,0 75.86296,24.6099799,0 75.8627115,24.6081615,0 75.8628333,24.6061709,0 75.8643223,24.6062279,0 75.8664357,24.606457,0 75.8676264,24.6066413,0 75.8694667,24.6065176,0 75.8712999,24.6066413,0 75.8716545,24.6041767,0 75.8724906,24.5974045,0 75.8726133,24.5950697,0 75.8721097,24.5903663,0 75.872389,24.5901059,0 75.8750412,24.5869726,0 75.8767788,24.5854684,0 75.8783339,24.5834271,0 75.8820328,24.5816408,0 75.8847524,24.581509,0 75.8866579,24.5813956,0 75.8904217,24.5805816,0 75.8941665,24.5797539,0 75.8949115,24.5789057,0 75.8962215,24.5776979,0 75.8986167,24.5762494,0 75.9009564,24.5756472,0 75.906405,24.5755433,0 75.9109735,24.5737679,0 75.9121665,24.572514,0 75.9144158,24.5722427,0 75.9148637,24.5691203,0 75.9140831,24.566169,0 75.9130558,24.5659252,0 75.9122263,24.5613997,0 75.9092481,24.5618718,0 75.9059445,24.5626156,0 75.9057884,24.5616097,0 75.9052587,24.5530771,0 75.9044479,24.5530568,0 75.904407,24.5521183,0 75.9040045,24.5520274,0 75.9040808,24.5511942,0 75.9035887,24.5509997,0 75.9037304,24.5484112,0 75.9044499,24.5483733,0 75.9042424,24.5467564,0 75.904201,24.5464107,0 75.9057945,24.5460674,0 75.9059662,24.545375,0 75.9077764,24.5450696,0 75.9094165,24.5448915,0 75.9130865,24.5439251,0 75.914858,24.5432923,0 75.9158336,24.5428402,0 75.9166604,24.542125,0 75.9174354,24.5411776,0 75.920487,24.5473921,0 75.920159,24.5476837,0 75.920651,24.5488865,0 75.9225828,24.5487225,0 75.9257173,24.5491234,0 75.9279042,24.5495608,0 75.9281229,24.5502168,0 75.9325331,24.5510187,0 75.9389115,24.5501075,0 75.9429936,24.5487589,0 75.942939,24.5474832,0 75.9476043,24.5461893,0 75.9472581,24.5449865,0 75.947659,24.5444763,0 75.9489529,24.544294,0 75.9496454,24.5442758,0 75.9497547,24.5435651,0 75.9517229,24.5434193,0 75.9524884,24.544294,0 75.9527435,24.5476655,0 75.9532173,24.549415,0 75.9580102,24.5497794,0 75.9586116,24.5501439,0 75.9582836,24.5515654,0 75.9574635,24.5532602,0 75.9573359,24.5542626,0 75.9571537,24.5558845,0 75.9572084,24.5623358,0 75.9628578,24.5635386,0 75.9636232,24.5620806,0 75.9685073,24.5616979,0 75.9688171,24.5613335,0 75.9710222,24.5610054,0 75.9757057,24.5601671,0 75.9804622,24.5585634,0 75.9839065,24.557798,0 75.983943,24.5571784,0 75.9860023,24.5570144,0 75.9860752,24.5559574,0 75.987934,24.555684,0 75.9885354,24.5589643,0 75.9914513,24.5598391,0 75.9934012,24.5599302,0 75.9963171,24.5589643,0 75.9970643,24.5589826,0 75.9986133,24.5588368,0 75.9987044,24.5571055,0 76.0013469,24.5564859,0 76.0041899,24.5568504,0 76.0039712,24.5551191,0 76.0056113,24.5554289,0 76.0088917,24.5571237,0 76.0110603,24.5574518,0 76.0135206,24.5566317,0 76.0171289,24.5552102,0 76.021284,24.5526953,0 76.0261316,24.5507635,0 76.0271703,24.5507635,0 76.0284825,24.5545906,0 76.0303231,24.5538981,0 76.0323277,24.5581807,0 76.0342777,24.5622264,0 76.0373211,24.5616068,0 76.0373758,24.5625363,0 76.0407472,24.5620442,0 76.0413122,24.5629372,0 76.042843,24.5622993,0 76.044228,24.5665455,0 76.045613,24.5706824,0 76.0478728,24.5705184,0 76.0521737,24.5689693,0 76.0542877,24.5676936,0 76.0536863,24.5666184,0 76.0529209,24.5659077,0 76.0522466,24.5648325,0 76.0565198,24.5623372,0 76.0576512,24.5640785,0 76.0590806,24.5657801,0 76.0612401,24.5672927,0 76.0640557,24.5689511,0 76.0668258,24.5702085,0 76.0679101,24.5701721,0 76.0695138,24.5696801,0 76.0704068,24.5697256,0 76.0710629,24.5698896,0 76.072047,24.5703543,0 76.0737418,24.5718487,0 76.0745345,24.5732884,0 76.0750084,24.5754206,0 76.0752726,24.5777624,0 76.0748535,24.5793661,0 76.0739149,24.5815894,0 76.0714911,24.5892162,0 76.0704159,24.5918222,0 76.067172,24.5978908,0 76.0642562,24.6023375,0 76.0629987,24.6069482,0 76.0616866,24.6109574,0 76.0604656,24.6131261,0 76.0576955,24.6155681,0 76.0562559,24.6169167,0 76.0555633,24.6187938,0 76.0554358,24.6199237,0 76.0555816,24.6218372,0 76.0567115,24.6256278,0 76.0566021,24.6271768,0 76.055454,24.631259,0 76.05529,24.6328991,0 76.0553811,24.6353229,0 76.0560189,24.6370178,0 76.0568026,24.6381841,0 76.0614315,24.6418836,0 76.0622698,24.6440522,0 76.0627618,24.6479339,0 76.0627983,24.6527998,0 76.0623973,24.659087,0 76.0617231,24.6629688,0 76.061559,24.6668869,0 76.0621422,24.6694018,0 76.0633814,24.67137,0 76.0655683,24.6729191,0 76.0694136,24.6746321,0 76.0739514,24.6767097,0 76.0773228,24.67804,0 76.0796373,24.6790788,0 76.0836283,24.6819399,0 76.0865988,24.6842726,0 76.0878198,24.6852932,0 76.0910819,24.6873525,0 76.0931048,24.6880268,0 76.0947632,24.6883184,0 76.096458,24.6885735,0 76.0975879,24.6888286,0 76.0987178,24.6894665,0 76.0994832,24.6902136,0 76.1007224,24.6914711,0 76.0994103,24.6924916,0 76.0989183,24.6947332,0 76.0989911,24.6972663,0 76.0980435,24.6986514,0 76.0955286,24.7011298,0 76.0937426,24.7030433,0 76.0920296,24.7046471,0 76.0878381,24.7077816,0 76.0846853,24.709932,0 76.0837194,24.7109708,0 76.0830451,24.7122829,0 76.0820975,24.7117544,0 76.0756097,24.7149254,0 76.0685388,24.7184609,0 76.067737,24.7208482,0 76.0656959,24.7228346,0 76.0627436,24.7259874,0 76.0599918,24.7288668,0 76.0576409,24.7303247,0 76.0572582,24.7319831,0 76.0593904,24.7344251,0 76.0665706,24.7415142,0 76.0654225,24.7426988,0 76.0703977,24.7439745,0 76.0802204,24.7488585,0 76.0906628,24.7548542,0 76.0973328,24.7570411,0 76.1057523,24.7601392,0 76.1117844,24.7622167,0 76.1144451,24.7637475,0 76.1166867,24.7658068,0 76.1177801,24.7676475,0 76.1177619,24.7695974,0 76.11696,24.77111,0 76.1150651,24.7732432,0 76.1164497,24.7747742,0 76.1198941,24.7794019,0 76.1227006,24.7823178,0 76.1278398,24.7857257,0 76.131685,24.7888602,0 76.1345462,24.7910471,0 76.1366602,24.796897,0 76.1378265,24.7997217,0 76.1394849,24.79779,0 76.1430932,24.7964961,0 76.1450432,24.7964596,0 76.1464282,24.7962774,0 76.1499273,24.7955302,0 76.1522235,24.7962591,0 76.1497268,24.7916303,0 76.1466105,24.7888055,0 76.1407241,24.7806776,0 76.1400863,24.7760669,0 76.1386101,24.7684675,0 76.1392844,24.7643307,0 76.1398129,24.7598476,0 76.1412891,24.7567131,0 76.1410157,24.7531776,0 76.1498726,24.7469632,0 76.1526062,24.7449221,0 76.1545926,24.7440474,0 76.1571075,24.7452502,0 76.1616635,24.7461978,0 76.1651443,24.7472001,0 76.1693723,24.7482207,0 76.1717596,24.7498426,0 76.1735456,24.7505533,0 76.1756049,24.7508267,0 76.1782838,24.7511183,0 76.1810903,24.7522846,0 76.1848809,24.7532323,0 76.1885257,24.7549453,0 76.1928448,24.7568406,0 76.1966718,24.753779,0 76.2003531,24.7542528,0 76.201839,24.7543052,0 76.2038204,24.7576219,0 76.2080766,24.7629131,0 76.2130928,24.7691702,0 76.218717,24.7801194,0 76.2198317,24.7848577,0 76.220085,24.7943336,0 76.2230238,24.8024749,0 76.2261146,24.8119035,0 76.2266213,24.8158587,0 76.2254559,24.8193079,0 76.2224158,24.8254702,0 76.2212464,24.8289997,0 76.2290023,24.8287533,0 76.2297849,24.8296455,0 76.2354803,24.8290058,0 76.235653,24.8285703,0 76.2389333,24.828297,0 76.2393119,24.8292671,0 76.2426928,24.8285609,0 76.245273,24.8281383,0 76.2503848,24.8272177,0 76.2514488,24.8273097,0 76.2521582,24.8285053,0 76.2510435,24.8317242,0 76.2506381,24.8333336,0 76.2502835,24.8356328,0 76.2505368,24.8378859,0 76.2516515,24.8399091,0 76.2534756,24.8414264,0 76.2551476,24.8421621,0 76.2574277,24.8428518,0 76.2614812,24.842438,0 76.2686255,24.8421161,0 76.2680175,24.8366904,0 76.2673081,24.8290571,0 76.2654334,24.8241366,0 76.2674094,24.8212394,0 76.2674601,24.8200437,0 76.2671054,24.8184801,0 76.2664974,24.8158127,0 76.2660414,24.8135132,0 76.265484,24.8108457,0 76.265636,24.8084081,0 76.2681188,24.8079482,0 76.2715643,24.8074883,0 76.273591,24.8074883,0 76.2784552,24.8075343,0 76.2802792,24.8077182,0 76.2830153,24.8079942,0 76.2845861,24.8095119,0 76.2863595,24.8129153,0 76.2869675,24.8148929,0 76.2878289,24.8149849,0 76.2897036,24.8156288,0 76.2912743,24.8184801,0 76.2888928,24.8250104,0 76.2876768,24.8316323,0 76.2872209,24.835058,0 76.2909703,24.834966,0 76.2960625,24.834966,0 76.3007494,24.8342073,0 76.3027001,24.8341613,0 76.3053095,24.8341843,0 76.3057909,24.8353569,0 76.3041188,24.8360926,0 76.3026241,24.8366214,0 76.3013067,24.837564,0 76.3013321,24.8389664,0 76.3022441,24.8405068,0 76.3039161,24.8408976,0 76.3051322,24.8405068,0 76.3052335,24.8380698,0 76.308527,24.8371732,0 76.309667,24.8367133,0 76.3122511,24.8364834,0 76.3127071,24.8372651,0 76.3121498,24.8404378,0 76.3123778,24.8422541,0 76.3124791,24.8436105,0 76.3133658,24.8458175,0 76.3143032,24.8470819,0 76.3154179,24.8480474,0 76.3162539,24.8486221,0 76.3177233,24.848898,0 76.3189647,24.8485302,0 76.3205101,24.8475187,0 76.3213715,24.846898,0 76.3236769,24.8464842,0 76.3249436,24.8465301,0 76.3263623,24.8474957,0 76.3278317,24.8485072,0 76.3282624,24.8500245,0 76.3291998,24.8521854,0 76.3290477,24.8557025,0 76.3303145,24.856714,0 76.3309732,24.8573806,0 76.3312012,24.858346,0 76.3312012,24.8594494,0 76.3310998,24.8603689,0 76.3308465,24.8615182,0 76.3309732,24.8629664,0 76.3317332,24.8640237,0 76.3331266,24.8644834,0 76.334976,24.8639318,0 76.3365467,24.863564,0 76.3386494,24.863564,0 76.3401948,24.8638628,0 76.3419176,24.8643915,0 76.3433616,24.865173,0 76.3460977,24.8660005,0 76.3496192,24.8672417,0 76.3513926,24.8679083,0 76.3528366,24.8685978,0 76.354534,24.8697011,0 76.3571688,24.8702758,0 76.3598036,24.8705516,0 76.3612476,24.8696092,0 76.3639077,24.8670808,0 76.3666185,24.8637939,0 76.3685185,24.8625296,0 76.3714573,24.8627135,0 76.3736867,24.8626446,0 76.3761695,24.8610585,0 76.3765748,24.860162,0 76.3765495,24.8588747,0 76.3761948,24.8579783,0 76.3761188,24.8568749,0 76.3766255,24.8554726,0 76.3778162,24.8538405,0 76.3834658,24.8496796,0 76.3859739,24.846783,0 76.3862779,24.8448749,0 76.3877473,24.8426449,0 76.3908127,24.8407597,0 76.3935488,24.8380468,0 76.3975516,24.8363455,0 76.398717,24.8361616,0 76.3998064,24.8367363,0 76.4009464,24.8378859,0 76.4017571,24.8389894,0 76.4030998,24.8397711,0 76.4044932,24.8403919,0 76.4055066,24.842507,0 76.4106748,24.842461,0 76.4150323,24.8421391,0 76.415919,24.8420012,0 76.416983,24.8415184,0 76.417971,24.840139,0 76.4190858,24.8381388,0 76.4196431,24.8365754,0 76.4192124,24.8297929,0 76.4423679,24.8311724,0 76.4417794,24.8455252,0 76.4422861,24.8479161,0 76.4421848,24.8515024,0 76.4411207,24.854077,0 76.439702,24.8563758,0 76.43879,24.8584906,0 76.4387393,24.8602836,0 76.4419314,24.8606974,0 76.4481637,24.8610652,0 76.45698,24.8617548,0 76.4629083,24.8640074,0 76.4702806,24.8635017,0 76.4726874,24.863088,0 76.4760315,24.8624214,0 76.4782103,24.8618927,0 76.4811997,24.861364,0 76.4834292,24.8616398,0 76.4864946,24.8635707,0 76.4870773,24.8676851,0 76.4854052,24.8706272,0 76.4827451,24.8734543,0 76.4807944,24.876764,0 76.486824,24.8770858,0 76.4900668,24.8774995,0 76.4904721,24.8794761,0 76.4895601,24.8814756,0 76.4887747,24.8829925,0 76.4884454,24.8843254,0 76.4890281,24.8857733,0 76.4902694,24.8868765,0 76.4931069,24.8861181,0 76.495387,24.8851528,0 76.4974137,24.8844863,0 76.4995672,24.883636,0 76.5006819,24.8835211,0 76.5022273,24.8852218,0 76.5034433,24.8896113,0 76.5044693,24.8928516,0 76.5062371,24.8967904,0 76.5046868,24.8990883,0 76.5007386,24.9015406,0 76.4982924,24.9024748,0 76.4942154,24.9021245,0 76.4904818,24.9010346,0 76.4864907,24.8999057,0 76.4831003,24.9017741,0 76.4804825,24.9064062,0 76.4794525,24.9104153,0 76.4754614,24.9187446,0 76.4717706,24.9274624,0 76.469314,24.9322278,0 76.4635225,24.9340231,0 76.4617538,24.9343895,0 76.4554023,24.9340003,0 76.4501666,24.9326772,0 76.4457893,24.9325215,0 76.4433002,24.9337668,0 76.4420985,24.9366465,0 76.4425277,24.9392927,0 76.4439868,24.9423279,0 76.4457893,24.9451296,0 76.4443301,24.9507328,0 76.4397811,24.9573473,0 76.4360046,24.9634168,0 76.4304256,24.9669961,0 76.4237308,24.9698751,0 76.4177226,24.9750103,0 76.4093112,24.9790561,0 76.4045064,24.9810792,0 76.3983772,24.966133,0 76.3897704,24.9679143,0 76.3943655,24.9838149,0 76.388536,24.9850051,0 76.3811432,24.9840561,0 76.3726451,24.9822028,0 76.3665247,24.9823626,0 76.3634777,24.9835685,0 76.3575124,24.9866804,0 76.3504314,24.9877696,0 76.3456249,24.9873417,0 76.341033,24.9837824,0 76.3357329,24.9783169,0 76.3326216,24.9743878,0 76.32936,24.9679298,0 76.3238238,24.9635725,0 76.3161849,24.958748,0 76.307001,24.9585924,0 76.2991046,24.9612381,0 76.2966155,24.9644284,0 76.2931823,24.9690192,0 76.285715,24.9830239,0 76.2749862,25.0001387,0 76.2653731,25.0142177,0 76.2634849,25.0205177,0 76.2601375,25.0253397,0 76.2508678,25.0335056,0 76.243658,25.0417487,0 76.2331866,25.0557452,0 76.2234878,25.0716059,0 76.2173938,25.0862209,0 76.2131023,25.1015336,0 76.207695,25.1131917,0 76.2029314,25.1178546,0 76.1987257,25.1226339,0 76.1984629,25.123836,0 76.1986512,25.1251247,0 76.2008232,25.1333198,0 76.2009829,25.1453319,0 76.2097549,25.1577155,0 76.2206954,25.1594531,0 76.2294959,25.1590362,0 76.2350749,25.1629983,0 76.2373065,25.1736407,0 76.2417697,25.1776799,0 76.2482928,25.1838939,0 76.2488078,25.1893308,0 76.2450313,25.1943015,0 76.245117,25.1993497,0 76.2485502,25.2128622,0 76.2439155,25.2289354,0 76.2448167,25.2348361,0 76.2476062,25.2389898,0 76.2506961,25.241513,0 76.2552881,25.2426387,0 76.2638282,25.242794,0 76.2767028,25.2435703,0 76.2830972,25.2468309,0 76.2864017,25.2523815,0 76.2870884,25.2572331,0 76.2863159,25.2646849,0 76.2882042,25.2713213,0 76.2931823,25.2797812,0 76.2998342,25.2883569,0 76.3020229,25.2946428,0 76.3018608,25.2960343,0 76.3012761,25.3008651,0 76.3013505,25.3038524,0 76.3023413,25.3079943,0 76.3022435,25.3114336,0 76.3015446,25.3180965,0 76.3014599,25.3203998,0 76.3017332,25.3230423,0 76.3022417,25.3253752,0 76.3030818,25.3300039,0 76.3037197,25.3318263,0 76.3043939,25.3343776,0 76.3062346,25.3365099,0 76.3084943,25.338478,0 76.3117564,25.3409747,0 76.3130686,25.3425785,0 76.3130321,25.3439817,0 76.3152554,25.3471345,0 76.3162213,25.3492667,0 76.3166587,25.3528932,0 76.3171872,25.3560278,0 76.3178797,25.3589072,0 76.3182442,25.3622968,0 76.3185175,25.363937,0 76.3188456,25.3659234,0 76.3194652,25.370443,0 76.3199548,25.3727796,0 76.3202124,25.3744705,0 76.320996,25.3765844,0 76.3200119,25.3773134,0 76.3210325,25.3790811,0 76.3221806,25.3805755,0 76.3232758,25.3818364,0 76.3249412,25.3820049,0 76.3260167,25.3816963,0 76.3269553,25.3816325,0 76.3279758,25.3819514,0 76.3287868,25.382653,0 76.3298073,25.3834002,0 76.3313655,25.3841018,0 76.3332608,25.3844117,0 76.3340991,25.3835733,0 76.3346731,25.3829537,0 76.3357575,25.380776,0 76.3364317,25.3795185,0 76.3380537,25.3788624,0 76.33922,25.3786255,0 76.3402041,25.3785344,0 76.3406962,25.3786073,0 76.3417167,25.378334,0 76.3425003,25.3784433,0 76.3432111,25.3788807,0 76.3442681,25.3795914,0 76.344833,25.3805573,0 76.3463638,25.3808489,0 76.3475302,25.3824161,0 76.3490428,25.3840198,0 76.3512114,25.3866805,0 76.3536717,25.3899791,0 76.3545282,25.3914735,0 76.3576627,25.3926762,0 76.3657542,25.3947356,0 76.3669023,25.3938608,0 76.3682509,25.3938061,0 76.3679775,25.3933323,0 76.3700915,25.3922024,0 76.3695812,25.3903618,0 76.3709662,25.3898151,0 76.3706018,25.388667,0 76.3747204,25.3870997,0 76.3747022,25.3863525,0 76.3757592,25.3859334,0 76.3760325,25.385496,0 76.3774358,25.3854778,0 76.3780189,25.3842568,0 76.3794404,25.3842932,0 76.3794951,25.384603,0 76.3804427,25.3847306,0 76.3822651,25.3850222,0 76.3830852,25.3879745,0 76.3839964,25.3877922,0 76.3849623,25.3899426,0 76.3841604,25.3903618,0 76.3853268,25.3925669,0 76.3862197,25.3928949,0 76.3870034,25.3929861,0 76.387787,25.3926945,0 76.3885524,25.3925669,0 76.3889169,25.3916193,0 76.3902837,25.3923847,0 76.3915047,25.3912912,0 76.3927439,25.3921295,0 76.3940014,25.3921478,0 76.394785,25.3918926,0 76.3959514,25.3918197,0 76.3976644,25.392166,0 76.3999424,25.392002,0 76.4013457,25.392494,0 76.4029129,25.3920931,0 76.40479,25.3920384,0 76.4049176,25.3902889,0 76.4054278,25.3895417,0 76.4059563,25.3884301,0 76.4062661,25.3872819,0 76.4073231,25.3867717,0 76.4085806,25.386717,0 76.4097287,25.3865712,0 76.4104941,25.3864983,0 76.411296,25.3839834,0 76.413009,25.3839652,0 76.4136833,25.3868263,0 76.4150866,25.386881,0 76.4160889,25.3863343,0 76.4166903,25.3856053,0 76.4177837,25.3851862,0 76.4195332,25.3846577,0 76.4204991,25.3841474,0 76.4210823,25.3844937,0 76.421957,25.3839105,0 76.4232691,25.3850404,0 76.4236701,25.386553,0 76.4241439,25.3869721,0 76.4282261,25.3853502,0 76.4282261,25.3844754,0 76.4315064,25.3844937,0 76.4369554,25.3844208,0 76.4379941,25.3845848,0 76.4381764,25.3873731,0 76.4401081,25.3875553,0 76.4401081,25.3897422,0 76.4386502,25.3894324,0 76.4378666,25.3913459,0 76.4372652,25.3928949,0 76.4369736,25.3944258,0 76.4369554,25.3959748,0 76.4367002,25.3979065,0 76.4369371,25.40177,0 76.4372105,25.4034284,0 76.4376843,25.4038476,0 76.4391423,25.4040663,0 76.4397072,25.4045947,0 76.4401081,25.4056153,0 76.4404908,25.4061438,0 76.4411104,25.4068545,0 76.4413656,25.4073101,0 76.4416389,25.407948,0 76.4455024,25.4074559,0 76.4474706,25.4076746,0 76.4533752,25.4075835,0 76.4553252,25.4078751,0 76.4574574,25.4082031,0 76.4599723,25.4088774,0 76.4609928,25.4093694,0 76.4618494,25.4096246,0 76.4621774,25.4092965,0 76.4625783,25.409497,0 76.4623596,25.4104993,0 76.4628881,25.4106087,0 76.4630157,25.4114105,0 76.4652026,25.4122124,0 76.4674077,25.4122488,0 76.4713258,25.411283,0 76.472638,25.4105176,0 76.4737314,25.4101348,0 76.4752805,25.4111189,0 76.475572,25.412832,0 76.475572,25.4135427,0 76.4762281,25.4138525,0 76.477358,25.4134881,0 76.4784332,25.4133605,0 76.4810028,25.412996,0 76.4860326,25.417224,0 76.4902059,25.414946,0 76.4903882,25.4158572,0 76.490862,25.4166044,0 76.4911171,25.4170782,0 76.4910989,25.4178436,0 76.4909896,25.4184268,0 76.4908073,25.4191922,0 76.4907344,25.4197389,0 76.4902606,25.4206865,0 76.4905886,25.4216889,0 76.4914269,25.4228734,0 76.4916456,25.4240215,0 76.492812,25.4251697,0 76.4925568,25.4268827,0 76.4922835,25.4274294,0 76.4916638,25.4279033,0 76.4913905,25.4283406,0 76.4913358,25.4295799,0 76.4955273,25.4304728,0 76.4986254,25.4294887,0 76.502981,25.4289967,0 76.5060973,25.428614,0 76.5106715,25.4279215,0 76.5100519,25.4256435,0 76.5124939,25.4242585,0 76.511856,25.4197753,0 76.5163391,25.4194838,0 76.5207311,25.4169871,0 76.52259,25.4201763,0 76.5261254,25.4187548,0 76.5266904,25.4191375,0 76.5272736,25.420723,0 76.5275834,25.4240762,0 76.5342533,25.424951,0 76.5352192,25.4206683,0 76.5356019,25.4204861,0 76.5354197,25.4200852,0 76.5349276,25.4196842,0 76.5351828,25.4194109,0 76.5361122,25.4193562,0 76.5366043,25.4198209,0 76.5367318,25.4200122,0 76.5370507,25.4198391,0 76.5370234,25.4194838,0 76.5370507,25.4190646,0 76.5372785,25.4191284,0 76.5374972,25.4193744,0 76.5379346,25.4195658,0 76.5379893,25.4193288,0 76.5380348,25.4189188,0 76.5380986,25.4185999,0 76.5384904,25.4187092,0 76.5388549,25.418855,0 76.5392103,25.4188186,0 76.5397661,25.418773,0 76.5401944,25.4187548,0 76.5407593,25.4188368,0 76.5408869,25.4193562,0 76.5407958,25.4201854,0 76.5409416,25.420969,0 76.5412787,25.4213699,0 76.5419074,25.4217344,0 76.5425635,25.4219713,0 76.5435203,25.4213153,0 76.544878,25.4198482,0 76.5456707,25.4193015,0 76.546181,25.4191648,0 76.5470739,25.4192286,0 76.5480489,25.4197298,0 76.5485136,25.4203129,0 76.5488143,25.4207777,0 76.5488417,25.4210146,0 76.5497164,25.420846,0 76.5510286,25.4208232,0 76.5513657,25.4211968,0 76.5526869,25.4210237,0 76.5526961,25.4189644,0 76.5592202,25.417388,0 76.5582635,25.4137341,0 76.560988,25.413643,0 76.562701,25.4135792,0 76.5638856,25.4130871,0 76.5648241,25.4124948,0 76.5658356,25.4121121,0 76.5686694,25.4116474,0 76.5706376,25.4111827,0 76.5713757,25.4104902,0 76.5717401,25.4093877,0 76.5726878,25.4068636,0 76.5742733,25.4067452,0 76.5751025,25.4067634,0 76.5754123,25.4068181,0 76.5756856,25.4073283,0 76.5756401,25.4079297,0 76.5755307,25.4086678,0 76.5754123,25.4096792,0 76.5754852,25.4118752,0 76.5747107,25.4121577,0 76.5744555,25.4134516,0 76.5748473,25.4147728,0 76.5748747,25.416413,0 76.5757494,25.4165315,0 76.5756765,25.4187821,0 76.5755216,25.420477,0 76.5755034,25.4215248,0 76.5746013,25.4218529,0 76.5737903,25.4223358,0 76.5730796,25.4235021,0 76.5725784,25.4251696,0 76.5721502,25.4282039,0 76.5718313,25.4319216,0 76.5714759,25.4345459,0 76.5714394,25.4354753,0 76.5723703,25.4383309,0 76.5719527,25.4384759,0 76.5712736,25.4387116,0 76.5711627,25.4387501,0 76.5704298,25.4390703,0 76.5704188,25.4390751,0 76.5675291,25.4403373,0 76.5660913,25.4417972,0 76.5651384,25.4431964,0 76.5641836,25.4445983,0 76.5622289,25.4476165,0 76.5612361,25.4485164,0 76.5585296,25.449922,0 76.5570205,25.4508815,0 76.5559762,25.4520301,0 76.5551895,25.453492,0 76.555187,25.4544581,0 76.5554944,25.4555473,0 76.5555717,25.4557003,0 76.5558008,25.4561538,0 76.5566654,25.457865,0 76.5568465,25.4582234,0 76.5569757,25.4587172,0 76.557155,25.4594029,0 76.5571524,25.4607436,0 76.5567574,25.4636685,0 76.5575817,25.4662825,0 76.5579748,25.4686167,0 76.5580742,25.4705432,0 76.5579699,25.4720972,0 76.5576797,25.4734997,0 76.5570968,25.4749639,0 76.5565508,25.4762746,0 76.5565131,25.476365,0 76.5559805,25.4782576,0 76.5556704,25.4804413,0 76.555464,25.4825651,0 76.5549819,25.4833602,0 76.5532237,25.4848387,0 76.5530138,25.4850152,0 76.5520535,25.4857567,0 76.5508547,25.4869069,0 76.5495821,25.4881212,0 76.5484711,25.4895233,0 76.5476456,25.4907012,0 76.5469625,25.4917286,0 76.5462723,25.4925981,0 76.5447819,25.4946813,0 76.5440233,25.4956463,0 76.543202,25.4967654,0 76.5425345,25.4977387,0 76.5423475,25.4980113,0 76.5413499,25.4993535,0 76.5408315,25.5000003,0 76.5398228,25.5005161,0 76.5393007,25.5009188,0 76.5385442,25.5016671,0 76.5377269,25.5027184,0 76.5374755,25.5032853,0 76.537385,25.5039905,0 76.5373741,25.5050921,0 76.5374059,25.5056289,0 76.5375184,25.5062643,0 76.537636,25.5069086,0 76.5377613,25.5077604,0 76.5378049,25.5084507,0 76.5377474,25.509011,0 76.5375129,25.5097358,0 76.5368067,25.5109259,0 76.5366332,25.5111759,0 76.5362458,25.5117341,0 76.535478,25.5128403,0 76.5349005,25.5135867,0 76.5343088,25.5143964,0 76.5339838,25.5146571,0 76.5337119,25.5147863,0 76.5328149,25.5150576,0 76.5315734,25.515233,0 76.5303933,25.5155343,0 76.5293789,25.5159692,0 76.5269924,25.5172581,0 76.5258074,25.5179656,0 76.5249636,25.5185116,0 76.5239544,25.5193527,0 76.5232847,25.5199014,0 76.5209021,25.5219034,0 76.5202675,25.5224742,0 76.5201549,25.5225787,0 76.5195594,25.5231316,0 76.5188474,25.5238793,0 76.5182342,25.5245718,0 76.5172191,25.525747,0 76.5166139,25.5266742,0 76.5164209,25.5271547,0 76.5162932,25.5276797,0 76.5163179,25.5284559,0 76.516438,25.5293078,0 76.5166711,25.5304339,0 76.5169359,25.5317042,0 76.5170584,25.5323485,0 76.5172066,25.5330557,0 76.5174487,25.5337122,0 76.5178337,25.5346517,0 76.518491,25.53627,0 76.5190458,25.5372619,0 76.5193197,25.5380671,0 76.5196687,25.5393095,0 76.5197337,25.5397331,0 76.5198852,25.5410903,0 76.5199551,25.5426876,0 76.5200614,25.5455937,0 76.5200513,25.5463747,0 76.5200407,25.5465147,0 76.5199831,25.5472738,0 76.5197688,25.5480389,0 76.5192676,25.5493307,0 76.5186857,25.550542,0 76.5182368,25.5516436,0 76.5175931,25.5534785,0 76.5170132,25.5552496,0 76.5167585,25.5563582,0 76.5164145,25.5574994,0 76.5156515,25.5593491,0 76.5152848,25.5602602,0 76.5147444,25.561611,0 76.5145022,25.5621417,0 76.5141495,25.562985,0 76.5139094,25.5634289,0 76.5136534,25.563902,0 76.5132347,25.5646421,0 76.512614,25.5655469,0 76.5118325,25.5663314,0 76.5113589,25.5666613,0 76.5112456,25.5667631,0 76.5107437,25.5672139,0 76.5104398,25.5675872,0 76.5098629,25.5684147,0 76.508998,25.5696876,0 76.5083842,25.5707503,0 76.5076096,25.5720854,0 76.5060864,25.5740648,0 76.5055193,25.5748832,0 76.5050613,25.5756734,0 76.5048142,25.5762131,0 76.5043627,25.5775224,0 76.5040575,25.5785909,0 76.5037587,25.5797721,0 76.5034089,25.5816536,0 76.5033074,25.5826884,0 76.5033172,25.5834738,0 76.5034036,25.5840191,0 76.5035559,25.5846541,0 76.5038366,25.5856037,0 76.5043023,25.5870164,0 76.5047616,25.5883208,0 76.5053809,25.5896777,0 76.5057534,25.5904051,0 76.5063615,25.5916629,0 76.5074074,25.5936925,0 76.5075084,25.5939379,0 76.5076847,25.5943668,0 76.5078722,25.5950239,0 76.5081141,25.5956579,0 76.5084053,25.5962553,0 76.5087153,25.5967622,0 76.508994,25.5971475,0 76.5096809,25.597935,0 76.510402,25.5986723,0 76.5107614,25.5991381,0 76.5110054,25.5995419,0 76.5111641,25.5998878,0 76.5114384,25.6007246,0 76.5119356,25.6030488,0 76.5123006,25.6055459,0 76.5124378,25.6069529,0 76.5124232,25.6076696,0 76.512364,25.6105876,0 76.5122856,25.6122677,0 76.5120827,25.614739,0 76.5119963,25.6154584,0 76.5119475,25.6158644,0 76.5118037,25.6167011,0 76.5114446,25.6178423,0 76.5111828,25.6187975,0 76.5109731,25.6199418,0 76.510813,25.6206702,0 76.5106365,25.621286,0 76.5104156,25.6223265,0 76.5102994,25.623384,0 76.510278,25.6248469,0 76.5101005,25.6253859,0 76.5098248,25.6260252,0 76.5097216,25.6265319,0 76.5097116,25.6273175,0 76.5098422,25.6286026,0 76.5099282,25.6294956,0 76.5099214,25.629683,0 76.5098764,25.6309226,0 76.5097965,25.6312981,0 76.5096509,25.631602,0 76.5092965,25.6319307,0 76.5081685,25.6329084,0 76.5068309,25.6344825,0 76.5063381,25.6350625,0 76.5060634,25.6355247,0 76.5060601,25.6355303,0 76.5059041,25.6360744,0 76.5058693,25.6361959,0 76.5058339,25.6369501,0 76.5058701,25.6374553,0 76.5057614,25.6379214,0 76.5055894,25.6381037,0 76.505391,25.6381645,0 76.5051917,25.6381575,0 76.5048666,25.6380435,0 76.504401,25.6378496,0 76.5035816,25.6376278,0 76.503088,25.6375833,0 76.5022668,25.6376233,0 76.501439,25.6379252,0 76.4999952,25.6386465,0 76.498943,25.6394361,0 76.4981308,25.6406046,0 76.4978382,25.6410996,0 76.4975497,25.6415224,0 76.4973393,25.6422197,0 76.4971812,25.6431242,0 76.4969812,25.644652,0 76.4969734,25.6452254,0 76.4969725,25.6455504,0 76.496971,25.6458258,0 76.4969736,25.6460335,0 76.4969603,25.6460631,0 76.4968476,25.6463146,0 76.4967066,25.646587,0 76.4966147,25.6468136,0 76.4965831,25.6470712,0 76.4965822,25.6473962,0 76.4965819,25.6481727,0 76.4966295,25.6491969,0 76.4967638,25.6503737,0 76.4968487,25.6516008,0 76.4970125,25.6527412,0 76.4972633,25.6536911,0 76.497582,25.654884,0 76.4979455,25.6560675,0 76.4981732,25.6567514,0 76.4984976,25.6576103,0 76.498676,25.6579334,0 76.4988331,25.6581439,0 76.4992553,25.6588529,0 76.4999955,25.660113,0 76.5009086,25.6616075,0 76.5016837,25.6630441,0 76.5027405,25.6650213,0 76.5028211,25.6651721,0 76.5031688,25.6658863,0 76.5034972,25.6666549,0 76.503685,25.6673346,0 76.5039978,25.6684418,0 76.5041993,25.6694193,0 76.5042829,25.6702143,0 76.5042898,25.6702806,0 76.5042698,25.6710663,0 76.5041983,25.6717215,0 76.5040328,25.6724184,0 76.5038383,25.6732014,0 76.5033114,25.6744753,0 76.5029121,25.6752062,0 76.5022877,25.6758672,0 76.5011295,25.6768632,0 76.5002691,25.6773731,0 76.4999959,25.6775165,0 76.4989131,25.6780822,0 76.4982419,25.6781794,0 76.4974115,25.6782962,0 76.4963967,25.678424,0 76.4953467,25.678507,0 76.4941666,25.6785506,0 76.4931517,25.6786559,0 76.4924712,25.6787792,0 76.4921228,25.6788424,0 76.4914376,25.6790209,0 76.4900636,25.6794954,0 76.4882582,25.6801323,0 76.4870134,25.6805829,0 76.4855496,25.6810886,0 76.4852227,25.6812015,0 76.4833913,25.6817574,0 76.4824243,25.6821147,0 76.4811708,25.6826692,0 76.4803911,25.683264,0 76.4794511,25.6842034,0 76.4787702,25.6851403,0 76.4781241,25.6860677,0 76.4773623,25.6873213,0 76.4764375,25.6890822,0 76.4755632,25.6909057,0 76.4746417,25.6933482,0 76.473863,25.6952566,0 76.473335,25.6964762,0 76.472916,25.6976542,0 76.4725005,25.6995181,0 76.4721801,25.7014264,0 76.4720423,25.702782,0 76.4719918,25.7039382,0 76.4720642,25.7049667,0 76.4722044,25.7062292,0 76.4724584,25.707441,0 76.4729279,25.7087409,0 76.4734258,25.7099185,0 76.4742665,25.7114222,0 76.4752153,25.712803,0 76.4761365,25.7139584,0 76.4773209,25.7150478,0 76.4784922,25.715871,0 76.479675,25.716816,0 76.4808757,25.7176074,0 76.4816087,25.7180513,0 76.4824827,25.7183362,0 76.4826295,25.718384,0 76.4842699,25.7188639,0 76.4856397,25.7192201,0 76.4872331,25.7195108,0 76.4883217,25.7196983,0 76.4886414,25.7198219,0 76.489198,25.720037,0 76.4900796,25.7203981,0 76.4909574,25.7207767,0 76.4910916,25.7208346,0 76.4922976,25.7216303,0 76.492338,25.7216636,0 76.4931788,25.722357,0 76.4939851,25.7230756,0 76.4946187,25.7237565,0 76.4950711,25.7242427,0 76.4963516,25.7254212,0 76.4976466,25.72655,0 76.4982013,25.7270725,0 76.4988665,25.7276614,0 76.4991798,25.7280013,0 76.4996799,25.7285379,0 76.499998,25.728911,0 76.5002716,25.729227,0 76.5008695,25.7296136,0 76.5013972,25.7299693,0 76.502058,25.7302017,0 76.5027419,25.730294,0 76.5033202,25.7303106,0 76.5040036,25.7303577,0 76.5050943,25.7302967,0 76.5060309,25.730269,0 76.5072402,25.7301301,0 76.5089522,25.7299454,0 76.5099587,25.7299304,0 76.5110296,25.7298832,0 76.5119428,25.729973,0 76.5130347,25.7300114,0 76.5136732,25.7300544,0 76.5147021,25.7298451,0 76.5162277,25.7294951,0 76.5175588,25.7291382,0 76.5183346,25.7290128,0 76.5191999,25.7288638,0 76.5203198,25.7287528,0 76.5204392,25.7287609,0 76.5213024,25.7288193,0 76.5220458,25.7288838,0 76.5223709,25.7289797,0 76.5224357,25.7290048,0 76.5228016,25.7291467,0 76.5233944,25.7295152,0 76.5237672,25.7298318,0 76.5239812,25.7301952,0 76.5241696,25.7309019,0 76.5242459,25.731804,0 76.5241935,25.732775,0 76.5242069,25.7329057,0 76.5242732,25.7335551,0 76.5242819,25.7342322,0 76.5241452,25.7348475,0 76.5237106,25.7355517,0 76.5233328,25.7360161,0 76.5231172,25.7363118,0 76.5230363,25.7366061,0 76.523007,25.7370488,0 76.5229524,25.7374601,0 76.5231708,25.7377783,0 76.5235764,25.7383203,0 76.5243851,25.7392011,0 76.5248966,25.7398367,0 76.5253041,25.7405231,0 76.5253032,25.7412319,0 76.5252201,25.7417473,0 76.5248879,25.7426627,0 76.5244843,25.7438451,0 76.5241768,25.7447511,0 76.5238245,25.7456531,0 76.5232657,25.7467784,0 76.522799,25.7477042,0 76.5223763,25.7485663,0 76.5219809,25.7492204,0 76.521655,25.7498513,0 76.5215708,25.750002,0 76.5215573,25.7503985,0 76.5214232,25.7508243,0 76.5210701,25.7516766,0 76.5208762,25.7521075,0 76.5207434,25.7522488,0 76.5206202,25.7523539,0 76.5204517,25.7524279,0 76.5201436,25.7525078,0 76.5199199,25.7525599,0 76.5197011,25.7525892,0 76.5194483,25.7527047,0 76.5189401,25.7531118,0 76.517935,25.7540386,0 76.5176944,25.75433,0 76.5175181,25.7545801,0 76.5174116,25.754825,0 76.5173491,25.7550062,0 76.5173455,25.755015,0 76.5172572,25.7552283,0 76.5171828,25.755649,0 76.5171922,25.7559919,0 76.5172282,25.7560819,0 76.5173104,25.7562706,0 76.5174897,25.7566524,0 76.5178034,25.7573179,0 76.5178073,25.7573262,0 76.517944,25.75788,0 76.5179964,25.7580871,0 76.517994,25.7582903,0 76.5179716,25.7584891,0 76.5179389,25.758661,0 76.5178723,25.7589145,0 76.5177089,25.7593902,0 76.5173674,25.7603688,0 76.5173173,25.7607394,0 76.5171967,25.7614449,0 76.5171585,25.7619161,0 76.5171234,25.7623485,0 76.5171125,25.7626601,0 76.5171105,25.7629039,0 76.5172141,25.7632052,0 76.5173634,25.7635873,0 76.5176144,25.7641129,0 76.517779,25.7645039,0 76.5178068,25.7646383,0 76.5178639,25.7649137,0 76.517889,25.765717,0 76.517922,25.7663441,0 76.5178998,25.7665565,0 76.5178967,25.7667055,0 76.5178993,25.7669177,0 76.5178871,25.7671299,0 76.5178506,25.7673966,0 76.5178091,25.7676589,0 76.517628,25.7683153,0 76.517543,25.7686864,0 76.5172885,25.7694519,0 76.5169649,25.7706606,0 76.516795,25.7714162,0 76.5167364,25.7717886,0 76.5166612,25.7722662,0 76.5161696,25.773594,0 76.5158959,25.7744183,0 76.5156502,25.7754863,0 76.5156031,25.7757561,0 76.515483,25.776445,0 76.5155087,25.7769052,0 76.5155045,25.7769498,0 76.5154911,25.7770904,0 76.5154945,25.7773612,0 76.5155049,25.7777855,0 76.5156476,25.778425,0 76.515886,25.7791402,0 76.5161756,25.7799543,0 76.5163313,25.7804311,0 76.5164759,25.7808268,0 76.5167533,25.7814695,0 76.5171693,25.7824176,0 76.5175585,25.7832306,0 76.5180586,25.7845209,0 76.5183027,25.7852858,0 76.5186169,25.7860815,0 76.518701,25.7864146,0 76.5187284,25.7865218,0 76.5188426,25.7869684,0 76.5188603,25.7871675,0 76.5188659,25.7872299,0 76.5188842,25.7874961,0 76.5189797,25.787942,0 76.5191216,25.7885093,0 76.5192419,25.7889504,0 76.5193963,25.7893325,0 76.5195724,25.7898498,0 76.5200117,25.791064,0 76.5204332,25.7920527,0 76.5205162,25.7922727,0 76.5206654,25.7926686,0 76.52081,25.7930554,0 76.5209082,25.7933252,0 76.5210114,25.7935995,0 76.5211642,25.7938507,0 76.5213218,25.7940882,0 76.5216727,25.7946217,0 76.5221617,25.7954292,0 76.5229764,25.7967816,0 76.523094,25.7969767,0 76.523569,25.797861,0 76.5240883,25.7990834,0 76.5245073,25.7998735,0 76.5247913,25.8006334,0 76.5253816,25.8019453,0 76.5259716,25.8032392,0 76.526111,25.8035585,0 76.5265779,25.8046277,0 76.5269617,25.8053955,0 76.5275656,25.8066034,0 76.5281191,25.8077668,0 76.5283843,25.8082244,0 76.5286395,25.8086732,0 76.5288952,25.8091715,0 76.5291701,25.8096109,0 76.5296027,25.8102881,0 76.5297869,25.8106518,0 76.5301385,25.8112394,0 76.530455,25.8118354,0 76.530527,25.811971,0 76.5309141,25.8126035,0 76.531269,25.8130511,0 76.5314477,25.8133743,0 76.5316737,25.813882,0 76.5320168,25.814578,0 76.5326001,25.815732,0 76.5330688,25.8164944,0 76.5337314,25.8176024,0 76.5339662,25.8180198,0 76.5342615,25.8184906,0 76.5345404,25.8188487,0 76.5347342,25.8191717,0 76.5350928,25.8195201,0 76.5354459,25.8198323,0 76.5357289,25.8201182,0 76.536323,25.8205543,0 76.5370832,25.8211015,0 76.5374601,25.821378,0 76.5386844,25.8222762,0 76.5401102,25.8233806,0 76.5408904,25.8239275,0 76.5422047,25.8249022,0 76.5423759,25.8250325,0 76.5433633,25.8257837,0 76.5451004,25.8270427,0 76.5456183,25.8273667,0 76.5471135,25.8284296,0 76.5483203,25.8291842,0 76.5489645,25.8296197,0 76.5499499,25.8302186,0 76.5511916,25.8309636,0 76.5523131,25.8316649,0 76.5535015,25.8325324,0 76.5541058,25.8329728,0 76.5545603,25.8333967,0 76.5547988,25.8336252,0 76.5552825,25.8340887,0 76.5561063,25.8349015,0 76.556547,25.8354158,0 76.5572101,25.836158,0 76.5576257,25.8366591,0 76.5581584,25.8373486,0 76.558422,25.8376662,0 76.5590354,25.8384135,0 76.5594257,25.8388923,0 76.560585,25.8405591,0 76.5612102,25.8414597,0 76.5617083,25.8421539,0 76.5618297,25.8422836,0 76.5622116,25.8428798,0 76.562567,25.8433454,0 76.5629729,25.8438691,0 76.5635771,25.8446752,0 76.5642319,25.8455348,0 76.5649277,25.8464708,0 76.5651736,25.8467961,0 76.5654557,25.8471692,0 76.5655623,25.8473337,0 76.5658478,25.8477744,0 76.5660218,25.8481111,0 76.5660056,25.8481162,0 76.5661438,25.8486605,0 76.5567975,25.846437,0 76.5506782,25.8429518,0 76.5493428,25.8415336,0 76.5485956,25.8397658,0 76.5477573,25.8387453,0 76.5466092,25.8384901,0 76.545534,25.8385813,0 76.5404313,25.8396565,0 76.5385633,25.8399845,0 76.5338707,25.8418434,0 76.5330688,25.8423354,0 76.5323945,25.8429277,0 76.5317202,25.8434471,0 76.5307543,25.8435564,0 76.5300801,25.8434653,0 76.5266448,25.8427454,0 76.522754,25.8420621,0 76.5211867,25.8418069,0 76.5190727,25.8411144,0 76.5158653,25.8408593,0 76.5136238,25.8406588,0 76.5123845,25.8396565,0 76.5117467,25.8390551,0 76.5115098,25.8389093,0 76.5086851,25.8386542,0 76.5037828,25.8402397,0 76.5011403,25.8412966,0 76.498188,25.8433377,0 76.4951264,25.844741,0 76.4927573,25.845634,0 76.4906615,25.845634,0 76.4882742,25.8452148,0 76.4858139,25.8447592,0 76.483463,25.8440485,0 76.480693,25.8427363,0 76.477805,25.8412318,0 76.4753886,25.8386354,0 76.4745879,25.8369047,0 76.4733305,25.8334239,0 76.4734216,25.8316379,0 76.4737679,25.8297426,0 76.4754809,25.8268268,0 76.4778136,25.8227082,0 76.4786883,25.819683,0 76.4788341,25.8179152,0 76.4785243,25.8164391,0 76.4773762,25.8148536,0 76.4753351,25.8123751,0 76.4686105,25.8052131,0 76.4657675,25.8008758,0 76.4636535,25.7980511,0 76.4588242,25.7930212,0 76.4546509,25.7876634,0 76.4493841,25.7809387,0 76.4460674,25.7777131,0 76.4427688,25.7745968,0 76.4389053,25.7721001,0 76.435133,25.7702048,0 76.4316886,25.7692936,0 76.4279892,25.7688927,0 76.4203533,25.7688927,0 76.4109315,25.7694212,0 76.4074325,25.7694029,0 76.4052274,25.7686193,0 76.4030223,25.7670885,0 76.4012545,25.7653025,0 76.3994504,25.7632979,0 76.3979378,25.7603092,0 76.3964434,25.7579947,0 76.3950037,25.7563181,0 76.3926164,25.7551153,0 76.3885889,25.7540583,0 76.3821922,25.753384,0 76.3775998,25.7525822,0 76.3714583,25.7521266,0 76.3684878,25.7511243,0 76.3663373,25.7498304,0 76.3641869,25.7478622,0 76.3612711,25.7455113,0 76.3580454,25.7426683,0 76.3563224,25.7410652,0 76.3559892,25.7401711,0 76.3530077,25.7354627,0 76.3514877,25.7276119,0 76.3479409,25.7160629,0 76.3406952,25.7060651,0 76.3366417,25.7022757,0 76.3332976,25.7006778,0 76.3315242,25.7004951,0 76.3285854,25.7008604,0 76.3246332,25.7016822,0 76.3216438,25.7028692,0 76.317641,25.7045128,0 76.311814,25.7057911,0 76.3073045,25.7051063,0 76.3025417,25.7031432,0 76.2985388,25.7002212,0 76.2944853,25.6958838,0 76.2918506,25.6918658,0 76.2922052,25.6860212,0 76.2939533,25.6775735,0 76.2954734,25.672299,0 76.2963854,25.6691251,0 76.2979308,25.667344,0 76.3007176,25.6653803,0 76.3050751,25.6633708,0 76.3087739,25.6618636,0 76.3131568,25.6597628,0 76.3160702,25.6560633,0 76.3172103,25.6532543,0 76.317945,25.6480245,0 76.3176663,25.6452839,0 76.3159942,25.6407846,0 76.3133848,25.6384321,0 76.3090526,25.6370845,0 76.3041631,25.6364678,0 76.2980068,25.6355085,0 76.2936747,25.6338411,0 76.2926613,25.6329732,0 76.2913946,25.630849,0 76.2904319,25.6274684,0 76.2909385,25.6196104,0 76.2903558,25.6142877,0 76.2892918,25.609376,0 76.2892411,25.6067259,0 76.2897985,25.6039387,0 76.2928386,25.6007173,0 76.294384,25.5967418,0 76.2937507,25.5899329,0 76.2936493,25.5870538,0 76.2922306,25.5835578,0 76.2878731,25.578302,0 76.285137,25.5748971,0 76.2838702,25.5717206,0 76.2842249,25.5687497,0 76.2855423,25.5639276,0 76.2864544,25.5584881,0 76.2863784,25.5505799,0 76.2863339,25.548692,0 76.2867689,25.5460045,0 76.2846573,25.5428967,0 76.2836876,25.539905,0 76.2829456,25.5366936,0 76.2814199,25.5343404,0 76.2789714,25.5331651,0 76.276449,25.5292982,0 76.2753084,25.525912,0 76.2750715,25.524126,0 76.2726477,25.5208457,0 76.2704973,25.5170551,0 76.2682922,25.5133192,0 76.2670529,25.5114057,0 76.2653399,25.5102575,0 76.2635357,25.5094192,0 76.2618591,25.5084169,0 76.2605105,25.5081071,0 76.2560639,25.5083987,0 76.251034,25.5088725,0 76.2495215,25.5090001,0 76.2468972,25.5096744,0 76.2454757,25.5096926,0 76.241266,25.5086356,0 76.2368011,25.507287,0 76.2338853,25.5060478,0 76.2317166,25.5046628,0 76.2300218,25.5032595,0 76.2275251,25.5014918,0 76.2260489,25.5004166,0 76.2240443,25.499797,0 76.2230237,25.4995601,0 76.2206546,25.4985213,0 76.2188687,25.4970451,0 76.2170645,25.4954414,0 76.2148776,25.4925803,0 76.2143491,25.4910859,0 76.2136019,25.4900471,0 76.2128001,25.4892817,0 76.2115062,25.4887714,0 76.2093193,25.4882794,0 76.2081165,25.4877327,0 76.206531,25.4872771,0 76.2045628,25.4867121,0 76.202704,25.4866028,0 76.2014647,25.4874229,0 76.2003531,25.4886621,0 76.1995512,25.4904663,0 76.1987129,25.4920335,0 76.1983849,25.4927078,0 76.1980204,25.4941111,0 76.197747,25.4959881,0 76.1967447,25.4972092,0 76.1940111,25.4996512,0 76.1927354,25.5009086,0 76.1901294,25.5015465,0 76.1885075,25.5014189,0 76.1869402,25.5006535,0 76.1846258,25.4989587,0 76.1820744,25.4974278,0 76.1808534,25.4957148,0 76.1793044,25.4918877,0 76.1787212,25.4899378,0 76.1785207,25.4879149,0 76.1784296,25.4868761,0 76.1784296,25.4854911,0 76.1788123,25.4846528,0 76.179924,25.4837963,0 76.1804707,25.4834136,0 76.1812908,25.4826117,0 76.181473,25.4812267,0 76.1810721,25.4772174,0 76.1808352,25.4740829,0 76.180416,25.4717138,0 76.1806165,25.4690348,0 76.1798146,25.4660461,0 76.1784843,25.4630938,0 76.1772086,25.4599957,0 76.1753315,25.4566061,0 76.1748395,25.4538907,0 76.1742199,25.4498814,0 76.1743656,25.4472389,0 76.1740923,25.4443049,0 76.1736002,25.4431385,0 76.1731993,25.4420269,0 76.1725797,25.4414619,0 76.1703017,25.4406418,0 76.1689713,25.4404778,0 76.1672765,25.4403138,0 76.1634972,25.4406837,0 76.1621639,25.440085,0 76.1599345,25.4379116,0 76.1581492,25.4357694,0 76.1581463,25.434391,0 76.1587841,25.4336074,0 76.1599505,25.4325139,0 76.1610803,25.431621,0 76.1619186,25.4308009,0 76.1625383,25.4302542,0 76.1632854,25.428778,0 76.1632126,25.427721,0 76.1617911,25.4235659,0 76.1601509,25.4213426,0 76.1581463,25.418281,0 76.1549206,25.416003,0 76.1526426,25.4145633,0 76.1501642,25.4133058,0 76.1483964,25.4132876,0 76.1468656,25.4134152,0 76.1455717,25.4138161,0 76.1436582,25.4134152,0 76.1425283,25.4130142,0 76.1408152,25.4120119,0 76.1380634,25.4106998,0 76.1352934,25.4088956,0 76.1340359,25.4075653,0 76.1331794,25.4063078,0 76.1327056,25.4050868,0 76.1325415,25.4029181,0 76.1329607,25.4007495,0 76.1336168,25.3994556,0 76.1368971,25.3978883,0 76.1403779,25.3975238,0 76.1433484,25.397378,0 76.1454624,25.3969407,0 76.1470661,25.3963028,0 76.1501277,25.3932047,0 76.1522964,25.3900702,0 76.1526426,25.3887399,0 76.1523875,25.3871179,0 76.1520412,25.3865348,0 76.1513852,25.3854595,0 76.1507838,25.3846395,0 76.1500184,25.3829811,0 76.1496539,25.3822157,0 76.1490707,25.3813591,0 76.1478315,25.3804479,0 76.1464829,25.3797919,0 76.1458633,25.3795185,0 76.1434942,25.3792087,0 76.1425465,25.3789171,0 76.1364597,25.3755457,0 76.1355121,25.3746527,0 76.1352569,25.3738326,0 76.1352569,25.3728303,0 76.1357125,25.3718827,0 76.1365873,25.3706981,0 76.1370975,25.3703518,0 76.1390475,25.3690579,0 76.140797,25.3684565,0 76.1425465,25.3685841,0 76.1440227,25.3687481,0 76.1455899,25.3688757,0 76.1468109,25.368821,0 76.1504375,25.3668528,0 76.1539183,25.3630987,0 76.1551575,25.361094,0 76.1561052,25.3582511,0 76.1559958,25.3556633,0 76.1558865,25.3532213,0 76.155686,25.3498498,0 76.1552487,25.3474807,0 76.1548113,25.3456219,0 76.1539548,25.3434532,0 76.1529342,25.3419953,0 76.1504011,25.3403004,0 76.1481413,25.339043,0 76.1439862,25.3387514,0 76.1416171,25.3398448,0 76.139412,25.3413392,0 76.1379359,25.3427789,0 76.1368971,25.3446742,0 76.1351658,25.346369,0 76.1340906,25.3475172,0 76.1327785,25.3479181,0 76.1299355,25.3481003,0 76.1277304,25.3478087,0 76.1268739,25.3473349,0 76.1251062,25.3464419,0 76.1243954,25.3456219,0 76.1200217,25.3424327,0 76.118746,25.3409747,0 76.1183815,25.3397902,0 76.1175979,25.3381865,0 76.116632,25.3366374,0 76.1155568,25.3352888,0 76.113789,25.3338127,0 76.1130419,25.3331384,0 76.1095793,25.3322819,0 76.1075564,25.3312249,0 76.106299,25.3314071,0 76.1047682,25.3328286,0 76.1017794,25.3354711,0 76.0991369,25.3390248,0 76.0981528,25.3408472,0 76.0977519,25.3429976,0 76.0968589,25.3440546,0 76.0948543,25.3451663,0 76.0942347,25.3458588,0 76.0934693,25.3461504,0 76.0922483,25.3464055,0 76.0911002,25.3472438,0 76.0900067,25.3480092,0 76.0895147,25.348483,0 76.0881661,25.3500503,0 76.0858516,25.3513624,0 76.083118,25.3524559,0 76.0804573,25.3520549,0 76.0784891,25.3515264,0 76.0763023,25.3505241,0 76.0746621,25.3503237,0 76.0718374,25.3501961,0 76.0693771,25.3497952,0 76.0679739,25.3496676,0 76.0660239,25.349376,0 76.0659328,25.3472985,0 76.0659146,25.3458588,0 76.0662426,25.3442368,0 76.067573,25.3401,0 76.067737,25.3384234,0 76.0681015,25.3374028,0 76.0684295,25.3359267,0 76.0682837,25.334487,0 76.067737,25.3335029,0 76.0668987,25.3325006,0 76.0618324,25.327981,0 76.0608483,25.3266507,0 76.0597184,25.3258124,0 76.0587525,25.3253203,0 76.0558914,25.3247371,0 76.0524288,25.3233157,0 76.0512625,25.3225138,0 76.0502966,25.3218213,0 76.0494218,25.3214022,0 76.0485106,25.3208919,0 76.047727,25.3208919,0 76.0468523,25.321475,0 76.0461233,25.3223316,0 76.0456859,25.3225503,0 76.0445378,25.3227507,0 76.0434261,25.3231334,0 76.0425878,25.3236619,0 76.042114,25.3247189,0 76.0416949,25.3261586,0 76.0408748,25.3264867,0 76.0401276,25.3261951,0 76.0391982,25.3256483,0 76.0384145,25.3249558,0 76.0355169,25.3239535,0 76.0322366,25.3222405,0 76.0290474,25.3201447,0 76.0258035,25.3180307,0 76.0241087,25.3163541,0 76.0220494,25.3140761,0 76.020719,25.311707,0 76.0201541,25.3099757,0 76.0200083,25.3091192,0 76.0200994,25.308208,0 76.0203546,25.3069505,0 76.0211746,25.3058206,0 76.0218489,25.3049641,0 76.022997,25.3016109,0 76.023726,25.3000983,0 76.024218,25.2988044,0 76.024783,25.2967268,0 76.0260951,25.2943577,0 76.0272979,25.2927358,0 76.029175,25.2897471,0 76.0314712,25.2868677,0 76.0324006,25.2856467,0 76.0330385,25.2848448,0 76.0336945,25.283478,0 76.0339497,25.2823663,0 76.0340043,25.2813276,0 76.0329838,25.2782477,0 76.0314165,25.2761519,0 76.0297217,25.2741291,0 76.0245643,25.2698647,0 76.0179854,25.2658007,0 76.0142313,25.2643246,0 76.0109936,25.2632931,0 76.0067959,25.2629395,0 76.0040805,25.2618096,0 76.0008184,25.258912,0 75.9997797,25.2578915,0 75.9986534,25.2539613,0 75.9971372,25.2498,0 75.9977932,25.2442235,0 75.9969003,25.2398315,0 75.9958797,25.2372478,0 75.9939297,25.2345648,0 75.9916517,25.2327424,0 75.9892303,25.2314267,0 75.986926,25.2311901,0 75.9849805,25.2314121,0 75.9834296,25.232198,0 75.9823028,25.2333802,0 75.9804804,25.2365329,0 75.9792613,25.2397474,0 75.9784758,25.2429842,0 75.9763618,25.2461006,0 75.9734824,25.2501098,0 75.9702869,25.2531485,0 75.9644602,25.2594655,0 75.9607463,25.2637194,0 75.9586025,25.2654774,0 75.9562425,25.2666208,0 75.9522572,25.2690731,0 75.9510267,25.2700268,0 75.9486249,25.273637,0 75.9473492,25.2775187,0 75.946659,25.2803387,0 75.9450894,25.282749,0 75.9425313,25.2851834,0 75.9395675,25.2865396,0 75.9369615,25.2869952,0 75.9354671,25.2871228,0 75.9326971,25.286485,0 75.9306013,25.2851364,0 75.9283962,25.2829859,0 75.9262969,25.2805484,0 75.9232891,25.2774783,0 75.9198244,25.2753333,0 75.9159077,25.2739981,0 75.9112506,25.2720735,0 75.9087325,25.2705572,0 75.9067931,25.2684503,0 75.9055519,25.2669359,0 75.9042312,25.2643792,0 75.9030102,25.2610351,0 75.9020261,25.2580282,0 75.9011878,25.2557866,0 75.8996478,25.2529345,0 75.8987002,25.2513582,0 75.8976979,25.250611,0 75.8969963,25.2501372,0 75.8967958,25.2492169,0 75.8963858,25.2485426,0 75.8955657,25.2476678,0 75.8938526,25.2464741,0 75.8917204,25.2451893,0 75.8886041,25.2432394,0 75.8855789,25.2417541,0 75.8843032,25.241417,0 75.8802119,25.2414352,0 75.8773963,25.2415354,0 75.875337,25.2410981,0 75.874034,25.2402415,0 75.8726581,25.2388109,0 75.8709177,25.2369703,0 75.8698151,25.2359407,0 75.8687673,25.2350659,0 75.8672547,25.2336171,0 75.8665804,25.2326695,0 75.8661339,25.2321318,0 75.8636372,25.2328061,0 75.8615141,25.2333711,0 75.8587714,25.2344919,0 75.8571404,25.2348108,0 75.8549079,25.2344919,0 75.8537051,25.234018,0 75.8526026,25.2342367,0 75.8521379,25.2337993,0 75.8518281,25.2335351,0 75.8513087,25.2337173,0 75.850607,25.2338905,0 75.8501788,25.2336444,0 75.8497505,25.2332344,0 75.8491765,25.2326603,0 75.8485568,25.2325783,0 75.8479828,25.2330704,0 75.8473267,25.2328244,0 75.8465795,25.2323323,0 75.845723,25.2319223,0 75.8445111,25.2316398,0 75.8429985,25.2315305,0 75.841577,25.2315213,0 75.8384152,25.2315942,0 75.8349891,25.2308288,0 75.8325471,25.2300634,0 75.830105,25.2295531,0 75.8282917,25.2296443,0 75.8271436,25.2299996,0 75.8251937,25.2307742,0 75.8223781,25.2319405,0 75.8216947,25.2318858,0 75.8201001,25.2305372,0 75.8194896,25.2300725,0 75.8179314,25.230191,0 75.816273,25.2304279,0 75.8146875,25.2311477,0 75.8140861,25.2317765,0 75.8133207,25.2321227,0 75.8127193,25.2319496,0 75.8121635,25.2317127,0 75.811389,25.2316762,0 75.8111065,25.2320316,0 75.8110518,25.2325966,0 75.8107876,25.2330704,0 75.8102135,25.2337356,0 75.8097579,25.2343369,0 75.8091657,25.2352755,0 75.8081724,25.2360773,0 75.8082271,25.2367881,0 75.8077442,25.2370159,0 75.8073341,25.2370705,0 75.8071428,25.2365147,0 75.8069788,25.2360591,0 75.8065141,25.2355397,0 75.8059309,25.2356855,0 75.805612,25.2359407,0 75.8055026,25.2364054,0 75.8054206,25.2368336,0 75.8051381,25.2370523,0 75.8045185,25.2368974,0 75.8042361,25.2367972,0 75.8039354,25.2367607,0 75.8037258,25.2370159,0 75.8036802,25.2373712,0 75.8033431,25.2379726,0 75.8031244,25.2382824,0 75.8028419,25.2388747,0 75.8026415,25.2393941,0 75.8025959,25.2400957,0 75.8028146,25.2417632,0 75.8037805,25.2420639,0 75.8044092,25.2421642,0 75.8049559,25.2424466,0 75.8053295,25.2427564,0 75.8053933,25.2431118,0 75.8058762,25.2434581,0 75.8068785,25.2435856,0 75.8077533,25.2435856,0 75.808947,25.2436039,0 75.8109789,25.2438499,0 75.8140223,25.2445333,0 75.8159085,25.2448704,0 75.8165555,25.2453078,0 75.8165099,25.2456449,0 75.8157901,25.2462646,0 75.8150064,25.2471302,0 75.8127284,25.2500552,0 75.8114254,25.2524881,0 75.8110427,25.2531806,0 75.8094755,25.2559597,0 75.8087647,25.2570532,0 75.8076622,25.2573265,0 75.8057578,25.2574814,0 75.8022679,25.2580828,0 75.7993429,25.2584746,0 75.798377,25.2588847,0 75.7977392,25.2593494,0 75.7971834,25.2598961,0 75.7968371,25.2604155,0 75.7964909,25.2610442,0 75.7959168,25.2615089,0 75.7948689,25.2618005,0 75.7945318,25.2619372,0 75.794468,25.262812,0 75.7933745,25.263468,0 75.7923722,25.2641332,0 75.7917162,25.2645524,0 75.7903311,25.2647073,0 75.7899849,25.2652175,0 75.7898755,25.2667848,0 75.7874335,25.2668941,0 75.7871237,25.265582,0 75.7856202,25.2654818,0 75.784217,25.2653178,0 75.7832329,25.2654089,0 75.782267,25.2656549,0 75.7821394,25.264607,0 75.7818752,25.2633313,0 75.7816201,25.2622561,0 75.781374,25.261673,0 75.7807544,25.2602606,0 75.7799526,25.2585384,0 75.7790596,25.2565338,0 75.778522,25.2543925,0 75.7780299,25.2526065,0 75.7777201,25.2514857,0 75.7777839,25.2501098,0 75.7777475,25.248497,0 75.7779844,25.2452167,0 75.7780755,25.2439957,0 75.7783762,25.2435674,0 75.7783944,25.2429569,0 75.7787224,25.2422735,0 75.7785767,25.2413805,0 75.7783671,25.240442,0 75.7782213,25.2400684,0 75.7780026,25.2395126,0 75.7782304,25.2391663,0 75.7796883,25.238975,0 75.7798979,25.2382824,0 75.7806815,25.2380091,0 75.7805813,25.2365694,0 75.7805448,25.2357949,0 75.7803353,25.2353848,0 75.7799252,25.2349475,0 75.7795061,25.2342367,0 75.7793056,25.2328152,0 75.7790869,25.2315213,0 75.7789138,25.2300634,0 75.7783853,25.2289609,0 75.7772736,25.2265097,0 75.7745674,25.2218991,0 75.7701389,25.2126413,0 75.7680432,25.2086138,0 75.7658745,25.2054063,0 75.7629404,25.2021989,0 75.7587489,25.1990644,0 75.754685,25.1939252,0 75.7512589,25.191301,0 75.7491631,25.189843,0 75.7435319,25.1866174,0 75.7408347,25.1849226,0 75.7280415,25.1770498,0 75.7239775,25.1750816,0 75.7235037,25.1735326,0 75.7235766,25.1723115,0 75.7235948,25.1712363,0 75.7246336,25.1677009,0 75.7266929,25.1628897,0 75.73134,25.1558917,0 75.7353493,25.1499871,0 75.7325428,25.1468708,0 75.7274219,25.1421144,0 75.7239046,25.1394719,0 75.7207154,25.1377953,0 75.7150842,25.1342416,0 75.7110931,25.1320183,0 75.7108927,25.1250385,0 75.7110202,25.1242548,0 75.7124599,25.123289,0 75.7191482,25.1211385,0 75.720114,25.1197171,0 75.7257999,25.1177306,0 75.7293354,25.117111,0 75.7305382,25.1191157,0 75.7329802,25.1188423,0 75.7375726,25.1190063,0 75.7413268,25.1190063,0 75.7430398,25.1175849,0 75.7438235,25.1145779,0 75.7437688,25.1126461,0 75.7434954,25.1113158,0 75.7424931,25.1083635,0 75.740616,25.1061584,0 75.7395044,25.1042267,0 75.7385021,25.1032061,0 75.7372628,25.1024771,0 75.7363516,25.1019122,0 75.7336727,25.1006183,0 75.7313765,25.0979576,0 75.7296999,25.0952969,0 75.7284606,25.0918526,0 75.7270938,25.0877704,0 75.7248705,25.0844901,0 75.722228,25.0790593,0 75.7194215,25.0753052,0 75.7151389,25.0703847,0 75.712788,25.0685805,0 75.7078128,25.0669586,0 75.7031293,25.0640792,0 75.6997031,25.0616736,0 75.6961495,25.059104,0 75.6914659,25.0551858,0 75.6882038,25.0520149,0 75.6856707,25.0495364,0 75.6817889,25.0449075,0 75.6808048,25.041773,0 75.6797661,25.0394585,0 75.6778343,25.0373445,0 75.6748456,25.0355586,0 75.6720938,25.0340278,0 75.6669182,25.0332077,0 75.6615967,25.0326063,0 75.6581342,25.0321325,0 75.6527399,25.0310208,0 75.6499152,25.0298545,0 75.6476736,25.0284695,0 75.646489,25.0273942,0 75.6451222,25.0256447,0 75.643154,25.0218724,0 75.6410765,25.0181547,0 75.6392359,25.016314,0 75.6371401,25.0140178,0 75.6330397,25.0100268,0 75.6306888,25.0075483,0 75.6290487,25.0055619,0 75.62688,25.0017348,0 75.6251305,24.9990741,0 75.6234903,24.9972517,0 75.6222693,24.996377,0 75.6201736,24.9954293,0 75.6172395,24.9947915,0 75.617039,24.9943177,0 75.6173853,24.9938803,0 75.6170208,24.9924041,0 75.6166746,24.9908916,0</coordinates></LinearRing></outerBoundaryIs></Polygon>
    </Placemark>
    <Placemark><name>Moderate Fire Zone</name><styleUrl>#zone1</styleUrl>
      <Polygon><extrude>0</extrude><altitudeMode>clampToGround</altitudeMode><outerBoundaryIs><LinearRing><coordinates>75.61938904369671,24.995258757070232,0 75.61953505153735,24.989136742363993,0 75.621315,24.988671,0 75.6247349,24.9881052,0 75.6261463,24.9868505,0 75.6284534,24.98503,0 75.635646,24.9810444,0 75.6404502,24.9795436,0 75.6428116,24.9786086,0 75.644033,24.9781904,0 75.6466386,24.9776737,0 75.6476972,24.9770094,0 75.6481043,24.9760006,0 75.6495428,24.9711536,0 75.6508185,24.9651252,0 75.6520942,24.9619264,0 75.6554327,24.9584814,0 75.6574955,24.9553316,0 75.6626525,24.9489825,0 75.6674838,24.9425593,0 75.672478,24.9380554,0 75.6767665,24.9350282,0 75.6808107,24.9344129,0 75.688899,24.9300318,0 75.6928889,24.9272997,0 75.6939475,24.9242722,0 75.6962546,24.9225246,0 75.7058629,24.9169861,0 75.7190812,24.9091827,0 75.726871,24.903496,0 75.7337922,24.8966272,0 75.7385421,24.8921709,0 75.7463862,24.8866311,0 75.753226,24.8823469,0 75.7605273,24.8784564,0 75.7662543,24.8771021,0 75.7737456,24.876979,0 75.7783597,24.8761664,0 75.7829468,24.8758463,0 75.7895966,24.874295,0 75.7977121,24.8720788,0 75.8060448,24.8712169,0 75.8106589,24.8704535,0 75.8119889,24.8702565,0 75.811963,24.8687178,0 75.8119995,24.8663669,0 75.8134027,24.8650548,0 75.8154438,24.863688,0 75.8146237,24.8589315,0 75.8136032,24.8553232,0 75.8132934,24.8500382,0 75.8127102,24.8454275,0 75.8127193,24.8424661,0 75.8129289,24.8403612,0 75.8113799,24.8361515,0 75.8101406,24.8310123,0 75.8096304,24.8257456,0 75.8091383,24.8232125,0 75.8061131,24.8212078,0 75.8043454,24.8199868,0 75.8031973,24.8165242,0 75.8016665,24.8106197,0 75.8031426,24.8104739,0 75.8023408,24.8071389,0 75.8011744,24.8000315,0 75.8011926,24.7958218,0 75.8011197,24.7923045,0 75.8005912,24.7897532,0 75.7994614,24.7882953,0 75.7979488,24.785835,0 75.79672360891617,24.78247567330095,0 75.79853460700407,24.780956190980955,0 75.80044199234895,24.767199308886454,0 75.80853584052907,24.76095574412512,0 75.80963494538103,24.74998684306618,0 75.8115361,24.7478502,0 75.8164003,24.7430415,0 75.8218725,24.7386698,0 75.8261287,24.734459,0 75.8272687,24.7338147,0 75.8296755,24.7332625,0 75.8308726,24.7334536,0 75.8322759,24.7328652,0 75.8323841,24.7328198,0 75.8331767,24.7323219,0 75.8337772,24.7312997,0 75.833957,24.729949,0 75.8341374,24.7284776,0 75.836004,24.7277725,0 75.837321,24.7250572,0 75.8373035,24.7217229,0 75.8378502,24.7182422,0 75.8376946,24.7176092,0 75.8371486,24.7169391,0 75.8368935,24.7128479,0 75.83667249423145,24.711009087460244,0 75.84234631353875,24.70547204255319,0 75.85661519534679,24.70296705339422,0 75.88130311885463,24.676250564584816,0 75.89661750613757,24.672967047008157,0 75.91234785655351,24.65547203709556,0 75.94661981428325,24.642967039800624,0 75.96234891506154,24.625471956763143,0 75.98517316560583,24.62374189316798,0 75.99483181506518,24.614537344430328,0 76.01517404732483,24.61374189149636,0 76.02483194966996,24.604537339593833,0 76.05851723131236,24.604537339327518,0 76.06253464148006,24.608366158553597,0 76.0616866,24.6109574,0 76.0604656,24.6131261,0 76.0576955,24.6155681,0 76.0562559,24.6169167,0 76.0555633,24.6187938,0 76.0554358,24.6199237,0 76.0555816,24.6218372,0 76.0567115,24.6256278,0 76.0566021,24.6271768,0 76.055454,24.631259,0 76.05529,24.6328991,0 76.0553811,24.6353229,0 76.0560189,24.6370178,0 76.0568026,24.6381841,0 76.0614315,24.6418836,0 76.0622698,24.6440522,0 76.0627618,24.6479339,0 76.0627983,24.6527998,0 76.0623973,24.659087,0 76.0617231,24.6629688,0 76.061559,24.6668869,0 76.0621422,24.6694018,0 76.0633814,24.67137,0 76.0655683,24.6729191,0 76.0694136,24.6746321,0 76.0739514,24.6767097,0 76.0773228,24.67804,0 76.0796373,24.6790788,0 76.0836283,24.6819399,0 76.0865988,24.6842726,0 76.0878198,24.6852932,0 76.0910819,24.6873525,0 76.0931048,24.6880268,0 76.0947632,24.6883184,0 76.096458,24.6885735,0 76.0975879,24.6888286,0 76.0987178,24.6894665,0 76.0994832,24.6902136,0 76.1007224,24.6914711,0 76.0994103,24.6924916,0 76.0989183,24.6947332,0 76.0989911,24.6972663,0 76.0980435,24.6986514,0 76.0955286,24.7011298,0 76.0937426,24.7030433,0 76.0920296,24.7046471,0 76.0878381,24.7077816,0 76.0846853,24.709932,0 76.0837194,24.7109708,0 76.0830451,24.7122829,0 76.0820975,24.7117544,0 76.0756097,24.7149254,0 76.0685388,24.7184609,0 76.067737,24.7208482,0 76.0656959,24.7228346,0 76.0627436,24.7259874,0 76.0599918,24.7288668,0 76.0576409,24.7303247,0 76.0572582,24.7319831,0 76.0593904,24.7344251,0 76.0665706,24.7415142,0 76.0654225,24.7426988,0 76.0703977,24.7439745,0 76.0802204,24.7488585,0 76.0906628,24.7548542,0 76.0973328,24.7570411,0 76.1057523,24.7601392,0 76.1117844,24.7622167,0 76.1144451,24.7637475,0 76.1166867,24.7658068,0 76.1177801,24.7676475,0 76.1177619,24.7695974,0 76.11696,24.77111,0 76.1150651,24.7732432,0 76.1164497,24.7747742,0 76.1198941,24.7794019,0 76.1227006,24.7823178,0 76.1278398,24.7857257,0 76.131685,24.7888602,0 76.1345462,24.7910471,0 76.1366602,24.796897,0 76.1378265,24.7997217,0 76.1394849,24.79779,0 76.1430932,24.7964961,0 76.1450432,24.7964596,0 76.1464282,24.7962774,0 76.1499273,24.7955302,0 76.1522235,24.7962591,0 76.1497268,24.7916303,0 76.1466105,24.7888055,0 76.1407241,24.7806776,0 76.1400863,24.7760669,0 76.1386101,24.7684675,0 76.1392844,24.7643307,0 76.1398129,24.7598476,0 76.1412891,24.7567131,0 76.1410157,24.7531776,0 76.1498726,24.7469632,0 76.1526062,24.7449221,0 76.1545926,24.7440474,0 76.1571075,24.7452502,0 76.1616635,24.7461978,0 76.1651443,24.7472001,0 76.1693723,24.7482207,0 76.1717596,24.7498426,0 76.1735456,24.7505533,0 76.17362325642148,24.750563609943004,0 76.17428623649924,24.76950561520602,0 76.18354492838174,24.778281644570733,0 76.18481521528855,24.790956379786103,0 76.22177354522917,24.8274086626421,0 76.2212464,24.8289997,0 76.2233198823917,24.82893382678589,0 76.22819464415812,24.833741841516275,0 76.2414786062917,24.828814519922744,0 76.2426928,24.8285609,0 76.245273,24.8281383,0 76.2503848,24.8272177,0 76.2514488,24.8273097,0 76.2521582,24.8285053,0 76.2510435,24.8317242,0 76.2506381,24.8333336,0 76.2502835,24.8356328,0 76.2505368,24.8378859,0 76.2516515,24.8399091,0 76.2534756,24.8414264,0 76.2551476,24.8421621,0 76.2574277,24.8428518,0 76.2614812,24.842438,0 76.2686255,24.8421161,0 76.2680175,24.8366904,0 76.2673081,24.8290571,0 76.2654334,24.8241366,0 76.2674094,24.8212394,0 76.2674601,24.8200437,0 76.2671054,24.8184801,0 76.2664974,24.8158127,0 76.26629673007804,24.814800769110672,0 76.28355853582565,24.814220980322453,0 76.28589950014683,24.81203249662777,0 76.2863595,24.8129153,0 76.2869675,24.8148929,0 76.2878289,24.8149849,0 76.2897036,24.8156288,0 76.2912743,24.8184801,0 76.2888928,24.8250104,0 76.2876768,24.8316323,0 76.2872209,24.835058,0 76.2909703,24.834966,0 76.2960625,24.834966,0 76.3007494,24.8342073,0 76.3027001,24.8341613,0 76.3053095,24.8341843,0 76.3057909,24.8353569,0 76.3041188,24.8360926,0 76.3026241,24.8366214,0 76.3013067,24.837564,0 76.3013321,24.8389664,0 76.3022441,24.8405068,0 76.3039161,24.8408976,0 76.3051322,24.8405068,0 76.3052335,24.8380698,0 76.308527,24.8371732,0 76.309667,24.8367133,0 76.3122511,24.8364834,0 76.3127071,24.8372651,0 76.3121498,24.8404378,0 76.3123778,24.8422541,0 76.3124791,24.8436105,0 76.3133658,24.8458175,0 76.3143032,24.8470819,0 76.3154179,24.8480474,0 76.3162539,24.8486221,0 76.3177233,24.848898,0 76.3189647,24.8485302,0 76.3205101,24.8475187,0 76.3213715,24.846898,0 76.3236769,24.8464842,0 76.3249436,24.8465301,0 76.3263623,24.8474957,0 76.3278317,24.8485072,0 76.3282624,24.8500245,0 76.3291998,24.8521854,0 76.3290477,24.8557025,0 76.3303145,24.856714,0 76.3309732,24.8573806,0 76.3312012,24.858346,0 76.3312012,24.8594494,0 76.3310998,24.8603689,0 76.3308465,24.8615182,0 76.3309732,24.8629664,0 76.3317332,24.8640237,0 76.3331266,24.8644834,0 76.334976,24.8639318,0 76.3365467,24.863564,0 76.3386494,24.863564,0 76.3401948,24.8638628,0 76.3419176,24.8643915,0 76.3433616,24.865173,0 76.3460977,24.8660005,0 76.3496192,24.8672417,0 76.3513926,24.8679083,0 76.3528366,24.8685978,0 76.354534,24.8697011,0 76.3571688,24.8702758,0 76.3598036,24.8705516,0 76.3612476,24.8696092,0 76.3639077,24.8670808,0 76.3666185,24.8637939,0 76.3685185,24.8625296,0 76.3714573,24.8627135,0 76.3736867,24.8626446,0 76.3761695,24.8610585,0 76.3765748,24.860162,0 76.3765495,24.8588747,0 76.3761948,24.8579783,0 76.3761188,24.8568749,0 76.3766255,24.8554726,0 76.3778162,24.8538405,0 76.3834658,24.8496796,0 76.3859739,24.846783,0 76.3862779,24.8448749,0 76.3877473,24.8426449,0 76.3908127,24.8407597,0 76.3935488,24.8380468,0 76.3975516,24.8363455,0 76.398717,24.8361616,0 76.3998064,24.8367363,0 76.4009464,24.8378859,0 76.4017571,24.8389894,0 76.4030998,24.8397711,0 76.4044932,24.8403919,0 76.4055066,24.842507,0 76.4106748,24.842461,0 76.4150323,24.8421391,0 76.415919,24.8420012,0 76.416983,24.8415184,0 76.417971,24.840139,0 76.4190858,24.8381388,0 76.4196431,24.8365754,0 76.4192124,24.8297929,0 76.4423679,24.8311724,0 76.4417794,24.8455252,0 76.4422861,24.8479161,0 76.4421848,24.8515024,0 76.4411207,24.854077,0 76.439702,24.8563758,0 76.43879,24.8584906,0 76.4387393,24.8602836,0 76.4419314,24.8606974,0 76.4481637,24.8610652,0 76.45698,24.8617548,0 76.4629083,24.8640074,0 76.4702806,24.8635017,0 76.4726874,24.863088,0 76.4760315,24.8624214,0 76.4782103,24.8618927,0 76.4811997,24.861364,0 76.4834292,24.8616398,0 76.4864946,24.8635707,0 76.4870773,24.8676851,0 76.4854052,24.8706272,0 76.4827451,24.8734543,0 76.4807944,24.876764,0 76.486824,24.8770858,0 76.4900668,24.8774995,0 76.4904721,24.8794761,0 76.4895601,24.8814756,0 76.4887747,24.8829925,0 76.4884454,24.8843254,0 76.4890281,24.8857733,0 76.4902694,24.8868765,0 76.4931069,24.8861181,0 76.495387,24.8851528,0 76.4974137,24.8844863,0 76.4995672,24.883636,0 76.5006819,24.8835211,0 76.5022273,24.8852218,0 76.5034433,24.8896113,0 76.5044693,24.8928516,0 76.5062371,24.8967904,0 76.5046868,24.8990883,0 76.5007386,24.9015406,0 76.4982924,24.9024748,0 76.4942154,24.9021245,0 76.4904818,24.9010346,0 76.4864907,24.8999057,0 76.4831003,24.9017741,0 76.4804825,24.9064062,0 76.4794525,24.9104153,0 76.4754614,24.9187446,0 76.4717706,24.9274624,0 76.469314,24.9322278,0 76.4635225,24.9340231,0 76.4617538,24.9343895,0 76.4554023,24.9340003,0 76.4501666,24.9326772,0 76.4457893,24.9325215,0 76.4433002,24.9337668,0 76.4420985,24.9366465,0 76.4425277,24.9392927,0 76.4439868,24.9423279,0 76.4457893,24.9451296,0 76.4443301,24.9507328,0 76.4397811,24.9573473,0 76.4360046,24.9634168,0 76.4304256,24.9669961,0 76.4237308,24.9698751,0 76.4177226,24.9750103,0 76.4093112,24.9790561,0 76.4045064,24.9810792,0 76.3983772,24.966133,0 76.3897704,24.9679143,0 76.3943655,24.9838149,0 76.388536,24.9850051,0 76.3811432,24.9840561,0 76.3726451,24.9822028,0 76.3665247,24.9823626,0 76.3634777,24.9835685,0 76.3575124,24.9866804,0 76.3504314,24.9877696,0 76.3456249,24.9873417,0 76.341033,24.9837824,0 76.3357329,24.9783169,0 76.3326216,24.9743878,0 76.32936,24.9679298,0 76.3238238,24.9635725,0 76.3161849,24.958748,0 76.307001,24.9585924,0 76.2991046,24.9612381,0 76.2966155,24.9644284,0 76.2931823,24.9690192,0 76.285715,24.9830239,0 76.2749862,25.0001387,0 76.2653731,25.0142177,0 76.2634849,25.0205177,0 76.2601375,25.0253397,0 76.2508678,25.0335056,0 76.243658,25.0417487,0 76.23889570094627,25.04811418300184,0 76.22482559704257,25.04781757672884,0 76.2146907811423,25.03844670037328,0 76.19352983481924,25.03746126378266,0 76.18598989649689,25.029022995408273,0 76.17233582779103,25.026882749534913,0 76.16599070612749,25.0190229850297,0 76.1523361394923,25.016882750407614,0 76.13186329987144,24.997973543882114,0 76.1198187241504,25.007461266677502,0 76.09865563960193,25.008446693639023,0 76.09101306199797,25.016882751580525,0 76.07735849283904,25.019022986135052,0 76.07101337389851,25.0268827513029,0 76.05735934203126,25.02902297501479,0 76.04425470457443,25.043058649527744,0 76.0439562894204,25.1228987656222,0 76.03465064807945,25.131795327419535,0 76.03292493063462,25.145155523789608,0 76.02465187029362,25.151794878601155,0 76.0229258704441,25.165155522576907,0 76.01465309452645,25.17179442953263,0 76.01356654787554,25.19407316626089,0 75.97615676677786,25.229564604369653,0 75.97292963644938,25.24515551508266,0 75.93208415344202,25.286090582723496,0 75.9306013,25.2851364,0 75.9283962,25.2829859,0 75.9262969,25.2805484,0 75.9232891,25.2774783,0 75.9198244,25.2753333,0 75.9159077,25.2739981,0 75.9112506,25.2720735,0 75.9087325,25.2705572,0 75.9067931,25.2684503,0 75.9055519,25.2669359,0 75.9042312,25.2643792,0 75.9030102,25.2610351,0 75.9020261,25.2580282,0 75.9011878,25.2557866,0 75.8996478,25.2529345,0 75.8987002,25.2513582,0 75.8976979,25.250611,0 75.8969963,25.2501372,0 75.8967958,25.2492169,0 75.8963858,25.2485426,0 75.8955657,25.2476678,0 75.8938526,25.2464741,0 75.8917204,25.2451893,0 75.8886041,25.2432394,0 75.8855789,25.2417541,0 75.8843032,25.241417,0 75.8802119,25.2414352,0 75.8773963,25.2415354,0 75.875337,25.2410981,0 75.874034,25.2402415,0 75.8726581,25.2388109,0 75.8709177,25.2369703,0 75.8698151,25.2359407,0 75.8687673,25.2350659,0 75.8672547,25.2336171,0 75.8665804,25.2326695,0 75.8661339,25.2321318,0 75.8636372,25.2328061,0 75.8615141,25.2333711,0 75.8587714,25.2344919,0 75.8571404,25.2348108,0 75.8549079,25.2344919,0 75.8537051,25.234018,0 75.8526026,25.2342367,0 75.8521379,25.2337993,0 75.8518281,25.2335351,0 75.8513087,25.2337173,0 75.850607,25.2338905,0 75.8501788,25.2336444,0 75.8497505,25.2332344,0 75.8491765,25.2326603,0 75.8485568,25.2325783,0 75.8479828,25.2330704,0 75.8473267,25.2328244,0 75.8465795,25.2323323,0 75.845723,25.2319223,0 75.8445111,25.2316398,0 75.8429985,25.2315305,0 75.841577,25.2315213,0 75.8384152,25.2315942,0 75.8349891,25.2308288,0 75.8325471,25.2300634,0 75.830105,25.2295531,0 75.8282917,25.2296443,0 75.8271436,25.2299996,0 75.8251937,25.2307742,0 75.8223781,25.2319405,0 75.8216947,25.2318858,0 75.8201001,25.2305372,0 75.8194896,25.2300725,0 75.8179314,25.230191,0 75.816273,25.2304279,0 75.8146875,25.2311477,0 75.8140861,25.2317765,0 75.8133207,25.2321227,0 75.8127193,25.2319496,0 75.8121635,25.2317127,0 75.811389,25.2316762,0 75.8111065,25.2320316,0 75.8110518,25.2325966,0 75.8107876,25.2330704,0 75.8102135,25.2337356,0 75.8097579,25.2343369,0 75.8091657,25.2352755,0 75.8081724,25.2360773,0 75.8082271,25.2367881,0 75.8077442,25.2370159,0 75.8073341,25.2370705,0 75.8071428,25.2365147,0 75.8069788,25.2360591,0 75.8065141,25.2355397,0 75.8059309,25.2356855,0 75.805612,25.2359407,0 75.8055026,25.2364054,0 75.8054206,25.2368336,0 75.8051381,25.2370523,0 75.8045185,25.2368974,0 75.8042361,25.2367972,0 75.8039354,25.2367607,0 75.8037258,25.2370159,0 75.8036802,25.2373712,0 75.8033431,25.2379726,0 75.8031244,25.2382824,0 75.8028419,25.2388747,0 75.8026415,25.2393941,0 75.8025959,25.2400957,0 75.8028146,25.2417632,0 75.8037805,25.2420639,0 75.8044092,25.2421642,0 75.8049559,25.2424466,0 75.8053295,25.2427564,0 75.8053933,25.2431118,0 75.8058762,25.2434581,0 75.8068785,25.2435856,0 75.8077533,25.2435856,0 75.808947,25.2436039,0 75.8109789,25.2438499,0 75.8140223,25.2445333,0 75.8159085,25.2448704,0 75.8165555,25.2453078,0 75.8165099,25.2456449,0 75.8157901,25.2462646,0 75.8150064,25.2471302,0 75.8127284,25.2500552,0 75.8114254,25.2524881,0 75.8110427,25.2531806,0 75.8094755,25.2559597,0 75.8087647,25.2570532,0 75.8076622,25.2573265,0 75.8057578,25.2574814,0 75.8022679,25.2580828,0 75.7993429,25.2584746,0 75.798377,25.2588847,0 75.7977392,25.2593494,0 75.7971834,25.2598961,0 75.7968371,25.2604155,0 75.7964909,25.2610442,0 75.7959168,25.2615089,0 75.7948689,25.2618005,0 75.7945318,25.2619372,0 75.794468,25.262812,0 75.7933745,25.263468,0 75.7923722,25.2641332,0 75.7917162,25.2645524,0 75.7903311,25.2647073,0 75.7899849,25.2652175,0 75.7898755,25.2667848,0 75.7874335,25.2668941,0 75.7871237,25.265582,0 75.7856202,25.2654818,0 75.784217,25.2653178,0 75.7832329,25.2654089,0 75.782267,25.2656549,0 75.7821394,25.264607,0 75.7818752,25.2633313,0 75.7816201,25.2622561,0 75.781374,25.261673,0 75.7807544,25.2602606,0 75.7799526,25.2585384,0 75.7790596,25.2565338,0 75.778522,25.2543925,0 75.7780299,25.2526065,0 75.7777201,25.2514857,0 75.7777839,25.2501098,0 75.7777475,25.248497,0 75.7779844,25.2452167,0 75.7780755,25.2439957,0 75.7783762,25.2435674,0 75.7783944,25.2429569,0 75.7787224,25.2422735,0 75.7785767,25.2413805,0 75.7783671,25.240442,0 75.7782213,25.2400684,0 75.7780026,25.2395126,0 75.7782304,25.2391663,0 75.7796883,25.238975,0 75.7798979,25.2382824,0 75.7806815,25.2380091,0 75.7805813,25.2365694,0 75.7805448,25.2357949,0 75.7803353,25.2353848,0 75.7799252,25.2349475,0 75.7795061,25.2342367,0 75.7793056,25.2328152,0 75.7790869,25.2315213,0 75.7789138,25.2300634,0 75.7783853,25.2289609,0 75.7772736,25.2265097,0 75.7745674,25.2218991,0 75.7701389,25.2126413,0 75.7680432,25.2086138,0 75.7658745,25.2054063,0 75.7629404,25.2021989,0 75.7587489,25.1990644,0 75.754685,25.1939252,0 75.7512589,25.191301,0 75.7491631,25.189843,0 75.7435319,25.1866174,0 75.7408347,25.1849226,0 75.7280415,25.1770498,0 75.7239775,25.1750816,0 75.7235037,25.1735326,0 75.7235766,25.1723115,0 75.7235948,25.1712363,0 75.7246336,25.1677009,0 75.7266929,25.1628897,0 75.73134,25.1558917,0 75.7353493,25.1499871,0 75.7325428,25.1468708,0 75.7274219,25.1421144,0 75.7239046,25.1394719,0 75.7207154,25.1377953,0 75.7150842,25.1342416,0 75.7110931,25.1320183,0 75.7108927,25.1250385,0 75.7110202,25.1242548,0 75.7124599,25.123289,0 75.7191482,25.1211385,0 75.720114,25.1197171,0 75.7257999,25.1177306,0 75.7293354,25.117111,0 75.7305382,25.1191157,0 75.7329802,25.1188423,0 75.7375726,25.1190063,0 75.7413268,25.1190063,0 75.7430398,25.1175849,0 75.7438235,25.1145779,0 75.7437688,25.1126461,0 75.7434954,25.1113158,0 75.7424931,25.1083635,0 75.740616,25.1061584,0 75.7395044,25.1042267,0 75.7385021,25.1032061,0 75.7372628,25.1024771,0 75.7363516,25.1019122,0 75.7336727,25.1006183,0 75.7313765,25.0979576,0 75.7296999,25.0952969,0 75.7284606,25.0918526,0 75.7270938,25.0877704,0 75.7248705,25.0844901,0 75.722228,25.0790593,0 75.7194215,25.0753052,0 75.7151389,25.0703847,0 75.712788,25.0685805,0 75.7078128,25.0669586,0 75.7031293,25.0640792,0 75.6997031,25.0616736,0 75.6961495,25.059104,0 75.6914659,25.0551858,0 75.6882038,25.0520149,0 75.6856707,25.0495364,0 75.6817889,25.0449075,0 75.6808048,25.041773,0 75.6797661,25.0394585,0 75.6778343,25.0373445,0 75.6748456,25.0355586,0 75.6720938,25.0340278,0 75.6669182,25.0332077,0 75.6615967,25.0326063,0 75.6581342,25.0321325,0 75.6527399,25.0310208,0 75.6499152,25.0298545,0 75.6476736,25.0284695,0 75.646489,25.0273942,0 75.6451222,25.0256447,0 75.643154,25.0218724,0 75.6410765,25.0181547,0 75.6392359,25.016314,0 75.6371401,25.0140178,0 75.6330397,25.0100268,0 75.6306888,25.0075483,0 75.6290487,25.0055619,0 75.62688,25.0017348,0 75.6251305,24.9990741,0 75.6234903,24.9972517,0 75.6222693,24.996377,0 75.6201736,24.9954293,0 75.61938904369671,24.995258757070232,0</coordinates></LinearRing></outerBoundaryIs></Polygon>
    </Placemark>
    <Placemark><name>High Fire Zone</name><styleUrl>#zone2</styleUrl>
      <MultiGeometry><Polygon><extrude>0</extrude><altitudeMode>clampToGround</altitudeMode><outerBoundaryIs><LinearRing><coordinates>75.67902202357917,25.038644245132193,0 75.67939808916834,25.02945609376759,0 75.68851972211125,25.020961569523564,0 75.69129001753464,25.006250678999884,0 75.71233765128407,24.985472065786915,0 75.72514109490588,24.98374151547732,0 75.73233796207506,24.975472062211576,0 75.76659506641072,24.962967060614112,0 75.7876704697345,24.942276220622702,0 75.78979704932108,24.91828165385063,0 75.7990549091429,24.909508769679853,0 75.79979860037578,24.888281650173077,0 75.80905664065394,24.87950809891757,0 75.8093663094219,24.87066735831415,0 75.8106589,24.8704535,0 75.8119889,24.8702565,0 75.811963,24.8687178,0 75.8119995,24.8663669,0 75.8134027,24.8650548,0 75.8154438,24.863688,0 75.8146237,24.8589315,0 75.8136032,24.8553232,0 75.8135902368739,24.855102056935515,0 75.81853028286014,24.850957740831955,0 75.81980118179361,24.83828164356415,0 75.82853152027874,24.83095729334105,0 75.83043968076926,24.817199309263327,0 75.84768011150213,24.80227308617222,0 75.85044107086209,24.787199306737246,0 75.9213016474277,24.71625048390611,0 75.94516517073296,24.713741910202632,0 75.95483127882231,24.704537270675253,0 75.99356990795327,24.704221833123068,0 76.00483098069809,24.694537339771074,0 76.03678475365291,24.694382397754556,0 76.04818311317594,24.703741888711257,0 76.07100272914732,24.705471957929262,0 76.07894340119083,24.713296008453387,0 76.0756097,24.7149254,0 76.0685388,24.7184609,0 76.067737,24.7208482,0 76.0656959,24.7228346,0 76.0627436,24.7259874,0 76.0599918,24.7288668,0 76.0576409,24.7303247,0 76.0572582,24.7319831,0 76.0593904,24.7344251,0 76.0665706,24.7415142,0 76.0654225,24.7426988,0 76.0703977,24.7439745,0 76.0802204,24.7488585,0 76.0906628,24.7548542,0 76.0973328,24.7570411,0 76.10365261684773,24.759366585429767,0 76.1048139793386,24.770955929630162,0 76.1135449245895,24.778281647281833,0 76.11428853277367,24.80950649976017,0 76.12393957067691,24.819456068063044,0 76.12394251363813,24.872898765853055,0 76.1146354549319,24.88180091793592,0 76.11355146489737,24.90407317372195,0 76.1046372703236,24.911800248893922,0 76.10291463952936,24.925155527779435,0 76.06101150184632,24.96688275160996,0 76.0473543332995,24.969022996831733,0 76.03981807860458,24.977461266373897,0 76.01735518411985,24.97902337301535,0 76.00101243719546,24.99688275006832,0 75.98735681833652,24.999022994923823,0 75.97981872240064,25.007461264072084,0 75.9573576507576,25.009023381410728,0 75.92472492215849,25.031063939894057,0 75.92013907208215,25.04326618279668,0 75.92483197715472,25.06096241514124,0 75.93412465206852,25.07103087560273,0 75.93395850872682,25.162898759318583,0 75.92465310126593,25.171794421637475,0 75.92292728225966,25.19515551447626,0 75.87676375108111,25.241401075888785,0 75.875337,25.2410981,0 75.874034,25.2402415,0 75.8726581,25.2388109,0 75.8709177,25.2369703,0 75.8698151,25.2359407,0 75.8687673,25.2350659,0 75.8672547,25.2336171,0 75.8665804,25.2326695,0 75.8661339,25.2321318,0 75.8636372,25.2328061,0 75.8615141,25.2333711,0 75.8587714,25.2344919,0 75.8571404,25.2348108,0 75.8549079,25.2344919,0 75.8537051,25.234018,0 75.8526026,25.2342367,0 75.8521379,25.2337993,0 75.8518281,25.2335351,0 75.8513087,25.2337173,0 75.850607,25.2338905,0 75.8501788,25.2336444,0 75.8497505,25.2332344,0 75.8491765,25.2326603,0 75.8485568,25.2325783,0 75.8479828,25.2330704,0 75.8473267,25.2328244,0 75.8465795,25.2323323,0 75.845723,25.2319223,0 75.8445111,25.2316398,0 75.8429985,25.2315305,0 75.841577,25.2315213,0 75.8384152,25.2315942,0 75.8349891,25.2308288,0 75.8325471,25.2300634,0 75.830105,25.2295531,0 75.8282917,25.2296443,0 75.8271436,25.2299996,0 75.8251937,25.2307742,0 75.8223781,25.2319405,0 75.8216947,25.2318858,0 75.8201001,25.2305372,0 75.8194896,25.2300725,0 75.8179314,25.230191,0 75.816273,25.2304279,0 75.8146875,25.2311477,0 75.8140861,25.2317765,0 75.8133207,25.2321227,0 75.8127193,25.2319496,0 75.8121635,25.2317127,0 75.811389,25.2316762,0 75.8111065,25.2320316,0 75.8110518,25.2325966,0 75.8107876,25.2330704,0 75.8102135,25.2337356,0 75.8097579,25.2343369,0 75.8091657,25.2352755,0 75.8081724,25.2360773,0 75.8082271,25.2367881,0 75.8077442,25.2370159,0 75.8073341,25.2370705,0 75.8071428,25.2365147,0 75.8069788,25.2360591,0 75.8065141,25.2355397,0 75.8059309,25.2356855,0 75.805612,25.2359407,0 75.8055026,25.2364054,0 75.8054206,25.2368336,0 75.8051381,25.2370523,0 75.8045185,25.2368974,0 75.8042361,25.2367972,0 75.8039354,25.2367607,0 75.8037258,25.2370159,0 75.8036802,25.2373712,0 75.8033431,25.2379726,0 75.8031244,25.2382824,0 75.8028419,25.2388747,0 75.8026415,25.2393941,0 75.8025959,25.2400957,0 75.8028146,25.2417632,0 75.8037805,25.2420639,0 75.8044092,25.2421642,0 75.8049559,25.2424466,0 75.8053295,25.2427564,0 75.8053933,25.2431118,0 75.8058762,25.2434581,0 75.8068785,25.2435856,0 75.8077533,25.2435856,0 75.808947,25.2436039,0 75.8109789,25.2438499,0 75.8140223,25.2445333,0 75.8159085,25.2448704,0 75.8165555,25.2453078,0 75.8165099,25.2456449,0 75.8157901,25.2462646,0 75.8150064,25.2471302,0 75.8127284,25.2500552,0 75.8114254,25.2524881,0 75.8110427,25.2531806,0 75.8094755,25.2559597,0 75.8087647,25.2570532,0 75.8076622,25.2573265,0 75.8057578,25.2574814,0 75.80380775424115,25.25781744330192,0 75.77963143036932,25.257817440714817,0 75.7790596,25.2565338,0 75.778522,25.2543925,0 75.7780299,25.2526065,0 75.7777201,25.2514857,0 75.7777839,25.2501098,0 75.7777475,25.248497,0 75.7779844,25.2452167,0 75.7780755,25.2439957,0 75.7783762,25.2435674,0 75.7783944,25.2429569,0 75.7787224,25.2422735,0 75.7785767,25.2413805,0 75.7783671,25.240442,0 75.7782213,25.2400684,0 75.7780026,25.2395126,0 75.7782304,25.2391663,0 75.7796883,25.238975,0 75.7798979,25.2382824,0 75.7806815,25.2380091,0 75.7805813,25.2365694,0 75.7805448,25.2357949,0 75.7803353,25.2353848,0 75.7799252,25.2349475,0 75.7795061,25.2342367,0 75.7793056,25.2328152,0 75.7790869,25.2315213,0 75.7789138,25.2300634,0 75.7783853,25.2289609,0 75.7772736,25.2265097,0 75.7745674,25.2218991,0 75.7701389,25.2126413,0 75.7680432,25.2086138,0 75.7658745,25.2054063,0 75.7629404,25.2021989,0 75.7587489,25.1990644,0 75.754685,25.1939252,0 75.7512589,25.191301,0 75.7491631,25.189843,0 75.7435319,25.1866174,0 75.7408347,25.1849226,0 75.7280415,25.1770498,0 75.7239775,25.1750816,0 75.7235037,25.1735326,0 75.7235766,25.1723115,0 75.7235948,25.1712363,0 75.7246336,25.1677009,0 75.7266929,25.1628897,0 75.73134,25.1558917,0 75.7353493,25.1499871,0 75.7325428,25.1468708,0 75.7274219,25.1421144,0 75.7239046,25.1394719,0 75.7207154,25.1377953,0 75.7150842,25.1342416,0 75.7110931,25.1320183,0 75.7108927,25.1250385,0 75.7110202,25.1242548,0 75.7124599,25.123289,0 75.7191482,25.1211385,0 75.720114,25.1197171,0 75.7257999,25.1177306,0 75.7293354,25.117111,0 75.7305382,25.1191157,0 75.7329802,25.1188423,0 75.7375726,25.1190063,0 75.7413268,25.1190063,0 75.7430398,25.1175849,0 75.7438235,25.1145779,0 75.7437688,25.1126461,0 75.7434954,25.1113158,0 75.7424931,25.1083635,0 75.740616,25.1061584,0 75.7395044,25.1042267,0 75.7385021,25.1032061,0 75.7372628,25.1024771,0 75.7363516,25.1019122,0 75.7336727,25.1006183,0 75.7313765,25.0979576,0 75.7296999,25.0952969,0 75.7284606,25.0918526,0 75.7270938,25.0877704,0 75.7248705,25.0844901,0 75.722228,25.0790593,0 75.7194215,25.0753052,0 75.7151389,25.0703847,0 75.712788,25.0685805,0 75.7078128,25.0669586,0 75.7031293,25.0640792,0 75.6997031,25.0616736,0 75.6961495,25.059104,0 75.6914659,25.0551858,0 75.6882038,25.0520149,0 75.6856707,25.0495364,0 75.6817889,25.0449075,0 75.6808048,25.041773,0 75.6797661,25.0394585,0 75.67902202357917,25.038644245132193,0</coordinates></LinearRing></outerBoundaryIs></Polygon><Polygon><extrude>0</extrude><altitudeMode>clampToGround</altitudeMode><outerBoundaryIs><LinearRing><coordinates>76.27923302397424,24.9210308960495,0 76.31234077264308,24.885472049117524,0 76.32515005330156,24.883741493847843,0 76.33234108480752,24.875472051739482,0 76.34515094474422,24.873741496413903,0 76.35286713908037,24.868617650222323,0 76.354534,24.8697011,0 76.3571688,24.8702758,0 76.3598036,24.8705516,0 76.3612476,24.8696092,0 76.3639077,24.8670808,0 76.3666185,24.8637939,0 76.3685185,24.8625296,0 76.3714573,24.8627135,0 76.3736867,24.8626446,0 76.3761695,24.8610585,0 76.3765748,24.860162,0 76.3765495,24.8588747,0 76.3761948,24.8579783,0 76.3761188,24.8568749,0 76.3766255,24.8554726,0 76.37719002250645,24.854698805439845,0 76.39515272449789,24.853741915729078,0 76.40482938916698,24.844537365806772,0 76.43851986067801,24.844537370251448,0 76.44228049445458,24.848114551802205,0 76.4421848,24.8515024,0 76.4411207,24.854077,0 76.439702,24.8563758,0 76.43879,24.8584906,0 76.4387393,24.8602836,0 76.4419314,24.8606974,0 76.4481637,24.8610652,0 76.45698,24.8617548,0 76.4629083,24.8640074,0 76.4702806,24.8635017,0 76.4726874,24.863088,0 76.4760315,24.8624214,0 76.47766050088858,24.862026112332572,0 76.4829118418422,24.86719932308825,0 76.48364671091895,24.872496086312935,0 76.4827451,24.8734543,0 76.4807944,24.876764,0 76.48426453282958,24.876949201131843,0 76.48482077281783,24.880958447958378,0 76.4884514144315,24.88434034473203,0 76.4890281,24.8857733,0 76.4902694,24.8868765,0 76.49097239413493,24.886688605461874,0 76.4939434078272,24.88945606716412,0 76.49394410466381,24.902045304374624,0 76.4904818,24.9010346,0 76.4864907,24.8999057,0 76.4831003,24.9017741,0 76.4804825,24.9064062,0 76.4794525,24.9104153,0 76.4754614,24.9187446,0 76.4717706,24.9274624,0 76.469314,24.9322278,0 76.4635225,24.9340231,0 76.4617538,24.9343895,0 76.4554023,24.9340003,0 76.4501666,24.9326772,0 76.4457893,24.9325215,0 76.4433002,24.9337668,0 76.4420985,24.9366465,0 76.4425277,24.9392927,0 76.4439868,24.9423279,0 76.4457893,24.9451296,0 76.4443301,24.9507328,0 76.4397811,24.9573473,0 76.4360046,24.9634168,0 76.4304256,24.9669961,0 76.4237308,24.9698751,0 76.4177226,24.9750103,0 76.41205737543083,24.977735216846416,0 76.40312372627997,24.977707517242976,0 76.3983772,24.966133,0 76.3897704,24.9679143,0 76.39259109535503,24.977674859849017,0 76.33508329833056,24.97749655161848,0 76.3326216,24.9743878,0 76.32936,24.9679298,0 76.3238238,24.9635725,0 76.3161849,24.958748,0 76.307001,24.9585924,0 76.2991046,24.9612381,0 76.29857736679968,24.96191385914146,0 76.29599566697807,24.959022971689777,0 76.2804331084148,24.95515545480282,0 76.27923302397424,24.9210308960495,0</coordinates></LinearRing></outerBoundaryIs></Polygon></MultiGeometry>
    </Placemark>
    <Placemark><name>Very High Fire Zone</name><styleUrl>#zone3</styleUrl>
      <MultiGeometry><Polygon><extrude>0</extrude><altitudeMode>clampToGround</altitudeMode><outerBoundaryIs><LinearRing><coordinates>75.71939861419943,25.12076995708938,0 75.720114,25.1197171,0 75.7257999,25.1177306,0 75.7293354,25.117111,0 75.7305382,25.1191157,0 75.7329802,25.1188423,0 75.7375726,25.1190063,0 75.7413268,25.1190063,0 75.7430398,25.1175849,0 75.7438235,25.1145779,0 75.7437688,25.1126461,0 75.7434954,25.1113158,0 75.7424931,25.1083635,0 75.740616,25.1061584,0 75.7395044,25.1042267,0 75.7385021,25.1032061,0 75.7372628,25.1024771,0 75.7363516,25.1019122,0 75.7336727,25.1006183,0 75.7313765,25.0979576,0 75.7296999,25.0952969,0 75.7284606,25.0918526,0 75.72832395518125,25.091444485075304,0 75.7535310341898,25.064893238311374,0 75.83101336960027,25.06547163286736,0 75.86395497932975,25.099456065205278,0 75.86356550731645,25.174073171983583,0 75.84206703212512,25.196104149036817,0 75.82737343456307,25.199023010898053,0 75.8185253903025,25.20781757535558,0 75.77482378518097,25.207817573859476,0 75.76597576487603,25.19902300191348,0 75.75768825693362,25.197723112850532,0 75.754685,25.1939252,0 75.7512589,25.191301,0 75.7491631,25.189843,0 75.7435319,25.1866174,0 75.7408347,25.1849226,0 75.7398890226839,25.18434064017961,0 75.7243477749966,25.16867366253081,0 75.7246336,25.1677009,0 75.7266929,25.1628897,0 75.73134,25.1558917,0 75.7353493,25.1499871,0 75.7325428,25.1468708,0 75.7274219,25.1421144,0 75.7239046,25.1394719,0 75.7207154,25.1377953,0 75.71954363286373,25.137055829039607,0 75.71939861419943,25.12076995708938,0</coordinates></LinearRing></outerBoundaryIs></Polygon><Polygon><extrude>0</extrude><altitudeMode>clampToGround</altitudeMode><outerBoundaryIs><LinearRing><coordinates>75.87923808562346,24.831030893377328,0 75.88853213400654,24.82095704181757,0 75.8912979349884,24.806250647029373,0 75.9212992095135,24.77625056820509,0 75.93515977188491,24.77374151967344,0 75.94353763360499,24.764893171070756,0 76.02851789175087,24.76453715422129,0 76.06290858935687,24.79719930616398,0 76.06481644368014,24.81095683234122,0 76.07354698588836,24.818281643194805,0 76.07394196480408,24.86289875308414,0 76.06463484926405,24.871801131432868,0 76.06291277566753,24.885155518233567,0 76.02101025323057,24.926882747232114,0 76.00735102689553,24.929022994074195,0 75.99852218237014,24.93781761656125,0 75.97864907964856,24.93844670278931,0 75.96852253355956,24.947817576361118,0 75.92482666446963,24.947817577578277,0 75.91599736987715,24.939023009151104,0 75.90129252783093,24.93610415306516,0 75.87979721815373,24.91407317412556,0 75.87923808562346,24.831030893377328,0</coordinates></LinearRing></outerBoundaryIs></Polygon></MultiGeometry>
    </Placemark>
  </Folder>
  <Folder><name>District Boundary</name>
    <Placemark><name>Kota District</name><styleUrl>#boundary</styleUrl>
      <Polygon><extrude>0</extrude><altitudeMode>clampToGround</altitudeMode><outerBoundaryIs><LinearRing><coordinates>75.6166746,24.9908916,0 75.6171076,24.990271,0 75.6186822,24.9893599,0 75.621315,24.988671,0 75.6247349,24.9881052,0 75.6261463,24.9868505,0 75.6284534,24.98503,0 75.635646,24.9810444,0 75.6404502,24.9795436,0 75.6428116,24.9786086,0 75.644033,24.9781904,0 75.6466386,24.9776737,0 75.6476972,24.9770094,0 75.6481043,24.9760006,0 75.6495428,24.9711536,0 75.6508185,24.9651252,0 75.6520942,24.9619264,0 75.6554327,24.9584814,0 75.6574955,24.9553316,0 75.6626525,24.9489825,0 75.6674838,24.9425593,0 75.672478,24.9380554,0 75.6767665,24.9350282,0 75.6808107,24.9344129,0 75.688899,24.9300318,0 75.6928889,24.9272997,0 75.6939475,24.9242722,0 75.6962546,24.9225246,0 75.7058629,24.9169861,0 75.7190812,24.9091827,0 75.726871,24.903496,0 75.7337922,24.8966272,0 75.7385421,24.8921709,0 75.7463862,24.8866311,0 75.753226,24.8823469,0 75.7605273,24.8784564,0 75.7662543,24.8771021,0 75.7737456,24.876979,0 75.7783597,24.8761664,0 75.7829468,24.8758463,0 75.7895966,24.874295,0 75.7977121,24.8720788,0 75.8060448,24.8712169,0 75.8106589,24.8704535,0 75.8119889,24.8702565,0 75.811963,24.8687178,0 75.8119995,24.8663669,0 75.8134027,24.8650548,0 75.8154438,24.863688,0 75.8146237,24.8589315,0 75.8136032,24.8553232,0 75.8132934,24.8500382,0 75.8127102,24.8454275,0 75.8127193,24.8424661,0 75.8129289,24.8403612,0 75.8113799,24.8361515,0 75.8101406,24.8310123,0 75.8096304,24.8257456,0 75.8091383,24.8232125,0 75.8061131,24.8212078,0 75.8043454,24.8199868,0 75.8031973,24.8165242,0 75.8016665,24.8106197,0 75.8031426,24.8104739,0 75.8023408,24.8071389,0 75.8011744,24.8000315,0 75.8011926,24.7958218,0 75.8011197,24.7923045,0 75.8005912,24.7897532,0 75.7994614,24.7882953,0 75.7979488,24.785835,0 75.795689,24.7796389,0 75.7939395,24.7755749,0 75.7918073,24.7720394,0 75.7907138,24.7707091,0 75.7887639,24.7691054,0 75.7859574,24.7664264,0 75.7840256,24.7640938,0 75.7845252,24.7616473,0 75.7864044,24.7611939,0 75.7876964,24.7602737,0 75.7919526,24.7588244,0 75.7960314,24.757352,0 75.7973741,24.7568689,0 75.7991476,24.7565698,0 75.8021877,24.7565238,0 75.8069505,24.7530038,0 75.8115361,24.7478502,0 75.8164003,24.7430415,0 75.8218725,24.7386698,0 75.8261287,24.734459,0 75.8272687,24.7338147,0 75.8296755,24.7332625,0 75.8308726,24.7334536,0 75.8322759,24.7328652,0 75.8323841,24.7328198,0 75.8331767,24.7323219,0 75.8337772,24.7312997,0 75.833957,24.729949,0 75.8341374,24.7284776,0 75.836004,24.7277725,0 75.837321,24.7250572,0 75.8373035,24.7217229,0 75.8378502,24.7182422,0 75.8376946,24.7176092,0 75.8371486,24.7169391,0 75.8368935,24.7128479,0 75.8364569,24.7092153,0 75.8359458,24.7057678,0 75.8351909,24.7011094,0 75.834185,24.6987422,0 75.8337036,24.6940697,0 75.8328423,24.6873484,0 75.8303342,24.6822151,0 75.8262553,24.6693924,0 75.8250585,24.6674384,0 75.8262553,24.6675967,0 75.8279021,24.6675967,0 75.8303342,24.6676197,0 75.8354011,24.6682643,0 75.8373771,24.6681262,0 75.8393025,24.6676197,0 75.8405946,24.6667218,0 75.841228,24.6657549,0 75.8426974,24.6652714,0 75.8442174,24.6648109,0 75.8457628,24.6641202,0 75.8468522,24.6633605,0 75.8473589,24.6624395,0 75.8465735,24.6607358,0 75.8471815,24.6585025,0 75.8472829,24.6550488,0 75.8473842,24.6500984,0 75.8473943,24.6478973,0 75.8471978,24.6461917,0 75.8468028,24.644082,0 75.8440924,24.6414233,0 75.8420741,24.6398621,0 75.8408479,24.638585,0 75.8412786,24.6355453,0 75.8416586,24.6342327,0 75.8429,24.6336339,0 75.8444201,24.632874,0 75.8454081,24.6315613,0 75.8455601,24.6303408,0 75.8444708,24.6287517,0 75.8429254,24.6272548,0 75.8398092,24.6240996,0 75.8382385,24.6229942,0 75.8380001,24.6221905,0 75.8365268,24.6208825,0 75.8334756,24.6216354,0 75.8307395,24.6210596,0 75.8281565,24.6204914,0 75.8276172,24.6195924,0 75.8258654,24.6157944,0 75.8246535,24.6144544,0 75.8249886,24.6134361,0 75.8259046,24.6108151,0 75.8276277,24.6102899,0 75.829543,24.6079872,0 75.8328067,24.6050953,0 75.8342701,24.6059155,0 75.8363144,24.6061095,0 75.8363771,24.6049614,0 75.8359429,24.6028241,0 75.8355573,24.6009842,0 75.8346983,24.5991738,0 75.8340354,24.5978673,0 75.8325748,24.5956102,0 75.8340583,24.5953543,0 75.8354208,24.5950097,0 75.8374437,24.5965469,0 75.8383172,24.5976551,0 75.8393233,24.600068,0 75.8407364,24.60361,0 75.8410092,24.6058335,0 75.8415353,24.6069837,0 75.8424947,24.6070099,0 75.8457861,24.6075843,0 75.8458767,24.6092727,0 75.8471663,24.60967,0 75.8486454,24.6108335,0 75.8492721,24.6109047,0 75.8530338,24.6102806,0 75.8553251,24.6099605,0 75.85832,24.6099695,0 75.8592268,24.6104282,0 75.86296,24.6099799,0 75.8627115,24.6081615,0 75.8628333,24.6061709,0 75.8643223,24.6062279,0 75.8664357,24.606457,0 75.8676264,24.6066413,0 75.8694667,24.6065176,0 75.8712999,24.6066413,0 75.8716545,24.6041767,0 75.8724906,24.5974045,0 75.8726133,24.5950697,0 75.8721097,24.5903663,0 75.872389,24.5901059,0 75.8750412,24.5869726,0 75.8767788,24.5854684,0 75.8783339,24.5834271,0 75.8820328,24.5816408,0 75.8847524,24.581509,0 75.8866579,24.5813956,0 75.8904217,24.5805816,0 75.8941665,24.5797539,0 75.8949115,24.5789057,0 75.8962215,24.5776979,0 75.8986167,24.5762494,0 75.9009564,24.5756472,0 75.906405,24.5755433,0 75.9109735,24.5737679,0 75.9121665,24.572514,0 75.9144158,24.5722427,0 75.9148637,24.5691203,0 75.9140831,24.566169,0 75.9130558,24.5659252,0 75.9122263,24.5613997,0 75.9092481,24.5618718,0 75.9059445,24.5626156,0 75.9057884,24.5616097,0 75.9052587,24.5530771,0 75.9044479,24.5530568,0 75.904407,24.5521183,0 75.9040045,24.5520274,0 75.9040808,24.5511942,0 75.9035887,24.5509997,0 75.9037304,24.5484112,0 75.9044499,24.5483733,0 75.9042424,24.5467564,0 75.904201,24.5464107,0 75.9057945,24.5460674,0 75.9059662,24.545375,0 75.9077764,24.5450696,0 75.9094165,24.5448915,0 75.9130865,24.5439251,0 75.914858,24.5432923,0 75.9158336,24.5428402,0 75.9166604,24.542125,0 75.9174354,24.5411776,0 75.920487,24.5473921,0 75.920159,24.5476837,0 75.920651,24.5488865,0 75.9225828,24.5487225,0 75.9257173,24.5491234,0 75.9279042,24.5495608,0 75.9281229,24.5502168,0 75.9325331,24.5510187,0 75.9389115,24.5501075,0 75.9429936,24.5487589,0 75.942939,24.5474832,0 75.9476043,24.5461893,0 75.9472581,24.5449865,0 75.947659,24.5444763,0 75.9489529,24.544294,0 75.9496454,24.5442758,0 75.9497547,24.5435651,0 75.9517229,24.5434193,0 75.9524884,24.544294,0 75.9527435,24.5476655,0 75.9532173,24.549415,0 75.9580102,24.5497794,0 75.9586116,24.5501439,0 75.9582836,24.5515654,0 75.9574635,24.5532602,0 75.9573359,24.5542626,0 75.9571537,24.5558845,0 75.9572084,24.5623358,0 75.9628578,24.5635386,0 75.9636232,24.5620806,0 75.9685073,24.5616979,0 75.9688171,24.5613335,0 75.9710222,24.5610054,0 75.9757057,24.5601671,0 75.9804622,24.5585634,0 75.9839065,24.557798,0 75.983943,24.5571784,0 75.9860023,24.5570144,0 75.9860752,24.5559574,0 75.987934,24.555684,0 75.9885354,24.5589643,0 75.9914513,24.5598391,0 75.9934012,24.5599302,0 75.9963171,24.5589643,0 75.9970643,24.5589826,0 75.9986133,24.5588368,0 75.9987044,24.5571055,0 76.0013469,24.5564859,0 76.0041899,24.5568504,0 76.0039712,24.5551191,0 76.0056113,24.5554289,0 76.0088917,24.5571237,0 76.0110603,24.5574518,0 76.0135206,24.5566317,0 76.0171289,24.5552102,0 76.021284,24.5526953,0 76.0261316,24.5507635,0 76.0271703,24.5507635,0 76.0284825,24.5545906,0 76.0303231,24.5538981,0 76.0323277,24.5581807,0 76.0342777,24.5622264,0 76.0373211,24.5616068,0 76.0373758,24.5625363,0 76.0407472,24.5620442,0 76.0413122,24.5629372,0 76.042843,24.5622993,0 76.044228,24.5665455,0 76.045613,24.5706824,0 76.0478728,24.5705184,0 76.0521737,24.5689693,0 76.0542877,24.5676936,0 76.0536863,24.5666184,0 76.0529209,24.5659077,0 76.0522466,24.5648325,0 76.0565198,24.5623372,0 76.0576512,24.5640785,0 76.0590806,24.5657801,0 76.0612401,24.5672927,0 76.0640557,24.5689511,0 76.0668258,24.5702085,0 76.0679101,24.5701721,0 76.0695138,24.5696801,0 76.0704068,24.5697256,0 76.0710629,24.5698896,0 76.072047,24.5703543,0 76.0737418,24.5718487,0 76.0745345,24.5732884,0 76.0750084,24.5754206,0 76.0752726,24.5777624,0 76.0748535,24.5793661,0 76.0739149,24.5815894,0 76.0714911,24.5892162,0 76.0704159,24.5918222,0 76.067172,24.5978908,0 76.0642562,24.6023375,0 76.0629987,24.6069482,0 76.0616866,24.6109574,0 76.0604656,24.6131261,0 76.0576955,24.6155681,0 76.0562559,24.6169167,0 76.0555633,24.6187938,0 76.0554358,24.6199237,0 76.0555816,24.6218372,0 76.0567115,24.6256278,0 76.0566021,24.6271768,0 76.055454,24.631259,0 76.05529,24.6328991,0 76.0553811,24.6353229,0 76.0560189,24.6370178,0 76.0568026,24.6381841,0 76.0614315,24.6418836,0 76.0622698,24.6440522,0 76.0627618,24.6479339,0 76.0627983,24.6527998,0 76.0623973,24.659087,0 76.0617231,24.6629688,0 76.061559,24.6668869,0 76.0621422,24.6694018,0 76.0633814,24.67137,0 76.0655683,24.6729191,0 76.0694136,24.6746321,0 76.0739514,24.6767097,0 76.0773228,24.67804,0 76.0796373,24.6790788,0 76.0836283,24.6819399,0 76.0865988,24.6842726,0 76.0878198,24.6852932,0 76.0910819,24.6873525,0 76.0931048,24.6880268,0 76.0947632,24.6883184,0 76.096458,24.6885735,0 76.0975879,24.6888286,0 76.0987178,24.6894665,0 76.0994832,24.6902136,0 76.1007224,24.6914711,0 76.0994103,24.6924916,0 76.0989183,24.6947332,0 76.0989911,24.6972663,0 76.0980435,24.6986514,0 76.0955286,24.7011298,0 76.0937426,24.7030433,0 76.0920296,24.7046471,0 76.0878381,24.7077816,0 76.0846853,24.709932,0 76.0837194,24.7109708,0 76.0830451,24.7122829,0 76.0820975,24.7117544,0 76.0756097,24.7149254,0 76.0685388,24.7184609,0 76.067737,24.7208482,0 76.0656959,24.7228346,0 76.0627436,24.7259874,0 76.0599918,24.7288668,0 76.0576409,24.7303247,0 76.0572582,24.7319831,0 76.0593904,24.7344251,0 76.0665706,24.7415142,0 76.0654225,24.7426988,0 76.0703977,24.7439745,0 76.0802204,24.7488585,0 76.0906628,24.7548542,0 76.0973328,24.7570411,0 76.1057523,24.7601392,0 76.1117844,24.7622167,0 76.1144451,24.7637475,0 76.1166867,24.7658068,0 76.1177801,24.7676475,0 76.1177619,24.7695974,0 76.11696,24.77111,0 76.1150651,24.7732432,0 76.1164497,24.7747742,0 76.1198941,24.7794019,0 76.1227006,24.7823178,0 76.1278398,24.7857257,0 76.131685,24.7888602,0 76.1345462,24.7910471,0 76.1366602,24.796897,0 76.1378265,24.7997217,0 76.1394849,24.79779,0 76.1430932,24.7964961,0 76.1450432,24.7964596,0 76.1464282,24.7962774,0 76.1499273,24.7955302,0 76.1522235,24.7962591,0 76.1497268,24.7916303,0 76.1466105,24.7888055,0 76.1407241,24.7806776,0 76.1400863,24.7760669,0 76.1386101,24.7684675,0 76.1392844,24.7643307,0 76.1398129,24.7598476,0 76.1412891,24.7567131,0 76.1410157,24.7531776,0 76.1498726,24.7469632,0 76.1526062,24.7449221,0 76.1545926,24.7440474,0 76.1571075,24.7452502,0 76.1616635,24.7461978,0 76.1651443,24.7472001,0 76.1693723,24.7482207,0 76.1717596,24.7498426,0 76.1735456,24.7505533,0 76.1756049,24.7508267,0 76.1782838,24.7511183,0 76.1810903,24.7522846,0 76.1848809,24.7532323,0 76.1885257,24.7549453,0 76.1928448,24.7568406,0 76.1966718,24.753779,0 76.2003531,24.7542528,0 76.201839,24.7543052,0 76.2038204,24.7576219,0 76.2080766,24.7629131,0 76.2130928,24.7691702,0 76.218717,24.7801194,0 76.2198317,24.7848577,0 76.220085,24.7943336,0 76.2230238,24.8024749,0 76.2261146,24.8119035,0 76.2266213,24.8158587,0 76.2254559,24.8193079,0 76.2224158,24.8254702,0 76.2212464,24.8289997,0 76.2290023,24.8287533,0 76.2297849,24.8296455,0 76.2354803,24.8290058,0 76.235653,24.8285703,0 76.2389333,24.828297,0 76.2393119,24.8292671,0 76.2426928,24.8285609,0 76.245273,24.8281383,0 76.2503848,24.8272177,0 76.2514488,24.8273097,0 76.2521582,24.8285053,0 76.2510435,24.8317242,0 76.2506381,24.8333336,0 76.2502835,24.8356328,0 76.2505368,24.8378859,0 76.2516515,24.8399091,0 76.2534756,24.8414264,0 76.2551476,24.8421621,0 76.2574277,24.8428518,0 76.2614812,24.842438,0 76.2686255,24.8421161,0 76.2680175,24.8366904,0 76.2673081,24.8290571,0 76.2654334,24.8241366,0 76.2674094,24.8212394,0 76.2674601,24.8200437,0 76.2671054,24.8184801,0 76.2664974,24.8158127,0 76.2660414,24.8135132,0 76.265484,24.8108457,0 76.265636,24.8084081,0 76.2681188,24.8079482,0 76.2715643,24.8074883,0 76.273591,24.8074883,0 76.2784552,24.8075343,0 76.2802792,24.8077182,0 76.2830153,24.8079942,0 76.2845861,24.8095119,0 76.2863595,24.8129153,0 76.2869675,24.8148929,0 76.2878289,24.8149849,0 76.2897036,24.8156288,0 76.2912743,24.8184801,0 76.2888928,24.8250104,0 76.2876768,24.8316323,0 76.2872209,24.835058,0 76.2909703,24.834966,0 76.2960625,24.834966,0 76.3007494,24.8342073,0 76.3027001,24.8341613,0 76.3053095,24.8341843,0 76.3057909,24.8353569,0 76.3041188,24.8360926,0 76.3026241,24.8366214,0 76.3013067,24.837564,0 76.3013321,24.8389664,0 76.3022441,24.8405068,0 76.3039161,24.8408976,0 76.3051322,24.8405068,0 76.3052335,24.8380698,0 76.308527,24.8371732,0 76.309667,24.8367133,0 76.3122511,24.8364834,0 76.3127071,24.8372651,0 76.3121498,24.8404378,0 76.3123778,24.8422541,0 76.3124791,24.8436105,0 76.3133658,24.8458175,0 76.3143032,24.8470819,0 76.3154179,24.8480474,0 76.3162539,24.8486221,0 76.3177233,24.848898,0 76.3189647,24.8485302,0 76.3205101,24.8475187,0 76.3213715,24.846898,0 76.3236769,24.8464842,0 76.3249436,24.8465301,0 76.3263623,24.8474957,0 76.3278317,24.8485072,0 76.3282624,24.8500245,0 76.3291998,24.8521854,0 76.3290477,24.8557025,0 76.3303145,24.856714,0 76.3309732,24.8573806,0 76.3312012,24.858346,0 76.3312012,24.8594494,0 76.3310998,24.8603689,0 76.3308465,24.8615182,0 76.3309732,24.8629664,0 76.3317332,24.8640237,0 76.3331266,24.8644834,0 76.334976,24.8639318,0 76.3365467,24.863564,0 76.3386494,24.863564,0 76.3401948,24.8638628,0 76.3419176,24.8643915,0 76.3433616,24.865173,0 76.3460977,24.8660005,0 76.3496192,24.8672417,0 76.3513926,24.8679083,0 76.3528366,24.8685978,0 76.354534,24.8697011,0 76.3571688,24.8702758,0 76.3598036,24.8705516,0 76.3612476,24.8696092,0 76.3639077,24.8670808,0 76.3666185,24.8637939,0 76.3685185,24.8625296,0 76.3714573,24.8627135,0 76.3736867,24.8626446,0 76.3761695,24.8610585,0 76.3765748,24.860162,0 76.3765495,24.8588747,0 76.3761948,24.8579783,0 76.3761188,24.8568749,0 76.3766255,24.8554726,0 76.3778162,24.8538405,0 76.3834658,24.8496796,0 76.3859739,24.846783,0 76.3862779,24.8448749,0 76.3877473,24.8426449,0 76.3908127,24.8407597,0 76.3935488,24.8380468,0 76.3975516,24.8363455,0 76.398717,24.8361616,0 76.3998064,24.8367363,0 76.4009464,24.8378859,0 76.4017571,24.8389894,0 76.4030998,24.8397711,0 76.4044932,24.8403919,0 76.4055066,24.842507,0 76.4106748,24.842461,0 76.4150323,24.8421391,0 76.415919,24.8420012,0 76.416983,24.8415184,0 76.417971,24.840139,0 76.4190858,24.8381388,0 76.4196431,24.8365754,0 76.4192124,24.8297929,0 76.4423679,24.8311724,0 76.4417794,24.8455252,0 76.4422861,24.8479161,0 76.4421848,24.8515024,0 76.4411207,24.854077,0 76.439702,24.8563758,0 76.43879,24.8584906,0 76.4387393,24.8602836,0 76.4419314,24.8606974,0 76.4481637,24.8610652,0 76.45698,24.8617548,0 76.4629083,24.8640074,0 76.4702806,24.8635017,0 76.4726874,24.863088,0 76.4760315,24.8624214,0 76.4782103,24.8618927,0 76.4811997,24.861364,0 76.4834292,24.8616398,0 76.4864946,24.8635707,0 76.4870773,24.8676851,0 76.4854052,24.8706272,0 76.4827451,24.8734543,0 76.4807944,24.876764,0 76.486824,24.8770858,0 76.4900668,24.8774995,0 76.4904721,24.8794761,0 76.4895601,24.8814756,0 76.4887747,24.8829925,0 76.4884454,24.8843254,0 76.4890281,24.8857733,0 76.4902694,24.8868765,0 76.4931069,24.8861181,0 76.495387,24.8851528,0 76.4974137,24.8844863,0 76.4995672,24.883636,0 76.5006819,24.8835211,0 76.5022273,24.8852218,0 76.5034433,24.8896113,0 76.5044693,24.8928516,0 76.5062371,24.8967904,0 76.5046868,24.8990883,0 76.5007386,24.9015406,0 76.4982924,24.9024748,0 76.4942154,24.9021245,0 76.4904818,24.9010346,0 76.4864907,24.8999057,0 76.4831003,24.9017741,0 76.4804825,24.9064062,0 76.4794525,24.9104153,0 76.4754614,24.9187446,0 76.4717706,24.9274624,0 76.469314,24.9322278,0 76.4635225,24.9340231,0 76.4617538,24.9343895,0 76.4554023,24.9340003,0 76.4501666,24.9326772,0 76.4457893,24.9325215,0 76.4433002,24.9337668,0 76.4420985,24.9366465,0 76.4425277,24.9392927,0 76.4439868,24.9423279,0 76.4457893,24.9451296,0 76.4443301,24.9507328,0 76.4397811,24.9573473,0 76.4360046,24.9634168,0 76.4304256,24.9669961,0 76.4237308,24.9698751,0 76.4177226,24.9750103,0 76.4093112,24.9790561,0 76.4045064,24.9810792,0 76.3983772,24.966133,0 76.3897704,24.9679143,0 76.3943655,24.9838149,0 76.388536,24.9850051,0 76.3811432,24.9840561,0 76.3726451,24.9822028,0 76.3665247,24.9823626,0 76.3634777,24.9835685,0 76.3575124,24.9866804,0 76.3504314,24.9877696,0 76.3456249,24.9873417,0 76.341033,24.9837824,0 76.3357329,24.9783169,0 76.3326216,24.9743878,0 76.32936,24.9679298,0 76.3238238,24.9635725,0 76.3161849,24.958748,0 76.307001,24.9585924,0 76.2991046,24.9612381,0 76.2966155,24.9644284,0 76.2931823,24.9690192,0 76.285715,24.9830239,0 76.2749862,25.0001387,0 76.2653731,25.0142177,0 76.2634849,25.0205177,0 76.2601375,25.0253397,0 76.2508678,25.0335056,0 76.243658,25.0417487,0 76.2331866,25.0557452,0 76.2234878,25.0716059,0 76.2173938,25.0862209,0 76.2131023,25.1015336,0 76.207695,25.1131917,0 76.2029314,25.1178546,0 76.1987257,25.1226339,0 76.1984629,25.123836,0 76.1986512,25.1251247,0 76.2008232,25.1333198,0 76.2009829,25.1453319,0 76.2097549,25.1577155,0 76.2206954,25.1594531,0 76.2294959,25.1590362,0 76.2350749,25.1629983,0 76.2373065,25.1736407,0 76.2417697,25.1776799,0 76.2482928,25.1838939,0 76.2488078,25.1893308,0 76.2450313,25.1943015,0 76.245117,25.1993497,0 76.2485502,25.2128622,0 76.2439155,25.2289354,0 76.2448167,25.2348361,0 76.2476062,25.2389898,0 76.2506961,25.241513,0 76.2552881,25.2426387,0 76.2638282,25.242794,0 76.2767028,25.2435703,0 76.2830972,25.2468309,0 76.2864017,25.2523815,0 76.2870884,25.2572331,0 76.2863159,25.2646849,0 76.2882042,25.2713213,0 76.2931823,25.2797812,0 76.2998342,25.2883569,0 76.3020229,25.2946428,0 76.3018608,25.2960343,0 76.3012761,25.3008651,0 76.3013505,25.3038524,0 76.3023413,25.3079943,0 76.3022435,25.3114336,0 76.3015446,25.3180965,0 76.3014599,25.3203998,0 76.3017332,25.3230423,0 76.3022417,25.3253752,0 76.3030818,25.3300039,0 76.3037197,25.3318263,0 76.3043939,25.3343776,0 76.3062346,25.3365099,0 76.3084943,25.338478,0 76.3117564,25.3409747,0 76.3130686,25.3425785,0 76.3130321,25.3439817,0 76.3152554,25.3471345,0 76.3162213,25.3492667,0 76.3166587,25.3528932,0 76.3171872,25.3560278,0 76.3178797,25.3589072,0 76.3182442,25.3622968,0 76.3185175,25.363937,0 76.3188456,25.3659234,0 76.3194652,25.370443,0 76.3199548,25.3727796,0 76.3202124,25.3744705,0 76.320996,25.3765844,0 76.3200119,25.3773134,0 76.3210325,25.3790811,0 76.3221806,25.3805755,0 76.3232758,25.3818364,0 76.3249412,25.3820049,0 76.3260167,25.3816963,0 76.3269553,25.3816325,0 76.3279758,25.3819514,0 76.3287868,25.382653,0 76.3298073,25.3834002,0 76.3313655,25.3841018,0 76.3332608,25.3844117,0 76.3340991,25.3835733,0 76.3346731,25.3829537,0 76.3357575,25.380776,0 76.3364317,25.3795185,0 76.3380537,25.3788624,0 76.33922,25.3786255,0 76.3402041,25.3785344,0 76.3406962,25.3786073,0 76.3417167,25.378334,0 76.3425003,25.3784433,0 76.3432111,25.3788807,0 76.3442681,25.3795914,0 76.344833,25.3805573,0 76.3463638,25.3808489,0 76.3475302,25.3824161,0 76.3490428,25.3840198,0 76.3512114,25.3866805,0 76.3536717,25.3899791,0 76.3545282,25.3914735,0 76.3576627,25.3926762,0 76.3657542,25.3947356,0 76.3669023,25.3938608,0 76.3682509,25.3938061,0 76.3679775,25.3933323,0 76.3700915,25.3922024,0 76.3695812,25.3903618,0 76.3709662,25.3898151,0 76.3706018,25.388667,0 76.3747204,25.3870997,0 76.3747022,25.3863525,0 76.3757592,25.3859334,0 76.3760325,25.385496,0 76.3774358,25.3854778,0 76.3780189,25.3842568,0 76.3794404,25.3842932,0 76.3794951,25.384603,0 76.3804427,25.3847306,0 76.3822651,25.3850222,0 76.3830852,25.3879745,0 76.3839964,25.3877922,0 76.3849623,25.3899426,0 76.3841604,25.3903618,0 76.3853268,25.3925669,0 76.3862197,25.3928949,0 76.3870034,25.3929861,0 76.387787,25.3926945,0 76.3885524,25.3925669,0 76.3889169,25.3916193,0 76.3902837,25.3923847,0 76.3915047,25.3912912,0 76.3927439,25.3921295,0 76.3940014,25.3921478,0 76.394785,25.3918926,0 76.3959514,25.3918197,0 76.3976644,25.392166,0 76.3999424,25.392002,0 76.4013457,25.392494,0 76.4029129,25.3920931,0 76.40479,25.3920384,0 76.4049176,25.3902889,0 76.4054278,25.3895417,0 76.4059563,25.3884301,0 76.4062661,25.3872819,0 76.4073231,25.3867717,0 76.4085806,25.386717,0 76.4097287,25.3865712,0 76.4104941,25.3864983,0 76.411296,25.3839834,0 76.413009,25.3839652,0 76.4136833,25.3868263,0 76.4150866,25.386881,0 76.4160889,25.3863343,0 76.4166903,25.3856053,0 76.4177837,25.3851862,0 76.4195332,25.3846577,0 76.4204991,25.3841474,0 76.4210823,25.3844937,0 76.421957,25.3839105,0 76.4232691,25.3850404,0 76.4236701,25.386553,0 76.4241439,25.3869721,0 76.4282261,25.3853502,0 76.4282261,25.3844754,0 76.4315064,25.3844937,0 76.4369554,25.3844208,0 76.4379941,25.3845848,0 76.4381764,25.3873731,0 76.4401081,25.3875553,0 76.4401081,25.3897422,0 76.4386502,25.3894324,0 76.4378666,25.3913459,0 76.4372652,25.3928949,0 76.4369736,25.3944258,0 76.4369554,25.3959748,0 76.4367002,25.3979065,0 76.4369371,25.40177,0 76.4372105,25.4034284,0 76.4376843,25.4038476,0 76.4391423,25.4040663,0 76.4397072,25.4045947,0 76.4401081,25.4056153,0 76.4404908,25.4061438,0 76.4411104,25.4068545,0 76.4413656,25.4073101,0 76.4416389,25.407948,0 76.4455024,25.4074559,0 76.4474706,25.4076746,0 76.4533752,25.4075835,0 76.4553252,25.4078751,0 76.4574574,25.4082031,0 76.4599723,25.4088774,0 76.4609928,25.4093694,0 76.4618494,25.4096246,0 76.4621774,25.4092965,0 76.4625783,25.409497,0 76.4623596,25.4104993,0 76.4628881,25.4106087,0 76.4630157,25.4114105,0 76.4652026,25.4122124,0 76.4674077,25.4122488,0 76.4713258,25.411283,0 76.472638,25.4105176,0 76.4737314,25.4101348,0 76.4752805,25.4111189,0 76.475572,25.412832,0 76.475572,25.4135427,0 76.4762281,25.4138525,0 76.477358,25.4134881,0 76.4784332,25.4133605,0 76.4810028,25.412996,0 76.4860326,25.417224,0 76.4902059,25.414946,0 76.4903882,25.4158572,0 76.490862,25.4166044,0 76.4911171,25.4170782,0 76.4910989,25.4178436,0 76.4909896,25.4184268,0 76.4908073,25.4191922,0 76.4907344,25.4197389,0 76.4902606,25.4206865,0 76.4905886,25.4216889,0 76.4914269,25.4228734,0 76.4916456,25.4240215,0 76.492812,25.4251697,0 76.4925568,25.4268827,0 76.4922835,25.4274294,0 76.4916638,25.4279033,0 76.4913905,25.4283406,0 76.4913358,25.4295799,0 76.4955273,25.4304728,0 76.4986254,25.4294887,0 76.502981,25.4289967,0 76.5060973,25.428614,0 76.5106715,25.4279215,0 76.5100519,25.4256435,0 76.5124939,25.4242585,0 76.511856,25.4197753,0 76.5163391,25.4194838,0 76.5207311,25.4169871,0 76.52259,25.4201763,0 76.5261254,25.4187548,0 76.5266904,25.4191375,0 76.5272736,25.420723,0 76.5275834,25.4240762,0 76.5342533,25.424951,0 76.5352192,25.4206683,0 76.5356019,25.4204861,0 76.5354197,25.4200852,0 76.5349276,25.4196842,0 76.5351828,25.4194109,0 76.5361122,25.4193562,0 76.5366043,25.4198209,0 76.5367318,25.4200122,0 76.5370507,25.4198391,0 76.5370234,25.4194838,0 76.5370507,25.4190646,0 76.5372785,25.4191284,0 76.5374972,25.4193744,0 76.5379346,25.4195658,0 76.5379893,25.4193288,0 76.5380348,25.4189188,0 76.5380986,25.4185999,0 76.5384904,25.4187092,0 76.5388549,25.418855,0 76.5392103,25.4188186,0 76.5397661,25.418773,0 76.5401944,25.4187548,0 76.5407593,25.4188368,0 76.5408869,25.4193562,0 76.5407958,25.4201854,0 76.5409416,25.420969,0 76.5412787,25.4213699,0 76.5419074,25.4217344,0 76.5425635,25.4219713,0 76.5435203,25.4213153,0 76.544878,25.4198482,0 76.5456707,25.4193015,0 76.546181,25.4191648,0 76.5470739,25.4192286,0 76.5480489,25.4197298,0 76.5485136,25.4203129,0 76.5488143,25.4207777,0 76.5488417,25.4210146,0 76.5497164,25.420846,0 76.5510286,25.4208232,0 76.5513657,25.4211968,0 76.5526869,25.4210237,0 76.5526961,25.4189644,0 76.5592202,25.417388,0 76.5582635,25.4137341,0 76.560988,25.413643,0 76.562701,25.4135792,0 76.5638856,25.4130871,0 76.5648241,25.4124948,0 76.5658356,25.4121121,0 76.5686694,25.4116474,0 76.5706376,25.4111827,0 76.5713757,25.4104902,0 76.5717401,25.4093877,0 76.5726878,25.4068636,0 76.5742733,25.4067452,0 76.5751025,25.4067634,0 76.5754123,25.4068181,0 76.5756856,25.4073283,0 76.5756401,25.4079297,0 76.5755307,25.4086678,0 76.5754123,25.4096792,0 76.5754852,25.4118752,0 76.5747107,25.4121577,0 76.5744555,25.4134516,0 76.5748473,25.4147728,0 76.5748747,25.416413,0 76.5757494,25.4165315,0 76.5756765,25.4187821,0 76.5755216,25.420477,0 76.5755034,25.4215248,0 76.5746013,25.4218529,0 76.5737903,25.4223358,0 76.5730796,25.4235021,0 76.5725784,25.4251696,0 76.5721502,25.4282039,0 76.5718313,25.4319216,0 76.5714759,25.4345459,0 76.5714394,25.4354753,0 76.5723703,25.4383309,0 76.5719527,25.4384759,0 76.5712736,25.4387116,0 76.5711627,25.4387501,0 76.5704298,25.4390703,0 76.5704188,25.4390751,0 76.5675291,25.4403373,0 76.5660913,25.4417972,0 76.5651384,25.4431964,0 76.5641836,25.4445983,0 76.5622289,25.4476165,0 76.5612361,25.4485164,0 76.5585296,25.449922,0 76.5570205,25.4508815,0 76.5559762,25.4520301,0 76.5551895,25.453492,0 76.555187,25.4544581,0 76.5554944,25.4555473,0 76.5555717,25.4557003,0 76.5558008,25.4561538,0 76.5566654,25.457865,0 76.5568465,25.4582234,0 76.5569757,25.4587172,0 76.557155,25.4594029,0 76.5571524,25.4607436,0 76.5567574,25.4636685,0 76.5575817,25.4662825,0 76.5579748,25.4686167,0 76.5580742,25.4705432,0 76.5579699,25.4720972,0 76.5576797,25.4734997,0 76.5570968,25.4749639,0 76.5565508,25.4762746,0 76.5565131,25.476365,0 76.5559805,25.4782576,0 76.5556704,25.4804413,0 76.555464,25.4825651,0 76.5549819,25.4833602,0 76.5532237,25.4848387,0 76.5530138,25.4850152,0 76.5520535,25.4857567,0 76.5508547,25.4869069,0 76.5495821,25.4881212,0 76.5484711,25.4895233,0 76.5476456,25.4907012,0 76.5469625,25.4917286,0 76.5462723,25.4925981,0 76.5447819,25.4946813,0 76.5440233,25.4956463,0 76.543202,25.4967654,0 76.5425345,25.4977387,0 76.5423475,25.4980113,0 76.5413499,25.4993535,0 76.5408315,25.5000003,0 76.5398228,25.5005161,0 76.5393007,25.5009188,0 76.5385442,25.5016671,0 76.5377269,25.5027184,0 76.5374755,25.5032853,0 76.537385,25.5039905,0 76.5373741,25.5050921,0 76.5374059,25.5056289,0 76.5375184,25.5062643,0 76.537636,25.5069086,0 76.5377613,25.5077604,0 76.5378049,25.5084507,0 76.5377474,25.509011,0 76.5375129,25.5097358,0 76.5368067,25.5109259,0 76.5366332,25.5111759,0 76.5362458,25.5117341,0 76.535478,25.5128403,0 76.5349005,25.5135867,0 76.5343088,25.5143964,0 76.5339838,25.5146571,0 76.5337119,25.5147863,0 76.5328149,25.5150576,0 76.5315734,25.515233,0 76.5303933,25.5155343,0 76.5293789,25.5159692,0 76.5269924,25.5172581,0 76.5258074,25.5179656,0 76.5249636,25.5185116,0 76.5239544,25.5193527,0 76.5232847,25.5199014,0 76.5209021,25.5219034,0 76.5202675,25.5224742,0 76.5201549,25.5225787,0 76.5195594,25.5231316,0 76.5188474,25.5238793,0 76.5182342,25.5245718,0 76.5172191,25.525747,0 76.5166139,25.5266742,0 76.5164209,25.5271547,0 76.5162932,25.5276797,0 76.5163179,25.5284559,0 76.516438,25.5293078,0 76.5166711,25.5304339,0 76.5169359,25.5317042,0 76.5170584,25.5323485,0 76.5172066,25.5330557,0 76.5174487,25.5337122,0 76.5178337,25.5346517,0 76.518491,25.53627,0 76.5190458,25.5372619,0 76.5193197,25.5380671,0 76.5196687,25.5393095,0 76.5197337,25.5397331,0 76.5198852,25.5410903,0 76.5199551,25.5426876,0 76.5200614,25.5455937,0 76.5200513,25.5463747,0 76.5200407,25.5465147,0 76.5199831,25.5472738,0 76.5197688,25.5480389,0 76.5192676,25.5493307,0 76.5186857,25.550542,0 76.5182368,25.5516436,0 76.5175931,25.5534785,0 76.5170132,25.5552496,0 76.5167585,25.5563582,0 76.5164145,25.5574994,0 76.5156515,25.5593491,0 76.5152848,25.5602602,0 76.5147444,25.561611,0 76.5145022,25.5621417,0 76.5141495,25.562985,0 76.5139094,25.5634289,0 76.5136534,25.563902,0 76.5132347,25.5646421,0 76.512614,25.5655469,0 76.5118325,25.5663314,0 76.5113589,25.5666613,0 76.5112456,25.5667631,0 76.5107437,25.5672139,0 76.5104398,25.5675872,0 76.5098629,25.5684147,0 76.508998,25.5696876,0 76.5083842,25.5707503,0 76.5076096,25.5720854,0 76.5060864,25.5740648,0 76.5055193,25.5748832,0 76.5050613,25.5756734,0 76.5048142,25.5762131,0 76.5043627,25.5775224,0 76.5040575,25.5785909,0 76.5037587,25.5797721,0 76.5034089,25.5816536,0 76.5033074,25.5826884,0 76.5033172,25.5834738,0 76.5034036,25.5840191,0 76.5035559,25.5846541,0 76.5038366,25.5856037,0 76.5043023,25.5870164,0 76.5047616,25.5883208,0 76.5053809,25.5896777,0 76.5057534,25.5904051,0 76.5063615,25.5916629,0 76.5074074,25.5936925,0 76.5075084,25.5939379,0 76.5076847,25.5943668,0 76.5078722,25.5950239,0 76.5081141,25.5956579,0 76.5084053,25.5962553,0 76.5087153,25.5967622,0 76.508994,25.5971475,0 76.5096809,25.597935,0 76.510402,25.5986723,0 76.5107614,25.5991381,0 76.5110054,25.5995419,0 76.5111641,25.5998878,0 76.5114384,25.6007246,0 76.5119356,25.6030488,0 76.5123006,25.6055459,0 76.5124378,25.6069529,0 76.5124232,25.6076696,0 76.512364,25.6105876,0 76.5122856,25.6122677,0 76.5120827,25.614739,0 76.5119963,25.6154584,0 76.5119475,25.6158644,0 76.5118037,25.6167011,0 76.5114446,25.6178423,0 76.5111828,25.6187975,0 76.5109731,25.6199418,0 76.510813,25.6206702,0 76.5106365,25.621286,0 76.5104156,25.6223265,0 76.5102994,25.623384,0 76.510278,25.6248469,0 76.5101005,25.6253859,0 76.5098248,25.6260252,0 76.5097216,25.6265319,0 76.5097116,25.6273175,0 76.5098422,25.6286026,0 76.5099282,25.6294956,0 76.5099214,25.629683,0 76.5098764,25.6309226,0 76.5097965,25.6312981,0 76.5096509,25.631602,0 76.5092965,25.6319307,0 76.5081685,25.6329084,0 76.5068309,25.6344825,0 76.5063381,25.6350625,0 76.5060634,25.6355247,0 76.5060601,25.6355303,0 76.5059041,25.6360744,0 76.5058693,25.6361959,0 76.5058339,25.6369501,0 76.5058701,25.6374553,0 76.5057614,25.6379214,0 76.5055894,25.6381037,0 76.505391,25.6381645,0 76.5051917,25.6381575,0 76.5048666,25.6380435,0 76.504401,25.6378496,0 76.5035816,25.6376278,0 76.503088,25.6375833,0 76.5022668,25.6376233,0 76.501439,25.6379252,0 76.4999952,25.6386465,0 76.498943,25.6394361,0 76.4981308,25.6406046,0 76.4978382,25.6410996,0 76.4975497,25.6415224,0 76.4973393,25.6422197,0 76.4971812,25.6431242,0 76.4969812,25.644652,0 76.4969734,25.6452254,0 76.4969725,25.6455504,0 76.496971,25.6458258,0 76.4969736,25.6460335,0 76.4969603,25.6460631,0 76.4968476,25.6463146,0 76.4967066,25.646587,0 76.4966147,25.6468136,0 76.4965831,25.6470712,0 76.4965822,25.6473962,0 76.4965819,25.6481727,0 76.4966295,25.6491969,0 76.4967638,25.6503737,0 76.4968487,25.6516008,0 76.4970125,25.6527412,0 76.4972633,25.6536911,0 76.497582,25.654884,0 76.4979455,25.6560675,0 76.4981732,25.6567514,0 76.4984976,25.6576103,0 76.498676,25.6579334,0 76.4988331,25.6581439,0 76.4992553,25.6588529,0 76.4999955,25.660113,0 76.5009086,25.6616075,0 76.5016837,25.6630441,0 76.5027405,25.6650213,0 76.5028211,25.6651721,0 76.5031688,25.6658863,0 76.5034972,25.6666549,0 76.503685,25.6673346,0 76.5039978,25.6684418,0 76.5041993,25.6694193,0 76.5042829,25.6702143,0 76.5042898,25.6702806,0 76.5042698,25.6710663,0 76.5041983,25.6717215,0 76.5040328,25.6724184,0 76.5038383,25.6732014,0 76.5033114,25.6744753,0 76.5029121,25.6752062,0 76.5022877,25.6758672,0 76.5011295,25.6768632,0 76.5002691,25.6773731,0 76.4999959,25.6775165,0 76.4989131,25.6780822,0 76.4982419,25.6781794,0 76.4974115,25.6782962,0 76.4963967,25.678424,0 76.4953467,25.678507,0 76.4941666,25.6785506,0 76.4931517,25.6786559,0 76.4924712,25.6787792,0 76.4921228,25.6788424,0 76.4914376,25.6790209,0 76.4900636,25.6794954,0 76.4882582,25.6801323,0 76.4870134,25.6805829,0 76.4855496,25.6810886,0 76.4852227,25.6812015,0 76.4833913,25.6817574,0 76.4824243,25.6821147,0 76.4811708,25.6826692,0 76.4803911,25.683264,0 76.4794511,25.6842034,0 76.4787702,25.6851403,0 76.4781241,25.6860677,0 76.4773623,25.6873213,0 76.4764375,25.6890822,0 76.4755632,25.6909057,0 76.4746417,25.6933482,0 76.473863,25.6952566,0 76.473335,25.6964762,0 76.472916,25.6976542,0 76.4725005,25.6995181,0 76.4721801,25.7014264,0 76.4720423,25.702782,0 76.4719918,25.7039382,0 76.4720642,25.7049667,0 76.4722044,25.7062292,0 76.4724584,25.707441,0 76.4729279,25.7087409,0 76.4734258,25.7099185,0 76.4742665,25.7114222,0 76.4752153,25.712803,0 76.4761365,25.7139584,0 76.4773209,25.7150478,0 76.4784922,25.715871,0 76.479675,25.716816,0 76.4808757,25.7176074,0 76.4816087,25.7180513,0 76.4824827,25.7183362,0 76.4826295,25.718384,0 76.4842699,25.7188639,0 76.4856397,25.7192201,0 76.4872331,25.7195108,0 76.4883217,25.7196983,0 76.4886414,25.7198219,0 76.489198,25.720037,0 76.4900796,25.7203981,0 76.4909574,25.7207767,0 76.4910916,25.7208346,0 76.4922976,25.7216303,0 76.492338,25.7216636,0 76.4931788,25.722357,0 76.4939851,25.7230756,0 76.4946187,25.7237565,0 76.4950711,25.7242427,0 76.4963516,25.7254212,0 76.4976466,25.72655,0 76.4982013,25.7270725,0 76.4988665,25.7276614,0 76.4991798,25.7280013,0 76.4996799,25.7285379,0 76.499998,25.728911,0 76.5002716,25.729227,0 76.5008695,25.7296136,0 76.5013972,25.7299693,0 76.502058,25.7302017,0 76.5027419,25.730294,0 76.5033202,25.7303106,0 76.5040036,25.7303577,0 76.5050943,25.7302967,0 76.5060309,25.730269,0 76.5072402,25.7301301,0 76.5089522,25.7299454,0 76.5099587,25.7299304,0 76.5110296,25.7298832,0 76.5119428,25.729973,0 76.5130347,25.7300114,0 76.5136732,25.7300544,0 76.5147021,25.7298451,0 76.5162277,25.7294951,0 76.5175588,25.7291382,0 76.5183346,25.7290128,0 76.5191999,25.7288638,0 76.5203198,25.7287528,0 76.5204392,25.7287609,0 76.5213024,25.7288193,0 76.5220458,25.7288838,0 76.5223709,25.7289797,0 76.5224357,25.7290048,0 76.5228016,25.7291467,0 76.5233944,25.7295152,0 76.5237672,25.7298318,0 76.5239812,25.7301952,0 76.5241696,25.7309019,0 76.5242459,25.731804,0 76.5241935,25.732775,0 76.5242069,25.7329057,0 76.5242732,25.7335551,0 76.5242819,25.7342322,0 76.5241452,25.7348475,0 76.5237106,25.7355517,0 76.5233328,25.7360161,0 76.5231172,25.7363118,0 76.5230363,25.7366061,0 76.523007,25.7370488,0 76.5229524,25.7374601,0 76.5231708,25.7377783,0 76.5235764,25.7383203,0 76.5243851,25.7392011,0 76.5248966,25.7398367,0 76.5253041,25.7405231,0 76.5253032,25.7412319,0 76.5252201,25.7417473,0 76.5248879,25.7426627,0 76.5244843,25.7438451,0 76.5241768,25.7447511,0 76.5238245,25.7456531,0 76.5232657,25.7467784,0 76.522799,25.7477042,0 76.5223763,25.7485663,0 76.5219809,25.7492204,0 76.521655,25.7498513,0 76.5215708,25.750002,0 76.5215573,25.7503985,0 76.5214232,25.7508243,0 76.5210701,25.7516766,0 76.5208762,25.7521075,0 76.5207434,25.7522488,0 76.5206202,25.7523539,0 76.5204517,25.7524279,0 76.5201436,25.7525078,0 76.5199199,25.7525599,0 76.5197011,25.7525892,0 76.5194483,25.7527047,0 76.5189401,25.7531118,0 76.517935,25.7540386,0 76.5176944,25.75433,0 76.5175181,25.7545801,0 76.5174116,25.754825,0 76.5173491,25.7550062,0 76.5173455,25.755015,0 76.5172572,25.7552283,0 76.5171828,25.755649,0 76.5171922,25.7559919,0 76.5172282,25.7560819,0 76.5173104,25.7562706,0 76.5174897,25.7566524,0 76.5178034,25.7573179,0 76.5178073,25.7573262,0 76.517944,25.75788,0 76.5179964,25.7580871,0 76.517994,25.7582903,0 76.5179716,25.7584891,0 76.5179389,25.758661,0 76.5178723,25.7589145,0 76.5177089,25.7593902,0 76.5173674,25.7603688,0 76.5173173,25.7607394,0 76.5171967,25.7614449,0 76.5171585,25.7619161,0 76.5171234,25.7623485,0 76.5171125,25.7626601,0 76.5171105,25.7629039,0 76.5172141,25.7632052,0 76.5173634,25.7635873,0 76.5176144,25.7641129,0 76.517779,25.7645039,0 76.5178068,25.7646383,0 76.5178639,25.7649137,0 76.517889,25.765717,0 76.517922,25.7663441,0 76.5178998,25.7665565,0 76.5178967,25.7667055,0 76.5178993,25.7669177,0 76.5178871,25.7671299,0 76.5178506,25.7673966,0 76.5178091,25.7676589,0 76.517628,25.7683153,0 76.517543,25.7686864,0 76.5172885,25.7694519,0 76.5169649,25.7706606,0 76.516795,25.7714162,0 76.5167364,25.7717886,0 76.5166612,25.7722662,0 76.5161696,25.773594,0 76.5158959,25.7744183,0 76.5156502,25.7754863,0 76.5156031,25.7757561,0 76.515483,25.776445,0 76.5155087,25.7769052,0 76.5155045,25.7769498,0 76.5154911,25.7770904,0 76.5154945,25.7773612,0 76.5155049,25.7777855,0 76.5156476,25.778425,0 76.515886,25.7791402,0 76.5161756,25.7799543,0 76.5163313,25.7804311,0 76.5164759,25.7808268,0 76.5167533,25.7814695,0 76.5171693,25.7824176,0 76.5175585,25.7832306,0 76.5180586,25.7845209,0 76.5183027,25.7852858,0 76.5186169,25.7860815,0 76.518701,25.7864146,0 76.5187284,25.7865218,0 76.5188426,25.7869684,0 76.5188603,25.7871675,0 76.5188659,25.7872299,0 76.5188842,25.7874961,0 76.5189797,25.787942,0 76.5191216,25.7885093,0 76.5192419,25.7889504,0 76.5193963,25.7893325,0 76.5195724,25.7898498,0 76.5200117,25.791064,0 76.5204332,25.7920527,0 76.5205162,25.7922727,0 76.5206654,25.7926686,0 76.52081,25.7930554,0 76.5209082,25.7933252,0 76.5210114,25.7935995,0 76.5211642,25.7938507,0 76.5213218,25.7940882,0 76.5216727,25.7946217,0 76.5221617,25.7954292,0 76.5229764,25.7967816,0 76.523094,25.7969767,0 76.523569,25.797861,0 76.5240883,25.7990834,0 76.5245073,25.7998735,0 76.5247913,25.8006334,0 76.5253816,25.8019453,0 76.5259716,25.8032392,0 76.526111,25.8035585,0 76.5265779,25.8046277,0 76.5269617,25.8053955,0 76.5275656,25.8066034,0 76.5281191,25.8077668,0 76.5283843,25.8082244,0 76.5286395,25.8086732,0 76.5288952,25.8091715,0 76.5291701,25.8096109,0 76.5296027,25.8102881,0 76.5297869,25.8106518,0 76.5301385,25.8112394,0 76.530455,25.8118354,0 76.530527,25.811971,0 76.5309141,25.8126035,0 76.531269,25.8130511,0 76.5314477,25.8133743,0 76.5316737,25.813882,0 76.5320168,25.814578,0 76.5326001,25.815732,0 76.5330688,25.8164944,0 76.5337314,25.8176024,0 76.5339662,25.8180198,0 76.5342615,25.8184906,0 76.5345404,25.8188487,0 76.5347342,25.8191717,0 76.5350928,25.8195201,0 76.5354459,25.8198323,0 76.5357289,25.8201182,0 76.536323,25.8205543,0 76.5370832,25.8211015,0 76.5374601,25.821378,0 76.5386844,25.8222762,0 76.5401102,25.8233806,0 76.5408904,25.8239275,0 76.5422047,25.8249022,0 76.5423759,25.8250325,0 76.5433633,25.8257837,0 76.5451004,25.8270427,0 76.5456183,25.8273667,0 76.5471135,25.8284296,0 76.5483203,25.8291842,0 76.5489645,25.8296197,0 76.5499499,25.8302186,0 76.5511916,25.8309636,0 76.5523131,25.8316649,0 76.5535015,25.8325324,0 76.5541058,25.8329728,0 76.5545603,25.8333967,0 76.5547988,25.8336252,0 76.5552825,25.8340887,0 76.5561063,25.8349015,0 76.556547,25.8354158,0 76.5572101,25.836158,0 76.5576257,25.8366591,0 76.5581584,25.8373486,0 76.558422,25.8376662,0 76.5590354,25.8384135,0 76.5594257,25.8388923,0 76.560585,25.8405591,0 76.5612102,25.8414597,0 76.5617083,25.8421539,0 76.5618297,25.8422836,0 76.5622116,25.8428798,0 76.562567,25.8433454,0 76.5629729,25.8438691,0 76.5635771,25.8446752,0 76.5642319,25.8455348,0 76.5649277,25.8464708,0 76.5651736,25.8467961,0 76.5654557,25.8471692,0 76.5655623,25.8473337,0 76.5658478,25.8477744,0 76.5660218,25.8481111,0 76.5660056,25.8481162,0 76.5661438,25.8486605,0 76.5567975,25.846437,0 76.5506782,25.8429518,0 76.5493428,25.8415336,0 76.5485956,25.8397658,0 76.5477573,25.8387453,0 76.5466092,25.8384901,0 76.545534,25.8385813,0 76.5404313,25.8396565,0 76.5385633,25.8399845,0 76.5338707,25.8418434,0 76.5330688,25.8423354,0 76.5323945,25.8429277,0 76.5317202,25.8434471,0 76.5307543,25.8435564,0 76.5300801,25.8434653,0 76.5266448,25.8427454,0 76.522754,25.8420621,0 76.5211867,25.8418069,0 76.5190727,25.8411144,0 76.5158653,25.8408593,0 76.5136238,25.8406588,0 76.5123845,25.8396565,0 76.5117467,25.8390551,0 76.5115098,25.8389093,0 76.5086851,25.8386542,0 76.5037828,25.8402397,0 76.5011403,25.8412966,0 76.498188,25.8433377,0 76.4951264,25.844741,0 76.4927573,25.845634,0 76.4906615,25.845634,0 76.4882742,25.8452148,0 76.4858139,25.8447592,0 76.483463,25.8440485,0 76.480693,25.8427363,0 76.477805,25.8412318,0 76.4753886,25.8386354,0 76.4745879,25.8369047,0 76.4733305,25.8334239,0 76.4734216,25.8316379,0 76.4737679,25.8297426,0 76.4754809,25.8268268,0 76.4778136,25.8227082,0 76.4786883,25.819683,0 76.4788341,25.8179152,0 76.4785243,25.8164391,0 76.4773762,25.8148536,0 76.4753351,25.8123751,0 76.4686105,25.8052131,0 76.4657675,25.8008758,0 76.4636535,25.7980511,0 76.4588242,25.7930212,0 76.4546509,25.7876634,0 76.4493841,25.7809387,0 76.4460674,25.7777131,0 76.4427688,25.7745968,0 76.4389053,25.7721001,0 76.435133,25.7702048,0 76.4316886,25.7692936,0 76.4279892,25.7688927,0 76.4203533,25.7688927,0 76.4109315,25.7694212,0 76.4074325,25.7694029,0 76.4052274,25.7686193,0 76.4030223,25.7670885,0 76.4012545,25.7653025,0 76.3994504,25.7632979,0 76.3979378,25.7603092,0 76.3964434,25.7579947,0 76.3950037,25.7563181,0 76.3926164,25.7551153,0 76.3885889,25.7540583,0 76.3821922,25.753384,0 76.3775998,25.7525822,0 76.3714583,25.7521266,0 76.3684878,25.7511243,0 76.3663373,25.7498304,0 76.3641869,25.7478622,0 76.3612711,25.7455113,0 76.3580454,25.7426683,0 76.3563224,25.7410652,0 76.3559892,25.7401711,0 76.3530077,25.7354627,0 76.3514877,25.7276119,0 76.3479409,25.7160629,0 76.3406952,25.7060651,0 76.3366417,25.7022757,0 76.3332976,25.7006778,0 76.3315242,25.7004951,0 76.3285854,25.7008604,0 76.3246332,25.7016822,0 76.3216438,25.7028692,0 76.317641,25.7045128,0 76.311814,25.7057911,0 76.3073045,25.7051063,0 76.3025417,25.7031432,0 76.2985388,25.7002212,0 76.2944853,25.6958838,0 76.2918506,25.6918658,0 76.2922052,25.6860212,0 76.2939533,25.6775735,0 76.2954734,25.672299,0 76.2963854,25.6691251,0 76.2979308,25.667344,0 76.3007176,25.6653803,0 76.3050751,25.6633708,0 76.3087739,25.6618636,0 76.3131568,25.6597628,0 76.3160702,25.6560633,0 76.3172103,25.6532543,0 76.317945,25.6480245,0 76.3176663,25.6452839,0 76.3159942,25.6407846,0 76.3133848,25.6384321,0 76.3090526,25.6370845,0 76.3041631,25.6364678,0 76.2980068,25.6355085,0 76.2936747,25.6338411,0 76.2926613,25.6329732,0 76.2913946,25.630849,0 76.2904319,25.6274684,0 76.2909385,25.6196104,0 76.2903558,25.6142877,0 76.2892918,25.609376,0 76.2892411,25.6067259,0 76.2897985,25.6039387,0 76.2928386,25.6007173,0 76.294384,25.5967418,0 76.2937507,25.5899329,0 76.2936493,25.5870538,0 76.2922306,25.5835578,0 76.2878731,25.578302,0 76.285137,25.5748971,0 76.2838702,25.5717206,0 76.2842249,25.5687497,0 76.2855423,25.5639276,0 76.2864544,25.5584881,0 76.2863784,25.5505799,0 76.2863339,25.548692,0 76.2867689,25.5460045,0 76.2846573,25.5428967,0 76.2836876,25.539905,0 76.2829456,25.5366936,0 76.2814199,25.5343404,0 76.2789714,25.5331651,0 76.276449,25.5292982,0 76.2753084,25.525912,0 76.2750715,25.524126,0 76.2726477,25.5208457,0 76.2704973,25.5170551,0 76.2682922,25.5133192,0 76.2670529,25.5114057,0 76.2653399,25.5102575,0 76.2635357,25.5094192,0 76.2618591,25.5084169,0 76.2605105,25.5081071,0 76.2560639,25.5083987,0 76.251034,25.5088725,0 76.2495215,25.5090001,0 76.2468972,25.5096744,0 76.2454757,25.5096926,0 76.241266,25.5086356,0 76.2368011,25.507287,0 76.2338853,25.5060478,0 76.2317166,25.5046628,0 76.2300218,25.5032595,0 76.2275251,25.5014918,0 76.2260489,25.5004166,0 76.2240443,25.499797,0 76.2230237,25.4995601,0 76.2206546,25.4985213,0 76.2188687,25.4970451,0 76.2170645,25.4954414,0 76.2148776,25.4925803,0 76.2143491,25.4910859,0 76.2136019,25.4900471,0 76.2128001,25.4892817,0 76.2115062,25.4887714,0 76.2093193,25.4882794,0 76.2081165,25.4877327,0 76.206531,25.4872771,0 76.2045628,25.4867121,0 76.202704,25.4866028,0 76.2014647,25.4874229,0 76.2003531,25.4886621,0 76.1995512,25.4904663,0 76.1987129,25.4920335,0 76.1983849,25.4927078,0 76.1980204,25.4941111,0 76.197747,25.4959881,0 76.1967447,25.4972092,0 76.1940111,25.4996512,0 76.1927354,25.5009086,0 76.1901294,25.5015465,0 76.1885075,25.5014189,0 76.1869402,25.5006535,0 76.1846258,25.4989587,0 76.1820744,25.4974278,0 76.1808534,25.4957148,0 76.1793044,25.4918877,0 76.1787212,25.4899378,0 76.1785207,25.4879149,0 76.1784296,25.4868761,0 76.1784296,25.4854911,0 76.1788123,25.4846528,0 76.179924,25.4837963,0 76.1804707,25.4834136,0 76.1812908,25.4826117,0 76.181473,25.4812267,0 76.1810721,25.4772174,0 76.1808352,25.4740829,0 76.180416,25.4717138,0 76.1806165,25.4690348,0 76.1798146,25.4660461,0 76.1784843,25.4630938,0 76.1772086,25.4599957,0 76.1753315,25.4566061,0 76.1748395,25.4538907,0 76.1742199,25.4498814,0 76.1743656,25.4472389,0 76.1740923,25.4443049,0 76.1736002,25.4431385,0 76.1731993,25.4420269,0 76.1725797,25.4414619,0 76.1703017,25.4406418,0 76.1689713,25.4404778,0 76.1672765,25.4403138,0 76.1634972,25.4406837,0 76.1621639,25.440085,0 76.1599345,25.4379116,0 76.1581492,25.4357694,0 76.1581463,25.434391,0 76.1587841,25.4336074,0 76.1599505,25.4325139,0 76.1610803,25.431621,0 76.1619186,25.4308009,0 76.1625383,25.4302542,0 76.1632854,25.428778,0 76.1632126,25.427721,0 76.1617911,25.4235659,0 76.1601509,25.4213426,0 76.1581463,25.418281,0 76.1549206,25.416003,0 76.1526426,25.4145633,0 76.1501642,25.4133058,0 76.1483964,25.4132876,0 76.1468656,25.4134152,0 76.1455717,25.4138161,0 76.1436582,25.4134152,0 76.1425283,25.4130142,0 76.1408152,25.4120119,0 76.1380634,25.4106998,0 76.1352934,25.4088956,0 76.1340359,25.4075653,0 76.1331794,25.4063078,0 76.1327056,25.4050868,0 76.1325415,25.4029181,0 76.1329607,25.4007495,0 76.1336168,25.3994556,0 76.1368971,25.3978883,0 76.1403779,25.3975238,0 76.1433484,25.397378,0 76.1454624,25.3969407,0 76.1470661,25.3963028,0 76.1501277,25.3932047,0 76.1522964,25.3900702,0 76.1526426,25.3887399,0 76.1523875,25.3871179,0 76.1520412,25.3865348,0 76.1513852,25.3854595,0 76.1507838,25.3846395,0 76.1500184,25.3829811,0 76.1496539,25.3822157,0 76.1490707,25.3813591,0 76.1478315,25.3804479,0 76.1464829,25.3797919,0 76.1458633,25.3795185,0 76.1434942,25.3792087,0 76.1425465,25.3789171,0 76.1364597,25.3755457,0 76.1355121,25.3746527,0 76.1352569,25.3738326,0 76.1352569,25.3728303,0 76.1357125,25.3718827,0 76.1365873,25.3706981,0 76.1370975,25.3703518,0 76.1390475,25.3690579,0 76.140797,25.3684565,0 76.1425465,25.3685841,0 76.1440227,25.3687481,0 76.1455899,25.3688757,0 76.1468109,25.368821,0 76.1504375,25.3668528,0 76.1539183,25.3630987,0 76.1551575,25.361094,0 76.1561052,25.3582511,0 76.1559958,25.3556633,0 76.1558865,25.3532213,0 76.155686,25.3498498,0 76.1552487,25.3474807,0 76.1548113,25.3456219,0 76.1539548,25.3434532,0 76.1529342,25.3419953,0 76.1504011,25.3403004,0 76.1481413,25.339043,0 76.1439862,25.3387514,0 76.1416171,25.3398448,0 76.139412,25.3413392,0 76.1379359,25.3427789,0 76.1368971,25.3446742,0 76.1351658,25.346369,0 76.1340906,25.3475172,0 76.1327785,25.3479181,0 76.1299355,25.3481003,0 76.1277304,25.3478087,0 76.1268739,25.3473349,0 76.1251062,25.3464419,0 76.1243954,25.3456219,0 76.1200217,25.3424327,0 76.118746,25.3409747,0 76.1183815,25.3397902,0 76.1175979,25.3381865,0 76.116632,25.3366374,0 76.1155568,25.3352888,0 76.113789,25.3338127,0 76.1130419,25.3331384,0 76.1095793,25.3322819,0 76.1075564,25.3312249,0 76.106299,25.3314071,0 76.1047682,25.3328286,0 76.1017794,25.3354711,0 76.0991369,25.3390248,0 76.0981528,25.3408472,0 76.0977519,25.3429976,0 76.0968589,25.3440546,0 76.0948543,25.3451663,0 76.0942347,25.3458588,0 76.0934693,25.3461504,0 76.0922483,25.3464055,0 76.0911002,25.3472438,0 76.0900067,25.3480092,0 76.0895147,25.348483,0 76.0881661,25.3500503,0 76.0858516,25.3513624,0 76.083118,25.3524559,0 76.0804573,25.3520549,0 76.0784891,25.3515264,0 76.0763023,25.3505241,0 76.0746621,25.3503237,0 76.0718374,25.3501961,0 76.0693771,25.3497952,0 76.0679739,25.3496676,0 76.0660239,25.349376,0 76.0659328,25.3472985,0 76.0659146,25.3458588,0 76.0662426,25.3442368,0 76.067573,25.3401,0 76.067737,25.3384234,0 76.0681015,25.3374028,0 76.0684295,25.3359267,0 76.0682837,25.334487,0 76.067737,25.3335029,0 76.0668987,25.3325006,0 76.0618324,25.327981,0 76.0608483,25.3266507,0 76.0597184,25.3258124,0 76.0587525,25.3253203,0 76.0558914,25.3247371,0 76.0524288,25.3233157,0 76.0512625,25.3225138,0 76.0502966,25.3218213,0 76.0494218,25.3214022,0 76.0485106,25.3208919,0 76.047727,25.3208919,0 76.0468523,25.321475,0 76.0461233,25.3223316,0 76.0456859,25.3225503,0 76.0445378,25.3227507,0 76.0434261,25.3231334,0 76.0425878,25.3236619,0 76.042114,25.3247189,0 76.0416949,25.3261586,0 76.0408748,25.3264867,0 76.0401276,25.3261951,0 76.0391982,25.3256483,0 76.0384145,25.3249558,0 76.0355169,25.3239535,0 76.0322366,25.3222405,0 76.0290474,25.3201447,0 76.0258035,25.3180307,0 76.0241087,25.3163541,0 76.0220494,25.3140761,0 76.020719,25.311707,0 76.0201541,25.3099757,0 76.0200083,25.3091192,0 76.0200994,25.308208,0 76.0203546,25.3069505,0 76.0211746,25.3058206,0 76.0218489,25.3049641,0 76.022997,25.3016109,0 76.023726,25.3000983,0 76.024218,25.2988044,0 76.024783,25.2967268,0 76.0260951,25.2943577,0 76.0272979,25.2927358,0 76.029175,25.2897471,0 76.0314712,25.2868677,0 76.0324006,25.2856467,0 76.0330385,25.2848448,0 76.0336945,25.283478,0 76.0339497,25.2823663,0 76.0340043,25.2813276,0 76.0329838,25.2782477,0 76.0314165,25.2761519,0 76.0297217,25.2741291,0 76.0245643,25.2698647,0 76.0179854,25.2658007,0 76.0142313,25.2643246,0 76.0109936,25.2632931,0 76.0067959,25.2629395,0 76.0040805,25.2618096,0 76.0008184,25.258912,0 75.9997797,25.2578915,0 75.9986534,25.2539613,0 75.9971372,25.2498,0 75.9977932,25.2442235,0 75.9969003,25.2398315,0 75.9958797,25.2372478,0 75.9939297,25.2345648,0 75.9916517,25.2327424,0 75.9892303,25.2314267,0 75.986926,25.2311901,0 75.9849805,25.2314121,0 75.9834296,25.232198,0 75.9823028,25.2333802,0 75.9804804,25.2365329,0 75.9792613,25.2397474,0 75.9784758,25.2429842,0 75.9763618,25.2461006,0 75.9734824,25.2501098,0 75.9702869,25.2531485,0 75.9644602,25.2594655,0 75.9607463,25.2637194,0 75.9586025,25.2654774,0 75.9562425,25.2666208,0 75.9522572,25.2690731,0 75.9510267,25.2700268,0 75.9486249,25.273637,0 75.9473492,25.2775187,0 75.946659,25.2803387,0 75.9450894,25.282749,0 75.9425313,25.2851834,0 75.9395675,25.2865396,0 75.9369615,25.2869952,0 75.9354671,25.2871228,0 75.9326971,25.286485,0 75.9306013,25.2851364,0 75.9283962,25.2829859,0 75.9262969,25.2805484,0 75.9232891,25.2774783,0 75.9198244,25.2753333,0 75.9159077,25.2739981,0 75.9112506,25.2720735,0 75.9087325,25.2705572,0 75.9067931,25.2684503,0 75.9055519,25.2669359,0 75.9042312,25.2643792,0 75.9030102,25.2610351,0 75.9020261,25.2580282,0 75.9011878,25.2557866,0 75.8996478,25.2529345,0 75.8987002,25.2513582,0 75.8976979,25.250611,0 75.8969963,25.2501372,0 75.8967958,25.2492169,0 75.8963858,25.2485426,0 75.8955657,25.2476678,0 75.8938526,25.2464741,0 75.8917204,25.2451893,0 75.8886041,25.2432394,0 75.8855789,25.2417541,0 75.8843032,25.241417,0 75.8802119,25.2414352,0 75.8773963,25.2415354,0 75.875337,25.2410981,0 75.874034,25.2402415,0 75.8726581,25.2388109,0 75.8709177,25.2369703,0 75.8698151,25.2359407,0 75.8687673,25.2350659,0 75.8672547,25.2336171,0 75.8665804,25.2326695,0 75.8661339,25.2321318,0 75.8636372,25.2328061,0 75.8615141,25.2333711,0 75.8587714,25.2344919,0 75.8571404,25.2348108,0 75.8549079,25.2344919,0 75.8537051,25.234018,0 75.8526026,25.2342367,0 75.8521379,25.2337993,0 75.8518281,25.2335351,0 75.8513087,25.2337173,0 75.850607,25.2338905,0 75.8501788,25.2336444,0 75.8497505,25.2332344,0 75.8491765,25.2326603,0 75.8485568,25.2325783,0 75.8479828,25.2330704,0 75.8473267,25.2328244,0 75.8465795,25.2323323,0 75.845723,25.2319223,0 75.8445111,25.2316398,0 75.8429985,25.2315305,0 75.841577,25.2315213,0 75.8384152,25.2315942,0 75.8349891,25.2308288,0 75.8325471,25.2300634,0 75.830105,25.2295531,0 75.8282917,25.2296443,0 75.8271436,25.2299996,0 75.8251937,25.2307742,0 75.8223781,25.2319405,0 75.8216947,25.2318858,0 75.8201001,25.2305372,0 75.8194896,25.2300725,0 75.8179314,25.230191,0 75.816273,25.2304279,0 75.8146875,25.2311477,0 75.8140861,25.2317765,0 75.8133207,25.2321227,0 75.8127193,25.2319496,0 75.8121635,25.2317127,0 75.811389,25.2316762,0 75.8111065,25.2320316,0 75.8110518,25.2325966,0 75.8107876,25.2330704,0 75.8102135,25.2337356,0 75.8097579,25.2343369,0 75.8091657,25.2352755,0 75.8081724,25.2360773,0 75.8082271,25.2367881,0 75.8077442,25.2370159,0 75.8073341,25.2370705,0 75.8071428,25.2365147,0 75.8069788,25.2360591,0 75.8065141,25.2355397,0 75.8059309,25.2356855,0 75.805612,25.2359407,0 75.8055026,25.2364054,0 75.8054206,25.2368336,0 75.8051381,25.2370523,0 75.8045185,25.2368974,0 75.8042361,25.2367972,0 75.8039354,25.2367607,0 75.8037258,25.2370159,0 75.8036802,25.2373712,0 75.8033431,25.2379726,0 75.8031244,25.2382824,0 75.8028419,25.2388747,0 75.8026415,25.2393941,0 75.8025959,25.2400957,0 75.8028146,25.2417632,0 75.8037805,25.2420639,0 75.8044092,25.2421642,0 75.8049559,25.2424466,0 75.8053295,25.2427564,0 75.8053933,25.2431118,0 75.8058762,25.2434581,0 75.8068785,25.2435856,0 75.8077533,25.2435856,0 75.808947,25.2436039,0 75.8109789,25.2438499,0 75.8140223,25.2445333,0 75.8159085,25.2448704,0 75.8165555,25.2453078,0 75.8165099,25.2456449,0 75.8157901,25.2462646,0 75.8150064,25.2471302,0 75.8127284,25.2500552,0 75.8114254,25.2524881,0 75.8110427,25.2531806,0 75.8094755,25.2559597,0 75.8087647,25.2570532,0 75.8076622,25.2573265,0 75.8057578,25.2574814,0 75.8022679,25.2580828,0 75.7993429,25.2584746,0 75.798377,25.2588847,0 75.7977392,25.2593494,0 75.7971834,25.2598961,0 75.7968371,25.2604155,0 75.7964909,25.2610442,0 75.7959168,25.2615089,0 75.7948689,25.2618005,0 75.7945318,25.2619372,0 75.794468,25.262812,0 75.7933745,25.263468,0 75.7923722,25.2641332,0 75.7917162,25.2645524,0 75.7903311,25.2647073,0 75.7899849,25.2652175,0 75.7898755,25.2667848,0 75.7874335,25.2668941,0 75.7871237,25.265582,0 75.7856202,25.2654818,0 75.784217,25.2653178,0 75.7832329,25.2654089,0 75.782267,25.2656549,0 75.7821394,25.264607,0 75.7818752,25.2633313,0 75.7816201,25.2622561,0 75.781374,25.261673,0 75.7807544,25.2602606,0 75.7799526,25.2585384,0 75.7790596,25.2565338,0 75.778522,25.2543925,0 75.7780299,25.2526065,0 75.7777201,25.2514857,0 75.7777839,25.2501098,0 75.7777475,25.248497,0 75.7779844,25.2452167,0 75.7780755,25.2439957,0 75.7783762,25.2435674,0 75.7783944,25.2429569,0 75.7787224,25.2422735,0 75.7785767,25.2413805,0 75.7783671,25.240442,0 75.7782213,25.2400684,0 75.7780026,25.2395126,0 75.7782304,25.2391663,0 75.7796883,25.238975,0 75.7798979,25.2382824,0 75.7806815,25.2380091,0 75.7805813,25.2365694,0 75.7805448,25.2357949,0 75.7803353,25.2353848,0 75.7799252,25.2349475,0 75.7795061,25.2342367,0 75.7793056,25.2328152,0 75.7790869,25.2315213,0 75.7789138,25.2300634,0 75.7783853,25.2289609,0 75.7772736,25.2265097,0 75.7745674,25.2218991,0 75.7701389,25.2126413,0 75.7680432,25.2086138,0 75.7658745,25.2054063,0 75.7629404,25.2021989,0 75.7587489,25.1990644,0 75.754685,25.1939252,0 75.7512589,25.191301,0 75.7491631,25.189843,0 75.7435319,25.1866174,0 75.7408347,25.1849226,0 75.7280415,25.1770498,0 75.7239775,25.1750816,0 75.7235037,25.1735326,0 75.7235766,25.1723115,0 75.7235948,25.1712363,0 75.7246336,25.1677009,0 75.7266929,25.1628897,0 75.73134,25.1558917,0 75.7353493,25.1499871,0 75.7325428,25.1468708,0 75.7274219,25.1421144,0 75.7239046,25.1394719,0 75.7207154,25.1377953,0 75.7150842,25.1342416,0 75.7110931,25.1320183,0 75.7108927,25.1250385,0 75.7110202,25.1242548,0 75.7124599,25.123289,0 75.7191482,25.1211385,0 75.720114,25.1197171,0 75.7257999,25.1177306,0 75.7293354,25.117111,0 75.7305382,25.1191157,0 75.7329802,25.1188423,0 75.7375726,25.1190063,0 75.7413268,25.1190063,0 75.7430398,25.1175849,0 75.7438235,25.1145779,0 75.7437688,25.1126461,0 75.7434954,25.1113158,0 75.7424931,25.1083635,0 75.740616,25.1061584,0 75.7395044,25.1042267,0 75.7385021,25.1032061,0 75.7372628,25.1024771,0 75.7363516,25.1019122,0 75.7336727,25.1006183,0 75.7313765,25.0979576,0 75.7296999,25.0952969,0 75.7284606,25.0918526,0 75.7270938,25.0877704,0 75.7248705,25.0844901,0 75.722228,25.0790593,0 75.7194215,25.0753052,0 75.7151389,25.0703847,0 75.712788,25.0685805,0 75.7078128,25.0669586,0 75.7031293,25.0640792,0 75.6997031,25.0616736,0 75.6961495,25.059104,0 75.6914659,25.0551858,0 75.6882038,25.0520149,0 75.6856707,25.0495364,0 75.6817889,25.0449075,0 75.6808048,25.041773,0 75.6797661,25.0394585,0 75.6778343,25.0373445,0 75.6748456,25.0355586,0 75.6720938,25.0340278,0 75.6669182,25.0332077,0 75.6615967,25.0326063,0 75.6581342,25.0321325,0 75.6527399,25.0310208,0 75.6499152,25.0298545,0 75.6476736,25.0284695,0 75.646489,25.0273942,0 75.6451222,25.0256447,0 75.643154,25.0218724,0 75.6410765,25.0181547,0 75.6392359,25.016314,0 75.6371401,25.0140178,0 75.6330397,25.0100268,0 75.6306888,25.0075483,0 75.6290487,25.0055619,0 75.62688,25.0017348,0 75.6251305,24.9990741,0 75.6234903,24.9972517,0 75.6222693,24.996377,0 75.6201736,24.9954293,0 75.6172395,24.9947915,0 75.617039,24.9943177,0 75.6173853,24.9938803,0 75.6170208,24.9924041,0 75.6166746,24.9908916,0</coordinates></LinearRing></outerBoundaryIs></Polygon>
    </Placemark>
  </Folder>
  <Folder><name>Fire Incidents</name>
    <Placemark><name>Fire 2018-02-18</name>
      <description>Brightness: 326.7</description>
      <styleUrl>#firepoint</styleUrl>
      <Point><coordinates>75.7177,25.0121,0</coordinates></Point>
    </Placemark>
    <Placemark><name>Fire 2018-03-01</name>
      <description>Brightness: 363.6</description>
      <styleUrl>#firepoint</styleUrl>
      <Point><coordinates>75.7307,25.1617,0</coordinates></Point>
    </Placemark>
    <Placemark><name>Fire 2018-04-04</name>
      <description>Brightness: 358.7</description>
      <styleUrl>#firepoint</styleUrl>
      <Point><coordinates>76.279,24.9184,0</coordinates></Point>
    </Placemark>
    <Placemark><name>Fire 2018-04-04</name>
      <description>Brightness: 339.8</description>
      <styleUrl>#firepoint</styleUrl>
      <Point><coordinates>75.7068,24.9808,0</coordinates></Point>
    </Placemark>
    <Placemark><name>Fire 2018-04-12</name>
      <description>Brightness: 372.7</description>
      <styleUrl>#firepoint</styleUrl>
      <Point><coordinates>75.884,25.2332,0</coordinates></Point>
    </Placemark>
    <Placemark><name>Fire 2018-04-24</name>
      <description>Brightness: 385.6</description>
      <styleUrl>#firepoint</styleUrl>
      <Point><coordinates>75.961,24.8427,0</coordinates></Point>
    </Placemark>
    <Placemark><name>Fire 2018-05-18</name>
      <description>Brightness: 301.7</description>
      <styleUrl>#firepoint</styleUrl>
      <Point><coordinates>76.4374,24.924,0</coordinates></Point>
    </Placemark>
    <Placemark><name>Fire 2018-06-11</name>
      <description>Brightness: 391.2</description>
      <styleUrl>#firepoint</styleUrl>
      <Point><coordinates>76.3103,24.9556,0</coordinates></Point>
    </Placemark>
    <Placemark><name>Fire 2019-01-20</name>
      <description>Brightness: 357.3</description>
      <styleUrl>#firepoint</styleUrl>
      <Point><coordinates>76.4876,24.8987,0</coordinates></Point>
    </Placemark>
    <Placemark><name>Fire 2019-04-12</name>
      <description>Brightness: 310.3</description>
      <styleUrl>#firepoint</styleUrl>
      <Point><coordinates>75.9087,24.7196,0</coordinates></Point>
    </Placemark>
    <Placemark><name>Fire 2019-05-09</name>
      <description>Brightness: 392.1</description>
      <styleUrl>#firepoint</styleUrl>
      <Point><coordinates>75.8079,25.1386,0</coordinates></Point>
    </Placemark>
    <Placemark><name>Fire 2019-05-17</name>
      <description>Brightness: 329.9</description>
      <styleUrl>#firepoint</styleUrl>
      <Point><coordinates>76.0174,24.8247,0</coordinates></Point>
    </Placemark>
    <Placemark><name>Fire 2019-06-14</name>
      <description>Brightness: 332.1</description>
      <styleUrl>#firepoint</styleUrl>
      <Point><coordinates>75.7825,25.1295,0</coordinates></Point>
    </Placemark>
    <Placemark><name>Fire 2020-01-02</name>
      <description>Brightness: 381.4</description>
      <styleUrl>#firepoint</styleUrl>
      <Point><coordinates>76.0639,24.8575,0</coordinates></Point>
    </Placemark>
    <Placemark><name>Fire 2020-02-04</name>
      <description>Brightness: 367.5</description>
      <styleUrl>#firepoint</styleUrl>
      <Point><coordinates>76.0975,25.3359,0</coordinates></Point>
    </Placemark>
    <Placemark><name>Fire 2020-05-23</name>
      <description>Brightness: 374.7</description>
      <styleUrl>#firepoint</styleUrl>
      <Point><coordinates>75.8228,24.9262,0</coordinates></Point>
    </Placemark>
    <Placemark><name>Fire 2021-02-03</name>
      <description>Brightness: 318.5</description>
      <styleUrl>#firepoint</styleUrl>
      <Point><coordinates>75.794,25.1482,0</coordinates></Point>
    </Placemark>
    <Placemark><name>Fire 2021-02-07</name>
      <description>Brightness: 369.2</description>
      <styleUrl>#firepoint</styleUrl>
      <Point><coordinates>76.2036,24.947,0</coordinates></Point>
    </Placemark>
    <Placemark><name>Fire 2021-02-22</name>
      <description>Brightness: 354.1</description>
      <styleUrl>#firepoint</styleUrl>
      <Point><coordinates>76.0632,24.6816,0</coordinates></Point>
    </Placemark>
    <Placemark><name>Fire 2021-04-01</name>
      <description>Brightness: 357.9</description>
      <styleUrl>#firepoint</styleUrl>
      <Point><coordinates>76.0505,24.8689,0</coordinates></Point>
    </Placemark>
    <Placemark><name>Fire 2021-04-15</name>
      <description>Brightness: 378</description>
      <styleUrl>#firepoint</styleUrl>
      <Point><coordinates>76.0471,24.7246,0</coordinates></Point>
    </Placemark>
    <Placemark><name>Fire 2021-05-06</name>
      <description>Brightness: 332</description>
      <styleUrl>#firepoint</styleUrl>
      <Point><coordinates>76.4331,24.8866,0</coordinates></Point>
    </Placemark>
    <Placemark><name>Fire 2021-06-30</name>
      <description>Brightness: 371</description>
      <styleUrl>#firepoint</styleUrl>
      <Point><coordinates>75.9297,24.8425,0</coordinates></Point>
    </Placemark>
    <Placemark><name>Fire 2022-02-12</name>
      <description>Brightness: 359.7</description>
      <styleUrl>#firepoint</styleUrl>
      <Point><coordinates>75.9329,25.0512,0</coordinates></Point>
    </Placemark>
    <Placemark><name>Fire 2022-07-06</name>
      <description>Brightness: 379.5</description>
      <styleUrl>#firepoint</styleUrl>
      <Point><coordinates>75.7474,25.1404,0</coordinates></Point>
    </Placemark>
    <Placemark><name>Fire 2023-01-22</name>
      <description>Brightness: 348</description>
      <styleUrl>#firepoint</styleUrl>
      <Point><coordinates>75.7771,25.1535,0</coordinates></Point>
    </Placemark>
    <Placemark><name>Fire 2023-02-11</name>
      <description>Brightness: 346.2</description>
      <styleUrl>#firepoint</styleUrl>
      <Point><coordinates>75.9853,25.1,0</coordinates></Point>
    </Placemark>
    <Placemark><name>Fire 2023-06-16</name>
      <description>Brightness: 392.3</description>
      <styleUrl>#firepoint</styleUrl>
      <Point><coordinates>76.4158,24.9179,0</coordinates></Point>
    </Placemark>
    <Placemark><name>Fire 2024-02-10</name>
      <description>Brightness: 310.1</description>
      <styleUrl>#firepoint</styleUrl>
      <Point><coordinates>75.9855,24.8687,0</coordinates></Point>
    </Placemark>
    <Placemark><name>Fire 2025-01-25</name>
      <description>Brightness: 359.8</description>
      <styleUrl>#firepoint</styleUrl>
      <Point><coordinates>75.9674,24.8825,0</coordinates></Point>
    </Placemark>
    <Placemark><name>Fire 2025-04-13</name>
      <description>Brightness: 331.6</description>
      <styleUrl>#firepoint</styleUrl>
      <Point><coordinates>75.9197,24.8787,0</coordinates></Point>
    </Placemark>
    <Placemark><name>Fire 2025-05-01</name>
      <description>Brightness: 373.4</description>
      <styleUrl>#firepoint</styleUrl>
      <Point><coordinates>75.8467,25.1363,0</coordinates></Point>
    </Placemark>
    <Placemark><name>Fire 2025-05-14</name>
      <description>Brightness: 387.7</description>
      <styleUrl>#firepoint</styleUrl>
      <Point><coordinates>75.9489,24.8618,0</coordinates></Point>
    </Placemark>
    <Placemark><name>Fire 2025-05-14</name>
      <description>Brightness: 327.7</description>
      <styleUrl>#firepoint</styleUrl>
      <Point><coordinates>75.839,24.9563,0</coordinates></Point>
    </Placemark>
  </Folder>
</Document></kml>