{"type":"FeatureCollection","features":[{"type":"Feature","properties":{"zone":"Low Fire Zone","color":"#228B22","opacity":0.35,"fill":"#228B22","fill-opacity":0.35,"stroke":"#228B22","stroke-width":1,"stroke-opacity":0.8},"geometry":{"type":"MultiPolygon","coordinates":[[[[73.4740734,25.0259619],[73.4742021,25.0245814],[73.4751034,25.0237064],[73.4776354,25.0222287],[73.4792018,25.0209065],[73.4802317,25.019876],[73.4814977,25.0182427],[73.4820342,25.0167843],[73.4807896,25.0133232],[73.4801459,25.0115536],[73.4803176,25.0100369],[73.4818196,25.0089674],[73.4838152,25.0081506],[73.4872484,25.0071589],[73.4913468,25.0064199],[73.4938574,25.0104647],[73.4963679,25.0143926],[73.4992003,25.0178149],[73.5002112,25.0193757],[73.5016509,25.0219453],[73.5023252,25.022492],[73.5037831,25.0225831],[73.506134,25.0218906],[73.5107629,25.0200135],[73.5161572,25.0178266],[73.5196927,25.0166785],[73.5247954,25.0143458],[73.5288229,25.0123959],[73.5320485,25.0108468],[73.5292603,25.0057806],[73.5286771,25.0037395],[73.5284766,25.0029376],[73.5265813,25.0011152],[73.5254879,24.9988919],[73.5242487,24.996541],[73.5236291,24.9955933],[73.5224263,24.9946092],[73.5208226,24.994099],[73.5190366,24.9936616],[73.5186539,24.9905453],[73.5171049,24.9885042],[73.5153736,24.9854426],[73.5127493,24.9807772],[73.5102709,24.9769137],[73.5080658,24.9740161],[73.5139703,24.9705536],[73.5202758,24.9693508],[73.5231735,24.9688769],[73.5253057,24.9672732],[73.5265267,24.9656149],[73.5264356,24.963756],[73.5263991,24.962863],[73.5270187,24.9621705],[73.5277477,24.9612229],[73.5279664,24.9595827],[73.5278024,24.9571225],[73.527857,24.956193],[73.5282215,24.9557192],[73.5293149,24.9556099],[73.5298434,24.9548627],[73.5307546,24.9551178],[73.5319757,24.9542613],[73.5330144,24.9535141],[73.5334882,24.9530038],[73.5342537,24.9531132],[73.5342537,24.9516553],[73.5339985,24.9504525],[73.5333425,24.9489581],[73.5328686,24.9473544],[73.5323766,24.9439647],[73.5322308,24.9400283],[73.5337798,24.9382788],[73.5355658,24.9363653],[73.5359485,24.9355999],[73.5361489,24.9345976],[73.5364405,24.9335042],[73.5359485,24.9277089],[73.5354382,24.9251211],[73.5358938,24.9220048],[73.537862,24.9149703],[73.5399942,24.9146788],[73.540705,24.9120909],[73.5437484,24.9105237],[73.5443862,24.912255],[73.5465184,24.9110704],[73.5480128,24.9099587],[73.5483044,24.9123643],[73.5499081,24.9127835],[73.5539174,24.9115624],[73.5540814,24.9123643],[73.5576351,24.9124736],[73.5594392,24.9125283],[73.5606785,24.911854],[73.565198,24.9123279],[73.5681868,24.9131297],[73.5675489,24.9042364],[73.5665377,24.8984567],[73.5661639,24.8959445],[73.5690652,24.8927655],[73.5710844,24.8913702],[73.5728703,24.890459],[73.5760595,24.8904773],[73.5773534,24.8912062],[73.5783011,24.8914796],[73.5806338,24.8918076],[73.5806702,24.8953978],[73.5816543,24.8971108],[73.5816725,24.8990061],[73.5834949,24.8990061],[73.5836407,24.8976029],[73.5880874,24.8953066],[73.5879598,24.8934842],[73.590821,24.8923179],[73.5917322,24.8926641],[73.5921695,24.8923179],[73.5919144,24.8889647],[73.5942289,24.8892563],[73.5964886,24.8876525],[73.596598,24.8849372],[73.6004432,24.883625],[73.6060562,24.8816022],[73.6056189,24.8781032],[73.6076964,24.8718523],[73.6088263,24.869957],[73.6121248,24.8733831],[73.6150407,24.8731645],[73.6160248,24.8723079],[73.6188313,24.8732191],[73.6189406,24.8748228],[73.6232415,24.8790508],[73.6244443,24.8758069],[73.6297657,24.8783583],[73.6304946,24.8775018],[73.636545,24.8802718],[73.6404267,24.881748],[73.646222,24.8818391],[73.6471696,24.8803994],[73.6506686,24.8812012],[73.6534933,24.8810919],[73.6597259,24.8764083],[73.6652296,24.8725813],[73.6654483,24.8747864],[73.6677627,24.8750051],[73.6689655,24.8716701],[73.6713529,24.8715425],[73.6736673,24.8683351],[73.6767472,24.8669319],[73.6770023,24.8673875],[73.6780775,24.8672052],[73.6803555,24.8664763],[73.6820321,24.8665491],[73.6844377,24.866458],[73.6870275,24.8637642],[73.6889755,24.861738],[73.6887203,24.8595876],[73.6874811,24.8575829],[73.6883376,24.855797],[73.6883012,24.8553596],[73.6871531,24.8550133],[73.6869162,24.8519335],[73.6878091,24.851241],[73.6855676,24.84612],[73.6872989,24.8451724],[73.684055,24.843186],[73.6841826,24.8398692],[73.684055,24.8381197],[73.6815036,24.8352767],[73.6803191,24.8343655],[73.6790616,24.8339282],[73.6778771,24.8337095],[73.6749977,24.8327983],[73.6651749,24.8346025],[73.662988,24.8263105],[73.6644642,24.8258185],[73.6649745,24.8231213],[73.6635712,24.8197317],[73.6613297,24.8143556],[73.6593068,24.8141187],[73.6588694,24.8128977],[73.6574297,24.8123874],[73.6539489,24.80528],[73.6512518,24.799503],[73.6484453,24.7952933],[73.6506322,24.7943456],[73.6520354,24.7931428],[73.6538578,24.7907919],[73.6549877,24.7886962],[73.6552064,24.7846322],[73.6546961,24.782336],[73.6531835,24.778108],[73.6587783,24.7780169],[73.6616395,24.7777436],[73.666323,24.7772333],[73.6709884,24.7755749],[73.6716444,24.7750829],[73.6722458,24.7693787],[73.6715533,24.7649321],[73.669494,24.7616335],[73.667052,24.7598658],[73.6613114,24.7568771],[73.6513784,24.7563502],[73.6492538,24.7522876],[73.646636,24.7465585],[73.6462926,24.7430118],[73.6458206,24.741024],[73.6479663,24.7404394],[73.6509275,24.7393481],[73.6516141,24.7378669],[73.6528587,24.7359181],[73.6535883,24.7333845],[73.6549186,24.7308898],[73.6577081,24.7299933],[73.6627292,24.7285511],[73.6642742,24.7277715],[73.6668062,24.7267969],[73.6685657,24.726641],[73.6697673,24.7278104],[73.6698532,24.7304611],[73.669424,24.7325659],[73.6686086,24.7344369],[73.6676216,24.7364248],[73.6668062,24.737789],[73.6707115,24.7386854],[73.6759901,24.739387],[73.6802816,24.7402835],[73.6826419,24.7412189],[73.6872339,24.7441031],[73.6882639,24.7447267],[73.6889934,24.7433236],[73.6893367,24.7414528],[73.6901521,24.7396599],[73.6923408,24.7374772],[73.6938428,24.7370874],[73.6961603,24.7369315],[73.6976194,24.7379839],[73.6979627,24.7396599],[73.6981344,24.7428559],[73.6971473,24.7441031],[73.695774,24.7455062],[73.6929845,24.7481175],[73.6954307,24.7489359],[73.6980915,24.7490918],[73.7011385,24.7494426],[73.7033271,24.7497154],[73.7052154,24.7505728],[73.70543,24.7519758],[73.7042713,24.7538075],[73.7028551,24.7556392],[73.7017822,24.7571201],[73.7012342,24.7573323],[73.7006952,24.7580798],[73.7036817,24.7607163],[73.7055587,24.7620693],[73.7077474,24.7621473],[73.7103653,24.7622642],[73.7119102,24.7629656],[73.7146167,24.7634924],[73.7150001,24.7654986],[73.7157614,24.7687089],[73.7129455,24.7686544],[73.7096051,24.7674105],[73.7073817,24.7691717],[73.70626,24.7709534],[73.7037551,24.7709096],[73.7030149,24.7739601],[73.7008211,24.7759394],[73.6997823,24.7773791],[73.700252,24.7794189],[73.7013048,24.7812132],[73.7002366,24.7844389],[73.7010955,24.7862281],[73.7038868,24.788075],[73.70537,24.7886908],[73.7062025,24.7869684],[73.7077474,24.7847475],[73.7096709,24.7805711],[73.7120853,24.7792041],[73.7131118,24.778981],[73.7165745,24.7763881],[73.7175739,24.7757809],[73.7183957,24.7726418],[73.7196515,24.7692514],[73.7214926,24.7693699],[73.7235391,24.7694163],[73.7245996,24.7687917],[73.7260247,24.7676988],[73.7280464,24.7652648],[73.7295278,24.7626911],[73.7311339,24.7612198],[73.7327318,24.7595862],[73.7334537,24.7589128],[73.7329387,24.7550936],[73.7343549,24.7515471],[73.7359857,24.7464026],[73.738861,24.7395429],[73.7416505,24.7365417],[73.7440967,24.7323321],[73.7489032,24.7308898],[73.7519197,24.7297548],[73.7548188,24.7288121],[73.7577164,24.7303611],[73.7592837,24.7277004],[73.7594295,24.7263701],[73.7592837,24.7232355],[73.7595024,24.7194267],[73.7599398,24.7169118],[73.7605776,24.7168936],[73.7616528,24.7170212],[73.7626551,24.7173127],[73.7643682,24.7168389],[73.7667009,24.7154903],[73.7684686,24.7161282],[73.7712751,24.7172034],[73.7734984,24.7192445],[73.773954,24.722543],[73.7766876,24.7236547],[73.778911,24.7242014],[73.7806058,24.7232173],[73.7837039,24.7244383],[73.7843599,24.7257505],[73.7852529,24.7274817],[73.7856721,24.7288303],[73.7855263,24.7299602],[73.7854352,24.7310354],[73.7861277,24.7334957],[73.7865833,24.7348807],[73.7874398,24.7366484],[73.7887884,24.738726],[73.7897542,24.7399287],[73.7905014,24.7410222],[73.7909024,24.7421521],[73.793636,24.742717],[73.7987751,24.7433731],[73.803568,24.7449039],[73.8099282,24.7473095],[73.8108212,24.748166],[73.8111857,24.7489132],[73.810803,24.7496239],[73.8103474,24.7505533],[73.8017274,24.7519748],[73.800634,24.7511547],[73.7991578,24.7505716],[73.797955,24.7489496],[73.7969527,24.7478926],[73.7957317,24.7472366],[73.790064,24.746052],[73.7871118,24.7517197],[73.7853076,24.7524669],[73.779075,24.7544168],[73.7817539,24.7594102],[73.7808245,24.7623443],[73.7804964,24.765497],[73.7805147,24.7677386],[73.7840683,24.7714198],[73.7830296,24.7739712],[73.7794941,24.7747913],[73.7760498,24.7771786],[73.7757582,24.7794566],[73.7765418,24.7800762],[73.7773255,24.7801673],[73.7785647,24.7796935],[73.7787469,24.7818804],[73.7802413,24.7824089],[73.7809885,24.7821538],[73.7816263,24.7814795],[73.7821366,24.7812426],[73.782738,24.7822267],[73.7838679,24.7830285],[73.7844328,24.7836481],[73.7833941,24.7884593],[73.7825011,24.7890971],[73.7817903,24.7894251],[73.7822824,24.7934527],[73.7839772,24.7939811],[73.7844146,24.7988105],[73.7854716,24.8007787],[73.787786,24.8025464],[73.7889524,24.8036399],[73.7950939,24.803731],[73.7958046,24.8024371],[73.7997774,24.7998675],[73.8074315,24.7981544],[73.8113132,24.8017446],[73.8073769,24.8066468],[73.8046979,24.8101458],[73.803404,24.8133168],[73.8004335,24.8125696],[73.8023653,24.8155948],[73.8030578,24.8180551],[73.8120604,24.8171985],[73.8168169,24.8194583],[73.8201883,24.8217728],[73.822193,24.8231031],[73.822849,24.8265839],[73.8235962,24.8301011],[73.8245621,24.8326343],[73.8224117,24.8351492],[73.8213547,24.8366253],[73.8215187,24.8377917],[73.822193,24.8387029],[73.8227579,24.8393772],[73.8224117,24.8399603],[73.8210449,24.8404888],[73.8202795,24.8409991],[73.8196052,24.8420379],[73.8192589,24.8435322],[73.8174183,24.8464663],[73.8119693,24.8458467],[73.8098553,24.8489083],[73.80991,24.8559245],[73.8062287,24.8594236],[73.8028209,24.8617745],[73.7995405,24.8623394],[73.7970256,24.8627768],[73.7978457,24.8638702],[73.7992672,24.8648908],[73.7998686,24.8650912],[73.8012354,24.8652917],[73.8024199,24.8656926],[73.8028937,24.8662211],[73.8029849,24.8671323],[73.8030395,24.8679888],[73.8030942,24.8691916],[73.8078142,24.8734743],[73.8119875,24.8775929],[73.8156506,24.8818755],[73.8182566,24.8847914],[73.8216645,24.8885273],[73.8239425,24.8900034],[73.8254186,24.8905502],[73.8277513,24.8922268],[73.8278242,24.8935571],[73.829355,24.8937029],[73.832198,24.8939763],[73.8345489,24.8941038],[73.8373736,24.8960538],[73.8369362,24.8976575],[73.8368633,24.902086],[73.8370455,24.9041817],[73.8376469,24.905184],[73.8393235,24.9067149],[73.840909,24.9052569],[73.8437338,24.9046373],[73.8457384,24.9048925],[73.8471052,24.90502],[73.8477977,24.9038355],[73.8488365,24.9029789],[73.8506042,24.9025233],[73.8515154,24.9024687],[73.8527364,24.9025233],[73.8544677,24.9000631],[73.8575475,24.8973842],[73.8596615,24.8978398],[73.8598802,24.8986416],[73.8612288,24.8982225],[73.8631605,24.8984776],[73.8641082,24.8981496],[73.8649465,24.8974935],[73.8661311,24.8973659],[73.8666596,24.8969832],[73.867188,24.8962361],[73.867753,24.89558],[73.8682086,24.8954524],[73.8693749,24.8956893],[73.8695572,24.8948693],[73.870359,24.8945777],[73.8715618,24.8948875],[73.8717805,24.8939398],[73.8730744,24.8936482],[73.8743865,24.8933749],[73.8753889,24.892573],[73.8744959,24.8922268],[73.8730562,24.8916983],[73.8724912,24.8913338],[73.8721814,24.8906777],[73.8721814,24.8900217],[73.8723637,24.8894749],[73.8727281,24.8890922],[73.8732384,24.8887278],[73.8747692,24.8885273],[73.8756622,24.8886366],[73.8759356,24.888181],[73.8761907,24.888582],[73.8763183,24.8890558],[73.8763729,24.8900946],[73.8767192,24.8906231],[73.8773024,24.8906413],[73.8781042,24.8903497],[73.8783958,24.8900217],[73.8786509,24.8893292],[73.8784323,24.8885273],[73.8784323,24.8878166],[73.8785781,24.887361],[73.8804005,24.8862857],[73.8818584,24.8864133],[73.8831341,24.8862857],[73.8840999,24.8865409],[73.8847195,24.885411],[73.887526,24.8854474],[73.8967656,24.8755518],[73.9012123,24.8754971],[73.9056225,24.8780485],[73.9077729,24.8799438],[73.9100509,24.8851741],[73.9139144,24.8919352],[73.9221152,24.8879624],[73.9289674,24.8845909],[73.9293501,24.883862],[73.9288945,24.8823494],[73.9279469,24.8805999],[73.9279104,24.8792877],[73.9279651,24.8780485],[73.9289128,24.8713785],[73.9293501,24.8702486],[73.9304071,24.8686267],[73.9316099,24.8652552],[73.9317922,24.8621025],[73.9327763,24.8595329],[73.9341613,24.8569815],[73.9358743,24.8543755],[73.9373687,24.8514779],[73.9377879,24.8481065],[73.9417607,24.8466485],[73.9470821,24.8479607],[73.9527315,24.8456462],[73.957324,24.8511499],[73.960331,24.8548858],[73.9604221,24.8561979],[73.959037,24.8592778],[73.9587637,24.8613735],[73.9583445,24.8628497],[73.9584174,24.8664763],[73.9589642,24.8688271],[73.9597842,24.8709411],[73.9600758,24.874349],[73.9597478,24.87752],[73.9585814,24.881584],[73.9591828,24.8829872],[73.9594562,24.8867596],[73.9595109,24.8925001],[73.958873,24.8947052],[73.9577796,24.8967646],[73.956996,24.8979856],[73.9537521,24.8996622],[73.9516017,24.9011201],[73.9572146,24.899972],[73.9596931,24.9002089],[73.9626272,24.9008285],[73.9657253,24.9022135],[73.9724135,24.9074803],[73.9729602,24.9089017],[73.9729602,24.9112709],[73.9757849,24.9102321],[73.9772975,24.9104872],[73.9793568,24.9098494],[73.9803591,24.9087559],[73.9814526,24.9084826],[73.9823638,24.9084826],[73.9833479,24.9087924],[73.9865917,24.9101045],[73.9890338,24.9116353],[73.9918585,24.9154806],[73.9938449,24.9182142],[73.9951944,24.9206127],[73.9970341,24.9189796],[73.9984556,24.9169568],[74.0007882,24.9140591],[74.0045059,24.9111433],[74.0059274,24.9103961],[74.0085881,24.9101774],[74.0100096,24.9094667],[74.0107386,24.9088288],[74.0117044,24.908191],[74.0117409,24.9077172],[74.0113217,24.9072616],[74.0110119,24.9067149],[74.0110301,24.9059859],[74.0112124,24.9051658],[74.0118684,24.904856],[74.0130166,24.9044369],[74.0135451,24.903963],[74.0132899,24.903635],[74.0129619,24.903307],[74.0129254,24.9027238],[74.0138002,24.9026327],[74.0139278,24.9020495],[74.0135815,24.9012659],[74.0139095,24.900136],[74.0146385,24.8993159],[74.015167,24.8984594],[74.0162604,24.8967099],[74.0168254,24.896072],[74.0175361,24.8956529],[74.0187389,24.8954889],[74.0194314,24.8957987],[74.0201968,24.8960174],[74.0205431,24.8954524],[74.0202515,24.8949786],[74.019887,24.8942861],[74.0199781,24.8937394],[74.0206889,24.893302],[74.0215089,24.8937029],[74.0222744,24.8945412],[74.0246435,24.8959445],[74.0263201,24.8974935],[74.0299102,24.8996804],[74.0316779,24.9015939],[74.0337919,24.9030883],[74.0370358,24.903471],[74.043396,24.9037443],[74.046567,24.9041088],[74.0513416,24.9054756],[74.0558065,24.9076807],[74.0595607,24.9032705],[74.061784,24.8965641],[74.0632237,24.8902404],[74.0641896,24.885739],[74.0644994,24.8815111],[74.0677615,24.8795611],[74.0701853,24.8779756],[74.0701306,24.8754425],[74.0690736,24.8730916],[74.0708413,24.8732191],[74.0749417,24.874185],[74.076017,24.8738023],[74.0781856,24.8720528],[74.0774202,24.8713967],[74.0777665,24.8705038],[74.0789875,24.8691552],[74.0811743,24.867515],[74.0849285,24.8671688],[74.0884093,24.8665491],[74.0921634,24.8663669],[74.0947148,24.8663122],[74.0973026,24.865966],[74.0995077,24.8662576],[74.1027698,24.8694468],[74.1058497,24.8727635],[74.1078361,24.8747864],[74.1099318,24.8764812],[74.1129206,24.8780849],[74.1153626,24.8800531],[74.1166747,24.8816568],[74.1186611,24.8824587],[74.1214676,24.883133],[74.1256045,24.885411],[74.1280465,24.8844269],[74.1311628,24.8831694],[74.1330399,24.8827503],[74.1376528,24.8820249],[74.1430266,24.8807639],[74.1470541,24.8879988],[74.1508447,24.8956164],[74.1528129,24.8983683],[74.1576787,24.8984776],[74.1584259,24.9057125],[74.1589726,24.9105966],[74.1582437,24.9149157],[74.1639478,24.9150615],[74.1707271,24.916975],[74.1760668,24.9235356],[74.1789279,24.924702],[74.1820807,24.9314813],[74.1831923,24.9341602],[74.1827367,24.9373859],[74.1835021,24.939591],[74.1829372,24.9413405],[74.184869,24.9442928],[74.1876572,24.9448759],[74.189917,24.947081],[74.1918305,24.9491768],[74.1944183,24.9505436],[74.1962954,24.9570678],[74.1980085,24.9618243],[74.1979173,24.9634644],[74.197644,24.9662527],[74.1967875,24.9710092],[74.1955118,24.9752189],[74.194309,24.9790277],[74.196022,24.9862991],[74.2023093,24.9835473],[74.2065373,24.9855701],[74.2112573,24.9892696],[74.2213534,24.9902537],[74.2216085,24.9949008],[74.2259459,24.9947915],[74.233035,24.9943177],[74.2353677,24.9953382],[74.2352766,24.992477],[74.2364429,24.9920579],[74.2373541,24.9950831],[74.244097,24.9920761],[74.247268,24.9911102],[74.2500744,24.9903631],[74.2519333,24.9895976],[74.2565257,24.9864084],[74.2582206,24.9844767],[74.2577832,24.9823992],[74.2608448,24.9820529],[74.2610635,24.9831463],[74.2633598,24.9826725],[74.2640158,24.9837477],[74.2637425,24.984987],[74.2650546,24.9861169],[74.2640158,24.9858799],[74.263706,24.9870645],[74.2622663,24.9864996],[74.262157,24.9889598],[74.2633233,24.9891238],[74.2631046,24.9898163],[74.264034,24.9900897],[74.2636878,24.9910191],[74.2656742,24.9912378],[74.2656195,24.992149],[74.266549,24.9924041],[74.2684442,24.9946457],[74.2705582,24.9938438],[74.2720891,24.9954111],[74.2782305,24.992313],[74.2817296,24.9984727],[74.2849963,24.9969745],[74.2874656,24.9960444],[74.2908598,25.0008783],[74.2939214,25.0000036],[74.2945046,24.9992017],[74.2980583,24.9981994],[74.2980036,24.9965957],[74.2998989,24.9963405],[74.2995891,24.9934429],[74.3036713,24.9924041],[74.3059675,25.0000765],[74.3127104,25.0090791],[74.3133847,25.0091885],[74.3149337,25.0112295],[74.3114894,25.0152024],[74.3170477,25.0252074],[74.3208018,25.0252074],[74.3195444,25.0301825],[74.3186514,25.030219],[74.318378,25.0315493],[74.3158084,25.0315311],[74.314984,25.0356256],[74.3084642,25.0362876],[74.2943588,25.0374357],[74.2962176,25.042429],[74.2966186,25.0450533],[74.2956527,25.0454725],[74.2952882,25.047222],[74.2923177,25.0480056],[74.2910602,25.0504112],[74.2900579,25.0512859],[74.2876341,25.0523065],[74.2850645,25.0529625],[74.2838435,25.0559513],[74.2829506,25.0578283],[74.2823127,25.0588124],[74.2764081,25.061947],[74.2750049,25.0634231],[74.2697746,25.062111],[74.2687905,25.0585208],[74.2658018,25.0595778],[74.2654737,25.0605984],[74.2647266,25.0605437],[74.2638417,25.0631458],[74.2603529,25.0637416],[74.2538468,25.0659016],[74.2540655,25.0664301],[74.2504025,25.0681067],[74.2448806,25.0704029],[74.243933,25.0695464],[74.2434045,25.0694552],[74.2422017,25.0696739],[74.2406709,25.07033],[74.2399783,25.0698744],[74.2382653,25.0700931],[74.2323789,25.0693641],[74.2268935,25.0684529],[74.2251987,25.0672501],[74.2219913,25.0650997],[74.220752,25.0623114],[74.2192394,25.0593956],[74.2185105,25.0575003],[74.2195857,25.0564069],[74.2212623,25.0543475],[74.2220277,25.0531265],[74.2231576,25.0521789],[74.2246337,25.0510854],[74.2256361,25.0504294],[74.2259276,25.0500102],[74.2210801,25.0500102],[74.2191848,25.0498827],[74.2157769,25.0492995],[74.2126241,25.0487528],[74.2110386,25.0493542],[74.2108382,25.0514864],[74.2092709,25.0516686],[74.2092891,25.0523976],[74.2052434,25.0533999],[74.204314,25.0539466],[74.2023275,25.0555686],[74.1996486,25.055933],[74.1975346,25.0562975],[74.192924,25.0545116],[74.1922861,25.0558784],[74.191138,25.0557508],[74.1907371,25.0576461],[74.1891151,25.0571358],[74.1876026,25.0603432],[74.1878577,25.0627488],[74.1883315,25.067724],[74.1878577,25.0685258],[74.1869647,25.072116],[74.187967,25.0738108],[74.1887871,25.0754509],[74.1889694,25.0774191],[74.1886778,25.0812097],[74.1880035,25.0828681],[74.1875479,25.0850914],[74.186582,25.0863125],[74.1872198,25.0871143],[74.1876026,25.0877704],[74.1879124,25.0885176],[74.1862722,25.0889732],[74.1831012,25.0895928],[74.1815704,25.0895017],[74.1809143,25.0895017],[74.180969,25.0901942],[74.1821536,25.0908502],[74.1828825,25.0927273],[74.1837391,25.0951693],[74.1879853,25.0940394],[74.1882222,25.0958983],[74.1888965,25.0959894],[74.1890422,25.0976296],[74.1883315,25.0979029],[74.1883315,25.099616],[74.1862722,25.0998893],[74.1843405,25.1000716],[74.1830101,25.1002538],[74.1804041,25.1012379],[74.1792377,25.1022767],[74.1787639,25.103115],[74.177634,25.1037528],[74.1778709,25.1050832],[74.1775247,25.1059397],[74.1766681,25.1063771],[74.1783265,25.1098943],[74.1784541,25.1108966],[74.1787275,25.1131746],[74.1757934,25.1142499],[74.1760485,25.115398],[74.1754289,25.1160358],[74.1700893,25.1197353],[74.1684673,25.1218675],[74.1663351,25.1239997],[74.1661529,25.1256763],[74.1608497,25.1249109],[74.1591731,25.1246375],[74.1564031,25.1234712],[74.15469,25.1231432],[74.1529769,25.123125],[74.1518106,25.1241819],[74.150462,25.1254394],[74.1501704,25.1274623],[74.1469083,25.129066],[74.1452864,25.1288291],[74.1408944,25.1288473],[74.1322198,25.1291389],[74.1322198,25.1322552],[74.1287208,25.1331664],[74.1254587,25.1349341],[74.1200826,25.1371574],[74.1203377,25.1380322],[74.1130117,25.1404378],[74.1118271,25.1385789],[74.1115538,25.1386154],[74.1095674,25.135335],[74.1100594,25.135007],[74.1096585,25.134114],[74.0990885,25.1371028],[74.0996353,25.1390345],[74.0972844,25.1397817],[74.0976124,25.141349],[74.0929288,25.1420415],[74.0943503,25.1508072],[74.0934573,25.1509712],[74.0894116,25.1505156],[74.0868602,25.1503152],[74.083671,25.150224],[74.080901,25.1501329],[74.0796618,25.1503334],[74.0793337,25.148511],[74.0773838,25.1473811],[74.0765454,25.1461419],[74.0748142,25.1444653],[74.0716979,25.1430802],[74.0687273,25.1410027],[74.0660728,25.1408242],[74.0636198,25.1407849],[74.0606541,25.1414401],[74.0598068,25.1430204],[74.057479,25.1474248],[74.0591555,25.1485191],[74.0622789,25.1513585],[74.0657539,25.158574],[74.0690031,25.1640722],[74.0697941,25.1673198],[74.0705852,25.1698257],[74.0733541,25.1766274],[74.075124,25.1798016],[74.0806094,25.1778516],[74.0818851,25.1775236],[74.083507,25.1775783],[74.0839262,25.1785077],[74.0841449,25.1794554],[74.0846734,25.1815693],[74.085949,25.1824076],[74.0879719,25.1828268],[74.0893752,25.1832642],[74.0901041,25.1842665],[74.0907784,25.1853782],[74.0923274,25.1848497],[74.0937489,25.1855786],[74.0953162,25.1857426],[74.0966465,25.1857426],[74.0977946,25.1852688],[74.0988334,25.1851412],[74.1004189,25.1849226],[74.1005647,25.1855057],[74.1008927,25.1864352],[74.1022777,25.1880935],[74.1029885,25.1894421],[74.1032254,25.1915561],[74.1038815,25.2020531],[74.1044464,25.2043494],[74.1078725,25.2098166],[74.1099136,25.2133885],[74.1124832,25.2184183],[74.1127019,25.2200584],[74.1139958,25.2218808],[74.1151074,25.2243593],[74.1184607,25.2305737],[74.1206658,25.2347288],[74.1220531,25.2371357],[74.1233063,25.2409176],[74.1236171,25.2428598],[74.1203377,25.2439319],[74.115563,25.2456996],[74.112793,25.2472304],[74.1097678,25.2438408],[74.1081277,25.2426198],[74.1053758,25.2402871],[74.1017675,25.2374624],[74.0994895,25.236296],[74.0980498,25.2359862],[74.0972661,25.2337082],[74.0934027,25.2343825],[74.091963,25.2354942],[74.0891929,25.2376628],[74.0890107,25.2381184],[74.0848009,25.2399591],[74.0803907,25.2414899],[74.0798258,25.2406516],[74.0773291,25.2415446],[74.0771651,25.2409978],[74.0757983,25.2415628],[74.0755431,25.241089],[74.0728095,25.241909],[74.0692741,25.2429478],[74.0627863,25.2434581],[74.0590686,25.2419455],[74.05772,25.2412894],[74.0563532,25.2400502],[74.0528542,25.2378086],[74.0506856,25.2359862],[74.0474964,25.2374077],[74.0471319,25.2383189],[74.0474235,25.2407609],[74.0477151,25.2433487],[74.0472595,25.244588],[74.0460202,25.2465015],[74.0444894,25.2494355],[74.0435053,25.2540827],[74.0425941,25.2566523],[74.0409904,25.2600966],[74.0388946,25.2630853],[74.0346667,25.2616456],[74.0298373,25.2622835],[74.0299831,25.2663474],[74.0308396,25.2681152],[74.0279602,25.2716688],[74.0283247,25.2725983],[74.0275958,25.2745847],[74.0278873,25.2752954],[74.0280878,25.2765529],[74.0276869,25.2780837],[74.0282518,25.2817103],[74.0288532,25.2824757],[74.0288714,25.2830042],[74.0287621,25.2837878],[74.028835,25.2843345],[74.030056,25.2857013],[74.0317691,25.2865943],[74.031605,25.2873962],[74.0329901,25.2878153],[74.0343204,25.2885807],[74.035505,25.2899111],[74.0361975,25.2913143],[74.0367624,25.2943577],[74.0374367,25.2958521],[74.0373456,25.2988226],[74.0369082,25.2996427],[74.0365255,25.3000983],[74.0367989,25.3013011],[74.0363797,25.3019025],[74.0355232,25.3020847],[74.0337737,25.3023581],[74.0325891,25.302759],[74.031277,25.302923],[74.0298738,25.3044174],[74.0276687,25.3064949],[74.0252813,25.3082626],[74.0237586,25.3087491],[74.0224832,25.3085678],[74.0224978,25.3109462],[74.0225826,25.3127851],[74.0226206,25.3158074],[74.0243154,25.3163177],[74.0255729,25.3133654],[74.0277416,25.3140214],[74.0319513,25.3143495],[74.0375096,25.3124177],[74.0384755,25.3119803],[74.0411544,25.3099939],[74.0412091,25.3091921],[74.0414642,25.3082444],[74.0418834,25.3074243],[74.0429586,25.3068229],[74.0439245,25.3062762],[74.0454006,25.3056202],[74.0456193,25.3041805],[74.0457469,25.3031599],[74.0455829,25.3020665],[74.0450361,25.3007179],[74.0462754,25.3016838],[74.0478244,25.3017384],[74.0499384,25.301866],[74.0515057,25.3021758],[74.0527996,25.3031964],[74.0540476,25.3033602],[74.0555544,25.3028238],[74.0582668,25.301702],[74.0591962,25.3013922],[74.0609457,25.3011917],[74.0621667,25.3007361],[74.0626952,25.3012828],[74.0669414,25.3018296],[74.0677979,25.3019207],[74.0690007,25.3017931],[74.0709142,25.3011553],[74.0724997,25.3006268],[74.0738118,25.3004628],[74.0760352,25.3004992],[74.0770739,25.3006268],[74.0792062,25.3035426],[74.0809921,25.3051099],[74.0794248,25.3063127],[74.0801903,25.3075337],[74.0816846,25.3073879],[74.08245,25.307151],[74.0834523,25.3080804],[74.0838715,25.3091921],[74.0833612,25.3098299],[74.082614,25.3104313],[74.0813748,25.3096477],[74.0816299,25.3087182],[74.0810103,25.3082991],[74.0806823,25.3088823],[74.0797347,25.3085907],[74.0795342,25.3087729],[74.0788781,25.3102673],[74.0802814,25.3124906],[74.081229,25.3131649],[74.0829785,25.3147868],[74.0819215,25.320254],[74.0814295,25.3209101],[74.0789692,25.3223498],[74.0781127,25.3233157],[74.075124,25.3261039],[74.0713516,25.323589],[74.0688292,25.3205726],[74.067725,25.3195342],[74.0652101,25.3214933],[74.0632966,25.3225776],[74.0614104,25.323507],[74.0600436,25.3237439],[74.0577292,25.3239079],[74.0547222,25.3237166],[74.052508,25.3233612],[74.0514783,25.3232883],[74.0507403,25.3233703],[74.0496742,25.324072],[74.0491001,25.3254205],[74.0483256,25.3275983],[74.0482436,25.3282999],[74.04592,25.3290927],[74.0422114,25.3296576],[74.0405348,25.330587],[74.0373638,25.3305962],[74.0358604,25.3328195],[74.0341746,25.3341043],[74.0325983,25.3371568],[74.0316324,25.3393163],[74.0302109,25.3400818],[74.0291084,25.3401911],[74.0277689,25.342214],[74.026721,25.344173],[74.0240421,25.3462415],[74.0220557,25.3477814],[74.0218005,25.3499045],[74.0214087,25.3521916],[74.0227846,25.3527474],[74.02314,25.3534035],[74.0236412,25.3545425],[74.0238599,25.3553352],[74.0241059,25.3569025],[74.0242061,25.3580324],[74.0247437,25.3600006],[74.0256276,25.3627251],[74.0259374,25.3647206],[74.0243975,25.3659963],[74.0237687,25.3664883],[74.0219372,25.368411],[74.0215181,25.3727938],[74.0212994,25.3748532],[74.0209896,25.3755183],[74.0197412,25.3756003],[74.0166978,25.3763384],[74.0149392,25.3772132],[74.0139916,25.3780879],[74.013299,25.3800652],[74.0131624,25.3809309],[74.0133355,25.3818056],[74.0133993,25.3827624],[74.0133537,25.3833547],[74.0127888,25.3839105],[74.0131806,25.3849219],[74.0129801,25.3856782],[74.0141191,25.3864527],[74.0148299,25.3880565],[74.0125427,25.3881385],[74.0126248,25.3886852],[74.0174997,25.3912821],[74.0172992,25.3921113],[74.0181922,25.3926762],[74.0194679,25.391765],[74.0201604,25.3916101],[74.0209531,25.3914643],[74.0222744,25.3920384],[74.0234225,25.3927309],[74.026475,25.3908265],[74.0287894,25.3886214],[74.0308653,25.3860661],[74.0340534,25.3900103],[74.0353,25.3913094],[74.0353551,25.391356],[74.0380928,25.3959383],[74.0395143,25.3983621],[74.0418834,25.3969224],[74.0461478,25.3957743],[74.0483165,25.3952823],[74.0502482,25.3953187],[74.0513963,25.395665],[74.0522346,25.3969589],[74.0533463,25.3985262],[74.0543668,25.4002939],[74.0552598,25.4016971],[74.0566084,25.4022985],[74.0586859,25.4025172],[74.0599434,25.4021527],[74.0610186,25.4023714],[74.0669596,25.4051232],[74.0701124,25.4024261],[74.071461,25.4032462],[74.0728824,25.4043214],[74.0750329,25.406162],[74.0765819,25.4086587],[74.0767641,25.4117568],[74.0736661,25.4128867],[74.0683811,25.4146726],[74.0623125,25.4155656],[74.061055,25.4150189],[74.0563897,25.417716],[74.0579934,25.4234019],[74.0594513,25.4244771],[74.0606359,25.4253701],[74.0624218,25.4267916],[74.0644994,25.4291789],[74.0650643,25.4304182],[74.0652283,25.4320766],[74.0651008,25.433334],[74.0634562,25.4350382],[74.0624482,25.4363394],[74.061292,25.4372613],[74.0597976,25.438947],[74.0590322,25.4393479],[74.0582485,25.4379994],[74.0578112,25.437398],[74.0567906,25.4369424],[74.0525991,25.4378171],[74.0485898,25.4381998],[74.0427035,25.438619],[74.0393665,25.439321],[74.03411,25.4385847],[74.0319062,25.4376662],[74.030211,25.4367732],[74.0277247,25.4359567],[74.0262107,25.4351017],[74.019065,25.4366966],[74.017281,25.4371793],[74.0170076,25.4385096],[74.0177001,25.445781],[74.0184109,25.4453072],[74.019158,25.445453],[74.0198141,25.4459632],[74.0198688,25.4477128],[74.0203608,25.4498267],[74.0207982,25.4514851],[74.0202515,25.4516309],[74.0194314,25.4514851],[74.0180828,25.4512118],[74.0167343,25.4511753],[74.0161146,25.4514669],[74.0155315,25.4517585],[74.0147843,25.4521412],[74.0152763,25.4525239],[74.0169529,25.4526332],[74.0179006,25.4526515],[74.0188118,25.4526697],[74.0194314,25.4526697],[74.0210351,25.4525968],[74.0213085,25.4540912],[74.0220192,25.4535262],[74.0224019,25.4530706],[74.0231673,25.4528155],[74.0235318,25.4535627],[74.0236229,25.4545832],[74.0242425,25.4557678],[74.0254818,25.4567336],[74.0262654,25.4572439],[74.0268668,25.4582645],[74.0276504,25.4579729],[74.0286345,25.4576084],[74.0293088,25.4574626],[74.029728,25.4576631],[74.029728,25.4591757],[74.028999,25.4597041],[74.0282154,25.4605425],[74.0290537,25.462055],[74.0280149,25.4627293],[74.0275593,25.4635859],[74.0303476,25.4636588],[74.0324069,25.4636588],[74.0338284,25.4634218],[74.0354321,25.463513],[74.0367624,25.4637134],[74.0384755,25.4620368],[74.0395872,25.4602144],[74.0427581,25.4600686],[74.0468768,25.4602873],[74.0500842,25.4604331],[74.0532916,25.4625653],[74.0522893,25.4640961],[74.0504304,25.4656634],[74.0485169,25.4663377],[74.0470955,25.4665382],[74.0449086,25.4656452],[74.0441432,25.4664653],[74.0479155,25.4688526],[74.0455464,25.4707297],[74.044289,25.4712582],[74.040954,25.471732],[74.0398423,25.4721147],[74.0376554,25.473281],[74.0369811,25.4773632],[74.0375278,25.4792038],[74.0386942,25.4818645],[74.0406806,25.486293],[74.0373456,25.4869855],[74.0354321,25.488006],[74.0392591,25.4939835],[74.0422479,25.495241],[74.0424119,25.4987582],[74.0461843,25.4982844],[74.0485898,25.4966989],[74.0503211,25.4957512],[74.0514874,25.4947307],[74.0545126,25.4949858],[74.0551687,25.4950041],[74.0565173,25.4933821],[74.0589228,25.492726],[74.0593238,25.4924709],[74.0607452,25.491341],[74.0623854,25.4906303],[74.064791,25.4895368],[74.0679073,25.488571],[74.0691647,25.4884252],[74.070896,25.4909401],[74.0721535,25.4923251],[74.073502,25.4934732],[74.0748688,25.4938559],[74.074723,25.4929447],[74.0755431,25.492726],[74.0757436,25.4918877],[74.0761627,25.4917602],[74.0766183,25.4923251],[74.076837,25.4929083],[74.078459,25.492562],[74.0830332,25.4918695],[74.0840537,25.492398],[74.0852019,25.4929447],[74.0868238,25.4932728],[74.0888649,25.492963],[74.0924915,25.4917966],[74.0934391,25.492234],[74.0952068,25.4973732],[74.0930928,25.4980839],[74.092455,25.4955325],[74.090341,25.4951134],[74.086514,25.4977559],[74.0846369,25.4991227],[74.0835617,25.4999245],[74.0856028,25.5010726],[74.0866233,25.5008357],[74.0874981,25.5031684],[74.0873158,25.5044988],[74.0885733,25.5049544],[74.0894298,25.5053553],[74.0898308,25.5056833],[74.0912158,25.505738],[74.0921634,25.5053371],[74.0953344,25.5054646],[74.0969017,25.5068132],[74.0977946,25.5075239],[74.0978493,25.5085627],[74.0992161,25.509073],[74.098068,25.5107678],[74.0979769,25.5118795],[74.0984325,25.5123351],[74.1004736,25.5116426],[74.1019133,25.5122622],[74.1026969,25.5125902],[74.104173,25.5130094],[74.1038268,25.5142304],[74.1015123,25.5148135],[74.0998904,25.5159799],[74.0960451,25.5188957],[74.095298,25.5189504],[74.0938036,25.5195336],[74.0941134,25.5207181],[74.0857303,25.5238527],[74.0840355,25.5244358],[74.0817575,25.5273699],[74.0810286,25.5296479],[74.0799351,25.5339305],[74.0778758,25.5385412],[74.0788234,25.5416028],[74.080336,25.5445187],[74.0820309,25.5481088],[74.0826869,25.5513345],[74.0838168,25.5560727],[74.0841266,25.558296],[74.0793702,25.5596446],[74.075288,25.5606469],[74.0725544,25.5604282],[74.0709507,25.5619044],[74.0665405,25.5637268],[74.0663947,25.5619408],[74.0643536,25.5618133],[74.0627499,25.5618497],[74.0602714,25.5634899],[74.058777,25.5645286],[74.0550047,25.5660777],[74.0545308,25.5691758],[74.0546037,25.572365],[74.0556061,25.5731304],[74.0582303,25.5744789],[74.0598887,25.5758457],[74.0617293,25.5781055],[74.0629321,25.5797092],[74.0655564,25.581641],[74.0663765,25.5820419],[74.0709142,25.5828255],[74.0739759,25.5833358],[74.0766183,25.5834816],[74.0797347,25.5837003],[74.0816117,25.5837003],[74.0831972,25.5834634],[74.0843635,25.5860694],[74.0882453,25.5935413],[74.0890836,25.5950539],[74.0903592,25.5957828],[74.093184,25.5937964],[74.0953891,25.5921927],[74.0974302,25.5911539],[74.0993437,25.5908077],[74.1014212,25.5911357],[74.1041548,25.5919193],[74.1051936,25.5932132],[74.1060501,25.5946711],[74.1073258,25.5978421],[74.1082734,25.6010678],[74.1090206,25.6029631],[74.1099501,25.6040383],[74.1110799,25.6048948],[74.114579,25.6058789],[74.1175859,25.6062252],[74.1190256,25.6064985],[74.1183695,25.6093415],[74.1176588,25.6115101],[74.115964,25.6137335],[74.115563,25.6151549],[74.1150163,25.6207679],[74.114178,25.6240482],[74.1134855,25.6273103],[74.1149434,25.629315],[74.1160733,25.6320668],[74.1164378,25.634928],[74.1167841,25.6377709],[74.1187158,25.639812],[74.1219779,25.6430559],[74.1238185,25.6448054],[74.1254222,25.6459535],[74.1260965,25.6464638],[74.1275362,25.6469923],[74.1255498,25.6489422],[74.1226522,25.6506917],[74.1213947,25.6511656],[74.1198821,25.6515847],[74.119955,25.6528786],[74.1198457,25.6546464],[74.1187887,25.6562683],[74.1170392,25.6578902],[74.1157635,25.6585281],[74.1121187,25.6586921],[74.1099865,25.6586374],[74.1089113,25.6579449],[74.1076356,25.6578538],[74.1063964,25.6581089],[74.1033347,25.6601865],[74.10051,25.6619177],[74.0988334,25.6634668],[74.098068,25.6655808],[74.097011,25.6668929],[74.0946419,25.669827],[74.0916714,25.6732895],[74.0886826,25.6744559],[74.0858944,25.6760413],[74.0848556,25.676096],[74.0830514,25.6760231],[74.0818669,25.6758409],[74.0797529,25.677882],[74.0793337,25.682037],[74.0797893,25.6825655],[74.0802267,25.6830394],[74.0807187,25.6841146],[74.0814295,25.6863926],[74.0818486,25.6891809],[74.0826687,25.6916229],[74.0846005,25.6949396],[74.0856575,25.6967985],[74.0857121,25.6974728],[74.0851107,25.698712],[74.0848374,25.6993498],[74.0846369,25.6999877],[74.0844729,25.7009171],[74.0840902,25.701318],[74.0838351,25.7016278],[74.0837439,25.7027395],[74.0843453,25.7043068],[74.0850925,25.7050722],[74.0856575,25.7058923],[74.0866233,25.7060927],[74.0866598,25.7071315],[74.08717,25.7074778],[74.0882635,25.707332],[74.0889742,25.7076418],[74.0896485,25.7080427],[74.0903775,25.708389],[74.0910153,25.7086988],[74.0913433,25.709045],[74.091963,25.7097375],[74.0925826,25.7103936],[74.0934027,25.7109221],[74.0940223,25.7116875],[74.0946237,25.7126898],[74.0954255,25.7129996],[74.0969381,25.7135099],[74.0989428,25.7147309],[74.1000909,25.7158244],[74.1007105,25.7172458],[74.1010932,25.7187402],[74.1023142,25.7191047],[74.1049931,25.720836],[74.107745,25.7220934],[74.1093851,25.7221845],[74.1123374,25.7205079],[74.1138318,25.7197607],[74.1152897,25.7198701],[74.1167294,25.7206719],[74.1194812,25.7218565],[74.1228891,25.7223485],[74.1285932,25.7225672],[74.134352,25.7238794],[74.1364842,25.7241163],[74.137523,25.7244808],[74.1394183,25.7258658],[74.1420972,25.7267952],[74.1432453,25.7267405],[74.1439378,25.7266312],[74.1444299,25.7267952],[74.1452864,25.7279798],[74.1459242,25.7289639],[74.1470177,25.7308774],[74.1484756,25.7312236],[74.1498606,25.731169],[74.1513732,25.7316063],[74.1534325,25.732554],[74.1572049,25.7333194],[74.1597198,25.73239],[74.1612324,25.7312236],[74.1623623,25.7305493],[74.1638384,25.7298751],[74.1643123,25.7294012],[74.1682851,25.7308409],[74.1695699,25.7310778],[74.1712374,25.7322988],[74.1726922,25.7339519],[74.1744022,25.7356508],[74.1789798,25.7366537],[74.18048,25.7364032],[74.1823365,25.7366408],[74.1825539,25.7379263],[74.1832178,25.7397078],[74.1952962,25.739835],[74.1940356,25.747607],[74.1936347,25.7504135],[74.1926142,25.7520172],[74.1915572,25.7556074],[74.1906277,25.7591975],[74.1903726,25.7617671],[74.1888053,25.762168],[74.1878941,25.7630792],[74.1870376,25.7643002],[74.1891698,25.7684371],[74.1926506,25.7679632],[74.1951655,25.7675259],[74.1966417,25.7684371],[74.1981725,25.7687469],[74.1993753,25.7710795],[74.2009607,25.7716263],[74.2022182,25.7728473],[74.2038584,25.773558],[74.2060635,25.774287],[74.2073756,25.7747426],[74.2070111,25.7757996],[74.2058266,25.7782598],[74.2024551,25.7834172],[74.2012888,25.7883559],[74.2001224,25.7909073],[74.1994482,25.793003],[74.1987192,25.7961011],[74.198136,25.8005842],[74.201471,25.8012949],[74.2044233,25.8021697],[74.2066831,25.8040285],[74.2086695,25.804794],[74.2104737,25.8059056],[74.2119316,25.8067075],[74.2133713,25.8073635],[74.2095625,25.808949],[74.1985916,25.8134139],[74.1951291,25.8149812],[74.1939627,25.8203573],[74.1891151,25.8197923],[74.187803,25.8186989],[74.184304,25.818462],[74.1806774,25.8178241],[74.1769597,25.8153274],[74.1755929,25.8153639],[74.174299,25.8147807],[74.1735883,25.8135415],[74.1727864,25.8125938],[74.1715108,25.8118831],[74.171128,25.8130677],[74.1710552,25.8155461],[74.171365,25.8172045],[74.171693,25.8186078],[74.1717477,25.8202661],[74.1714014,25.8217241],[74.1723126,25.8223619],[74.1722215,25.8241114],[74.1724766,25.8252413],[74.1729504,25.8265716],[74.1748093,25.8268815],[74.1758298,25.82741],[74.1772149,25.8300342],[74.1781625,25.8316015],[74.1789644,25.8326402],[74.1802583,25.833843],[74.1792377,25.8390551],[74.1796933,25.8404948],[74.1813517,25.8432466],[74.1821353,25.8445587],[74.18414,25.8464723],[74.1836824,25.8483781],[74.1788025,25.8459427],[74.1764996,25.8467672],[74.1704823,25.8483718],[74.1650593,25.8503105],[74.160404,25.8516922],[74.1575811,25.8524498],[74.1535448,25.8549234],[74.1510191,25.857174],[74.1470818,25.8571963],[74.1437141,25.8566169],[74.1404261,25.8566876],[74.1385022,25.8566654],[74.1376141,25.8566654],[74.1337363,25.8590696],[74.1296481,25.8609982],[74.126865,25.8635321],[74.1246559,25.8636217],[74.123413,25.8628037],[74.1190887,25.8633159],[74.118333,25.8634741],[74.1175859,25.8639491],[74.1148312,25.8630417],[74.1128294,25.8620356],[74.1125743,25.8599945],[74.1109159,25.8567142],[74.1088566,25.8546002],[74.1061595,25.8528142],[74.0995988,25.8488049],[74.0975942,25.8478573],[74.0964096,25.8485862],[74.0955166,25.8497344],[74.0943503,25.850682],[74.0932751,25.8511376],[74.0920359,25.8515203],[74.0906144,25.8520124],[74.0883364,25.8510465],[74.0871883,25.8501535],[74.0857668,25.8498437],[74.0845093,25.849789],[74.0832883,25.8494063],[74.0816664,25.8486409],[74.0792062,25.8472194],[74.0783678,25.8461625],[74.0759076,25.844905],[74.072846,25.843848],[74.0713698,25.8431008],[74.0698026,25.8428821],[74.06829,25.8424994],[74.0675246,25.8420803],[74.0666316,25.8415336],[74.0661578,25.8410233],[74.0652466,25.8400027],[74.0675792,25.8386542],[74.064955,25.836686],[74.0607726,25.8347816],[74.0561346,25.8323851],[74.053893,25.829287],[74.0557883,25.8279931],[74.0563168,25.8273097],[74.0567177,25.8265716],[74.0570731,25.8262801],[74.0580481,25.826198],[74.058695,25.8261616],[74.0593876,25.8256969],[74.0597247,25.8254235],[74.0598978,25.824895],[74.0600345,25.8244303],[74.0601803,25.8239565],[74.0602988,25.8235829],[74.0607361,25.8229724],[74.0610186,25.8220794],[74.0612373,25.8212867],[74.0614378,25.8204301],[74.0619389,25.8200201],[74.0623854,25.8196647],[74.0627772,25.8192911],[74.0631873,25.8188629],[74.0636155,25.8184893],[74.0636246,25.8178059],[74.0635517,25.8173958],[74.0634971,25.8170223],[74.0636793,25.8167307],[74.064062,25.8164755],[74.0647363,25.8161111],[74.0648639,25.8152181],[74.0648365,25.8146896],[74.0649277,25.8142158],[74.0648365,25.8138604],[74.0645358,25.8134595],[74.0641622,25.813177],[74.0638524,25.8127214],[74.0638069,25.8123842],[74.0637158,25.8117829],[74.0637795,25.8113728],[74.0648365,25.8091039],[74.066094,25.8063885],[74.0670325,25.8058874],[74.0696294,25.8050126],[74.07065,25.8045115],[74.0710509,25.8034271],[74.0733745,25.8020786],[74.0754338,25.8011947],[74.077074,25.8003564],[74.0777209,25.7997732],[74.0778849,25.7992721],[74.0778485,25.7988985],[74.0775751,25.7985067],[74.0772835,25.7978233],[74.0774749,25.7970396],[74.077648,25.7961284],[74.078213,25.796338],[74.0790968,25.7963107],[74.0794157,25.7958642],[74.0798622,25.7955088],[74.0803178,25.795117],[74.0809283,25.7950623],[74.081712,25.795281],[74.0823589,25.7954633],[74.083179,25.7952901],[74.0834615,25.7949074],[74.0855572,25.7933128],[74.0878079,25.7920554],[74.0906235,25.7904972],[74.091234,25.7892033],[74.0911156,25.7880279],[74.0912705,25.7866702],[74.0919903,25.785677],[74.09302,25.7850209],[74.0934938,25.7843466],[74.0935758,25.7836177],[74.0938856,25.7829707],[74.0941407,25.7825971],[74.0952888,25.7820595],[74.0942774,25.7805105],[74.0936396,25.7799364],[74.0935576,25.7793806],[74.0937125,25.7789067],[74.0936122,25.7784876],[74.0934118,25.7780138],[74.0918263,25.7766743],[74.0914436,25.7760274],[74.0918992,25.7754715],[74.0925006,25.7747243],[74.093348,25.772829],[74.0943685,25.7701045],[74.0942956,25.7690202],[74.0923548,25.7675805],[74.0905962,25.7666055],[74.0877077,25.7673618],[74.0852474,25.767945],[74.0845731,25.7675805],[74.0834706,25.7666875],[74.0818942,25.7660588],[74.080254,25.7653207],[74.0771377,25.7640906],[74.0757618,25.7633526],[74.0743495,25.7628241],[74.072846,25.7622227],[74.072117,25.7621224],[74.0714518,25.7623047],[74.0707684,25.7618491],[74.069675,25.7607192],[74.0689552,25.7599629],[74.0683264,25.7596166],[74.0674152,25.7594253],[74.0662216,25.7592704],[74.0650826,25.7588057],[74.0644903,25.7580494],[74.0637431,25.7571655],[74.0623307,25.7567281],[74.0611097,25.7564457],[74.0600527,25.7561176],[74.0588135,25.7564274],[74.0572827,25.7561814],[74.0558521,25.7555618],[74.054868,25.7549057],[74.0540115,25.7543681],[74.0527631,25.7543043],[74.0510683,25.7545959],[74.0501206,25.7538852],[74.0492094,25.7538487],[74.0493644,25.7550606],[74.049255,25.7554342],[74.0488267,25.7557623],[74.0484167,25.7560265],[74.0478973,25.7563272],[74.0476057,25.7567555],[74.0473688,25.7572202],[74.0460567,25.7578125],[74.0444439,25.760464],[74.0430406,25.7591701],[74.0431226,25.7585232],[74.0431773,25.7581314],[74.0423754,25.7582954],[74.0403799,25.7586781],[74.0389038,25.7588786],[74.0369447,25.7583318],[74.0359059,25.757858],[74.034612,25.7572384],[74.0336279,25.7567372],[74.0329445,25.7555253],[74.0314046,25.7554707],[74.030621,25.7542406],[74.0297462,25.753548],[74.0285708,25.7528555],[74.0278145,25.752491],[74.0260923,25.7516983],[74.0245615,25.750696],[74.0235227,25.7494294],[74.0228758,25.748664],[74.0208347,25.7475797],[74.0190214,25.7465682],[74.0146385,25.7449007],[74.0091986,25.7427321],[74.0071667,25.7401807],[74.0062646,25.7385132],[74.005326,25.7361259],[74.0054536,25.7351782],[74.0042417,25.7328638],[74.0026653,25.7321257],[74.0009341,25.7307225],[73.9994032,25.7283898],[73.9987107,25.7276608],[73.9965967,25.725802],[73.9937356,25.7235787],[73.9907013,25.7215193],[73.9872023,25.7187857],[73.9818444,25.7146216],[73.9777531,25.7115144],[73.9815073,25.7091452],[73.9826736,25.7087352],[73.9838946,25.7085803],[73.9870747,25.7069675],[73.9885599,25.7072773],[73.9936353,25.7080336],[73.9991481,25.7067306],[74.0008065,25.7070495],[74.0048158,25.7074595],[74.0074218,25.7068035],[74.0082601,25.7057829],[74.0130712,25.7049082],[74.0146932,25.701883],[74.0116862,25.6994045],[74.011668,25.6971994],[74.0103741,25.6961424],[74.0092624,25.6956322],[74.0046335,25.6928074],[74.001499,25.6911308],[73.9979453,25.6891991],[73.9939542,25.6862103],[73.9909837,25.6838959],[73.9893618,25.682438],[73.9858628,25.6761689],[73.985389,25.6752942],[73.9865735,25.6727428],[73.9874483,25.6708293],[73.9881043,25.669426],[73.9884324,25.6686242],[73.9874847,25.668205],[73.9869927,25.6675125],[73.9865189,25.6663826],[73.9857352,25.667312],[73.9845871,25.6679863],[73.9836577,25.6674032],[73.9829652,25.6672938],[73.9819811,25.6676219],[73.9804867,25.6679863],[73.9795208,25.6682597],[73.9787736,25.6682961],[73.9782269,25.6680046],[73.9775526,25.6675672],[73.9747097,25.6643415],[73.9705546,25.66015],[73.9692425,25.6587103],[73.9679304,25.6580907],[73.9630828,25.6567057],[73.9609688,25.6559767],[73.9593833,25.6543183],[73.9581623,25.6526417],[73.9565768,25.6513843],[73.9528227,25.6494525],[73.9509638,25.6480128],[73.9501255,25.6477577],[73.9496699,25.6483044],[73.9489045,25.6491792],[73.9481755,25.6496348],[73.9475195,25.6498352],[73.9463896,25.6499628],[73.9454237,25.6497441],[73.9450046,25.6498534],[73.9451686,25.6505277],[73.9455513,25.6510927],[73.9458064,25.6518763],[73.9458429,25.6521861],[73.9457335,25.6529515],[73.9453326,25.6536623],[73.9457335,25.6542637],[73.9461891,25.6548286],[73.9465172,25.6551749],[73.9464625,25.6555576],[73.9449863,25.6559949],[73.9417425,25.66015],[73.9401023,25.6626649],[73.9396285,25.6636126],[73.9396467,25.6659088],[73.9389177,25.6668382],[73.9352547,25.669426],[73.9320291,25.6705377],[73.9301338,25.6709751],[73.9294595,25.6715947],[73.9290221,25.6723965],[73.9293319,25.6732531],[73.9300973,25.6742189],[73.9324482,25.6768432],[73.932922,25.6777726],[73.9314641,25.6784469],[73.9284025,25.678939],[73.9249217,25.679595],[73.9205662,25.6803969],[73.9150078,25.6826384],[73.9088904,25.6849969],[73.9050211,25.6794857],[73.9025426,25.6720868],[73.8980959,25.6721232],[73.8932848,25.6667289],[73.8875625,25.6683326],[73.8849747,25.6679681],[73.8775211,25.6606238],[73.8724912,25.6549197],[73.8690104,25.6518216],[73.8640535,25.649981],[73.8635615,25.6395387],[73.8632881,25.6361854],[73.8628872,25.6350555],[73.8613017,25.6323219],[73.8593882,25.6284767],[73.8571831,25.6240665],[73.8531191,25.6178156],[73.849857,25.6126765],[73.847907,25.6098153],[73.8462487,25.606371],[73.8450823,25.6048766],[73.8433146,25.6032911],[73.8400889,25.6016692],[73.83741,25.6000837],[73.8364441,25.5969309],[73.8354418,25.5941609],[73.8350409,25.5927576],[73.8340568,25.5913726],[73.8321251,25.5880923],[73.8310681,25.5859236],[73.8308312,25.5847391],[73.830412,25.5834087],[73.8296284,25.5823335],[73.8288265,25.5816228],[73.8279882,25.5813312],[73.8276237,25.5807845],[73.8279153,25.579855],[73.8286625,25.5794541],[73.82992,25.5789803],[73.8311045,25.5774859],[73.8318699,25.5766841],[73.8330727,25.5760098],[73.8332549,25.5752444],[73.8325442,25.5727841],[73.830904,25.5689024],[73.8286989,25.5640548],[73.8259653,25.5592255],[73.8247626,25.5565465],[73.8239425,25.5530657],[73.820243,25.5472705],[73.8172907,25.5423865],[73.81268,25.5365548],[73.8103838,25.5300853],[73.8079418,25.5216293],[73.8063381,25.5152509],[73.8061012,25.5124262],[73.8059372,25.5101664],[73.8045521,25.5085992],[73.802511,25.5066492],[73.8014905,25.5049908],[73.8010896,25.5028404],[73.7998686,25.5013642],[73.7993401,25.4990498],[73.7987751,25.4977559],[73.7968981,25.4946031],[73.7914126,25.4903569],[73.786565,25.4870037],[73.7844328,25.4870402],[73.7834305,25.4862201],[73.7796946,25.4838874],[73.777289,25.4800968],[73.7754119,25.4770534],[73.7755213,25.4729348],[73.7751204,25.4714769],[73.7734073,25.4668115],[73.7712569,25.4622373],[73.768505,25.4575719],[73.7664093,25.4540547],[73.762564,25.4484235],[73.7589557,25.4412979],[73.756552,25.4385395],[73.754017,25.43789],[73.7537436,25.4282131],[73.7519759,25.4236024],[73.7508095,25.4190282],[73.7529053,25.4141077],[73.7529343,25.4109219],[73.7509972,25.4087007],[73.7505505,25.4065699],[73.7501216,25.4052784],[73.7473785,25.4018456],[73.7459073,25.3995285],[73.744012,25.3942982],[73.7432101,25.3926398],[73.741169,25.3917286],[73.7398387,25.3901249],[73.7387921,25.3882074],[73.737834,25.3865348],[73.7353191,25.3831086],[73.7340799,25.3814503],[73.7330594,25.380047],[73.7321482,25.3792998],[73.7303804,25.3791905],[73.7271912,25.3791905],[73.726116,25.3785162],[73.7254964,25.3779695],[73.7237651,25.3793909],[73.7221796,25.3792998],[73.7198652,25.3785526],[73.7188082,25.3786802],[73.717496,25.3792998],[73.7163479,25.3793727],[73.7155096,25.3790082],[73.7152545,25.3785709],[73.7144526,25.3782975],[73.7139059,25.3784433],[73.7131041,25.3790265],[73.7120471,25.379555],[73.7110265,25.3799012],[73.7099331,25.3803568],[73.7087485,25.3794274],[73.7098784,25.3789171],[73.7104798,25.3781882],[73.708785,25.3766573],[73.7089308,25.3758919],[73.7084569,25.375327],[73.7072542,25.3748896],[73.706999,25.3737415],[73.7070172,25.3731219],[73.7063065,25.3720649],[73.7048304,25.3705341],[73.7028439,25.367272],[73.7018416,25.365887],[73.7008575,25.3647388],[73.7000557,25.3637365],[73.6990169,25.3624244],[73.6987435,25.3618595],[73.6983244,25.3597819],[73.693003,25.3580689],[73.6910166,25.3573946],[73.6883559,25.3550437],[73.6862783,25.3529844],[73.6841461,25.3510526],[73.6823602,25.3504148],[73.6784967,25.3490115],[73.6741594,25.346934],[73.6709155,25.3458223],[73.6680725,25.3446924],[73.6661772,25.3425967],[73.6648833,25.3405556],[73.66461,25.3371112],[73.6644277,25.3360178],[73.6635712,25.334979],[73.6626782,25.3330837],[73.6618946,25.3321361],[73.661275,25.3317716],[73.6597077,25.3317716],[73.6590699,25.3317169],[73.6576849,25.3292931],[73.6557531,25.3276348],[73.6548237,25.3272885],[73.6542405,25.3270516],[73.6533475,25.3265231],[73.6531106,25.3260857],[73.6525639,25.325375],[73.6518714,25.3249741],[73.6466776,25.3236619],[73.6469691,25.3185957],[73.6479532,25.3123813],[73.6487733,25.3073697],[73.6474612,25.307151],[73.6461673,25.3126182],[73.645165,25.3140032],[73.6438164,25.3148962],[73.642887,25.3152424],[73.6372557,25.3134929],[73.633046,25.3098299],[73.6299479,25.3071874],[73.6277064,25.304308],[73.6253555,25.3029959],[73.6239522,25.3017202],[73.6191958,25.2984399],[73.6163346,25.2935923],[73.6146215,25.2904396],[73.6125075,25.288526],[73.6115417,25.2881069],[73.6101931,25.2874508],[73.6096646,25.2829313],[73.6106487,25.2815098],[73.612872,25.2780655],[73.6135281,25.2768809],[73.6124893,25.2742202],[73.6124711,25.273473],[73.613036,25.2731997],[73.6136557,25.2729445],[73.6152229,25.2724707],[73.6167902,25.2668759],[73.6175738,25.2636503],[73.6189771,25.2628666],[73.6196696,25.2625568],[73.6201252,25.2617003],[73.6206719,25.2609167],[73.6209453,25.2604611],[73.6210182,25.259477],[73.6202345,25.2560873],[73.6188677,25.2535724],[73.617592,25.2523878],[73.6139108,25.2502374],[73.6104482,25.2521691],[73.6091543,25.2495084],[73.6083707,25.2455538],[73.6065665,25.2396128],[73.6076964,25.2376264],[73.6068399,25.2342185],[73.6047259,25.2277672],[73.6049993,25.2254892],[73.6045959,25.2224238],[73.6028306,25.2212977],[73.6023932,25.2197486],[73.6018465,25.2172884],[73.6014273,25.2150833],[73.6019194,25.2088689],[73.6016643,25.2058255],[73.5991858,25.2047321],[73.5970354,25.2050783],[73.5960877,25.2023994],[73.5940648,25.2024176],[73.593591,25.201962],[73.5937915,25.1997751],[73.5943929,25.194071],[73.59432,25.1932874],[73.591313,25.1917201],[73.591149,25.1900253],[73.5898551,25.1888407],[73.5884701,25.1884398],[73.586265,25.1880753],[73.5842968,25.1879113],[73.583586,25.1875104],[73.5828753,25.1868543],[73.58098,25.1868361],[73.5786656,25.1866538],[73.5768978,25.1866174],[73.5740002,25.1867085],[73.5733624,25.1867085],[73.5731255,25.1844852],[73.570647,25.1816787],[73.5675489,25.1777423],[73.565034,25.1742251],[73.5641228,25.1712181],[73.5638494,25.166735],[73.5556486,25.1671359],[73.5537898,25.1648762],[73.5511838,25.1637827],[73.5505824,25.163072],[73.5500903,25.1617052],[73.5499263,25.1608851],[73.5500903,25.159737],[73.5508375,25.158352],[73.5494525,25.1569305],[73.5467918,25.1541058],[73.5423998,25.1564749],[73.5369873,25.1522105],[73.5336158,25.150953],[73.5336158,25.1493493],[73.5301533,25.1478732],[73.5269276,25.1449209],[73.5242851,25.1440643],[73.5202941,25.1430073],[73.5185628,25.1411849],[73.511018,25.1328748],[73.5079564,25.1317814],[73.5034733,25.1300136],[73.5022705,25.1293211],[73.5013229,25.1284464],[73.4999561,25.1264235],[73.4993729,25.1253483],[73.499464,25.1224142],[73.4997556,25.1207194],[73.5005392,25.1182409],[73.4929762,25.1162546],[73.4891127,25.1158172],[73.4880604,25.1049079],[73.4920006,25.1017576],[73.5013668,25.0964055],[73.5036099,25.0948684],[73.504039,25.0920628],[73.5032558,25.0890581],[73.5008955,25.0865317],[73.5005951,25.0846661],[73.5024404,25.0828782],[73.504436,25.0815178],[73.5052085,25.0798853],[73.5048866,25.078486],[73.5043072,25.0770089],[73.5020542,25.0759011],[73.5009384,25.0749682],[73.5007453,25.0725777],[73.5007453,25.0682628],[73.500359,25.0657555],[73.4996509,25.0650169],[73.4983206,25.061907],[73.4965825,25.0592829],[73.4961962,25.0559978],[73.4955954,25.0536069],[73.4936213,25.0510021],[73.4909391,25.0482417],[73.4884071,25.0453451],[73.4848881,25.0407183],[73.4825277,25.037355],[73.4784078,25.0316391],[73.4754681,25.0278284],[73.4740734,25.0259619]]],[[[74.1277002,25.6698087],[74.1278096,25.6688611],[74.1283199,25.667713],[74.1294315,25.6668382],[74.1322745,25.6665284],[74.1346983,25.6668018],[74.1370674,25.6670387],[74.1428626,25.6666378],[74.1456144,25.6664555],[74.1478377,25.6661822],[74.1484209,25.6673485],[74.1519564,25.6681139],[74.1565488,25.6686242],[74.1575694,25.6697541],[74.1579338,25.6790119],[74.1538152,25.6820371],[74.1504985,25.684151],[74.1490041,25.6846978],[74.1468901,25.6829483],[74.1444116,25.6810894],[74.1419332,25.6789754],[74.1397827,25.6777726],[74.1356824,25.6766063],[74.1307983,25.675768],[74.1292128,25.6712484],[74.1283016,25.6706653],[74.1277002,25.6698087]]],[[[74.1943819,25.8564772],[74.1944618,25.853637],[74.1979803,25.8534406],[74.1988915,25.852913],[74.1992588,25.8527604],[74.2000216,25.8528113],[74.2003112,25.8530274],[74.2007774,25.8534533],[74.2031507,25.8549407],[74.2056229,25.8549279],[74.2076571,25.8545974],[74.2091122,25.854038],[74.2097902,25.853466],[74.210878,25.8536058],[74.2112736,25.8540762],[74.2116126,25.8547881],[74.2121635,25.8553602],[74.2125873,25.8548644],[74.212884,25.8537584],[74.2131948,25.8528303],[74.2135762,25.851915],[74.2141413,25.8513175],[74.2154409,25.8507962],[74.2165711,25.8503259],[74.220018,25.848279],[74.2229281,25.8462957],[74.2242278,25.8453295],[74.2254709,25.8444904],[74.2270249,25.8442107],[74.2277595,25.8444904],[74.2288896,25.8447447],[74.2304153,25.8451006],[74.2313759,25.84566],[74.2321953,25.8463212],[74.2334949,25.848101],[74.233947,25.8495758],[74.2340882,25.8510251],[74.2342578,25.8523218],[74.2359247,25.8540762],[74.2393151,25.857534],[74.2429033,25.8598731],[74.2444573,25.8616782],[74.2493734,25.8660002],[74.2536397,25.8687458],[74.2555781,25.8690062],[74.2533459,25.8701664],[74.2511588,25.8718218],[74.2493819,25.8735258],[74.248489,25.8746283],[74.2466483,25.8775077],[74.2460834,25.8784554],[74.2441881,25.8806058],[74.2423839,25.8831572],[74.2406344,25.8855263],[74.2379737,25.8857632],[74.2345294,25.8860913],[74.2332537,25.8867655],[74.2335271,25.8876221],[74.2321785,25.8886062],[74.228643,25.8904103],[74.2266748,25.8924879],[74.2255632,25.8938911],[74.2246337,25.8947477],[74.2254903,25.8962967],[74.2235038,25.8967523],[74.2208067,25.8972079],[74.2199866,25.8945654],[74.2192212,25.8930164],[74.2177997,25.8927248],[74.2155217,25.8927248],[74.2129521,25.8925061],[74.2119498,25.8919594],[74.2112573,25.8910117],[74.211148,25.8895538],[74.2110386,25.8865833],[74.2083232,25.8858179],[74.2082868,25.8823553],[74.2081046,25.881918],[74.2060817,25.8809885],[74.2068836,25.8788928],[74.2079223,25.8772344],[74.2068471,25.8764872],[74.2055896,25.8757947],[74.2043322,25.8751751],[74.2052616,25.8716032],[74.2015986,25.870291],[74.1998126,25.8675392],[74.1981725,25.8648603],[74.1969697,25.8633659],[74.1944366,25.8615253],[74.1956211,25.8594478],[74.1943819,25.8564772]]],[[[74.2289711,25.9346127],[74.2290075,25.9338017],[74.2295451,25.932444],[74.2297911,25.9303665],[74.2300463,25.9289814],[74.2319051,25.9284803],[74.2325521,25.9279153],[74.2328163,25.9269312],[74.2330532,25.9236874],[74.2329803,25.921218],[74.2326614,25.9177463],[74.232789,25.9164524],[74.2333084,25.9159877],[74.2341922,25.9157417],[74.2350488,25.915523],[74.2354315,25.9153499],[74.2355681,25.9149763],[74.2357595,25.9141927],[74.2358962,25.9126801],[74.2365249,25.9119693],[74.2377915,25.910074],[74.239377,25.908771],[74.2402153,25.9080967],[74.2408622,25.9080967],[74.2416367,25.9086252],[74.2425753,25.9092722],[74.2431311,25.9096367],[74.2443157,25.9088075],[74.2450355,25.9079783],[74.2449262,25.9047344],[74.2450082,25.9041695],[74.2459649,25.9035681],[74.2466301,25.9031034],[74.2473682,25.902584],[74.247514,25.9011716],[74.2477782,25.8999688],[74.2479696,25.8990759],[74.248088,25.8984836],[74.2481063,25.8980826],[74.2479331,25.8975815],[74.2470584,25.8969528],[74.2458738,25.8950848],[74.2475778,25.8950119],[74.2479058,25.8944561],[74.2479969,25.8940005],[74.2480972,25.8935084],[74.2482065,25.8928432],[74.2482065,25.892497],[74.2483341,25.8920505],[74.251013,25.8896176],[74.2518331,25.8887337],[74.253373,25.8872302],[74.2549129,25.8861004],[74.2558879,25.88436],[74.2570543,25.8839681],[74.2576739,25.8834761],[74.2587855,25.8816993],[74.2598061,25.8808883],[74.2604986,25.8805329],[74.261182,25.8799589],[74.2612276,25.8793666],[74.2612276,25.8784098],[74.2613187,25.876551],[74.2617925,25.8756307],[74.262731,25.8755031],[74.2637789,25.8751751],[74.2644896,25.8747104],[74.2654646,25.8741181],[74.2659567,25.8737536],[74.2709873,25.8731947],[74.2756491,25.8758385],[74.278644,25.8776179],[74.2806783,25.8787872],[74.28243,25.8800328],[74.2844925,25.8830323],[74.2883632,25.8865656],[74.2902279,25.8891328],[74.2918101,25.89048],[74.2942682,25.8906579],[74.2965285,25.8905816],[74.2988453,25.8905816],[74.3007665,25.8909375],[74.3034506,25.8931996],[74.3054566,25.8951821],[74.3067562,25.896453],[74.3083102,25.8960209],[74.3108812,25.8953092],[74.3123222,25.894623],[74.3137066,25.892793],[74.3148085,25.8908358],[74.3154301,25.8889549],[74.3160516,25.8877094],[74.3167862,25.8873535],[74.3181706,25.8878365],[74.3193573,25.889082],[74.3234823,25.8907341],[74.326675,25.8923863],[74.3282289,25.8935555],[74.3291895,25.8941655],[74.331365,25.8954109],[74.3322126,25.8975967],[74.3345577,25.8984354],[74.3368462,25.8991725],[74.3403214,25.9001129],[74.3438813,25.900977],[74.3464807,25.902629],[74.3474978,25.9044843],[74.3482041,25.9080169],[74.3481194,25.9132774],[74.347639,25.9160474],[74.3469045,25.9188173],[74.3464241,25.9208756],[74.3455483,25.9214093],[74.3435988,25.9215871],[74.3398411,25.9213584],[74.3375808,25.9213076],[74.3339926,25.9215109],[74.3316758,25.9223495],[74.3301501,25.9228323],[74.329133,25.9249159],[74.328681,25.9272536],[74.3278616,25.9297438],[74.3281159,25.9313446],[74.3293025,25.9325896],[74.3298676,25.9336821],[74.3297828,25.9353845],[74.329133,25.9368073],[74.3311673,25.9389162],[74.333145,25.9401865],[74.3349532,25.9411774],[74.3368745,25.9413044],[74.3385132,25.9407709],[74.3399541,25.9402627],[74.3418471,25.9403898],[74.3438531,25.9406692],[74.3464807,25.9417617],[74.3484019,25.9431083],[74.3495038,25.9447343],[74.3495885,25.9465127],[74.3502949,25.948164],[74.353544,25.9507045],[74.3556348,25.9509332],[74.3586579,25.9511872],[74.3628112,25.9513651],[74.3669644,25.9518477],[74.3695638,25.9524066],[74.3721631,25.9532196],[74.3737735,25.9539309],[74.3772204,25.9553789],[74.3813454,25.9583765],[74.3864311,25.9622377],[74.3891152,25.9637364],[74.3878836,25.967895],[74.3868821,25.9707964],[74.3861349,25.971489],[74.3864447,25.9751155],[74.3886863,25.9797809],[74.3902171,25.9828972],[74.3915656,25.9853574],[74.3914016,25.9867607],[74.3905087,25.9881275],[74.3851508,25.9929568],[74.3855153,25.9943601],[74.386791,25.9966745],[74.3876293,25.9986245],[74.3878844,26.0016315],[74.3877022,26.002816],[74.3863171,26.0056407],[74.3839845,26.006151],[74.3825265,26.0080099],[74.3817429,26.0096136],[74.3801027,26.0102879],[74.3792462,26.0077912],[74.3784626,26.0092127],[74.3773145,26.0097229],[74.3762393,26.0099598],[74.3757472,26.0117458],[74.3732505,26.0118551],[74.3720842,26.0131126],[74.3706809,26.0151172],[74.3691866,26.0159373],[74.3649586,26.017541],[74.362225,26.0184704],[74.3581064,26.0159009],[74.3555186,26.0182518],[74.3501789,26.0240288],[74.3495775,26.0243568],[74.3465888,26.0226437],[74.3456377,26.0221701],[74.3456184,26.0216004],[74.3462152,26.0205343],[74.3462243,26.0198646],[74.3441468,26.0157095],[74.3396728,26.0181242],[74.3374039,26.0190536],[74.3364289,26.0189169],[74.3322465,26.0146161],[74.3290755,26.0135864],[74.3230616,26.013632],[74.3201731,26.010543],[74.3177311,26.0090304],[74.319836,26.0040279],[74.3224876,26.0023331],[74.3220775,26.0002829],[74.3209658,25.999481],[74.3197813,25.9993443],[74.3189977,25.9993535],[74.3180956,25.9994172],[74.3148335,25.9984878],[74.312519,25.9981416],[74.3122092,25.9969297],[74.3118903,25.9958544],[74.3116443,25.9952713],[74.3112889,25.9952531],[74.3110793,25.9955902],[74.3108242,25.9958453],[74.310159,25.9953897],[74.3091476,25.9943783],[74.3086373,25.9934398],[74.3089471,25.9924466],[74.3085826,25.9920547],[74.3075985,25.9917176],[74.306578,25.9908975],[74.3059584,25.9904784],[74.3030699,25.9899863],[74.3026598,25.9892482],[74.3021313,25.9887289],[74.3016393,25.9886104],[74.3012292,25.9884008],[74.3010561,25.9878814],[74.300883,25.9874714],[74.3006916,25.9874258],[74.3001631,25.9874714],[74.2999445,25.9874258],[74.299662,25.98687],[74.2992155,25.9854394],[74.2982132,25.9842184],[74.2965548,25.9824507],[74.2955889,25.9822229],[74.2942859,25.9820042],[74.293402,25.9816488],[74.2923086,25.9800725],[74.2926913,25.9791977],[74.2931833,25.977676],[74.2928098,25.9763001],[74.2919897,25.9735756],[74.2917801,25.9726553],[74.2922175,25.9721632],[74.2936572,25.9716712],[74.2942221,25.9711062],[74.2944864,25.9707509],[74.2946413,25.9701495],[74.2945684,25.9696939],[74.2943679,25.969056],[74.2939123,25.9687645],[74.2935296,25.9686369],[74.2921264,25.9683909],[74.2902037,25.9679717],[74.2878164,25.9669329],[74.2861671,25.9655935],[74.2842718,25.96368],[74.2827045,25.961976],[74.2836978,25.9616115],[74.2857297,25.9613564],[74.2883813,25.961165],[74.2884087,25.958231],[74.2884542,25.9572378],[74.2899668,25.9542399],[74.2905044,25.9530918],[74.2901764,25.9515337],[74.289903,25.9497568],[74.2902128,25.9490096],[74.291042,25.9475973],[74.2917345,25.9457931],[74.2921264,25.9428773],[74.2923724,25.9409273],[74.2909691,25.9393145],[74.2908416,25.938303],[74.2908233,25.9373189],[74.2912607,25.9365171],[74.2916799,25.935779],[74.2920352,25.9339384],[74.2919715,25.9323893],[74.2916708,25.9311592],[74.2913792,25.9295282],[74.2915067,25.927642],[74.2913609,25.9264756],[74.2928189,25.9253549],[74.2937574,25.9246259],[74.2951698,25.9240883],[74.2962541,25.9241339],[74.2975662,25.9242979],[74.2990333,25.9241065],[74.2997804,25.9233138],[74.3002543,25.9226213],[74.3000447,25.9198968],[74.3005458,25.9184571],[74.3006552,25.9172907],[74.300318,25.9162246],[74.3000538,25.9152679],[74.299097,25.9148943],[74.29763,25.9147029],[74.295434,25.9140742],[74.2930102,25.9125525],[74.2910876,25.9115502],[74.2900033,25.9110217],[74.2890647,25.9109579],[74.2886638,25.9112039],[74.2883904,25.9116686],[74.2872332,25.9140195],[74.285748,25.9171358],[74.2850828,25.9189765],[74.2861944,25.9197965],[74.2863858,25.9201701],[74.2864405,25.9206075],[74.2861398,25.9216554],[74.2854837,25.9233047],[74.285019,25.9244983],[74.2843356,25.9256282],[74.2828959,25.926913],[74.2834153,25.9283436],[74.2841716,25.9306854],[74.2842354,25.9312959],[74.2840622,25.9322618],[74.2835246,25.9344669],[74.2827045,25.936426],[74.2825679,25.9374921],[74.2829415,25.938139],[74.2831601,25.9386766],[74.2831601,25.9392325],[74.2829232,25.9396972],[74.2825952,25.9396789],[74.2823765,25.9395423],[74.2819209,25.939278],[74.2815838,25.939032],[74.2810644,25.9387951],[74.2807819,25.9387951],[74.2796247,25.9393053],[74.2777203,25.9405355],[74.2766906,25.94131],[74.2755972,25.9426768],[74.2752509,25.9436518],[74.275178,25.9444536],[74.2759525,25.9442258],[74.2762624,25.9443625],[74.2762624,25.9447452],[74.2762532,25.9452099],[74.2760437,25.94603],[74.2760254,25.9468045],[74.2761712,25.947251],[74.277292,25.9477157],[74.277374,25.9490916],[74.2773467,25.9507136],[74.2764355,25.9514334],[74.2751963,25.9513514],[74.2735379,25.9513059],[74.2720891,25.9510416],[74.2708407,25.9505496],[74.2703487,25.9495564],[74.269237,25.9474241],[74.2685263,25.9457475],[74.2685354,25.9451735],[74.2698111,25.9445539],[74.2709501,25.9440983],[74.2725082,25.9436882],[74.2718066,25.9414011],[74.2703396,25.9414467],[74.2700844,25.9408271],[74.270212,25.940171],[74.2705127,25.9399796],[74.2709774,25.9396789],[74.2709318,25.9392507],[74.2705036,25.9390684],[74.2699933,25.938868],[74.269237,25.9383486],[74.2689454,25.9377928],[74.268016,25.9356605],[74.2672233,25.9347585],[74.2666127,25.934312],[74.265492,25.9343393],[74.2637334,25.9346947],[74.2622116,25.93505],[74.260043,25.9355239],[74.2572821,25.9360159],[74.2564346,25.936189],[74.2558424,25.936025],[74.2549038,25.9356514],[74.2535735,25.9347038],[74.2525165,25.9341753],[74.2518604,25.9339475],[74.2513046,25.9336377],[74.2503205,25.9329452],[74.251177,25.93505],[74.250931,25.9362346],[74.2504481,25.9368087],[74.2498375,25.9372369],[74.2485436,25.9379112],[74.2473317,25.938704],[74.2462474,25.9381117],[74.244908,25.9369727],[74.2434774,25.9353507],[74.2420194,25.9338017],[74.24068,25.9335739],[74.2387574,25.9336195],[74.2359691,25.9338199],[74.2333722,25.9340204],[74.2305019,25.9344669],[74.2289711,25.9346127]]]]}},{"type":"Feature","properties":{"zone":"Moderate Fire Zone","color":"#FFD700","opacity":0.45,"fill":"#FFD700","fill-opacity":0.45,"stroke":"#FFD700","stroke-width":1,"stroke-opacity":0.8},"geometry":{"type":"Polygon","coordinates":[[[73.48646462539935,25.04279112401754],[73.4871082078855,25.00719939531631],[73.4872484,25.0071589],[73.4913468,25.0064199],[73.4938574,25.0104647],[73.4963679,25.0143926],[73.4992003,25.0178149],[73.5002112,25.0193757],[73.5016509,25.0219453],[73.5023252,25.022492],[73.5037831,25.0225831],[73.506134,25.0218906],[73.5107629,25.0200135],[73.5161572,25.0178266],[73.5196927,25.0166785],[73.5247954,25.0143458],[73.5288229,25.0123959],[73.5320485,25.0108468],[73.5292603,25.0057806],[73.5286771,25.0037395],[73.5284766,25.0029376],[73.5265813,25.0011152],[73.5254879,24.9988919],[73.5242487,24.996541],[73.5236291,24.9955933],[73.5224263,24.9946092],[73.5208226,24.994099],[73.5190366,24.9936616],[73.5186539,24.9905453],[73.5171049,24.9885042],[73.5153736,24.9854426],[73.5127493,24.9807772],[73.5102709,24.9769137],[73.5080658,24.9740161],[73.5139703,24.9705536],[73.5202758,24.9693508],[73.5231735,24.9688769],[73.5253057,24.9672732],[73.5265267,24.9656149],[73.5264356,24.963756],[73.5263991,24.962863],[73.5270187,24.9621705],[73.5277477,24.9612229],[73.5279664,24.9595827],[73.5278024,24.9571225],[73.527857,24.956193],[73.5282215,24.9557192],[73.5293149,24.9556099],[73.5298434,24.9548627],[73.5307546,24.9551178],[73.5319757,24.9542613],[73.5330144,24.9535141],[73.5334882,24.9530038],[73.5342537,24.9531132],[73.5342537,24.9516553],[73.5339985,24.9504525],[73.5333425,24.9489581],[73.5328686,24.9473544],[73.5323766,24.9439647],[73.5322308,24.9400283],[73.5332477540589,24.9388797130884],[73.56254490548436,24.92805420829993],[73.57093203955597,24.919206280473777],[73.58254580304084,24.91805420493837],[73.5909322543247,24.909206277824627],[73.60399821036934,24.907279756527746],[73.61973942152046,24.889784742310987],[73.63523808073735,24.886244845482395],[73.63974045761069,24.881487023877398],[73.6404267,24.881748],[73.646222,24.8818391],[73.6471696,24.8803994],[73.6506686,24.8812012],[73.6534933,24.8810919],[73.6597259,24.8764083],[73.6652296,24.8725813],[73.6654483,24.8747864],[73.6677627,24.8750051],[73.6689655,24.8716701],[73.6713529,24.8715425],[73.6736673,24.8683351],[73.6767472,24.8669319],[73.6770023,24.8673875],[73.6780775,24.8672052],[73.6803555,24.8664763],[73.6820321,24.8665491],[73.6844377,24.866458],[73.6870275,24.8637642],[73.6889755,24.861738],[73.6887203,24.8595876],[73.6874811,24.8575829],[73.6883376,24.855797],[73.6883012,24.8553596],[73.6871531,24.8550133],[73.6869162,24.8519335],[73.6878091,24.851241],[73.6855676,24.84612],[73.6872989,24.8451724],[73.68583603867184,24.844276617842024],[73.68974097748125,24.839784736712822],[73.70255289668505,24.838054217235236],[73.71396443470196,24.828695142135228],[73.7759177922372,24.828849926924974],[73.78719185863051,24.838534111498046],[73.81591836591979,24.838850004739847],[73.81954459152456,24.842299428284285],[73.8192589,24.8435322],[73.8174183,24.8464663],[73.8119693,24.8458467],[73.8098553,24.8489083],[73.80991,24.8559245],[73.8062287,24.8594236],[73.8028209,24.8617745],[73.7995405,24.8623394],[73.7970256,24.8627768],[73.7978457,24.8638702],[73.7992672,24.8648908],[73.7998686,24.8650912],[73.8012354,24.8652917],[73.8024199,24.8656926],[73.8028937,24.8662211],[73.8029849,24.8671323],[73.8030395,24.8679888],[73.8030942,24.8691916],[73.8078142,24.8734743],[73.8119875,24.8775929],[73.8156506,24.8818755],[73.8182566,24.8847914],[73.8216645,24.8885273],[73.8239425,24.8900034],[73.8254186,24.8905502],[73.8277513,24.8922268],[73.8278242,24.8935571],[73.829355,24.8937029],[73.832198,24.8939763],[73.8345489,24.8941038],[73.8373736,24.8960538],[73.8369362,24.8976575],[73.8368633,24.902086],[73.8370455,24.9041817],[73.8376469,24.905184],[73.8393235,24.9067149],[73.840909,24.9052569],[73.8437338,24.9046373],[73.8457384,24.9048925],[73.8471052,24.90502],[73.8477977,24.9038355],[73.8488365,24.9029789],[73.8506042,24.9025233],[73.8515154,24.9024687],[73.8527364,24.9025233],[73.8544677,24.9000631],[73.8575475,24.8973842],[73.8596615,24.8978398],[73.8598802,24.8986416],[73.8612288,24.8982225],[73.8631605,24.8984776],[73.8641082,24.8981496],[73.8649465,24.8974935],[73.8661311,24.8973659],[73.8666596,24.8969832],[73.867188,24.8962361],[73.867753,24.89558],[73.8682086,24.8954524],[73.8693749,24.8956893],[73.8695572,24.8948693],[73.870359,24.8945777],[73.8715618,24.8948875],[73.8717805,24.8939398],[73.8730744,24.8936482],[73.8743865,24.8933749],[73.8753889,24.892573],[73.8744959,24.8922268],[73.8730562,24.8916983],[73.8724912,24.8913338],[73.8721814,24.8906777],[73.8721814,24.8900217],[73.8723637,24.8894749],[73.8727281,24.8890922],[73.8732384,24.8887278],[73.8747692,24.8885273],[73.8756622,24.8886366],[73.8759356,24.888181],[73.8761907,24.888582],[73.8763183,24.8890558],[73.8763729,24.8900946],[73.8767192,24.8906231],[73.8773024,24.8906413],[73.8781042,24.8903497],[73.8783958,24.8900217],[73.8786509,24.8893292],[73.8784323,24.8885273],[73.8784323,24.8878166],[73.8785781,24.887361],[73.8804005,24.8862857],[73.8818584,24.8864133],[73.8831341,24.8862857],[73.8840999,24.8865409],[73.8847195,24.885411],[73.887526,24.8854474],[73.8967656,24.8755518],[73.9012123,24.8754971],[73.9056225,24.8780485],[73.9077729,24.8799438],[73.9100509,24.8851741],[73.9139144,24.8919352],[73.9221152,24.8879624],[73.9289674,24.8845909],[73.9293501,24.883862],[73.9288945,24.8823494],[73.9279469,24.8805999],[73.9279104,24.8792877],[73.9279651,24.8780485],[73.9289128,24.8713785],[73.9293501,24.8702486],[73.93039695392498,24.868642268513778],[73.95894223300826,24.868732659611926],[73.9589642,24.8688271],[73.9597842,24.8709411],[73.9600758,24.874349],[73.9597478,24.87752],[73.9585814,24.881584],[73.9591828,24.8829872],[73.9594562,24.8867596],[73.9595109,24.8925001],[73.958873,24.8947052],[73.9577796,24.8967646],[73.956996,24.8979856],[73.9537521,24.8996622],[73.9516017,24.9011201],[73.9572146,24.899972],[73.9596931,24.9002089],[73.9626272,24.9008285],[73.9657253,24.9022135],[73.9724135,24.9074803],[73.9729602,24.9089017],[73.9729602,24.9112709],[73.9757849,24.9102321],[73.9772975,24.9104872],[73.9793568,24.9098494],[73.9803591,24.9087559],[73.9814526,24.9084826],[73.9823638,24.9084826],[73.9833479,24.9087924],[73.9865917,24.9101045],[73.9890338,24.9116353],[73.9918585,24.9154806],[73.9938449,24.9182142],[73.9951944,24.9206127],[73.9970341,24.9189796],[73.9984556,24.9169568],[74.0007882,24.9140591],[74.0045059,24.9111433],[74.0059274,24.9103961],[74.0085881,24.9101774],[74.0100096,24.9094667],[74.0107386,24.9088288],[74.0117044,24.908191],[74.0117409,24.9077172],[74.0113217,24.9072616],[74.0110119,24.9067149],[74.0110301,24.9059859],[74.0112124,24.9051658],[74.0118684,24.904856],[74.0130166,24.9044369],[74.0135451,24.903963],[74.0132899,24.903635],[74.0129619,24.903307],[74.0129254,24.9027238],[74.0138002,24.9026327],[74.0139278,24.9020495],[74.0135815,24.9012659],[74.0139095,24.900136],[74.0146385,24.8993159],[74.015167,24.8984594],[74.0162604,24.8967099],[74.0168254,24.896072],[74.0175361,24.8956529],[74.0187389,24.8954889],[74.0194314,24.8957987],[74.0201968,24.8960174],[74.0205431,24.8954524],[74.0202515,24.8949786],[74.019887,24.8942861],[74.0199781,24.8937394],[74.0206889,24.893302],[74.0215089,24.8937029],[74.0222744,24.8945412],[74.0246435,24.8959445],[74.0263201,24.8974935],[74.0299102,24.8996804],[74.0316779,24.9015939],[74.0337919,24.9030883],[74.0370358,24.903471],[74.043396,24.9037443],[74.046567,24.9041088],[74.0513416,24.9054756],[74.0558065,24.9076807],[74.0595607,24.9032705],[74.061784,24.8965641],[74.06224941841187,24.894519808542668],[74.06559920107988,24.898054607022853],[74.08721415201134,24.89920620850334],[74.11560099585009,24.91805420161512],[74.1284083118233,24.919784745878097],[74.13560184035228,24.928055421991555],[74.17721444385599,24.92920609036268],[74.18302617962334,24.93533635122695],[74.1827367,24.9373859],[74.1835021,24.939591],[74.1829372,24.9413405],[74.184869,24.9442928],[74.1876572,24.9448759],[74.189917,24.947081],[74.1918305,24.9491768],[74.1944183,24.9505436],[74.1962954,24.9570678],[74.1980085,24.9618243],[74.1979173,24.9634644],[74.197644,24.9662527],[74.1967875,24.9710092],[74.1955118,24.9752189],[74.194309,24.9790277],[74.196022,24.9862991],[74.2023093,24.9835473],[74.2065373,24.9855701],[74.2112573,24.9892696],[74.2213534,24.9902537],[74.2216085,24.9949008],[74.2259459,24.9947915],[74.23210259149164,24.994380017522854],[74.23222667162742,24.995273691057353],[74.24151973143822,25.005343584047633],[74.2413509090847,25.047211446991167],[74.23204482766778,25.056109664569338],[74.23140681331765,25.06920262310042],[74.2268935,25.0684529],[74.2251987,25.0672501],[74.2219913,25.0650997],[74.220752,25.0623114],[74.2192394,25.0593956],[74.2185105,25.0575003],[74.2195857,25.0564069],[74.2212623,25.0543475],[74.2220277,25.0531265],[74.2231576,25.0521789],[74.2246337,25.0510854],[74.2256361,25.0504294],[74.2259276,25.0500102],[74.2210801,25.0500102],[74.2191848,25.0498827],[74.2157769,25.0492995],[74.2126241,25.0487528],[74.2110386,25.0493542],[74.2108382,25.0514864],[74.2092709,25.0516686],[74.2092891,25.0523976],[74.2052434,25.0533999],[74.204314,25.0539466],[74.2023275,25.0555686],[74.1996486,25.055933],[74.1975346,25.0562975],[74.192924,25.0545116],[74.1922861,25.0558784],[74.191138,25.0557508],[74.1907371,25.0576461],[74.1891151,25.0571358],[74.1876026,25.0603432],[74.1878577,25.0627488],[74.1883315,25.067724],[74.1878577,25.0685258],[74.1869647,25.072116],[74.187967,25.0738108],[74.1887871,25.0754509],[74.1889694,25.0774191],[74.1886778,25.0812097],[74.1880035,25.0828681],[74.1875479,25.0850914],[74.186582,25.0863125],[74.1872198,25.0871143],[74.1876026,25.0877704],[74.1879124,25.0885176],[74.1862722,25.0889732],[74.1831012,25.0895928],[74.1815704,25.0895017],[74.1809143,25.0895017],[74.180969,25.0901942],[74.1821536,25.0908502],[74.1828825,25.0927273],[74.1837391,25.0951693],[74.1879853,25.0940394],[74.1882222,25.0958983],[74.1888965,25.0959894],[74.1890422,25.0976296],[74.1883315,25.0979029],[74.1883315,25.099616],[74.1862722,25.0998893],[74.1843405,25.1000716],[74.1830101,25.1002538],[74.1804041,25.1012379],[74.1792377,25.1022767],[74.1787639,25.103115],[74.177634,25.1037528],[74.1778709,25.1050832],[74.1775247,25.1059397],[74.1766681,25.1063771],[74.1783265,25.1098943],[74.1784541,25.1108966],[74.1787275,25.1131746],[74.1757934,25.1142499],[74.1760485,25.115398],[74.1754289,25.1160358],[74.1700893,25.1197353],[74.1684673,25.1218675],[74.1663351,25.1239997],[74.1661529,25.1256763],[74.1608497,25.1249109],[74.1591731,25.1246375],[74.1564031,25.1234712],[74.15469,25.1231432],[74.1529769,25.123125],[74.1518106,25.1241819],[74.150462,25.1254394],[74.1501704,25.1274623],[74.1469083,25.129066],[74.1452864,25.1288291],[74.1408944,25.1288473],[74.1322198,25.1291389],[74.1322198,25.1322552],[74.1287208,25.1331664],[74.1254587,25.1349341],[74.1200826,25.1371574],[74.1203377,25.1380322],[74.1130117,25.1404378],[74.1118271,25.1385789],[74.1115538,25.1386154],[74.1095674,25.135335],[74.1100594,25.135007],[74.1096585,25.134114],[74.0990885,25.1371028],[74.0996353,25.1390345],[74.0972844,25.1397817],[74.0976124,25.141349],[74.0929288,25.1420415],[74.0943503,25.1508072],[74.0934573,25.1509712],[74.0894116,25.1505156],[74.0868602,25.1503152],[74.083671,25.150224],[74.080901,25.1501329],[74.0796618,25.1503334],[74.0793337,25.148511],[74.0773838,25.1473811],[74.0765454,25.1461419],[74.0748142,25.1444653],[74.0716979,25.1430802],[74.0687273,25.1410027],[74.0660728,25.1408242],[74.0636198,25.1407849],[74.0606541,25.1414401],[74.0598068,25.1430204],[74.057479,25.1474248],[74.0591555,25.1485191],[74.0622789,25.1513585],[74.0657539,25.158574],[74.0690031,25.1640722],[74.0697941,25.1673198],[74.0705852,25.1698257],[74.0733541,25.1766274],[74.075124,25.1798016],[74.0806094,25.1778516],[74.0818851,25.1775236],[74.083507,25.1775783],[74.0839262,25.1785077],[74.0841449,25.1794554],[74.0846734,25.1815693],[74.085949,25.1824076],[74.0879719,25.1828268],[74.0893752,25.1832642],[74.0901041,25.1842665],[74.0907784,25.1853782],[74.0923274,25.1848497],[74.0937489,25.1855786],[74.0953162,25.1857426],[74.0966465,25.1857426],[74.0977946,25.1852688],[74.0988334,25.1851412],[74.1004189,25.1849226],[74.1005647,25.1855057],[74.1008927,25.1864352],[74.1022777,25.1880935],[74.1029885,25.1894421],[74.1032254,25.1915561],[74.10359734381508,25.19750686090056],[74.09722174317704,25.201773953434444],[74.07607253247961,25.202759438612382],[74.06592622856927,25.21212992788893],[73.94607398876266,25.212763521560987],[73.93841828691268,25.221195450207887],[73.92361126650916,25.224116086960336],[73.84947003576764,25.300416850426533],[73.83478103360733,25.303335689107968],[73.82842112537243,25.311195448946066],[73.81478185185217,25.313335701612385],[73.80418320530579,25.322285581845456],[73.77222153413246,25.32213031309751],[73.76206369400442,25.312759813021945],[73.73222144202605,25.3121302768311],[73.72066928806221,25.30240643266915],[73.68222132707047,25.302130235089013],[73.6720656148466,25.29275981426848],[73.64222165530077,25.292130269240076],[73.6306714979309,25.282405983805667],[73.61016585456598,25.282207254307966],[73.6106487,25.2815098],[73.612872,25.2780655],[73.6135281,25.2768809],[73.6124893,25.2742202],[73.6124711,25.273473],[73.613036,25.2731997],[73.6136557,25.2729445],[73.6152229,25.2724707],[73.6167902,25.2668759],[73.6175738,25.2636503],[73.6189771,25.2628666],[73.6196696,25.2625568],[73.6201252,25.2617003],[73.6206719,25.2609167],[73.6209453,25.2604611],[73.6210182,25.259477],[73.6202345,25.2560873],[73.6188677,25.2535724],[73.617592,25.2523878],[73.6139108,25.2502374],[73.6104482,25.2521691],[73.6091543,25.2495084],[73.6083707,25.2455538],[73.6065665,25.2396128],[73.6076964,25.2376264],[73.6068399,25.2342185],[73.6047259,25.2277672],[73.6049993,25.2254892],[73.6045959,25.2224238],[73.6028306,25.2212977],[73.6023932,25.2197486],[73.6018465,25.2172884],[73.6014273,25.2150833],[73.6019194,25.2088689],[73.6016643,25.2058255],[73.5991858,25.2047321],[73.5970354,25.2050783],[73.5960877,25.2023994],[73.5940648,25.2024176],[73.593591,25.201962],[73.5937915,25.1997751],[73.5943929,25.194071],[73.59432,25.1932874],[73.591313,25.1917201],[73.591149,25.1900253],[73.5898551,25.1888407],[73.5884701,25.1884398],[73.586265,25.1880753],[73.5842968,25.1879113],[73.583586,25.1875104],[73.5828753,25.1868543],[73.58098,25.1868361],[73.5786656,25.1866538],[73.5768978,25.1866174],[73.5740002,25.1867085],[73.5733624,25.1867085],[73.5731255,25.1844852],[73.570647,25.1816787],[73.5675489,25.1777423],[73.565034,25.1742251],[73.5641228,25.1712181],[73.5638494,25.166735],[73.5556486,25.1671359],[73.5537898,25.1648762],[73.5511838,25.1637827],[73.5505824,25.163072],[73.5500903,25.1617052],[73.5499263,25.1608851],[73.5500903,25.159737],[73.5508375,25.158352],[73.5494525,25.1569305],[73.5467918,25.1541058],[73.5423998,25.1564749],[73.5369873,25.1522105],[73.5336158,25.150953],[73.5336158,25.1493493],[73.5301533,25.1478732],[73.5269276,25.1449209],[73.5242851,25.1440643],[73.5202941,25.1430073],[73.5185628,25.1411849],[73.511018,25.1328748],[73.5079564,25.1317814],[73.5034733,25.1300136],[73.5022705,25.1293211],[73.5013229,25.1284464],[73.4999561,25.1264235],[73.4993729,25.1253483],[73.499464,25.1224142],[73.4997556,25.1207194],[73.5005392,25.1182409],[73.4929762,25.1162546],[73.4891127,25.1158172],[73.4880604,25.1049079],[73.4920006,25.1017576],[73.5013668,25.0964055],[73.5036099,25.0948684],[73.504039,25.0920628],[73.5032558,25.0890581],[73.5008955,25.0865317],[73.5005951,25.0846661],[73.5024404,25.0828782],[73.504436,25.0815178],[73.5052085,25.0798853],[73.5048866,25.078486],[73.5043072,25.0770089],[73.5020542,25.0759011],[73.5009384,25.0749682],[73.5007453,25.0725777],[73.5007453,25.0682628],[73.500359,25.0657555],[73.4996509,25.0650169],[73.4983206,25.061907],[73.4965825,25.0592829],[73.4961962,25.0559978],[73.4955954,25.0536069],[73.4936213,25.0510021],[73.4909391,25.0482417],[73.4884071,25.0453451],[73.48646462539935,25.04279112401754]]]}},{"type":"Feature","properties":{"zone":"High Fire Zone","color":"#FF8C00","opacity":0.5,"fill":"#FF8C00","fill-opacity":0.5,"stroke":"#FF8C00","stroke-width":1,"stroke-opacity":0.8},"geometry":{"type":"Polygon","coordinates":[[[73.52662310086708,25.075343594127453],[73.53591575556678,25.065275211336065],[73.53679609870055,25.04376876815476],[73.54591762899065,25.035274537335948],[73.54782897087019,25.021512009670783],[73.57868953217206,24.990563265633728],[73.59399198975713,24.98727973344544],[73.60973694128509,24.969784734745772],[73.62254129433464,24.968054195247976],[73.63222711551732,24.958850004344338],[73.66254214266097,24.958055041055783],[73.6722283463299,24.948849810874826],[73.76591845935977,24.94884981238682],[73.77560469253078,24.9580542318733],[73.78840954819546,24.959784735404295],[73.79560547290198,24.968054184524963],[73.80840986095346,24.969784736216784],[73.83095479774613,24.992594345647532],[73.83169912954428,25.013823772722407],[73.84152086296042,25.025343596093702],[73.84135589629537,25.137211460694424],[73.83205033230854,25.146107692560967],[73.83032441913285,25.159468225526457],[73.8126892784533,25.17493076598713],[73.81032583349766,25.189468227067216],[73.79841765745053,25.201195448712973],[73.78360978668077,25.204116084847502],[73.76841828782632,25.221195449809255],[73.75477428817807,25.223335708123837],[73.74592445739943,25.232130279683137],[73.71607552986717,25.232759821143322],[73.70592458759685,25.24213027663235],[73.6622222124034,25.242130276632373],[73.65207123456605,25.232760234091593],[73.61222212130895,25.232130241331603],[73.60491802444804,25.224871594454726],[73.6045959,25.2224238],[73.6028306,25.2212977],[73.6023932,25.2197486],[73.6018465,25.2172884],[73.6014273,25.2150833],[73.6019194,25.2088689],[73.6016643,25.2058255],[73.5991858,25.2047321],[73.5970354,25.2050783],[73.5960877,25.2023994],[73.5940648,25.2024176],[73.593591,25.201962],[73.5937915,25.1997751],[73.5943929,25.194071],[73.59432,25.1932874],[73.591313,25.1917201],[73.591149,25.1900253],[73.5898551,25.1888407],[73.5884701,25.1884398],[73.586265,25.1880753],[73.5842968,25.1879113],[73.583586,25.1875104],[73.5828753,25.1868543],[73.58098,25.1868361],[73.5786656,25.1866538],[73.5768978,25.1866174],[73.5740002,25.1867085],[73.5733624,25.1867085],[73.5731255,25.1844852],[73.570647,25.1816787],[73.5675489,25.1777423],[73.565034,25.1742251],[73.5641228,25.1712181],[73.5638494,25.166735],[73.5556486,25.1671359],[73.5537898,25.1648762],[73.5511838,25.1637827],[73.5505824,25.163072],[73.5500903,25.1617052],[73.5499263,25.1608851],[73.5500903,25.159737],[73.5508375,25.158352],[73.5494525,25.1569305],[73.5467918,25.1541058],[73.5423998,25.1564749],[73.5369873,25.1522105],[73.53667593015666,25.152094365467],[73.53609769433186,25.126108141880863],[73.5267920147436,25.117211464488644],[73.52662310086708,25.075343594127453]]]}},{"type":"Feature","properties":{"zone":"Very High Fire Zone","color":"#FF0000","opacity":0.55,"fill":"#FF0000","fill-opacity":0.55,"stroke":"#FF0000","stroke-width":1,"stroke-opacity":0.8},"geometry":{"type":"Polygon","coordinates":[[[73.58662366864999,25.06534359499031],[73.59591637869337,25.05527498100743],[73.59868745078226,25.04056334671779],[73.61973537991031,25.019784734742636],[73.63253671538342,25.018054229840505],[73.64093138620453,25.00920580205147],[73.735919110901,25.00884981117405],[73.7709573984873,25.042594347199223],[73.771702038485,25.063824885913245],[73.78135236109216,25.073768769079766],[73.78135423027953,25.10721146566744],[73.77204849729019,25.116108372960454],[73.77032347653648,25.139468226008397],[73.72841715838247,25.181195371061236],[73.70607077758036,25.18275940824668],[73.69592403174182,25.192130276767443],[73.65222276723074,25.19213027657122],[73.64207602255458,25.18275940778984],[73.61972964102004,25.181195370751517],[73.58718382504291,25.148385871234296],[73.58662366864999,25.06534359499031]]]}},{"type":"Feature","properties":{"name":"Rajsamand District Boundary","stroke":"#FFFFFF","stroke-width":2,"stroke-opacity":0.9,"fill":"none","fill-opacity":0},"bbox":[73.4740734,24.7154903,74.3915656,26.0243568],"geometry":{"type":"MultiPolygon","coordinates":[[[[73.4740734,25.0259619],[73.4742021,25.0245814],[73.4751034,25.0237064],[73.4776354,25.0222287],[73.4792018,25.0209065],[73.4802317,25.019876],[73.4814977,25.0182427],[73.4820342,25.0167843],[73.4807896,25.0133232],[73.4801459,25.0115536],[73.4803176,25.0100369],[73.4818196,25.0089674],[73.4838152,25.0081506],[73.4872484,25.0071589],[73.4913468,25.0064199],[73.4938574,25.0104647],[73.4963679,25.0143926],[73.4992003,25.0178149],[73.5002112,25.0193757],[73.5016509,25.0219453],[73.5023252,25.022492],[73.5037831,25.0225831],[73.506134,25.0218906],[73.5107629,25.0200135],[73.5161572,25.0178266],[73.5196927,25.0166785],[73.5247954,25.0143458],[73.5288229,25.0123959],[73.5320485,25.0108468],[73.5292603,25.0057806],[73.5286771,25.0037395],[73.5284766,25.0029376],[73.5265813,25.0011152],[73.5254879,24.9988919],[73.5242487,24.996541],[73.5236291,24.9955933],[73.5224263,24.9946092],[73.5208226,24.994099],[73.5190366,24.9936616],[73.5186539,24.9905453],[73.5171049,24.9885042],[73.5153736,24.9854426],[73.5127493,24.9807772],[73.5102709,24.9769137],[73.5080658,24.9740161],[73.5139703,24.9705536],[73.5202758,24.9693508],[73.5231735,24.9688769],[73.5253057,24.9672732],[73.5265267,24.9656149],[73.5264356,24.963756],[73.5263991,24.962863],[73.5270187,24.9621705],[73.5277477,24.9612229],[73.5279664,24.9595827],[73.5278024,24.9571225],[73.527857,24.956193],[73.5282215,24.9557192],[73.5293149,24.9556099],[73.5298434,24.9548627],[73.5307546,24.9551178],[73.5319757,24.9542613],[73.5330144,24.9535141],[73.5334882,24.9530038],[73.5342537,24.9531132],[73.5342537,24.9516553],[73.5339985,24.9504525],[73.5333425,24.9489581],[73.5328686,24.9473544],[73.5323766,24.9439647],[73.5322308,24.9400283],[73.5337798,24.9382788],[73.5355658,24.9363653],[73.5359485,24.9355999],[73.5361489,24.9345976],[73.5364405,24.9335042],[73.5359485,24.9277089],[73.5354382,24.9251211],[73.5358938,24.9220048],[73.537862,24.9149703],[73.5399942,24.9146788],[73.540705,24.9120909],[73.5437484,24.9105237],[73.5443862,24.912255],[73.5465184,24.9110704],[73.5480128,24.9099587],[73.5483044,24.9123643],[73.5499081,24.9127835],[73.5539174,24.9115624],[73.5540814,24.9123643],[73.5576351,24.9124736],[73.5594392,24.9125283],[73.5606785,24.911854],[73.565198,24.9123279],[73.5681868,24.9131297],[73.5675489,24.9042364],[73.5665377,24.8984567],[73.5661639,24.8959445],[73.5690652,24.8927655],[73.5710844,24.8913702],[73.5728703,24.890459],[73.5760595,24.8904773],[73.5773534,24.8912062],[73.5783011,24.8914796],[73.5806338,24.8918076],[73.5806702,24.8953978],[73.5816543,24.8971108],[73.5816725,24.8990061],[73.5834949,24.8990061],[73.5836407,24.8976029],[73.5880874,24.8953066],[73.5879598,24.8934842],[73.590821,24.8923179],[73.5917322,24.8926641],[73.5921695,24.8923179],[73.5919144,24.8889647],[73.5942289,24.8892563],[73.5964886,24.8876525],[73.596598,24.8849372],[73.6004432,24.883625],[73.6060562,24.8816022],[73.6056189,24.8781032],[73.6076964,24.8718523],[73.6088263,24.869957],[73.6121248,24.8733831],[73.6150407,24.8731645],[73.6160248,24.8723079],[73.6188313,24.8732191],[73.6189406,24.8748228],[73.6232415,24.8790508],[73.6244443,24.8758069],[73.6297657,24.8783583],[73.6304946,24.8775018],[73.636545,24.8802718],[73.6404267,24.881748],[73.646222,24.8818391],[73.6471696,24.8803994],[73.6506686,24.8812012],[73.6534933,24.8810919],[73.6597259,24.8764083],[73.6652296,24.8725813],[73.6654483,24.8747864],[73.6677627,24.8750051],[73.6689655,24.8716701],[73.6713529,24.8715425],[73.6736673,24.8683351],[73.6767472,24.8669319],[73.6770023,24.8673875],[73.6780775,24.8672052],[73.6803555,24.8664763],[73.6820321,24.8665491],[73.6844377,24.866458],[73.6870275,24.8637642],[73.6889755,24.861738],[73.6887203,24.8595876],[73.6874811,24.8575829],[73.6883376,24.855797],[73.6883012,24.8553596],[73.6871531,24.8550133],[73.6869162,24.8519335],[73.6878091,24.851241],[73.6855676,24.84612],[73.6872989,24.8451724],[73.684055,24.843186],[73.6841826,24.8398692],[73.684055,24.8381197],[73.6815036,24.8352767],[73.6803191,24.8343655],[73.6790616,24.8339282],[73.6778771,24.8337095],[73.6749977,24.8327983],[73.6651749,24.8346025],[73.662988,24.8263105],[73.6644642,24.8258185],[73.6649745,24.8231213],[73.6635712,24.8197317],[73.6613297,24.8143556],[73.6593068,24.8141187],[73.6588694,24.8128977],[73.6574297,24.8123874],[73.6539489,24.80528],[73.6512518,24.799503],[73.6484453,24.7952933],[73.6506322,24.7943456],[73.6520354,24.7931428],[73.6538578,24.7907919],[73.6549877,24.7886962],[73.6552064,24.7846322],[73.6546961,24.782336],[73.6531835,24.778108],[73.6587783,24.7780169],[73.6616395,24.7777436],[73.666323,24.7772333],[73.6709884,24.7755749],[73.6716444,24.7750829],[73.6722458,24.7693787],[73.6715533,24.7649321],[73.669494,24.7616335],[73.667052,24.7598658],[73.6613114,24.7568771],[73.6513784,24.7563502],[73.6492538,24.7522876],[73.646636,24.7465585],[73.6462926,24.7430118],[73.6458206,24.741024],[73.6479663,24.7404394],[73.6509275,24.7393481],[73.6516141,24.7378669],[73.6528587,24.7359181],[73.6535883,24.7333845],[73.6549186,24.7308898],[73.6577081,24.7299933],[73.6627292,24.7285511],[73.6642742,24.7277715],[73.6668062,24.7267969],[73.6685657,24.726641],[73.6697673,24.7278104],[73.6698532,24.7304611],[73.669424,24.7325659],[73.6686086,24.7344369],[73.6676216,24.7364248],[73.6668062,24.737789],[73.6707115,24.7386854],[73.6759901,24.739387],[73.6802816,24.7402835],[73.6826419,24.7412189],[73.6872339,24.7441031],[73.6882639,24.7447267],[73.6889934,24.7433236],[73.6893367,24.7414528],[73.6901521,24.7396599],[73.6923408,24.7374772],[73.6938428,24.7370874],[73.6961603,24.7369315],[73.6976194,24.7379839],[73.6979627,24.7396599],[73.6981344,24.7428559],[73.6971473,24.7441031],[73.695774,24.7455062],[73.6929845,24.7481175],[73.6954307,24.7489359],[73.6980915,24.7490918],[73.7011385,24.7494426],[73.7033271,24.7497154],[73.7052154,24.7505728],[73.70543,24.7519758],[73.7042713,24.7538075],[73.7028551,24.7556392],[73.7017822,24.7571201],[73.7012342,24.7573323],[73.7006952,24.7580798],[73.7036817,24.7607163],[73.7055587,24.7620693],[73.7077474,24.7621473],[73.7103653,24.7622642],[73.7119102,24.7629656],[73.7146167,24.7634924],[73.7150001,24.7654986],[73.7157614,24.7687089],[73.7129455,24.7686544],[73.7096051,24.7674105],[73.7073817,24.7691717],[73.70626,24.7709534],[73.7037551,24.7709096],[73.7030149,24.7739601],[73.7008211,24.7759394],[73.6997823,24.7773791],[73.700252,24.7794189],[73.7013048,24.7812132],[73.7002366,24.7844389],[73.7010955,24.7862281],[73.7038868,24.788075],[73.70537,24.7886908],[73.7062025,24.7869684],[73.7077474,24.7847475],[73.7096709,24.7805711],[73.7120853,24.7792041],[73.7131118,24.778981],[73.7165745,24.7763881],[73.7175739,24.7757809],[73.7183957,24.7726418],[73.7196515,24.7692514],[73.7214926,24.7693699],[73.7235391,24.7694163],[73.7245996,24.7687917],[73.7260247,24.7676988],[73.7280464,24.7652648],[73.7295278,24.7626911],[73.7311339,24.7612198],[73.7327318,24.7595862],[73.7334537,24.7589128],[73.7329387,24.7550936],[73.7343549,24.7515471],[73.7359857,24.7464026],[73.738861,24.7395429],[73.7416505,24.7365417],[73.7440967,24.7323321],[73.7489032,24.7308898],[73.7519197,24.7297548],[73.7548188,24.7288121],[73.7577164,24.7303611],[73.7592837,24.7277004],[73.7594295,24.7263701],[73.7592837,24.7232355],[73.7595024,24.7194267],[73.7599398,24.7169118],[73.7605776,24.7168936],[73.7616528,24.7170212],[73.7626551,24.7173127],[73.7643682,24.7168389],[73.7667009,24.7154903],[73.7684686,24.7161282],[73.7712751,24.7172034],[73.7734984,24.7192445],[73.773954,24.722543],[73.7766876,24.7236547],[73.778911,24.7242014],[73.7806058,24.7232173],[73.7837039,24.7244383],[73.7843599,24.7257505],[73.7852529,24.7274817],[73.7856721,24.7288303],[73.7855263,24.7299602],[73.7854352,24.7310354],[73.7861277,24.7334957],[73.7865833,24.7348807],[73.7874398,24.7366484],[73.7887884,24.738726],[73.7897542,24.7399287],[73.7905014,24.7410222],[73.7909024,24.7421521],[73.793636,24.742717],[73.7987751,24.7433731],[73.803568,24.7449039],[73.8099282,24.7473095],[73.8108212,24.748166],[73.8111857,24.7489132],[73.810803,24.7496239],[73.8103474,24.7505533],[73.8017274,24.7519748],[73.800634,24.7511547],[73.7991578,24.7505716],[73.797955,24.7489496],[73.7969527,24.7478926],[73.7957317,24.7472366],[73.790064,24.746052],[73.7871118,24.7517197],[73.7853076,24.7524669],[73.779075,24.7544168],[73.7817539,24.7594102],[73.7808245,24.7623443],[73.7804964,24.765497],[73.7805147,24.7677386],[73.7840683,24.7714198],[73.7830296,24.7739712],[73.7794941,24.7747913],[73.7760498,24.7771786],[73.7757582,24.7794566],[73.7765418,24.7800762],[73.7773255,24.7801673],[73.7785647,24.7796935],[73.7787469,24.7818804],[73.7802413,24.7824089],[73.7809885,24.7821538],[73.7816263,24.7814795],[73.7821366,24.7812426],[73.782738,24.7822267],[73.7838679,24.7830285],[73.7844328,24.7836481],[73.7833941,24.7884593],[73.7825011,24.7890971],[73.7817903,24.7894251],[73.7822824,24.7934527],[73.7839772,24.7939811],[73.7844146,24.7988105],[73.7854716,24.8007787],[73.787786,24.8025464],[73.7889524,24.8036399],[73.7950939,24.803731],[73.7958046,24.8024371],[73.7997774,24.7998675],[73.8074315,24.7981544],[73.8113132,24.8017446],[73.8073769,24.8066468],[73.8046979,24.8101458],[73.803404,24.8133168],[73.8004335,24.8125696],[73.8023653,24.8155948],[73.8030578,24.8180551],[73.8120604,24.8171985],[73.8168169,24.8194583],[73.8201883,24.8217728],[73.822193,24.8231031],[73.822849,24.8265839],[73.8235962,24.8301011],[73.8245621,24.8326343],[73.8224117,24.8351492],[73.8213547,24.8366253],[73.8215187,24.8377917],[73.822193,24.8387029],[73.8227579,24.8393772],[73.8224117,24.8399603],[73.8210449,24.8404888],[73.8202795,24.8409991],[73.8196052,24.8420379],[73.8192589,24.8435322],[73.8174183,24.8464663],[73.8119693,24.8458467],[73.8098553,24.8489083],[73.80991,24.8559245],[73.8062287,24.8594236],[73.8028209,24.8617745],[73.7995405,24.8623394],[73.7970256,24.8627768],[73.7978457,24.8638702],[73.7992672,24.8648908],[73.7998686,24.8650912],[73.8012354,24.8652917],[73.8024199,24.8656926],[73.8028937,24.8662211],[73.8029849,24.8671323],[73.8030395,24.8679888],[73.8030942,24.8691916],[73.8078142,24.8734743],[73.8119875,24.8775929],[73.8156506,24.8818755],[73.8182566,24.8847914],[73.8216645,24.8885273],[73.8239425,24.8900034],[73.8254186,24.8905502],[73.8277513,24.8922268],[73.8278242,24.8935571],[73.829355,24.8937029],[73.832198,24.8939763],[73.8345489,24.8941038],[73.8373736,24.8960538],[73.8369362,24.8976575],[73.8368633,24.902086],[73.8370455,24.9041817],[73.8376469,24.905184],[73.8393235,24.9067149],[73.840909,24.9052569],[73.8437338,24.9046373],[73.8457384,24.9048925],[73.8471052,24.90502],[73.8477977,24.9038355],[73.8488365,24.9029789],[73.8506042,24.9025233],[73.8515154,24.9024687],[73.8527364,24.9025233],[73.8544677,24.9000631],[73.8575475,24.8973842],[73.8596615,24.8978398],[73.8598802,24.8986416],[73.8612288,24.8982225],[73.8631605,24.8984776],[73.8641082,24.8981496],[73.8649465,24.8974935],[73.8661311,24.8973659],[73.8666596,24.8969832],[73.867188,24.8962361],[73.867753,24.89558],[73.8682086,24.8954524],[73.8693749,24.8956893],[73.8695572,24.8948693],[73.870359,24.8945777],[73.8715618,24.8948875],[73.8717805,24.8939398],[73.8730744,24.8936482],[73.8743865,24.8933749],[73.8753889,24.892573],[73.8744959,24.8922268],[73.8730562,24.8916983],[73.8724912,24.8913338],[73.8721814,24.8906777],[73.8721814,24.8900217],[73.8723637,24.8894749],[73.8727281,24.8890922],[73.8732384,24.8887278],[73.8747692,24.8885273],[73.8756622,24.8886366],[73.8759356,24.888181],[73.8761907,24.888582],[73.8763183,24.8890558],[73.8763729,24.8900946],[73.8767192,24.8906231],[73.8773024,24.8906413],[73.8781042,24.8903497],[73.8783958,24.8900217],[73.8786509,24.8893292],[73.8784323,24.8885273],[73.8784323,24.8878166],[73.8785781,24.887361],[73.8804005,24.8862857],[73.8818584,24.8864133],[73.8831341,24.8862857],[73.8840999,24.8865409],[73.8847195,24.885411],[73.887526,24.8854474],[73.8967656,24.8755518],[73.9012123,24.8754971],[73.9056225,24.8780485],[73.9077729,24.8799438],[73.9100509,24.8851741],[73.9139144,24.8919352],[73.9221152,24.8879624],[73.9289674,24.8845909],[73.9293501,24.883862],[73.9288945,24.8823494],[73.9279469,24.8805999],[73.9279104,24.8792877],[73.9279651,24.8780485],[73.9289128,24.8713785],[73.9293501,24.8702486],[73.9304071,24.8686267],[73.9316099,24.8652552],[73.9317922,24.8621025],[73.9327763,24.8595329],[73.9341613,24.8569815],[73.9358743,24.8543755],[73.9373687,24.8514779],[73.9377879,24.8481065],[73.9417607,24.8466485],[73.9470821,24.8479607],[73.9527315,24.8456462],[73.957324,24.8511499],[73.960331,24.8548858],[73.9604221,24.8561979],[73.959037,24.8592778],[73.9587637,24.8613735],[73.9583445,24.8628497],[73.9584174,24.8664763],[73.9589642,24.8688271],[73.9597842,24.8709411],[73.9600758,24.874349],[73.9597478,24.87752],[73.9585814,24.881584],[73.9591828,24.8829872],[73.9594562,24.8867596],[73.9595109,24.8925001],[73.958873,24.8947052],[73.9577796,24.8967646],[73.956996,24.8979856],[73.9537521,24.8996622],[73.9516017,24.9011201],[73.9572146,24.899972],[73.9596931,24.9002089],[73.9626272,24.9008285],[73.9657253,24.9022135],[73.9724135,24.9074803],[73.9729602,24.9089017],[73.9729602,24.9112709],[73.9757849,24.9102321],[73.9772975,24.9104872],[73.9793568,24.9098494],[73.9803591,24.9087559],[73.9814526,24.9084826],[73.9823638,24.9084826],[73.9833479,24.9087924],[73.9865917,24.9101045],[73.9890338,24.9116353],[73.9918585,24.9154806],[73.9938449,24.9182142],[73.9951944,24.9206127],[73.9970341,24.9189796],[73.9984556,24.9169568],[74.0007882,24.9140591],[74.0045059,24.9111433],[74.0059274,24.9103961],[74.0085881,24.9101774],[74.0100096,24.9094667],[74.0107386,24.9088288],[74.0117044,24.908191],[74.0117409,24.9077172],[74.0113217,24.9072616],[74.0110119,24.9067149],[74.0110301,24.9059859],[74.0112124,24.9051658],[74.0118684,24.904856],[74.0130166,24.9044369],[74.0135451,24.903963],[74.0132899,24.903635],[74.0129619,24.903307],[74.0129254,24.9027238],[74.0138002,24.9026327],[74.0139278,24.9020495],[74.0135815,24.9012659],[74.0139095,24.900136],[74.0146385,24.8993159],[74.015167,24.8984594],[74.0162604,24.8967099],[74.0168254,24.896072],[74.0175361,24.8956529],[74.0187389,24.8954889],[74.0194314,24.8957987],[74.0201968,24.8960174],[74.0205431,24.8954524],[74.0202515,24.8949786],[74.019887,24.8942861],[74.0199781,24.8937394],[74.0206889,24.893302],[74.0215089,24.8937029],[74.0222744,24.8945412],[74.0246435,24.8959445],[74.0263201,24.8974935],[74.0299102,24.8996804],[74.0316779,24.9015939],[74.0337919,24.9030883],[74.0370358,24.903471],[74.043396,24.9037443],[74.046567,24.9041088],[74.0513416,24.9054756],[74.0558065,24.9076807],[74.0595607,24.9032705],[74.061784,24.8965641],[74.0632237,24.8902404],[74.0641896,24.885739],[74.0644994,24.8815111],[74.0677615,24.8795611],[74.0701853,24.8779756],[74.0701306,24.8754425],[74.0690736,24.8730916],[74.0708413,24.8732191],[74.0749417,24.874185],[74.076017,24.8738023],[74.0781856,24.8720528],[74.0774202,24.8713967],[74.0777665,24.8705038],[74.0789875,24.8691552],[74.0811743,24.867515],[74.0849285,24.8671688],[74.0884093,24.8665491],[74.0921634,24.8663669],[74.0947148,24.8663122],[74.0973026,24.865966],[74.0995077,24.8662576],[74.1027698,24.8694468],[74.1058497,24.8727635],[74.1078361,24.8747864],[74.1099318,24.8764812],[74.1129206,24.8780849],[74.1153626,24.8800531],[74.1166747,24.8816568],[74.1186611,24.8824587],[74.1214676,24.883133],[74.1256045,24.885411],[74.1280465,24.8844269],[74.1311628,24.8831694],[74.1330399,24.8827503],[74.1376528,24.8820249],[74.1430266,24.8807639],[74.1470541,24.8879988],[74.1508447,24.8956164],[74.1528129,24.8983683],[74.1576787,24.8984776],[74.1584259,24.9057125],[74.1589726,24.9105966],[74.1582437,24.9149157],[74.1639478,24.9150615],[74.1707271,24.916975],[74.1760668,24.9235356],[74.1789279,24.924702],[74.1820807,24.9314813],[74.1831923,24.9341602],[74.1827367,24.9373859],[74.1835021,24.939591],[74.1829372,24.9413405],[74.184869,24.9442928],[74.1876572,24.9448759],[74.189917,24.947081],[74.1918305,24.9491768],[74.1944183,24.9505436],[74.1962954,24.9570678],[74.1980085,24.9618243],[74.1979173,24.9634644],[74.197644,24.9662527],[74.1967875,24.9710092],[74.1955118,24.9752189],[74.194309,24.9790277],[74.196022,24.9862991],[74.2023093,24.9835473],[74.2065373,24.9855701],[74.2112573,24.9892696],[74.2213534,24.9902537],[74.2216085,24.9949008],[74.2259459,24.9947915],[74.233035,24.9943177],[74.2353677,24.9953382],[74.2352766,24.992477],[74.2364429,24.9920579],[74.2373541,24.9950831],[74.244097,24.9920761],[74.247268,24.9911102],[74.2500744,24.9903631],[74.2519333,24.9895976],[74.2565257,24.9864084],[74.2582206,24.9844767],[74.2577832,24.9823992],[74.2608448,24.9820529],[74.2610635,24.9831463],[74.2633598,24.9826725],[74.2640158,24.9837477],[74.2637425,24.984987],[74.2650546,24.9861169],[74.2640158,24.9858799],[74.263706,24.9870645],[74.2622663,24.9864996],[74.262157,24.9889598],[74.2633233,24.9891238],[74.2631046,24.9898163],[74.264034,24.9900897],[74.2636878,24.9910191],[74.2656742,24.9912378],[74.2656195,24.992149],[74.266549,24.9924041],[74.2684442,24.9946457],[74.2705582,24.9938438],[74.2720891,24.9954111],[74.2782305,24.992313],[74.2817296,24.9984727],[74.2849963,24.9969745],[74.2874656,24.9960444],[74.2908598,25.0008783],[74.2939214,25.0000036],[74.2945046,24.9992017],[74.2980583,24.9981994],[74.2980036,24.9965957],[74.2998989,24.9963405],[74.2995891,24.9934429],[74.3036713,24.9924041],[74.3059675,25.0000765],[74.3127104,25.0090791],[74.3133847,25.0091885],[74.3149337,25.0112295],[74.3114894,25.0152024],[74.3170477,25.0252074],[74.3208018,25.0252074],[74.3195444,25.0301825],[74.3186514,25.030219],[74.318378,25.0315493],[74.3158084,25.0315311],[74.314984,25.0356256],[74.3084642,25.0362876],[74.2943588,25.0374357],[74.2962176,25.042429],[74.2966186,25.0450533],[74.2956527,25.0454725],[74.2952882,25.047222],[74.2923177,25.0480056],[74.2910602,25.0504112],[74.2900579,25.0512859],[74.2876341,25.0523065],[74.2850645,25.0529625],[74.2838435,25.0559513],[74.2829506,25.0578283],[74.2823127,25.0588124],[74.2764081,25.061947],[74.2750049,25.0634231],[74.2697746,25.062111],[74.2687905,25.0585208],[74.2658018,25.0595778],[74.2654737,25.0605984],[74.2647266,25.0605437],[74.2638417,25.0631458],[74.2603529,25.0637416],[74.2538468,25.0659016],[74.2540655,25.0664301],[74.2504025,25.0681067],[74.2448806,25.0704029],[74.243933,25.0695464],[74.2434045,25.0694552],[74.2422017,25.0696739],[74.2406709,25.07033],[74.2399783,25.0698744],[74.2382653,25.0700931],[74.2323789,25.0693641],[74.2268935,25.0684529],[74.2251987,25.0672501],[74.2219913,25.0650997],[74.220752,25.0623114],[74.2192394,25.0593956],[74.2185105,25.0575003],[74.2195857,25.0564069],[74.2212623,25.0543475],[74.2220277,25.0531265],[74.2231576,25.0521789],[74.2246337,25.0510854],[74.2256361,25.0504294],[74.2259276,25.0500102],[74.2228478,25.0500102],[74.2210801,25.0500102],[74.2191848,25.0498827],[74.2157769,25.0492995],[74.2126241,25.0487528],[74.2110386,25.0493542],[74.2108382,25.0514864],[74.2092709,25.0516686],[74.2092891,25.0523976],[74.2052434,25.0533999],[74.204314,25.0539466],[74.2023275,25.0555686],[74.1996486,25.055933],[74.1975346,25.0562975],[74.192924,25.0545116],[74.1922861,25.0558784],[74.191138,25.0557508],[74.1907371,25.0576461],[74.1891151,25.0571358],[74.1876026,25.0603432],[74.1878577,25.0627488],[74.1883315,25.067724],[74.1878577,25.0685258],[74.1869647,25.072116],[74.187967,25.0738108],[74.1887871,25.0754509],[74.1889694,25.0774191],[74.1886778,25.0812097],[74.1880035,25.0828681],[74.1875479,25.0850914],[74.186582,25.0863125],[74.1872198,25.0871143],[74.1876026,25.0877704],[74.1879124,25.0885176],[74.1862722,25.0889732],[74.1831012,25.0895928],[74.1815704,25.0895017],[74.1809143,25.0895017],[74.180969,25.0901942],[74.1821536,25.0908502],[74.1828825,25.0927273],[74.1837391,25.0951693],[74.1879853,25.0940394],[74.1882222,25.0958983],[74.1888965,25.0959894],[74.1890422,25.0976296],[74.1883315,25.0979029],[74.1883315,25.099616],[74.1862722,25.0998893],[74.1843405,25.1000716],[74.1830101,25.1002538],[74.1804041,25.1012379],[74.1792377,25.1022767],[74.1787639,25.103115],[74.177634,25.1037528],[74.1778709,25.1050832],[74.1775247,25.1059397],[74.1766681,25.1063771],[74.1783265,25.1098943],[74.1784541,25.1108966],[74.1787275,25.1131746],[74.1757934,25.1142499],[74.1760485,25.115398],[74.1754289,25.1160358],[74.1700893,25.1197353],[74.1684673,25.1218675],[74.1663351,25.1239997],[74.1661529,25.1256763],[74.1608497,25.1249109],[74.1591731,25.1246375],[74.1564031,25.1234712],[74.15469,25.1231432],[74.1529769,25.123125],[74.1518106,25.1241819],[74.150462,25.1254394],[74.1501704,25.1274623],[74.1469083,25.129066],[74.1452864,25.1288291],[74.1408944,25.1288473],[74.1322198,25.1291389],[74.1322198,25.1322552],[74.1287208,25.1331664],[74.1254587,25.1349341],[74.1200826,25.1371574],[74.1203377,25.1380322],[74.1130117,25.1404378],[74.1118271,25.1385789],[74.1115538,25.1386154],[74.1095674,25.135335],[74.1100594,25.135007],[74.1096585,25.134114],[74.0990885,25.1371028],[74.0996353,25.1390345],[74.0972844,25.1397817],[74.0976124,25.141349],[74.0929288,25.1420415],[74.0943503,25.1508072],[74.0934573,25.1509712],[74.0894116,25.1505156],[74.0868602,25.1503152],[74.083671,25.150224],[74.080901,25.1501329],[74.0796618,25.1503334],[74.0793337,25.148511],[74.0773838,25.1473811],[74.0765454,25.1461419],[74.0748142,25.1444653],[74.0716979,25.1430802],[74.0687273,25.1410027],[74.0660728,25.1408242],[74.0636198,25.1407849],[74.0606541,25.1414401],[74.0598068,25.1430204],[74.057479,25.1474248],[74.0591555,25.1485191],[74.0622789,25.1513585],[74.0657539,25.158574],[74.0690031,25.1640722],[74.0697941,25.1673198],[74.0705852,25.1698257],[74.0733541,25.1766274],[74.075124,25.1798016],[74.0806094,25.1778516],[74.0818851,25.1775236],[74.083507,25.1775783],[74.0839262,25.1785077],[74.0841449,25.1794554],[74.0846734,25.1815693],[74.085949,25.1824076],[74.0879719,25.1828268],[74.0893752,25.1832642],[74.0901041,25.1842665],[74.0907784,25.1853782],[74.0923274,25.1848497],[74.0937489,25.1855786],[74.0953162,25.1857426],[74.0966465,25.1857426],[74.0977946,25.1852688],[74.0988334,25.1851412],[74.1004189,25.1849226],[74.1005647,25.1855057],[74.1008927,25.1864352],[74.1022777,25.1880935],[74.1029885,25.1894421],[74.1032254,25.1915561],[74.1038815,25.2020531],[74.1044464,25.2043494],[74.1078725,25.2098166],[74.1099136,25.2133885],[74.1124832,25.2184183],[74.1127019,25.2200584],[74.1139958,25.2218808],[74.1151074,25.2243593],[74.1184607,25.2305737],[74.1206658,25.2347288],[74.1220531,25.2371357],[74.1233063,25.2409176],[74.1236171,25.2428598],[74.1203377,25.2439319],[74.115563,25.2456996],[74.112793,25.2472304],[74.1097678,25.2438408],[74.1081277,25.2426198],[74.1053758,25.2402871],[74.1017675,25.2374624],[74.0994895,25.236296],[74.0980498,25.2359862],[74.0972661,25.2337082],[74.0934027,25.2343825],[74.091963,25.2354942],[74.0891929,25.2376628],[74.0890107,25.2381184],[74.0848009,25.2399591],[74.0803907,25.2414899],[74.0798258,25.2406516],[74.0773291,25.2415446],[74.0771651,25.2409978],[74.0757983,25.2415628],[74.0755431,25.241089],[74.0728095,25.241909],[74.0692741,25.2429478],[74.0627863,25.2434581],[74.0590686,25.2419455],[74.05772,25.2412894],[74.0563532,25.2400502],[74.0528542,25.2378086],[74.0506856,25.2359862],[74.0474964,25.2374077],[74.0471319,25.2383189],[74.0474235,25.2407609],[74.0477151,25.2433487],[74.0472595,25.244588],[74.0460202,25.2465015],[74.0444894,25.2494355],[74.0435053,25.2540827],[74.0425941,25.2566523],[74.0409904,25.2600966],[74.0388946,25.2630853],[74.0346667,25.2616456],[74.0298373,25.2622835],[74.0299831,25.2663474],[74.0308396,25.2681152],[74.0279602,25.2716688],[74.0283247,25.2725983],[74.0275958,25.2745847],[74.0278873,25.2752954],[74.0280878,25.2765529],[74.0276869,25.2780837],[74.0282518,25.2817103],[74.0288532,25.2824757],[74.0288714,25.2830042],[74.0287621,25.2837878],[74.028835,25.2843345],[74.030056,25.2857013],[74.0317691,25.2865943],[74.031605,25.2873962],[74.0329901,25.2878153],[74.0343204,25.2885807],[74.035505,25.2899111],[74.0361975,25.2913143],[74.0367624,25.2943577],[74.0374367,25.2958521],[74.0373456,25.2988226],[74.0369082,25.2996427],[74.0365255,25.3000983],[74.0367989,25.3013011],[74.0363797,25.3019025],[74.0355232,25.3020847],[74.0337737,25.3023581],[74.0325891,25.302759],[74.031277,25.302923],[74.0298738,25.3044174],[74.0276687,25.3064949],[74.0252813,25.3082626],[74.0237586,25.3087491],[74.0224832,25.3085678],[74.0224978,25.3109462],[74.0225826,25.3127851],[74.0226206,25.3158074],[74.0243154,25.3163177],[74.0255729,25.3133654],[74.0277416,25.3140214],[74.0319513,25.3143495],[74.0375096,25.3124177],[74.0384755,25.3119803],[74.0411544,25.3099939],[74.0412091,25.3091921],[74.0414642,25.3082444],[74.0418834,25.3074243],[74.0429586,25.3068229],[74.0439245,25.3062762],[74.0454006,25.3056202],[74.0456193,25.3041805],[74.0457469,25.3031599],[74.0455829,25.3020665],[74.0450361,25.3007179],[74.0462754,25.3016838],[74.0478244,25.3017384],[74.0499384,25.301866],[74.0515057,25.3021758],[74.0527996,25.3031964],[74.0540476,25.3033602],[74.0555544,25.3028238],[74.0582668,25.301702],[74.0591962,25.3013922],[74.0609457,25.3011917],[74.0621667,25.3007361],[74.0626952,25.3012828],[74.0669414,25.3018296],[74.0677979,25.3019207],[74.0690007,25.3017931],[74.0709142,25.3011553],[74.0724997,25.3006268],[74.0738118,25.3004628],[74.0760352,25.3004992],[74.0770739,25.3006268],[74.0792062,25.3035426],[74.0809921,25.3051099],[74.0794248,25.3063127],[74.0801903,25.3075337],[74.0816846,25.3073879],[74.08245,25.307151],[74.0834523,25.3080804],[74.0838715,25.3091921],[74.0833612,25.3098299],[74.082614,25.3104313],[74.0813748,25.3096477],[74.0816299,25.3087182],[74.0810103,25.3082991],[74.0806823,25.3088823],[74.0797347,25.3085907],[74.0795342,25.3087729],[74.0788781,25.3102673],[74.0802814,25.3124906],[74.081229,25.3131649],[74.0829785,25.3147868],[74.0819215,25.320254],[74.0814295,25.3209101],[74.0789692,25.3223498],[74.0781127,25.3233157],[74.075124,25.3261039],[74.0713516,25.323589],[74.0688292,25.3205726],[74.067725,25.3195342],[74.0652101,25.3214933],[74.0632966,25.3225776],[74.0614104,25.323507],[74.0600436,25.3237439],[74.0577292,25.3239079],[74.0547222,25.3237166],[74.052508,25.3233612],[74.0514783,25.3232883],[74.0507403,25.3233703],[74.0496742,25.324072],[74.0491001,25.3254205],[74.0483256,25.3275983],[74.0482436,25.3282999],[74.04592,25.3290927],[74.0422114,25.3296576],[74.0405348,25.330587],[74.0373638,25.3305962],[74.0358604,25.3328195],[74.0341746,25.3341043],[74.0325983,25.3371568],[74.0316324,25.3393163],[74.0302109,25.3400818],[74.0291084,25.3401911],[74.0277689,25.342214],[74.026721,25.344173],[74.0240421,25.3462415],[74.0220557,25.3477814],[74.0218005,25.3499045],[74.0214087,25.3521916],[74.0227846,25.3527474],[74.02314,25.3534035],[74.0236412,25.3545425],[74.0238599,25.3553352],[74.0241059,25.3569025],[74.0242061,25.3580324],[74.0247437,25.3600006],[74.0256276,25.3627251],[74.0259374,25.3647206],[74.0243975,25.3659963],[74.0237687,25.3664883],[74.0219372,25.368411],[74.0215181,25.3727938],[74.0212994,25.3748532],[74.0209896,25.3755183],[74.0197412,25.3756003],[74.0166978,25.3763384],[74.0149392,25.3772132],[74.0139916,25.3780879],[74.013299,25.3800652],[74.0131624,25.3809309],[74.0133355,25.3818056],[74.0133993,25.3827624],[74.0133537,25.3833547],[74.0127888,25.3839105],[74.0131806,25.3849219],[74.0129801,25.3856782],[74.0141191,25.3864527],[74.0148299,25.3880565],[74.0125427,25.3881385],[74.0126248,25.3886852],[74.0174997,25.3912821],[74.0172992,25.3921113],[74.0181922,25.3926762],[74.0194679,25.391765],[74.0201604,25.3916101],[74.0209531,25.3914643],[74.0222744,25.3920384],[74.0234225,25.3927309],[74.026475,25.3908265],[74.0287894,25.3886214],[74.0308653,25.3860661],[74.0340534,25.3900103],[74.0353,25.3913094],[74.0353551,25.391356],[74.0380928,25.3959383],[74.0395143,25.3983621],[74.0418834,25.3969224],[74.0461478,25.3957743],[74.0483165,25.3952823],[74.0502482,25.3953187],[74.0513963,25.395665],[74.0522346,25.3969589],[74.0533463,25.3985262],[74.0543668,25.4002939],[74.0552598,25.4016971],[74.0566084,25.4022985],[74.0586859,25.4025172],[74.0599434,25.4021527],[74.0610186,25.4023714],[74.0669596,25.4051232],[74.0701124,25.4024261],[74.071461,25.4032462],[74.0728824,25.4043214],[74.0750329,25.406162],[74.0765819,25.4086587],[74.0767641,25.4117568],[74.0736661,25.4128867],[74.0683811,25.4146726],[74.0623125,25.4155656],[74.061055,25.4150189],[74.0563897,25.417716],[74.0579934,25.4234019],[74.0594513,25.4244771],[74.0606359,25.4253701],[74.0624218,25.4267916],[74.0644994,25.4291789],[74.0650643,25.4304182],[74.0652283,25.4320766],[74.0651008,25.433334],[74.0634562,25.4350382],[74.0624482,25.4363394],[74.061292,25.4372613],[74.0597976,25.438947],[74.0590322,25.4393479],[74.0582485,25.4379994],[74.0578112,25.437398],[74.0567906,25.4369424],[74.0525991,25.4378171],[74.0485898,25.4381998],[74.0427035,25.438619],[74.0393665,25.439321],[74.03411,25.4385847],[74.0319062,25.4376662],[74.030211,25.4367732],[74.0277247,25.4359567],[74.0262107,25.4351017],[74.019065,25.4366966],[74.017281,25.4371793],[74.0170076,25.4385096],[74.0177001,25.445781],[74.0184109,25.4453072],[74.019158,25.445453],[74.0198141,25.4459632],[74.0198688,25.4477128],[74.0203608,25.4498267],[74.0207982,25.4514851],[74.0202515,25.4516309],[74.0194314,25.4514851],[74.0180828,25.4512118],[74.0167343,25.4511753],[74.0161146,25.4514669],[74.0155315,25.4517585],[74.0147843,25.4521412],[74.0152763,25.4525239],[74.0169529,25.4526332],[74.0179006,25.4526515],[74.0188118,25.4526697],[74.0194314,25.4526697],[74.0210351,25.4525968],[74.0213085,25.4540912],[74.0220192,25.4535262],[74.0224019,25.4530706],[74.0231673,25.4528155],[74.0235318,25.4535627],[74.0236229,25.4545832],[74.0242425,25.4557678],[74.0254818,25.4567336],[74.0262654,25.4572439],[74.0268668,25.4582645],[74.0276504,25.4579729],[74.0286345,25.4576084],[74.0293088,25.4574626],[74.029728,25.4576631],[74.029728,25.4584102],[74.029728,25.4591757],[74.028999,25.4597041],[74.0282154,25.4605425],[74.0290537,25.462055],[74.0280149,25.4627293],[74.0275593,25.4635859],[74.0303476,25.4636588],[74.0324069,25.4636588],[74.0338284,25.4634218],[74.0354321,25.463513],[74.0367624,25.4637134],[74.0384755,25.4620368],[74.0395872,25.4602144],[74.0427581,25.4600686],[74.0468768,25.4602873],[74.0500842,25.4604331],[74.0532916,25.4625653],[74.0522893,25.4640961],[74.0504304,25.4656634],[74.0485169,25.4663377],[74.0470955,25.4665382],[74.0449086,25.4656452],[74.0441432,25.4664653],[74.0479155,25.4688526],[74.0455464,25.4707297],[74.044289,25.4712582],[74.040954,25.471732],[74.0398423,25.4721147],[74.0376554,25.473281],[74.0369811,25.4773632],[74.0375278,25.4792038],[74.0386942,25.4818645],[74.0406806,25.486293],[74.0373456,25.4869855],[74.0354321,25.488006],[74.0392591,25.4939835],[74.0422479,25.495241],[74.0424119,25.4987582],[74.0461843,25.4982844],[74.0485898,25.4966989],[74.0503211,25.4957512],[74.0514874,25.4947307],[74.0545126,25.4949858],[74.0551687,25.4950041],[74.0565173,25.4933821],[74.0589228,25.492726],[74.0593238,25.4924709],[74.0607452,25.491341],[74.0623854,25.4906303],[74.064791,25.4895368],[74.0679073,25.488571],[74.0691647,25.4884252],[74.070896,25.4909401],[74.0721535,25.4923251],[74.073502,25.4934732],[74.0748688,25.4938559],[74.074723,25.4929447],[74.0755431,25.492726],[74.0757436,25.4918877],[74.0761627,25.4917602],[74.0766183,25.4923251],[74.076837,25.4929083],[74.078459,25.492562],[74.0830332,25.4918695],[74.0840537,25.492398],[74.0852019,25.4929447],[74.0868238,25.4932728],[74.0888649,25.492963],[74.0924915,25.4917966],[74.0934391,25.492234],[74.0952068,25.4973732],[74.0930928,25.4980839],[74.092455,25.4955325],[74.090341,25.4951134],[74.086514,25.4977559],[74.0846369,25.4991227],[74.0835617,25.4999245],[74.0856028,25.5010726],[74.0866233,25.5008357],[74.0874981,25.5031684],[74.0873158,25.5044988],[74.0885733,25.5049544],[74.0894298,25.5053553],[74.0898308,25.5056833],[74.0912158,25.505738],[74.0921634,25.5053371],[74.0953344,25.5054646],[74.0969017,25.5068132],[74.0977946,25.5075239],[74.0978493,25.5085627],[74.0992161,25.509073],[74.098068,25.5107678],[74.0979769,25.5118795],[74.0984325,25.5123351],[74.1004736,25.5116426],[74.1019133,25.5122622],[74.1026969,25.5125902],[74.104173,25.5130094],[74.1038268,25.5142304],[74.1015123,25.5148135],[74.0998904,25.5159799],[74.0960451,25.5188957],[74.095298,25.5189504],[74.0938036,25.5195336],[74.0941134,25.5207181],[74.0857303,25.5238527],[74.0840355,25.5244358],[74.0817575,25.5273699],[74.0810286,25.5296479],[74.0799351,25.5339305],[74.0778758,25.5385412],[74.0788234,25.5416028],[74.080336,25.5445187],[74.0820309,25.5481088],[74.0826869,25.5513345],[74.0838168,25.5560727],[74.0841266,25.558296],[74.0793702,25.5596446],[74.075288,25.5606469],[74.0725544,25.5604282],[74.0709507,25.5619044],[74.0665405,25.5637268],[74.0663947,25.5619408],[74.0643536,25.5618133],[74.0627499,25.5618497],[74.0602714,25.5634899],[74.058777,25.5645286],[74.0550047,25.5660777],[74.0545308,25.5691758],[74.0546037,25.572365],[74.0556061,25.5731304],[74.0582303,25.5744789],[74.0598887,25.5758457],[74.0617293,25.5781055],[74.0629321,25.5797092],[74.0655564,25.581641],[74.0663765,25.5820419],[74.0709142,25.5828255],[74.0739759,25.5833358],[74.0766183,25.5834816],[74.0797347,25.5837003],[74.0816117,25.5837003],[74.0831972,25.5834634],[74.0843635,25.5860694],[74.0882453,25.5935413],[74.0890836,25.5950539],[74.0903592,25.5957828],[74.093184,25.5937964],[74.0953891,25.5921927],[74.0974302,25.5911539],[74.0993437,25.5908077],[74.1014212,25.5911357],[74.1041548,25.5919193],[74.1051936,25.5932132],[74.1060501,25.5946711],[74.1073258,25.5978421],[74.1082734,25.6010678],[74.1090206,25.6029631],[74.1099501,25.6040383],[74.1110799,25.6048948],[74.114579,25.6058789],[74.1175859,25.6062252],[74.1190256,25.6064985],[74.1183695,25.6093415],[74.1176588,25.6115101],[74.115964,25.6137335],[74.115563,25.6151549],[74.1150163,25.6207679],[74.114178,25.6240482],[74.1134855,25.6273103],[74.1149434,25.629315],[74.1160733,25.6320668],[74.1164378,25.634928],[74.1167841,25.6377709],[74.1187158,25.639812],[74.1219779,25.6430559],[74.1238185,25.6448054],[74.1254222,25.6459535],[74.1260965,25.6464638],[74.1275362,25.6469923],[74.1255498,25.6489422],[74.1226522,25.6506917],[74.1213947,25.6511656],[74.1198821,25.6515847],[74.119955,25.6528786],[74.1198457,25.6546464],[74.1187887,25.6562683],[74.1170392,25.6578902],[74.1157635,25.6585281],[74.1121187,25.6586921],[74.1099865,25.6586374],[74.1089113,25.6579449],[74.1076356,25.6578538],[74.1063964,25.6581089],[74.1033347,25.6601865],[74.10051,25.6619177],[74.0988334,25.6634668],[74.098068,25.6655808],[74.097011,25.6668929],[74.0946419,25.669827],[74.0916714,25.6732895],[74.0886826,25.6744559],[74.0858944,25.6760413],[74.0848556,25.676096],[74.0830514,25.6760231],[74.0818669,25.6758409],[74.0797529,25.677882],[74.0793337,25.682037],[74.0797893,25.6825655],[74.0802267,25.6830394],[74.0807187,25.6841146],[74.0814295,25.6863926],[74.0818486,25.6891809],[74.0826687,25.6916229],[74.0846005,25.6949396],[74.0856575,25.6967985],[74.0857121,25.6974728],[74.0851107,25.698712],[74.0848374,25.6993498],[74.0846369,25.6999877],[74.0844729,25.7009171],[74.0840902,25.701318],[74.0838351,25.7016278],[74.0837439,25.7027395],[74.0843453,25.7043068],[74.0850925,25.7050722],[74.0856575,25.7058923],[74.0866233,25.7060927],[74.0866598,25.7071315],[74.08717,25.7074778],[74.0882635,25.707332],[74.0889742,25.7076418],[74.0896485,25.7080427],[74.0903775,25.708389],[74.0910153,25.7086988],[74.0913433,25.709045],[74.091963,25.7097375],[74.0925826,25.7103936],[74.0934027,25.7109221],[74.0940223,25.7116875],[74.0946237,25.7126898],[74.0954255,25.7129996],[74.0969381,25.7135099],[74.0989428,25.7147309],[74.1000909,25.7158244],[74.1007105,25.7172458],[74.1010932,25.7187402],[74.1023142,25.7191047],[74.1049931,25.720836],[74.107745,25.7220934],[74.1093851,25.7221845],[74.1123374,25.7205079],[74.1138318,25.7197607],[74.1152897,25.7198701],[74.1167294,25.7206719],[74.1194812,25.7218565],[74.1228891,25.7223485],[74.1285932,25.7225672],[74.134352,25.7238794],[74.1364842,25.7241163],[74.137523,25.7244808],[74.1394183,25.7258658],[74.1420972,25.7267952],[74.1432453,25.7267405],[74.1439378,25.7266312],[74.1444299,25.7267952],[74.1452864,25.7279798],[74.1459242,25.7289639],[74.1470177,25.7308774],[74.1484756,25.7312236],[74.1498606,25.731169],[74.1513732,25.7316063],[74.1534325,25.732554],[74.1572049,25.7333194],[74.1597198,25.73239],[74.1612324,25.7312236],[74.1623623,25.7305493],[74.1638384,25.7298751],[74.1643123,25.7294012],[74.1682851,25.7308409],[74.1695699,25.7310778],[74.1712374,25.7322988],[74.1726922,25.7339519],[74.1744022,25.7356508],[74.1789798,25.7366537],[74.18048,25.7364032],[74.1823365,25.7366408],[74.1825539,25.7379263],[74.1832178,25.7397078],[74.1952962,25.739835],[74.1940356,25.747607],[74.1936347,25.7504135],[74.1926142,25.7520172],[74.1915572,25.7556074],[74.1906277,25.7591975],[74.1903726,25.7617671],[74.1888053,25.762168],[74.1878941,25.7630792],[74.1870376,25.7643002],[74.1891698,25.7684371],[74.1926506,25.7679632],[74.1951655,25.7675259],[74.1966417,25.7684371],[74.1981725,25.7687469],[74.1993753,25.7710795],[74.2009607,25.7716263],[74.2022182,25.7728473],[74.2038584,25.773558],[74.2060635,25.774287],[74.2073756,25.7747426],[74.2070111,25.7757996],[74.2058266,25.7782598],[74.2024551,25.7834172],[74.2012888,25.7883559],[74.2001224,25.7909073],[74.1994482,25.793003],[74.1987192,25.7961011],[74.198136,25.8005842],[74.201471,25.8012949],[74.2044233,25.8021697],[74.2066831,25.8040285],[74.2086695,25.804794],[74.2104737,25.8059056],[74.2119316,25.8067075],[74.2133713,25.8073635],[74.2095625,25.808949],[74.1985916,25.8134139],[74.1951291,25.8149812],[74.1939627,25.8203573],[74.1891151,25.8197923],[74.187803,25.8186989],[74.184304,25.818462],[74.1806774,25.8178241],[74.1769597,25.8153274],[74.1755929,25.8153639],[74.174299,25.8147807],[74.1735883,25.8135415],[74.1727864,25.8125938],[74.1715108,25.8118831],[74.171128,25.8130677],[74.1710552,25.8155461],[74.171365,25.8172045],[74.171693,25.8186078],[74.1717477,25.8202661],[74.1714014,25.8217241],[74.1723126,25.8223619],[74.1722215,25.8241114],[74.1724766,25.8252413],[74.1729504,25.8265716],[74.1748093,25.8268815],[74.1758298,25.82741],[74.1772149,25.8300342],[74.1781625,25.8316015],[74.1789644,25.8326402],[74.1802583,25.833843],[74.1792377,25.8390551],[74.1796933,25.8404948],[74.1813517,25.8432466],[74.1821353,25.8445587],[74.18414,25.8464723],[74.1836824,25.8483781],[74.1788025,25.8459427],[74.1764996,25.8467672],[74.1704823,25.8483718],[74.1650593,25.8503105],[74.160404,25.8516922],[74.1575811,25.8524498],[74.1535448,25.8549234],[74.1510191,25.857174],[74.1470818,25.8571963],[74.1437141,25.8566169],[74.1404261,25.8566876],[74.1385022,25.8566654],[74.1376141,25.8566654],[74.1337363,25.8590696],[74.1296481,25.8609982],[74.126865,25.8635321],[74.1246559,25.8636217],[74.123413,25.8628037],[74.1190887,25.8633159],[74.118333,25.8634741],[74.1175859,25.8639491],[74.1148312,25.8630417],[74.1128294,25.8620356],[74.1125743,25.8599945],[74.1109159,25.8567142],[74.1088566,25.8546002],[74.1061595,25.8528142],[74.0995988,25.8488049],[74.0975942,25.8478573],[74.0964096,25.8485862],[74.0955166,25.8497344],[74.0943503,25.850682],[74.0932751,25.8511376],[74.0920359,25.8515203],[74.0906144,25.8520124],[74.0883364,25.8510465],[74.0871883,25.8501535],[74.0857668,25.8498437],[74.0845093,25.849789],[74.0832883,25.8494063],[74.0816664,25.8486409],[74.0792062,25.8472194],[74.0783678,25.8461625],[74.0759076,25.844905],[74.072846,25.843848],[74.0713698,25.8431008],[74.0698026,25.8428821],[74.06829,25.8424994],[74.0675246,25.8420803],[74.0666316,25.8415336],[74.0661578,25.8410233],[74.0652466,25.8400027],[74.0675792,25.8386542],[74.064955,25.836686],[74.0607726,25.8347816],[74.0561346,25.8323851],[74.053893,25.829287],[74.0557883,25.8279931],[74.0563168,25.8273097],[74.0567177,25.8265716],[74.0570731,25.8262801],[74.0580481,25.826198],[74.058695,25.8261616],[74.0593876,25.8256969],[74.0597247,25.8254235],[74.0598978,25.824895],[74.0600345,25.8244303],[74.0601803,25.8239565],[74.0602988,25.8235829],[74.0607361,25.8229724],[74.0610186,25.8220794],[74.0612373,25.8212867],[74.0614378,25.8204301],[74.0619389,25.8200201],[74.0623854,25.8196647],[74.0627772,25.8192911],[74.0631873,25.8188629],[74.0636155,25.8184893],[74.0636246,25.8178059],[74.0635517,25.8173958],[74.0634971,25.8170223],[74.0636793,25.8167307],[74.064062,25.8164755],[74.0647363,25.8161111],[74.0648639,25.8152181],[74.0648365,25.8146896],[74.0649277,25.8142158],[74.0648365,25.8138604],[74.0645358,25.8134595],[74.0641622,25.813177],[74.0638524,25.8127214],[74.0638069,25.8123842],[74.0637158,25.8117829],[74.0637795,25.8113728],[74.0648365,25.8091039],[74.066094,25.8063885],[74.0670325,25.8058874],[74.0696294,25.8050126],[74.07065,25.8045115],[74.0710509,25.8034271],[74.0733745,25.8020786],[74.0754338,25.8011947],[74.077074,25.8003564],[74.0777209,25.7997732],[74.0778849,25.7992721],[74.0778485,25.7988985],[74.0775751,25.7985067],[74.0772835,25.7978233],[74.0774749,25.7970396],[74.077648,25.7961284],[74.078213,25.796338],[74.0790968,25.7963107],[74.0794157,25.7958642],[74.0798622,25.7955088],[74.0803178,25.795117],[74.0809283,25.7950623],[74.081712,25.795281],[74.0823589,25.7954633],[74.083179,25.7952901],[74.0834615,25.7949074],[74.0855572,25.7933128],[74.0878079,25.7920554],[74.0906235,25.7904972],[74.091234,25.7892033],[74.0911156,25.7880279],[74.0912705,25.7866702],[74.0919903,25.785677],[74.09302,25.7850209],[74.0934938,25.7843466],[74.0935758,25.7836177],[74.0938856,25.7829707],[74.0941407,25.7825971],[74.0952888,25.7820595],[74.0942774,25.7805105],[74.0936396,25.7799364],[74.0935576,25.7793806],[74.0937125,25.7789067],[74.0936122,25.7784876],[74.0934118,25.7780138],[74.0918263,25.7766743],[74.0914436,25.7760274],[74.0918992,25.7754715],[74.0925006,25.7747243],[74.093348,25.772829],[74.0943685,25.7701045],[74.0942956,25.7690202],[74.0923548,25.7675805],[74.0905962,25.7666055],[74.0877077,25.7673618],[74.0852474,25.767945],[74.0845731,25.7675805],[74.0834706,25.7666875],[74.0818942,25.7660588],[74.080254,25.7653207],[74.0771377,25.7640906],[74.0757618,25.7633526],[74.0743495,25.7628241],[74.072846,25.7622227],[74.072117,25.7621224],[74.0714518,25.7623047],[74.0707684,25.7618491],[74.069675,25.7607192],[74.0689552,25.7599629],[74.0683264,25.7596166],[74.0674152,25.7594253],[74.0662216,25.7592704],[74.0650826,25.7588057],[74.0644903,25.7580494],[74.0637431,25.7571655],[74.0623307,25.7567281],[74.0611097,25.7564457],[74.0600527,25.7561176],[74.0588135,25.7564274],[74.0572827,25.7561814],[74.0558521,25.7555618],[74.054868,25.7549057],[74.0540115,25.7543681],[74.0527631,25.7543043],[74.0510683,25.7545959],[74.0501206,25.7538852],[74.0492094,25.7538487],[74.0493644,25.7550606],[74.049255,25.7554342],[74.0488267,25.7557623],[74.0484167,25.7560265],[74.0478973,25.7563272],[74.0476057,25.7567555],[74.0473688,25.7572202],[74.0460567,25.7578125],[74.0444439,25.760464],[74.0430406,25.7591701],[74.0431226,25.7585232],[74.0431773,25.7581314],[74.0423754,25.7582954],[74.0403799,25.7586781],[74.0389038,25.7588786],[74.0369447,25.7583318],[74.0359059,25.757858],[74.034612,25.7572384],[74.0336279,25.7567372],[74.0329445,25.7555253],[74.0314046,25.7554707],[74.030621,25.7542406],[74.0297462,25.753548],[74.0285708,25.7528555],[74.0278145,25.752491],[74.0260923,25.7516983],[74.0245615,25.750696],[74.0235227,25.7494294],[74.0228758,25.748664],[74.0208347,25.7475797],[74.0190214,25.7465682],[74.0146385,25.7449007],[74.0091986,25.7427321],[74.0071667,25.7401807],[74.0062646,25.7385132],[74.005326,25.7361259],[74.0054536,25.7351782],[74.0042417,25.7328638],[74.0026653,25.7321257],[74.0009341,25.7307225],[73.9994032,25.7283898],[73.9987107,25.7276608],[73.9965967,25.725802],[73.9937356,25.7235787],[73.9907013,25.7215193],[73.9872023,25.7187857],[73.9818444,25.7146216],[73.9777531,25.7115144],[73.9815073,25.7091452],[73.9826736,25.7087352],[73.9838946,25.7085803],[73.9870747,25.7069675],[73.9885599,25.7072773],[73.9936353,25.7080336],[73.9991481,25.7067306],[74.0008065,25.7070495],[74.0048158,25.7074595],[74.0074218,25.7068035],[74.0082601,25.7057829],[74.0130712,25.7049082],[74.0146932,25.701883],[74.0116862,25.6994045],[74.011668,25.6971994],[74.0103741,25.6961424],[74.0092624,25.6956322],[74.0046335,25.6928074],[74.001499,25.6911308],[73.9979453,25.6891991],[73.9939542,25.6862103],[73.9909837,25.6838959],[73.9893618,25.682438],[73.9858628,25.6761689],[73.985389,25.6752942],[73.9865735,25.6727428],[73.9874483,25.6708293],[73.9881043,25.669426],[73.9884324,25.6686242],[73.9874847,25.668205],[73.9869927,25.6675125],[73.9865189,25.6663826],[73.9857352,25.667312],[73.9845871,25.6679863],[73.9836577,25.6674032],[73.9829652,25.6672938],[73.9819811,25.6676219],[73.9804867,25.6679863],[73.9795208,25.6682597],[73.9787736,25.6682961],[73.9782269,25.6680046],[73.9775526,25.6675672],[73.9747097,25.6643415],[73.9705546,25.66015],[73.9692425,25.6587103],[73.9679304,25.6580907],[73.9630828,25.6567057],[73.9609688,25.6559767],[73.9593833,25.6543183],[73.9581623,25.6526417],[73.9565768,25.6513843],[73.9528227,25.6494525],[73.9509638,25.6480128],[73.9501255,25.6477577],[73.9496699,25.6483044],[73.9489045,25.6491792],[73.9481755,25.6496348],[73.9475195,25.6498352],[73.9463896,25.6499628],[73.9454237,25.6497441],[73.9450046,25.6498534],[73.9451686,25.6505277],[73.9455513,25.6510927],[73.9458064,25.6518763],[73.9458429,25.6521861],[73.9457335,25.6529515],[73.9453326,25.6536623],[73.9457335,25.6542637],[73.9461891,25.6548286],[73.9465172,25.6551749],[73.9464625,25.6555576],[73.9449863,25.6559949],[73.9417425,25.66015],[73.9401023,25.6626649],[73.9396285,25.6636126],[73.9396467,25.6659088],[73.9389177,25.6668382],[73.9352547,25.669426],[73.9320291,25.6705377],[73.9301338,25.6709751],[73.9294595,25.6715947],[73.9290221,25.6723965],[73.9293319,25.6732531],[73.9300973,25.6742189],[73.9324482,25.6768432],[73.932922,25.6777726],[73.9314641,25.6784469],[73.9284025,25.678939],[73.9249217,25.679595],[73.9205662,25.6803969],[73.9150078,25.6826384],[73.9088904,25.6849969],[73.9050211,25.6794857],[73.9025426,25.6720868],[73.8980959,25.6721232],[73.8932848,25.6667289],[73.8875625,25.6683326],[73.8849747,25.6679681],[73.8775211,25.6606238],[73.8724912,25.6549197],[73.8690104,25.6518216],[73.8640535,25.649981],[73.8635615,25.6395387],[73.8632881,25.6361854],[73.8628872,25.6350555],[73.8613017,25.6323219],[73.8593882,25.6284767],[73.8571831,25.6240665],[73.8531191,25.6178156],[73.849857,25.6126765],[73.847907,25.6098153],[73.8462487,25.606371],[73.8450823,25.6048766],[73.8433146,25.6032911],[73.8400889,25.6016692],[73.83741,25.6000837],[73.8364441,25.5969309],[73.8354418,25.5941609],[73.8350409,25.5927576],[73.8340568,25.5913726],[73.8321251,25.5880923],[73.8310681,25.5859236],[73.8308312,25.5847391],[73.830412,25.5834087],[73.8296284,25.5823335],[73.8288265,25.5816228],[73.8279882,25.5813312],[73.8276237,25.5807845],[73.8279153,25.579855],[73.8286625,25.5794541],[73.82992,25.5789803],[73.8311045,25.5774859],[73.8318699,25.5766841],[73.8330727,25.5760098],[73.8332549,25.5752444],[73.8325442,25.5727841],[73.830904,25.5689024],[73.8286989,25.5640548],[73.8259653,25.5592255],[73.8247626,25.5565465],[73.8239425,25.5530657],[73.820243,25.5472705],[73.8172907,25.5423865],[73.81268,25.5365548],[73.8103838,25.5300853],[73.8079418,25.5216293],[73.8063381,25.5152509],[73.8061012,25.5124262],[73.8059372,25.5101664],[73.8045521,25.5085992],[73.802511,25.5066492],[73.8014905,25.5049908],[73.8010896,25.5028404],[73.7998686,25.5013642],[73.7993401,25.4990498],[73.7987751,25.4977559],[73.7968981,25.4946031],[73.7914126,25.4903569],[73.786565,25.4870037],[73.7844328,25.4870402],[73.7834305,25.4862201],[73.7796946,25.4838874],[73.777289,25.4800968],[73.7754119,25.4770534],[73.7755213,25.4729348],[73.7751204,25.4714769],[73.7734073,25.4668115],[73.7712569,25.4622373],[73.768505,25.4575719],[73.7664093,25.4540547],[73.762564,25.4484235],[73.7589557,25.4412979],[73.756552,25.4385395],[73.754017,25.43789],[73.7537436,25.4282131],[73.7519759,25.4236024],[73.7508095,25.4190282],[73.7529053,25.4141077],[73.7529343,25.4109219],[73.7509972,25.4087007],[73.7505505,25.4065699],[73.7501216,25.4052784],[73.7473785,25.4018456],[73.7459073,25.3995285],[73.744012,25.3942982],[73.7432101,25.3926398],[73.741169,25.3917286],[73.7398387,25.3901249],[73.7387921,25.3882074],[73.737834,25.3865348],[73.7353191,25.3831086],[73.7340799,25.3814503],[73.7330594,25.380047],[73.7321482,25.3792998],[73.7303804,25.3791905],[73.7271912,25.3791905],[73.726116,25.3785162],[73.7254964,25.3779695],[73.7237651,25.3793909],[73.7221796,25.3792998],[73.7198652,25.3785526],[73.7188082,25.3786802],[73.717496,25.3792998],[73.7163479,25.3793727],[73.7155096,25.3790082],[73.7152545,25.3785709],[73.7144526,25.3782975],[73.7139059,25.3784433],[73.7131041,25.3790265],[73.7120471,25.379555],[73.7110265,25.3799012],[73.7099331,25.3803568],[73.7087485,25.3794274],[73.7098784,25.3789171],[73.7104798,25.3781882],[73.708785,25.3766573],[73.7089308,25.3758919],[73.7084569,25.375327],[73.7072542,25.3748896],[73.706999,25.3737415],[73.7070172,25.3731219],[73.7063065,25.3720649],[73.7048304,25.3705341],[73.7028439,25.367272],[73.7018416,25.365887],[73.7008575,25.3647388],[73.7000557,25.3637365],[73.6990169,25.3624244],[73.6987435,25.3618595],[73.6983244,25.3597819],[73.693003,25.3580689],[73.6910166,25.3573946],[73.6883559,25.3550437],[73.6862783,25.3529844],[73.6841461,25.3510526],[73.6823602,25.3504148],[73.6784967,25.3490115],[73.6741594,25.346934],[73.6709155,25.3458223],[73.6680725,25.3446924],[73.6661772,25.3425967],[73.6648833,25.3405556],[73.66461,25.3371112],[73.6644277,25.3360178],[73.6635712,25.334979],[73.6626782,25.3330837],[73.6618946,25.3321361],[73.661275,25.3317716],[73.6597077,25.3317716],[73.6590699,25.3317169],[73.6576849,25.3292931],[73.6557531,25.3276348],[73.6548237,25.3272885],[73.6542405,25.3270516],[73.6533475,25.3265231],[73.6531106,25.3260857],[73.6525639,25.325375],[73.6518714,25.3249741],[73.6466776,25.3236619],[73.6469691,25.3185957],[73.6479532,25.3123813],[73.6487733,25.3073697],[73.6474612,25.307151],[73.6461673,25.3126182],[73.645165,25.3140032],[73.6438164,25.3148962],[73.642887,25.3152424],[73.6372557,25.3134929],[73.633046,25.3098299],[73.6299479,25.3071874],[73.6277064,25.304308],[73.6253555,25.3029959],[73.6239522,25.3017202],[73.6191958,25.2984399],[73.6163346,25.2935923],[73.6146215,25.2904396],[73.6125075,25.288526],[73.6115417,25.2881069],[73.6101931,25.2874508],[73.6096646,25.2829313],[73.6106487,25.2815098],[73.612872,25.2780655],[73.6135281,25.2768809],[73.6124893,25.2742202],[73.6124711,25.273473],[73.613036,25.2731997],[73.6136557,25.2729445],[73.6152229,25.2724707],[73.6167902,25.2668759],[73.6175738,25.2636503],[73.6189771,25.2628666],[73.6196696,25.2625568],[73.6201252,25.2617003],[73.6206719,25.2609167],[73.6209453,25.2604611],[73.6210182,25.259477],[73.6202345,25.2560873],[73.6188677,25.2535724],[73.617592,25.2523878],[73.6139108,25.2502374],[73.6104482,25.2521691],[73.6091543,25.2495084],[73.6083707,25.2455538],[73.6065665,25.2396128],[73.6076964,25.2376264],[73.6068399,25.2342185],[73.6047259,25.2277672],[73.6049993,25.2254892],[73.6045959,25.2224238],[73.6028306,25.2212977],[73.6023932,25.2197486],[73.6018465,25.2172884],[73.6014273,25.2150833],[73.6019194,25.2088689],[73.6016643,25.2058255],[73.5991858,25.2047321],[73.5970354,25.2050783],[73.5960877,25.2023994],[73.5940648,25.2024176],[73.593591,25.201962],[73.5937915,25.1997751],[73.5943929,25.194071],[73.59432,25.1932874],[73.591313,25.1917201],[73.591149,25.1900253],[73.5898551,25.1888407],[73.5884701,25.1884398],[73.586265,25.1880753],[73.5842968,25.1879113],[73.583586,25.1875104],[73.5828753,25.1868543],[73.58098,25.1868361],[73.5786656,25.1866538],[73.5768978,25.1866174],[73.5740002,25.1867085],[73.5733624,25.1867085],[73.5731255,25.1844852],[73.570647,25.1816787],[73.5675489,25.1777423],[73.565034,25.1742251],[73.5641228,25.1712181],[73.5638494,25.166735],[73.5556486,25.1671359],[73.5537898,25.1648762],[73.5511838,25.1637827],[73.5505824,25.163072],[73.5500903,25.1617052],[73.5499263,25.1608851],[73.5500903,25.159737],[73.5508375,25.158352],[73.5494525,25.1569305],[73.5467918,25.1541058],[73.5423998,25.1564749],[73.5369873,25.1522105],[73.5336158,25.150953],[73.5336158,25.1493493],[73.5301533,25.1478732],[73.5269276,25.1449209],[73.5242851,25.1440643],[73.5202941,25.1430073],[73.5185628,25.1411849],[73.511018,25.1328748],[73.5079564,25.1317814],[73.5034733,25.1300136],[73.5022705,25.1293211],[73.5013229,25.1284464],[73.4999561,25.1264235],[73.4993729,25.1253483],[73.499464,25.1224142],[73.4997556,25.1207194],[73.5005392,25.1182409],[73.4929762,25.1162546],[73.4891127,25.1158172],[73.4880604,25.1049079],[73.4920006,25.1017576],[73.5013668,25.0964055],[73.5036099,25.0948684],[73.504039,25.0920628],[73.5032558,25.0890581],[73.5008955,25.0865317],[73.5005951,25.0846661],[73.5024404,25.0828782],[73.504436,25.0815178],[73.5052085,25.0798853],[73.5048866,25.078486],[73.5043072,25.0770089],[73.5020542,25.0759011],[73.5009384,25.0749682],[73.5007453,25.0725777],[73.5007453,25.0682628],[73.500359,25.0657555],[73.4996509,25.0650169],[73.4983206,25.061907],[73.4965825,25.0592829],[73.4961962,25.0559978],[73.4955954,25.0536069],[73.4936213,25.0510021],[73.4909391,25.0482417],[73.4884071,25.0453451],[73.4848881,25.0407183],[73.4825277,25.037355],[73.4784078,25.0316391],[73.4754681,25.0278284],[73.4740734,25.0259619]]],[[[74.1277002,25.6698087],[74.1278096,25.6688611],[74.1283199,25.667713],[74.1294315,25.6668382],[74.1322745,25.6665284],[74.1346983,25.6668018],[74.1370674,25.6670387],[74.1428626,25.6666378],[74.1456144,25.6664555],[74.1478377,25.6661822],[74.1484209,25.6673485],[74.1519564,25.6681139],[74.1565488,25.6686242],[74.1575694,25.6697541],[74.1579338,25.6790119],[74.1538152,25.6820371],[74.1504985,25.684151],[74.1490041,25.6846978],[74.1468901,25.6829483],[74.1444116,25.6810894],[74.1419332,25.6789754],[74.1397827,25.6777726],[74.1356824,25.6766063],[74.1307983,25.675768],[74.1292128,25.6712484],[74.1283016,25.6706653],[74.1277002,25.6698087]]],[[[74.1943819,25.8564772],[74.1944618,25.853637],[74.1979803,25.8534406],[74.1988915,25.852913],[74.1992588,25.8527604],[74.2000216,25.8528113],[74.2003112,25.8530274],[74.2007774,25.8534533],[74.2031507,25.8549407],[74.2056229,25.8549279],[74.2076571,25.8545974],[74.2091122,25.854038],[74.2097902,25.853466],[74.210878,25.8536058],[74.2112736,25.8540762],[74.2116126,25.8547881],[74.2121635,25.8553602],[74.2125873,25.8548644],[74.212884,25.8537584],[74.2131948,25.8528303],[74.2135762,25.851915],[74.2141413,25.8513175],[74.2154409,25.8507962],[74.2165711,25.8503259],[74.220018,25.848279],[74.2229281,25.8462957],[74.2242278,25.8453295],[74.2254709,25.8444904],[74.2270249,25.8442107],[74.2277595,25.8444904],[74.2288896,25.8447447],[74.2304153,25.8451006],[74.2313759,25.84566],[74.2321953,25.8463212],[74.2334949,25.848101],[74.233947,25.8495758],[74.2340882,25.8510251],[74.2342578,25.8523218],[74.2359247,25.8540762],[74.2393151,25.857534],[74.2429033,25.8598731],[74.2444573,25.8616782],[74.2493734,25.8660002],[74.2536397,25.8687458],[74.2555781,25.8690062],[74.2533459,25.8701664],[74.2511588,25.8718218],[74.2493819,25.8735258],[74.248489,25.8746283],[74.2466483,25.8775077],[74.2460834,25.8784554],[74.2441881,25.8806058],[74.2423839,25.8831572],[74.2406344,25.8855263],[74.2379737,25.8857632],[74.2345294,25.8860913],[74.2332537,25.8867655],[74.2335271,25.8876221],[74.2321785,25.8886062],[74.228643,25.8904103],[74.2266748,25.8924879],[74.2255632,25.8938911],[74.2246337,25.8947477],[74.2254903,25.8962967],[74.2235038,25.8967523],[74.2208067,25.8972079],[74.2199866,25.8945654],[74.2192212,25.8930164],[74.2177997,25.8927248],[74.2155217,25.8927248],[74.2129521,25.8925061],[74.2119498,25.8919594],[74.2112573,25.8910117],[74.211148,25.8895538],[74.2110386,25.8865833],[74.2083232,25.8858179],[74.2082868,25.8823553],[74.2081046,25.881918],[74.2060817,25.8809885],[74.2068836,25.8788928],[74.2079223,25.8772344],[74.2068471,25.8764872],[74.2055896,25.8757947],[74.2043322,25.8751751],[74.2052616,25.8716032],[74.2015986,25.870291],[74.1998126,25.8675392],[74.1981725,25.8648603],[74.1969697,25.8633659],[74.1944366,25.8615253],[74.1956211,25.8594478],[74.1943819,25.8564772]]],[[[74.2289711,25.9346127],[74.2290075,25.9338017],[74.2295451,25.932444],[74.2297911,25.9303665],[74.2300463,25.9289814],[74.2319051,25.9284803],[74.2325521,25.9279153],[74.2328163,25.9269312],[74.2330532,25.9236874],[74.2329803,25.921218],[74.2326614,25.9177463],[74.232789,25.9164524],[74.2333084,25.9159877],[74.2341922,25.9157417],[74.2350488,25.915523],[74.2354315,25.9153499],[74.2355681,25.9149763],[74.2357595,25.9141927],[74.2358962,25.9126801],[74.2365249,25.9119693],[74.2377915,25.910074],[74.239377,25.908771],[74.2402153,25.9080967],[74.2408622,25.9080967],[74.2416367,25.9086252],[74.2425753,25.9092722],[74.2431311,25.9096367],[74.2443157,25.9088075],[74.2450355,25.9079783],[74.2449262,25.9047344],[74.2450082,25.9041695],[74.2459649,25.9035681],[74.2466301,25.9031034],[74.2473682,25.902584],[74.247514,25.9011716],[74.2477782,25.8999688],[74.2479696,25.8990759],[74.248088,25.8984836],[74.2481063,25.8980826],[74.2479331,25.8975815],[74.2470584,25.8969528],[74.2458738,25.8950848],[74.2475778,25.8950119],[74.2479058,25.8944561],[74.2479969,25.8940005],[74.2480972,25.8935084],[74.2482065,25.8928432],[74.2482065,25.892497],[74.2483341,25.8920505],[74.251013,25.8896176],[74.2518331,25.8887337],[74.253373,25.8872302],[74.2549129,25.8861004],[74.2558879,25.88436],[74.2570543,25.8839681],[74.2576739,25.8834761],[74.2587855,25.8816993],[74.2598061,25.8808883],[74.2604986,25.8805329],[74.261182,25.8799589],[74.2612276,25.8793666],[74.2612276,25.8784098],[74.2613187,25.876551],[74.2617925,25.8756307],[74.262731,25.8755031],[74.2637789,25.8751751],[74.2644896,25.8747104],[74.2654646,25.8741181],[74.2659567,25.8737536],[74.2709873,25.8731947],[74.2756491,25.8758385],[74.278644,25.8776179],[74.2806783,25.8787872],[74.28243,25.8800328],[74.2844925,25.8830323],[74.2883632,25.8865656],[74.2902279,25.8891328],[74.2918101,25.89048],[74.2942682,25.8906579],[74.2965285,25.8905816],[74.2988453,25.8905816],[74.3007665,25.8909375],[74.3034506,25.8931996],[74.3054566,25.8951821],[74.3067562,25.896453],[74.3083102,25.8960209],[74.3108812,25.8953092],[74.3123222,25.894623],[74.3137066,25.892793],[74.3148085,25.8908358],[74.3154301,25.8889549],[74.3160516,25.8877094],[74.3167862,25.8873535],[74.3181706,25.8878365],[74.3193573,25.889082],[74.3234823,25.8907341],[74.326675,25.8923863],[74.3282289,25.8935555],[74.3291895,25.8941655],[74.331365,25.8954109],[74.3322126,25.8975967],[74.3345577,25.8984354],[74.3368462,25.8991725],[74.3403214,25.9001129],[74.3438813,25.900977],[74.3464807,25.902629],[74.3474978,25.9044843],[74.3482041,25.9080169],[74.3481194,25.9132774],[74.347639,25.9160474],[74.3469045,25.9188173],[74.3464241,25.9208756],[74.3455483,25.9214093],[74.3435988,25.9215871],[74.3398411,25.9213584],[74.3375808,25.9213076],[74.3339926,25.9215109],[74.3316758,25.9223495],[74.3301501,25.9228323],[74.329133,25.9249159],[74.328681,25.9272536],[74.3278616,25.9297438],[74.3281159,25.9313446],[74.3293025,25.9325896],[74.3298676,25.9336821],[74.3297828,25.9353845],[74.329133,25.9368073],[74.3311673,25.9389162],[74.333145,25.9401865],[74.3349532,25.9411774],[74.3368745,25.9413044],[74.3385132,25.9407709],[74.3399541,25.9402627],[74.3418471,25.9403898],[74.3438531,25.9406692],[74.3464807,25.9417617],[74.3484019,25.9431083],[74.3495038,25.9447343],[74.3495885,25.9465127],[74.3502949,25.948164],[74.353544,25.9507045],[74.3556348,25.9509332],[74.3586579,25.9511872],[74.3628112,25.9513651],[74.3669644,25.9518477],[74.3695638,25.9524066],[74.3721631,25.9532196],[74.3737735,25.9539309],[74.3772204,25.9553789],[74.3813454,25.9583765],[74.3864311,25.9622377],[74.3891152,25.9637364],[74.3878836,25.967895],[74.3868821,25.9707964],[74.3861349,25.971489],[74.3864447,25.9751155],[74.3886863,25.9797809],[74.3902171,25.9828972],[74.3915656,25.9853574],[74.3914016,25.9867607],[74.3905087,25.9881275],[74.3851508,25.9929568],[74.3855153,25.9943601],[74.386791,25.9966745],[74.3876293,25.9986245],[74.3878844,26.0016315],[74.3877022,26.002816],[74.3863171,26.0056407],[74.3839845,26.006151],[74.3825265,26.0080099],[74.3817429,26.0096136],[74.3801027,26.0102879],[74.3792462,26.0077912],[74.3784626,26.0092127],[74.3773145,26.0097229],[74.3762393,26.0099598],[74.3757472,26.0117458],[74.3732505,26.0118551],[74.3720842,26.0131126],[74.3706809,26.0151172],[74.3691866,26.0159373],[74.3649586,26.017541],[74.362225,26.0184704],[74.3581064,26.0159009],[74.3555186,26.0182518],[74.3501789,26.0240288],[74.3495775,26.0243568],[74.3465888,26.0226437],[74.3456377,26.0221701],[74.3456184,26.0216004],[74.3462152,26.0205343],[74.3462243,26.0198646],[74.3441468,26.0157095],[74.3396728,26.0181242],[74.3374039,26.0190536],[74.3364289,26.0189169],[74.3322465,26.0146161],[74.3290755,26.0135864],[74.3230616,26.013632],[74.3201731,26.010543],[74.3177311,26.0090304],[74.319836,26.0040279],[74.3224876,26.0023331],[74.3220775,26.0002829],[74.3209658,25.999481],[74.3197813,25.9993443],[74.3189977,25.9993535],[74.3180956,25.9994172],[74.3148335,25.9984878],[74.312519,25.9981416],[74.3122092,25.9969297],[74.3118903,25.9958544],[74.3116443,25.9952713],[74.3112889,25.9952531],[74.3110793,25.9955902],[74.3108242,25.9958453],[74.310159,25.9953897],[74.3091476,25.9943783],[74.3086373,25.9934398],[74.3089471,25.9924466],[74.3085826,25.9920547],[74.3075985,25.9917176],[74.306578,25.9908975],[74.3059584,25.9904784],[74.3030699,25.9899863],[74.3026598,25.9892482],[74.3021313,25.9887289],[74.3016393,25.9886104],[74.3012292,25.9884008],[74.3010561,25.9878814],[74.300883,25.9874714],[74.3006916,25.9874258],[74.3001631,25.9874714],[74.2999445,25.9874258],[74.299662,25.98687],[74.2992155,25.9854394],[74.2982132,25.9842184],[74.2965548,25.9824507],[74.2955889,25.9822229],[74.2942859,25.9820042],[74.293402,25.9816488],[74.2923086,25.9800725],[74.2926913,25.9791977],[74.2931833,25.977676],[74.2928098,25.9763001],[74.2919897,25.9735756],[74.2917801,25.9726553],[74.2922175,25.9721632],[74.2936572,25.9716712],[74.2942221,25.9711062],[74.2944864,25.9707509],[74.2946413,25.9701495],[74.2945684,25.9696939],[74.2943679,25.969056],[74.2939123,25.9687645],[74.2935296,25.9686369],[74.2921264,25.9683909],[74.2902037,25.9679717],[74.2878164,25.9669329],[74.2861671,25.9655935],[74.2842718,25.96368],[74.2827045,25.961976],[74.2836978,25.9616115],[74.2857297,25.9613564],[74.2883813,25.961165],[74.2884087,25.958231],[74.2884542,25.9572378],[74.2899668,25.9542399],[74.2905044,25.9530918],[74.2901764,25.9515337],[74.289903,25.9497568],[74.2902128,25.9490096],[74.291042,25.9475973],[74.2917345,25.9457931],[74.2921264,25.9428773],[74.2923724,25.9409273],[74.2909691,25.9393145],[74.2908416,25.938303],[74.2908233,25.9373189],[74.2912607,25.9365171],[74.2916799,25.935779],[74.2920352,25.9339384],[74.2919715,25.9323893],[74.2916708,25.9311592],[74.2913792,25.9295282],[74.2915067,25.927642],[74.2913609,25.9264756],[74.2928189,25.9253549],[74.2937574,25.9246259],[74.2951698,25.9240883],[74.2962541,25.9241339],[74.2975662,25.9242979],[74.2990333,25.9241065],[74.2997804,25.9233138],[74.3002543,25.9226213],[74.3000447,25.9198968],[74.3005458,25.9184571],[74.3006552,25.9172907],[74.300318,25.9162246],[74.3000538,25.9152679],[74.299097,25.9148943],[74.29763,25.9147029],[74.295434,25.9140742],[74.2930102,25.9125525],[74.2910876,25.9115502],[74.2900033,25.9110217],[74.2890647,25.9109579],[74.2886638,25.9112039],[74.2883904,25.9116686],[74.2872332,25.9140195],[74.285748,25.9171358],[74.2850828,25.9189765],[74.2861944,25.9197965],[74.2863858,25.9201701],[74.2864405,25.9206075],[74.2861398,25.9216554],[74.2854837,25.9233047],[74.285019,25.9244983],[74.2843356,25.9256282],[74.2828959,25.926913],[74.2834153,25.9283436],[74.2841716,25.9306854],[74.2842354,25.9312959],[74.2840622,25.9322618],[74.2835246,25.9344669],[74.2827045,25.936426],[74.2825679,25.9374921],[74.2829415,25.938139],[74.2831601,25.9386766],[74.2831601,25.9392325],[74.2829232,25.9396972],[74.2825952,25.9396789],[74.2823765,25.9395423],[74.2819209,25.939278],[74.2815838,25.939032],[74.2810644,25.9387951],[74.2807819,25.9387951],[74.2796247,25.9393053],[74.2777203,25.9405355],[74.2766906,25.94131],[74.2755972,25.9426768],[74.2752509,25.9436518],[74.275178,25.9444536],[74.2759525,25.9442258],[74.2762624,25.9443625],[74.2762624,25.9447452],[74.2762532,25.9452099],[74.2760437,25.94603],[74.2760254,25.9468045],[74.2761712,25.947251],[74.277292,25.9477157],[74.277374,25.9490916],[74.2773467,25.9507136],[74.2764355,25.9514334],[74.2751963,25.9513514],[74.2735379,25.9513059],[74.2720891,25.9510416],[74.2708407,25.9505496],[74.2703487,25.9495564],[74.269237,25.9474241],[74.2685263,25.9457475],[74.2685354,25.9451735],[74.2698111,25.9445539],[74.2709501,25.9440983],[74.2725082,25.9436882],[74.2718066,25.9414011],[74.2703396,25.9414467],[74.2700844,25.9408271],[74.270212,25.940171],[74.2705127,25.9399796],[74.2709774,25.9396789],[74.2709318,25.9392507],[74.2705036,25.9390684],[74.2699933,25.938868],[74.269237,25.9383486],[74.2689454,25.9377928],[74.268016,25.9356605],[74.2672233,25.9347585],[74.2666127,25.934312],[74.265492,25.9343393],[74.2637334,25.9346947],[74.2622116,25.93505],[74.260043,25.9355239],[74.2572821,25.9360159],[74.2564346,25.936189],[74.2558424,25.936025],[74.2549038,25.9356514],[74.2535735,25.9347038],[74.2525165,25.9341753],[74.2518604,25.9339475],[74.2513046,25.9336377],[74.2503205,25.9329452],[74.251177,25.93505],[74.250931,25.9362346],[74.2504481,25.9368087],[74.2498375,25.9372369],[74.2485436,25.9379112],[74.2473317,25.938704],[74.2462474,25.9381117],[74.244908,25.9369727],[74.2434774,25.9353507],[74.2420194,25.9338017],[74.24068,25.9335739],[74.2387574,25.9336195],[74.2359691,25.9338199],[74.2333722,25.9340204],[74.2305019,25.9344669],[74.2289711,25.9346127]]]]}},{"type":"Feature","properties":{"date":"2018-03-08","brightness":350,"marker-color":"#FF4444","marker-size":"small"},"geometry":{"type":"Point","coordinates":[73.6524,25.2039]}},{"type":"Feature","properties":{"date":"2018-03-23","brightness":329.9,"marker-color":"#FF4444","marker-size":"small"},"geometry":{"type":"Point","coordinates":[73.7586,25.0303]}},{"type":"Feature","properties":{"date":"2018-05-04","brightness":351.6,"marker-color":"#FF4444","marker-size":"small"},"geometry":{"type":"Point","coordinates":[73.5847,25.1481]}},{"type":"Feature","properties":{"date":"2018-05-25","brightness":311.3,"marker-color":"#FF4444","marker-size":"small"},"geometry":{"type":"Point","coordinates":[74.058,24.9746]}},{"type":"Feature","properties":{"date":"2018-05-25","brightness":324.5,"marker-color":"#FF4444","marker-size":"small"},"geometry":{"type":"Point","coordinates":[73.6715,25.1367]}},{"type":"Feature","properties":{"date":"2019-03-02","brightness":364.1,"marker-color":"#FF4444","marker-size":"small"},"geometry":{"type":"Point","coordinates":[73.6596,25.0915]}},{"type":"Feature","properties":{"date":"2019-05-13","brightness":346.5,"marker-color":"#FF4444","marker-size":"small"},"geometry":{"type":"Point","coordinates":[73.8269,25.2899]}},{"type":"Feature","properties":{"date":"2019-06-26","brightness":322.4,"marker-color":"#FF4444","marker-size":"small"},"geometry":{"type":"Point","coordinates":[73.7818,25.1288]}},{"type":"Feature","properties":{"date":"2020-03-02","brightness":362.5,"marker-color":"#FF4444","marker-size":"small"},"geometry":{"type":"Point","coordinates":[73.5961,25.0286]}},{"type":"Feature","properties":{"date":"2020-03-25","brightness":340.2,"marker-color":"#FF4444","marker-size":"small"},"geometry":{"type":"Point","coordinates":[73.9487,24.9038]}},{"type":"Feature","properties":{"date":"2020-04-08","brightness":301.8,"marker-color":"#FF4444","marker-size":"small"},"geometry":{"type":"Point","coordinates":[73.684,25.1612]}},{"type":"Feature","properties":{"date":"2020-04-30","brightness":379.1,"marker-color":"#FF4444","marker-size":"small"},"geometry":{"type":"Point","coordinates":[73.8238,25.1488]}},{"type":"Feature","properties":{"date":"2020-05-02","brightness":398.6,"marker-color":"#FF4444","marker-size":"small"},"geometry":{"type":"Point","coordinates":[74.001,25.1453]}},{"type":"Feature","properties":{"date":"2020-05-02","brightness":355,"marker-color":"#FF4444","marker-size":"small"},"geometry":{"type":"Point","coordinates":[74.1171,25.103]}},{"type":"Feature","properties":{"date":"2020-05-05","brightness":316.6,"marker-color":"#FF4444","marker-size":"small"},"geometry":{"type":"Point","coordinates":[74.226,25.0417]}},{"type":"Feature","properties":{"date":"2020-05-29","brightness":310.7,"marker-color":"#FF4444","marker-size":"small"},"geometry":{"type":"Point","coordinates":[73.7655,25.137]}},{"type":"Feature","properties":{"date":"2021-03-04","brightness":311.3,"marker-color":"#FF4444","marker-size":"small"},"geometry":{"type":"Point","coordinates":[73.6281,25.0584]}},{"type":"Feature","properties":{"date":"2021-03-30","brightness":363.4,"marker-color":"#FF4444","marker-size":"small"},"geometry":{"type":"Point","coordinates":[73.7668,24.8876]}},{"type":"Feature","properties":{"date":"2021-04-02","brightness":329.4,"marker-color":"#FF4444","marker-size":"small"},"geometry":{"type":"Point","coordinates":[73.5602,24.9982]}},{"type":"Feature","properties":{"date":"2021-04-05","brightness":342.6,"marker-color":"#FF4444","marker-size":"small"},"geometry":{"type":"Point","coordinates":[73.7694,24.9931]}},{"type":"Feature","properties":{"date":"2021-04-19","brightness":337.2,"marker-color":"#FF4444","marker-size":"small"},"geometry":{"type":"Point","coordinates":[73.6623,24.8078]}},{"type":"Feature","properties":{"date":"2021-04-24","brightness":369.5,"marker-color":"#FF4444","marker-size":"small"},"geometry":{"type":"Point","coordinates":[73.6699,25.0899]}},{"type":"Feature","properties":{"date":"2021-05-07","brightness":337,"marker-color":"#FF4444","marker-size":"small"},"geometry":{"type":"Point","coordinates":[73.6969,25.0211]}},{"type":"Feature","properties":{"date":"2021-05-13","brightness":391.3,"marker-color":"#FF4444","marker-size":"small"},"geometry":{"type":"Point","coordinates":[73.6404,25.1184]}},{"type":"Feature","properties":{"date":"2022-03-06","brightness":348.9,"marker-color":"#FF4444","marker-size":"small"},"geometry":{"type":"Point","coordinates":[73.6604,25.0686]}},{"type":"Feature","properties":{"date":"2022-03-09","brightness":343.9,"marker-color":"#FF4444","marker-size":"small"},"geometry":{"type":"Point","coordinates":[73.7797,25.3426]}},{"type":"Feature","properties":{"date":"2022-04-30","brightness":311.4,"marker-color":"#FF4444","marker-size":"small"},"geometry":{"type":"Point","coordinates":[73.973,24.9575]}},{"type":"Feature","properties":{"date":"2022-06-03","brightness":334.5,"marker-color":"#FF4444","marker-size":"small"},"geometry":{"type":"Point","coordinates":[73.6315,25.1088]}},{"type":"Feature","properties":{"date":"2023-02-20","brightness":364.3,"marker-color":"#FF4444","marker-size":"small"},"geometry":{"type":"Point","coordinates":[73.695,25.115]}},{"type":"Feature","properties":{"date":"2024-02-24","brightness":372.3,"marker-color":"#FF4444","marker-size":"small"},"geometry":{"type":"Point","coordinates":[74.1736,24.968]}},{"type":"Feature","properties":{"date":"2024-03-01","brightness":355,"marker-color":"#FF4444","marker-size":"small"},"geometry":{"type":"Point","coordinates":[74.0536,25.0879]}},{"type":"Feature","properties":{"date":"2024-03-24","brightness":302.2,"marker-color":"#FF4444","marker-size":"small"},"geometry":{"type":"Point","coordinates":[73.7901,24.915]}},{"type":"Feature","properties":{"date":"2024-06-14","brightness":346.2,"marker-color":"#FF4444","marker-size":"small"},"geometry":{"type":"Point","coordinates":[73.7656,25.0909]}},{"type":"Feature","properties":{"date":"2024-11-26","brightness":384.5,"marker-color":"#FF4444","marker-size":"small"},"geometry":{"type":"Point","coordinates":[74.0881,25.0737]}},{"type":"Feature","properties":{"date":"2025-03-17","brightness":343.4,"marker-color":"#FF4444","marker-size":"small"},"geometry":{"type":"Point","coordinates":[73.9672,25.0125]}},{"type":"Feature","properties":{"date":"2025-04-02","brightness":383.8,"marker-color":"#FF4444","marker-size":"small"},"geometry":{"type":"Point","coordinates":[73.9477,25.1095]}},{"type":"Feature","properties":{"date":"2025-04-05","brightness":383.4,"marker-color":"#FF4444","marker-size":"small"},"geometry":{"type":"Point","coordinates":[73.6123,25.1577]}},{"type":"Feature","properties":{"date":"2025-05-18","brightness":338,"marker-color":"#FF4444","marker-size":"small"},"geometry":{"type":"Point","coordinates":[73.7782,25.0371]}}]}