<?xml version="1.0" encoding="UTF-8"?>
<kml xmlns="http://www.opengis.net/kml/2.2">
<Document>
  <name>Tonk Forest Fire Risk Zones</name>
  <description>Forest fire density analysis for Tonk District, Rajasthan. Generated using KDE on NASA FIRMS data (2018-2025).</description>
  <Style id="zone0">
    <PolyStyle><color>8c0000FF</color><outline>1</outline></PolyStyle>
    <LineStyle><color>e60000FF</color><width>1</width></LineStyle>
  </Style>
  <Style id="zone1">
    <PolyStyle><color>80008CFF</color><outline>1</outline></PolyStyle>
    <LineStyle><color>e6008CFF</color><width>1</width></LineStyle>
  </Style>
  <Style id="zone2">
    <PolyStyle><color>7300D7FF</color><outline>1</outline></PolyStyle>
    <LineStyle><color>e600D7FF</color><width>1</width></LineStyle>
  </Style>
  <Style id="zone3">
    <PolyStyle><color>59228B22</color><outline>1</outline></PolyStyle>
    <LineStyle><color>e6228B22</color><width>1</width></LineStyle>
  </Style>
  <Style id="boundary">
    <LineStyle><color>ccffffff</color><width>2</width></LineStyle>
    <PolyStyle><fill>0</fill></PolyStyle>
  </Style>
  <Style id="firepoint">
    <IconStyle><color>ff4444ff</color><scale>0.6</scale>
      <Icon><href>http://maps.google.com/mapfiles/kml/shapes/shaded_dot.png</href></Icon>
    </IconStyle>
  </Style>
  <Folder><name>Fire Risk Zones</name>
    <Placemark><name>Low Fire Zone</name><styleUrl>#zone0</styleUrl>
      <Polygon><extrude>0</extrude><altitudeMode>clampToGround</altitudeMode><outerBoundaryIs><LinearRing><coordinates>75.1121477,26.2880994,0 75.1129895,26.2838367,0 75.113361,26.2822159,0 75.1126181,26.2801288,0 75.1124696,26.2771758,0 75.1138067,26.27611,0 75.1152182,26.2743115,0 75.1167535,26.2713139,0 75.1173478,26.2664732,0 75.1166544,26.2620542,0 75.1163325,26.2593227,0 75.116803,26.2570132,0 75.1175954,26.2550811,0 75.1193288,26.2539485,0 75.1259651,26.2512613,0 75.1312642,26.2493736,0 75.1351024,26.2477968,0 75.1387673,26.2459312,0 75.1401539,26.2451316,0 75.1401044,26.2412227,0 75.1399559,26.238513,0 75.1402035,26.2340929,0 75.1419368,26.2309166,0 75.1423826,26.2293395,0 75.1417635,26.2283621,0 75.1417883,26.2274292,0 75.143274,26.2263629,0 75.1454036,26.2252745,0 75.1513713,26.2230976,0 75.1531295,26.2213649,0 75.1524113,26.2183437,0 75.15412,26.2115013,0 75.1557047,26.2036588,0 75.1577105,26.1989708,0 75.15828,26.1953047,0 75.1583543,26.1913718,0 75.1583543,26.1896831,0 75.1600629,26.1886387,0 75.1610287,26.1876388,0 75.160781,26.1865722,0 75.1596667,26.1857945,0 75.1582058,26.1843279,0 75.1578343,26.1837057,0 75.1578096,26.1827502,0 75.1586267,26.1815057,0 75.1597658,26.1797724,0 75.1659812,26.1759946,0 75.1674917,26.1743501,0 75.1681602,26.1734834,0 75.1703393,26.1726833,0 75.17182,26.1716896,0 75.1801192,26.1703608,0 75.1830482,26.1692084,0 75.1829624,26.1687077,0 75.1834988,26.1673211,0 75.1836383,26.1665796,0 75.181278,26.1639123,0 75.1818252,26.1635175,0 75.1848507,26.1620152,0 75.1860738,26.1612256,0 75.1872003,26.1598485,0 75.1860523,26.1571233,0 75.1862991,26.1565743,0 75.1855802,26.1523466,0 75.1861918,26.1515473,0 75.1862562,26.1492937,0 75.1864922,26.1465971,0 75.1862991,26.1449598,0 75.1856446,26.1425328,0 75.1847327,26.138815,0 75.1841962,26.1364842,0 75.1839173,26.1326796,0 75.1838713,26.1281619,0 75.1823938,26.1279405,0 75.1822007,26.1252048,0 75.182147,26.1226328,0 75.1817179,26.1220067,0 75.18175,26.1191649,0 75.1818144,26.1169589,0 75.1841426,26.114801,0 75.1864064,26.1118627,0 75.1874578,26.1107356,0 75.1887667,26.1103984,0 75.1898181,26.1104177,0 75.1909232,26.1104177,0 75.1932835,26.1100227,0 75.1968455,26.1092616,0 75.1985943,26.1090689,0 75.2008903,26.1089051,0 75.2032184,26.1084909,0 75.2060401,26.1075178,0 75.2079713,26.1070746,0 75.2121448,26.1068434,0 75.2124774,26.1073733,0 75.214988,26.1075467,0 75.2171123,26.1078165,0 75.2176487,26.1055331,0 75.2184212,26.1035099,0 75.2190757,26.1036544,0 75.2215004,26.1003498,0 75.2230453,26.0983939,0 75.2261674,26.0958984,0 75.2274763,26.0949349,0 75.2300405,26.0929789,0 75.2322292,26.0911386,0 75.2347505,26.0907917,0 75.2365959,26.0903677,0 75.2386773,26.0898763,0 75.2393532,26.0895487,0 75.239439,26.0882864,0 75.2406299,26.0879395,0 75.2407694,26.0867351,0 75.2414882,26.0863978,0 75.2414882,26.0851355,0 75.2422821,26.0849331,0 75.2437305,26.0842875,0 75.2425611,26.0796236,0 75.2433443,26.0796621,0 75.2443313,26.0798452,0 75.2450287,26.0802788,0 75.2460694,26.0815605,0 75.2471316,26.0814737,0 75.2484083,26.0832661,0 75.2499747,26.0848464,0 75.2519917,26.0868025,0 75.2533972,26.0879684,0 75.2558219,26.089356,0 75.2560043,26.0913602,0 75.2566159,26.0912446,0 75.2567232,26.0921888,0 75.2578497,26.0929404,0 75.2582359,26.0973726,0 75.2592981,26.0971895,0 75.2597916,26.098365,0 75.2610254,26.0985673,0 75.2611649,26.0992707,0 75.2619588,26.0994248,0 75.2622592,26.1011591,0 75.261873,26.101583,0 75.2621627,26.1037508,0 75.2619803,26.1044541,0 75.2625382,26.1062365,0 75.2632034,26.1066218,0 75.2638256,26.108433,0 75.2643621,26.1088088,0 75.2648556,26.109329,0 75.2658319,26.1101286,0 75.2672481,26.1104562,0 75.2677631,26.1124889,0 75.2683103,26.1128165,0 75.268718,26.1130959,0 75.2690077,26.113722,0 75.2689648,26.1143193,0 75.2687502,26.1152827,0 75.2695334,26.117797,0 75.2702737,26.1211205,0 75.2704668,26.1243186,0 75.2710354,26.1256961,0 75.2716899,26.1272662,0 75.2719474,26.1282198,0 75.2718401,26.1287689,0 75.271765,26.1292986,0 75.271486,26.1296936,0 75.2712607,26.1300211,0 75.2712285,26.1304834,0 75.271486,26.1308783,0 75.2719581,26.1308783,0 75.2724302,26.1308302,0 75.272752,26.1311866,0 75.2726662,26.1316682,0 75.2728379,26.1321787,0 75.2730524,26.1327373,0 75.2729022,26.1334116,0 75.2729022,26.1339606,0 75.272795,26.1346252,0 75.2760458,26.1359929,0 75.2784276,26.1369561,0 75.2852189,26.1394892,0 75.2862918,26.140019,0 75.2868605,26.1409821,0 75.2876115,26.1413096,0 75.290122,26.1443242,0 75.2902937,26.1452488,0 75.292933,26.1454607,0 75.2930188,26.1461541,0 75.2935123,26.1466934,0 75.2946281,26.1469631,0 75.2989411,26.1474061,0 75.3024387,26.1471557,0 75.3061509,26.1462504,0 75.3131246,26.1440545,0 75.3212786,26.1409532,0 75.328896,26.1383142,0 75.3289604,26.1371777,0 75.3318357,26.1356173,0 75.3328228,26.1343652,0 75.3338957,26.1313792,0 75.3363204,26.1319186,0 75.3337669,26.1278538,0 75.3344321,26.1268713,0 75.3322649,26.1230182,0 75.330956,26.1206677,0 75.3300547,26.1184328,0 75.3300333,26.1148107,0 75.3286814,26.1102443,0 75.3287887,26.1068916,0 75.3293466,26.1068723,0 75.3298616,26.1066411,0 75.3297758,26.1061209,0 75.329175,26.105196,0 75.3280377,26.1045215,0 75.3269005,26.1012265,0 75.3236818,26.0996079,0 75.3224372,26.0966403,0 75.3153133,26.0945977,0 75.3125238,26.0910904,0 75.3121805,26.088431,0 75.3090906,26.0865038,0 75.3055286,26.0822254,0 75.3036403,26.0776384,0 75.3036403,26.0727622,0 75.3037691,26.0699096,0 75.304048,26.0673653,0 75.305593,26.0647246,0 75.305829,26.0630477,0 75.3141117,26.0612357,0 75.3138757,26.0594431,0 75.3174162,26.0583443,0 75.317266,26.0573227,0 75.3222871,26.0558191,0 75.3232741,26.0569371,0 75.3286814,26.0559347,0 75.328424,26.0540649,0 75.3301835,26.0538914,0 75.3288317,26.050807,0 75.3336596,26.0484551,0 75.3336811,26.0475104,0 75.3353548,26.0463923,0 75.3346038,26.0453705,0 75.3353333,26.0450235,0 75.336256,26.0439439,0 75.3375649,26.0428643,0 75.3373074,26.0420353,0 75.3382301,26.0415919,0 75.338552,26.0423052,0 75.3402042,26.0408593,0 75.3398394,26.0401267,0 75.3414702,26.0391627,0 75.3412771,26.0384108,0 75.342865,26.0371576,0 75.3409123,26.0357501,0 75.3440451,26.033745,0 75.344131,26.0313542,0 75.3449464,26.0295225,0 75.3452897,26.0279221,0 75.345633,26.0261675,0 75.3450537,26.0253384,0 75.3457188,26.0236223,0 75.3467273,26.0232174,0 75.34868,26.0229281,0 75.3507399,26.0212313,0 75.3519416,26.0199201,0 75.3521132,26.0186088,0 75.3523474,26.0174255,0 75.3521347,26.0160442,0 75.3505858,26.011764,0 75.3492008,26.0117822,0 75.3476335,26.0080645,0 75.3458658,26.0025427,0 75.3400159,26.0031258,0 75.3378655,26.0033445,0 75.3328174,26.0033081,0 75.32961,26.0028525,0 75.3272955,26.0016315,0 75.3260563,26.0006656,0 75.3252727,25.9999366,0 75.3241246,25.9980049,0 75.3219924,25.9972942,0 75.3204433,25.9973488,0 75.3162518,25.9972213,0 75.3144841,25.9959091,0 75.3140467,25.995089,0 75.3131719,25.9952713,0 75.312279,25.9940503,0 75.3109122,25.9933395,0 75.3075043,25.9919545,0 75.3051169,25.9896947,0 75.3037501,25.9883279,0 75.3025838,25.9862504,0 75.3007614,25.9823869,0 75.2986474,25.9791977,0 75.2981007,25.9782136,0 75.2990666,25.977922,0 75.2992306,25.9783776,0 75.3017273,25.9775575,0 75.3019824,25.9727829,0 75.3025109,25.9714525,0 75.305445,25.9696119,0 75.3052809,25.9691745,0 75.3074132,25.9678988,0 75.3077959,25.9664591,0 75.3079416,25.9647278,0 75.3072309,25.9620854,0 75.3069393,25.9594976,0 75.3026567,25.9512239,0 75.3019277,25.9495108,0 75.3011623,25.9475608,0 75.299996,25.9450824,0 75.2976998,25.9459024,0 75.2963512,25.9452282,0 75.2938181,25.9465312,0 75.2919956,25.9474515,0 75.2894534,25.9482078,0 75.2873394,25.9490643,0 75.2854441,25.9466132,0 75.2838951,25.9475699,0 75.2832026,25.9471052,0 75.2821729,25.9476064,0 75.2801774,25.9484811,0 75.2798129,25.9481075,0 75.2783185,25.948955,0 75.2775805,25.9486725,0 75.270464,25.9507227,0 75.2701815,25.9479253,0 75.26558,25.9484356,0 75.2642769,25.9458478,0 75.2630013,25.9456929,0 75.2620536,25.9447179,0 75.2606139,25.943506,0 75.2592927,25.9428681,0 75.2578256,25.9420116,0 75.2561035,25.9412098,0 75.2542902,25.9393782,0 75.252978,25.9401345,0 75.2523129,25.9398521,0 75.2506454,25.9405355,0 75.2497797,25.9389864,0 75.248577,25.93895,0 75.2485861,25.9383486,0 75.2473468,25.9381755,0 75.2483127,25.9349134,0 75.2484767,25.9329816,0 75.2483127,25.9309588,0 75.2469094,25.9266943,0 75.2463263,25.9227397,0 75.2459071,25.9194776,0 75.2453604,25.9173272,0 75.2444674,25.9147212,0 75.2443763,25.9089806,0 75.2445221,25.9042059,0 75.2441394,25.90242,0 75.2439572,25.9014541,0 75.2437385,25.9001602,0 75.2447408,25.8991579,0 75.2453057,25.8983196,0 75.2458525,25.8979551,0 75.2476749,25.8955677,0 75.2498253,25.893472,0 75.2520486,25.8920687,0 75.2527229,25.8913033,0 75.2552196,25.8895356,0 75.2588462,25.8874581,0 75.2614158,25.8867838,0 75.2652063,25.8854534,0 75.2650423,25.881517,0 75.2646961,25.8765601,0 75.2647507,25.8755213,0 75.2647507,25.8746101,0 75.2643863,25.8721317,0 75.2645321,25.8692887,0 75.2638213,25.8641131,0 75.263548,25.8618715,0 75.2634204,25.8602861,0 75.2636755,25.8583361,0 75.2636026,25.8547642,0 75.2661175,25.8537254,0 75.2673932,25.8540899,0 75.2676848,25.8544179,0 75.2688329,25.85491,0 75.269981,25.8554385,0 75.2712749,25.8562403,0 75.2719128,25.8568235,0 75.2728969,25.8581539,0 75.2736987,25.8590833,0 75.2786192,25.8604136,0 75.2809883,25.8606505,0 75.2822458,25.8601949,0 75.2834304,25.8596118,0 75.2843233,25.8591744,0 75.2853074,25.8589739,0 75.286328,25.8587006,0 75.2865102,25.8581539,0 75.2870023,25.8572244,0 75.2882779,25.8566413,0 75.2898088,25.856295,0 75.292105,25.8563861,0 75.2931073,25.8563679,0 75.2941096,25.8557483,0 75.2949115,25.855074,0 75.295932,25.8544726,0 75.2972442,25.8540352,0 75.2985198,25.8543633,0 75.2987385,25.8545819,0 75.2994675,25.8553291,0 75.3000871,25.8558576,0 75.3010712,25.8565319,0 75.3014903,25.8570786,0 75.3020188,25.8578987,0 75.3030394,25.8588281,0 75.3041693,25.8594295,0 75.3046796,25.8595024,0 75.305445,25.8594113,0 75.3062104,25.8589193,0 75.3070122,25.8580081,0 75.3087982,25.8577529,0 75.3098369,25.8576618,0 75.3114771,25.8574431,0 75.3125523,25.8572244,0 75.313336,25.8563679,0 75.3148303,25.8554385,0 75.3157597,25.8543815,0 75.3165434,25.8531969,0 75.3181471,25.8516114,0 75.3186391,25.8507549,0 75.3189854,25.8492788,0 75.3193863,25.8487685,0 75.3200606,25.8481489,0 75.3206073,25.8469461,0 75.3209354,25.8454882,0 75.3211541,25.8439756,0 75.3212634,25.8435564,0 75.3219741,25.8432831,0 75.3232134,25.842627,0 75.3238512,25.8418616,0 75.3245255,25.8404401,0 75.3252727,25.8396383,0 75.3265119,25.8393649,0 75.3276418,25.8391644,0 75.3285894,25.8386906,0 75.329774,25.8371962,0 75.3308674,25.8359935,0 75.3317786,25.8349182,0 75.3324347,25.8342804,0 75.3338744,25.8340253,0 75.3393052,25.8331687,0 75.3416743,25.832786,0 75.343114,25.832622,0 75.3447541,25.833187,0 75.3479251,25.833187,0 75.348891,25.8325491,0 75.3498751,25.8312917,0 75.3476882,25.8304169,0 75.3454649,25.8293599,0 75.3438429,25.828959,0 75.34295,25.8285763,0 75.3420388,25.8281207,0 75.3413645,25.8273553,0 75.3402164,25.8258427,0 75.3393234,25.8245306,0 75.3381935,25.8231638,0 75.3365169,25.821961,0 75.3356968,25.8203573,0 75.3356604,25.818954,0 75.3354235,25.8178241,0 75.3351865,25.8163662,0 75.3348585,25.8141429,0 75.3349132,25.8114093,0 75.3356421,25.8097327,0 75.3364987,25.8081836,0 75.3364987,25.8071995,0 75.3360248,25.806507,0 75.3362435,25.8058327,0 75.3370818,25.8051767,0 75.3371183,25.8039192,0 75.3370454,25.8016777,0 75.3359702,25.7999281,0 75.3344029,25.7959735,0 75.3325258,25.7912535,0 75.3318333,25.7899414,0 75.329774,25.7885928,0 75.3284254,25.786734,0 75.3262386,25.7837088,0 75.3255825,25.78267,0 75.3250722,25.7813579,0 75.3249993,25.7795173,0 75.3245802,25.7780776,0 75.3233774,25.7755262,0 75.3223204,25.7735033,0 75.3211723,25.7715534,0 75.3191312,25.7696763,0 75.3180158,25.7683266,0 75.3177279,25.7664689,0 75.3205765,25.7643918,0 75.3224836,25.7637302,0 75.3244049,25.7620127,0 75.3256198,25.761033,0 75.3273432,25.760117,0 75.3303098,25.7592773,0 75.332217,25.7588447,0 75.3331776,25.7589974,0 75.3340393,25.7593409,0 75.3355226,25.7606005,0 75.3368223,25.7617201,0 75.3389978,25.7620763,0 75.3419644,25.7616692,0 75.344931,25.760575,0 75.3479824,25.7593791,0 75.350723,25.7587938,0 75.3535766,25.7581577,0 75.3559781,25.7581322,0 75.3579841,25.7587938,0 75.3597924,25.7595317,0 75.3616571,25.760117,0 75.3649062,25.759888,0 75.3683249,25.7597099,0 75.3702462,25.7596844,0 75.371009,25.7587938,0 75.371235,25.7575215,0 75.3727042,25.7566563,0 75.3751623,25.7557148,0 75.3777333,25.7542389,0 75.379146,25.7528902,0 75.379372,25.7514651,0 75.3815758,25.7502182,0 75.3832428,25.7496838,0 75.3851923,25.7495311,0 75.3867462,25.7508544,0 75.3875373,25.752763,0 75.3879046,25.7543152,0 75.3889217,25.7572161,0 75.3912668,25.7607277,0 75.3923686,25.7634758,0 75.3904192,25.7649516,0 75.3899953,25.7657913,0 75.391182,25.7681321,0 75.3934705,25.7705238,0 75.3968327,25.7742894,0 75.3981324,25.7748491,0 75.3997993,25.7746456,0 75.4021444,25.7728392,0 75.4059303,25.7704729,0 75.4089252,25.7695315,0 75.4125416,25.7678522,0 75.4156495,25.7660711,0 75.4188987,25.7622544,0 75.4212155,25.7578014,0 75.4225151,25.7551041,0 75.4227129,25.7518977,0 75.4234475,25.7498365,0 75.4248037,25.7480806,0 75.4271204,25.7462737,0 75.4282788,25.7455612,0 75.431641,25.744645,0 75.4328277,25.744874,0 75.4338165,25.7458411,0 75.4343816,25.7470372,0 75.4352292,25.7475461,0 75.4365854,25.747139,0 75.437998,25.7463501,0 75.4389022,25.745154,0 75.4400605,25.7433725,0 75.44201,25.7411584,0 75.4442138,25.7395296,0 75.4454852,25.7383589,0 75.4486779,25.7354321,0 75.4539613,25.7298582,0 75.4579733,25.7253785,0 75.460841,25.7207587,0 75.4658026,25.7245504,0 75.468969,25.7261574,0 75.4739259,25.7309138,0 75.4732152,25.7371829,0 75.4813066,25.7333194,0 75.4855711,25.7329185,0 75.4901453,25.7356156,0 75.4940088,25.7372376,0 75.5012072,25.7374745,0 75.5075857,25.7396249,0 75.5102281,25.7472972,0 75.5163878,25.7496481,0 75.5205611,25.7451468,0 75.5201967,25.740281,0 75.523477,25.7336474,0 75.5245704,25.7311325,0 75.5247527,25.7273055,0 75.5257185,25.7251368,0 75.5256639,25.7225308,0 75.526812,25.7202892,0 75.5288895,25.7163893,0 75.5378193,25.7101385,0 75.5464392,25.7048535,0 75.5511046,25.7012451,0 75.5523985,25.6994045,0 75.5532915,25.6986938,0 75.5540569,25.7000606,0 75.5556606,25.6994956,0 75.5566082,25.6989125,0 75.5575741,25.6993498,0 75.5580844,25.6992405,0 75.5588498,25.6986391,0 75.5598339,25.698384,0 75.5609091,25.6989307,0 75.5626586,25.6998054,0 75.5657385,25.7005709,0 75.5680711,25.7019194,0 75.5690552,25.7030129,0 75.570422,25.7043432,0 75.5713332,25.7056189,0 75.5717706,25.7070404,0 75.5721351,25.7091544,0 75.5730827,25.7100656,0 75.5746318,25.7108674,0 75.5761626,25.7107399,0 75.5768733,25.7108127,0 75.5780579,25.7110314,0 75.5796069,25.7112501,0 75.5811742,25.7112501,0 75.5820489,25.7106305,0 75.583598,25.7103754,0 75.5870059,25.7110314,0 75.5903409,25.7119062,0 75.5909605,25.7121796,0 75.5932932,25.7122342,0 75.5922726,25.7115417,0 75.5903773,25.7110132,0 75.5893385,25.7107216,0 75.5889923,25.7104665,0 75.5885185,25.7094277,0 75.588482,25.7089903,0 75.5885185,25.7082067,0 75.5883362,25.7070951,0 75.5877531,25.7072591,0 75.5870423,25.7072591,0 75.5868601,25.7070039,0 75.5869148,25.7065483,0 75.5865138,25.7061656,0 75.5861311,25.7059469,0 75.5858395,25.7056007,0 75.5858578,25.7050722,0 75.5859489,25.7043706,0 75.5863863,25.7046439,0 75.5867052,25.7044708,0 75.5868236,25.7039696,0 75.5865412,25.7039058,0 75.5863225,25.7036234,0 75.5863863,25.7032224,0 75.5863863,25.7028853,0 75.5864045,25.7026119,0 75.5866779,25.7022748,0 75.5873521,25.7018556,0 75.5873339,25.7016643,0 75.5871426,25.701318,0 75.587179,25.7011085,0 75.5875253,25.7010082,0 75.5873157,25.7005071,0 75.5868145,25.699605,0 75.5866323,25.6990856,0 75.5865503,25.6987849,0 75.5864956,25.6982564,0 75.58604,25.6980377,0 75.5860127,25.6974272,0 75.586204,25.696188,0 75.5868692,25.6963338,0 75.5874068,25.6963702,0 75.5876255,25.6961424,0 75.5878442,25.6958599,0 75.5873977,25.6954864,0 75.5873066,25.6951765,0 75.587425,25.6948576,0 75.5877986,25.694566,0 75.5880811,25.6942016,0 75.5883727,25.6940193,0 75.5890196,25.69391,0 75.5891108,25.6933815,0 75.5893841,25.6925796,0 75.5897668,25.692288,0 75.5911336,25.6906297,0 75.5914434,25.6894907,0 75.5919446,25.6879416,0 75.592792,25.68765,0 75.5956167,25.6873311,0 75.5984961,25.6868755,0 75.6022138,25.6864472,0 75.6045647,25.6864108,0 75.6087836,25.6842604,0 75.6151802,25.6811805,0 75.6153442,25.6802875,0 75.6221782,25.6828936,0 75.6247113,25.6882697,0 75.6277912,25.6920967,0 75.6305977,25.6936457,0 75.6353906,25.7003339,0 75.6287753,25.703268,0 75.6278277,25.7039605,0 75.6273356,25.7047624,0 75.626552,25.7059469,0 75.6282298,25.7065389,0 75.6286386,25.7069219,0 75.628666,25.7074686,0 75.6291307,25.7078969,0 75.6289758,25.7084892,0 75.6289029,25.7089903,0 75.6290122,25.7095371,0 75.6290487,25.7099927,0 75.629076,25.7107581,0 75.6290213,25.711159,0 75.6293585,25.7121158,0 75.6297138,25.7126443,0 75.6309349,25.7133823,0 75.6313996,25.7136466,0 75.6318005,25.7135828,0 75.6322288,25.7138197,0 75.6332949,25.7146307,0 75.6352448,25.7149952,0 75.6359647,25.7150134,0 75.6361014,25.7152138,0 75.6362745,25.7155783,0 75.6367665,25.7158426,0 75.6375319,25.7167993,0 75.637942,25.7172094,0 75.6389261,25.7172458,0 75.6396368,25.7175192,0 75.6399649,25.717665,0 75.6402655,25.7181115,0 75.6402109,25.7184759,0 75.6402018,25.7188495,0 75.6406209,25.7194691,0 75.6412679,25.7194327,0 75.6414957,25.7199156,0 75.6414683,25.7208359,0 75.6414501,25.7216834,0 75.6415048,25.7226401,0 75.6423704,25.7237427,0 75.6428442,25.7242347,0 75.6432269,25.7245445,0 75.6432543,25.7250001,0 75.6438921,25.7252279,0 75.6443113,25.7256106,0 75.6446029,25.7262303,0 75.6448671,25.7269774,0 75.6450038,25.7274057,0 75.6464253,25.7280253,0 75.6466986,25.72849,0 75.6468991,25.7288727,0 75.6473547,25.7298933,0 75.6476189,25.7301575,0 75.6481292,25.730358,0 75.648685,25.7306496,0 75.6487853,25.7310049,0 75.6488399,25.7312965,0 75.6485301,25.7316428,0 75.6487397,25.7318341,0 75.649496,25.7322077,0 75.6498423,25.7329185,0 75.6502067,25.7331918,0 75.6505074,25.7338661,0 75.6507626,25.7340119,0 75.6511179,25.734267,0 75.6508355,25.7344311,0 75.6503799,25.7345313,0 75.6504892,25.7349231,0 75.6507261,25.7350233,0 75.6509266,25.7353787,0 75.650881,25.7357432,0 75.6508446,25.7360803,0 75.6510177,25.736545,0 75.6512455,25.7369642,0 75.6517376,25.7382763,0 75.6517831,25.7389142,0 75.6517193,25.7396978,0 75.6515918,25.7402445,0 75.6516191,25.7407001,0 75.6515462,25.7411284,0 75.6514186,25.7416295,0 75.6515371,25.7424405,0 75.6526032,25.7451832,0 75.6529495,25.7459395,0 75.6537513,25.7494476,0 75.6587903,25.7494841,0 75.6625626,25.7503133,0 75.6675378,25.7510969,0 75.6711917,25.7529284,0 75.6767136,25.7551426,0 75.6822901,25.7583045,0 75.6852697,25.7599264,0 75.6892243,25.7611292,0 75.6916117,25.7614117,0 75.6937348,25.7586781,0 75.6964502,25.7561358,0 75.6987373,25.7545412,0 75.7005597,25.7539581,0 75.701234,25.7537303,0 75.7040769,25.7564821,0 75.7065554,25.7586872,0 75.7095988,25.7600905,0 75.7129338,25.7607556,0 75.7165604,25.7617306,0 75.7209615,25.7623229,0 75.7238955,25.7623685,0 75.727595,25.7614573,0 75.7304106,25.760619,0 75.7334905,25.7567372,0 75.7420557,25.7542406,0 75.7483248,25.7561541,0 75.7535004,25.757284,0 75.7550859,25.7595255,0 75.7576737,25.7640269,0 75.7574732,25.7677628,0 75.7590041,25.771444,0 75.7587489,25.7747426,0 75.7580929,25.7764556,0 75.7574368,25.7813032,0 75.7564709,25.7811756,0 75.7565074,25.7845653,0 75.7533546,25.7857499,0 75.7543752,25.7879914,0 75.7557602,25.7874447,0 75.7568719,25.7891395,0 75.7576919,25.7913811,0 75.7588218,25.7911806,0 75.7592227,25.7926203,0 75.7598059,25.7930941,0 75.7599699,25.7937138,0 75.7614461,25.7948254,0 75.7614096,25.797231,0 75.7649998,25.798288,0 75.7675329,25.7987071,0 75.767296,25.8012221,0 75.7662208,25.8037916,0 75.7660932,25.8055047,0 75.76551,25.8071266,0 75.7664577,25.8102247,0 75.7665852,25.8164755,0 75.7659292,25.8165849,0 75.7662937,25.8204302,0 75.7674964,25.8205213,0 75.7683165,25.8210315,0 75.7688815,25.822453,0 75.7705034,25.8229268,0 75.7709408,25.8237834,0 75.7750776,25.8234736,0 75.7760617,25.8272277,0 75.7799252,25.8260796,0 75.7840256,25.8227264,0 75.788126,25.82074,0 75.7882171,25.8192091,0 75.7909872,25.8156919,0 75.7921353,25.8136144,0 75.7914792,25.8123387,0 75.7902765,25.8118466,0 75.7903129,25.8110448,0 75.7916068,25.8107897,0 75.7910236,25.8077645,0 75.7903858,25.8061061,0 75.7903494,25.804557,0 75.7905134,25.803172,0 75.7929372,25.8021333,0 75.7959806,25.8002926,0 75.797639,25.8013314,0 75.7988417,25.8015136,0 75.7997894,25.8024431,0 75.799917,25.8031902,0 75.8030697,25.8034818,0 75.8039809,25.8035547,0 75.8045641,25.804393,0 75.8042725,25.8047575,0 75.8061496,25.8058874,0 75.8087009,25.8051402,0 75.8101406,25.8080743,0 75.8122182,25.81017,0 75.814241,25.8105345,0 75.8142046,25.8134868,0 75.8141135,25.8153092,0 75.8138765,25.819282,0 75.8131476,25.8202661,0 75.8121088,25.8207582,0 75.8110701,25.8228357,0 75.8088467,25.8225259,0 75.8086463,25.8287585,0 75.8076257,25.8301618,0 75.8094663,25.8347542,0 75.810742,25.8397476,0 75.8111612,25.8414242,0 75.8115803,25.8448321,0 75.8167013,25.8443765,0 75.816519,25.8456704,0 75.8162274,25.8467274,0 75.8163003,25.8484951,0 75.817248,25.85101,0 75.8188699,25.8545637,0 75.819526,25.8544179,0 75.8200545,25.8554749,0 75.8214213,25.8552198,0 75.8219498,25.8556207,0 75.823189,25.8556936,0 75.8263418,25.8546731,0 75.8302964,25.8548189,0 75.8311894,25.856623,0 75.8361645,25.8562403,0 75.8367841,25.8564408,0 75.8376042,25.8572244,0 75.8411214,25.8572791,0 75.8454952,25.8576254,0 75.8491218,25.8618715,0 75.8504157,25.8655164,0 75.8495774,25.8669196,0 75.8500877,25.8694163,0 75.8530399,25.8718219,0 75.8562656,25.8721317,0 75.8581518,25.8731158,0 75.8604589,25.8746245,0 75.8616781,25.8756671,0 75.8626804,25.8756489,0 75.8647762,25.8755213,0 75.8649767,25.8759405,0 75.8690406,25.8752844,0 75.8692593,25.8736078,0 75.8694962,25.8715849,0 75.86997,25.8691429,0 75.8706261,25.8667009,0 75.8723574,25.8647145,0 75.8737424,25.8625276,0 75.8751457,25.8617804,0 75.8792278,25.8610515,0 75.8790638,25.8590104,0 75.8835469,25.8587006,0 75.8841301,25.8581356,0 75.8846039,25.8579169,0 75.8845493,25.8562768,0 75.8860254,25.8549647,0 75.8869001,25.8528871,0 75.888923,25.851575,0 75.8919482,25.8497708,0 75.8932057,25.8490965,0 75.8908183,25.8437387,0 75.8896884,25.8414242,0 75.8873557,25.8432466,0 75.8856974,25.8416247,0 75.8842759,25.8383626,0 75.8820526,25.8343533,0 75.882654,25.8337337,0 75.8827633,25.8328589,0 75.8823259,25.8309819,0 75.882654,25.8300342,0 75.8819797,25.82823,0 75.8819979,25.8265534,0 75.8818521,25.825296,0 75.88136,25.8233095,0 75.8807404,25.8206306,0 75.8825993,25.8200292,0 75.8870459,25.8187171,0 75.8875015,25.8193549,0 75.8880118,25.8190087,0 75.8881758,25.8197012,0 75.889087,25.819519,0 75.8891599,25.8199563,0 75.8902716,25.8197376,0 75.8905632,25.8205577,0 75.8915108,25.8204302,0 75.8918753,25.8211044,0 75.895429,25.8196465,0 75.8956841,25.8201568,0 75.8977252,25.8195007,0 75.8990009,25.8186989,0 75.9036116,25.817733,0 75.9045957,25.8196647,0 75.9060718,25.8205577,0 75.9080764,25.8230909,0 75.9094615,25.822125,0 75.9112292,25.8219245,0 75.9143273,25.8216876,0 75.9176258,25.8222526,0 75.9195211,25.8232913,0 75.9213435,25.825296,0 75.9221454,25.826116,0 75.9229655,25.8265352,0 75.9238949,25.8266445,0 75.9242229,25.8275011,0 75.9250065,25.8269726,0 75.9267561,25.8298155,0 75.927485,25.8316015,0 75.9283233,25.8350823,0 75.9302004,25.8356654,0 75.9293074,25.8369047,0 75.9315125,25.8423354,0 75.9312756,25.843848,0 75.9303644,25.8439391,0 75.9291252,25.8496797,0 75.928542,25.8531605,0 75.9286331,25.8556207,0 75.9283233,25.8587188,0 75.9280135,25.8627645,0 75.9287971,25.8628556,0 75.9291616,25.8651701,0 75.9297083,25.8670836,0 75.9295443,25.8697261,0 75.9296537,25.8716032,0 75.9311663,25.871348,0 75.9334625,25.8712205,0 75.9347017,25.8716578,0 75.9354854,25.8730246,0 75.9362508,25.8732069,0 75.9363419,25.8725508,0 75.9399867,25.8727877,0 75.939932,25.8734985,0 75.9427567,25.8745919,0 75.9434857,25.8736443,0 75.9448525,25.8735896,0 75.9465473,25.8737172,0 75.9459642,25.8726784,0 75.9467478,25.8720041,0 75.9480599,25.8721499,0 75.9501921,25.8724779,0 75.9503561,25.8732251,0 75.9508482,25.8738265,0 75.9518323,25.8737536,0 75.9519963,25.8731158,0 75.9520874,25.8722957,0 75.9520692,25.8717125,0 75.9525066,25.8713845,0 75.9528164,25.8702728,0 75.9539098,25.8695803,0 75.9544201,25.8695074,0 75.9558233,25.8697079,0 75.957664,25.8701452,0 75.957664,25.8710747,0 75.9592312,25.8704186,0 75.9590308,25.8696532,0 75.9594681,25.8689789,0 75.9588485,25.8669014,0 75.9600331,25.8664093,0 75.9601971,25.8684504,0 75.9610536,25.8678126,0 75.961491,25.8684504,0 75.9606163,25.8686509,0 75.9607256,25.8690154,0 75.962384,25.8678855,0 75.9631129,25.8683411,0 75.9622564,25.8693798,0 75.9628396,25.8700724,0 75.9639695,25.8702728,0 75.9642428,25.8700177,0 75.9641517,25.868906,0 75.9646802,25.8689607,0 75.9650811,25.8693798,0 75.9662293,25.8704186,0 75.9671222,25.870127,0 75.9674138,25.869471,0 75.9664297,25.8684869,0 75.9675414,25.8685598,0 75.9676507,25.867521,0 75.9682703,25.8675757,0 75.9684161,25.8687784,0 75.9699652,25.8699812,0 75.9712409,25.870692,0 75.9709128,25.871749,0 75.9708582,25.8728788,0 75.9719151,25.8726966,0 75.9738833,25.8720952,0 75.9749403,25.8718219,0 75.9759244,25.871749,0 75.9772001,25.8720588,0 75.9785122,25.8726602,0 75.9793141,25.8730611,0 75.9800613,25.8735349,0 75.9806444,25.8745919,0 75.9808085,25.8756307,0 76.000053,25.8789292,0 76.0077071,25.8807152,0 76.0110968,25.8766877,0 76.011279,25.8746284,0 76.0112426,25.8740816,0 76.0107687,25.8702181,0 76.0107687,25.8665369,0 76.0124271,25.8663547,0 76.0157439,25.8658444,0 76.0163999,25.8653523,0 76.0184775,25.8647509,0 76.0235073,25.8638944,0 76.0252021,25.862965,0 76.0274984,25.8624547,0 76.028774,25.8623454,0 76.0302866,25.8628556,0 76.0353529,25.8613977,0 76.0364646,25.862072,0 76.0370295,25.8620538,0 76.0372847,25.863858,0 76.0382323,25.8636393,0 76.0382141,25.8631655,0 76.0387061,25.8630743,0 76.0398725,25.8644047,0 76.0401276,25.8648238,0 76.0408383,25.8646052,0 76.0414397,25.8655892,0 76.0430434,25.8636939,0 76.0446654,25.8609968,0 76.0506975,25.8615617,0 76.0513171,25.8633295,0 76.0522648,25.8636393,0 76.0537045,25.8585912,0 76.0545428,25.8574796,0 76.0538685,25.8558941,0 76.0520461,25.8557847,0 76.0511167,25.8561674,0 76.0502784,25.8531605,0 76.0506429,25.8527231,0 76.0502966,25.8500806,0 76.0497134,25.8501171,0 76.0488569,25.8480395,0 76.0484195,25.8474746,0 76.0482008,25.8469643,0 76.048055,25.8446316,0 76.048784,25.8441578,0 76.0488934,25.843356,0 76.0490391,25.8415153,0 76.0514265,25.8416611,0 76.0523559,25.8383079,0 76.0521008,25.8351552,0 76.0531395,25.8345538,0 76.0515358,25.8318748,0 76.0503148,25.8299613,0 76.0484195,25.8254418,0 76.0468705,25.820011,0 76.0457224,25.8170223,0 76.0447929,25.813177,0 76.0488022,25.8104616,0 76.050898,25.8093317,0 76.0541601,25.8078374,0 76.0548344,25.8086028,0 76.0564928,25.8076005,0 76.0561465,25.8066528,0 76.0602287,25.8051949,0 76.0626343,25.8056687,0 76.066844,25.8053771,0 76.0680103,25.8052131,0 76.0695047,25.8043748,0 76.0716187,25.8040468,0 76.0740972,25.806179,0 76.0772135,25.8080743,0 76.0806578,25.8096415,0 76.0846306,25.8099696,0 76.0880203,25.8096598,0 76.093852,25.8087668,0 76.1025448,25.806343,0 76.105242,25.8052496,0 76.1057523,25.7984702,0 76.105078,25.796903,0 76.104677,25.7944974,0 76.1050233,25.7924199,0 76.1054424,25.7903059,0 76.1064448,25.7887751,0 76.1069733,25.7870255,0 76.1081214,25.7862784,0 76.1091784,25.7860597,0 76.1099984,25.7859503,0 76.1101442,25.7854947,0 76.1105269,25.7850574,0 76.1110554,25.7849116,0 76.111748,25.7849116,0 76.1130419,25.7847293,0 76.1137344,25.7843284,0 76.1163404,25.7834901,0 76.118345,25.7834172,0 76.1189647,25.7841826,0 76.1195114,25.7848569,0 76.12086,25.785112,0 76.1217165,25.7848933,0 76.1221356,25.7845835,0 76.1227553,25.7841644,0 76.1236118,25.7842919,0 76.1244683,25.7842373,0 76.1251426,25.7846018,0 76.1261996,25.7841097,0 76.128186,25.7840368,0 76.1287327,25.7841462,0 76.1292612,25.7847111,0 76.1296986,25.7852214,0 76.130792,25.7856041,0 76.1325233,25.7848569,0 76.1333434,25.7852396,0 76.1337808,25.7854947,0 76.1343275,25.7850391,0 76.1346191,25.7847658,0 76.1355303,25.7847475,0 76.1362228,25.7852214,0 76.138027,25.7849116,0 76.1416171,25.7816312,0 76.1474488,25.7747426,0 76.1508385,25.7711707,0 76.1497997,25.7696763,0 76.150966,25.769567,0 76.1498908,25.7679632,0 76.1490654,25.7633442,0 76.1524964,25.760971,0 76.1551779,25.7590903,0 76.1576094,25.7576962,0 76.1591304,25.7573386,0 76.1599322,25.758833,0 76.160479,25.7601634,0 76.158365,25.7661955,0 76.158857,25.767945,0 76.1588388,25.7683277,0 76.15975,25.7700226,0 76.1585472,25.7705146,0 76.1593855,25.7719543,0 76.1591304,25.7743052,0 76.1565608,25.7772757,0 76.1581463,25.7789888,0 76.1587841,25.7798088,0 76.1590028,25.7807383,0 76.1590393,25.7814672,0 76.1579276,25.7814855,0 76.1577089,25.7816312,0 76.1577089,25.7822326,0 76.1581281,25.7827611,0 76.1588023,25.7830163,0 76.1598047,25.7832896,0 76.159914,25.783891,0 76.1597135,25.7842008,0 76.1590575,25.7846018,0 76.1589481,25.7850938,0 76.1591304,25.7854583,0 76.1596224,25.7858228,0 76.1605336,25.7863148,0 76.161463,25.7868069,0 76.1620644,25.7872078,0 76.1623742,25.787791,0 76.1621738,25.7884106,0 76.1619186,25.7895769,0 76.1623196,25.7903241,0 76.1632308,25.791126,0 76.1630668,25.7918185,0 76.1624654,25.7923287,0 76.1622467,25.7934404,0 76.1621009,25.7943152,0 76.1625383,25.795281,0 76.1629756,25.7958642,0 76.1636682,25.7963016,0 76.1643424,25.7970305,0 76.1637957,25.7975226,0 76.1631761,25.797723,0 76.1633948,25.7983062,0 76.1638322,25.7987254,0 76.1646522,25.7996183,0 76.1652719,25.802279,0 76.1632672,25.8054682,0 76.1619369,25.8079103,0 76.1617911,25.8086939,0 76.163085,25.8106439,0 76.1634312,25.8113546,0 76.1633037,25.8125756,0 76.1674952,25.8130312,0 76.1684975,25.8143069,0 76.1721605,25.8141793,0 76.174311,25.8144709,0 76.1777006,25.8181886,0 76.1815641,25.8230909,0 76.1833865,25.8256604,0 76.1873958,25.8320935,0 76.1883252,25.8346631,0 76.1888173,25.8346267,0 76.1879243,25.8422078,0 76.1918971,25.841898,0 76.1947765,25.8409686,0 76.2013372,25.8406224,0 76.2079889,25.8377612,0 76.2098842,25.8355196,0 76.2105585,25.8333328,0 76.2109777,25.8314739,0 76.2116702,25.831073,0 76.2138935,25.8305627,0 76.2134197,25.8301071,0 76.2131099,25.8294875,0 76.213365,25.8293417,0 76.2138206,25.8291777,0 76.21475,25.8279567,0 76.2149323,25.8277562,0 76.2138206,25.8262072,0 76.2144402,25.8225077,0 76.2154061,25.8206853,0 76.2162444,25.8166942,0 76.2167729,25.8135779,0 76.216208,25.8106439,0 76.2203266,25.8068897,0 76.2236251,25.8039374,0 76.2261401,25.8046299,0 76.2277802,25.8044295,0 76.235088,25.8001651,0 76.2349787,25.7980875,0 76.2349422,25.796903,0 76.2352703,25.7960829,0 76.2358899,25.7951717,0 76.2372202,25.7945521,0 76.2390973,25.79406,0 76.2402819,25.7936591,0 76.2421407,25.7928208,0 76.2436898,25.7928026,0 76.2446556,25.7929301,0 76.2456944,25.7933675,0 76.2473163,25.7945156,0 76.2487378,25.795682,0 76.2498495,25.7968301,0 76.2519999,25.7969394,0 76.2538588,25.7970123,0 76.2552256,25.7976137,0 76.2561914,25.7996366,0 76.2564284,25.8012221,0 76.2567382,25.8024977,0 76.2570662,25.8039557,0 76.2573942,25.8050309,0 76.2590162,25.8061972,0 76.2602554,25.8063977,0 76.2618044,25.8060514,0 76.2633535,25.8057781,0 76.2645016,25.805614,0 76.2658137,25.8054318,0 76.2676361,25.8048851,0 76.2686567,25.803737,0 76.2702513,25.8013223,0 76.2710805,25.8002197,0 76.2726113,25.7992083,0 76.2744428,25.7983609,0 76.2748346,25.797067,0 76.2751718,25.7958551,0 76.2760556,25.7944883,0 76.2769304,25.7938595,0 76.2777869,25.7928299,0 76.2791537,25.7918367,0 76.2801105,25.7911988,0 76.2802745,25.7903514,0 76.2801013,25.7893764,0 76.2793997,25.7878001,0 76.2792904,25.7864059,0 76.2796549,25.7855676,0 76.2804203,25.7845926,0 76.2818691,25.7840095,0 76.2827529,25.7835812,0 76.2836004,25.7831074,0 76.2841926,25.7825515,0 76.2847849,25.7820959,0 76.285195,25.7816039,0 76.2856506,25.7815401,0 76.2878648,25.7872625,0 76.2904526,25.7893764,0 76.2913091,25.7909437,0 76.2918011,25.7920918,0 76.2919287,25.7930941,0 76.2913638,25.7945156,0 76.2904526,25.7961558,0 76.2903979,25.7971216,0 76.290653,25.7982151,0 76.2911815,25.7990534,0 76.2924937,25.7998735,0 76.2936782,25.8002744,0 76.2945348,25.8013314,0 76.2976328,25.8032085,0 76.2987809,25.8037734,0 76.300494,25.8040103,0 76.3041388,25.8037005,0 76.305378,25.8036276,0 76.3074191,25.8052678,0 76.3084032,25.8068533,0 76.31172,25.8109354,0 76.3124299,25.8115785,0 76.3125801,25.8117813,0 76.3143289,25.8137806,0 76.3161528,25.8160213,0 76.3170433,25.8170836,0 76.3168716,25.818851,0 76.3152408,25.8188124,0 76.3129556,25.8209757,0 76.3116681,25.8222602,0 76.3106704,25.8229749,0 76.3105202,25.824549,0 76.3068938,25.8256403,0 76.3062823,25.8247711,0 76.3049841,25.8236026,0 76.304158,25.8234964,0 76.303879,25.8238827,0 76.3027203,25.8241724,0 76.3021195,25.8246456,0 76.3013792,25.8249643,0 76.3005209,25.8250705,0 76.2999844,25.8249546,0 76.2991261,25.8246746,0 76.2983537,25.8247325,0 76.2981605,25.8250512,0 76.2977314,25.824887,0 76.2976348,25.8249643,0 76.2975168,25.8252926,0 76.2973237,25.8251864,0 76.2969053,25.8243559,0 76.2965727,25.8241724,0 76.2961006,25.8238537,0 76.2956285,25.8233225,0 76.2955534,25.8228107,0 76.2954247,25.8225596,0 76.2950385,25.8223954,0 76.29462,25.8221057,0 76.2943411,25.8221636,0 76.2941694,25.8223761,0 76.293633,25.8224823,0 76.2931287,25.8222795,0 76.2928069,25.8217484,0 76.2928283,25.8212655,0 76.2927854,25.8210047,0 76.2923133,25.820686,0 76.2913799,25.8204735,0 76.2899852,25.8204735,0 76.2899744,25.8208116,0 76.2899315,25.8217387,0 76.2897384,25.8227527,0 76.2897062,25.824916,0 76.2898886,25.8260749,0 76.2887943,25.8272724,0 76.2875926,25.8291748,0 76.2879252,25.8320429,0 76.2872708,25.8322554,0 76.2855756,25.8325933,0 76.2819493,25.834235,0 76.2802327,25.836427,0 76.2793851,25.8349206,0 76.2789559,25.8343219,0 76.2786984,25.8334914,0 76.2785053,25.8323423,0 76.2779689,25.8315311,0 76.2774217,25.8312897,0 76.2774002,25.830942,0 76.2774968,25.8301888,0 76.2775612,25.8294645,0 76.2771535,25.8287403,0 76.2768423,25.8283926,0 76.27666,25.8278711,0 76.2764346,25.8274172,0 76.2758767,25.826944,0 76.2736237,25.8265288,0 76.272068,25.8250222,0 76.2719178,25.8243559,0 76.2718964,25.8237378,0 76.2716281,25.8232936,0 76.2707162,25.8230328,0 76.2704801,25.8223954,0 76.2703192,25.8207922,0 76.2698579,25.8191021,0 76.265974,25.8205894,0 76.2652123,25.8208116,0 76.2643647,25.8209854,0 76.2636566,25.8211882,0 76.2630236,25.8211979,0 76.2628305,25.8212172,0 76.2623799,25.8213427,0 76.2618971,25.8211882,0 76.2617576,25.8213331,0 76.2615859,25.821729,0 76.2612855,25.8215069,0 76.2608778,25.8220188,0 76.2605667,25.8228107,0 76.2603521,25.8234481,0 76.2596118,25.8234674,0 76.2593543,25.8230135,0 76.2590003,25.8229555,0 76.2589145,25.823139,0 76.2589145,25.8234288,0 76.2589896,25.8238247,0 76.2590754,25.8242207,0 76.2587964,25.8245683,0 76.2582385,25.824887,0 76.2577236,25.8250319,0 76.2572944,25.8250995,0 76.256758,25.8254182,0 76.2562752,25.8258528,0 76.2557602,25.8265095,0 76.2554061,25.826944,0 76.2546658,25.8274076,0 76.2544083,25.8278421,0 76.2539577,25.8281222,0 76.2534428,25.8277069,0 76.2532282,25.828016,0 76.2527347,25.8289334,0 76.2523591,25.8297446,0 76.2520373,25.8302081,0 76.2520051,25.8305944,0 76.2516725,25.8304495,0 76.2511897,25.8305268,0 76.2511897,25.8307103,0 76.2512112,25.8309807,0 76.2507713,25.8313959,0 76.2506854,25.8318401,0 76.2504387,25.8322264,0 76.2505889,25.8329796,0 76.2506211,25.83353,0 76.250546,25.8341867,0 76.2501812,25.8347854,0 76.2494838,25.8353165,0 76.2489045,25.8355869,0 76.2485933,25.8355965,0 76.2484002,25.8356448,0 76.2480891,25.835838,0 76.2479603,25.8360504,0 76.2475634,25.8361663,0 76.2471235,25.8360407,0 76.2470698,25.8362049,0 76.2470376,25.8365912,0 76.2466085,25.8369002,0 76.2462652,25.8369581,0 76.2460184,25.837325,0 76.2455892,25.8371126,0 76.245203,25.8370353,0 76.2450743,25.8370933,0 76.2447631,25.8374506,0 76.2446451,25.8376437,0 76.2443018,25.8372285,0 76.2440872,25.8370353,0 76.2437224,25.8370643,0 76.2435186,25.8371512,0 76.2433469,25.8372478,0 76.2432289,25.8377789,0 76.2430572,25.8386383,0 76.24295,25.8398357,0 76.2426603,25.8412454,0 76.2424672,25.8425587,0 76.2425959,25.8435918,0 76.2424135,25.8442967,0 76.2409866,25.8466334,0 76.2385189,25.8471451,0 76.2350643,25.8482265,0 76.2294853,25.8501093,0 76.226567,25.8522142,0 76.2216103,25.8557479,0 76.2187564,25.8577271,0 76.2152052,25.859938,0 76.2137139,25.8610869,0 76.2115788,25.8597835,0 76.2103665,25.8609517,0 76.2110531,25.8621102,0 76.2108707,25.8679027,0 76.2106454,25.8732025,0 76.2106776,25.8752683,0 76.2114501,25.8773631,0 76.2123084,25.8789461,0 76.2112141,25.879062,0 76.2113535,25.8797666,0 76.2114072,25.8802782,0 76.2112677,25.8809346,0 76.2109887,25.8815331,0 76.2108922,25.8825756,0 76.2108922,25.8836663,0 76.2113213,25.8844675,0 76.2130594,25.8860119,0 76.2133491,25.8863401,0 76.2138963,25.8866972,0 76.214025,25.8870447,0 76.2135637,25.8873922,0 76.2131882,25.8877493,0 76.2128878,25.8881933,0 76.2126946,25.8887435,0 76.2126517,25.8889944,0 76.2124801,25.8895156,0 76.2128019,25.8898148,0 76.2129092,25.8911372,0 76.2128019,25.8915425,0 76.2125766,25.8919962,0 76.212362,25.8924788,0 76.2123191,25.8930675,0 76.2122118,25.8936273,0 76.2120616,25.8940231,0 76.2116432,25.8946601,0 76.2109351,25.8958955,0 76.2104201,25.8965711,0 76.2104094,25.8968896,0 76.2102592,25.8973432,0 76.2101197,25.8979898,0 76.2098944,25.8980574,0 76.2094545,25.8978161,0 76.2089503,25.8978451,0 76.2087142,25.8979416,0 76.2087893,25.8982022,0 76.2090468,25.8986365,0 76.2088215,25.8989743,0 76.2083924,25.8992445,0 76.2079096,25.8995534,0 76.2076414,25.9000456,0 76.2076521,25.9004895,0 76.2074911,25.9011651,0 76.2075984,25.9017249,0 76.207695,25.902024,0 76.2076306,25.902468,0 76.2078345,25.903076,0 76.2088108,25.9041473,0 76.2091863,25.9046587,0 76.2091648,25.9051702,0 76.2089074,25.9055852,0 76.2081778,25.9061257,0 76.2081778,25.9064345,0 76.2083495,25.9071776,0 76.208049,25.9074864,0 76.2072444,25.9076601,0 76.2070513,25.9077084,0 76.2069654,25.9079303,0 76.207459,25.9084418,0 76.2078774,25.9088568,0 76.2081885,25.9093683,0 76.2083924,25.909735,0 76.2080169,25.9102464,0 76.2072337,25.910285,0 76.2070083,25.910729,0 76.2070513,25.911115,0 76.2072444,25.9118098,0 76.2080383,25.9125818,0 76.2089395,25.9157856,0 76.2102699,25.9159014,0 76.2134242,25.9161909,0 76.2179088,25.9161137,0 76.221385,25.9147241,0 76.2239599,25.9139328,0 76.2280798,25.913817,0 76.2302899,25.9139328,0 76.2331438,25.9139328,0 76.2366414,25.9141258,0 76.2391948,25.9151101,0 76.2402892,25.9167699,0 76.2409973,25.918642,0 76.2410188,25.9214597,0 76.2414694,25.9233702,0 76.24089,25.9270176,0 76.2410402,25.9288895,0 76.242392,25.9284263,0 76.2424779,25.9313982,0 76.2383365,25.9320157,0 76.2371993,25.9332314,0 76.2359547,25.933791,0 76.2373709,25.9373995,0 76.2379074,25.9417411,0 76.2385082,25.9448669,0 76.2400102,25.9479541,0 76.2412119,25.9502115,0 76.2422848,25.9548227,0 76.2429714,25.9586621,0 76.2452245,25.9592601,0 76.2455463,25.9615174,0 76.2457609,25.9642183,0 76.2462973,25.9672278,0 76.245718,25.9686746,0 76.2441516,25.9720891,0 76.2427568,25.9738638,0 76.2431001,25.9774325,0 76.2444734,25.9807503,0 76.2416196,25.9813289,0 76.2393236,25.9819655,0 76.2350321,25.9829299,0 76.236062,25.9864404,0 76.2387657,25.9929404,0 76.2392807,25.9959299,0 76.2393665,25.9998064,0 76.2398815,26.0018314,0 76.240375,26.00403,0 76.240493,26.0084173,0 76.2404609,26.0146075,0 76.239877,26.0145541,0 76.2406433,26.0217712,0 76.2332659,26.0253662,0 76.2306049,26.0268535,0 76.2259943,26.0283296,0 76.2257573,26.0270904,0 76.2259214,26.0253045,0 76.2259396,26.0222064,0 76.2254658,26.020548,0 76.2233153,26.0154453,0 76.220928,26.0140238,0 76.2183402,26.0124201,0 76.2171192,26.0114178,0 76.2155701,26.0112173,0 76.2082076,26.011764,0 76.2027951,26.0115271,0 76.1987494,26.0117276,0 76.1954144,26.0120191,0 76.1869767,26.0105248,0 76.1864299,26.0150079,0 76.180981,26.0155182,0 76.1801062,26.0106159,0 76.1789216,26.0105977,0 76.178703,26.0059323,0 76.1776095,26.0010847,0 76.1775548,25.9984605,0 76.176753,25.9976586,0 76.1766072,25.9970208,0 76.1761151,25.9957087,0 76.174311,25.9912438,0 76.1721423,25.9864509,0 76.1672036,25.9874532,0 76.1664929,25.9866696,0 76.163978,25.9872527,0 76.1612444,25.9875625,0 76.1582738,25.9875808,0 76.1544286,25.9886013,0 76.1506198,25.9901868,0 76.1470661,25.9832617,0 76.146082,25.9827149,0 76.1448428,25.9826967,0 76.1435488,25.9801636,0 76.1424919,25.980601,0 76.1378447,25.9725642,0 76.1356761,25.9641629,0 76.1295528,25.9655662,0 76.1314117,25.973366,0 76.1228646,25.9753524,0 76.1182721,25.976373,0 76.1186184,25.9782318,0 76.1177619,25.9790155,0 76.1192927,25.9820042,0 76.1158301,25.9838266,0 76.1143175,25.985321,0 76.1114746,25.9862322,0 76.1110919,25.9866696,0 76.1121307,25.988091,0 76.1124587,25.9893485,0 76.1102171,25.9925012,0 76.1072284,25.9936676,0 76.1036747,25.9966199,0 76.0999023,25.9978773,0 76.096458,25.9999002,0 76.0907174,26.0020142,0 76.0881296,25.9966928,0 76.0856694,25.9913167,0 76.0821339,25.9871069,0 76.0798377,25.9876901,0 76.0718738,25.9903326,0 76.0681744,25.991262,0 76.063017,25.9920639,0 76.0602105,25.9933213,0 76.0600829,25.9944421,0 76.0596182,25.9951073,0 76.0591808,25.9956904,0 76.059117,25.9959547,0 76.0594451,25.9962736,0 76.059928,25.9963556,0 76.0601649,25.9962463,0 76.0605294,25.9955173,0 76.0608756,25.9951802,0 76.0613039,25.9949524,0 76.061796,25.9949615,0 76.0619964,25.9951255,0 76.0622242,25.9956266,0 76.0623062,25.9960549,0 76.0622971,25.9965196,0 76.0623518,25.9973124,0 76.0627163,25.9977589,0 76.0633814,25.9976495,0 76.0635728,25.9972395,0 76.0637186,25.9967019,0 76.0637733,25.9962371,0 76.0639008,25.9956813,0 76.0643018,25.9955264,0 76.0647574,25.9956175,0 76.0650763,25.9957087,0 76.0653041,25.9959182,0 76.0653952,25.9962007,0 76.065459,25.9966199,0 76.0652767,25.9970481,0 76.0651218,25.9974126,0 76.0650672,25.997768,0 76.0650216,25.9980231,0 76.0653041,25.998014,0 76.065541,25.9978955,0 76.0658872,25.9977953,0 76.0662335,25.9977589,0 76.0669534,25.9979138,0 76.0672085,25.9979958,0 76.0670262,25.9984423,0 76.0669898,25.9986336,0 76.0665524,25.9991712,0 76.0667347,25.9996997,0 76.067172,26.000046,0 76.0677096,26.0002829,0 76.0680195,26.000456,0 76.0681744,26.00062,0 76.0683475,26.0010847,0 76.0682746,26.0012579,0 76.0679921,26.0012396,0 76.0675274,26.0011394,0 76.0666162,26.0008205,0 76.0660513,26.0007476,0 76.0657597,26.0007749,0 76.0656412,26.0008752,0 76.0655045,26.0012852,0 76.0656959,26.0016588,0 76.0657688,26.0019777,0 76.0656048,26.0022328,0 76.0652676,26.0021053,0 76.0650125,26.001595,0 76.0646936,26.0014037,0 76.0643564,26.001431,0 76.0640831,26.0018228,0 76.0641104,26.0021873,0 76.0643838,26.0024698,0 76.0650216,26.0031258,0 76.0647482,26.0032898,0 76.0641377,26.003062,0 76.0639099,26.0027796,0 76.0636366,26.0023513,0 76.0632174,26.0019868,0 76.0628712,26.001677,0 76.0624156,26.0016952,0 76.0622242,26.0022511,0 76.0623518,26.0029618,0 76.0624976,26.0033718,0 76.062616,26.0039095,0 76.062616,26.0042648,0 76.0626616,26.0047569,0 76.0628621,26.0050029,0 76.0630716,26.0050667,0 76.0637004,26.0050211,0 76.0637733,26.0045291,0 76.0639008,26.0041737,0 76.064156,26.0041555,0 76.0645113,26.0042284,0 76.0648394,26.0045017,0 76.0650034,26.0046384,0 76.0653223,26.0048115,0 76.065541,26.004766,0 76.0658417,26.0045746,0 76.0662517,26.0043833,0 76.0664886,26.0043195,0 76.0669534,26.0042466,0 76.0671265,26.0042375,0 76.0673816,26.0044744,0 76.0675456,26.0048024,0 76.067491,26.0051214,0 76.0669898,26.0055496,0 76.0663611,26.0061237,0 76.0654043,26.0071989,0 76.0652676,26.0075816,0 76.0651674,26.007855,0 76.0653952,26.0080007,0 76.0659419,26.0078823,0 76.0664431,26.0076909,0 76.0669442,26.0075269,0 76.0681015,26.0072536,0 76.0684842,26.0071078,0 76.06904,26.0070349,0 76.0692769,26.0073629,0 76.0693407,26.0078641,0 76.069368,26.0084017,0 76.0692131,26.0088573,0 76.0688486,26.0091944,0 76.0684842,26.009322,0 76.0677279,26.0094678,0 76.0670991,26.0096682,0 76.066844,26.0100327,0 76.0669625,26.0103881,0 76.0676368,26.0106341,0 76.0682655,26.0105612,0 76.0689307,26.0106159,0 76.0696778,26.0108801,0 76.0700788,26.0114542,0 76.0700788,26.0119098,0 76.0699056,26.0123016,0 76.0695776,26.012493,0 76.0692131,26.0126752,0 76.0689489,26.0128939,0 76.0686846,26.0132401,0 76.0687029,26.0134862,0 76.0689033,26.013632,0 76.0694045,26.0139873,0 76.070343,26.0142971,0 76.0716187,26.0144156,0 76.0719103,26.0145978,0 76.0723841,26.0154999,0 76.0724388,26.0156002,0 76.0752362,26.0148803,0 76.0770495,26.0166936,0 76.0775688,26.0177415,0 76.0793275,26.0184887,0 76.0803662,26.0189625,0 76.0806669,26.019573,0 76.0806031,26.0201744,0 76.0804573,26.0207576,0 76.0799015,26.0219239,0 76.0799744,26.0226711,0 76.0798651,26.023236,0 76.0797648,26.0236005,0 76.0797557,26.0239741,0 76.0800109,26.0240743,0 76.0804118,26.0239012,0 76.0809585,26.0235549,0 76.081569,26.0234183,0 76.0819244,26.0234091,0 76.0823071,26.0234091,0 76.0828811,26.0237645,0 76.0831545,26.0243568,0 76.0830998,26.0247759,0 76.082708,26.0249126,0 76.0820064,26.0251495,0 76.0810496,26.0257692,0 76.0807125,26.0264708,0 76.0803662,26.0270813,0 76.080512,26.0282385,0 76.0810223,26.0287488,0 76.0814779,26.0289219,0 76.0820155,26.0288217,0 76.0823891,26.0284116,0 76.0827809,26.0282112,0 76.0830907,26.0281109,0 76.0834279,26.0282203,0 76.083601,26.0284663,0 76.0837832,26.0288581,0 76.0840657,26.0293319,0 76.0843937,26.0299151,0 76.0846762,26.030152,0 76.0852138,26.0303707,0 76.0861797,26.0300062,0 76.0866991,26.029988,0 76.086936,26.0301429,0 76.087182,26.0305985,0 76.0873005,26.0312819,0 76.0871911,26.0318924,0 76.0870453,26.0324574,0 76.0869998,26.0329859,0 76.0873187,26.033241,0 76.0882754,26.0332501,0 76.0890591,26.0335417,0 76.0897698,26.0337695,0 76.0898792,26.0345531,0 76.0891775,26.0349996,0 76.0873278,26.0356192,0 76.0864895,26.0357195,0 76.086125,26.0360566,0 76.0857241,26.0365122,0 76.0857879,26.037068,0 76.0859245,26.0373505,0 76.0867537,26.0373414,0 76.0872731,26.0372321,0 76.0883939,26.0369131,0 76.0888313,26.0367309,0 76.0892413,26.03674,0 76.0897698,26.0372321,0 76.0899976,26.0381615,0 76.0902072,26.0388996,0 76.0903074,26.0393552,0 76.0903165,26.0409133,0 76.0902436,26.0416878,0 76.0899612,26.0424168,0 76.089378,26.043164,0 76.0890773,26.0439476,0 76.0890682,26.0444852,0 76.0893324,26.0449773,0 76.08987,26.0452233,0 76.0909453,26.0451504,0 76.0920387,26.0446948,0 76.0922392,26.0442483,0 76.092467,26.0437654,0 76.0929499,26.0436925,0 76.0935877,26.0437198,0 76.0939978,26.0438656,0 76.0945901,26.0436925,0 76.0949545,26.0435011,0 76.096048,26.0430182,0 76.0970139,26.043164,0 76.0980071,26.0430546,0 76.0987725,26.0430728,0 76.0998021,26.0430637,0 76.1002304,26.0428906,0 76.1010322,26.0428633,0 76.10126,26.0431275,0 76.1010505,26.0433827,0 76.1005766,26.04382,0 76.1001757,26.0440843,0 76.0999844,26.0443941,0 76.1003033,26.0450593,0 76.1009594,26.0450957,0 76.101415,26.0449408,0 76.1018888,26.0448588,0 76.1023353,26.0450137,0 76.1026633,26.0454237,0 76.1029913,26.0461345,0 76.1031553,26.0466903,0 76.1032374,26.0472644,0 76.1038296,26.0480845,0 76.104431,26.0483305,0 76.105971,26.048048,0 76.1064812,26.0478658,0 76.1068822,26.0477655,0 76.1072466,26.0479478,0 76.1073651,26.0482849,0 76.1073104,26.0488134,0 76.1074562,26.0496699,0 76.1074289,26.0501438,0 76.1070917,26.0507087,0 76.1067364,26.0511005,0 76.1065177,26.051465,0 76.106463,26.052522,0 76.1062625,26.0538888,0 76.1064721,26.0554014,0 76.1064174,26.0577796,0 76.1057796,26.0587546,0 76.1053604,26.0593742,0 76.1051964,26.0599392,0 76.10516,26.0602945,0 76.105242,26.0609506,0 76.1043399,26.0605314,0 76.1039481,26.0605861,0 76.103292,26.0606317,0 76.1022715,26.0607957,0 76.1016428,26.0608504,0 76.1009594,26.0614244,0 76.1005311,26.0614426,0 76.1003397,26.0611693,0 76.1001484,26.0608321,0 76.0997657,26.0606408,0 76.0988818,26.060659,0 76.0985264,26.0613151,0 76.0981529,26.0615064,0 76.0979251,26.0613151,0 76.0977701,26.0610873,0 76.0975788,26.0608504,0 76.0971688,26.0605588,0 76.0966311,26.0602672,0 76.0959204,26.0602399,0 76.0950274,26.0601579,0 76.0941345,26.0600667,0 76.0934693,26.0600212,0 76.0929135,26.0599938,0 76.0909544,26.0599483,0 76.0900978,26.0597478,0 76.0898518,26.0592193,0 76.0893871,26.0588002,0 76.0891593,26.0585815,0 76.088403,26.0584357,0 76.0880385,26.0584539,0 76.0871638,26.0586908,0 76.0861615,26.0590097,0 76.0855692,26.0597387,0 76.0852503,26.0601123,0 76.0850862,26.0603583,0 76.0843208,26.0608048,0 76.0837012,26.0610417,0 76.0832456,26.0614335,0 76.0831818,26.062281,0 76.0832092,26.0630919,0 76.0835554,26.0660533,0 76.083036,26.066354,0 76.0833185,26.0677299,0 76.0792728,26.0687323,0 76.0803844,26.0740354,0 76.0814961,26.0760765,0 76.0812592,26.0800858,0 76.0816054,26.0820358,0 76.0829176,26.0860633,0 76.0822068,26.0872661,0 76.0831909,26.0899815,0 76.0819153,26.0907651,0 76.0857605,26.0972893,0 76.0881661,26.1018271,0 76.0881114,26.1032485,0 76.0880203,26.1044149,0 76.0869086,26.1045242,0 76.085232,26.1045607,0 76.0839563,26.104834,0 76.0823709,26.1051074,0 76.081569,26.1057817,0 76.0803298,26.1063648,0 76.0800382,26.1076952,0 76.0781793,26.1082055,0 76.0782522,26.109554,0 76.0793821,26.1122876,0 76.0789083,26.1125428,0 76.080512,26.11801,0 76.0786349,26.1185385,0 76.0765574,26.119559,0 76.0702883,26.1257005,0 76.0632903,26.1310037,0 76.0618871,26.1302565,0 76.0603745,26.1290719,0 76.0593722,26.1276687,0 76.0587708,26.1266846,0 76.058953,26.1236959,0 76.0588983,26.1219281,0 76.0580236,26.119559,0 76.0569848,26.117281,0 76.0559643,26.1147661,0 76.0555269,26.1140189,0 76.0543423,26.1134175,0 76.0492032,26.1125974,0 76.0469252,26.1127797,0 76.0447018,26.1132535,0 76.0423509,26.1144745,0 76.0404921,26.1148754,0 76.0392346,26.1148572,0 76.0385968,26.1145839,0 76.0356992,26.1129802,0 76.0343688,26.1122694,0 76.0334576,26.1113218,0 76.0327104,26.1103741,0 76.0314348,26.1096452,0 76.0301408,26.1091349,0 76.0287558,26.108734,0 76.0276988,26.1086975,0 76.026332,26.1091349,0 76.0249288,26.1090802,0 76.0228148,26.1086064,0 76.0207008,26.1089526,0 76.0180948,26.1085699,0 76.0167826,26.1094265,0 76.0150331,26.1101372,0 76.013229,26.110611,0 76.0111697,26.1111031,0 76.0094384,26.1117227,0 76.0066683,26.1120507,0 76.0015656,26.1142012,0 75.9994698,26.1159324,0 75.9971918,26.116789,0 75.9948227,26.1164609,0 75.9937657,26.1166341,0 75.9941029,26.1189758,0 75.9945403,26.1217914,0 75.994686,26.1242973,0 75.9952145,26.1286801,0 75.9956975,26.1336188,0 75.9962807,26.1352134,0 75.997365,26.1382568,0 75.997939,26.1407353,0 75.997529,26.1414278,0 75.9978479,26.1434871,0 75.9983491,26.1478244,0 75.9988593,26.151934,0 75.9995154,26.153155,0 75.9998981,26.1558157,0 75.9992238,26.1569547,0 75.99639,26.1588864,0 75.9943854,26.1601348,0 75.9938295,26.1605084,0 75.9940118,26.161456,0 75.9987227,26.1618114,0 75.9996885,26.1613831,0 76.0002353,26.1611553,0 76.0010189,26.1610551,0 76.0013014,26.1612009,0 76.0018572,26.1621394,0 76.0023037,26.1637249,0 76.0019665,26.1656566,0 76.0013469,26.1657204,0 75.9998799,26.1679984,0 75.998668,26.1704496,0 75.9983126,26.1715794,0 75.9987227,26.1723813,0 76.0008549,26.1738392,0 76.0010462,26.1742857,0 76.0027137,26.1782221,0 76.0024039,26.178377,0 76.0040623,26.1833977,0 76.0030873,26.1837986,0 76.0042445,26.1856666,0 76.0033607,26.1872521,0 76.0025497,26.1869969,0 76.0017843,26.1869241,0 76.0017661,26.1873888,0 76.0037252,26.1884822,0 76.0024768,26.1888831,0 76.002413,26.1893387,0 76.0017114,26.189521,0 76.0014472,26.1892476,0 76.0007273,26.1893661,0 76.0005451,26.1900859,0 76.0005451,26.1909607,0 76.0009095,26.1909424,0 76.001192,26.1917534,0 75.9986589,26.1920997,0 75.9987865,26.1928469,0 75.9964173,26.1933754,0 75.9964629,26.1937307,0 75.9958524,26.194159,0 75.995415,26.194487,0 75.9947407,26.194323,0 75.9938933,26.1946146,0 75.9897382,26.1962274,0 75.986057,26.1964917,0 75.9829601,26.1965046,0 75.9808659,26.1953677,0 75.9808338,26.1962148,0 75.9807908,26.1966673,0 75.9805977,26.197062,0 75.9798682,26.1978706,0 75.9798252,26.1985638,0 75.9800506,26.2003736,0 75.9807157,26.2021833,0 75.9821319,26.2046765,0 75.9813702,26.2049846,0 75.98225,26.2090371,0 75.9833658,26.2115398,0 75.9873462,26.2111066,0 75.9881294,26.2140039,0 75.9887731,26.2160252,0 75.9898138,26.2195672,0 75.9902215,26.2214344,0 75.9951138,26.2207222,0 75.9974956,26.2204623,0 76.0005426,26.2205201,0 76.0050058,26.220164,0 76.006937,26.2202217,0 76.0072803,26.2208088,0 76.0080528,26.2209051,0 76.0098445,26.220857,0 76.0100806,26.2202795,0 76.0126233,26.2206548,0 76.0155737,26.2212901,0 76.0205948,26.2226375,0 76.0226977,26.2230321,0 76.027987,26.2233113,0 76.0270107,26.2267761,0 76.0265708,26.2296441,0 76.0262382,26.2324831,0 76.0258627,26.2361305,0 76.025691,26.2406631,0 76.0254872,26.2436944,0 76.0257339,26.2471778,0 76.0254335,26.2500357,0 76.0254335,26.2523836,0 76.0257876,26.2528551,0 76.0267532,26.253009,0 76.0276866,26.2525471,0 76.0291242,26.25222,0 76.0312271,26.2517966,0 76.0369393,26.2508735,0 76.0378039,26.2508344,0 76.0394132,26.2505168,0 76.0407114,26.2506997,0 76.0419238,26.2506997,0 76.0437262,26.2502282,0 76.0463869,26.2497855,0 76.0471487,26.2491505,0 76.0481465,26.2484673,0 76.050818,26.2480439,0 76.0509574,26.2467544,0 76.0521376,26.2464176,0 76.0559142,26.2454554,0 76.0576844,26.2448106,0 76.0585534,26.2441178,0 76.0622334,26.2436559,0 76.0622978,26.2444065,0 76.0664821,26.2442525,0 76.0666215,26.2454842,0 76.0684454,26.2451378,0 76.0704946,26.244445,0 76.0742283,26.2430208,0 76.0745609,26.2434923,0 76.0772324,26.24304,0 76.0797644,26.2424819,0 76.0824358,26.241125,0 76.087017,26.2400954,0 76.0966408,26.2395661,0 76.1001599,26.2403841,0 76.1018765,26.2408267,0 76.1023271,26.2449454,0 76.1040437,26.2450993,0 76.1044836,26.2474858,0 76.1061573,26.2479958,0 76.106391,26.2483421,0 76.1120045,26.2479476,0 76.112807,26.2482291,0 76.1152446,26.2491745,0 76.1164516,26.2497855,0 76.1174762,26.250488,0 76.1194396,26.2528743,0 76.1200619,26.2541829,0 76.1200189,26.2552798,0 76.1199116,26.2559341,0 76.1184096,26.2575891,0 76.116929,26.2587629,0 76.1154485,26.2591863,0 76.1135387,26.2593017,0 76.1110496,26.2600715,0 76.1107063,26.2608989,0 76.1104917,26.2618611,0 76.1102986,26.2645165,0 76.1111998,26.2684227,0 76.1110496,26.2703276,0 76.1104703,26.271713,0 76.1102128,26.2733292,0 76.1103844,26.2765424,0 76.1187744,26.2777546,0 76.1201906,26.2791206,0 76.1215639,26.2802365,0 76.1213708,26.2810061,0 76.1210918,26.2815256,0 76.1201262,26.2833341,0 76.1193108,26.2840652,0 76.1193108,26.2847001,0 76.1200619,26.2847578,0 76.1210918,26.2845077,0 76.1216926,26.2844884,0 76.1228943,26.284777,0 76.1235165,26.2852965,0 76.1236882,26.2863546,0 76.1237311,26.287355,0 76.1235595,26.2881438,0 76.1229372,26.2890095,0 76.1222291,26.2896636,0 76.1223364,26.2902793,0 76.1231303,26.2904139,0 76.1240101,26.2900292,0 76.12504,26.2900676,0 76.1267137,26.2901253,0 76.1279368,26.2903754,0 76.1288166,26.2908564,0 76.131134,26.2925109,0 76.131885,26.2941268,0 76.1323786,26.2961852,0 76.1351466,26.2959736,0 76.1349535,26.2951464,0 76.1364341,26.2951272,0 76.1373353,26.2966277,0 76.1380219,26.2962622,0 76.1397815,26.3000326,0 76.1400389,26.3037644,0 76.1403608,26.3082463,0 76.142571,26.3089195,0 76.1441803,26.3099967,0 76.1447382,26.3104006,0 76.1452746,26.311093,0 76.1442017,26.3118047,0 76.1441803,26.312978,0 76.1443305,26.313882,0 76.1433863,26.3155169,0 76.1418843,26.3166133,0 76.1400604,26.3170172,0 76.1385155,26.3179596,0 76.1370992,26.3196329,0 76.1358976,26.3192482,0 76.1351466,26.3190559,0 76.1348676,26.3194598,0 76.1352539,26.3207484,0 76.1354899,26.3210177,0 76.1376142,26.3214216,0 76.1388373,26.3217101,0 76.1405968,26.3222678,0 76.141026,26.3242488,0 76.1404252,26.3260374,0 76.1397815,26.326999,0 76.1378503,26.3281529,0 76.1364984,26.3289799,0 76.1346745,26.329903,0 76.1343527,26.3311146,0 76.132164,26.3319415,0 76.1295891,26.3334993,0 76.1293101,26.3345954,0 76.1250186,26.33473,0 76.1266494,26.3394222,0 76.124053,26.3399799,0 76.1239671,26.3454795,0 76.125834,26.3457103,0 76.1276793,26.349556,0 76.1305547,26.3502097,0 76.1341166,26.3504213,0 76.1365628,26.349979,0 76.1384296,26.3547283,0 76.1404252,26.3579777,0 76.1413479,26.3601887,0 76.1399102,26.3621883,0 76.1386442,26.3638802,0 76.1365628,26.3641109,0 76.1345672,26.3649953,0 76.1337518,26.3657066,0 76.1332154,26.366764,0 76.1289882,26.3682636,0 76.1289668,26.3708013,0 76.129632,26.3753767,0 76.1312413,26.3786255,0 76.1346102,26.384104,0 76.1366915,26.3878524,0 76.1386013,26.3918889,0 76.1413264,26.3991928,0 76.1420774,26.4010571,0 76.1440301,26.4025754,0 76.1461973,26.4055544,0 76.1494589,26.4094942,0 76.1512828,26.4117812,0 76.1483645,26.4170083,0 76.1479139,26.4187186,0 76.1482143,26.4227925,0 76.1484504,26.4258478,0 76.1509609,26.4284035,0 76.1515403,26.4314394,0 76.1526346,26.4365312,0 76.1532998,26.4402394,0 76.1527204,26.44291,0 76.150403,26.4430061,0 76.1473989,26.4434864,0 76.1450815,26.4440244,0 76.1420774,26.4449466,0 76.1392021,26.4465988,0 76.1378932,26.4483663,0 76.1372709,26.4499417,0 76.1358547,26.4520741,0 76.1342883,26.4537839,0 76.1331081,26.4562813,0 76.1322927,26.4586826,0 76.1319494,26.4602194,0 76.1326146,26.4605075,0 76.1340737,26.4595471,0 76.1365413,26.4600081,0 76.1376786,26.4616793,0 76.1380863,26.4632161,0 76.1380005,26.4642534,0 76.1379146,26.4649257,0 76.1378073,26.4657901,0 76.139245,26.4668082,0 76.1409402,26.467711,0 76.141541,26.468729,0 76.1413908,26.4701697,0 76.1419487,26.4702849,0 76.1425495,26.4697855,0 76.1433863,26.4699008,0 76.1442017,26.4704002,0 76.1449957,26.4704002,0 76.1462831,26.4694974,0 76.1510896,26.467346,0 76.1563039,26.4741265,0 76.1572695,26.4738,0 76.1585784,26.4741265,0 76.1595869,26.4748372,0 76.162548,26.4792932,0 76.1641359,26.4802343,0 76.1661744,26.4818477,0 76.1680198,26.4836722,0 76.1706161,26.4842292,0 76.1716246,26.4845557,0 76.1737704,26.4850743,0 76.1756587,26.4864379,0 76.1716947,26.4898344,0 76.1687919,26.4942283,0 76.1656554,26.4972097,0 76.1629864,26.4989184,0 76.1581355,26.5008013,0 76.152291,26.502754,0 76.1504792,26.5046892,0 76.1492324,26.5077052,0 76.148531,26.5137284,0 76.1494077,26.5167355,0 76.1515647,26.5189519,0 76.1495447,26.5216745,0 76.1446953,26.5253608,0 76.1433434,26.5263399,0 76.1399317,26.5276838,0 76.1375284,26.5293733,0 76.1353612,26.5302372,0 76.1332798,26.5311587,0 76.1318636,26.5322722,0 76.1311769,26.532253,0 76.1302757,26.5320226,0 76.1277866,26.5310627,0 76.1255979,26.5295653,0 76.123302,26.5282406,0 76.1214995,26.5282598,0 76.1198687,26.5292005,0 76.1183023,26.5304868,0 76.116457,26.5325793,0 76.1148476,26.5346719,0 76.1141181,26.5353054,0 76.1133241,26.5356701,0 76.1079597,26.5360349,0 76.1004281,26.5387609,0 76.0971021,26.5329057,0 76.0968017,26.531869,0 76.0963082,26.5308707,0 76.0952568,26.5300644,0 76.0929608,26.5295653,0 76.088798,26.5290085,0 76.0871672,26.5251304,0 76.085515,26.5250536,0 76.0841417,26.5238824,0 76.0831547,26.5226153,0 76.0810518,26.5234216,0 76.070559,26.5276838,0 76.0683489,26.5224233,0 76.0675335,26.5193321,0 76.0662031,26.5171625,0 76.0653877,26.5155113,0 76.0647225,26.5138792,0 76.0642504,26.5113831,0 76.0638857,26.5099238,0 76.0633063,26.5092133,0 76.0604739,26.5088293,0 76.0585856,26.5090213,0 76.0564828,26.508138,0 76.0524273,26.5084068,0 76.0500026,26.5096549,0 76.0519337,26.5123047,0 76.0475564,26.5137832,0 76.0465479,26.5133032,0 76.040883,26.5133416,0 76.0376858,26.513572,0 76.0346603,26.5145704,0 76.0316777,26.5150889,0 76.0309267,26.5184105,0 76.0309911,26.5208105,0 76.0252833,26.5208681,0 76.0244036,26.5176425,0 76.0240173,26.5162025,0 76.0225582,26.511095,0 76.0197472,26.5118247,0 76.0179019,26.5075811,0 76.0149193,26.5091173,0 76.0128808,26.5108454,0 76.0110998,26.5067747,0 76.0096541,26.5018815,0 76.0088134,26.4998609,0 76.0024845,26.5004282,0 75.9983003,26.5009083,0 75.9959292,26.5015516,0 75.9960794,26.5031166,0 75.991627,26.5045568,0 75.9903288,26.5052097,0 75.9906292,26.5072259,0 75.9850287,26.5094053,0 75.9835052,26.5047296,0 75.9775507,26.5061314,0 75.9733558,26.5071395,0 75.9721219,26.5044128,0 75.9712636,26.5036063,0 75.9700084,26.5024157,0 75.9691179,26.5018876,0 75.9678626,26.4989207,0 75.9652877,26.4930924,0 75.9630775,26.487859,0 75.9624231,26.486169,0 75.9612644,26.4858905,0 75.9589469,26.4868796,0 75.955739,26.4883392,0 75.9551918,26.4888193,0 75.9552133,26.4899428,0 75.9556639,26.4925642,0 75.953207,26.4928427,0 75.948261,26.4936205,0 75.9376609,26.4949168,0 75.9351826,26.4967507,0 75.9352791,26.4977877,0 75.93485,26.4980278,0 75.9353113,26.5006874,0 75.9333587,26.5007546,0 75.9333694,26.5015996,0 75.932908,26.5016476,0 75.9329831,26.5034142,0 75.9324896,26.503539,0 75.9328544,26.5072547,0 75.9294748,26.5080132,0 75.9293568,26.508378,0 75.9286165,26.5084836,0 75.9282946,26.5087812,0 75.9264493,26.5090981,0 75.9260201,26.5088485,0 75.9216857,26.5095109,0 75.9204411,26.5092421,0 75.9191215,26.5098085,0 75.9151733,26.510903,0 75.9135103,26.5111238,0 75.9105384,26.5115271,0 75.9102917,26.5113158,0 75.9069335,26.5120935,0 75.9069657,26.5127943,0 75.9063542,26.5128807,0 75.9061074,26.5123719,0 75.9046376,26.5124103,0 75.9042191,26.5109606,0 75.9038007,26.5099429,0 75.9029639,26.5087524,0 75.9010649,26.5091077,0 75.8976853,26.510183,0 75.895915,26.511191,0 75.8948421,26.5118631,0 75.8937049,26.5107686,0 75.8931255,26.5101446,0 75.890969,26.5110278,0 75.8874071,26.5126791,0 75.8829009,26.5146664,0 75.8811951,26.5151944,0 75.8814847,26.5165097,0 75.8815813,26.5183049,0 75.8814096,26.5189385,0 75.8797896,26.5194665,0 75.8773327,26.5198793,0 75.8772254,26.5193609,0 75.8746934,26.5196201,0 75.8723116,26.5199849,0 75.8708417,26.5201097,0 75.869447,26.5199081,0 75.8671617,26.5194281,0 75.8650374,26.5189289,0 75.8654129,26.5180457,0 75.8641684,26.5178057,0 75.8621728,26.5177481,0 75.8608854,26.5178249,0 75.8595979,26.5182953,0 75.8588576,26.5187753,0 75.8591688,26.5195145,0 75.857892,26.5199561,0 75.8585036,26.5213385,0 75.855875,26.5219145,0 75.8554244,26.5203977,0 75.8541477,26.5209833,0 75.8536541,26.5203209,0 75.8531821,26.5192169,0 75.8524418,26.5194281,0 75.8507788,26.5199177,0 75.8499205,26.5200617,0 75.849266,26.5195913,0 75.8473027,26.5173065,0 75.8455539,26.5146472,0 75.8445668,26.5132744,0 75.8437943,26.5138888,0 75.8415627,26.51506,0 75.8398461,26.5158569,0 75.8389342,26.5160297,0 75.836885,26.5163177,0 75.8358014,26.5167593,0 75.8347607,26.5173353,0 75.8342564,26.5175081,0 75.8334839,26.5177001,0 75.8325076,26.5177673,0 75.8317459,26.5178153,0 75.8312201,26.5179689,0 75.8304584,26.5179881,0 75.829879,26.5179401,0 75.8293641,26.5178153,0 75.8285594,26.5176041,0 75.827862,26.5175273,0 75.8274007,26.5174025,0 75.8271325,26.5171529,0 75.8266926,26.5168649,0 75.826596,26.5169801,0 75.8263492,26.5174121,0 75.8259737,26.5174409,0 75.8255768,26.5172297,0 75.825094,26.5168745,0 75.824933,26.5169321,0 75.8246755,26.5171433,0 75.8242357,26.5176041,0 75.8231306,26.5187753,0 75.8227014,26.5188617,0 75.8224547,26.5186505,0 75.8221435,26.5186505,0 75.8218968,26.5187561,0 75.8215105,26.5187945,0 75.8209634,26.5187945,0 75.8207273,26.5188521,0 75.8205235,26.5190921,0 75.8202982,26.5193705,0 75.8198261,26.5193801,0 75.8193004,26.5195913,0 75.8182812,26.5200617,0 75.8176803,26.5202633,0 75.817219,26.5202729,0 75.8168757,26.5201577,0 75.8161354,26.5201673,0 75.815202,26.5205129,0 75.8147514,26.5211561,0 75.8145261,26.5218281,0 75.8138823,26.5219529,0 75.8127236,26.5221449,0 75.8122776,26.5225467,0 75.8119297,26.5229033,0 75.8113802,26.5234664,0 75.8112109,26.5236808,0 75.8105582,26.5232682,0 75.8097947,26.5228649,0 75.8090866,26.5230281,0 75.8083677,26.5232488,0 75.8080888,26.5234792,0 75.8077991,26.52394,0 75.807606,26.5244104,0 75.8072305,26.5249,0 75.8070052,26.5251112,0 75.8064365,26.5251496,0 75.805943,26.5250824,0 75.8051813,26.5247464,0 75.8042586,26.5245064,0 75.8036792,26.5244776,0 75.8035397,26.5246888,0 75.8035827,26.5251016,0 75.803647,26.5254471,0 75.803647,26.5258695,0 75.8034432,26.5261671,0 75.8030355,26.5263591,0 75.8025527,26.5264455,0 75.8021021,26.5265031,0 75.8013403,26.5266663,0 75.8008683,26.5271654,0 75.800482,26.527895,0 75.8000636,26.5281542,0 75.7996988,26.5280678,0 75.799098,26.5278662,0 75.7986581,26.5280774,0 75.7982182,26.528279,0 75.797714,26.5288837,0 75.796566,26.5289317,0 75.7957184,26.5290661,0 75.7952249,26.5293253,0 75.7945597,26.530122,0 75.7961476,26.5307267,0 75.79795,26.5316578,0 75.80001,26.5328001,0 75.8009219,26.5334336,0 75.8018446,26.5342207,0 75.8024454,26.5348255,0 75.8029711,26.535507,0 75.8032071,26.5365052,0 75.8027244,26.5379162,0 75.8026814,26.5385305,0 75.8027244,26.539164,0 75.8028853,26.5396343,0 75.8032393,26.5399702,0 75.8038616,26.540383,0 75.8042586,26.5406997,0 75.8045912,26.5410356,0 75.8045804,26.5416979,0 75.8042478,26.5422834,0 75.8035183,26.5426865,0 75.8021986,26.5428305,0 75.8022737,26.5439151,0 75.8026385,26.5442606,0 75.8034003,26.5445389,0 75.8040011,26.5449228,0 75.8037972,26.5453355,0 75.8025634,26.5464585,0 75.8013725,26.5472071,0 75.7989049,26.5484548,0 75.7973814,26.5500384,0 75.7966517,26.5507006,0 75.7957721,26.5495105,0 75.7958579,26.5490594,0 75.7963085,26.5486275,0 75.7955038,26.5470631,0 75.7931006,26.5477062,0 75.7902574,26.5484644,0 75.7879615,26.5465928,0 75.7850969,26.5454027,0 75.7830262,26.5436271,0 75.7810521,26.5449996,0 75.7789707,26.5432912,0 75.7783592,26.5425041,0 75.7753229,26.5434064,0 75.7748723,26.5430704,0 75.7746041,26.5429169,0 75.7740891,26.5427921,0 75.7725441,26.5428497,0 75.772866,26.5418035,0 75.7731342,26.5396247,0 75.7716536,26.5394615,0 75.7721472,26.5354974,0 75.7704306,26.5350846,0 75.7701194,26.5329345,0 75.7699585,26.531869,0 75.7700014,26.5308995,0 75.7728445,26.5311299,0 75.7731128,26.5318882,0 75.7748186,26.5315331,0 75.7750761,26.5321954,0 75.7759023,26.5320898,0 75.7758915,26.5312931,0 75.7776403,26.5308227,0 75.7767928,26.5279334,0 75.7798505,26.5271654,0 75.7792818,26.5242664,0 75.7772434,26.5237384,0 75.7758486,26.5229609,0 75.7744539,26.5219049,0 75.7725441,26.5202057,0 75.7691431,26.5198793,0 75.7683384,26.5181513,0 75.7660639,26.5177385,0 75.7623303,26.5170089,0 75.7609355,26.5175081,0 75.7599592,26.5178633,0 75.7602274,26.5143496,0 75.7604313,26.5117575,0 75.7609355,26.5073123,0 75.7618153,26.5067554,0 75.7636607,26.5055169,0 75.7664502,26.5042591,0 75.7670402,26.5026557,0 75.7679415,26.5006394,0 75.7692397,26.4986231,0 75.7675552,26.4981238,0 75.7661712,26.4978741,0 75.764991,26.4976629,0 75.7647979,26.4973556,0 75.7647979,26.4969332,0 75.7650876,26.496309,0 75.7666647,26.4943214,0 75.7679629,26.493294,0 75.7702374,26.4916136,0 75.7721901,26.4903653,0 75.7734024,26.4891458,0 75.7738745,26.4881471,0 75.7738638,26.4873501,0 75.7735097,26.4864955,0 75.7716858,26.4845461,0 75.7697117,26.4827215,0 75.7689607,26.4817228,0 75.768553,26.4808393,0 75.768553,26.4797541,0 75.7688641,26.4789859,0 75.7703447,26.4761625,0 75.7709992,26.4747891,0 75.7711279,26.4732429,0 75.7708812,26.4716103,0 75.7698941,26.4687386,0 75.768671,26.4665008,0 75.766418,26.4670867,0 75.7626521,26.4678935,0 75.7582319,26.4688731,0 75.7551312,26.4691612,0 75.7532644,26.4693245,0 75.7512045,26.4693725,0 75.7491016,26.4691516,0 75.7479322,26.4688059,0 75.7477391,26.4695358,0 75.7471275,26.469651,0 75.7469237,26.4683449,0 75.7469129,26.4667698,0 75.7474601,26.4633602,0 75.7470417,26.4628895,0 75.7481146,26.460642,0 75.747267,26.4585481,0 75.7445311,26.4525832,0 75.7439732,26.4527657,0 75.7435548,26.4519685,0 75.7442737,26.4516515,0 75.7437587,26.4507005,0 75.7430613,26.4508542,0 75.7409709,26.4470519,0 75.7373965,26.4488562,0 75.7360875,26.4497399,0 75.7358408,26.4501626,0 75.7358837,26.4508446,0 75.7366133,26.4518916,0 75.7369459,26.4524295,0 75.7375252,26.4533709,0 75.7374716,26.4540817,0 75.7366991,26.4556666,0 75.735594,26.4573187,0 75.7340491,26.4587114,0 75.7323539,26.4606132,0 75.7303262,26.4631104,0 75.7290816,26.4648008,0 75.7271504,26.466837,0 75.7255089,26.4647912,0 75.7216358,26.4594222,0 75.7191574,26.4559643,0 75.7168615,26.4535053,0 75.7156384,26.4525448,0 75.7148659,26.451565,0 75.7134175,26.4494998,0 75.7098663,26.4466468,0 75.702281,26.4470503,0 75.698601,26.4473577,0 75.6950927,26.4473769,0 75.6948674,26.4494037,0 75.6947172,26.4501722,0 75.6943953,26.4506333,0 75.6938696,26.450835,0 75.6919277,26.4513633,0 75.6893635,26.4520069,0 75.6888056,26.4525256,0 75.6873894,26.4532748,0 75.6848466,26.4534189,0 75.6830656,26.4533805,0 75.6823897,26.4546196,0 75.6818855,26.4562813,0 75.6813168,26.4577797,0 75.6811345,26.4584809,0 75.6817138,26.4604883,0 75.6792998,26.4605652,0 75.6764781,26.4605748,0 75.6742358,26.4611126,0 75.6718326,26.4615353,0 75.6687426,26.4615545,0 75.6659102,26.4614584,0 75.6596339,26.4611607,0 75.6584644,26.4612087,0 75.6578743,26.4613624,0 75.6573808,26.4616601,0 75.6569731,26.4622556,0 75.656898,26.4632449,0 75.6568444,26.4641189,0 75.6562006,26.4648873,0 75.6554067,26.4654347,0 75.6535506,26.4660014,0 75.6520808,26.4659918,0 75.6516731,26.4634178,0 75.6518018,26.4616121,0 75.6517911,26.4599889,0 75.6512868,26.4578854,0 75.652864,26.4574723,0 75.6524455,26.4555801,0 75.6519735,26.4534861,0 75.6511581,26.4519973,0 75.6496453,26.4499897,0 75.6478751,26.4473385,0 75.6463945,26.4446488,0 75.6458259,26.4426891,0 75.6435943,26.4431502,0 75.6402361,26.4437362,0 75.6364596,26.4442453,0 75.6347322,26.444178,0 75.6337345,26.4443029,0 75.6323397,26.4447736,0 75.6304836,26.444764,0 75.6302583,26.4442837,0 75.6296682,26.4441877,0 75.6281876,26.4441396,0 75.6272542,26.4441492,0 75.6269216,26.4442453,0 75.6259775,26.4448793,0 75.6234455,26.443813,0 75.6215036,26.4433999,0 75.6184995,26.4426891,0 75.6159997,26.4418437,0 75.6145028,26.4404606,0 75.6121373,26.4407966,0 75.609144,26.4413538,0 75.6066656,26.4421511,0 75.6023741,26.4435632,0 75.6004321,26.4437938,0 75.5965912,26.4441877,0 75.5951965,26.4452155,0 75.5929863,26.4462242,0 75.589993,26.4471559,0 75.5881798,26.4476074,0 75.588094,26.4481646,0 75.5841458,26.4487025,0 75.582751,26.4481646,0 75.5815494,26.4479629,0 75.5810344,26.4457439,0 75.5786955,26.4461857,0 75.5787384,26.4447832,0 75.572859,26.4467525,0 75.5697477,26.447934,0 75.5698872,26.4510943,0 75.5702734,26.4553976,0 75.5705202,26.4602578,0 75.57096,26.4641958,0 75.5708635,26.4668562,0 75.5710673,26.4699776,0 75.5712819,26.4710436,0 75.5723011,26.4738768,0 75.5727732,26.4759032,0 75.5700374,26.4757783,0 75.5691254,26.4758936,0 75.567956,26.4763929,0 75.5658102,26.4778911,0 75.5649519,26.4787266,0 75.5637395,26.47937,0 75.5606067,26.4795717,0 75.5601025,26.4798022,0 75.5595124,26.4802919,0 75.558697,26.4810794,0 75.557946,26.4818092,0 75.5564546,26.4830192,0 75.5556178,26.4835282,0 75.555017,26.4836722,0 75.5541372,26.4836434,0 75.5534184,26.4835666,0 75.5526781,26.4836146,0 75.5523455,26.4837875,0 75.5520022,26.4842868,0 75.5516803,26.4851223,0 75.5515516,26.48566,0 75.5512404,26.4861882,0 75.5506718,26.4865915,0 75.5496097,26.4868508,0 75.5483651,26.486822,0 75.5471206,26.4864667,0 75.546112,26.4857849,0 75.5456722,26.4851319,0 75.5455756,26.4845269,0 75.5455112,26.483653,0 75.5457258,26.482299,0 75.5458116,26.4815788,0 75.5453396,26.4812619,0 75.5441594,26.4811178,0 75.5424428,26.4808873,0 75.5414128,26.4804168,0 75.5400503,26.4795141,0 75.538677,26.4785249,0 75.5374861,26.4779679,0 75.5352437,26.4771324,0 75.5343747,26.4763449,0 75.533849,26.4756247,0 75.5334306,26.4740977,0 75.5329156,26.4727147,0 75.5320465,26.4711973,0 75.5307269,26.469968,0 75.5297291,26.4693821,0 75.5283451,26.4685177,0 75.5275404,26.4678743,0 75.5257165,26.4657709,0 75.5246222,26.4647624,0 75.523206,26.4641189,0 75.5213284,26.4633217,0 75.521028,26.4641862,0 75.520513,26.4649449,0 75.5193114,26.4655884,0 75.5173695,26.4660782,0 75.5155992,26.4660302,0 75.5131853,26.4658958,0 75.5113935,26.4656172,0 75.511018,26.4657133,0 75.5105889,26.4684313,0 75.510546,26.4692957,0 75.5113292,26.4704194,0 75.5112755,26.4708035,0 75.5088293,26.4710917,0 75.508765,26.4715238,0 75.5074775,26.4717063,0 75.5073166,26.4723786,0 75.5036366,26.4734062,0 75.501405,26.4768443,0 75.5001497,26.4792644,0 75.5016303,26.4821646,0 75.5016625,26.4825487,0 75.4974139,26.481838,0 75.4944956,26.4817324,0 75.4915988,26.4820013,0 75.4888844,26.4824334,0 75.4870713,26.4825871,0 75.4851723,26.4824622,0 75.482533,26.4824142,0 75.4815781,26.4824815,0 75.4799473,26.4834898,0 75.4782951,26.4846709,0 75.4768145,26.4856696,0 75.4750335,26.4869564,0 75.4738963,26.487715,0 75.4725659,26.4881855,0 75.4710638,26.4877918,0 75.4691434,26.4880031,0 75.4678237,26.4884256,0 75.4669976,26.4889921,0 75.4658282,26.4902981,0 75.4650342,26.4915176,0 75.4643369,26.4919689,0 75.462234,26.4926795,0 75.4600131,26.4932076,0 75.4579317,26.4943982,0 75.4561293,26.4955409,0 75.4553461,26.4958866,0 75.4545843,26.4960882,0 75.453769,26.495925,0 75.4529107,26.4952528,0 75.4511833,26.4934092,0 75.4495954,26.4921513,0 75.4477715,26.4912967,0 75.445894,26.4904325,0 75.4454112,26.4903461,0 75.4440057,26.4902789,0 75.4429436,26.4901925,0 75.4417956,26.4900292,0 75.4407442,26.4901348,0 75.4392958,26.4906054,0 75.4378044,26.4858329,0 75.4362273,26.4845941,0 75.4335236,26.4822894,0 75.4321289,26.4833937,0 75.4295325,26.483096,0 75.4248226,26.4851895,0 75.4238462,26.4845077,0 75.4205525,26.4856312,0 75.4183531,26.48711,0 75.416851,26.4872637,0 75.415113,26.4869756,0 75.4136109,26.4874942,0 75.4134822,26.4890882,0 75.412066,26.4904517,0 75.4108643,26.4920073,0 75.4098987,26.4936973,0 75.4092765,26.4951184,0 75.4081821,26.494984,0 75.407474,26.4938509,0 75.4074526,26.492353,0 75.407753,26.4903557,0 75.4092335,26.4868988,0 75.4105425,26.4831537,0 75.3991914,26.4834226,0 75.3952861,26.4843829,0 75.3941488,26.483461,0 75.3899002,26.4839987,0 75.3873306,26.4813099,0 75.3865635,26.4819821,0 75.3832269,26.4850262,0 75.3808987,26.4871677,0 75.3783452,26.4904613,0 75.3760171,26.4894915,0 75.3710925,26.4892034,0 75.3664684,26.4886561,0 75.3660607,26.4896451,0 75.363239,26.490615,0 75.3592479,26.4923914,0 75.3556323,26.4940622,0 75.3503752,26.4967795,0 75.349549,26.497394,0 75.3484869,26.4988535,0 75.3481543,26.4997273,0 75.3481543,26.503059,0 75.3461373,26.5027997,0 75.3459334,26.5039711,0 75.3448284,26.5040575,0 75.3445601,26.5055265,0 75.3435838,26.5058145,0 75.3436911,26.5081668,0 75.3443134,26.5146472,0 75.3445923,26.5181129,0 75.3448927,26.5191305,0 75.3416741,26.5200521,0 75.3383589,26.5211849,0 75.335505,26.5217033,0 75.3346896,26.5220585,0 75.3366423,26.5275206,0 75.3371036,26.5290661,0 75.3374469,26.5311683,0 75.3382945,26.5342015,0 75.3362882,26.5347871,0 75.3365028,26.5359293,0 75.3339386,26.5372635,0 75.3356659,26.5408821,0 75.3343677,26.5412084,0 75.3352046,26.5467656,0 75.3337026,26.5470535,0 75.3337026,26.5502687,0 75.3314173,26.5503839,0 75.3311813,26.5524281,0 75.3308272,26.5535606,0 75.3304946,26.5543379,0 75.3305054,26.5548946,0 75.3305751,26.5576633,0 75.330441,26.5577592,0 75.3299689,26.5579656,0 75.32969,26.5590596,0 75.3291419,26.5592077,0 75.3288156,26.5613916,0 75.3267449,26.5610893,0 75.3252214,26.5607774,0 75.3235477,26.5604463,0 75.3228289,26.5602592,0 75.3214341,26.5601776,0 75.3201252,26.560168,0 75.3193635,26.5601008,0 75.3179204,26.5596642,0 75.3159195,26.5592851,0 75.3144979,26.5591172,0 75.3132266,26.559074,0 75.3116226,26.5592803,0 75.3088224,26.5596546,0 75.3075349,26.5599233,0 75.3062689,26.5602784,0 75.304901,26.5603887,0 75.3029913,26.5603839,0 75.3009313,26.5604703,0 75.3003198,26.5603599,0 75.2994561,26.5600288,0 75.2977556,26.5591172,0 75.2956313,26.5582103,0 75.29414,26.5575481,0 75.2925521,26.5570155,0 75.2914578,26.5569099,0 75.2903259,26.5570827,0 75.2897304,26.5573226,0 75.289135,26.5575865,0 75.2885932,26.557908,0 75.2881962,26.5582631,0 75.2878529,26.5586997,0 75.287767,26.5591699,0 75.2878743,26.5598993,0 75.2885771,26.5615115,0 75.2887005,26.5620873,0 75.2888077,26.5627494,0 75.2886844,26.5631525,0 75.2884859,26.5636275,0 75.2882284,26.5638626,0 75.2875578,26.5642321,0 75.286898,26.5643616,0 75.2856481,26.5644768,0 75.2847415,26.5643952,0 75.2841568,26.5641745,0 75.2824777,26.5634452,0 75.2795756,26.5619098,0 75.2781969,26.5611037,0 75.2773654,26.5603839,0 75.276019,26.5582631,0 75.2752406,26.5572703,0 75.2731705,26.5557199,0 75.2708959,26.5547218,0 75.2702522,26.5542612,0 75.2699196,26.5536373,0 75.2699304,26.5527832,0 75.2702093,26.5516411,0 75.2704883,26.5505374,0 75.2703595,26.5499424,0 75.2701449,26.5494145,0 75.2697801,26.5490402,0 75.2687824,26.5489731,0 75.2674305,26.5491266,0 75.2644801,26.5492994,0 75.2614546,26.5496353,0 75.2603495,26.5496257,0 75.2594376,26.5492226,0 75.2580857,26.5483108,0 75.2562833,26.5472935,0 75.2550924,26.5467368,0 75.2528071,26.5457962,0 75.2515626,26.5449324,0 75.2503717,26.5436655,0 75.2501142,26.5426673,0 75.2502966,26.5405941,0 75.2503395,26.538137,0 75.2508008,26.5360349,0 75.2510369,26.5352478,0 75.251466,26.5344991,0 75.2518415,26.533856,0 75.2519274,26.533328,0 75.2517128,26.5323298,0 75.2512407,26.5314371,0 75.2505433,26.5309475,0 75.2498138,26.5308035,0 75.2487624,26.5308803,0 75.2471959,26.5303812,0 75.2451789,26.5298244,0 75.2421212,26.5287205,0 75.2397716,26.5275398,0 75.2384519,26.5267047,0 75.236274,26.5253032,0 75.2348685,26.5243912,0 75.2339458,26.5241896,0 75.23224,26.5244296,0 75.2306628,26.5246216,0 75.2292144,26.5243048,0 75.2261567,26.5235176,0 75.2245259,26.5223273,0 75.221951,26.5205993,0 75.2211678,26.5200137,0 75.2199876,26.5195433,0 75.2183032,26.5196777,0 75.2169728,26.5191209,0 75.2158785,26.5190537,0 75.2138507,26.5190921,0 75.2121019,26.5191593,0 75.2095485,26.5188425,0 75.2074885,26.5184489,0 75.2050424,26.5181129,0 75.2027035,26.5176905,0 75.2027142,26.5164041,0 75.2026176,26.515012,0 75.2025962,26.5134952,0 75.2025854,26.5125063,0 75.2018666,26.5112774,0 75.2017379,26.5088581,0 75.2012765,26.5077539,0 75.2006757,26.5066882,0 75.1989055,26.5054305,0 75.1972425,26.5045088,0 75.1964807,26.5039807,0 75.1963305,26.5035679,0 75.1962769,26.503011,0 75.1964593,26.5021661,0 75.1965237,26.5013403,0 75.1962447,26.5005338,0 75.1952791,26.4992952,0 75.1954508,26.4986039,0 75.1961267,26.4968083,0 75.1968026,26.4940238,0 75.1972532,26.4928619,0 75.1974571,26.4917384,0 75.1976395,26.4899044,0 75.1979291,26.4883296,0 75.1983261,26.4871004,0 75.1985192,26.4859289,0 75.198648,26.4845365,0 75.1992595,26.4825967,0 75.1994312,26.4814539,0 75.1971352,26.4814731,0 75.197103,26.4824046,0 75.1917922,26.485007,0 75.1908803,26.4859481,0 75.1896787,26.4870236,0 75.189228,26.486822,0 75.1884019,26.4864475,0 75.1864707,26.4861498,0 75.1856983,26.4856888,0 75.1839924,26.4850166,0 75.1830053,26.4846901,0 75.1819432,26.4839603,0 75.1813853,26.4834706,0 75.1809347,26.4827407,0 75.1807094,26.4820781,0 75.1803982,26.4812811,0 75.1797759,26.4805416,0 75.178982,26.4802439,0 75.1778877,26.4796485,0 75.1771474,26.4790435,0 75.1769864,26.4784961,0 75.1768684,26.4772573,0 75.1764071,26.4763449,0 75.1750231,26.4742897,0 75.1716542,26.4692765,0 75.1716649,26.4672308,0 75.1717329,26.4632754,0 75.168905,26.4629105,0 75.1725716,26.4478201,0 75.173868,26.4454672,0 75.174289,26.4446469,0 75.1737813,26.4438487,0 75.1726175,26.4422967,0 75.1702898,26.4402791,0 75.1697698,26.4393478,0 75.169745,26.4381062,0 75.1698441,26.4361771,0 75.1695222,26.4344476,0 75.168705,26.4336272,0 75.1681602,26.4324963,0 75.1679126,26.4311881,0 75.1677145,26.4276845,0 75.1679126,26.4258662,0 75.1677145,26.4249348,0 75.167145,26.4240922,0 75.1665507,26.4234935,0 75.1658326,26.422806,0 75.1650649,26.4224512,0 75.1645945,26.4213424,0 75.1647678,26.4205884,0 75.1664764,26.4199897,0 75.1676898,26.4195462,0 75.1680364,26.4187922,0 75.1678631,26.4177942,0 75.1672688,26.4169293,0 75.1663526,26.4160201,0 75.1633563,26.4151552,0 75.1566952,26.4136249,0 75.1481522,26.4130483,0 75.1429026,26.4123608,0 75.1366872,26.4112741,0 75.1345329,26.4106531,0 75.1310414,26.4088789,0 75.1289613,26.4046871,0 75.127847,26.4021143,0 75.1276489,26.3981663,0 75.1278966,26.3939741,0 75.1308185,26.3903364,0 75.1329728,26.3851235,0 75.1344834,26.3790674,0 75.1349538,26.3778917,0 75.1377768,26.3766715,0 75.1400054,26.3758507,0 75.1427045,26.3752295,0 75.1431502,26.3741868,0 75.1430512,26.3727226,0 75.1425807,26.370859,0 75.1423083,26.3693726,0 75.1414416,26.3653791,0 75.1400054,26.3650241,0 75.1368853,26.3655566,0 75.1359443,26.3655566,0 75.1340624,26.3646247,0 75.1294566,26.3589448,0 75.125247,26.3547734,0 75.1253213,26.353442,0 75.125767,26.3501802,0 75.1269556,26.3428574,0 75.1279956,26.3407937,0 75.1284166,26.3377312,0 75.128788,26.3334037,0 75.1294566,26.3255472,0 75.1307442,26.3229504,0 75.1316852,26.3213968,0 75.1324281,26.320287,0 75.1340872,26.3184226,0 75.1349291,26.3166913,0 75.1344586,26.3125628,0 75.1332948,26.305615,0 75.1320814,26.3024185,0 75.129828,26.2971572,0 75.1287137,26.2949816,0 75.1267822,26.293472,0 75.1235136,26.2928504,0 75.117843,26.2904527,0 75.1144258,26.2896757,0 75.1121477,26.2880994,0</coordinates></LinearRing></outerBoundaryIs></Polygon>
    </Placemark>
    <Placemark><name>Moderate Fire Zone</name><styleUrl>#zone1</styleUrl>
      <Polygon><extrude>0</extrude><altitudeMode>clampToGround</altitudeMode><outerBoundaryIs><LinearRing><coordinates>75.66462618912436,26.29014083698085,0 75.67391162418268,26.280100303551993,0 75.67584306434472,26.266309235849896,0 75.6967123000365,26.245360482345983,0 75.71049733958488,26.242851417300454,0 75.71897741081732,26.234003408983924,0 75.74049831794491,26.232851835580426,0 75.74897763655221,26.224003404935864,0 75.76888266019787,26.223330909047185,0 75.77777113612508,26.21458193958429,0 75.79196764958694,26.212076953432184,0 75.80391693707551,26.200098411981937,0 75.80584704259157,26.186309213692276,0 75.81391827663208,26.18009794478135,0 75.81450470846848,26.102144341091524,0 75.80481079748915,26.09200865824762,0 75.80411269910425,26.07088373584122,0 75.79481254883098,26.062008655462225,0 75.79411462782637,26.04088443239079,0 75.78481429740918,26.03200864939701,0 75.78585792215864,25.966309205951763,0 75.84672659072379,25.90536045617751,0 75.86199322532237,25.902076952637266,0 75.88672784444434,25.875360455064502,0 75.90199568440399,25.872076949229438,0 75.92672909717486,25.845360455022632,0 75.93025666733638,25.84443817208585,0 75.9291252,25.8496797,0 75.928542,25.8531605,0 75.9286331,25.8556207,0 75.9283233,25.8587188,0 75.9280135,25.8627645,0 75.9287971,25.8628556,0 75.9291616,25.8651701,0 75.9297083,25.8670836,0 75.9295443,25.8697261,0 75.9296537,25.8716032,0 75.9311663,25.871348,0 75.9334625,25.8712205,0 75.9347017,25.8716578,0 75.9354854,25.8730246,0 75.9362508,25.8732069,0 75.9363419,25.8725508,0 75.9399867,25.8727877,0 75.939932,25.8734985,0 75.9427567,25.8745919,0 75.9434857,25.8736443,0 75.9448525,25.8735896,0 75.9465473,25.8737172,0 75.9459642,25.8726784,0 75.9467478,25.8720041,0 75.9480599,25.8721499,0 75.9501921,25.8724779,0 75.9503561,25.8732251,0 75.9508482,25.8738265,0 75.9518323,25.8737536,0 75.9519963,25.8731158,0 75.9520874,25.8722957,0 75.9520692,25.8717125,0 75.9525066,25.8713845,0 75.9528164,25.8702728,0 75.9539098,25.8695803,0 75.9544201,25.8695074,0 75.9558233,25.8697079,0 75.957664,25.8701452,0 75.957664,25.8710747,0 75.9592312,25.8704186,0 75.9590308,25.8696532,0 75.9594681,25.8689789,0 75.9588485,25.8669014,0 75.9600331,25.8664093,0 75.9601971,25.8684504,0 75.9610536,25.8678126,0 75.961491,25.8684504,0 75.9606163,25.8686509,0 75.9607256,25.8690154,0 75.962384,25.8678855,0 75.9631129,25.8683411,0 75.9622564,25.8693798,0 75.9628396,25.8700724,0 75.9639695,25.8702728,0 75.9642428,25.8700177,0 75.9641517,25.868906,0 75.9646802,25.8689607,0 75.9650811,25.8693798,0 75.9662293,25.8704186,0 75.9671222,25.870127,0 75.9674138,25.869471,0 75.9664297,25.8684869,0 75.9675414,25.8685598,0 75.9676507,25.867521,0 75.9682703,25.8675757,0 75.9684161,25.8687784,0 75.9699652,25.8699812,0 75.9712409,25.870692,0 75.9709128,25.871749,0 75.9708582,25.8728788,0 75.9719151,25.8726966,0 75.9738833,25.8720952,0 75.9749403,25.8718219,0 75.9759244,25.871749,0 75.9772001,25.8720588,0 75.9785122,25.8726602,0 75.9793141,25.8730611,0 75.9800613,25.8735349,0 75.9806444,25.8745919,0 75.9808085,25.8756307,0 76.000053,25.8789292,0 76.0077071,25.8807152,0 76.0110968,25.8766877,0 76.011279,25.8746284,0 76.0112426,25.8740816,0 76.0107687,25.8702181,0 76.0107687,25.8665369,0 76.0124271,25.8663547,0 76.0157439,25.8658444,0 76.0163999,25.8653523,0 76.0184775,25.8647509,0 76.0235073,25.8638944,0 76.0252021,25.862965,0 76.0274984,25.8624547,0 76.028774,25.8623454,0 76.0302866,25.8628556,0 76.0353529,25.8613977,0 76.0364646,25.862072,0 76.0370295,25.8620538,0 76.0372847,25.863858,0 76.0382323,25.8636393,0 76.0382141,25.8631655,0 76.0387061,25.8630743,0 76.0398725,25.8644047,0 76.0401276,25.8648238,0 76.0408383,25.8646052,0 76.0414397,25.8655892,0 76.0430434,25.8636939,0 76.0446654,25.8609968,0 76.0506975,25.8615617,0 76.0513171,25.8633295,0 76.0522648,25.8636393,0 76.0537045,25.8585912,0 76.0545428,25.8574796,0 76.0538685,25.8558941,0 76.0520461,25.8557847,0 76.0511167,25.8561674,0 76.0502784,25.8531605,0 76.0506429,25.8527231,0 76.0502966,25.8500806,0 76.0497134,25.8501171,0 76.0488569,25.8480395,0 76.0484195,25.8474746,0 76.0482008,25.8469643,0 76.048055,25.8446316,0 76.048784,25.8441578,0 76.0488934,25.843356,0 76.0490391,25.8415153,0 76.0514265,25.8416611,0 76.0523559,25.8383079,0 76.0521008,25.8351552,0 76.0531395,25.8345538,0 76.0515358,25.8318748,0 76.0503148,25.8299613,0 76.0484195,25.8254418,0 76.0468705,25.820011,0 76.0457224,25.8170223,0 76.0447929,25.813177,0 76.0488022,25.8104616,0 76.050898,25.8093317,0 76.0541601,25.8078374,0 76.0548344,25.8086028,0 76.0564928,25.8076005,0 76.0561465,25.8066528,0 76.0602287,25.8051949,0 76.0626343,25.8056687,0 76.066844,25.8053771,0 76.0680103,25.8052131,0 76.0695047,25.8043748,0 76.0716187,25.8040468,0 76.0740972,25.806179,0 76.0772135,25.8080743,0 76.0806578,25.8096415,0 76.0846306,25.8099696,0 76.0880203,25.8096598,0 76.093852,25.8087668,0 76.1025448,25.806343,0 76.105242,25.8052496,0 76.1057523,25.7984702,0 76.105078,25.796903,0 76.104677,25.7944974,0 76.1050233,25.7924199,0 76.1054424,25.7903059,0 76.1064448,25.7887751,0 76.1069733,25.7870255,0 76.1081214,25.7862784,0 76.1091784,25.7860597,0 76.1099984,25.7859503,0 76.1101442,25.7854947,0 76.1105269,25.7850574,0 76.1110554,25.7849116,0 76.111748,25.7849116,0 76.1130419,25.7847293,0 76.1137344,25.7843284,0 76.1163404,25.7834901,0 76.118345,25.7834172,0 76.1189647,25.7841826,0 76.1195114,25.7848569,0 76.12086,25.785112,0 76.1217165,25.7848933,0 76.1221356,25.7845835,0 76.1227553,25.7841644,0 76.1236118,25.7842919,0 76.1244683,25.7842373,0 76.1251426,25.7846018,0 76.1261996,25.7841097,0 76.128186,25.7840368,0 76.1287327,25.7841462,0 76.1292612,25.7847111,0 76.1296986,25.7852214,0 76.130792,25.7856041,0 76.1325233,25.7848569,0 76.1333434,25.7852396,0 76.1337808,25.7854947,0 76.1343275,25.7850391,0 76.1346191,25.7847658,0 76.1355303,25.7847475,0 76.1362228,25.7852214,0 76.138027,25.7849116,0 76.1416171,25.7816312,0 76.1474488,25.7747426,0 76.1508385,25.7711707,0 76.1497997,25.7696763,0 76.150966,25.769567,0 76.1498908,25.7679632,0 76.1490654,25.7633442,0 76.1524964,25.760971,0 76.1551779,25.7590903,0 76.1576094,25.7576962,0 76.1591304,25.7573386,0 76.1599322,25.758833,0 76.160479,25.7601634,0 76.158365,25.7661955,0 76.158857,25.767945,0 76.1588388,25.7683277,0 76.15975,25.7700226,0 76.1585472,25.7705146,0 76.1593855,25.7719543,0 76.1591304,25.7743052,0 76.1565608,25.7772757,0 76.1581463,25.7789888,0 76.1587841,25.7798088,0 76.1590028,25.7807383,0 76.1590393,25.7814672,0 76.1579276,25.7814855,0 76.1577089,25.7816312,0 76.1577089,25.7822326,0 76.1581281,25.7827611,0 76.1588023,25.7830163,0 76.1598047,25.7832896,0 76.159914,25.783891,0 76.1597135,25.7842008,0 76.1590575,25.7846018,0 76.1589481,25.7850938,0 76.1591304,25.7854583,0 76.1596224,25.7858228,0 76.1605336,25.7863148,0 76.161463,25.7868069,0 76.1620644,25.7872078,0 76.1623742,25.787791,0 76.1621738,25.7884106,0 76.1619186,25.7895769,0 76.1623196,25.7903241,0 76.1632308,25.791126,0 76.1630668,25.7918185,0 76.1624654,25.7923287,0 76.1622467,25.7934404,0 76.1621009,25.7943152,0 76.1625383,25.795281,0 76.1629756,25.7958642,0 76.1636682,25.7963016,0 76.1643424,25.7970305,0 76.1637957,25.7975226,0 76.1631761,25.797723,0 76.1633948,25.7983062,0 76.1638322,25.7987254,0 76.1646522,25.7996183,0 76.1652719,25.802279,0 76.1632672,25.8054682,0 76.1619369,25.8079103,0 76.1617911,25.8086939,0 76.163085,25.8106439,0 76.1634312,25.8113546,0 76.1633037,25.8125756,0 76.1674952,25.8130312,0 76.1684975,25.8143069,0 76.1721605,25.8141793,0 76.174311,25.8144709,0 76.1777006,25.8181886,0 76.1815641,25.8230909,0 76.1833865,25.8256604,0 76.1873958,25.8320935,0 76.1883252,25.8346631,0 76.1888173,25.8346267,0 76.1879243,25.8422078,0 76.1918971,25.841898,0 76.1947765,25.8409686,0 76.2013372,25.8406224,0 76.2079889,25.8377612,0 76.2098842,25.8355196,0 76.2105585,25.8333328,0 76.2109777,25.8314739,0 76.2116702,25.831073,0 76.2138935,25.8305627,0 76.2134197,25.8301071,0 76.2131099,25.8294875,0 76.213365,25.8293417,0 76.2138206,25.8291777,0 76.21475,25.8279567,0 76.2149323,25.8277562,0 76.2138206,25.8262072,0 76.2144402,25.8225077,0 76.2154061,25.8206853,0 76.2162444,25.8166942,0 76.2167729,25.8135779,0 76.216208,25.8106439,0 76.2203266,25.8068897,0 76.2236251,25.8039374,0 76.2261401,25.8046299,0 76.2277802,25.8044295,0 76.235088,25.8001651,0 76.2349787,25.7980875,0 76.2349422,25.796903,0 76.2352703,25.7960829,0 76.2358899,25.7951717,0 76.2372202,25.7945521,0 76.2390973,25.79406,0 76.2402819,25.7936591,0 76.2421407,25.7928208,0 76.2436898,25.7928026,0 76.2446556,25.7929301,0 76.2456944,25.7933675,0 76.2473163,25.7945156,0 76.2487378,25.795682,0 76.2498495,25.7968301,0 76.2519999,25.7969394,0 76.2538588,25.7970123,0 76.2552256,25.7976137,0 76.2561914,25.7996366,0 76.2564284,25.8012221,0 76.2567382,25.8024977,0 76.2570662,25.8039557,0 76.2573942,25.8050309,0 76.2590162,25.8061972,0 76.2602554,25.8063977,0 76.2618044,25.8060514,0 76.2633535,25.8057781,0 76.2645016,25.805614,0 76.2658137,25.8054318,0 76.2676361,25.8048851,0 76.2686567,25.803737,0 76.2702513,25.8013223,0 76.2710805,25.8002197,0 76.2726113,25.7992083,0 76.2744428,25.7983609,0 76.2748346,25.797067,0 76.2751718,25.7958551,0 76.2760556,25.7944883,0 76.2769304,25.7938595,0 76.2777869,25.7928299,0 76.2791537,25.7918367,0 76.2801105,25.7911988,0 76.2802745,25.7903514,0 76.2801013,25.7893764,0 76.2793997,25.7878001,0 76.2792904,25.7864059,0 76.2796549,25.7855676,0 76.2804203,25.7845926,0 76.2818691,25.7840095,0 76.2827529,25.7835812,0 76.28330031196685,25.783275166029625,0 76.29077401501114,25.789964553820152,0 76.2913091,25.7909437,0 76.2918011,25.7920918,0 76.2919287,25.7930941,0 76.2913638,25.7945156,0 76.2904526,25.7961558,0 76.2903979,25.7971216,0 76.290653,25.7982151,0 76.2911815,25.7990534,0 76.2924937,25.7998735,0 76.2936782,25.8002744,0 76.2945348,25.8013314,0 76.2976328,25.8032085,0 76.2987809,25.8037734,0 76.29922642349071,25.803835010247475,0 76.29973131245204,25.824872036195465,0 76.2991261,25.8246746,0 76.2983537,25.8247325,0 76.2981605,25.8250512,0 76.2977314,25.824887,0 76.2976348,25.8249643,0 76.2975168,25.8252926,0 76.2973237,25.8251864,0 76.2969053,25.8243559,0 76.2965727,25.8241724,0 76.2961006,25.8238537,0 76.2956285,25.8233225,0 76.2955534,25.8228107,0 76.2954247,25.8225596,0 76.2950385,25.8223954,0 76.29462,25.8221057,0 76.2943411,25.8221636,0 76.2941694,25.8223761,0 76.293633,25.8224823,0 76.2931287,25.8222795,0 76.2928069,25.8217484,0 76.2928283,25.8212655,0 76.2927854,25.8210047,0 76.2923133,25.820686,0 76.2913799,25.8204735,0 76.2899852,25.8204735,0 76.2899744,25.8208116,0 76.2899315,25.8217387,0 76.2897384,25.8227527,0 76.2897062,25.824916,0 76.2898886,25.8260749,0 76.2887943,25.8272724,0 76.2875926,25.8291748,0 76.2879252,25.8320429,0 76.2872708,25.8322554,0 76.2855756,25.8325933,0 76.2819493,25.834235,0 76.2802327,25.836427,0 76.2793851,25.8349206,0 76.2789559,25.8343219,0 76.2786984,25.8334914,0 76.2785053,25.8323423,0 76.2779689,25.8315311,0 76.2774217,25.8312897,0 76.2774002,25.830942,0 76.2774968,25.8301888,0 76.2775612,25.8294645,0 76.2771535,25.8287403,0 76.2768423,25.8283926,0 76.27666,25.8278711,0 76.2764346,25.8274172,0 76.2758767,25.826944,0 76.2736237,25.8265288,0 76.272068,25.8250222,0 76.2719178,25.8243559,0 76.2718964,25.8237378,0 76.2716281,25.8232936,0 76.2707162,25.8230328,0 76.2704801,25.8223954,0 76.2703192,25.8207922,0 76.2698579,25.8191021,0 76.265974,25.8205894,0 76.2652123,25.8208116,0 76.2643647,25.8209854,0 76.2636566,25.8211882,0 76.2630236,25.8211979,0 76.2628305,25.8212172,0 76.2623799,25.8213427,0 76.2618971,25.8211882,0 76.2617576,25.8213331,0 76.2615859,25.821729,0 76.2612855,25.8215069,0 76.2608778,25.8220188,0 76.2605667,25.8228107,0 76.2603521,25.8234481,0 76.2596118,25.8234674,0 76.2593543,25.8230135,0 76.2590003,25.8229555,0 76.2589145,25.823139,0 76.2589145,25.8234288,0 76.2589896,25.8238247,0 76.2590754,25.8242207,0 76.2587964,25.8245683,0 76.2582385,25.824887,0 76.2577236,25.8250319,0 76.2572944,25.8250995,0 76.256758,25.8254182,0 76.2562752,25.8258528,0 76.2557602,25.8265095,0 76.2554061,25.826944,0 76.2546658,25.8274076,0 76.2544083,25.8278421,0 76.2539577,25.8281222,0 76.2534428,25.8277069,0 76.2532282,25.828016,0 76.2527347,25.8289334,0 76.2523591,25.8297446,0 76.2520373,25.8302081,0 76.2520051,25.8305944,0 76.2516725,25.8304495,0 76.2511897,25.8305268,0 76.2511897,25.8307103,0 76.2512112,25.8309807,0 76.2507713,25.8313959,0 76.2506854,25.8318401,0 76.2504387,25.8322264,0 76.2505889,25.8329796,0 76.2506211,25.83353,0 76.250546,25.8341867,0 76.2501812,25.8347854,0 76.2494838,25.8353165,0 76.2489045,25.8355869,0 76.2485933,25.8355965,0 76.2484002,25.8356448,0 76.2480891,25.835838,0 76.2479603,25.8360504,0 76.2475634,25.8361663,0 76.2471235,25.8360407,0 76.2470698,25.8362049,0 76.2470376,25.8365912,0 76.2466085,25.8369002,0 76.2462652,25.8369581,0 76.2460184,25.837325,0 76.2455892,25.8371126,0 76.245203,25.8370353,0 76.2450743,25.8370933,0 76.2447631,25.8374506,0 76.2446451,25.8376437,0 76.2443018,25.8372285,0 76.2440872,25.8370353,0 76.2437224,25.8370643,0 76.2435186,25.8371512,0 76.2433469,25.8372478,0 76.2432289,25.8377789,0 76.2430572,25.8386383,0 76.24295,25.8398357,0 76.2426603,25.8412454,0 76.2424672,25.8425587,0 76.2425959,25.8435918,0 76.2424135,25.8442967,0 76.2409866,25.8466334,0 76.2385189,25.8471451,0 76.2350643,25.8482265,0 76.2294853,25.8501093,0 76.226567,25.8522142,0 76.2216103,25.8557479,0 76.2187564,25.8577271,0 76.2152052,25.859938,0 76.2137139,25.8610869,0 76.2115788,25.8597835,0 76.2103665,25.8609517,0 76.2110531,25.8621102,0 76.2108707,25.8679027,0 76.2106454,25.8732025,0 76.2106776,25.8752683,0 76.2114501,25.8773631,0 76.2123084,25.8789461,0 76.2112141,25.879062,0 76.2113535,25.8797666,0 76.2114072,25.8802782,0 76.2112677,25.8809346,0 76.2109887,25.8815331,0 76.2108922,25.8825756,0 76.2108922,25.8836663,0 76.2113213,25.8844675,0 76.2130594,25.8860119,0 76.2133491,25.8863401,0 76.2138963,25.8866972,0 76.214025,25.8870447,0 76.2135637,25.8873922,0 76.2131882,25.8877493,0 76.2128878,25.8881933,0 76.2126946,25.8887435,0 76.2126517,25.8889944,0 76.2124801,25.8895156,0 76.2128019,25.8898148,0 76.2129092,25.8911372,0 76.2128019,25.8915425,0 76.2125766,25.8919962,0 76.212362,25.8924788,0 76.2123191,25.8930675,0 76.2122118,25.8936273,0 76.2120616,25.8940231,0 76.2116432,25.8946601,0 76.2109351,25.8958955,0 76.2104201,25.8965711,0 76.2104094,25.8968896,0 76.2102592,25.8973432,0 76.2101197,25.8979898,0 76.2098944,25.8980574,0 76.2094545,25.8978161,0 76.2089503,25.8978451,0 76.2087142,25.8979416,0 76.2087893,25.8982022,0 76.2090468,25.8986365,0 76.2088215,25.8989743,0 76.2083924,25.8992445,0 76.2079096,25.8995534,0 76.2076414,25.9000456,0 76.2076521,25.9004895,0 76.2074911,25.9011651,0 76.2075984,25.9017249,0 76.207695,25.902024,0 76.2076306,25.902468,0 76.2078345,25.903076,0 76.2088108,25.9041473,0 76.2091863,25.9046587,0 76.2091648,25.9051702,0 76.2089074,25.9055852,0 76.2081778,25.9061257,0 76.2081778,25.9064345,0 76.2083495,25.9071776,0 76.208049,25.9074864,0 76.2072444,25.9076601,0 76.2070513,25.9077084,0 76.2069654,25.9079303,0 76.207459,25.9084418,0 76.2078774,25.9088568,0 76.2081885,25.9093683,0 76.2083924,25.909735,0 76.2080169,25.9102464,0 76.2072337,25.910285,0 76.2070083,25.910729,0 76.2070513,25.911115,0 76.2072444,25.9118098,0 76.2080383,25.9125818,0 76.2089395,25.9157856,0 76.2102699,25.9159014,0 76.2134242,25.9161909,0 76.2179088,25.9161137,0 76.221385,25.9147241,0 76.2239599,25.9139328,0 76.2280798,25.913817,0 76.2302899,25.9139328,0 76.2331438,25.9139328,0 76.2366414,25.9141258,0 76.2391948,25.9151101,0 76.2402892,25.9167699,0 76.2409973,25.918642,0 76.2410188,25.9214597,0 76.2414694,25.9233702,0 76.24089,25.9270176,0 76.2410402,25.9288895,0 76.242392,25.9284263,0 76.2424779,25.9313982,0 76.2383365,25.9320157,0 76.2371993,25.9332314,0 76.2359547,25.933791,0 76.2373709,25.9373995,0 76.2379074,25.9417411,0 76.2385082,25.9448669,0 76.2400102,25.9479541,0 76.2412119,25.9502115,0 76.2422848,25.9548227,0 76.2429714,25.9586621,0 76.2452245,25.9592601,0 76.2455463,25.9615174,0 76.2457609,25.9642183,0 76.2462973,25.9672278,0 76.245718,25.9686746,0 76.2441516,25.9720891,0 76.2427568,25.9738638,0 76.2431001,25.9774325,0 76.2444734,25.9807503,0 76.2416196,25.9813289,0 76.2393236,25.9819655,0 76.2350321,25.9829299,0 76.236062,25.9864404,0 76.2387657,25.9929404,0 76.2392807,25.9959299,0 76.2393665,25.9998064,0 76.2398815,26.0018314,0 76.240375,26.00403,0 76.240493,26.0084173,0 76.2404609,26.0146075,0 76.239877,26.0145541,0 76.2406433,26.0217712,0 76.2332659,26.0253662,0 76.2306049,26.0268535,0 76.2259943,26.0283296,0 76.2257573,26.0270904,0 76.2259214,26.0253045,0 76.2259396,26.0222064,0 76.2254658,26.020548,0 76.2233153,26.0154453,0 76.220928,26.0140238,0 76.2183402,26.0124201,0 76.2171192,26.0114178,0 76.2155701,26.0112173,0 76.2082076,26.011764,0 76.2027951,26.0115271,0 76.1987494,26.0117276,0 76.1954144,26.0120191,0 76.1869767,26.0105248,0 76.1864299,26.0150079,0 76.180981,26.0155182,0 76.1801062,26.0106159,0 76.1789216,26.0105977,0 76.178703,26.0059323,0 76.1776095,26.0010847,0 76.1775548,25.9984605,0 76.176753,25.9976586,0 76.1766072,25.9970208,0 76.1761151,25.9957087,0 76.174311,25.9912438,0 76.1721423,25.9864509,0 76.1672036,25.9874532,0 76.1664929,25.9866696,0 76.163978,25.9872527,0 76.1612444,25.9875625,0 76.1582738,25.9875808,0 76.1544286,25.9886013,0 76.1506198,25.9901868,0 76.1470661,25.9832617,0 76.146082,25.9827149,0 76.1448428,25.9826967,0 76.1435488,25.9801636,0 76.1424919,25.980601,0 76.1378447,25.9725642,0 76.1356761,25.9641629,0 76.1295528,25.9655662,0 76.1314117,25.973366,0 76.1228646,25.9753524,0 76.1182721,25.976373,0 76.1186184,25.9782318,0 76.1177619,25.9790155,0 76.1192927,25.9820042,0 76.1158301,25.9838266,0 76.1143175,25.985321,0 76.1114746,25.9862322,0 76.1110919,25.9866696,0 76.1121307,25.988091,0 76.1124587,25.9893485,0 76.1102171,25.9925012,0 76.1072284,25.9936676,0 76.1036747,25.9966199,0 76.0999023,25.9978773,0 76.096458,25.9999002,0 76.0907174,26.0020142,0 76.0881296,25.9966928,0 76.0856694,25.9913167,0 76.0821339,25.9871069,0 76.0798377,25.9876901,0 76.0718738,25.9903326,0 76.0681744,25.991262,0 76.063017,25.9920639,0 76.0602105,25.9933213,0 76.0600829,25.9944421,0 76.0596182,25.9951073,0 76.0591808,25.9956904,0 76.059117,25.9959547,0 76.0594451,25.9962736,0 76.059928,25.9963556,0 76.0601649,25.9962463,0 76.0605294,25.9955173,0 76.0608756,25.9951802,0 76.0613039,25.9949524,0 76.061796,25.9949615,0 76.0619964,25.9951255,0 76.0622242,25.9956266,0 76.0623062,25.9960549,0 76.0622971,25.9965196,0 76.0623518,25.9973124,0 76.0627163,25.9977589,0 76.0633814,25.9976495,0 76.0635728,25.9972395,0 76.0637186,25.9967019,0 76.0637733,25.9962371,0 76.0639008,25.9956813,0 76.0643018,25.9955264,0 76.0647574,25.9956175,0 76.0650763,25.9957087,0 76.0653041,25.9959182,0 76.0653952,25.9962007,0 76.065459,25.9966199,0 76.0652767,25.9970481,0 76.0651218,25.9974126,0 76.0650672,25.997768,0 76.0650216,25.9980231,0 76.0653041,25.998014,0 76.065541,25.9978955,0 76.0658872,25.9977953,0 76.0662335,25.9977589,0 76.0669534,25.9979138,0 76.0672085,25.9979958,0 76.0670262,25.9984423,0 76.0669898,25.9986336,0 76.0665524,25.9991712,0 76.0667347,25.9996997,0 76.067172,26.000046,0 76.0677096,26.0002829,0 76.0680195,26.000456,0 76.0681744,26.00062,0 76.0683475,26.0010847,0 76.0682746,26.0012579,0 76.0679921,26.0012396,0 76.0675274,26.0011394,0 76.0666162,26.0008205,0 76.0660513,26.0007476,0 76.0657597,26.0007749,0 76.0656412,26.0008752,0 76.0655045,26.0012852,0 76.0656959,26.0016588,0 76.0657688,26.0019777,0 76.0656048,26.0022328,0 76.0652676,26.0021053,0 76.0650125,26.001595,0 76.0646936,26.0014037,0 76.0643564,26.001431,0 76.0640831,26.0018228,0 76.0641104,26.0021873,0 76.0643838,26.0024698,0 76.0650216,26.0031258,0 76.0647482,26.0032898,0 76.0641377,26.003062,0 76.0639099,26.0027796,0 76.0636366,26.0023513,0 76.0632174,26.0019868,0 76.0628712,26.001677,0 76.0624156,26.0016952,0 76.0622242,26.0022511,0 76.0623518,26.0029618,0 76.0624976,26.0033718,0 76.062616,26.0039095,0 76.062616,26.0042648,0 76.0626616,26.0047569,0 76.0628621,26.0050029,0 76.0630716,26.0050667,0 76.0637004,26.0050211,0 76.0637733,26.0045291,0 76.0639008,26.0041737,0 76.064156,26.0041555,0 76.0645113,26.0042284,0 76.0648394,26.0045017,0 76.0650034,26.0046384,0 76.0653223,26.0048115,0 76.065541,26.004766,0 76.0658417,26.0045746,0 76.0662517,26.0043833,0 76.0664886,26.0043195,0 76.0669534,26.0042466,0 76.0671265,26.0042375,0 76.0673816,26.0044744,0 76.0675456,26.0048024,0 76.067491,26.0051214,0 76.0669898,26.0055496,0 76.0663611,26.0061237,0 76.0654043,26.0071989,0 76.0652676,26.0075816,0 76.0651674,26.007855,0 76.0653952,26.0080007,0 76.0659419,26.0078823,0 76.0664431,26.0076909,0 76.0669442,26.0075269,0 76.0681015,26.0072536,0 76.0684842,26.0071078,0 76.06904,26.0070349,0 76.0692769,26.0073629,0 76.0693407,26.0078641,0 76.069368,26.0084017,0 76.0692131,26.0088573,0 76.0688486,26.0091944,0 76.0684842,26.009322,0 76.0677279,26.0094678,0 76.0670991,26.0096682,0 76.066844,26.0100327,0 76.0669625,26.0103881,0 76.0676368,26.0106341,0 76.0682655,26.0105612,0 76.0689307,26.0106159,0 76.0696778,26.0108801,0 76.0700788,26.0114542,0 76.0700788,26.0119098,0 76.0699056,26.0123016,0 76.0695776,26.012493,0 76.0692131,26.0126752,0 76.0689489,26.0128939,0 76.0686846,26.0132401,0 76.0687029,26.0134862,0 76.0689033,26.013632,0 76.0694045,26.0139873,0 76.070343,26.0142971,0 76.0716187,26.0144156,0 76.0719103,26.0145978,0 76.0723841,26.0154999,0 76.0724388,26.0156002,0 76.0752362,26.0148803,0 76.0770495,26.0166936,0 76.0775688,26.0177415,0 76.0793275,26.0184887,0 76.0803662,26.0189625,0 76.0806669,26.019573,0 76.0806031,26.0201744,0 76.0804573,26.0207576,0 76.0799015,26.0219239,0 76.0799744,26.0226711,0 76.0798651,26.023236,0 76.0797648,26.0236005,0 76.0797557,26.0239741,0 76.0800109,26.0240743,0 76.0804118,26.0239012,0 76.0809585,26.0235549,0 76.081569,26.0234183,0 76.0819244,26.0234091,0 76.0823071,26.0234091,0 76.0828811,26.0237645,0 76.0831545,26.0243568,0 76.0830998,26.0247759,0 76.082708,26.0249126,0 76.0820064,26.0251495,0 76.0810496,26.0257692,0 76.0807125,26.0264708,0 76.0803662,26.0270813,0 76.080512,26.0282385,0 76.0810223,26.0287488,0 76.0814779,26.0289219,0 76.0820155,26.0288217,0 76.0823891,26.0284116,0 76.0827809,26.0282112,0 76.0830907,26.0281109,0 76.0834279,26.0282203,0 76.083601,26.0284663,0 76.0837832,26.0288581,0 76.0840657,26.0293319,0 76.0843937,26.0299151,0 76.0846762,26.030152,0 76.0852138,26.0303707,0 76.0861797,26.0300062,0 76.0866991,26.029988,0 76.086936,26.0301429,0 76.087182,26.0305985,0 76.0873005,26.0312819,0 76.0871911,26.0318924,0 76.0870453,26.0324574,0 76.0869998,26.0329859,0 76.0873187,26.033241,0 76.0882754,26.0332501,0 76.0890591,26.0335417,0 76.0897698,26.0337695,0 76.0898792,26.0345531,0 76.0891775,26.0349996,0 76.0873278,26.0356192,0 76.0864895,26.0357195,0 76.086125,26.0360566,0 76.0857241,26.0365122,0 76.0857879,26.037068,0 76.0859245,26.0373505,0 76.0867537,26.0373414,0 76.0872731,26.0372321,0 76.0883939,26.0369131,0 76.0888313,26.0367309,0 76.0892413,26.03674,0 76.0897698,26.0372321,0 76.0899976,26.0381615,0 76.0902072,26.0388996,0 76.0903074,26.0393552,0 76.0903165,26.0409133,0 76.0902436,26.0416878,0 76.0899612,26.0424168,0 76.089378,26.043164,0 76.0890773,26.0439476,0 76.0890682,26.0444852,0 76.0893324,26.0449773,0 76.08987,26.0452233,0 76.0909453,26.0451504,0 76.0920387,26.0446948,0 76.0922392,26.0442483,0 76.092467,26.0437654,0 76.0929499,26.0436925,0 76.0935877,26.0437198,0 76.0939978,26.0438656,0 76.0945901,26.0436925,0 76.0949545,26.0435011,0 76.096048,26.0430182,0 76.0970139,26.043164,0 76.0980071,26.0430546,0 76.0987725,26.0430728,0 76.0998021,26.0430637,0 76.1002304,26.0428906,0 76.1010322,26.0428633,0 76.10126,26.0431275,0 76.1010505,26.0433827,0 76.1005766,26.04382,0 76.1001757,26.0440843,0 76.0999844,26.0443941,0 76.1003033,26.0450593,0 76.1009594,26.0450957,0 76.101415,26.0449408,0 76.1018888,26.0448588,0 76.1023353,26.0450137,0 76.1026633,26.0454237,0 76.1029913,26.0461345,0 76.1031553,26.0466903,0 76.1032374,26.0472644,0 76.1038296,26.0480845,0 76.104431,26.0483305,0 76.105971,26.048048,0 76.1064812,26.0478658,0 76.1068822,26.0477655,0 76.1072466,26.0479478,0 76.1073651,26.0482849,0 76.1073104,26.0488134,0 76.1074562,26.0496699,0 76.1074289,26.0501438,0 76.1070917,26.0507087,0 76.1067364,26.0511005,0 76.1065177,26.051465,0 76.106463,26.052522,0 76.1062625,26.0538888,0 76.1064721,26.0554014,0 76.1064174,26.0577796,0 76.1057796,26.0587546,0 76.1053604,26.0593742,0 76.1051964,26.0599392,0 76.10516,26.0602945,0 76.105242,26.0609506,0 76.1043399,26.0605314,0 76.1039481,26.0605861,0 76.103292,26.0606317,0 76.1022715,26.0607957,0 76.1016428,26.0608504,0 76.1009594,26.0614244,0 76.1005311,26.0614426,0 76.1003397,26.0611693,0 76.1001484,26.0608321,0 76.0997657,26.0606408,0 76.0988818,26.060659,0 76.0985264,26.0613151,0 76.0981529,26.0615064,0 76.0979251,26.0613151,0 76.0977701,26.0610873,0 76.0975788,26.0608504,0 76.0971688,26.0605588,0 76.0966311,26.0602672,0 76.0959204,26.0602399,0 76.0950274,26.0601579,0 76.0941345,26.0600667,0 76.0934693,26.0600212,0 76.0929135,26.0599938,0 76.0909544,26.0599483,0 76.0900978,26.0597478,0 76.0898518,26.0592193,0 76.0893871,26.0588002,0 76.0891593,26.0585815,0 76.088403,26.0584357,0 76.0880385,26.0584539,0 76.0871638,26.0586908,0 76.0861615,26.0590097,0 76.0855692,26.0597387,0 76.0852503,26.0601123,0 76.0850862,26.0603583,0 76.0843208,26.0608048,0 76.0837012,26.0610417,0 76.0832456,26.0614335,0 76.0831818,26.062281,0 76.0832092,26.0630919,0 76.0835554,26.0660533,0 76.083036,26.066354,0 76.0833185,26.0677299,0 76.0792728,26.0687323,0 76.0803844,26.0740354,0 76.0814961,26.0760765,0 76.0812592,26.0800858,0 76.0816054,26.0820358,0 76.0829176,26.0860633,0 76.0822068,26.0872661,0 76.0831909,26.0899815,0 76.0819153,26.0907651,0 76.0857605,26.0972893,0 76.0881661,26.1018271,0 76.0881114,26.1032485,0 76.0880203,26.1044149,0 76.0869086,26.1045242,0 76.085232,26.1045607,0 76.0839563,26.104834,0 76.0823709,26.1051074,0 76.081569,26.1057817,0 76.0803298,26.1063648,0 76.0800382,26.1076952,0 76.0781793,26.1082055,0 76.0782522,26.109554,0 76.0793821,26.1122876,0 76.0789083,26.1125428,0 76.080512,26.11801,0 76.0786349,26.1185385,0 76.0765574,26.119559,0 76.0702883,26.1257005,0 76.0632903,26.1310037,0 76.0618871,26.1302565,0 76.0603745,26.1290719,0 76.0593722,26.1276687,0 76.0587708,26.1266846,0 76.058953,26.1236959,0 76.0588983,26.1219281,0 76.0580236,26.119559,0 76.0569848,26.117281,0 76.0559643,26.1147661,0 76.0555269,26.1140189,0 76.0543423,26.1134175,0 76.0492032,26.1125974,0 76.0469252,26.1127797,0 76.0447018,26.1132535,0 76.0423509,26.1144745,0 76.0404921,26.1148754,0 76.0392346,26.1148572,0 76.0385968,26.1145839,0 76.0356992,26.1129802,0 76.0343688,26.1122694,0 76.0334576,26.1113218,0 76.0327104,26.1103741,0 76.0314348,26.1096452,0 76.0301408,26.1091349,0 76.0287558,26.108734,0 76.0276988,26.1086975,0 76.026332,26.1091349,0 76.0249288,26.1090802,0 76.0228148,26.1086064,0 76.0207008,26.1089526,0 76.0180948,26.1085699,0 76.0167826,26.1094265,0 76.0150331,26.1101372,0 76.013229,26.110611,0 76.0111697,26.1111031,0 76.0094384,26.1117227,0 76.0066683,26.1120507,0 76.0015656,26.1142012,0 75.9994698,26.1159324,0 75.9971918,26.116789,0 75.9948227,26.1164609,0 75.9937657,26.1166341,0 75.9941029,26.1189758,0 75.9945403,26.1217914,0 75.994686,26.1242973,0 75.9952145,26.1286801,0 75.9956975,26.1336188,0 75.9962807,26.1352134,0 75.997365,26.1382568,0 75.997939,26.1407353,0 75.997529,26.1414278,0 75.9978479,26.1434871,0 75.9983491,26.1478244,0 75.9988593,26.151934,0 75.9995154,26.153155,0 75.9998981,26.1558157,0 75.9992238,26.1569547,0 75.99639,26.1588864,0 75.9943854,26.1601348,0 75.9938295,26.1605084,0 75.9940118,26.161456,0 75.9987227,26.1618114,0 75.9996885,26.1613831,0 76.0002353,26.1611553,0 76.0010189,26.1610551,0 76.0013014,26.1612009,0 76.0018572,26.1621394,0 76.0023037,26.1637249,0 76.0019665,26.1656566,0 76.0013469,26.1657204,0 75.9998799,26.1679984,0 75.998668,26.1704496,0 75.9983126,26.1715794,0 75.9987227,26.1723813,0 76.0008549,26.1738392,0 76.0010462,26.1742857,0 76.0027137,26.1782221,0 76.0024039,26.178377,0 76.0040623,26.1833977,0 76.0030873,26.1837986,0 76.0042445,26.1856666,0 76.0033607,26.1872521,0 76.0025497,26.1869969,0 76.0017843,26.1869241,0 76.0017661,26.1873888,0 76.0037252,26.1884822,0 76.0024768,26.1888831,0 76.002413,26.1893387,0 76.0017114,26.189521,0 76.0014472,26.1892476,0 76.0007273,26.1893661,0 76.0005451,26.1900859,0 76.0005451,26.1909607,0 76.0009095,26.1909424,0 76.001192,26.1917534,0 75.9986589,26.1920997,0 75.9987865,26.1928469,0 75.9964173,26.1933754,0 75.9964629,26.1937307,0 75.9958524,26.194159,0 75.995415,26.194487,0 75.9947407,26.194323,0 75.9938933,26.1946146,0 75.9897382,26.1962274,0 75.986057,26.1964917,0 75.9829601,26.1965046,0 75.9808659,26.1953677,0 75.9808338,26.1962148,0 75.9807908,26.1966673,0 75.9805977,26.197062,0 75.9798682,26.1978706,0 75.9798252,26.1985638,0 75.9800506,26.2003736,0 75.9807157,26.2021833,0 75.9821319,26.2046765,0 75.9813702,26.2049846,0 75.98225,26.2090371,0 75.9833658,26.2115398,0 75.9873462,26.2111066,0 75.9881294,26.2140039,0 75.9887731,26.2160252,0 75.9898138,26.2195672,0 75.9902215,26.2214344,0 75.9951138,26.2207222,0 75.9974956,26.2204623,0 76.0005426,26.2205201,0 76.0050058,26.220164,0 76.006937,26.2202217,0 76.0072803,26.2208088,0 76.0080528,26.2209051,0 76.0098445,26.220857,0 76.0100806,26.2202795,0 76.0126233,26.2206548,0 76.0155737,26.2212901,0 76.0205948,26.2226375,0 76.0226977,26.2230321,0 76.027987,26.2233113,0 76.0270107,26.2267761,0 76.02692452632995,26.22733792333646,0 76.02293520197065,26.22813288998238,0 76.00758349052808,26.24521404220525,0 75.99293682116611,26.24813297192726,0 75.98532057868667,26.256570819732463,0 75.91565640818152,26.257205056610655,0 75.9053198678445,26.266571154622493,0 75.88425045937787,26.267556621726,0 75.87652687171365,26.275992636664743,0 75.86293962330278,26.278132890030857,0 75.84019757485507,26.30087838122099,0 75.83910016169452,26.313183048241747,0 75.82980420349782,26.322139223840196,0 75.82910182756343,26.34318304559156,0 75.82020082618806,26.35087721001683,0 75.81845734479393,26.364265399746674,0 75.78758984989591,26.395214020312892,0 75.77295022515294,26.398132911111055,0 75.7653230835887,26.406571133946613,0 75.72897224055205,26.406571139210563,0 75.72134517461612,26.398132883825827,0 75.70897267535285,26.39657121126836,0 75.70134603875472,26.388132867250423,0 75.68583697264336,26.38426535849854,0 75.68409328594275,26.370876700385878,0 75.67583803247427,26.364265430938183,0 75.67409458796287,26.3508771666267,0 75.66479611690133,26.3420086896013,0 75.66462618912436,26.29014083698085,0</coordinates></LinearRing></outerBoundaryIs></Polygon>
    </Placemark>
    <Placemark><name>High Fire Zone</name><styleUrl>#zone2</styleUrl>
      <Polygon><extrude>0</extrude><altitudeMode>clampToGround</altitudeMode><outerBoundaryIs><LinearRing><coordinates>75.91464359407476,26.000140799276114,0 75.92446390408507,25.988643204386356,0 75.92481858443838,25.958565966851992,0 75.93393342001015,25.950092592764545,0 75.93585939905758,25.936309206105562,0 75.97307563193445,25.90140789905269,0 75.97586185302337,25.88630920301682,0 75.9862534568398,25.876563963536913,0 76.000053,25.8789292,0 76.0077071,25.8807152,0 76.0110968,25.8766877,0 76.011279,25.8746284,0 76.0112426,25.8740816,0 76.0107687,25.8702181,0 76.0107687,25.8665369,0 76.0124271,25.8663547,0 76.0157439,25.8658444,0 76.0163999,25.8653523,0 76.0184775,25.8647509,0 76.0235073,25.8638944,0 76.0252021,25.862965,0 76.0274984,25.8624547,0 76.028774,25.8623454,0 76.0302866,25.8628556,0 76.0353529,25.8613977,0 76.0364646,25.862072,0 76.0370295,25.8620538,0 76.0372847,25.863858,0 76.0382323,25.8636393,0 76.0382141,25.8631655,0 76.0387061,25.8630743,0 76.0398725,25.8644047,0 76.0401276,25.8648238,0 76.0408383,25.8646052,0 76.0414397,25.8655892,0 76.0430434,25.8636939,0 76.0446654,25.8609968,0 76.0506975,25.8615617,0 76.0513171,25.8633295,0 76.0522648,25.8636393,0 76.0537045,25.8585912,0 76.0545428,25.8574796,0 76.0538685,25.8558941,0 76.0520461,25.8557847,0 76.0511167,25.8561674,0 76.0502784,25.8531605,0 76.0506429,25.8527231,0 76.0502966,25.8500806,0 76.0497134,25.8501171,0 76.0488569,25.8480395,0 76.0484195,25.8474746,0 76.0482008,25.8469643,0 76.048055,25.8446316,0 76.048784,25.8441578,0 76.0488934,25.843356,0 76.0490391,25.8415153,0 76.0514265,25.8416611,0 76.0523559,25.8383079,0 76.0521008,25.8351552,0 76.0531395,25.8345538,0 76.0515358,25.8318748,0 76.0503148,25.8299613,0 76.0484195,25.8254418,0 76.0468705,25.820011,0 76.0457224,25.8170223,0 76.0447929,25.813177,0 76.0488022,25.8104616,0 76.050898,25.8093317,0 76.0541601,25.8078374,0 76.0548344,25.8086028,0 76.0564928,25.8076005,0 76.0561465,25.8066528,0 76.0602287,25.8051949,0 76.0626343,25.8056687,0 76.066844,25.8053771,0 76.0680103,25.8052131,0 76.0695047,25.8043748,0 76.0716187,25.8040468,0 76.0740972,25.806179,0 76.0772135,25.8080743,0 76.0806578,25.8096415,0 76.0846306,25.8099696,0 76.0880203,25.8096598,0 76.093852,25.8087668,0 76.1025448,25.806343,0 76.105242,25.8052496,0 76.1057523,25.7984702,0 76.105078,25.796903,0 76.104677,25.7944974,0 76.1050233,25.7924199,0 76.1054424,25.7903059,0 76.1064448,25.7887751,0 76.1069733,25.7870255,0 76.1081214,25.7862784,0 76.1091784,25.7860597,0 76.1099984,25.7859503,0 76.1101442,25.7854947,0 76.1105269,25.7850574,0 76.1110554,25.7849116,0 76.111748,25.7849116,0 76.1130419,25.7847293,0 76.1137344,25.7843284,0 76.1163404,25.7834901,0 76.118345,25.7834172,0 76.1189647,25.7841826,0 76.1195114,25.7848569,0 76.12086,25.785112,0 76.1217165,25.7848933,0 76.1221356,25.7845835,0 76.1227553,25.7841644,0 76.1236118,25.7842919,0 76.1244683,25.7842373,0 76.1251426,25.7846018,0 76.1261996,25.7841097,0 76.128186,25.7840368,0 76.1287327,25.7841462,0 76.1292612,25.7847111,0 76.1296986,25.7852214,0 76.130792,25.7856041,0 76.1325233,25.7848569,0 76.1333434,25.7852396,0 76.1337808,25.7854947,0 76.1343275,25.7850391,0 76.1346191,25.7847658,0 76.1355303,25.7847475,0 76.1362228,25.7852214,0 76.138027,25.7849116,0 76.1416171,25.7816312,0 76.1474488,25.7747426,0 76.1508385,25.7711707,0 76.1497997,25.7696763,0 76.150966,25.769567,0 76.1498908,25.7679632,0 76.14911955832184,25.763647274010882,0 76.15925804709592,25.763647274178197,0 76.158365,25.7661955,0 76.158857,25.767945,0 76.1588388,25.7683277,0 76.15975,25.7700226,0 76.1585472,25.7705146,0 76.1593855,25.7719543,0 76.1591304,25.7743052,0 76.1565608,25.7772757,0 76.1581463,25.7789888,0 76.1587841,25.7798088,0 76.1590028,25.7807383,0 76.1590393,25.7814672,0 76.1579276,25.7814855,0 76.1577089,25.7816312,0 76.1577089,25.7822326,0 76.1581281,25.7827611,0 76.1588023,25.7830163,0 76.1598047,25.7832896,0 76.159914,25.783891,0 76.1597135,25.7842008,0 76.1590575,25.7846018,0 76.1589481,25.7850938,0 76.1591304,25.7854583,0 76.1596224,25.7858228,0 76.1605336,25.7863148,0 76.161463,25.7868069,0 76.1620644,25.7872078,0 76.1623742,25.787791,0 76.1621738,25.7884106,0 76.1619186,25.7895769,0 76.1623196,25.7903241,0 76.1632308,25.791126,0 76.1630668,25.7918185,0 76.1624654,25.7923287,0 76.1622467,25.7934404,0 76.1621009,25.7943152,0 76.1625383,25.795281,0 76.1629756,25.7958642,0 76.1636682,25.7963016,0 76.1643424,25.7970305,0 76.1637957,25.7975226,0 76.1631761,25.797723,0 76.1633948,25.7983062,0 76.1638322,25.7987254,0 76.1646522,25.7996183,0 76.1652719,25.802279,0 76.1632672,25.8054682,0 76.1619369,25.8079103,0 76.1617911,25.8086939,0 76.163085,25.8106439,0 76.1634312,25.8113546,0 76.1633037,25.8125756,0 76.1674952,25.8130312,0 76.1684975,25.8143069,0 76.1721605,25.8141793,0 76.174311,25.8144709,0 76.1777006,25.8181886,0 76.1815641,25.8230909,0 76.1833865,25.8256604,0 76.1873958,25.8320935,0 76.1883252,25.8346631,0 76.1888173,25.8346267,0 76.1879243,25.8422078,0 76.1918971,25.841898,0 76.1947765,25.8409686,0 76.2013372,25.8406224,0 76.2079889,25.8377612,0 76.2098842,25.8355196,0 76.2105585,25.8333328,0 76.2109777,25.8314739,0 76.2116702,25.831073,0 76.2138935,25.8305627,0 76.2134197,25.8301071,0 76.2131099,25.8294875,0 76.213365,25.8293417,0 76.2138206,25.8291777,0 76.21475,25.8279567,0 76.2149323,25.8277562,0 76.2138206,25.8262072,0 76.2144402,25.8225077,0 76.2154061,25.8206853,0 76.2162444,25.8166942,0 76.2167729,25.8135779,0 76.216208,25.8106439,0 76.2203266,25.8068897,0 76.2236251,25.8039374,0 76.2261401,25.8046299,0 76.2277802,25.8044295,0 76.23328978528234,25.801214431788228,0 76.23842963241809,25.80630920086297,0 76.24035348350664,25.82008958646073,0 76.24843061020017,25.826309201829122,0 76.24966861914616,25.835175752296347,0 76.2494838,25.8353165,0 76.2489045,25.8355869,0 76.2485933,25.8355965,0 76.2484002,25.8356448,0 76.2480891,25.835838,0 76.2479603,25.8360504,0 76.2475634,25.8361663,0 76.2471235,25.8360407,0 76.2470698,25.8362049,0 76.2470376,25.8365912,0 76.2466085,25.8369002,0 76.2462652,25.8369581,0 76.2460184,25.837325,0 76.2455892,25.8371126,0 76.245203,25.8370353,0 76.2450743,25.8370933,0 76.2447631,25.8374506,0 76.2446451,25.8376437,0 76.2443018,25.8372285,0 76.2440872,25.8370353,0 76.2437224,25.8370643,0 76.2435186,25.8371512,0 76.2433469,25.8372478,0 76.2432289,25.8377789,0 76.2430572,25.8386383,0 76.24295,25.8398357,0 76.2426603,25.8412454,0 76.2424672,25.8425587,0 76.2425959,25.8435918,0 76.2424135,25.8442967,0 76.2409866,25.8466334,0 76.2385189,25.8471451,0 76.2350643,25.8482265,0 76.2294853,25.8501093,0 76.226567,25.8522142,0 76.2216103,25.8557479,0 76.2187564,25.8577271,0 76.2152052,25.859938,0 76.2137139,25.8610869,0 76.2115788,25.8597835,0 76.2103665,25.8609517,0 76.2110531,25.8621102,0 76.2108707,25.8679027,0 76.2106454,25.8732025,0 76.2106776,25.8752683,0 76.2114501,25.8773631,0 76.2123084,25.8789461,0 76.2112141,25.879062,0 76.2113535,25.8797666,0 76.2114072,25.8802782,0 76.2112677,25.8809346,0 76.2109887,25.8815331,0 76.2108922,25.8825756,0 76.2108922,25.8836663,0 76.2113213,25.8844675,0 76.2130594,25.8860119,0 76.2133491,25.8863401,0 76.2138963,25.8866972,0 76.214025,25.8870447,0 76.2135637,25.8873922,0 76.2131882,25.8877493,0 76.2128878,25.8881933,0 76.2126946,25.8887435,0 76.2126517,25.8889944,0 76.2124801,25.8895156,0 76.2128019,25.8898148,0 76.2129092,25.8911372,0 76.2128019,25.8915425,0 76.2125766,25.8919962,0 76.212362,25.8924788,0 76.2123191,25.8930675,0 76.2122118,25.8936273,0 76.2120616,25.8940231,0 76.2116432,25.8946601,0 76.2109351,25.8958955,0 76.2104201,25.8965711,0 76.2104094,25.8968896,0 76.2102592,25.8973432,0 76.2101197,25.8979898,0 76.2098944,25.8980574,0 76.2094545,25.8978161,0 76.2089503,25.8978451,0 76.2087142,25.8979416,0 76.2087893,25.8982022,0 76.2090468,25.8986365,0 76.2088215,25.8989743,0 76.2083924,25.8992445,0 76.2079096,25.8995534,0 76.2076414,25.9000456,0 76.2076521,25.9004895,0 76.2074911,25.9011651,0 76.2075984,25.9017249,0 76.207695,25.902024,0 76.2076306,25.902468,0 76.2078345,25.903076,0 76.2088108,25.9041473,0 76.2091863,25.9046587,0 76.2091648,25.9051702,0 76.2089074,25.9055852,0 76.2081778,25.9061257,0 76.2081778,25.9064345,0 76.2083495,25.9071776,0 76.208049,25.9074864,0 76.2072444,25.9076601,0 76.2070513,25.9077084,0 76.2069654,25.9079303,0 76.207459,25.9084418,0 76.2078774,25.9088568,0 76.2081885,25.9093683,0 76.2083924,25.909735,0 76.2080169,25.9102464,0 76.2072337,25.910285,0 76.2070083,25.910729,0 76.2070513,25.911115,0 76.2072444,25.9118098,0 76.2080383,25.9125818,0 76.2089395,25.9157856,0 76.2102699,25.9159014,0 76.2134242,25.9161909,0 76.2179088,25.9161137,0 76.221385,25.9147241,0 76.2239599,25.9139328,0 76.2280798,25.913817,0 76.2302899,25.9139328,0 76.2331438,25.9139328,0 76.2366414,25.9141258,0 76.2391948,25.9151101,0 76.2402892,25.9167699,0 76.2409973,25.918642,0 76.2410188,25.9214597,0 76.2414694,25.9233702,0 76.24089,25.9270176,0 76.2410402,25.9288895,0 76.242392,25.9284263,0 76.2424779,25.9313982,0 76.2383365,25.9320157,0 76.2371993,25.9332314,0 76.2359547,25.933791,0 76.2373709,25.9373995,0 76.2379074,25.9417411,0 76.2385082,25.9448669,0 76.2400102,25.9479541,0 76.2412119,25.9502115,0 76.2422848,25.9548227,0 76.2429714,25.9586621,0 76.2452245,25.9592601,0 76.2455463,25.9615174,0 76.2457609,25.9642183,0 76.2462973,25.9672278,0 76.245718,25.9686746,0 76.2441516,25.9720891,0 76.2427568,25.9738638,0 76.2431001,25.9774325,0 76.2444734,25.9807503,0 76.2416196,25.9813289,0 76.2393236,25.9819655,0 76.2350321,25.9829299,0 76.236062,25.9864404,0 76.2387657,25.9929404,0 76.2392807,25.9959299,0 76.2393665,25.9998064,0 76.23986798802798,26.00177827040126,0 76.23082041523078,26.009708878945844,0 76.22844044610359,26.024265419699347,0 76.22577265467224,26.026923295130057,0 76.2259214,26.0253045,0 76.2259396,26.0222064,0 76.2254658,26.020548,0 76.2233153,26.0154453,0 76.220928,26.0140238,0 76.2183402,26.0124201,0 76.2171192,26.0114178,0 76.2155701,26.0112173,0 76.2082076,26.011764,0 76.2027951,26.0115271,0 76.1987494,26.0117276,0 76.1954144,26.0120191,0 76.1869767,26.0105248,0 76.1864299,26.0150079,0 76.180981,26.0155182,0 76.1801062,26.0106159,0 76.1789216,26.0105977,0 76.178703,26.0059323,0 76.1776095,26.0010847,0 76.1775548,25.9984605,0 76.176753,25.9976586,0 76.1766072,25.9970208,0 76.1761151,25.9957087,0 76.174311,25.9912438,0 76.1721423,25.9864509,0 76.1672036,25.9874532,0 76.1664929,25.9866696,0 76.163978,25.9872527,0 76.1612444,25.9875625,0 76.1582738,25.9875808,0 76.1544286,25.9886013,0 76.1506198,25.9901868,0 76.1470661,25.9832617,0 76.146082,25.9827149,0 76.1448428,25.9826967,0 76.1435488,25.9801636,0 76.1424919,25.980601,0 76.1378447,25.9725642,0 76.1356761,25.9641629,0 76.1295528,25.9655662,0 76.1314117,25.973366,0 76.1228646,25.9753524,0 76.1182721,25.976373,0 76.1186184,25.9782318,0 76.1177619,25.9790155,0 76.1192927,25.9820042,0 76.1158301,25.9838266,0 76.1143175,25.985321,0 76.1114746,25.9862322,0 76.1110919,25.9866696,0 76.1121307,25.988091,0 76.1124587,25.9893485,0 76.1102171,25.9925012,0 76.1072284,25.9936676,0 76.1036747,25.9966199,0 76.0999023,25.9978773,0 76.096458,25.9999002,0 76.0907174,26.0020142,0 76.0881296,25.9966928,0 76.0856694,25.9913167,0 76.0821339,25.9871069,0 76.0798377,25.9876901,0 76.0718738,25.9903326,0 76.0681744,25.991262,0 76.063017,25.9920639,0 76.0602105,25.9933213,0 76.0600829,25.9944421,0 76.0596182,25.9951073,0 76.0591808,25.9956904,0 76.059117,25.9959547,0 76.0594451,25.9962736,0 76.059928,25.9963556,0 76.0601649,25.9962463,0 76.0605294,25.9955173,0 76.0608756,25.9951802,0 76.0613039,25.9949524,0 76.061796,25.9949615,0 76.0619964,25.9951255,0 76.0622242,25.9956266,0 76.0623062,25.9960549,0 76.0622971,25.9965196,0 76.0623518,25.9973124,0 76.0627163,25.9977589,0 76.0633814,25.9976495,0 76.0635728,25.9972395,0 76.0637186,25.9967019,0 76.0637733,25.9962371,0 76.0639008,25.9956813,0 76.0643018,25.9955264,0 76.0647574,25.9956175,0 76.0650763,25.9957087,0 76.0653041,25.9959182,0 76.0653952,25.9962007,0 76.065459,25.9966199,0 76.0652767,25.9970481,0 76.0651218,25.9974126,0 76.0650672,25.997768,0 76.0650216,25.9980231,0 76.0653041,25.998014,0 76.065541,25.9978955,0 76.0658872,25.9977953,0 76.0662335,25.9977589,0 76.0669534,25.9979138,0 76.0672085,25.9979958,0 76.0670262,25.9984423,0 76.0669898,25.9986336,0 76.0665524,25.9991712,0 76.0667347,25.9996997,0 76.067172,26.000046,0 76.0677096,26.0002829,0 76.0680195,26.000456,0 76.0681744,26.00062,0 76.0683475,26.0010847,0 76.0682746,26.0012579,0 76.0679921,26.0012396,0 76.0675274,26.0011394,0 76.0666162,26.0008205,0 76.0660513,26.0007476,0 76.0657597,26.0007749,0 76.0656412,26.0008752,0 76.0655045,26.0012852,0 76.0656959,26.0016588,0 76.0657688,26.0019777,0 76.0656048,26.0022328,0 76.0652676,26.0021053,0 76.0650125,26.001595,0 76.0646936,26.0014037,0 76.0643564,26.001431,0 76.0640831,26.0018228,0 76.0641104,26.0021873,0 76.0643838,26.0024698,0 76.0650216,26.0031258,0 76.0647482,26.0032898,0 76.0641377,26.003062,0 76.0639099,26.0027796,0 76.0636366,26.0023513,0 76.0632174,26.0019868,0 76.0628712,26.001677,0 76.0624156,26.0016952,0 76.0622242,26.0022511,0 76.0623518,26.0029618,0 76.0624976,26.0033718,0 76.062616,26.0039095,0 76.062616,26.0042648,0 76.0626616,26.0047569,0 76.0628621,26.0050029,0 76.0630716,26.0050667,0 76.0637004,26.0050211,0 76.0637733,26.0045291,0 76.0639008,26.0041737,0 76.064156,26.0041555,0 76.0645113,26.0042284,0 76.0648394,26.0045017,0 76.0650034,26.0046384,0 76.0653223,26.0048115,0 76.065541,26.004766,0 76.0658417,26.0045746,0 76.0662517,26.0043833,0 76.0664886,26.0043195,0 76.0669534,26.0042466,0 76.0671265,26.0042375,0 76.0673816,26.0044744,0 76.0675456,26.0048024,0 76.067491,26.0051214,0 76.0669898,26.0055496,0 76.0663611,26.0061237,0 76.0654043,26.0071989,0 76.0652676,26.0075816,0 76.0651674,26.007855,0 76.0653952,26.0080007,0 76.0659419,26.0078823,0 76.0664431,26.0076909,0 76.0669442,26.0075269,0 76.0681015,26.0072536,0 76.0684842,26.0071078,0 76.06904,26.0070349,0 76.0692769,26.0073629,0 76.0693407,26.0078641,0 76.069368,26.0084017,0 76.0692131,26.0088573,0 76.0688486,26.0091944,0 76.0684842,26.009322,0 76.0677279,26.0094678,0 76.0670991,26.0096682,0 76.066844,26.0100327,0 76.0669625,26.0103881,0 76.0676368,26.0106341,0 76.0682655,26.0105612,0 76.0689307,26.0106159,0 76.0696778,26.0108801,0 76.0700788,26.0114542,0 76.0700788,26.0119098,0 76.0699056,26.0123016,0 76.0695776,26.012493,0 76.0692131,26.0126752,0 76.0689489,26.0128939,0 76.0686846,26.0132401,0 76.0687029,26.0134862,0 76.0689033,26.013632,0 76.0694045,26.0139873,0 76.070343,26.0142971,0 76.0716187,26.0144156,0 76.0719103,26.0145978,0 76.0723841,26.0154999,0 76.0724388,26.0156002,0 76.0752362,26.0148803,0 76.0770495,26.0166936,0 76.0775688,26.0177415,0 76.0793275,26.0184887,0 76.0803662,26.0189625,0 76.0806669,26.019573,0 76.0806031,26.0201744,0 76.0804573,26.0207576,0 76.0799015,26.0219239,0 76.0799744,26.0226711,0 76.0798651,26.023236,0 76.0797648,26.0236005,0 76.0797557,26.0239741,0 76.0800109,26.0240743,0 76.0804118,26.0239012,0 76.0809585,26.0235549,0 76.081569,26.0234183,0 76.0819244,26.0234091,0 76.0823071,26.0234091,0 76.0828811,26.0237645,0 76.0831545,26.0243568,0 76.0830998,26.0247759,0 76.082708,26.0249126,0 76.0820064,26.0251495,0 76.0810496,26.0257692,0 76.0807125,26.0264708,0 76.0803662,26.0270813,0 76.080512,26.0282385,0 76.0810223,26.0287488,0 76.0814779,26.0289219,0 76.0820155,26.0288217,0 76.0823891,26.0284116,0 76.0827809,26.0282112,0 76.0830907,26.0281109,0 76.0834279,26.0282203,0 76.083601,26.0284663,0 76.0837832,26.0288581,0 76.0840657,26.0293319,0 76.0843937,26.0299151,0 76.0846762,26.030152,0 76.0852138,26.0303707,0 76.0861797,26.0300062,0 76.0866991,26.029988,0 76.086936,26.0301429,0 76.087182,26.0305985,0 76.0873005,26.0312819,0 76.0871911,26.0318924,0 76.0870453,26.0324574,0 76.0869998,26.0329859,0 76.0873187,26.033241,0 76.0882754,26.0332501,0 76.0890591,26.0335417,0 76.0897698,26.0337695,0 76.0898792,26.0345531,0 76.0891775,26.0349996,0 76.0873278,26.0356192,0 76.0864895,26.0357195,0 76.086125,26.0360566,0 76.0857241,26.0365122,0 76.0857879,26.037068,0 76.0859245,26.0373505,0 76.0867537,26.0373414,0 76.0872731,26.0372321,0 76.0883939,26.0369131,0 76.0888313,26.0367309,0 76.0892413,26.03674,0 76.0897698,26.0372321,0 76.0899976,26.0381615,0 76.0902072,26.0388996,0 76.0903074,26.0393552,0 76.0903165,26.0409133,0 76.0902436,26.0416878,0 76.0899612,26.0424168,0 76.089378,26.043164,0 76.0890773,26.0439476,0 76.0890682,26.0444852,0 76.0893324,26.0449773,0 76.08987,26.0452233,0 76.0909453,26.0451504,0 76.0920387,26.0446948,0 76.0922392,26.0442483,0 76.092467,26.0437654,0 76.0929499,26.0436925,0 76.0935877,26.0437198,0 76.0939978,26.0438656,0 76.0945901,26.0436925,0 76.0949545,26.0435011,0 76.096048,26.0430182,0 76.0970139,26.043164,0 76.0980071,26.0430546,0 76.0987725,26.0430728,0 76.0998021,26.0430637,0 76.1002304,26.0428906,0 76.1010322,26.0428633,0 76.10126,26.0431275,0 76.1010505,26.0433827,0 76.1005766,26.04382,0 76.1001757,26.0440843,0 76.0999844,26.0443941,0 76.1003033,26.0450593,0 76.1009594,26.0450957,0 76.101415,26.0449408,0 76.1018888,26.0448588,0 76.1023353,26.0450137,0 76.1026633,26.0454237,0 76.1029913,26.0461345,0 76.1031553,26.0466903,0 76.1032374,26.0472644,0 76.1038296,26.0480845,0 76.104431,26.0483305,0 76.105971,26.048048,0 76.1064812,26.0478658,0 76.1068822,26.0477655,0 76.1072466,26.0479478,0 76.1073651,26.0482849,0 76.1073104,26.0488134,0 76.1074562,26.0496699,0 76.1074289,26.0501438,0 76.1070917,26.0507087,0 76.1067364,26.0511005,0 76.1065177,26.051465,0 76.106463,26.052522,0 76.1062625,26.0538888,0 76.1064721,26.0554014,0 76.1064174,26.0577796,0 76.1057796,26.0587546,0 76.1053604,26.0593742,0 76.1051964,26.0599392,0 76.10516,26.0602945,0 76.105242,26.0609506,0 76.1043399,26.0605314,0 76.1039481,26.0605861,0 76.103292,26.0606317,0 76.1022715,26.0607957,0 76.1016428,26.0608504,0 76.1009594,26.0614244,0 76.1005311,26.0614426,0 76.1003397,26.0611693,0 76.1001484,26.0608321,0 76.0997657,26.0606408,0 76.0988818,26.060659,0 76.0985264,26.0613151,0 76.0981529,26.0615064,0 76.0979251,26.0613151,0 76.0977701,26.0610873,0 76.0975788,26.0608504,0 76.0971688,26.0605588,0 76.0966311,26.0602672,0 76.0959204,26.0602399,0 76.0950274,26.0601579,0 76.0941345,26.0600667,0 76.0934693,26.0600212,0 76.0929135,26.0599938,0 76.0909544,26.0599483,0 76.0900978,26.0597478,0 76.0898518,26.0592193,0 76.0893871,26.0588002,0 76.0891593,26.0585815,0 76.088403,26.0584357,0 76.0880385,26.0584539,0 76.0871638,26.0586908,0 76.0861615,26.0590097,0 76.0855692,26.0597387,0 76.0852503,26.0601123,0 76.0850862,26.0603583,0 76.0843208,26.0608048,0 76.0837012,26.0610417,0 76.0832456,26.0614335,0 76.0831818,26.062281,0 76.0832092,26.0630919,0 76.0835554,26.0660533,0 76.083036,26.066354,0 76.0833185,26.0677299,0 76.0792728,26.0687323,0 76.0803844,26.0740354,0 76.0814961,26.0760765,0 76.0812592,26.0800858,0 76.0816054,26.0820358,0 76.0829176,26.0860633,0 76.0822068,26.0872661,0 76.0831909,26.0899815,0 76.0819153,26.0907651,0 76.0857605,26.0972893,0 76.0881661,26.1018271,0 76.0881114,26.1032485,0 76.0880203,26.1044149,0 76.0869086,26.1045242,0 76.085232,26.1045607,0 76.0839563,26.104834,0 76.0823709,26.1051074,0 76.081569,26.1057817,0 76.0803298,26.1063648,0 76.0800382,26.1076952,0 76.0781793,26.1082055,0 76.0782522,26.109554,0 76.07929694870415,26.112081590988304,0 76.07400930479952,26.116927396845973,0 76.05688108105376,26.117025397081907,0 76.0559643,26.1147661,0 76.0555269,26.1140189,0 76.0543423,26.1134175,0 76.0492032,26.1125974,0 76.0469252,26.1127797,0 76.0447018,26.1132535,0 76.0423509,26.1144745,0 76.0404921,26.1148754,0 76.0392346,26.1148572,0 76.0385968,26.1145839,0 76.0356992,26.1129802,0 76.0343688,26.1122694,0 76.0334576,26.1113218,0 76.0327104,26.1103741,0 76.0314348,26.1096452,0 76.0301408,26.1091349,0 76.0287558,26.108734,0 76.0276988,26.1086975,0 76.026332,26.1091349,0 76.0249288,26.1090802,0 76.0228148,26.1086064,0 76.0207008,26.1089526,0 76.0180948,26.1085699,0 76.0167826,26.1094265,0 76.0150331,26.1101372,0 76.013229,26.110611,0 76.0111697,26.1111031,0 76.0094384,26.1117227,0 76.0066683,26.1120507,0 76.0015656,26.1142012,0 75.9994698,26.1159324,0 75.9971918,26.116789,0 75.9948227,26.1164609,0 75.9937657,26.1166341,0 75.9941029,26.1189758,0 75.9945403,26.1217914,0 75.994686,26.1242973,0 75.99500506503199,26.1269432758225,0 75.9489781488103,26.12657094663396,0 75.94137000465302,26.11813293877684,0 75.92585044736809,26.11426534886402,0 75.92411142054233,26.090883273722557,0 75.91481138656864,26.082008662916532,0 75.91464359407476,26.000140799276114,0</coordinates></LinearRing></outerBoundaryIs></Polygon>
    </Placemark>
    <Placemark><name>Very High Fire Zone</name><styleUrl>#zone3</styleUrl>
      <Polygon><extrude>0</extrude><altitudeMode>clampToGround</altitudeMode><outerBoundaryIs><LinearRing><coordinates>76.00464657004888,25.950140790919086,0 76.01393407445917,25.940092355529018,0 76.01585989059764,25.926309204002568,0 76.02393538357127,25.9200918918192,0 76.02586087229675,25.90630920328135,0 76.10898727070655,25.824003183374966,0 76.1753081323799,25.824003183985,0 76.18852882941614,25.837075663430355,0 76.1879243,25.8422078,0 76.1918971,25.841898,0 76.19303454135326,25.841530861709483,0 76.20907504998651,25.857391539768017,0 76.20982479443875,25.878640650345343,0 76.21140606384462,25.880267375845598,0 76.2114072,25.8802782,0 76.2112677,25.8809346,0 76.2109887,25.8815331,0 76.2108922,25.8825756,0 76.2108922,25.8836663,0 76.2113213,25.8844675,0 76.2130594,25.8860119,0 76.2133491,25.8863401,0 76.2138963,25.8866972,0 76.214025,25.8870447,0 76.2135637,25.8873922,0 76.2131882,25.8877493,0 76.2128878,25.8881933,0 76.2126946,25.8887435,0 76.2126517,25.8889944,0 76.2124801,25.8895156,0 76.2128019,25.8898148,0 76.2129092,25.8911372,0 76.2128019,25.8915425,0 76.2125766,25.8919962,0 76.212362,25.8924788,0 76.2123191,25.8930675,0 76.2122118,25.8936273,0 76.2120616,25.8940231,0 76.2116432,25.8946601,0 76.2109351,25.8958955,0 76.2104201,25.8965711,0 76.2104094,25.8968896,0 76.2102592,25.8973432,0 76.2101197,25.8979898,0 76.2098944,25.8980574,0 76.2094545,25.8978161,0 76.2089503,25.8978451,0 76.2087142,25.8979416,0 76.2087893,25.8982022,0 76.2090468,25.8986365,0 76.2088215,25.8989743,0 76.2083924,25.8992445,0 76.2079096,25.8995534,0 76.2076414,25.9000456,0 76.2076521,25.9004895,0 76.2074911,25.9011651,0 76.2075984,25.9017249,0 76.207695,25.902024,0 76.2076306,25.902468,0 76.2078345,25.903076,0 76.2088108,25.9041473,0 76.2091863,25.9046587,0 76.2091648,25.9051702,0 76.2089074,25.9055852,0 76.2081778,25.9061257,0 76.2081778,25.9064345,0 76.2083495,25.9071776,0 76.208049,25.9074864,0 76.2072444,25.9076601,0 76.2070513,25.9077084,0 76.2069654,25.9079303,0 76.207459,25.9084418,0 76.2078774,25.9088568,0 76.2081885,25.9093683,0 76.2083924,25.909735,0 76.2080169,25.9102464,0 76.2072337,25.910285,0 76.2070083,25.910729,0 76.2070513,25.911115,0 76.2072444,25.9118098,0 76.2080383,25.9125818,0 76.2089395,25.9157856,0 76.2102699,25.9159014,0 76.2134242,25.9161909,0 76.2179088,25.9161137,0 76.21956372854638,25.915452147526597,0 76.21964825297522,25.94043389162246,0 76.21017500604765,25.950886530839647,0 76.20908142025547,25.973183065900038,0 76.20017692595786,25.980885836440134,0 76.19843896604057,25.994265420235134,0 76.18041728225496,26.012359176792998,0 76.1801062,26.0106159,0 76.1789216,26.0105977,0 76.178703,26.0059323,0 76.1776095,26.0010847,0 76.1775548,25.9984605,0 76.176753,25.9976586,0 76.1766072,25.9970208,0 76.1761151,25.9957087,0 76.174311,25.9912438,0 76.1721423,25.9864509,0 76.1672036,25.9874532,0 76.1664929,25.9866696,0 76.163978,25.9872527,0 76.1612444,25.9875625,0 76.1582738,25.9875808,0 76.1544286,25.9886013,0 76.1506198,25.9901868,0 76.1470661,25.9832617,0 76.146082,25.9827149,0 76.1448428,25.9826967,0 76.1435488,25.9801636,0 76.1424919,25.980601,0 76.1378447,25.9725642,0 76.1356761,25.9641629,0 76.1295528,25.9655662,0 76.1314117,25.973366,0 76.1228646,25.9753524,0 76.1182721,25.976373,0 76.1186184,25.9782318,0 76.1177619,25.9790155,0 76.1192927,25.9820042,0 76.1158301,25.9838266,0 76.1143175,25.985321,0 76.1114746,25.9862322,0 76.1110919,25.9866696,0 76.1121307,25.988091,0 76.1124587,25.9893485,0 76.1102171,25.9925012,0 76.1072284,25.9936676,0 76.1036747,25.9966199,0 76.0999023,25.9978773,0 76.096458,25.9999002,0 76.0907174,26.0020142,0 76.0881296,25.9966928,0 76.0856694,25.9913167,0 76.0821339,25.9871069,0 76.0798377,25.9876901,0 76.0718738,25.9903326,0 76.0681744,25.991262,0 76.063017,25.9920639,0 76.0602105,25.9933213,0 76.0600829,25.9944421,0 76.0596182,25.9951073,0 76.0591808,25.9956904,0 76.059117,25.9959547,0 76.0594451,25.9962736,0 76.059928,25.9963556,0 76.0601649,25.9962463,0 76.0605294,25.9955173,0 76.0608756,25.9951802,0 76.0613039,25.9949524,0 76.061796,25.9949615,0 76.0619964,25.9951255,0 76.0622242,25.9956266,0 76.0623062,25.9960549,0 76.0622971,25.9965196,0 76.0623518,25.9973124,0 76.0627163,25.9977589,0 76.0633814,25.9976495,0 76.0635728,25.9972395,0 76.0637186,25.9967019,0 76.0637733,25.9962371,0 76.0639008,25.9956813,0 76.0643018,25.9955264,0 76.0647574,25.9956175,0 76.0650763,25.9957087,0 76.0653041,25.9959182,0 76.0653952,25.9962007,0 76.065459,25.9966199,0 76.0652767,25.9970481,0 76.0651218,25.9974126,0 76.0650672,25.997768,0 76.0650216,25.9980231,0 76.0653041,25.998014,0 76.065541,25.9978955,0 76.0658872,25.9977953,0 76.0662335,25.9977589,0 76.0669534,25.9979138,0 76.0672085,25.9979958,0 76.0670262,25.9984423,0 76.0669898,25.9986336,0 76.0665524,25.9991712,0 76.0667347,25.9996997,0 76.067172,26.000046,0 76.0677096,26.0002829,0 76.0680195,26.000456,0 76.0681744,26.00062,0 76.0683475,26.0010847,0 76.0682746,26.0012579,0 76.0679921,26.0012396,0 76.0675274,26.0011394,0 76.0666162,26.0008205,0 76.0660513,26.0007476,0 76.0657597,26.0007749,0 76.0656412,26.0008752,0 76.0655045,26.0012852,0 76.0656959,26.0016588,0 76.0657688,26.0019777,0 76.0656048,26.0022328,0 76.0652676,26.0021053,0 76.0650125,26.001595,0 76.0646936,26.0014037,0 76.0643564,26.001431,0 76.0640831,26.0018228,0 76.0641104,26.0021873,0 76.0643838,26.0024698,0 76.0650216,26.0031258,0 76.0647482,26.0032898,0 76.0641377,26.003062,0 76.0639099,26.0027796,0 76.0636366,26.0023513,0 76.0632174,26.0019868,0 76.0628712,26.001677,0 76.0624156,26.0016952,0 76.0622242,26.0022511,0 76.0623518,26.0029618,0 76.0624976,26.0033718,0 76.062616,26.0039095,0 76.062616,26.0042648,0 76.0626616,26.0047569,0 76.0628621,26.0050029,0 76.0630716,26.0050667,0 76.0637004,26.0050211,0 76.0637733,26.0045291,0 76.0639008,26.0041737,0 76.064156,26.0041555,0 76.0645113,26.0042284,0 76.0648394,26.0045017,0 76.0650034,26.0046384,0 76.0653223,26.0048115,0 76.065541,26.004766,0 76.0658417,26.0045746,0 76.0662517,26.0043833,0 76.0664886,26.0043195,0 76.0669534,26.0042466,0 76.0671265,26.0042375,0 76.0673816,26.0044744,0 76.0675456,26.0048024,0 76.067491,26.0051214,0 76.0669898,26.0055496,0 76.0663611,26.0061237,0 76.0654043,26.0071989,0 76.0652676,26.0075816,0 76.0651674,26.007855,0 76.0653952,26.0080007,0 76.0659419,26.0078823,0 76.0664431,26.0076909,0 76.0669442,26.0075269,0 76.0681015,26.0072536,0 76.0684842,26.0071078,0 76.06904,26.0070349,0 76.0692769,26.0073629,0 76.0693407,26.0078641,0 76.069368,26.0084017,0 76.0692131,26.0088573,0 76.0688486,26.0091944,0 76.0684842,26.009322,0 76.0677279,26.0094678,0 76.0670991,26.0096682,0 76.066844,26.0100327,0 76.0669625,26.0103881,0 76.0676368,26.0106341,0 76.0682655,26.0105612,0 76.0689307,26.0106159,0 76.0696778,26.0108801,0 76.0700788,26.0114542,0 76.0700788,26.0119098,0 76.0699056,26.0123016,0 76.0695776,26.012493,0 76.0692131,26.0126752,0 76.0689489,26.0128939,0 76.0686846,26.0132401,0 76.0687029,26.0134862,0 76.0689033,26.013632,0 76.0694045,26.0139873,0 76.070343,26.0142971,0 76.0716187,26.0144156,0 76.0719103,26.0145978,0 76.0723841,26.0154999,0 76.0724388,26.0156002,0 76.0752362,26.0148803,0 76.0770495,26.0166936,0 76.0775688,26.0177415,0 76.0793275,26.0184887,0 76.0803662,26.0189625,0 76.0806669,26.019573,0 76.0806031,26.0201744,0 76.0804573,26.0207576,0 76.0799015,26.0219239,0 76.0799744,26.0226711,0 76.0798651,26.023236,0 76.0797648,26.0236005,0 76.0797557,26.0239741,0 76.0800109,26.0240743,0 76.0804118,26.0239012,0 76.0809585,26.0235549,0 76.081569,26.0234183,0 76.0819244,26.0234091,0 76.0823071,26.0234091,0 76.0828811,26.0237645,0 76.0831545,26.0243568,0 76.0830998,26.0247759,0 76.082708,26.0249126,0 76.0820064,26.0251495,0 76.0810496,26.0257692,0 76.0807125,26.0264708,0 76.0803662,26.0270813,0 76.080512,26.0282385,0 76.0810223,26.0287488,0 76.0814779,26.0289219,0 76.0820155,26.0288217,0 76.0823891,26.0284116,0 76.0827809,26.0282112,0 76.0830907,26.0281109,0 76.0834279,26.0282203,0 76.083601,26.0284663,0 76.0837832,26.0288581,0 76.0840657,26.0293319,0 76.0843937,26.0299151,0 76.0846762,26.030152,0 76.0852138,26.0303707,0 76.0861797,26.0300062,0 76.0866991,26.029988,0 76.086936,26.0301429,0 76.087182,26.0305985,0 76.0873005,26.0312819,0 76.0871911,26.0318924,0 76.0870453,26.0324574,0 76.0869998,26.0329859,0 76.0873187,26.033241,0 76.0882754,26.0332501,0 76.0890591,26.0335417,0 76.0897698,26.0337695,0 76.0898792,26.0345531,0 76.0891775,26.0349996,0 76.0873278,26.0356192,0 76.0864895,26.0357195,0 76.086125,26.0360566,0 76.0857241,26.0365122,0 76.0857879,26.037068,0 76.0859245,26.0373505,0 76.0867537,26.0373414,0 76.0872731,26.0372321,0 76.0883939,26.0369131,0 76.0888313,26.0367309,0 76.0892413,26.03674,0 76.0897698,26.0372321,0 76.0899976,26.0381615,0 76.0902072,26.0388996,0 76.0903074,26.0393552,0 76.0903165,26.0409133,0 76.0902436,26.0416878,0 76.0899612,26.0424168,0 76.089378,26.043164,0 76.0890773,26.0439476,0 76.0890682,26.0444852,0 76.0893324,26.0449773,0 76.08987,26.0452233,0 76.0909453,26.0451504,0 76.0920387,26.0446948,0 76.0922392,26.0442483,0 76.092467,26.0437654,0 76.0929499,26.0436925,0 76.0935877,26.0437198,0 76.0939978,26.0438656,0 76.0945901,26.0436925,0 76.0949545,26.0435011,0 76.096048,26.0430182,0 76.0970139,26.043164,0 76.0980071,26.0430546,0 76.0987725,26.0430728,0 76.0998021,26.0430637,0 76.1002304,26.0428906,0 76.1010322,26.0428633,0 76.10126,26.0431275,0 76.1010505,26.0433827,0 76.1005766,26.04382,0 76.1001757,26.0440843,0 76.0999844,26.0443941,0 76.1003033,26.0450593,0 76.1009594,26.0450957,0 76.101415,26.0449408,0 76.1018888,26.0448588,0 76.1023353,26.0450137,0 76.1026633,26.0454237,0 76.1029913,26.0461345,0 76.1031371367493,26.046628744300367,0 76.04028665201297,26.046927352871588,0 76.03137703789733,26.038132956277252,0 76.01672077242118,26.03521404296381,0 76.01411591223807,26.02088490785931,0 76.00481546408118,26.012008660417447,0 76.00464657004888,25.950140790919086,0</coordinates></LinearRing></outerBoundaryIs></Polygon>
    </Placemark>
  </Folder>
  <Folder><name>District Boundary</name>
    <Placemark><name>Tonk District</name><styleUrl>#boundary</styleUrl>
      <Polygon><extrude>0</extrude><altitudeMode>clampToGround</altitudeMode><outerBoundaryIs><LinearRing><coordinates>75.1121477,26.2880994,0 75.1129895,26.2838367,0 75.113361,26.2822159,0 75.1126181,26.2801288,0 75.1124696,26.2771758,0 75.1138067,26.27611,0 75.1152182,26.2743115,0 75.1167535,26.2713139,0 75.1173478,26.2664732,0 75.1166544,26.2620542,0 75.1163325,26.2593227,0 75.116803,26.2570132,0 75.1175954,26.2550811,0 75.1193288,26.2539485,0 75.1259651,26.2512613,0 75.1312642,26.2493736,0 75.1351024,26.2477968,0 75.1387673,26.2459312,0 75.1401539,26.2451316,0 75.1401044,26.2412227,0 75.1399559,26.238513,0 75.1402035,26.2340929,0 75.1419368,26.2309166,0 75.1423826,26.2293395,0 75.1417635,26.2283621,0 75.1417883,26.2274292,0 75.143274,26.2263629,0 75.1454036,26.2252745,0 75.1513713,26.2230976,0 75.1531295,26.2213649,0 75.1524113,26.2183437,0 75.15412,26.2115013,0 75.1557047,26.2036588,0 75.1577105,26.1989708,0 75.15828,26.1953047,0 75.1583543,26.1913718,0 75.1583543,26.1896831,0 75.1600629,26.1886387,0 75.1610287,26.1876388,0 75.160781,26.1865722,0 75.1596667,26.1857945,0 75.1582058,26.1843279,0 75.1578343,26.1837057,0 75.1578096,26.1827502,0 75.1586267,26.1815057,0 75.1597658,26.1797724,0 75.1659812,26.1759946,0 75.1674917,26.1743501,0 75.1681602,26.1734834,0 75.1703393,26.1726833,0 75.17182,26.1716896,0 75.1801192,26.1703608,0 75.1830482,26.1692084,0 75.1829624,26.1687077,0 75.1834988,26.1673211,0 75.1836383,26.1665796,0 75.181278,26.1639123,0 75.1818252,26.1635175,0 75.1848507,26.1620152,0 75.1860738,26.1612256,0 75.1872003,26.1598485,0 75.1860523,26.1571233,0 75.1862991,26.1565743,0 75.1855802,26.1523466,0 75.1861918,26.1515473,0 75.1862562,26.1492937,0 75.1864922,26.1465971,0 75.1862991,26.1449598,0 75.1856446,26.1425328,0 75.1847327,26.138815,0 75.1841962,26.1364842,0 75.1839173,26.1326796,0 75.1838713,26.1281619,0 75.1823938,26.1279405,0 75.1822007,26.1252048,0 75.182147,26.1226328,0 75.1817179,26.1220067,0 75.18175,26.1191649,0 75.1818144,26.1169589,0 75.1841426,26.114801,0 75.1864064,26.1118627,0 75.1874578,26.1107356,0 75.1887667,26.1103984,0 75.1898181,26.1104177,0 75.1909232,26.1104177,0 75.1932835,26.1100227,0 75.1968455,26.1092616,0 75.1985943,26.1090689,0 75.2008903,26.1089051,0 75.2032184,26.1084909,0 75.2060401,26.1075178,0 75.2079713,26.1070746,0 75.2121448,26.1068434,0 75.2124774,26.1073733,0 75.214988,26.1075467,0 75.2171123,26.1078165,0 75.2176487,26.1055331,0 75.2184212,26.1035099,0 75.2190757,26.1036544,0 75.2215004,26.1003498,0 75.2230453,26.0983939,0 75.2261674,26.0958984,0 75.2274763,26.0949349,0 75.2300405,26.0929789,0 75.2322292,26.0911386,0 75.2347505,26.0907917,0 75.2365959,26.0903677,0 75.2386773,26.0898763,0 75.2393532,26.0895487,0 75.239439,26.0882864,0 75.2406299,26.0879395,0 75.2407694,26.0867351,0 75.2414882,26.0863978,0 75.2414882,26.0851355,0 75.2422821,26.0849331,0 75.2437305,26.0842875,0 75.2425611,26.0796236,0 75.2433443,26.0796621,0 75.2443313,26.0798452,0 75.2450287,26.0802788,0 75.2460694,26.0815605,0 75.2471316,26.0814737,0 75.2484083,26.0832661,0 75.2499747,26.0848464,0 75.2519917,26.0868025,0 75.2533972,26.0879684,0 75.2558219,26.089356,0 75.2560043,26.0913602,0 75.2566159,26.0912446,0 75.2567232,26.0921888,0 75.2578497,26.0929404,0 75.2582359,26.0973726,0 75.2592981,26.0971895,0 75.2597916,26.098365,0 75.2610254,26.0985673,0 75.2611649,26.0992707,0 75.2619588,26.0994248,0 75.2622592,26.1011591,0 75.261873,26.101583,0 75.2621627,26.1037508,0 75.2619803,26.1044541,0 75.2625382,26.1062365,0 75.2632034,26.1066218,0 75.2638256,26.108433,0 75.2643621,26.1088088,0 75.2648556,26.109329,0 75.2658319,26.1101286,0 75.2672481,26.1104562,0 75.2677631,26.1124889,0 75.2683103,26.1128165,0 75.268718,26.1130959,0 75.2690077,26.113722,0 75.2689648,26.1143193,0 75.2687502,26.1152827,0 75.2695334,26.117797,0 75.2702737,26.1211205,0 75.2704668,26.1243186,0 75.2710354,26.1256961,0 75.2716899,26.1272662,0 75.2719474,26.1282198,0 75.2718401,26.1287689,0 75.271765,26.1292986,0 75.271486,26.1296936,0 75.2712607,26.1300211,0 75.2712285,26.1304834,0 75.271486,26.1308783,0 75.2719581,26.1308783,0 75.2724302,26.1308302,0 75.272752,26.1311866,0 75.2726662,26.1316682,0 75.2728379,26.1321787,0 75.2730524,26.1327373,0 75.2729022,26.1334116,0 75.2729022,26.1339606,0 75.272795,26.1346252,0 75.2760458,26.1359929,0 75.2784276,26.1369561,0 75.2852189,26.1394892,0 75.2862918,26.140019,0 75.2868605,26.1409821,0 75.2876115,26.1413096,0 75.290122,26.1443242,0 75.2902937,26.1452488,0 75.292933,26.1454607,0 75.2930188,26.1461541,0 75.2935123,26.1466934,0 75.2946281,26.1469631,0 75.2989411,26.1474061,0 75.3024387,26.1471557,0 75.3061509,26.1462504,0 75.3131246,26.1440545,0 75.3212786,26.1409532,0 75.328896,26.1383142,0 75.3289604,26.1371777,0 75.3318357,26.1356173,0 75.3328228,26.1343652,0 75.3338957,26.1313792,0 75.3363204,26.1319186,0 75.3337669,26.1278538,0 75.3344321,26.1268713,0 75.3322649,26.1230182,0 75.330956,26.1206677,0 75.3300547,26.1184328,0 75.3300333,26.1148107,0 75.3286814,26.1102443,0 75.3287887,26.1068916,0 75.3293466,26.1068723,0 75.3298616,26.1066411,0 75.3297758,26.1061209,0 75.329175,26.105196,0 75.3280377,26.1045215,0 75.3269005,26.1012265,0 75.3236818,26.0996079,0 75.3224372,26.0966403,0 75.3153133,26.0945977,0 75.3125238,26.0910904,0 75.3121805,26.088431,0 75.3090906,26.0865038,0 75.3055286,26.0822254,0 75.3036403,26.0776384,0 75.3036403,26.0727622,0 75.3037691,26.0699096,0 75.304048,26.0673653,0 75.305593,26.0647246,0 75.305829,26.0630477,0 75.3141117,26.0612357,0 75.3138757,26.0594431,0 75.3174162,26.0583443,0 75.317266,26.0573227,0 75.3222871,26.0558191,0 75.3232741,26.0569371,0 75.3286814,26.0559347,0 75.328424,26.0540649,0 75.3301835,26.0538914,0 75.3288317,26.050807,0 75.3336596,26.0484551,0 75.3336811,26.0475104,0 75.3353548,26.0463923,0 75.3346038,26.0453705,0 75.3353333,26.0450235,0 75.336256,26.0439439,0 75.3375649,26.0428643,0 75.3373074,26.0420353,0 75.3382301,26.0415919,0 75.338552,26.0423052,0 75.3402042,26.0408593,0 75.3398394,26.0401267,0 75.3414702,26.0391627,0 75.3412771,26.0384108,0 75.342865,26.0371576,0 75.3409123,26.0357501,0 75.3440451,26.033745,0 75.344131,26.0313542,0 75.3449464,26.0295225,0 75.3452897,26.0279221,0 75.345633,26.0261675,0 75.3450537,26.0253384,0 75.3457188,26.0236223,0 75.3467273,26.0232174,0 75.34868,26.0229281,0 75.3507399,26.0212313,0 75.3519416,26.0199201,0 75.3521132,26.0186088,0 75.3523474,26.0174255,0 75.3521347,26.0160442,0 75.3505858,26.011764,0 75.3492008,26.0117822,0 75.3476335,26.0080645,0 75.3458658,26.0025427,0 75.3400159,26.0031258,0 75.3378655,26.0033445,0 75.3328174,26.0033081,0 75.32961,26.0028525,0 75.3272955,26.0016315,0 75.3260563,26.0006656,0 75.3252727,25.9999366,0 75.3241246,25.9980049,0 75.3219924,25.9972942,0 75.3204433,25.9973488,0 75.3162518,25.9972213,0 75.3144841,25.9959091,0 75.3140467,25.995089,0 75.3131719,25.9952713,0 75.312279,25.9940503,0 75.3109122,25.9933395,0 75.3075043,25.9919545,0 75.3051169,25.9896947,0 75.3037501,25.9883279,0 75.3025838,25.9862504,0 75.3007614,25.9823869,0 75.2986474,25.9791977,0 75.2981007,25.9782136,0 75.2990666,25.977922,0 75.2992306,25.9783776,0 75.3017273,25.9775575,0 75.3019824,25.9727829,0 75.3025109,25.9714525,0 75.305445,25.9696119,0 75.3052809,25.9691745,0 75.3074132,25.9678988,0 75.3077959,25.9664591,0 75.3079416,25.9647278,0 75.3072309,25.9620854,0 75.3069393,25.9594976,0 75.3026567,25.9512239,0 75.3019277,25.9495108,0 75.3011623,25.9475608,0 75.299996,25.9450824,0 75.2976998,25.9459024,0 75.2963512,25.9452282,0 75.2938181,25.9465312,0 75.2919956,25.9474515,0 75.2894534,25.9482078,0 75.2873394,25.9490643,0 75.2854441,25.9466132,0 75.2838951,25.9475699,0 75.2832026,25.9471052,0 75.2821729,25.9476064,0 75.2801774,25.9484811,0 75.2798129,25.9481075,0 75.2783185,25.948955,0 75.2775805,25.9486725,0 75.270464,25.9507227,0 75.2701815,25.9479253,0 75.26558,25.9484356,0 75.2642769,25.9458478,0 75.2630013,25.9456929,0 75.2620536,25.9447179,0 75.2606139,25.943506,0 75.2592927,25.9428681,0 75.2578256,25.9420116,0 75.2561035,25.9412098,0 75.2542902,25.9393782,0 75.252978,25.9401345,0 75.2523129,25.9398521,0 75.2506454,25.9405355,0 75.2497797,25.9389864,0 75.248577,25.93895,0 75.2485861,25.9383486,0 75.2473468,25.9381755,0 75.2483127,25.9349134,0 75.2484767,25.9329816,0 75.2483127,25.9309588,0 75.2469094,25.9266943,0 75.2463263,25.9227397,0 75.2459071,25.9194776,0 75.2453604,25.9173272,0 75.2444674,25.9147212,0 75.2443763,25.9089806,0 75.2445221,25.9042059,0 75.2441394,25.90242,0 75.2439572,25.9014541,0 75.2437385,25.9001602,0 75.2447408,25.8991579,0 75.2453057,25.8983196,0 75.2458525,25.8979551,0 75.2476749,25.8955677,0 75.2498253,25.893472,0 75.2520486,25.8920687,0 75.2527229,25.8913033,0 75.2552196,25.8895356,0 75.2588462,25.8874581,0 75.2614158,25.8867838,0 75.2652063,25.8854534,0 75.2650423,25.881517,0 75.2646961,25.8765601,0 75.2647507,25.8755213,0 75.2647507,25.8746101,0 75.2643863,25.8721317,0 75.2645321,25.8692887,0 75.2638213,25.8641131,0 75.263548,25.8618715,0 75.2634204,25.8602861,0 75.2636755,25.8583361,0 75.2636026,25.8547642,0 75.2661175,25.8537254,0 75.2673932,25.8540899,0 75.2676848,25.8544179,0 75.2688329,25.85491,0 75.269981,25.8554385,0 75.2712749,25.8562403,0 75.2719128,25.8568235,0 75.2728969,25.8581539,0 75.2736987,25.8590833,0 75.2786192,25.8604136,0 75.2809883,25.8606505,0 75.2822458,25.8601949,0 75.2834304,25.8596118,0 75.2843233,25.8591744,0 75.2853074,25.8589739,0 75.286328,25.8587006,0 75.2865102,25.8581539,0 75.2870023,25.8572244,0 75.2882779,25.8566413,0 75.2898088,25.856295,0 75.292105,25.8563861,0 75.2931073,25.8563679,0 75.2941096,25.8557483,0 75.2949115,25.855074,0 75.295932,25.8544726,0 75.2972442,25.8540352,0 75.2985198,25.8543633,0 75.2987385,25.8545819,0 75.2994675,25.8553291,0 75.3000871,25.8558576,0 75.3010712,25.8565319,0 75.3014903,25.8570786,0 75.3020188,25.8578987,0 75.3030394,25.8588281,0 75.3041693,25.8594295,0 75.3046796,25.8595024,0 75.305445,25.8594113,0 75.3062104,25.8589193,0 75.3070122,25.8580081,0 75.3087982,25.8577529,0 75.3098369,25.8576618,0 75.3114771,25.8574431,0 75.3125523,25.8572244,0 75.313336,25.8563679,0 75.3148303,25.8554385,0 75.3157597,25.8543815,0 75.3165434,25.8531969,0 75.3181471,25.8516114,0 75.3186391,25.8507549,0 75.3189854,25.8492788,0 75.3193863,25.8487685,0 75.3200606,25.8481489,0 75.3206073,25.8469461,0 75.3209354,25.8454882,0 75.3211541,25.8439756,0 75.3212634,25.8435564,0 75.3219741,25.8432831,0 75.3232134,25.842627,0 75.3238512,25.8418616,0 75.3245255,25.8404401,0 75.3252727,25.8396383,0 75.3265119,25.8393649,0 75.3276418,25.8391644,0 75.3285894,25.8386906,0 75.329774,25.8371962,0 75.3308674,25.8359935,0 75.3317786,25.8349182,0 75.3324347,25.8342804,0 75.3338744,25.8340253,0 75.3393052,25.8331687,0 75.3416743,25.832786,0 75.343114,25.832622,0 75.3447541,25.833187,0 75.3467041,25.833187,0 75.3479251,25.833187,0 75.348891,25.8325491,0 75.3498751,25.8312917,0 75.3476882,25.8304169,0 75.3454649,25.8293599,0 75.3438429,25.828959,0 75.34295,25.8285763,0 75.3420388,25.8281207,0 75.3413645,25.8273553,0 75.3402164,25.8258427,0 75.3393234,25.8245306,0 75.3381935,25.8231638,0 75.3365169,25.821961,0 75.3356968,25.8203573,0 75.3356604,25.818954,0 75.3354235,25.8178241,0 75.3351865,25.8163662,0 75.3348585,25.8141429,0 75.3349132,25.8114093,0 75.3356421,25.8097327,0 75.3364987,25.8081836,0 75.3364987,25.8071995,0 75.3360248,25.806507,0 75.3362435,25.8058327,0 75.3370818,25.8051767,0 75.3371183,25.8039192,0 75.3370454,25.8016777,0 75.3359702,25.7999281,0 75.3344029,25.7959735,0 75.3325258,25.7912535,0 75.3318333,25.7899414,0 75.329774,25.7885928,0 75.3284254,25.786734,0 75.3262386,25.7837088,0 75.3255825,25.78267,0 75.3250722,25.7813579,0 75.3249993,25.7795173,0 75.3245802,25.7780776,0 75.3233774,25.7755262,0 75.3223204,25.7735033,0 75.3211723,25.7715534,0 75.3191312,25.7696763,0 75.3180158,25.7683266,0 75.3177279,25.7664689,0 75.3205765,25.7643918,0 75.3224836,25.7637302,0 75.3244049,25.7620127,0 75.3256198,25.761033,0 75.3273432,25.760117,0 75.3303098,25.7592773,0 75.332217,25.7588447,0 75.3331776,25.7589974,0 75.3340393,25.7593409,0 75.3355226,25.7606005,0 75.3368223,25.7617201,0 75.3389978,25.7620763,0 75.3419644,25.7616692,0 75.344931,25.760575,0 75.3479824,25.7593791,0 75.350723,25.7587938,0 75.3535766,25.7581577,0 75.3559781,25.7581322,0 75.3579841,25.7587938,0 75.3597924,25.7595317,0 75.3616571,25.760117,0 75.3649062,25.759888,0 75.3683249,25.7597099,0 75.3702462,25.7596844,0 75.371009,25.7587938,0 75.371235,25.7575215,0 75.3727042,25.7566563,0 75.3751623,25.7557148,0 75.3777333,25.7542389,0 75.379146,25.7528902,0 75.379372,25.7514651,0 75.3815758,25.7502182,0 75.3832428,25.7496838,0 75.3851923,25.7495311,0 75.3867462,25.7508544,0 75.3875373,25.752763,0 75.3879046,25.7543152,0 75.3889217,25.7572161,0 75.3912668,25.7607277,0 75.3923686,25.7634758,0 75.3904192,25.7649516,0 75.3899953,25.7657913,0 75.391182,25.7681321,0 75.3934705,25.7705238,0 75.3968327,25.7742894,0 75.3981324,25.7748491,0 75.3997993,25.7746456,0 75.4021444,25.7728392,0 75.4059303,25.7704729,0 75.4089252,25.7695315,0 75.4125416,25.7678522,0 75.4156495,25.7660711,0 75.4188987,25.7622544,0 75.4212155,25.7578014,0 75.4225151,25.7551041,0 75.4227129,25.7518977,0 75.4234475,25.7498365,0 75.4248037,25.7480806,0 75.4271204,25.7462737,0 75.4282788,25.7455612,0 75.431641,25.744645,0 75.4328277,25.744874,0 75.4338165,25.7458411,0 75.4343816,25.7470372,0 75.4352292,25.7475461,0 75.4365854,25.747139,0 75.437998,25.7463501,0 75.4389022,25.745154,0 75.4400605,25.7433725,0 75.44201,25.7411584,0 75.4442138,25.7395296,0 75.4454852,25.7383589,0 75.4486779,25.7354321,0 75.4539613,25.7298582,0 75.4579733,25.7253785,0 75.460841,25.7207587,0 75.4658026,25.7245504,0 75.468969,25.7261574,0 75.4739259,25.7309138,0 75.4732152,25.7371829,0 75.4813066,25.7333194,0 75.4855711,25.7329185,0 75.4901453,25.7356156,0 75.4940088,25.7372376,0 75.5012072,25.7374745,0 75.5075857,25.7396249,0 75.5102281,25.7472972,0 75.5163878,25.7496481,0 75.5205611,25.7451468,0 75.5201967,25.740281,0 75.523477,25.7336474,0 75.5245704,25.7311325,0 75.5247527,25.7273055,0 75.5257185,25.7251368,0 75.5256639,25.7225308,0 75.526812,25.7202892,0 75.5288895,25.7163893,0 75.5378193,25.7101385,0 75.5464392,25.7048535,0 75.5511046,25.7012451,0 75.5523985,25.6994045,0 75.5532915,25.6986938,0 75.5540569,25.7000606,0 75.5556606,25.6994956,0 75.5566082,25.6989125,0 75.5575741,25.6993498,0 75.5580844,25.6992405,0 75.5588498,25.6986391,0 75.5598339,25.698384,0 75.5609091,25.6989307,0 75.5626586,25.6998054,0 75.5657385,25.7005709,0 75.5680711,25.7019194,0 75.5690552,25.7030129,0 75.570422,25.7043432,0 75.5713332,25.7056189,0 75.5717706,25.7070404,0 75.5721351,25.7091544,0 75.5730827,25.7100656,0 75.5746318,25.7108674,0 75.5761626,25.7107399,0 75.5768733,25.7108127,0 75.5780579,25.7110314,0 75.5796069,25.7112501,0 75.5811742,25.7112501,0 75.5820489,25.7106305,0 75.583598,25.7103754,0 75.5870059,25.7110314,0 75.5903409,25.7119062,0 75.5909605,25.7121796,0 75.5932932,25.7122342,0 75.5922726,25.7115417,0 75.5903773,25.7110132,0 75.5893385,25.7107216,0 75.5889923,25.7104665,0 75.5885185,25.7094277,0 75.588482,25.7089903,0 75.5885185,25.7082067,0 75.5883362,25.7070951,0 75.5877531,25.7072591,0 75.5870423,25.7072591,0 75.5868601,25.7070039,0 75.5869148,25.7065483,0 75.5865138,25.7061656,0 75.5861311,25.7059469,0 75.5858395,25.7056007,0 75.5858578,25.7050722,0 75.5859489,25.7043706,0 75.5863863,25.7046439,0 75.5867052,25.7044708,0 75.5868236,25.7039696,0 75.5865412,25.7039058,0 75.5863225,25.7036234,0 75.5863863,25.7032224,0 75.5863863,25.7028853,0 75.5864045,25.7026119,0 75.5866779,25.7022748,0 75.5873521,25.7018556,0 75.5873339,25.7016643,0 75.5871426,25.701318,0 75.587179,25.7011085,0 75.5875253,25.7010082,0 75.5873157,25.7005071,0 75.5868145,25.699605,0 75.5866323,25.6990856,0 75.5865503,25.6987849,0 75.5864956,25.6982564,0 75.58604,25.6980377,0 75.5860127,25.6974272,0 75.586204,25.696188,0 75.5868692,25.6963338,0 75.5874068,25.6963702,0 75.5876255,25.6961424,0 75.5878442,25.6958599,0 75.5873977,25.6954864,0 75.5873066,25.6951765,0 75.587425,25.6948576,0 75.5877986,25.694566,0 75.5880811,25.6942016,0 75.5883727,25.6940193,0 75.5890196,25.69391,0 75.5891108,25.6933815,0 75.5893841,25.6925796,0 75.5897668,25.692288,0 75.5911336,25.6906297,0 75.5914434,25.6894907,0 75.5919446,25.6879416,0 75.592792,25.68765,0 75.5956167,25.6873311,0 75.5984961,25.6868755,0 75.6022138,25.6864472,0 75.6045647,25.6864108,0 75.6087836,25.6842604,0 75.6151802,25.6811805,0 75.6153442,25.6802875,0 75.6221782,25.6828936,0 75.6247113,25.6882697,0 75.6277912,25.6920967,0 75.6305977,25.6936457,0 75.6353906,25.7003339,0 75.6287753,25.703268,0 75.6278277,25.7039605,0 75.6273356,25.7047624,0 75.626552,25.7059469,0 75.6282298,25.7065389,0 75.6286386,25.7069219,0 75.628666,25.7074686,0 75.6291307,25.7078969,0 75.6289758,25.7084892,0 75.6289029,25.7089903,0 75.6290122,25.7095371,0 75.6290487,25.7099927,0 75.629076,25.7107581,0 75.6290213,25.711159,0 75.6293585,25.7121158,0 75.6297138,25.7126443,0 75.6309349,25.7133823,0 75.6313996,25.7136466,0 75.6318005,25.7135828,0 75.6322288,25.7138197,0 75.6332949,25.7146307,0 75.6352448,25.7149952,0 75.6359647,25.7150134,0 75.6361014,25.7152138,0 75.6362745,25.7155783,0 75.6367665,25.7158426,0 75.6375319,25.7167993,0 75.637942,25.7172094,0 75.6389261,25.7172458,0 75.6396368,25.7175192,0 75.6399649,25.717665,0 75.6402655,25.7181115,0 75.6402109,25.7184759,0 75.6402018,25.7188495,0 75.6406209,25.7194691,0 75.6412679,25.7194327,0 75.6414957,25.7199156,0 75.6414683,25.7208359,0 75.6414501,25.7216834,0 75.6415048,25.7226401,0 75.6423704,25.7237427,0 75.6428442,25.7242347,0 75.6432269,25.7245445,0 75.6432543,25.7250001,0 75.6438921,25.7252279,0 75.6443113,25.7256106,0 75.6446029,25.7262303,0 75.6448671,25.7269774,0 75.6450038,25.7274057,0 75.6464253,25.7280253,0 75.6466986,25.72849,0 75.6468991,25.7288727,0 75.6473547,25.7298933,0 75.6476189,25.7301575,0 75.6481292,25.730358,0 75.648685,25.7306496,0 75.6487853,25.7310049,0 75.6488399,25.7312965,0 75.6485301,25.7316428,0 75.6487397,25.7318341,0 75.649496,25.7322077,0 75.6498423,25.7329185,0 75.6502067,25.7331918,0 75.6505074,25.7338661,0 75.6507626,25.7340119,0 75.6511179,25.734267,0 75.6508355,25.7344311,0 75.6503799,25.7345313,0 75.6504892,25.7349231,0 75.6507261,25.7350233,0 75.6509266,25.7353787,0 75.650881,25.7357432,0 75.6508446,25.7360803,0 75.6510177,25.736545,0 75.6512455,25.7369642,0 75.6517376,25.7382763,0 75.6517831,25.7389142,0 75.6517193,25.7396978,0 75.6515918,25.7402445,0 75.6516191,25.7407001,0 75.6515462,25.7411284,0 75.6514186,25.7416295,0 75.6515371,25.7424405,0 75.6526032,25.7451832,0 75.6529495,25.7459395,0 75.6537513,25.7494476,0 75.6587903,25.7494841,0 75.6625626,25.7503133,0 75.6675378,25.7510969,0 75.6711917,25.7529284,0 75.6767136,25.7551426,0 75.6822901,25.7583045,0 75.6852697,25.7599264,0 75.6892243,25.7611292,0 75.6916117,25.7614117,0 75.6937348,25.7586781,0 75.6964502,25.7561358,0 75.6987373,25.7545412,0 75.7005597,25.7539581,0 75.701234,25.7537303,0 75.7040769,25.7564821,0 75.7065554,25.7586872,0 75.7095988,25.7600905,0 75.7129338,25.7607556,0 75.7165604,25.7617306,0 75.7209615,25.7623229,0 75.7238955,25.7623685,0 75.727595,25.7614573,0 75.7304106,25.760619,0 75.7334905,25.7567372,0 75.7420557,25.7542406,0 75.7483248,25.7561541,0 75.7535004,25.757284,0 75.7550859,25.7595255,0 75.7576737,25.7640269,0 75.7574732,25.7677628,0 75.7590041,25.771444,0 75.7587489,25.7747426,0 75.7580929,25.7764556,0 75.7574368,25.7813032,0 75.7564709,25.7811756,0 75.7565074,25.7845653,0 75.7533546,25.7857499,0 75.7543752,25.7879914,0 75.7557602,25.7874447,0 75.7568719,25.7891395,0 75.7576919,25.7913811,0 75.7588218,25.7911806,0 75.7592227,25.7926203,0 75.7598059,25.7930941,0 75.7599699,25.7937138,0 75.7614461,25.7948254,0 75.7614096,25.797231,0 75.7649998,25.798288,0 75.7675329,25.7987071,0 75.767296,25.8012221,0 75.7662208,25.8037916,0 75.7660932,25.8055047,0 75.76551,25.8071266,0 75.7664577,25.8102247,0 75.7665852,25.8164755,0 75.7659292,25.8165849,0 75.7662937,25.8204302,0 75.7674964,25.8205213,0 75.7683165,25.8210315,0 75.7688815,25.822453,0 75.7705034,25.8229268,0 75.7709408,25.8237834,0 75.7750776,25.8234736,0 75.7760617,25.8272277,0 75.7799252,25.8260796,0 75.7840256,25.8227264,0 75.788126,25.82074,0 75.7882171,25.8192091,0 75.7909872,25.8156919,0 75.7921353,25.8136144,0 75.7914792,25.8123387,0 75.7902765,25.8118466,0 75.7903129,25.8110448,0 75.7916068,25.8107897,0 75.7910236,25.8077645,0 75.7903858,25.8061061,0 75.7903494,25.804557,0 75.7905134,25.803172,0 75.7929372,25.8021333,0 75.7959806,25.8002926,0 75.797639,25.8013314,0 75.7988417,25.8015136,0 75.7997894,25.8024431,0 75.799917,25.8031902,0 75.8030697,25.8034818,0 75.8039809,25.8035547,0 75.8045641,25.804393,0 75.8042725,25.8047575,0 75.8061496,25.8058874,0 75.8087009,25.8051402,0 75.8101406,25.8080743,0 75.8122182,25.81017,0 75.814241,25.8105345,0 75.8142046,25.8134868,0 75.8141135,25.8153092,0 75.8138765,25.819282,0 75.8131476,25.8202661,0 75.8121088,25.8207582,0 75.8110701,25.8228357,0 75.8088467,25.8225259,0 75.8086463,25.8287585,0 75.8076257,25.8301618,0 75.8094663,25.8347542,0 75.810742,25.8397476,0 75.8111612,25.8414242,0 75.8115803,25.8448321,0 75.8167013,25.8443765,0 75.816519,25.8456704,0 75.8162274,25.8467274,0 75.8163003,25.8484951,0 75.817248,25.85101,0 75.8188699,25.8545637,0 75.819526,25.8544179,0 75.8200545,25.8554749,0 75.8214213,25.8552198,0 75.8219498,25.8556207,0 75.823189,25.8556936,0 75.8263418,25.8546731,0 75.8302964,25.8548189,0 75.8311894,25.856623,0 75.8361645,25.8562403,0 75.8367841,25.8564408,0 75.8376042,25.8572244,0 75.8411214,25.8572791,0 75.8454952,25.8576254,0 75.8491218,25.8618715,0 75.8504157,25.8655164,0 75.8495774,25.8669196,0 75.8500877,25.8694163,0 75.8530399,25.8718219,0 75.8562656,25.8721317,0 75.8581518,25.8731158,0 75.8604589,25.8746245,0 75.8616781,25.8756671,0 75.8626804,25.8756489,0 75.8647762,25.8755213,0 75.8649767,25.8759405,0 75.8690406,25.8752844,0 75.8692593,25.8736078,0 75.8694962,25.8715849,0 75.86997,25.8691429,0 75.8706261,25.8667009,0 75.8723574,25.8647145,0 75.8737424,25.8625276,0 75.8751457,25.8617804,0 75.8792278,25.8610515,0 75.8790638,25.8590104,0 75.8835469,25.8587006,0 75.8841301,25.8581356,0 75.8846039,25.8579169,0 75.8845493,25.8562768,0 75.8860254,25.8549647,0 75.8869001,25.8528871,0 75.888923,25.851575,0 75.8919482,25.8497708,0 75.8932057,25.8490965,0 75.8908183,25.8437387,0 75.8896884,25.8414242,0 75.8873557,25.8432466,0 75.8856974,25.8416247,0 75.8842759,25.8383626,0 75.8820526,25.8343533,0 75.882654,25.8337337,0 75.8827633,25.8328589,0 75.8823259,25.8309819,0 75.882654,25.8300342,0 75.8819797,25.82823,0 75.8819979,25.8265534,0 75.8818521,25.825296,0 75.88136,25.8233095,0 75.8807404,25.8206306,0 75.8825993,25.8200292,0 75.8870459,25.8187171,0 75.8875015,25.8193549,0 75.8880118,25.8190087,0 75.8881758,25.8197012,0 75.889087,25.819519,0 75.8891599,25.8199563,0 75.8902716,25.8197376,0 75.8905632,25.8205577,0 75.8915108,25.8204302,0 75.8918753,25.8211044,0 75.895429,25.8196465,0 75.8956841,25.8201568,0 75.8977252,25.8195007,0 75.8990009,25.8186989,0 75.9036116,25.817733,0 75.9045957,25.8196647,0 75.9060718,25.8205577,0 75.9080764,25.8230909,0 75.9094615,25.822125,0 75.9112292,25.8219245,0 75.9143273,25.8216876,0 75.9176258,25.8222526,0 75.9195211,25.8232913,0 75.9213435,25.825296,0 75.9221454,25.826116,0 75.9229655,25.8265352,0 75.9238949,25.8266445,0 75.9242229,25.8275011,0 75.9250065,25.8269726,0 75.9267561,25.8298155,0 75.927485,25.8316015,0 75.9283233,25.8350823,0 75.9302004,25.8356654,0 75.9293074,25.8369047,0 75.9315125,25.8423354,0 75.9312756,25.843848,0 75.9303644,25.8439391,0 75.9291252,25.8496797,0 75.928542,25.8531605,0 75.9286331,25.8556207,0 75.9283233,25.8587188,0 75.9280135,25.8627645,0 75.9287971,25.8628556,0 75.9291616,25.8651701,0 75.9297083,25.8670836,0 75.9295443,25.8697261,0 75.9296537,25.8716032,0 75.9311663,25.871348,0 75.9334625,25.8712205,0 75.9347017,25.8716578,0 75.9354854,25.8730246,0 75.9362508,25.8732069,0 75.9363419,25.8725508,0 75.9399867,25.8727877,0 75.939932,25.8734985,0 75.9427567,25.8745919,0 75.9434857,25.8736443,0 75.9448525,25.8735896,0 75.9465473,25.8737172,0 75.9459642,25.8726784,0 75.9467478,25.8720041,0 75.9480599,25.8721499,0 75.9501921,25.8724779,0 75.9503561,25.8732251,0 75.9508482,25.8738265,0 75.9518323,25.8737536,0 75.9519963,25.8731158,0 75.9520874,25.8722957,0 75.9520692,25.8717125,0 75.9525066,25.8713845,0 75.9528164,25.8702728,0 75.9539098,25.8695803,0 75.9544201,25.8695074,0 75.9558233,25.8697079,0 75.957664,25.8701452,0 75.957664,25.8710747,0 75.9592312,25.8704186,0 75.9590308,25.8696532,0 75.9594681,25.8689789,0 75.9588485,25.8669014,0 75.9600331,25.8664093,0 75.9601971,25.8684504,0 75.9610536,25.8678126,0 75.961491,25.8684504,0 75.9606163,25.8686509,0 75.9607256,25.8690154,0 75.962384,25.8678855,0 75.9631129,25.8683411,0 75.9622564,25.8693798,0 75.9628396,25.8700724,0 75.9639695,25.8702728,0 75.9642428,25.8700177,0 75.9641517,25.868906,0 75.9646802,25.8689607,0 75.9650811,25.8693798,0 75.9662293,25.8704186,0 75.9671222,25.870127,0 75.9674138,25.869471,0 75.9664297,25.8684869,0 75.9675414,25.8685598,0 75.9676507,25.867521,0 75.9682703,25.8675757,0 75.9684161,25.8687784,0 75.9699652,25.8699812,0 75.9712409,25.870692,0 75.9709128,25.871749,0 75.9708582,25.8728788,0 75.9719151,25.8726966,0 75.9738833,25.8720952,0 75.9749403,25.8718219,0 75.9759244,25.871749,0 75.9772001,25.8720588,0 75.9785122,25.8726602,0 75.9793141,25.8730611,0 75.9800613,25.8735349,0 75.9806444,25.8745919,0 75.9808085,25.8756307,0 76.000053,25.8789292,0 76.0077071,25.8807152,0 76.0110968,25.8766877,0 76.011279,25.8746284,0 76.0112426,25.8740816,0 76.0107687,25.8702181,0 76.0107687,25.8665369,0 76.0124271,25.8663547,0 76.0157439,25.8658444,0 76.0163999,25.8653523,0 76.0184775,25.8647509,0 76.0235073,25.8638944,0 76.0252021,25.862965,0 76.0274984,25.8624547,0 76.028774,25.8623454,0 76.0302866,25.8628556,0 76.0353529,25.8613977,0 76.0364646,25.862072,0 76.0370295,25.8620538,0 76.0372847,25.863858,0 76.0382323,25.8636393,0 76.0382141,25.8631655,0 76.0387061,25.8630743,0 76.0398725,25.8644047,0 76.0401276,25.8648238,0 76.0408383,25.8646052,0 76.0414397,25.8655892,0 76.0430434,25.8636939,0 76.0446654,25.8609968,0 76.0506975,25.8615617,0 76.0513171,25.8633295,0 76.0522648,25.8636393,0 76.0537045,25.8585912,0 76.0545428,25.8574796,0 76.0538685,25.8558941,0 76.0520461,25.8557847,0 76.0511167,25.8561674,0 76.0502784,25.8531605,0 76.0506429,25.8527231,0 76.0502966,25.8500806,0 76.0497134,25.8501171,0 76.0488569,25.8480395,0 76.0484195,25.8474746,0 76.0482008,25.8469643,0 76.048055,25.8446316,0 76.048784,25.8441578,0 76.0488934,25.843356,0 76.0490391,25.8415153,0 76.0514265,25.8416611,0 76.0523559,25.8383079,0 76.0521008,25.8351552,0 76.0531395,25.8345538,0 76.0515358,25.8318748,0 76.0503148,25.8299613,0 76.0484195,25.8254418,0 76.0468705,25.820011,0 76.0457224,25.8170223,0 76.0447929,25.813177,0 76.0488022,25.8104616,0 76.050898,25.8093317,0 76.0541601,25.8078374,0 76.0548344,25.8086028,0 76.0564928,25.8076005,0 76.0561465,25.8066528,0 76.0602287,25.8051949,0 76.0626343,25.8056687,0 76.066844,25.8053771,0 76.0680103,25.8052131,0 76.0695047,25.8043748,0 76.0716187,25.8040468,0 76.0740972,25.806179,0 76.0772135,25.8080743,0 76.0806578,25.8096415,0 76.0846306,25.8099696,0 76.0880203,25.8096598,0 76.093852,25.8087668,0 76.1025448,25.806343,0 76.105242,25.8052496,0 76.1057523,25.7984702,0 76.105078,25.796903,0 76.104677,25.7944974,0 76.1050233,25.7924199,0 76.1054424,25.7903059,0 76.1064448,25.7887751,0 76.1069733,25.7870255,0 76.1081214,25.7862784,0 76.1091784,25.7860597,0 76.1099984,25.7859503,0 76.1101442,25.7854947,0 76.1105269,25.7850574,0 76.1110554,25.7849116,0 76.111748,25.7849116,0 76.1130419,25.7847293,0 76.1137344,25.7843284,0 76.1163404,25.7834901,0 76.118345,25.7834172,0 76.1189647,25.7841826,0 76.1195114,25.7848569,0 76.12086,25.785112,0 76.1217165,25.7848933,0 76.1221356,25.7845835,0 76.1227553,25.7841644,0 76.1236118,25.7842919,0 76.1244683,25.7842373,0 76.1251426,25.7846018,0 76.1261996,25.7841097,0 76.128186,25.7840368,0 76.1287327,25.7841462,0 76.1292612,25.7847111,0 76.1296986,25.7852214,0 76.130792,25.7856041,0 76.1325233,25.7848569,0 76.1333434,25.7852396,0 76.1337808,25.7854947,0 76.1343275,25.7850391,0 76.1346191,25.7847658,0 76.1355303,25.7847475,0 76.1362228,25.7852214,0 76.138027,25.7849116,0 76.1416171,25.7816312,0 76.1474488,25.7747426,0 76.1508385,25.7711707,0 76.1497997,25.7696763,0 76.150966,25.769567,0 76.1498908,25.7679632,0 76.1490654,25.7633442,0 76.1524964,25.760971,0 76.1551779,25.7590903,0 76.1576094,25.7576962,0 76.1591304,25.7573386,0 76.1599322,25.758833,0 76.160479,25.7601634,0 76.158365,25.7661955,0 76.158857,25.767945,0 76.1588388,25.7683277,0 76.15975,25.7700226,0 76.1585472,25.7705146,0 76.1593855,25.7719543,0 76.1591304,25.7743052,0 76.1565608,25.7772757,0 76.1581463,25.7789888,0 76.1587841,25.7798088,0 76.1590028,25.7807383,0 76.1590393,25.7814672,0 76.1579276,25.7814855,0 76.1577089,25.7816312,0 76.1577089,25.7822326,0 76.1581281,25.7827611,0 76.1588023,25.7830163,0 76.1598047,25.7832896,0 76.159914,25.783891,0 76.1597135,25.7842008,0 76.1590575,25.7846018,0 76.1589481,25.7850938,0 76.1591304,25.7854583,0 76.1596224,25.7858228,0 76.1605336,25.7863148,0 76.161463,25.7868069,0 76.1620644,25.7872078,0 76.1623742,25.787791,0 76.1621738,25.7884106,0 76.1619186,25.7895769,0 76.1623196,25.7903241,0 76.1632308,25.791126,0 76.1630668,25.7918185,0 76.1624654,25.7923287,0 76.1622467,25.7934404,0 76.1621009,25.7943152,0 76.1625383,25.795281,0 76.1629756,25.7958642,0 76.1636682,25.7963016,0 76.1643424,25.7970305,0 76.1637957,25.7975226,0 76.1631761,25.797723,0 76.1633948,25.7983062,0 76.1638322,25.7987254,0 76.1646522,25.7996183,0 76.1652719,25.802279,0 76.1632672,25.8054682,0 76.1619369,25.8079103,0 76.1617911,25.8086939,0 76.163085,25.8106439,0 76.1634312,25.8113546,0 76.1633037,25.8125756,0 76.1674952,25.8130312,0 76.1684975,25.8143069,0 76.1721605,25.8141793,0 76.174311,25.8144709,0 76.1777006,25.8181886,0 76.1815641,25.8230909,0 76.1833865,25.8256604,0 76.1873958,25.8320935,0 76.1883252,25.8346631,0 76.1888173,25.8346267,0 76.1879243,25.8422078,0 76.1918971,25.841898,0 76.1947765,25.8409686,0 76.2013372,25.8406224,0 76.2079889,25.8377612,0 76.2098842,25.8355196,0 76.2105585,25.8333328,0 76.2109777,25.8314739,0 76.2116702,25.831073,0 76.2138935,25.8305627,0 76.2134197,25.8301071,0 76.2131099,25.8294875,0 76.213365,25.8293417,0 76.2138206,25.8291777,0 76.21475,25.8279567,0 76.2149323,25.8277562,0 76.2138206,25.8262072,0 76.2144402,25.8225077,0 76.2154061,25.8206853,0 76.2162444,25.8166942,0 76.2167729,25.8135779,0 76.216208,25.8106439,0 76.2203266,25.8068897,0 76.2236251,25.8039374,0 76.2261401,25.8046299,0 76.2277802,25.8044295,0 76.235088,25.8001651,0 76.2349787,25.7980875,0 76.2349422,25.796903,0 76.2352703,25.7960829,0 76.2358899,25.7951717,0 76.2372202,25.7945521,0 76.2390973,25.79406,0 76.2402819,25.7936591,0 76.2421407,25.7928208,0 76.2436898,25.7928026,0 76.2446556,25.7929301,0 76.2456944,25.7933675,0 76.2473163,25.7945156,0 76.2487378,25.795682,0 76.2498495,25.7968301,0 76.2519999,25.7969394,0 76.2538588,25.7970123,0 76.2552256,25.7976137,0 76.2561914,25.7996366,0 76.2564284,25.8012221,0 76.2567382,25.8024977,0 76.2570662,25.8039557,0 76.2573942,25.8050309,0 76.2590162,25.8061972,0 76.2602554,25.8063977,0 76.2618044,25.8060514,0 76.2633535,25.8057781,0 76.2645016,25.805614,0 76.2658137,25.8054318,0 76.2676361,25.8048851,0 76.2686567,25.803737,0 76.2702513,25.8013223,0 76.2710805,25.8002197,0 76.2726113,25.7992083,0 76.2744428,25.7983609,0 76.2748346,25.797067,0 76.2751718,25.7958551,0 76.2760556,25.7944883,0 76.2769304,25.7938595,0 76.2777869,25.7928299,0 76.2791537,25.7918367,0 76.2801105,25.7911988,0 76.2802745,25.7903514,0 76.2801013,25.7893764,0 76.2793997,25.7878001,0 76.2792904,25.7864059,0 76.2796549,25.7855676,0 76.2804203,25.7845926,0 76.2818691,25.7840095,0 76.2827529,25.7835812,0 76.2836004,25.7831074,0 76.2841926,25.7825515,0 76.2847849,25.7820959,0 76.285195,25.7816039,0 76.2856506,25.7815401,0 76.2878648,25.7872625,0 76.2904526,25.7893764,0 76.2913091,25.7909437,0 76.2918011,25.7920918,0 76.2919287,25.7930941,0 76.2913638,25.7945156,0 76.2904526,25.7961558,0 76.2903979,25.7971216,0 76.290653,25.7982151,0 76.2911815,25.7990534,0 76.2924937,25.7998735,0 76.2936782,25.8002744,0 76.2945348,25.8013314,0 76.2976328,25.8032085,0 76.2987809,25.8037734,0 76.300494,25.8040103,0 76.3041388,25.8037005,0 76.305378,25.8036276,0 76.3074191,25.8052678,0 76.3084032,25.8068533,0 76.31172,25.8109354,0 76.3124299,25.8115785,0 76.3125801,25.8117813,0 76.3143289,25.8137806,0 76.3161528,25.8160213,0 76.3170433,25.8170836,0 76.3168716,25.818851,0 76.3152408,25.8188124,0 76.3129556,25.8209757,0 76.3116681,25.8222602,0 76.3106704,25.8229749,0 76.3105202,25.824549,0 76.3068938,25.8256403,0 76.3062823,25.8247711,0 76.3049841,25.8236026,0 76.304158,25.8234964,0 76.303879,25.8238827,0 76.3027203,25.8241724,0 76.3021195,25.8246456,0 76.3013792,25.8249643,0 76.3005209,25.8250705,0 76.2999844,25.8249546,0 76.2991261,25.8246746,0 76.2983537,25.8247325,0 76.2981605,25.8250512,0 76.2977314,25.824887,0 76.2976348,25.8249643,0 76.2975168,25.8252926,0 76.2973237,25.8251864,0 76.2969053,25.8243559,0 76.2965727,25.8241724,0 76.2961006,25.8238537,0 76.2956285,25.8233225,0 76.2955534,25.8228107,0 76.2954247,25.8225596,0 76.2950385,25.8223954,0 76.29462,25.8221057,0 76.2943411,25.8221636,0 76.2941694,25.8223761,0 76.293633,25.8224823,0 76.2931287,25.8222795,0 76.2928069,25.8217484,0 76.2928283,25.8212655,0 76.2927854,25.8210047,0 76.2923133,25.820686,0 76.2913799,25.8204735,0 76.2899852,25.8204735,0 76.2899744,25.8208116,0 76.2899315,25.8217387,0 76.2897384,25.8227527,0 76.2897062,25.824916,0 76.2898886,25.8260749,0 76.2887943,25.8272724,0 76.2875926,25.8291748,0 76.2879252,25.8320429,0 76.2872708,25.8322554,0 76.2855756,25.8325933,0 76.2819493,25.834235,0 76.2802327,25.836427,0 76.2793851,25.8349206,0 76.2789559,25.8343219,0 76.2786984,25.8334914,0 76.2785053,25.8323423,0 76.2779689,25.8315311,0 76.2774217,25.8312897,0 76.2774002,25.830942,0 76.2774968,25.8301888,0 76.2775612,25.8294645,0 76.2771535,25.8287403,0 76.2768423,25.8283926,0 76.27666,25.8278711,0 76.2764346,25.8274172,0 76.2758767,25.826944,0 76.2736237,25.8265288,0 76.272068,25.8250222,0 76.2719178,25.8243559,0 76.2718964,25.8237378,0 76.2716281,25.8232936,0 76.2707162,25.8230328,0 76.2704801,25.8223954,0 76.2703192,25.8207922,0 76.2698579,25.8191021,0 76.265974,25.8205894,0 76.2652123,25.8208116,0 76.2643647,25.8209854,0 76.2636566,25.8211882,0 76.2630236,25.8211979,0 76.2628305,25.8212172,0 76.2623799,25.8213427,0 76.2618971,25.8211882,0 76.2617576,25.8213331,0 76.2615859,25.821729,0 76.2612855,25.8215069,0 76.2608778,25.8220188,0 76.2605667,25.8228107,0 76.2603521,25.8234481,0 76.2596118,25.8234674,0 76.2593543,25.8230135,0 76.2590003,25.8229555,0 76.2589145,25.823139,0 76.2589145,25.8234288,0 76.2589896,25.8238247,0 76.2590754,25.8242207,0 76.2587964,25.8245683,0 76.2582385,25.824887,0 76.2577236,25.8250319,0 76.2572944,25.8250995,0 76.256758,25.8254182,0 76.2562752,25.8258528,0 76.2557602,25.8265095,0 76.2554061,25.826944,0 76.2546658,25.8274076,0 76.2544083,25.8278421,0 76.2539577,25.8281222,0 76.2534428,25.8277069,0 76.2532282,25.828016,0 76.2527347,25.8289334,0 76.2523591,25.8297446,0 76.2520373,25.8302081,0 76.2520051,25.8305944,0 76.2516725,25.8304495,0 76.2511897,25.8305268,0 76.2511897,25.8307103,0 76.2512112,25.8309807,0 76.2507713,25.8313959,0 76.2506854,25.8318401,0 76.2504387,25.8322264,0 76.2505889,25.8329796,0 76.2506211,25.83353,0 76.250546,25.8341867,0 76.2501812,25.8347854,0 76.2494838,25.8353165,0 76.2489045,25.8355869,0 76.2485933,25.8355965,0 76.2484002,25.8356448,0 76.2480891,25.835838,0 76.2479603,25.8360504,0 76.2475634,25.8361663,0 76.2471235,25.8360407,0 76.2470698,25.8362049,0 76.2470376,25.8365912,0 76.2466085,25.8369002,0 76.2462652,25.8369581,0 76.2460184,25.837325,0 76.2455892,25.8371126,0 76.245203,25.8370353,0 76.2450743,25.8370933,0 76.2447631,25.8374506,0 76.2446451,25.8376437,0 76.2443018,25.8372285,0 76.2440872,25.8370353,0 76.2437224,25.8370643,0 76.2435186,25.8371512,0 76.2433469,25.8372478,0 76.2432289,25.8377789,0 76.2430572,25.8386383,0 76.24295,25.8398357,0 76.2426603,25.8412454,0 76.2424672,25.8425587,0 76.2425959,25.8435918,0 76.2424135,25.8442967,0 76.2409866,25.8466334,0 76.2385189,25.8471451,0 76.2350643,25.8482265,0 76.2294853,25.8501093,0 76.226567,25.8522142,0 76.2216103,25.8557479,0 76.2187564,25.8577271,0 76.2152052,25.859938,0 76.2137139,25.8610869,0 76.2115788,25.8597835,0 76.2103665,25.8609517,0 76.2110531,25.8621102,0 76.2108707,25.8679027,0 76.2106454,25.8732025,0 76.2106776,25.8752683,0 76.2114501,25.8773631,0 76.2123084,25.8789461,0 76.2112141,25.879062,0 76.2113535,25.8797666,0 76.2114072,25.8802782,0 76.2112677,25.8809346,0 76.2109887,25.8815331,0 76.2108922,25.8825756,0 76.2108922,25.8836663,0 76.2113213,25.8844675,0 76.2130594,25.8860119,0 76.2133491,25.8863401,0 76.2138963,25.8866972,0 76.214025,25.8870447,0 76.2135637,25.8873922,0 76.2131882,25.8877493,0 76.2128878,25.8881933,0 76.2126946,25.8887435,0 76.2126517,25.8889944,0 76.2124801,25.8895156,0 76.2128019,25.8898148,0 76.2129092,25.8911372,0 76.2128019,25.8915425,0 76.2125766,25.8919962,0 76.212362,25.8924788,0 76.2123191,25.8930675,0 76.2122118,25.8936273,0 76.2120616,25.8940231,0 76.2116432,25.8946601,0 76.2109351,25.8958955,0 76.2104201,25.8965711,0 76.2104094,25.8968896,0 76.2102592,25.8973432,0 76.2101197,25.8979898,0 76.2098944,25.8980574,0 76.2094545,25.8978161,0 76.2089503,25.8978451,0 76.2087142,25.8979416,0 76.2087893,25.8982022,0 76.2090468,25.8986365,0 76.2088215,25.8989743,0 76.2083924,25.8992445,0 76.2079096,25.8995534,0 76.2076414,25.9000456,0 76.2076521,25.9004895,0 76.2074911,25.9011651,0 76.2075984,25.9017249,0 76.207695,25.902024,0 76.2076306,25.902468,0 76.2078345,25.903076,0 76.2088108,25.9041473,0 76.2091863,25.9046587,0 76.2091648,25.9051702,0 76.2089074,25.9055852,0 76.2081778,25.9061257,0 76.2081778,25.9064345,0 76.2083495,25.9071776,0 76.208049,25.9074864,0 76.2072444,25.9076601,0 76.2070513,25.9077084,0 76.2069654,25.9079303,0 76.207459,25.9084418,0 76.2078774,25.9088568,0 76.2081885,25.9093683,0 76.2083924,25.909735,0 76.2080169,25.9102464,0 76.2072337,25.910285,0 76.2070083,25.910729,0 76.2070513,25.911115,0 76.2072444,25.9118098,0 76.2080383,25.9125818,0 76.2089395,25.9157856,0 76.2102699,25.9159014,0 76.2134242,25.9161909,0 76.2179088,25.9161137,0 76.221385,25.9147241,0 76.2239599,25.9139328,0 76.2280798,25.913817,0 76.2302899,25.9139328,0 76.2331438,25.9139328,0 76.2366414,25.9141258,0 76.2391948,25.9151101,0 76.2402892,25.9167699,0 76.2409973,25.918642,0 76.2410188,25.9214597,0 76.2414694,25.9233702,0 76.24089,25.9270176,0 76.2410402,25.9288895,0 76.242392,25.9284263,0 76.2424779,25.9313982,0 76.2383365,25.9320157,0 76.2371993,25.9332314,0 76.2359547,25.933791,0 76.2373709,25.9373995,0 76.2379074,25.9417411,0 76.2385082,25.9448669,0 76.2400102,25.9479541,0 76.2412119,25.9502115,0 76.2422848,25.9548227,0 76.2429714,25.9586621,0 76.2452245,25.9592601,0 76.2455463,25.9615174,0 76.2457609,25.9642183,0 76.2462973,25.9672278,0 76.245718,25.9686746,0 76.2441516,25.9720891,0 76.2427568,25.9738638,0 76.2431001,25.9774325,0 76.2444734,25.9807503,0 76.2416196,25.9813289,0 76.2393236,25.9819655,0 76.2350321,25.9829299,0 76.236062,25.9864404,0 76.2387657,25.9929404,0 76.2392807,25.9959299,0 76.2393665,25.9998064,0 76.2398815,26.0018314,0 76.240375,26.00403,0 76.240493,26.0084173,0 76.2404609,26.0146075,0 76.239877,26.0145541,0 76.2406433,26.0217712,0 76.2332659,26.0253662,0 76.2306049,26.0268535,0 76.2259943,26.0283296,0 76.2257573,26.0270904,0 76.2259214,26.0253045,0 76.2259396,26.0222064,0 76.2254658,26.020548,0 76.2233153,26.0154453,0 76.220928,26.0140238,0 76.2183402,26.0124201,0 76.2171192,26.0114178,0 76.2155701,26.0112173,0 76.2082076,26.011764,0 76.2027951,26.0115271,0 76.1987494,26.0117276,0 76.1954144,26.0120191,0 76.1869767,26.0105248,0 76.1864299,26.0150079,0 76.180981,26.0155182,0 76.1801062,26.0106159,0 76.1789216,26.0105977,0 76.178703,26.0059323,0 76.1776095,26.0010847,0 76.1775548,25.9984605,0 76.176753,25.9976586,0 76.1766072,25.9970208,0 76.1761151,25.9957087,0 76.174311,25.9912438,0 76.1721423,25.9864509,0 76.1672036,25.9874532,0 76.1664929,25.9866696,0 76.163978,25.9872527,0 76.1612444,25.9875625,0 76.1582738,25.9875808,0 76.1544286,25.9886013,0 76.1506198,25.9901868,0 76.1470661,25.9832617,0 76.146082,25.9827149,0 76.1448428,25.9826967,0 76.1435488,25.9801636,0 76.1424919,25.980601,0 76.1378447,25.9725642,0 76.1356761,25.9641629,0 76.1295528,25.9655662,0 76.1314117,25.973366,0 76.1228646,25.9753524,0 76.1182721,25.976373,0 76.1186184,25.9782318,0 76.1177619,25.9790155,0 76.1192927,25.9820042,0 76.1158301,25.9838266,0 76.1143175,25.985321,0 76.1114746,25.9862322,0 76.1110919,25.9866696,0 76.1121307,25.988091,0 76.1124587,25.9893485,0 76.1102171,25.9925012,0 76.1072284,25.9936676,0 76.1036747,25.9966199,0 76.0999023,25.9978773,0 76.096458,25.9999002,0 76.0907174,26.0020142,0 76.0881296,25.9966928,0 76.0856694,25.9913167,0 76.0821339,25.9871069,0 76.0798377,25.9876901,0 76.0718738,25.9903326,0 76.0681744,25.991262,0 76.063017,25.9920639,0 76.0602105,25.9933213,0 76.0600829,25.9944421,0 76.0596182,25.9951073,0 76.0591808,25.9956904,0 76.059117,25.9959547,0 76.0594451,25.9962736,0 76.059928,25.9963556,0 76.0601649,25.9962463,0 76.0605294,25.9955173,0 76.0608756,25.9951802,0 76.0613039,25.9949524,0 76.061796,25.9949615,0 76.0619964,25.9951255,0 76.0622242,25.9956266,0 76.0623062,25.9960549,0 76.0622971,25.9965196,0 76.0623518,25.9973124,0 76.0627163,25.9977589,0 76.0633814,25.9976495,0 76.0635728,25.9972395,0 76.0637186,25.9967019,0 76.0637733,25.9962371,0 76.0639008,25.9956813,0 76.0643018,25.9955264,0 76.0647574,25.9956175,0 76.0650763,25.9957087,0 76.0653041,25.9959182,0 76.0653952,25.9962007,0 76.065459,25.9966199,0 76.0652767,25.9970481,0 76.0651218,25.9974126,0 76.0650672,25.997768,0 76.0650216,25.9980231,0 76.0653041,25.998014,0 76.065541,25.9978955,0 76.0658872,25.9977953,0 76.0662335,25.9977589,0 76.0669534,25.9979138,0 76.0672085,25.9979958,0 76.0670262,25.9984423,0 76.0669898,25.9986336,0 76.0665524,25.9991712,0 76.0667347,25.9996997,0 76.067172,26.000046,0 76.0677096,26.0002829,0 76.0680195,26.000456,0 76.0681744,26.00062,0 76.0683475,26.0010847,0 76.0682746,26.0012579,0 76.0679921,26.0012396,0 76.0675274,26.0011394,0 76.0666162,26.0008205,0 76.0660513,26.0007476,0 76.0657597,26.0007749,0 76.0656412,26.0008752,0 76.0655045,26.0012852,0 76.0656959,26.0016588,0 76.0657688,26.0019777,0 76.0656048,26.0022328,0 76.0652676,26.0021053,0 76.0650125,26.001595,0 76.0646936,26.0014037,0 76.0643564,26.001431,0 76.0640831,26.0018228,0 76.0641104,26.0021873,0 76.0643838,26.0024698,0 76.0650216,26.0031258,0 76.0647482,26.0032898,0 76.0641377,26.003062,0 76.0639099,26.0027796,0 76.0636366,26.0023513,0 76.0632174,26.0019868,0 76.0628712,26.001677,0 76.0624156,26.0016952,0 76.0622242,26.0022511,0 76.0623518,26.0029618,0 76.0624976,26.0033718,0 76.062616,26.0039095,0 76.062616,26.0042648,0 76.0626616,26.0047569,0 76.0628621,26.0050029,0 76.0630716,26.0050667,0 76.0637004,26.0050211,0 76.0637733,26.0045291,0 76.0639008,26.0041737,0 76.064156,26.0041555,0 76.0645113,26.0042284,0 76.0648394,26.0045017,0 76.0650034,26.0046384,0 76.0653223,26.0048115,0 76.065541,26.004766,0 76.0658417,26.0045746,0 76.0662517,26.0043833,0 76.0664886,26.0043195,0 76.0669534,26.0042466,0 76.0671265,26.0042375,0 76.0673816,26.0044744,0 76.0675456,26.0048024,0 76.067491,26.0051214,0 76.0669898,26.0055496,0 76.0663611,26.0061237,0 76.0654043,26.0071989,0 76.0652676,26.0075816,0 76.0651674,26.007855,0 76.0653952,26.0080007,0 76.0659419,26.0078823,0 76.0664431,26.0076909,0 76.0669442,26.0075269,0 76.0681015,26.0072536,0 76.0684842,26.0071078,0 76.06904,26.0070349,0 76.0692769,26.0073629,0 76.0693407,26.0078641,0 76.069368,26.0084017,0 76.0692131,26.0088573,0 76.0688486,26.0091944,0 76.0684842,26.009322,0 76.0677279,26.0094678,0 76.0670991,26.0096682,0 76.066844,26.0100327,0 76.0669625,26.0103881,0 76.0676368,26.0106341,0 76.0682655,26.0105612,0 76.0689307,26.0106159,0 76.0696778,26.0108801,0 76.0700788,26.0114542,0 76.0700788,26.0119098,0 76.0699056,26.0123016,0 76.0695776,26.012493,0 76.0692131,26.0126752,0 76.0689489,26.0128939,0 76.0686846,26.0132401,0 76.0687029,26.0134862,0 76.0689033,26.013632,0 76.0694045,26.0139873,0 76.070343,26.0142971,0 76.0716187,26.0144156,0 76.0719103,26.0145978,0 76.0723841,26.0154999,0 76.0724388,26.0156002,0 76.0752362,26.0148803,0 76.0770495,26.0166936,0 76.0775688,26.0177415,0 76.0793275,26.0184887,0 76.0803662,26.0189625,0 76.0806669,26.019573,0 76.0806031,26.0201744,0 76.0804573,26.0207576,0 76.0799015,26.0219239,0 76.0799744,26.0226711,0 76.0798651,26.023236,0 76.0797648,26.0236005,0 76.0797557,26.0239741,0 76.0800109,26.0240743,0 76.0804118,26.0239012,0 76.0809585,26.0235549,0 76.081569,26.0234183,0 76.0819244,26.0234091,0 76.0823071,26.0234091,0 76.0828811,26.0237645,0 76.0831545,26.0243568,0 76.0830998,26.0247759,0 76.082708,26.0249126,0 76.0820064,26.0251495,0 76.0810496,26.0257692,0 76.0807125,26.0264708,0 76.0803662,26.0270813,0 76.080512,26.0282385,0 76.0810223,26.0287488,0 76.0814779,26.0289219,0 76.0820155,26.0288217,0 76.0823891,26.0284116,0 76.0827809,26.0282112,0 76.0830907,26.0281109,0 76.0834279,26.0282203,0 76.083601,26.0284663,0 76.0837832,26.0288581,0 76.0840657,26.0293319,0 76.0843937,26.0299151,0 76.0846762,26.030152,0 76.0852138,26.0303707,0 76.0861797,26.0300062,0 76.0866991,26.029988,0 76.086936,26.0301429,0 76.087182,26.0305985,0 76.0873005,26.0312819,0 76.0871911,26.0318924,0 76.0870453,26.0324574,0 76.0869998,26.0329859,0 76.0873187,26.033241,0 76.0882754,26.0332501,0 76.0890591,26.0335417,0 76.0897698,26.0337695,0 76.0898792,26.0345531,0 76.0891775,26.0349996,0 76.0873278,26.0356192,0 76.0864895,26.0357195,0 76.086125,26.0360566,0 76.0857241,26.0365122,0 76.0857879,26.037068,0 76.0859245,26.0373505,0 76.0867537,26.0373414,0 76.0872731,26.0372321,0 76.0883939,26.0369131,0 76.0888313,26.0367309,0 76.0892413,26.03674,0 76.0897698,26.0372321,0 76.0899976,26.0381615,0 76.0902072,26.0388996,0 76.0903074,26.0393552,0 76.0903165,26.0409133,0 76.0902436,26.0416878,0 76.0899612,26.0424168,0 76.089378,26.043164,0 76.0890773,26.0439476,0 76.0890682,26.0444852,0 76.0893324,26.0449773,0 76.08987,26.0452233,0 76.0909453,26.0451504,0 76.0920387,26.0446948,0 76.0922392,26.0442483,0 76.092467,26.0437654,0 76.0929499,26.0436925,0 76.0935877,26.0437198,0 76.0939978,26.0438656,0 76.0945901,26.0436925,0 76.0949545,26.0435011,0 76.096048,26.0430182,0 76.0970139,26.043164,0 76.0980071,26.0430546,0 76.0987725,26.0430728,0 76.0998021,26.0430637,0 76.1002304,26.0428906,0 76.1010322,26.0428633,0 76.10126,26.0431275,0 76.1010505,26.0433827,0 76.1005766,26.04382,0 76.1001757,26.0440843,0 76.0999844,26.0443941,0 76.1003033,26.0450593,0 76.1009594,26.0450957,0 76.101415,26.0449408,0 76.1018888,26.0448588,0 76.1023353,26.0450137,0 76.1026633,26.0454237,0 76.1029913,26.0461345,0 76.1031553,26.0466903,0 76.1032374,26.0472644,0 76.1038296,26.0480845,0 76.104431,26.0483305,0 76.105971,26.048048,0 76.1064812,26.0478658,0 76.1068822,26.0477655,0 76.1072466,26.0479478,0 76.1073651,26.0482849,0 76.1073104,26.0488134,0 76.1074562,26.0496699,0 76.1074289,26.0501438,0 76.1070917,26.0507087,0 76.1067364,26.0511005,0 76.1065177,26.051465,0 76.106463,26.052522,0 76.1062625,26.0538888,0 76.1064721,26.0554014,0 76.1064174,26.0577796,0 76.1057796,26.0587546,0 76.1053604,26.0593742,0 76.1051964,26.0599392,0 76.10516,26.0602945,0 76.105242,26.0609506,0 76.1043399,26.0605314,0 76.1039481,26.0605861,0 76.103292,26.0606317,0 76.1022715,26.0607957,0 76.1016428,26.0608504,0 76.1009594,26.0614244,0 76.1005311,26.0614426,0 76.1003397,26.0611693,0 76.1001484,26.0608321,0 76.0997657,26.0606408,0 76.0988818,26.060659,0 76.0985264,26.0613151,0 76.0981529,26.0615064,0 76.0979251,26.0613151,0 76.0977701,26.0610873,0 76.0975788,26.0608504,0 76.0971688,26.0605588,0 76.0966311,26.0602672,0 76.0959204,26.0602399,0 76.0950274,26.0601579,0 76.0941345,26.0600667,0 76.0934693,26.0600212,0 76.0929135,26.0599938,0 76.0909544,26.0599483,0 76.0900978,26.0597478,0 76.0898518,26.0592193,0 76.0893871,26.0588002,0 76.0891593,26.0585815,0 76.088403,26.0584357,0 76.0880385,26.0584539,0 76.0871638,26.0586908,0 76.0861615,26.0590097,0 76.0855692,26.0597387,0 76.0852503,26.0601123,0 76.0850862,26.0603583,0 76.0843208,26.0608048,0 76.0837012,26.0610417,0 76.0832456,26.0614335,0 76.0831818,26.062281,0 76.0832092,26.0630919,0 76.0835554,26.0660533,0 76.083036,26.066354,0 76.0833185,26.0677299,0 76.0792728,26.0687323,0 76.0803844,26.0740354,0 76.0814961,26.0760765,0 76.0812592,26.0800858,0 76.0816054,26.0820358,0 76.0829176,26.0860633,0 76.0822068,26.0872661,0 76.0831909,26.0899815,0 76.0819153,26.0907651,0 76.0857605,26.0972893,0 76.0881661,26.1018271,0 76.0881114,26.1032485,0 76.0880203,26.1044149,0 76.0869086,26.1045242,0 76.085232,26.1045607,0 76.0839563,26.104834,0 76.0823709,26.1051074,0 76.081569,26.1057817,0 76.0803298,26.1063648,0 76.0800382,26.1076952,0 76.0781793,26.1082055,0 76.0782522,26.109554,0 76.0793821,26.1122876,0 76.0789083,26.1125428,0 76.080512,26.11801,0 76.0786349,26.1185385,0 76.0765574,26.119559,0 76.0702883,26.1257005,0 76.0632903,26.1310037,0 76.0618871,26.1302565,0 76.0603745,26.1290719,0 76.0593722,26.1276687,0 76.0587708,26.1266846,0 76.058953,26.1236959,0 76.0588983,26.1219281,0 76.0580236,26.119559,0 76.0569848,26.117281,0 76.0559643,26.1147661,0 76.0555269,26.1140189,0 76.0543423,26.1134175,0 76.0492032,26.1125974,0 76.0469252,26.1127797,0 76.0447018,26.1132535,0 76.0423509,26.1144745,0 76.0404921,26.1148754,0 76.0392346,26.1148572,0 76.0385968,26.1145839,0 76.0356992,26.1129802,0 76.0343688,26.1122694,0 76.0334576,26.1113218,0 76.0327104,26.1103741,0 76.0314348,26.1096452,0 76.0301408,26.1091349,0 76.0287558,26.108734,0 76.0276988,26.1086975,0 76.026332,26.1091349,0 76.0249288,26.1090802,0 76.0228148,26.1086064,0 76.0207008,26.1089526,0 76.0180948,26.1085699,0 76.0167826,26.1094265,0 76.0150331,26.1101372,0 76.013229,26.110611,0 76.0111697,26.1111031,0 76.0094384,26.1117227,0 76.0066683,26.1120507,0 76.0015656,26.1142012,0 75.9994698,26.1159324,0 75.9971918,26.116789,0 75.9948227,26.1164609,0 75.9937657,26.1166341,0 75.9941029,26.1189758,0 75.9945403,26.1217914,0 75.994686,26.1242973,0 75.9952145,26.1286801,0 75.9956975,26.1336188,0 75.9962807,26.1352134,0 75.997365,26.1382568,0 75.997939,26.1407353,0 75.997529,26.1414278,0 75.9978479,26.1434871,0 75.9983491,26.1478244,0 75.9988593,26.151934,0 75.9995154,26.153155,0 75.9998981,26.1558157,0 75.9992238,26.1569547,0 75.99639,26.1588864,0 75.9943854,26.1601348,0 75.9938295,26.1605084,0 75.9940118,26.161456,0 75.9987227,26.1618114,0 75.9996885,26.1613831,0 76.0002353,26.1611553,0 76.0010189,26.1610551,0 76.0013014,26.1612009,0 76.0018572,26.1621394,0 76.0023037,26.1637249,0 76.0019665,26.1656566,0 76.0013469,26.1657204,0 75.9998799,26.1679984,0 75.998668,26.1704496,0 75.9983126,26.1715794,0 75.9987227,26.1723813,0 76.0008549,26.1738392,0 76.0010462,26.1742857,0 76.0027137,26.1782221,0 76.0024039,26.178377,0 76.0040623,26.1833977,0 76.0030873,26.1837986,0 76.0042445,26.1856666,0 76.0033607,26.1872521,0 76.0025497,26.1869969,0 76.0017843,26.1869241,0 76.0017661,26.1873888,0 76.0037252,26.1884822,0 76.0024768,26.1888831,0 76.002413,26.1893387,0 76.0017114,26.189521,0 76.0014472,26.1892476,0 76.0007273,26.1893661,0 76.0005451,26.1900859,0 76.0005451,26.1909607,0 76.0009095,26.1909424,0 76.001192,26.1917534,0 75.9986589,26.1920997,0 75.9987865,26.1928469,0 75.9964173,26.1933754,0 75.9964629,26.1937307,0 75.9958524,26.194159,0 75.995415,26.194487,0 75.9947407,26.194323,0 75.9938933,26.1946146,0 75.9897382,26.1962274,0 75.986057,26.1964917,0 75.9829601,26.1965046,0 75.9808659,26.1953677,0 75.9808338,26.1962148,0 75.9807908,26.1966673,0 75.9805977,26.197062,0 75.9798682,26.1978706,0 75.9798252,26.1985638,0 75.9800506,26.2003736,0 75.9807157,26.2021833,0 75.9821319,26.2046765,0 75.9813702,26.2049846,0 75.98225,26.2090371,0 75.9833658,26.2115398,0 75.9873462,26.2111066,0 75.9881294,26.2140039,0 75.9887731,26.2160252,0 75.9898138,26.2195672,0 75.9902215,26.2214344,0 75.9951138,26.2207222,0 75.9974956,26.2204623,0 76.0005426,26.2205201,0 76.0050058,26.220164,0 76.006937,26.2202217,0 76.0072803,26.2208088,0 76.0080528,26.2209051,0 76.0098445,26.220857,0 76.0100806,26.2202795,0 76.0126233,26.2206548,0 76.0155737,26.2212901,0 76.0205948,26.2226375,0 76.0226977,26.2230321,0 76.027987,26.2233113,0 76.0270107,26.2267761,0 76.0265708,26.2296441,0 76.0262382,26.2324831,0 76.0258627,26.2361305,0 76.025691,26.2406631,0 76.0254872,26.2436944,0 76.0257339,26.2471778,0 76.0254335,26.2500357,0 76.0254335,26.2514695,0 76.0254335,26.2523836,0 76.0257876,26.2528551,0 76.0267532,26.253009,0 76.0276866,26.2525471,0 76.0291242,26.25222,0 76.0312271,26.2517966,0 76.0369393,26.2508735,0 76.0378039,26.2508344,0 76.0394132,26.2505168,0 76.0407114,26.2506997,0 76.0419238,26.2506997,0 76.0437262,26.2502282,0 76.0463869,26.2497855,0 76.0471487,26.2491505,0 76.0481465,26.2484673,0 76.050818,26.2480439,0 76.0509574,26.2467544,0 76.0521376,26.2464176,0 76.0559142,26.2454554,0 76.0576844,26.2448106,0 76.0585534,26.2441178,0 76.0622334,26.2436559,0 76.0622978,26.2444065,0 76.0664821,26.2442525,0 76.0666215,26.2454842,0 76.0684454,26.2451378,0 76.0704946,26.244445,0 76.0742283,26.2430208,0 76.0745609,26.2434923,0 76.0772324,26.24304,0 76.0797644,26.2424819,0 76.0824358,26.241125,0 76.087017,26.2400954,0 76.0966408,26.2395661,0 76.1001599,26.2403841,0 76.1018765,26.2408267,0 76.1023271,26.2449454,0 76.1040437,26.2450993,0 76.1044836,26.2474858,0 76.1061573,26.2479958,0 76.106391,26.2483421,0 76.1120045,26.2479476,0 76.112807,26.2482291,0 76.1152446,26.2491745,0 76.1164516,26.2497855,0 76.1174762,26.250488,0 76.1194396,26.2528743,0 76.1200619,26.2541829,0 76.1200189,26.2552798,0 76.1199116,26.2559341,0 76.1184096,26.2575891,0 76.116929,26.2587629,0 76.1154485,26.2591863,0 76.1135387,26.2593017,0 76.1110496,26.2600715,0 76.1107063,26.2608989,0 76.1104917,26.2618611,0 76.1102986,26.2645165,0 76.1111998,26.2684227,0 76.1110496,26.2703276,0 76.1104703,26.271713,0 76.1102128,26.2733292,0 76.1103844,26.2765424,0 76.1187744,26.2777546,0 76.1201906,26.2791206,0 76.1215639,26.2802365,0 76.1213708,26.2810061,0 76.1210918,26.2815256,0 76.1201262,26.2833341,0 76.1193108,26.2840652,0 76.1193108,26.2847001,0 76.1200619,26.2847578,0 76.1210918,26.2845077,0 76.1216926,26.2844884,0 76.1228943,26.284777,0 76.1235165,26.2852965,0 76.1236882,26.2863546,0 76.1237311,26.287355,0 76.1235595,26.2881438,0 76.1229372,26.2890095,0 76.1222291,26.2896636,0 76.1223364,26.2902793,0 76.1231303,26.2904139,0 76.1240101,26.2900292,0 76.12504,26.2900676,0 76.1267137,26.2901253,0 76.1279368,26.2903754,0 76.1288166,26.2908564,0 76.131134,26.2925109,0 76.131885,26.2941268,0 76.1323786,26.2961852,0 76.1351466,26.2959736,0 76.1349535,26.2951464,0 76.1364341,26.2951272,0 76.1373353,26.2966277,0 76.1380219,26.2962622,0 76.1397815,26.3000326,0 76.1400389,26.3037644,0 76.1403608,26.3082463,0 76.142571,26.3089195,0 76.1441803,26.3099967,0 76.1447382,26.3104006,0 76.1452746,26.311093,0 76.1442017,26.3118047,0 76.1441803,26.312978,0 76.1443305,26.313882,0 76.1433863,26.3155169,0 76.1418843,26.3166133,0 76.1400604,26.3170172,0 76.1385155,26.3179596,0 76.1370992,26.3196329,0 76.1358976,26.3192482,0 76.1351466,26.3190559,0 76.1348676,26.3194598,0 76.1352539,26.3207484,0 76.1354899,26.3210177,0 76.1376142,26.3214216,0 76.1388373,26.3217101,0 76.1405968,26.3222678,0 76.141026,26.3242488,0 76.1404252,26.3260374,0 76.1397815,26.326999,0 76.1378503,26.3281529,0 76.1364984,26.3289799,0 76.1346745,26.329903,0 76.1343527,26.3311146,0 76.132164,26.3319415,0 76.1295891,26.3334993,0 76.1293101,26.3345954,0 76.1250186,26.33473,0 76.1266494,26.3394222,0 76.124053,26.3399799,0 76.1239671,26.3454795,0 76.125834,26.3457103,0 76.1276793,26.349556,0 76.1305547,26.3502097,0 76.1341166,26.3504213,0 76.1365628,26.349979,0 76.1384296,26.3547283,0 76.1404252,26.3579777,0 76.1413479,26.3601887,0 76.1399102,26.3621883,0 76.1386442,26.3638802,0 76.1365628,26.3641109,0 76.1345672,26.3649953,0 76.1337518,26.3657066,0 76.1332154,26.366764,0 76.1289882,26.3682636,0 76.1289668,26.3708013,0 76.129632,26.3753767,0 76.1312413,26.3786255,0 76.1346102,26.384104,0 76.1366915,26.3878524,0 76.1386013,26.3918889,0 76.1413264,26.3991928,0 76.1420774,26.4010571,0 76.1440301,26.4025754,0 76.1461973,26.4055544,0 76.1494589,26.4094942,0 76.1512828,26.4117812,0 76.1483645,26.4170083,0 76.1479139,26.4187186,0 76.1482143,26.4227925,0 76.1484504,26.4258478,0 76.1509609,26.4284035,0 76.1515403,26.4314394,0 76.1526346,26.4365312,0 76.1532998,26.4402394,0 76.1527204,26.44291,0 76.150403,26.4430061,0 76.1473989,26.4434864,0 76.1450815,26.4440244,0 76.1420774,26.4449466,0 76.1392021,26.4465988,0 76.1378932,26.4483663,0 76.1372709,26.4499417,0 76.1358547,26.4520741,0 76.1342883,26.4537839,0 76.1331081,26.4562813,0 76.1322927,26.4586826,0 76.1319494,26.4602194,0 76.1326146,26.4605075,0 76.1340737,26.4595471,0 76.1365413,26.4600081,0 76.1376786,26.4616793,0 76.1380863,26.4632161,0 76.1380005,26.4642534,0 76.1379146,26.4649257,0 76.1378073,26.4657901,0 76.139245,26.4668082,0 76.1409402,26.467711,0 76.141541,26.468729,0 76.1413908,26.4701697,0 76.1419487,26.4702849,0 76.1425495,26.4697855,0 76.1433863,26.4699008,0 76.1442017,26.4704002,0 76.1449957,26.4704002,0 76.1462831,26.4694974,0 76.1510896,26.467346,0 76.1563039,26.4741265,0 76.1572695,26.4738,0 76.1585784,26.4741265,0 76.1595869,26.4748372,0 76.162548,26.4792932,0 76.1641359,26.4802343,0 76.1661744,26.4818477,0 76.1680198,26.4836722,0 76.1706161,26.4842292,0 76.1716246,26.4845557,0 76.1737704,26.4850743,0 76.1756587,26.4864379,0 76.1716947,26.4898344,0 76.1687919,26.4942283,0 76.1656554,26.4972097,0 76.1629864,26.4989184,0 76.1581355,26.5008013,0 76.152291,26.502754,0 76.1504792,26.5046892,0 76.1492324,26.5077052,0 76.148531,26.5137284,0 76.1494077,26.5167355,0 76.1515647,26.5189519,0 76.1495447,26.5216745,0 76.1446953,26.5253608,0 76.1433434,26.5263399,0 76.1399317,26.5276838,0 76.1375284,26.5293733,0 76.1353612,26.5302372,0 76.1332798,26.5311587,0 76.1318636,26.5322722,0 76.1311769,26.532253,0 76.1302757,26.5320226,0 76.1277866,26.5310627,0 76.1255979,26.5295653,0 76.123302,26.5282406,0 76.1214995,26.5282598,0 76.1198687,26.5292005,0 76.1183023,26.5304868,0 76.116457,26.5325793,0 76.1148476,26.5346719,0 76.1141181,26.5353054,0 76.1133241,26.5356701,0 76.1079597,26.5360349,0 76.1004281,26.5387609,0 76.0971021,26.5329057,0 76.0968017,26.531869,0 76.0963082,26.5308707,0 76.0952568,26.5300644,0 76.0929608,26.5295653,0 76.088798,26.5290085,0 76.0871672,26.5251304,0 76.085515,26.5250536,0 76.0841417,26.5238824,0 76.0831547,26.5226153,0 76.0810518,26.5234216,0 76.070559,26.5276838,0 76.0683489,26.5224233,0 76.0675335,26.5193321,0 76.0662031,26.5171625,0 76.0653877,26.5155113,0 76.0647225,26.5138792,0 76.0642504,26.5113831,0 76.0638857,26.5099238,0 76.0633063,26.5092133,0 76.0604739,26.5088293,0 76.0585856,26.5090213,0 76.0564828,26.508138,0 76.0524273,26.5084068,0 76.0500026,26.5096549,0 76.0519337,26.5123047,0 76.0475564,26.5137832,0 76.0465479,26.5133032,0 76.040883,26.5133416,0 76.0376858,26.513572,0 76.0346603,26.5145704,0 76.0316777,26.5150889,0 76.0309267,26.5184105,0 76.0309911,26.5208105,0 76.0252833,26.5208681,0 76.0244036,26.5176425,0 76.0240173,26.5162025,0 76.0225582,26.511095,0 76.0197472,26.5118247,0 76.0179019,26.5075811,0 76.0149193,26.5091173,0 76.0128808,26.5108454,0 76.0110998,26.5067747,0 76.0096541,26.5018815,0 76.0088134,26.4998609,0 76.0024845,26.5004282,0 75.9983003,26.5009083,0 75.9959292,26.5015516,0 75.9960794,26.5031166,0 75.991627,26.5045568,0 75.9903288,26.5052097,0 75.9906292,26.5072259,0 75.9850287,26.5094053,0 75.9835052,26.5047296,0 75.9775507,26.5061314,0 75.9733558,26.5071395,0 75.9721219,26.5044128,0 75.9712636,26.5036063,0 75.9700084,26.5024157,0 75.9691179,26.5018876,0 75.9678626,26.4989207,0 75.9652877,26.4930924,0 75.9630775,26.487859,0 75.9624231,26.486169,0 75.9612644,26.4858905,0 75.9589469,26.4868796,0 75.955739,26.4883392,0 75.9551918,26.4888193,0 75.9552133,26.4899428,0 75.9556639,26.4925642,0 75.953207,26.4928427,0 75.948261,26.4936205,0 75.9376609,26.4949168,0 75.9351826,26.4967507,0 75.9352791,26.4977877,0 75.93485,26.4980278,0 75.9353113,26.5006874,0 75.9333587,26.5007546,0 75.9333694,26.5015996,0 75.932908,26.5016476,0 75.9329831,26.5034142,0 75.9324896,26.503539,0 75.9328544,26.5072547,0 75.9294748,26.5080132,0 75.9293568,26.508378,0 75.9286165,26.5084836,0 75.9282946,26.5087812,0 75.9264493,26.5090981,0 75.9260201,26.5088485,0 75.9216857,26.5095109,0 75.9204411,26.5092421,0 75.9191215,26.5098085,0 75.9151733,26.510903,0 75.9135103,26.5111238,0 75.9105384,26.5115271,0 75.9102917,26.5113158,0 75.9069335,26.5120935,0 75.9069657,26.5127943,0 75.9063542,26.5128807,0 75.9061074,26.5123719,0 75.9046376,26.5124103,0 75.9042191,26.5109606,0 75.9038007,26.5099429,0 75.9029639,26.5087524,0 75.9010649,26.5091077,0 75.8976853,26.510183,0 75.895915,26.511191,0 75.8948421,26.5118631,0 75.8937049,26.5107686,0 75.8931255,26.5101446,0 75.890969,26.5110278,0 75.8874071,26.5126791,0 75.8829009,26.5146664,0 75.8811951,26.5151944,0 75.8814847,26.5165097,0 75.8815813,26.5183049,0 75.8814096,26.5189385,0 75.8797896,26.5194665,0 75.8773327,26.5198793,0 75.8772254,26.5193609,0 75.8746934,26.5196201,0 75.8723116,26.5199849,0 75.8708417,26.5201097,0 75.869447,26.5199081,0 75.8671617,26.5194281,0 75.8650374,26.5189289,0 75.8654129,26.5180457,0 75.8641684,26.5178057,0 75.8621728,26.5177481,0 75.8608854,26.5178249,0 75.8595979,26.5182953,0 75.8588576,26.5187753,0 75.8591688,26.5195145,0 75.857892,26.5199561,0 75.8585036,26.5213385,0 75.855875,26.5219145,0 75.8554244,26.5203977,0 75.8541477,26.5209833,0 75.8536541,26.5203209,0 75.8531821,26.5192169,0 75.8524418,26.5194281,0 75.8507788,26.5199177,0 75.8499205,26.5200617,0 75.849266,26.5195913,0 75.8473027,26.5173065,0 75.8455539,26.5146472,0 75.8445668,26.5132744,0 75.8437943,26.5138888,0 75.8415627,26.51506,0 75.8398461,26.5158569,0 75.8389342,26.5160297,0 75.836885,26.5163177,0 75.8358014,26.5167593,0 75.8347607,26.5173353,0 75.8342564,26.5175081,0 75.8334839,26.5177001,0 75.8325076,26.5177673,0 75.8317459,26.5178153,0 75.8312201,26.5179689,0 75.8304584,26.5179881,0 75.829879,26.5179401,0 75.8293641,26.5178153,0 75.8285594,26.5176041,0 75.827862,26.5175273,0 75.8274007,26.5174025,0 75.8271325,26.5171529,0 75.8266926,26.5168649,0 75.826596,26.5169801,0 75.8263492,26.5174121,0 75.8259737,26.5174409,0 75.8255768,26.5172297,0 75.825094,26.5168745,0 75.824933,26.5169321,0 75.8246755,26.5171433,0 75.8242357,26.5176041,0 75.8231306,26.5187753,0 75.8227014,26.5188617,0 75.8224547,26.5186505,0 75.8221435,26.5186505,0 75.8218968,26.5187561,0 75.8215105,26.5187945,0 75.8209634,26.5187945,0 75.8207273,26.5188521,0 75.8205235,26.5190921,0 75.8202982,26.5193705,0 75.8198261,26.5193801,0 75.8193004,26.5195913,0 75.8182812,26.5200617,0 75.8176803,26.5202633,0 75.817219,26.5202729,0 75.8168757,26.5201577,0 75.8161354,26.5201673,0 75.815202,26.5205129,0 75.8147514,26.5211561,0 75.8145261,26.5218281,0 75.8138823,26.5219529,0 75.8127236,26.5221449,0 75.8122776,26.5225467,0 75.8119297,26.5229033,0 75.8113802,26.5234664,0 75.8112109,26.5236808,0 75.8105582,26.5232682,0 75.8097947,26.5228649,0 75.8090866,26.5230281,0 75.8083677,26.5232488,0 75.8080888,26.5234792,0 75.8077991,26.52394,0 75.807606,26.5244104,0 75.8072305,26.5249,0 75.8070052,26.5251112,0 75.8064365,26.5251496,0 75.805943,26.5250824,0 75.8051813,26.5247464,0 75.8042586,26.5245064,0 75.8036792,26.5244776,0 75.8035397,26.5246888,0 75.8035827,26.5251016,0 75.803647,26.5254471,0 75.803647,26.5258695,0 75.8034432,26.5261671,0 75.8030355,26.5263591,0 75.8025527,26.5264455,0 75.8021021,26.5265031,0 75.8013403,26.5266663,0 75.8008683,26.5271654,0 75.800482,26.527895,0 75.8000636,26.5281542,0 75.7996988,26.5280678,0 75.799098,26.5278662,0 75.7986581,26.5280774,0 75.7982182,26.528279,0 75.797714,26.5288837,0 75.796566,26.5289317,0 75.7957184,26.5290661,0 75.7952249,26.5293253,0 75.7945597,26.530122,0 75.7961476,26.5307267,0 75.79795,26.5316578,0 75.80001,26.5328001,0 75.8009219,26.5334336,0 75.8018446,26.5342207,0 75.8024454,26.5348255,0 75.8029711,26.535507,0 75.8032071,26.5365052,0 75.8027244,26.5379162,0 75.8026814,26.5385305,0 75.8027244,26.539164,0 75.8028853,26.5396343,0 75.8032393,26.5399702,0 75.8038616,26.540383,0 75.8042586,26.5406997,0 75.8045912,26.5410356,0 75.8045804,26.5416979,0 75.8042478,26.5422834,0 75.8035183,26.5426865,0 75.8021986,26.5428305,0 75.8022737,26.5439151,0 75.8026385,26.5442606,0 75.8034003,26.5445389,0 75.8040011,26.5449228,0 75.8037972,26.5453355,0 75.8025634,26.5464585,0 75.8013725,26.5472071,0 75.7989049,26.5484548,0 75.7973814,26.5500384,0 75.7966517,26.5507006,0 75.7957721,26.5495105,0 75.7958579,26.5490594,0 75.7963085,26.5486275,0 75.7955038,26.5470631,0 75.7931006,26.5477062,0 75.7902574,26.5484644,0 75.7879615,26.5465928,0 75.7850969,26.5454027,0 75.7830262,26.5436271,0 75.7810521,26.5449996,0 75.7789707,26.5432912,0 75.7783592,26.5425041,0 75.7753229,26.5434064,0 75.7748723,26.5430704,0 75.7746041,26.5429169,0 75.7740891,26.5427921,0 75.7725441,26.5428497,0 75.772866,26.5418035,0 75.7731342,26.5396247,0 75.7716536,26.5394615,0 75.7721472,26.5354974,0 75.7704306,26.5350846,0 75.7701194,26.5329345,0 75.7699585,26.531869,0 75.7700014,26.5308995,0 75.7728445,26.5311299,0 75.7731128,26.5318882,0 75.7748186,26.5315331,0 75.7750761,26.5321954,0 75.7759023,26.5320898,0 75.7758915,26.5312931,0 75.7776403,26.5308227,0 75.7767928,26.5279334,0 75.7798505,26.5271654,0 75.7792818,26.5242664,0 75.7772434,26.5237384,0 75.7758486,26.5229609,0 75.7744539,26.5219049,0 75.7725441,26.5202057,0 75.7691431,26.5198793,0 75.7683384,26.5181513,0 75.7660639,26.5177385,0 75.7623303,26.5170089,0 75.7609355,26.5175081,0 75.7599592,26.5178633,0 75.7602274,26.5143496,0 75.7604313,26.5117575,0 75.7609355,26.5073123,0 75.7618153,26.5067554,0 75.7636607,26.5055169,0 75.7664502,26.5042591,0 75.7670402,26.5026557,0 75.7679415,26.5006394,0 75.7692397,26.4986231,0 75.7675552,26.4981238,0 75.7661712,26.4978741,0 75.764991,26.4976629,0 75.7647979,26.4973556,0 75.7647979,26.4969332,0 75.7650876,26.496309,0 75.7666647,26.4943214,0 75.7679629,26.493294,0 75.7702374,26.4916136,0 75.7721901,26.4903653,0 75.7734024,26.4891458,0 75.7738745,26.4881471,0 75.7738638,26.4873501,0 75.7735097,26.4864955,0 75.7716858,26.4845461,0 75.7697117,26.4827215,0 75.7689607,26.4817228,0 75.768553,26.4808393,0 75.768553,26.4797541,0 75.7688641,26.4789859,0 75.7703447,26.4761625,0 75.7709992,26.4747891,0 75.7711279,26.4732429,0 75.7708812,26.4716103,0 75.7698941,26.4687386,0 75.768671,26.4665008,0 75.766418,26.4670867,0 75.7626521,26.4678935,0 75.7582319,26.4688731,0 75.7551312,26.4691612,0 75.7532644,26.4693245,0 75.7512045,26.4693725,0 75.7491016,26.4691516,0 75.7479322,26.4688059,0 75.7477391,26.4695358,0 75.7471275,26.469651,0 75.7469237,26.4683449,0 75.7469129,26.4667698,0 75.7474601,26.4633602,0 75.7470417,26.4628895,0 75.7481146,26.460642,0 75.747267,26.4585481,0 75.7445311,26.4525832,0 75.7439732,26.4527657,0 75.7435548,26.4519685,0 75.7442737,26.4516515,0 75.7437587,26.4507005,0 75.7430613,26.4508542,0 75.7409709,26.4470519,0 75.7373965,26.4488562,0 75.7360875,26.4497399,0 75.7358408,26.4501626,0 75.7358837,26.4508446,0 75.7366133,26.4518916,0 75.7369459,26.4524295,0 75.7375252,26.4533709,0 75.7374716,26.4540817,0 75.7366991,26.4556666,0 75.735594,26.4573187,0 75.7340491,26.4587114,0 75.7323539,26.4606132,0 75.7303262,26.4631104,0 75.7290816,26.4648008,0 75.7271504,26.466837,0 75.7255089,26.4647912,0 75.7216358,26.4594222,0 75.7191574,26.4559643,0 75.7168615,26.4535053,0 75.7156384,26.4525448,0 75.7148659,26.451565,0 75.7134175,26.4494998,0 75.7098663,26.4466468,0 75.702281,26.4470503,0 75.698601,26.4473577,0 75.6950927,26.4473769,0 75.6948674,26.4494037,0 75.6947172,26.4501722,0 75.6943953,26.4506333,0 75.6938696,26.450835,0 75.6919277,26.4513633,0 75.6893635,26.4520069,0 75.6888056,26.4525256,0 75.6873894,26.4532748,0 75.6848466,26.4534189,0 75.6830656,26.4533805,0 75.6823897,26.4546196,0 75.6818855,26.4562813,0 75.6813168,26.4577797,0 75.6811345,26.4584809,0 75.6817138,26.4604883,0 75.6792998,26.4605652,0 75.6764781,26.4605748,0 75.6742358,26.4611126,0 75.6718326,26.4615353,0 75.6687426,26.4615545,0 75.6659102,26.4614584,0 75.6596339,26.4611607,0 75.6584644,26.4612087,0 75.6578743,26.4613624,0 75.6573808,26.4616601,0 75.6569731,26.4622556,0 75.656898,26.4632449,0 75.6568444,26.4641189,0 75.6562006,26.4648873,0 75.6554067,26.4654347,0 75.6535506,26.4660014,0 75.6520808,26.4659918,0 75.6516731,26.4634178,0 75.6518018,26.4616121,0 75.6517911,26.4599889,0 75.6512868,26.4578854,0 75.652864,26.4574723,0 75.6524455,26.4555801,0 75.6519735,26.4534861,0 75.6511581,26.4519973,0 75.6496453,26.4499897,0 75.6478751,26.4473385,0 75.6463945,26.4446488,0 75.6458259,26.4426891,0 75.6435943,26.4431502,0 75.6402361,26.4437362,0 75.6364596,26.4442453,0 75.6347322,26.444178,0 75.6337345,26.4443029,0 75.6323397,26.4447736,0 75.6304836,26.444764,0 75.6302583,26.4442837,0 75.6296682,26.4441877,0 75.6281876,26.4441396,0 75.6272542,26.4441492,0 75.6269216,26.4442453,0 75.6259775,26.4448793,0 75.6234455,26.443813,0 75.6215036,26.4433999,0 75.6184995,26.4426891,0 75.6159997,26.4418437,0 75.6145028,26.4404606,0 75.6121373,26.4407966,0 75.609144,26.4413538,0 75.6066656,26.4421511,0 75.6023741,26.4435632,0 75.6004321,26.4437938,0 75.5965912,26.4441877,0 75.5951965,26.4452155,0 75.5929863,26.4462242,0 75.589993,26.4471559,0 75.5881798,26.4476074,0 75.588094,26.4481646,0 75.5841458,26.4487025,0 75.582751,26.4481646,0 75.5815494,26.4479629,0 75.5810344,26.4457439,0 75.5786955,26.4461857,0 75.5787384,26.4447832,0 75.572859,26.4467525,0 75.5697477,26.447934,0 75.5698872,26.4510943,0 75.5702734,26.4553976,0 75.5705202,26.4602578,0 75.57096,26.4641958,0 75.5708635,26.4668562,0 75.5710673,26.4699776,0 75.5712819,26.4710436,0 75.5723011,26.4738768,0 75.5727732,26.4759032,0 75.5700374,26.4757783,0 75.5691254,26.4758936,0 75.567956,26.4763929,0 75.5658102,26.4778911,0 75.5649519,26.4787266,0 75.5637395,26.47937,0 75.5606067,26.4795717,0 75.5601025,26.4798022,0 75.5595124,26.4802919,0 75.558697,26.4810794,0 75.557946,26.4818092,0 75.5564546,26.4830192,0 75.5556178,26.4835282,0 75.555017,26.4836722,0 75.5541372,26.4836434,0 75.5534184,26.4835666,0 75.5526781,26.4836146,0 75.5523455,26.4837875,0 75.5520022,26.4842868,0 75.5516803,26.4851223,0 75.5515516,26.48566,0 75.5512404,26.4861882,0 75.5506718,26.4865915,0 75.5496097,26.4868508,0 75.5483651,26.486822,0 75.5471206,26.4864667,0 75.546112,26.4857849,0 75.5456722,26.4851319,0 75.5455756,26.4845269,0 75.5455112,26.483653,0 75.5457258,26.482299,0 75.5458116,26.4815788,0 75.5453396,26.4812619,0 75.5441594,26.4811178,0 75.5424428,26.4808873,0 75.5414128,26.4804168,0 75.5400503,26.4795141,0 75.538677,26.4785249,0 75.5374861,26.4779679,0 75.5352437,26.4771324,0 75.5343747,26.4763449,0 75.533849,26.4756247,0 75.5334306,26.4740977,0 75.5329156,26.4727147,0 75.5320465,26.4711973,0 75.5307269,26.469968,0 75.5297291,26.4693821,0 75.5283451,26.4685177,0 75.5275404,26.4678743,0 75.5257165,26.4657709,0 75.5246222,26.4647624,0 75.523206,26.4641189,0 75.5213284,26.4633217,0 75.521028,26.4641862,0 75.520513,26.4649449,0 75.5193114,26.4655884,0 75.5173695,26.4660782,0 75.5155992,26.4660302,0 75.5131853,26.4658958,0 75.5113935,26.4656172,0 75.511018,26.4657133,0 75.5105889,26.4684313,0 75.510546,26.4692957,0 75.5113292,26.4704194,0 75.5112755,26.4708035,0 75.5088293,26.4710917,0 75.508765,26.4715238,0 75.5074775,26.4717063,0 75.5073166,26.4723786,0 75.5036366,26.4734062,0 75.501405,26.4768443,0 75.5001497,26.4792644,0 75.5016303,26.4821646,0 75.5016625,26.4825487,0 75.4974139,26.481838,0 75.4944956,26.4817324,0 75.4915988,26.4820013,0 75.4888844,26.4824334,0 75.4870713,26.4825871,0 75.4851723,26.4824622,0 75.482533,26.4824142,0 75.4815781,26.4824815,0 75.4799473,26.4834898,0 75.4782951,26.4846709,0 75.4768145,26.4856696,0 75.4750335,26.4869564,0 75.4738963,26.487715,0 75.4725659,26.4881855,0 75.4710638,26.4877918,0 75.4691434,26.4880031,0 75.4678237,26.4884256,0 75.4669976,26.4889921,0 75.4658282,26.4902981,0 75.4650342,26.4915176,0 75.4643369,26.4919689,0 75.462234,26.4926795,0 75.4600131,26.4932076,0 75.4579317,26.4943982,0 75.4561293,26.4955409,0 75.4553461,26.4958866,0 75.4545843,26.4960882,0 75.453769,26.495925,0 75.4529107,26.4952528,0 75.4511833,26.4934092,0 75.4495954,26.4921513,0 75.4477715,26.4912967,0 75.445894,26.4904325,0 75.4454112,26.4903461,0 75.4440057,26.4902789,0 75.4429436,26.4901925,0 75.4417956,26.4900292,0 75.4407442,26.4901348,0 75.4392958,26.4906054,0 75.4378044,26.4858329,0 75.4362273,26.4845941,0 75.4335236,26.4822894,0 75.4321289,26.4833937,0 75.4295325,26.483096,0 75.4248226,26.4851895,0 75.4238462,26.4845077,0 75.4205525,26.4856312,0 75.4183531,26.48711,0 75.416851,26.4872637,0 75.415113,26.4869756,0 75.4136109,26.4874942,0 75.4134822,26.4890882,0 75.412066,26.4904517,0 75.4108643,26.4920073,0 75.4098987,26.4936973,0 75.4092765,26.4951184,0 75.4081821,26.494984,0 75.407474,26.4938509,0 75.4074526,26.492353,0 75.407753,26.4903557,0 75.4092335,26.4868988,0 75.4105425,26.4831537,0 75.3991914,26.4834226,0 75.3952861,26.4843829,0 75.3941488,26.483461,0 75.3899002,26.4839987,0 75.3873306,26.4813099,0 75.3865635,26.4819821,0 75.3832269,26.4850262,0 75.3808987,26.4871677,0 75.3783452,26.4904613,0 75.3760171,26.4894915,0 75.3710925,26.4892034,0 75.3664684,26.4886561,0 75.3660607,26.4896451,0 75.363239,26.490615,0 75.3592479,26.4923914,0 75.3556323,26.4940622,0 75.3503752,26.4967795,0 75.349549,26.497394,0 75.3484869,26.4988535,0 75.3481543,26.4997273,0 75.3481543,26.503059,0 75.3461373,26.5027997,0 75.3459334,26.5039711,0 75.3448284,26.5040575,0 75.3445601,26.5055265,0 75.3435838,26.5058145,0 75.3436911,26.5081668,0 75.3443134,26.5146472,0 75.3445923,26.5181129,0 75.3448927,26.5191305,0 75.3416741,26.5200521,0 75.3383589,26.5211849,0 75.335505,26.5217033,0 75.3346896,26.5220585,0 75.3366423,26.5275206,0 75.3371036,26.5290661,0 75.3374469,26.5311683,0 75.3382945,26.5342015,0 75.3362882,26.5347871,0 75.3365028,26.5359293,0 75.3339386,26.5372635,0 75.3356659,26.5408821,0 75.3343677,26.5412084,0 75.3352046,26.5467656,0 75.3337026,26.5470535,0 75.3337026,26.5502687,0 75.3314173,26.5503839,0 75.3311813,26.5524281,0 75.3308272,26.5535606,0 75.3304946,26.5543379,0 75.3305054,26.5548946,0 75.3305751,26.5576633,0 75.330441,26.5577592,0 75.3299689,26.5579656,0 75.32969,26.5590596,0 75.3291419,26.5592077,0 75.3288156,26.5613916,0 75.3267449,26.5610893,0 75.3252214,26.5607774,0 75.3235477,26.5604463,0 75.3228289,26.5602592,0 75.3214341,26.5601776,0 75.3201252,26.560168,0 75.3193635,26.5601008,0 75.3179204,26.5596642,0 75.3159195,26.5592851,0 75.3144979,26.5591172,0 75.3132266,26.559074,0 75.3116226,26.5592803,0 75.3088224,26.5596546,0 75.3075349,26.5599233,0 75.3062689,26.5602784,0 75.304901,26.5603887,0 75.3029913,26.5603839,0 75.3009313,26.5604703,0 75.3003198,26.5603599,0 75.2994561,26.5600288,0 75.2977556,26.5591172,0 75.2956313,26.5582103,0 75.29414,26.5575481,0 75.2925521,26.5570155,0 75.2914578,26.5569099,0 75.2903259,26.5570827,0 75.2897304,26.5573226,0 75.289135,26.5575865,0 75.2885932,26.557908,0 75.2881962,26.5582631,0 75.2878529,26.5586997,0 75.287767,26.5591699,0 75.2878743,26.5598993,0 75.2885771,26.5615115,0 75.2887005,26.5620873,0 75.2888077,26.5627494,0 75.2886844,26.5631525,0 75.2884859,26.5636275,0 75.2882284,26.5638626,0 75.2875578,26.5642321,0 75.286898,26.5643616,0 75.2856481,26.5644768,0 75.2847415,26.5643952,0 75.2841568,26.5641745,0 75.2824777,26.5634452,0 75.2795756,26.5619098,0 75.2781969,26.5611037,0 75.2773654,26.5603839,0 75.276019,26.5582631,0 75.2752406,26.5572703,0 75.2731705,26.5557199,0 75.2708959,26.5547218,0 75.2702522,26.5542612,0 75.2699196,26.5536373,0 75.2699304,26.5527832,0 75.2702093,26.5516411,0 75.2704883,26.5505374,0 75.2703595,26.5499424,0 75.2701449,26.5494145,0 75.2697801,26.5490402,0 75.2687824,26.5489731,0 75.2674305,26.5491266,0 75.2644801,26.5492994,0 75.2614546,26.5496353,0 75.2603495,26.5496257,0 75.2594376,26.5492226,0 75.2580857,26.5483108,0 75.2562833,26.5472935,0 75.2550924,26.5467368,0 75.2528071,26.5457962,0 75.2515626,26.5449324,0 75.2503717,26.5436655,0 75.2501142,26.5426673,0 75.2502966,26.5405941,0 75.2503395,26.538137,0 75.2508008,26.5360349,0 75.2510369,26.5352478,0 75.251466,26.5344991,0 75.2518415,26.533856,0 75.2519274,26.533328,0 75.2517128,26.5323298,0 75.2512407,26.5314371,0 75.2505433,26.5309475,0 75.2498138,26.5308035,0 75.2487624,26.5308803,0 75.2471959,26.5303812,0 75.2451789,26.5298244,0 75.2421212,26.5287205,0 75.2397716,26.5275398,0 75.2384519,26.5267047,0 75.236274,26.5253032,0 75.2348685,26.5243912,0 75.2339458,26.5241896,0 75.23224,26.5244296,0 75.2306628,26.5246216,0 75.2292144,26.5243048,0 75.2261567,26.5235176,0 75.2245259,26.5223273,0 75.221951,26.5205993,0 75.2211678,26.5200137,0 75.2199876,26.5195433,0 75.2183032,26.5196777,0 75.2169728,26.5191209,0 75.2158785,26.5190537,0 75.2138507,26.5190921,0 75.2121019,26.5191593,0 75.2095485,26.5188425,0 75.2074885,26.5184489,0 75.2050424,26.5181129,0 75.2027035,26.5176905,0 75.2027142,26.5164041,0 75.2026176,26.515012,0 75.2025962,26.5134952,0 75.2025854,26.5125063,0 75.2018666,26.5112774,0 75.2017379,26.5088581,0 75.2012765,26.5077539,0 75.2006757,26.5066882,0 75.1989055,26.5054305,0 75.1972425,26.5045088,0 75.1964807,26.5039807,0 75.1963305,26.5035679,0 75.1962769,26.503011,0 75.1964593,26.5021661,0 75.1965237,26.5013403,0 75.1962447,26.5005338,0 75.1952791,26.4992952,0 75.1954508,26.4986039,0 75.1961267,26.4968083,0 75.1968026,26.4940238,0 75.1972532,26.4928619,0 75.1974571,26.4917384,0 75.1976395,26.4899044,0 75.1979291,26.4883296,0 75.1983261,26.4871004,0 75.1985192,26.4859289,0 75.198648,26.4845365,0 75.1992595,26.4825967,0 75.1994312,26.4814539,0 75.1971352,26.4814731,0 75.197103,26.4824046,0 75.1917922,26.485007,0 75.1908803,26.4859481,0 75.1896787,26.4870236,0 75.189228,26.486822,0 75.1884019,26.4864475,0 75.1864707,26.4861498,0 75.1856983,26.4856888,0 75.1839924,26.4850166,0 75.1830053,26.4846901,0 75.1819432,26.4839603,0 75.1813853,26.4834706,0 75.1809347,26.4827407,0 75.1807094,26.4820781,0 75.1803982,26.4812811,0 75.1797759,26.4805416,0 75.178982,26.4802439,0 75.1778877,26.4796485,0 75.1771474,26.4790435,0 75.1769864,26.4784961,0 75.1768684,26.4772573,0 75.1764071,26.4763449,0 75.1750231,26.4742897,0 75.1716542,26.4692765,0 75.1716649,26.4672308,0 75.1717329,26.4632754,0 75.168905,26.4629105,0 75.1725716,26.4478201,0 75.173868,26.4454672,0 75.174289,26.4446469,0 75.1737813,26.4438487,0 75.1726175,26.4422967,0 75.1702898,26.4402791,0 75.1697698,26.4393478,0 75.169745,26.4381062,0 75.1698441,26.4361771,0 75.1695222,26.4344476,0 75.168705,26.4336272,0 75.1681602,26.4324963,0 75.1679126,26.4311881,0 75.1677145,26.4276845,0 75.1679126,26.4258662,0 75.1677145,26.4249348,0 75.167145,26.4240922,0 75.1665507,26.4234935,0 75.1658326,26.422806,0 75.1650649,26.4224512,0 75.1645945,26.4213424,0 75.1647678,26.4205884,0 75.1664764,26.4199897,0 75.1676898,26.4195462,0 75.1680364,26.4187922,0 75.1678631,26.4177942,0 75.1672688,26.4169293,0 75.1663526,26.4160201,0 75.1633563,26.4151552,0 75.1566952,26.4136249,0 75.1481522,26.4130483,0 75.1429026,26.4123608,0 75.1366872,26.4112741,0 75.1345329,26.4106531,0 75.1310414,26.4088789,0 75.1289613,26.4046871,0 75.127847,26.4021143,0 75.1276489,26.3981663,0 75.1278966,26.3939741,0 75.1308185,26.3903364,0 75.1329728,26.3851235,0 75.1344834,26.3790674,0 75.1349538,26.3778917,0 75.1377768,26.3766715,0 75.1400054,26.3758507,0 75.1427045,26.3752295,0 75.1431502,26.3741868,0 75.1430512,26.3727226,0 75.1425807,26.370859,0 75.1423083,26.3693726,0 75.1414416,26.3653791,0 75.1400054,26.3650241,0 75.1368853,26.3655566,0 75.1359443,26.3655566,0 75.1340624,26.3646247,0 75.1294566,26.3589448,0 75.125247,26.3547734,0 75.1253213,26.353442,0 75.125767,26.3501802,0 75.1269556,26.3428574,0 75.1279956,26.3407937,0 75.1284166,26.3377312,0 75.128788,26.3334037,0 75.1294566,26.3255472,0 75.1307442,26.3229504,0 75.1316852,26.3213968,0 75.1324281,26.320287,0 75.1340872,26.3184226,0 75.1349291,26.3166913,0 75.1344586,26.3125628,0 75.1332948,26.305615,0 75.1320814,26.3024185,0 75.129828,26.2971572,0 75.1287137,26.2949816,0 75.1267822,26.293472,0 75.1235136,26.2928504,0 75.117843,26.2904527,0 75.1144258,26.2896757,0 75.1121477,26.2880994,0</coordinates></LinearRing></outerBoundaryIs></Polygon>
    </Placemark>
  </Folder>
  <Folder><name>Fire Incidents</name>
    <Placemark><name>Fire 2018-03-25</name>
      <description>Brightness: 365.2</description>
      <styleUrl>#firepoint</styleUrl>
      <Point><coordinates>76.0637,26.0776,0</coordinates></Point>
    </Placemark>
    <Placemark><name>Fire 2018-04-07</name>
      <description>Brightness: 385.5</description>
      <styleUrl>#firepoint</styleUrl>
      <Point><coordinates>76.1648,25.9623,0</coordinates></Point>
    </Placemark>
    <Placemark><name>Fire 2019-03-21</name>
      <description>Brightness: 383.8</description>
      <styleUrl>#firepoint</styleUrl>
      <Point><coordinates>76.1417,25.8681,0</coordinates></Point>
    </Placemark>
    <Placemark><name>Fire 2019-04-23</name>
      <description>Brightness: 356.8</description>
      <styleUrl>#firepoint</styleUrl>
      <Point><coordinates>76.0709,25.8321,0</coordinates></Point>
    </Placemark>
    <Placemark><name>Fire 2019-05-17</name>
      <description>Brightness: 387.4</description>
      <styleUrl>#firepoint</styleUrl>
      <Point><coordinates>76.1773,25.8465,0</coordinates></Point>
    </Placemark>
    <Placemark><name>Fire 2020-02-10</name>
      <description>Brightness: 312.3</description>
      <styleUrl>#firepoint</styleUrl>
      <Point><coordinates>76.1003,25.9544,0</coordinates></Point>
    </Placemark>
    <Placemark><name>Fire 2020-04-26</name>
      <description>Brightness: 363.8</description>
      <styleUrl>#firepoint</styleUrl>
      <Point><coordinates>75.7518,25.9711,0</coordinates></Point>
    </Placemark>
    <Placemark><name>Fire 2021-02-22</name>
      <description>Brightness: 300.6</description>
      <styleUrl>#firepoint</styleUrl>
      <Point><coordinates>76.1464,25.9274,0</coordinates></Point>
    </Placemark>
    <Placemark><name>Fire 2021-03-03</name>
      <description>Brightness: 335.8</description>
      <styleUrl>#firepoint</styleUrl>
      <Point><coordinates>76.0925,25.9945,0</coordinates></Point>
    </Placemark>
    <Placemark><name>Fire 2021-03-21</name>
      <description>Brightness: 312.8</description>
      <styleUrl>#firepoint</styleUrl>
      <Point><coordinates>76.0071,25.9828,0</coordinates></Point>
    </Placemark>
    <Placemark><name>Fire 2021-04-19</name>
      <description>Brightness: 378.9</description>
      <styleUrl>#firepoint</styleUrl>
      <Point><coordinates>76.1694,25.9838,0</coordinates></Point>
    </Placemark>
    <Placemark><name>Fire 2021-06-03</name>
      <description>Brightness: 316.5</description>
      <styleUrl>#firepoint</styleUrl>
      <Point><coordinates>76.0268,25.9524,0</coordinates></Point>
    </Placemark>
    <Placemark><name>Fire 2021-06-08</name>
      <description>Brightness: 392.8</description>
      <styleUrl>#firepoint</styleUrl>
      <Point><coordinates>75.7487,26.2887,0</coordinates></Point>
    </Placemark>
    <Placemark><name>Fire 2022-06-15</name>
      <description>Brightness: 305.7</description>
      <styleUrl>#firepoint</styleUrl>
      <Point><coordinates>76.1991,25.9527,0</coordinates></Point>
    </Placemark>
    <Placemark><name>Fire 2022-06-17</name>
      <description>Brightness: 353.4</description>
      <styleUrl>#firepoint</styleUrl>
      <Point><coordinates>75.9138,26.0151,0</coordinates></Point>
    </Placemark>
    <Placemark><name>Fire 2023-03-10</name>
      <description>Brightness: 339.7</description>
      <styleUrl>#firepoint</styleUrl>
      <Point><coordinates>75.9199,26.1566,0</coordinates></Point>
    </Placemark>
    <Placemark><name>Fire 2023-03-25</name>
      <description>Brightness: 329</description>
      <styleUrl>#firepoint</styleUrl>
      <Point><coordinates>75.5072,26.1574,0</coordinates></Point>
    </Placemark>
    <Placemark><name>Fire 2023-04-30</name>
      <description>Brightness: 333</description>
      <styleUrl>#firepoint</styleUrl>
      <Point><coordinates>75.5377,25.7704,0</coordinates></Point>
    </Placemark>
    <Placemark><name>Fire 2023-05-05</name>
      <description>Brightness: 306.6</description>
      <styleUrl>#firepoint</styleUrl>
      <Point><coordinates>75.9595,26.1846,0</coordinates></Point>
    </Placemark>
    <Placemark><name>Fire 2023-05-21</name>
      <description>Brightness: 309</description>
      <styleUrl>#firepoint</styleUrl>
      <Point><coordinates>75.9237,26.1365,0</coordinates></Point>
    </Placemark>
    <Placemark><name>Fire 2023-10-08</name>
      <description>Brightness: 316.1</description>
      <styleUrl>#firepoint</styleUrl>
      <Point><coordinates>76.1102,25.9883,0</coordinates></Point>
    </Placemark>
    <Placemark><name>Fire 2024-03-09</name>
      <description>Brightness: 362.6</description>
      <styleUrl>#firepoint</styleUrl>
      <Point><coordinates>75.7456,26.3483,0</coordinates></Point>
    </Placemark>
    <Placemark><name>Fire 2025-03-24</name>
      <description>Brightness: 354</description>
      <styleUrl>#firepoint</styleUrl>
      <Point><coordinates>76.1607,25.8408,0</coordinates></Point>
    </Placemark>
    <Placemark><name>Fire 2025-03-25</name>
      <description>Brightness: 389.5</description>
      <styleUrl>#firepoint</styleUrl>
      <Point><coordinates>76.1684,25.8172,0</coordinates></Point>
    </Placemark>
    <Placemark><name>Fire 2025-03-25</name>
      <description>Brightness: 377.2</description>
      <styleUrl>#firepoint</styleUrl>
      <Point><coordinates>75.9531,25.9537,0</coordinates></Point>
    </Placemark>
    <Placemark><name>Fire 2025-03-29</name>
      <description>Brightness: 315.9</description>
      <styleUrl>#firepoint</styleUrl>
      <Point><coordinates>76.06,26.0334,0</coordinates></Point>
    </Placemark>
    <Placemark><name>Fire 2025-05-01</name>
      <description>Brightness: 305.1</description>
      <styleUrl>#firepoint</styleUrl>
      <Point><coordinates>75.4081,25.7887,0</coordinates></Point>
    </Placemark>
  </Folder>
</Document></kml>